IES;DEPARTAMENTO;MUNICIPIO;TIPO;1998-1;1998-2;1999-1;1999-2;2000-1;2000-2;2001-1;2001-2;2002-1;2002-2;2003-1;2003-2;2004-1;2004-2;2005-1;2005-2;2006-1;2006-2;2007-1;2007-2;2008-1;2008-2;2009-1;2009-2;2010-1;2010-2;2011-1;2011-2;2012-1;2012-2;2013-1;2013-2;2014-1;2014-2;2015-1;2015-2;2016-1;2016-2;2017-1;2017-2;2018-1;2018-2;2019-1;2019-2;2020-1;2020-2;2021-1;2021-2;2022-1;2022-2;2023-1;2023-2;2024-1;2024-2
1101;"Bogotá, d. c.";"Bogotá, D.C.";DESERTORES;0;0;153;398;473;570;753;694;821;870;944;1537;296;1025;1012;997;1042;1100;1124;1090;1305;1138;1159;1189;890;1010;1108;1114;1153;1134;1176;1175;1369;1407;1272;1331;1297;1185;1218;1132;1140;1343;1957;1271;1321;1428;942;668;1323;1223;1005;1439;1595;1237
1102;Antioquia;Medellín;DESERTORES;0;0;98;7;222;224;287;364;448;349;354;1184;84;486;555;595;798;703;703;921;877;802;857;1086;950;806;982;808;810;718;847;784;751;773;750;781;613;858;838;942;907;886;845;863;955;1489;135;421;912;898;767;1281;1260;1013
1103;Caldas;Manizales;DESERTORES;0;0;29;52;64;107;136;161;189;161;226;419;50;217;258;180;195;384;218;363;183;208;369;198;162;206;249;228;246;254;219;270;272;291;236;246;256;226;300;293;276;333;295;272;278;221;210;138;337;318;249;387;357;322
1104;Valle del Cauca;Palmira;DESERTORES;0;0;50;105;102;122;114;141;72;192;28;204;168;175;214;172;145;163;141;117;216;179;0;194;46;131;126;121;119;147;135;148;164;154;104;124;152;125;144;145;186;150;162;174;136;153;86;132;175;209;145;209;181;151
1105;"Bogotá, d. c.";"Bogotá, D.C.";DESERTORES;0;0;240;245;276;282;254;281;311;241;246;250;257;268;311;387;446;419;423;375;512;459;642;840;597;692;646;750;576;749;765;638;1193;1337;613;639;651;698;666;567;685;702;737;777;706;865;448;568;621;764;570;549;540;517
1106;Boyacá;Tunja;DESERTORES;0;0;150;126;530;640;517;492;627;667;621;682;755;765;896;782;684;760;1054;1393;1211;1108;2039;1024;1032;1449;1238;1197;1578;1564;1309;1198;1122;1652;1474;1417;1515;1841;2046;1801;2212;1369;1148;1210;1148;1338;973;1443;1354;1411;1613;1197;1293;1233
1107;Boyacá;Duitama;DESERTORES;0;0;26;76;73;132;30;1186;92;788;1;26;53;89;86;101;120;110;92;99;170;152;148;140;119;188;201;156;134;306;138;153;130;113;183;115;167;135;186;118;166;175;143;162;119;142;124;167;155;164;162;123;113;92
1108;Boyacá;Sogamoso;DESERTORES;0;0;8;38;83;160;33;965;107;89;118;91;95;147;138;206;155;107;77;177;200;197;190;125;140;173;180;175;155;342;150;118;134;334;142;74;122;125;177;103;157;128;149;114;92;147;75;148;128;141;230;147;97;135
1109;Boyacá;Chiquinquirá;DESERTORES;0;0;22;18;65;42;9;21;129;17;24;13;17;26;29;21;48;28;54;53;68;57;71;65;56;64;52;56;56;87;45;53;39;50;66;53;38;44;73;52;58;49;43;71;38;50;17;63;165;71;86;52;32;43
1110;Cauca;Popayán;DESERTORES;0;0;38;52;124;194;236;331;;349;3631;12;396;412;673;781;640;586;704;855;931;535;665;588;636;345;867;791;596;717;550;590;634;824;968;795;704;694;2125;1592;697;1172;667;675;686;;1019;946;1243;778;815;937;991;756
1111;Risaralda;Pereira;DESERTORES;0;0;209;273;201;437;418;340;656;;489;597;704;404;734;881;1094;748;810;834;1019;1013;1174;1175;1312;1189;1547;2074;1439;1883;1324;1297;1598;449;2067;1175;1619;1363;1800;1326;1918;1182;1359;1399;1165;1068;640;1517;1372;1660;1491;1466;1553;1332
1112;Caldas;Manizales;DESERTORES;;;0;0;0;0;0;0;0;0;101;205;175;305;280;478;526;596;595;568;483;702;468;611;587;736;604;655;655;800;752;640;528;890;746;725;868;763;1453;999;861;1008;798;1119;939;1887;1604;540;1546;1422;853;1046;676;1071
1113;Córdoba;Montería;DESERTORES;0;0;315;74;169;229;287;304;354;670;268;320;382;887;482;682;510;516;566;522;798;726;953;798;994;781;1103;879;971;1078;1001;733;687;1043;1038;912;1581;935;2616;954;674;1000;798;1382;1281;544;422;615;852;773;660;629;515;473
1114;Huila;Neiva;DESERTORES;0;0;202;177;203;154;276;151;217;189;352;280;273;307;326;304;320;294;315;312;351;362;407;416;625;462;637;1077;633;684;643;694;1176;1878;817;646;968;1636;982;782;1025;1052;971;1102;1020;1023;839;1474;1119;1112;1189;873;1129;1119
1115;Caquetá;Florencia;DESERTORES;0;0;97;22;101;169;271;292;295;224;248;220;244;301;324;285;399;599;619;472;455;534;455;782;486;506;448;410;464;697;434;563;475;965;558;488;572;618;673;803;675;655;583;748;484;845;347;608;755;682;616;624;584;606
1117;"Bogotá, d. c.";"Bogotá, D.C.";DESERTORES;0;0;72;99;181;162;202;231;275;283;332;392;479;425;543;452;517;440;459;541;1196;988;1687;739;1384;1595;1573;2358;1343;1710;1340;1541;1258;1402;1524;1455;1433;1448;1566;1674;1890;1627;1690;1355;1669;1544;1269;1083;1172;1241;1627;1559;1602;1406
1118;Chocó;Quibdó;DESERTORES;;;;;;;;;;;;;;;;;0;0;143;139;616;471;526;526;585;615;854;569;855;1013;675;874;893;619;689;676;815;700;954;856;1102;1234;1040;260;1060;1079;564;718;675;1765;889;887;1339;964
1119;Meta;Villavicencio;DESERTORES;0;0;68;126;128;201;307;184;241;240;384;327;376;369;371;437;362;416;332;290;353;315;287;494;301;536;318;371;397;441;348;314;301;329;367;317;334;361;442;413;492;484;479;547;365;;555;389;469;481;368;364;391;444
1120;Cesar;Valledupar;DESERTORES;0;0;119;157;300;368;224;172;452;284;436;658;518;570;755;976;667;951;707;1010;573;645;738;857;819;929;916;842;864;1008;985;1907;913;1164;1574;1219;1078;1115;1356;1345;1234;1630;1211;1454;1134;1061;926;1145;1244;1116;1387;941;957;1228
1121;"Bogotá, d. c.";"Bogotá, D.C.";DESERTORES;0;0;23;67;69;74;71;60;44;3;93;93;128;142;197;186;188;215;234;209;399;343;316;321;275;375;279;394;378;405;287;272;441;351;374;361;356;324;296;391;344;366;315;403;358;320;208;269;225;380;383;414;388;365
1122;Valle del Cauca;Buenaventura;DESERTORES;;;;;;0;0;32;85;72;69;90;157;164;113;157;109;146;189;188;191;531;214;502;243;227;213;327;219;325;297;127;217;262;240;296;319;364;283;506;272;278;334;369;220;262;217;272;543;405;205;215;264;345
1123;Cesar;Aguachica;DESERTORES;0;0;5;50;16;166;41;34;232;24;17;40;54;28;53;65;137;64;63;78;121;95;96;107;134;157;180;152;123;155;119;148;81;174;110;222;125;142;201;141;209;168;210;176;236;171;134;217;254;269;256;200;288;318
1124;Arauca;Arauca;DESERTORES;0;0;3;3;3;7;5;2;3;17;26;5;4;34;2;0;2;0;0;0;0;;;;;;;;;;;;;;;;;;;;;;;;;;;;;;;;;
1125;Amazonas;Leticia;DESERTORES;;;;;0;0;4;4;0;0;0;1;0;1;0;3;;;;;;;;;;;;;;;;;;;;;;;;;;;;;;;;;;;;;;
1201;Antioquia;Medellín;DESERTORES;0;0;697;221;502;725;892;1527;1516;1335;1764;1808;1926;2517;1524;2296;2133;1787;2314;4454;2761;2217;2299;2837;2846;4130;3539;3055;3422;2516;3410;3216;3120;3190;3586;3380;3314;1865;3446;6434;3182;3025;3512;3335;3346;3498;2536;942;3320;2587;3363;1694;3767;3338
1202;Atlántico;Puerto Colombia;DESERTORES;0;0;186;358;200;180;430;1511;354;498;970;872;160;525;823;800;1219;1144;1476;1463;1510;1835;1854;1957;1663;1569;1526;1898;4026;1920;1820;2141;1856;2720;2314;2079;2349;2960;2482;2712;3002;5835;2809;4454;3384;1934;2173;2209;2809;0;2573;1778;1872;1841
1203;Valle del Cauca;Cali;DESERTORES;0;0;53;328;172;684;516;1032;1105;1482;1305;1781;1454;1625;1759;2103;2142;2102;2145;10203;1393;1577;2099;3098;1919;1907;2168;1900;2273;1676;2134;1901;1880;1929;2006;1926;1935;1614;1946;1653;1786;1627;2187;2660;2347;1999;1273;2969;1588;2974;2336;2166;2293;2647
1204;Santander;Bucaramanga;DESERTORES;0;0;39;1;10;3;57;4;307;287;417;473;525;700;704;781;1313;955;993;1047;1341;1158;1215;1236;1475;1304;1251;1474;1482;1311;1590;1496;1313;1188;875;1921;1467;1730;1882;988;1071;1531;1108;1109;994;893;518;693;926;1172;1375;1440;1474;1437
1205;Bolívar;Cartagena de Indias;DESERTORES;0;0;22;35;33;30;25;1131;389;343;431;372;519;475;553;492;608;583;601;1227;1018;753;1295;973;963;959;1605;1464;1987;1953;2062;2380;1851;1643;2161;1946;1847;1701;1721;1621;1455;1486;1521;1687;1433;1386;718;1143;1230;633;1663;1528;1785;1619
1206;Nariño;Pasto;DESERTORES;0;0;13;27;25;25;28;39;16;44;23;49;70;96;52;107;92;96;107;113;295;238;342;759;535;810;688;514;514;787;732;765;824;620;693;616;864;671;852;681;813;735;756;693;1010;694;931;537;910;1060;832;857;775;681
1207;Tolima;Ibagué;DESERTORES;0;0;96;120;134;157;162;62;961;218;419;448;638;1066;662;766;554;937;510;548;804;684;2204;3822;5408;3838;5092;2968;5148;2656;5038;5336;1083;1793;2045;2033;1798;1325;1756;3242;1620;1374;1434;1858;1356;1924;984;1590;2541;3046;3053;1693;1747;1719
1208;Quindío;Armenia;DESERTORES;0;0;0;0;0;0;169;234;323;284;402;408;476;609;710;767;859;956;844;762;952;826;1321;1521;1203;1706;1589;1362;1357;1436;1429;1476;1443;1615;1554;3314;1832;1525;2691;1904;373;3354;2218;1326;1105;1333;842;1088;1064;1360;1584;1444;1472;1317
1209;Norte de Santander;Cúcuta;DESERTORES;0;0;229;2495;743;303;178;352;397;489;608;673;727;1221;633;1106;967;1216;1052;3472;1185;924;852;928;1156;995;1043;1388;1438;1546;2103;1568;1024;1189;1140;1118;844;1014;1575;1133;1079;991;997;970;968;863;405;464;580;981;1265;872;1119;809
1210;Norte de Santander;Ocaña;DESERTORES;0;0;31;29;12;13;18;112;858;442;84;97;575;140;159;277;415;154;571;745;297;354;288;261;402;250;394;352;551;580;440;360;439;657;538;468;579;485;482;435;363;308;311;275;279;258;155;148;207;298;332;298;298;274
1212;Norte de Santander;Pamplona;DESERTORES;0;0;28;55;47;50;314;184;661;572;692;872;1102;1395;2031;2421;1862;2178;2150;3013;4740;4380;5741;3677;3284;4531;2441;2157;2259;2562;1903;2034;1553;1842;2493;1987;2354;2001;2335;2491;1926;2106;1581;1946;1235;1582;800;1166;1105;1676;1115;1259;1521;1236
1213;Magdalena;Santa Marta;DESERTORES;0;0;0;0;34;123;179;145;213;123;209;492;347;411;541;815;958;796;842;915;1052;840;982;1954;1584;1334;1175;1789;1530;1756;1877;2195;1848;2653;1879;1690;2166;2077;1874;1160;1279;1061;968;921;1014;779;328;803;1402;1287;1171;2220;1712;2082
1214;Cundinamarca;Fusagasugá;DESERTORES;0;0;1024;273;408;422;369;276;422;409;491;448;599;554;556;703;671;216;471;1003;569;728;759;683;775;1099;654;664;709;741;614;696;811;889;906;883;941;932;847;1052;1459;851;930;1067;744;777;573;538;919;796;689;833;664;653
1215;Cundinamarca;Girardot;DESERTORES;0;0;185;127;141;138;129;129;133;117;132;105;172;147;142;162;278;3;145;151;77;91;61;115;153;186;118;141;154;165;133;172;129;201;192;179;210;192;508;157;130;156;160;161;81;88;55;66;73;139;78;67;81;81
1216;Cundinamarca;Villa de San Diego de Ubaté;DESERTORES;0;0;74;0;44;61;46;29;39;43;54;53;40;53;43;40;79;7;15;61;28;24;43;31;40;47;38;33;43;42;23;28;28;28;28;42;31;37;49;31;40;40;35;35;30;40;30;28;39;36;48;36;40;32
1217;Sucre;Sincelejo;DESERTORES;0;0;0;0;0;0;;;;;2;0;53;85;152;124;169;162;177;193;188;315;251;281;242;305;277;313;263;349;361;394;350;656;270;358;252;353;428;436;349;288;276;235;261;247;167;214;299;279;274;295;261;235
1218;La Guajira;Riohacha;DESERTORES;0;0;48;57;211;19;2300;84;204;243;370;355;327;451;588;589;520;537;604;750;873;950;953;712;869;947;995;1083;1040;1000;980;1041;965;1490;1468;1193;1329;1574;1796;2433;1440;1637;1550;1772;2011;;1777;1789;1306;1498;1366;1202;1265;1174
1219;Antioquia;El Carmen de Viboral;DESERTORES;;;;0;0;5;8;7;23;20;36;71;38;37;24;55;84;76;72;62;78;62;89;68;126;86;54;81;23;28;39;46;49;68;60;236;50;102;39;142;24;30;46;33;63;22;75;14;31;19;28;10;27;32
1220;Antioquia;Andes;DESERTORES;;;;0;0;5;2;17;9;1;16;32;27;13;20;11;33;31;31;34;42;32;36;43;67;31;50;85;48;18;53;15;19;82;34;28;52;37;32;50;25;12;19;13;38;13;18;8;16;28;7;;;
1221;Antioquia;Caucasia;DESERTORES;0;0;9;4;2;1;1;6;0;14;26;8;28;23;21;39;51;53;49;55;55;94;59;45;91;67;38;194;36;46;55;29;30;57;19;16;23;25;13;61;21;23;17;11;18;21;14;9;26;23;8;;;
1222;Antioquia;Puerto Berrío;DESERTORES;0;0;0;4;0;1;1;;3;1;4;3;18;14;15;26;14;12;9;7;20;5;7;7;14;17;34;54;9;6;7;6;25;6;14;4;4;2;1;5;1;3;4;2;4;2;9;2;4;2;2;;;
1223;Antioquia;Turbo;DESERTORES;0;0;11;3;5;3;14;5;10;15;9;9;30;30;22;33;34;54;30;33;37;58;93;65;124;94;43;69;58;91;94;129;57;72;74;68;53;51;34;32;15;35;46;27;22;23;20;11;19;14;28;19;28;42
1301;"Bogotá, d. c.";"Bogotá, D.C.";DESERTORES;0;0;532;823;972;984;1463;1478;1252;1465;1099;1145;4529;1760;1808;1721;1916;1904;1607;1171;2067;1784;1423;993;1308;1578;2516;2875;1273;3467;1996;2650;4239;2755;1972;1951;1924;1844;2568;4554;3751;2722;773;2914;1861;922;1670;1564;2463;834;326;3610;3513;2932
1701;"Bogotá, d. c.";"Bogotá, D.C.";DESERTORES;0;0;130;188;299;395;450;457;530;638;739;685;754;716;891;1453;953;1109;1053;1415;1452;1602;1878;1729;1477;1299;1589;2018;1254;1430;1256;1208;1250;1286;1250;1275;1180;1213;1734;1000;1252;1178;1074;1040;1078;1080;1043;811;874;873;1038;1053;983;891
1702;Valle del Cauca;Cali;DESERTORES;0;0;102;196;266;294;299;328;342;431;448;422;421;415;409;396;407;479;401;426;416;438;449;433;455;449;373;399;411;477;472;527;426;550;512;483;555;551;594;465;476;465;445;453;397;434;345;308;381;417;372;358;423;333
1703;"Bogotá, d. c.";"Bogotá, D.C.";DESERTORES;0;0;174;197;266;256;254;211;273;215;336;316;325;378;439;299;301;279;356;767;332;377;439;499;552;495;564;535;613;637;567;656;576;516;580;482;325;537;539;442;449;403;352;396;520;149;156;164;136;130;97;137;93;211
1704;"Bogotá, d. c.";"Bogotá, D.C.";DESERTORES;0;0;147;221;295;292;453;430;3832;141;261;226;336;277;482;356;445;412;509;551;782;943;1233;1225;1149;1317;1308;1217;1286;1500;1136;1198;1292;811;1749;1346;1761;1827;2604;1987;1912;1669;1897;1760;1602;1597;1300;1318;1584;1365;1630;1507;1552;1251
1705;Santander;Bucaramanga;DESERTORES;0;0;85;141;189;161;214;216;256;172;232;288;310;274;296;335;345;269;336;338;381;375;526;520;578;516;909;583;440;816;443;605;458;520;468;448;446;577;510;487;482;792;376;430;394;598;449;538;472;689;366;501;378;474
1706;"Bogotá, d. c.";"Bogotá, D.C.";DESERTORES;0;0;133;99;146;215;339;489;183;361;294;484;717;259;730;218;764;747;643;679;634;791;702;836;811;854;698;706;715;897;677;651;575;664;542;596;551;616;526;718;548;700;697;599;424;517;308;459;372;443;335;455;315;455
1707;"Bogotá, d. c.";"Bogotá, D.C.";DESERTORES;0;0;395;473;628;418;469;396;356;296;333;374;449;460;553;748;648;638;630;515;985;831;1065;1021;950;1063;1036;1130;1204;1058;1030;981;1055;928;957;1256;908;1066;834;909;1200;556;572;496;557;573;659;420;429;432;353;407;372;407
1708;Bolívar;Cartagena de Indias;DESERTORES;0;0;82;92;84;76;72;88;83;87;80;96;72;55;71;57;78;67;79;126;164;127;172;180;179;161;170;196;197;166;137;104;98;104;92;66;58;45;50;60;35;25;38;38;27;21;24;24;20;11;;;;
1709;"Bogotá, d. c.";"Bogotá, D.C.";DESERTORES;0;0;376;466;569;581;586;586;700;570;646;634;797;849;918;698;614;622;751;2074;719;886;890;836;867;857;851;821;920;883;912;3125;841;770;787;822;791;837;937;960;1023;1030;1020;947;806;755;795;438;510;470;473;458;472;430
1710;Antioquia;Medellín;DESERTORES;0;0;2054;235;461;292;486;36;343;965;376;805;532;489;566;1274;721;1180;836;785;775;1035;971;865;934;899;1088;1040;969;1117;1007;946;1494;1374;1517;1784;1606;1908;1124;1129;1105;1006;971;1071;855;839;715;689;685;1293;782;697;655;652
1711;Cundinamarca;Chía;DESERTORES;0;0;96;189;269;342;397;396;475;390;427;102;258;469;515;532;550;551;554;405;431;316;411;383;410;445;521;449;589;451;508;521;479;388;375;529;393;317;489;373;475;494;634;418;374;290;269;369;192;338;269;385;335;292
1712;Antioquia;Medellín;DESERTORES;0;0;168;167;256;722;323;349;396;389;424;432;490;455;588;422;549;536;353;297;399;373;455;501;503;433;459;487;521;462;503;524;548;573;546;506;663;548;703;621;672;657;627;518;562;433;369;352;417;333;528;392;463;328
1713;Atlántico;Barranquilla;DESERTORES;;;;;;;;;0;0;299;256;388;366;459;337;501;458;487;411;400;385;375;407;465;392;454;362;457;398;418;382;381;393;583;476;615;488;572;925;612;548;569;548;530;567;464;392;380;460;517;464;470;482
1714;"Bogotá, d. c.";"Bogotá, D.C.";DESERTORES;;;0;0;38;108;109;132;169;216;240;280;366;449;472;405;389;380;488;484;668;771;866;822;666;726;719;671;672;605;611;606;651;624;595;633;776;558;589;600;618;661;314;559;505;412;517;349;383;505;460;460;651;486
1715;"Bogotá, d. c.";"Bogotá, D.C.";DESERTORES;0;0;283;7;107;103;149;136;120;138;164;126;152;172;129;135;153;123;134;169;111;96;119;144;144;147;164;131;177;120;154;137;128;142;212;197;198;172;245;180;215;159;149;101;134;86;109;136;146;158;137;121;144;111
1716;Valle del Cauca;Cali;DESERTORES;0;0;361;498;527;502;473;490;428;397;388;393;381;329;407;355;374;299;269;274;286;316;314;342;316;334;396;362;409;376;369;444;372;414;346;369;343;381;545;483;330;434;366;224;311;297;361;196;274;240;273;273;178;366
1717;Antioquia;Medellín;DESERTORES;;;0;0;538;313;256;173;237;144;180;127;159;135;181;189;188;225;273;312;338;408;522;432;476;384;396;429;516;366;353;384;427;400;466;780;416;338;417;449;537;497;455;654;398;521;427;298;358;315;350;339;287;246
1718;"Bogotá, d. c.";"Bogotá, D.C.";DESERTORES;;;;;;;0;0;143;161;241;243;282;247;213;220;216;283;268;315;349;400;483;502;547;497;543;838;414;519;467;373;424;757;1669;244;283;308;380;468;305;304;243;185;178;240;287;171;182;194;206;253;199;232
1719;"Bogotá, d. c.";"Bogotá, D.C.";DESERTORES;0;0;448;586;554;621;618;672;901;728;889;915;974;1225;982;928;1191;1010;1180;1678;1322;1340;1303;317;2026;1154;1217;1024;1012;980;1028;1065;1035;1001;1007;932;1042;953;937;1054;954;1003;942;802;811;738;782;704;697;707;587;695;594;636
1720;Nariño;Pasto;DESERTORES;;;0;0;25;59;367;537;192;103;111;137;253;194;186;301;181;212;204;253;258;219;425;625;392;289;492;520;452;481;348;359;277;338;302;372;356;357;342;369;365;348;416;360;441;462;518;381;454;332;404;250;321;384
1722;Caldas;Manizales;DESERTORES;0;0;57;118;137;182;213;217;270;285;229;248;255;282;257;256;257;310;193;236;185;271;220;248;232;264;200;206;262;259;203;204;175;369;188;212;275;431;315;554;350;506;389;693;378;513;395;484;366;599;375;511;454;462
1723;Santander;Bucaramanga;DESERTORES;0;0;265;40;129;67;122;74;130;61;143;142;192;228;155;198;206;208;189;303;289;344;328;337;364;371;366;326;401;363;422;356;407;372;395;347;401;371;351;528;333;273;384;325;343;280;325;247;304;332;280;266;268;247
1724;Bolívar;Cartagena de Indias;DESERTORES;0;0;1734;258;28;3;316;272;423;375;452;349;415;307;393;293;276;188;251;204;248;183;266;249;206;260;234;210;182;232;240;230;216;219;231;212;201;193;207;169;197;165;206;150;187;190;247;134;176;130;234;278;235;271
1725;"Bogotá, d. c.";"Bogotá, D.C.";DESERTORES;0;0;139;188;222;239;240;289;379;367;382;427;449;507;465;539;509;577;597;528;606;634;731;795;919;950;667;767;765;758;876;822;916;812;1112;1602;274;611;814;740;750;403;705;633;973;295;546;175;226;200;200;166;140;
1726;Antioquia;Rionegro;DESERTORES;0;0;92;176;173;279;206;191;182;244;234;232;190;323;271;282;269;235;242;273;258;213;290;250;290;278;286;261;283;284;499;556;496;464;489;653;552;474;509;508;443;423;405;456;455;429;376;392;395;364;392;376;406;371
1727;Córdoba;Montería;DESERTORES;0;0;236;74;70;64;96;116;154;134;168;140;200;154;177;142;131;241;129;110;129;147;147;153;185;167;150;184;139;184;202;200;215;153;172;142;156;141;155;127;150;167;131;95;140;114;119;115;116;161;148;155;190;180
1728;"Bogotá, d. c.";"Bogotá, D.C.";DESERTORES;0;0;302;242;56;14;36;23;46;230;218;245;276;241;239;280;337;324;320;333;397;494;500;520;527;507;526;538;586;553;689;708;642;942;609;603;609;631;690;579;805;670;704;607;669;714;648;549;610;645;713;911;694;620
1729;"Bogotá, d. c.";"Bogotá, D.C.";DESERTORES;0;0;46;124;104;86;140;303;343;307;327;322;279;321;287;325;474;480;306;337;380;344;407;425;475;484;543;505;521;484;490;528;591;564;636;589;574;559;743;849;780;665;683;675;756;728;668;550;712;780;947;802;824;798
1730;Valle del Cauca;Palmira;DESERTORES;;;;;;;;;0;0;5;3;0;13;2;6;1;24;2;3;12;16;21;17;4;18;14;14;17;19;17;24;15;17;8;9;21;15;14;11;20;20;18;8;17;28;13;24;10;24;13;14;22;23
1731;Cundinamarca;Chía;DESERTORES;;;;;;;;;;;0;0;41;61;138;150;208;111;223;653;18;42;402;39;;;;;;;;;;;;;;;;;;;;;;;;;;;;;;
1732;Boyacá;Tunja;DESERTORES;0;0;22;12;27;37;93;85;92;119;132;118;106;136;151;418;102;115;89;98;140;131;200;177;162;134;175;243;218;359;228;202;272;238;293;291;227;228;203;358;332;256;211;234;219;311;266;232;224;283;218;393;306;250
1733;Magdalena;Santa Marta;DESERTORES;0;0;15;20;4;1;5;1;7;4;3;7;39;15;96;93;121;99;88;107;91;116;167;124;143;127;158;146;140;140;154;235;205;169;168;164;162;132;140;155;161;247;166;155;179;201;193;173;222;181;180;190;197;183
1734;Boyacá;Tunja;DESERTORES;0;0;1705;143;161;199;373;223;495;359;445;386;557;593;438;295;397;274;326;198;179;211;235;268;332;312;357;304;343;403;463;443;545;495;466;466;532;473;543;547;586;534;533;466;487;510;476;208;298;277;379;333;403;387
1735;"Bogotá, d. c.";"Bogotá, D.C.";DESERTORES;0;0;37;135;193;162;189;323;336;277;489;440;546;573;573;436;590;534;439;407;484;582;674;594;627;769;762;619;676;774;839;809;613;1333;651;1127;1061;959;1179;1094;1265;1139;1002;831;900;750;890;772;512;604;589;661;799;809
1801;"Bogotá, d. c.";"Bogotá, D.C.";DESERTORES;0;0;488;173;364;230;516;233;532;221;694;275;808;324;822;380;442;641;494;1017;666;964;959;1168;1065;1184;1092;1738;1123;1233;1179;1430;1315;1480;1466;1417;1333;1423;1548;1361;1249;1387;1330;1848;1334;1420;1590;814;779;926;805;991;714;739
1802;Quindío;Armenia;DESERTORES;0;0;74;121;20;61;91;86;109;160;202;236;162;260;178;308;163;345;191;494;190;141;479;245;273;228;273;214;259;226;220;267;166;267;177;198;219;151;447;233;242;214;201;204;233;214;219;196;257;224;156;229;209;244
1803;"Bogotá, d. c.";"Bogotá, D.C.";DESERTORES;0;0;14;25;38;52;52;58;97;110;124;447;616;708;960;1099;816;679;427;600;1025;1127;1130;1144;1375;1343;1337;1326;1417;1533;1688;1648;1645;1554;1418;1450;1572;1499;1210;1066;1067;956;955;865;842;990;788;711;697;731;680;663;704;626
1804;Atlántico;Barranquilla;DESERTORES;0;0;398;440;583;487;619;558;856;668;832;1030;874;810;816;835;710;605;767;788;763;904;1077;1042;1065;1049;1035;1163;1057;1066;1116;1158;1047;1039;1220;1389;1059;1036;987;1124;881;1051;1357;746;899;794;956;416;649;576;722;626;716;571
1805;Valle del Cauca;Cali;DESERTORES;0;0;245;743;750;898;768;1025;1103;691;704;961;1148;964;1079;938;793;698;698;692;899;1118;1091;1385;1111;1155;1215;1617;1349;1063;1058;1125;1117;1383;1562;1276;1334;1231;1365;2336;3776;2035;2087;1373;1237;1712;1601;822;1067;1163;1274;1287;1437;1492
1806;"Bogotá, d. c.";"Bogotá, D.C.";DESERTORES;0;0;2733;144;1565;596;240;255;877;344;817;376;1936;1268;562;663;593;1050;1040;4066;771;1250;942;1241;885;1295;753;1387;865;1460;866;1325;869;1237;832;1185;802;1145;1032;1060;722;957;609;969;627;984;592;811;511;784;522;855;533;741
1807;Valle del Cauca;Cali;DESERTORES;0;0;58;328;123;258;333;109;156;524;113;607;373;352;490;612;678;524;458;649;388;483;600;952;375;559;264;693;286;411;281;400;255;436;243;423;321;513;286;237;494;766;318;423;326;567;423;441;364;331;334;330;271;288
1808;Atlántico;Barranquilla;DESERTORES;0;0;76;53;212;111;205;175;256;183;449;276;575;143;466;259;504;114;451;304;274;363;224;269;110;268;129;263;117;211;175;245;186;267;183;233;161;312;270;979;407;213;205;403;238;461;279;404;239;419;269;424;265;419
1809;Risaralda;Pereira;DESERTORES;0;0;280;1058;419;196;437;159;501;132;369;157;436;162;314;113;390;139;481;149;176;330;310;363;260;488;333;458;209;454;280;398;277;541;292;338;255;425;562;717;243;424;208;331;187;272;207;252;192;301;198;307;204;204
1810;Norte de Santander;Cúcuta;DESERTORES;0;0;29;84;59;130;81;141;51;120;62;146;50;150;28;134;41;161;20;253;29;171;43;190;53;188;95;189;71;194;98;202;81;232;106;206;143;259;148;289;150;307;152;267;149;264;168;261;145;194;128;188;125;196
1811;Santander;Socorro;DESERTORES;0;0;27;49;22;73;75;86;45;73;30;66;19;85;32;78;40;92;54;110;58;116;18;146;55;139;64;121;49;147;66;177;65;174;65;148;68;161;88;162;76;172;68;162;91;189;73;162;74;147;41;100;38;93
1812;Antioquia;Medellín;DESERTORES;0;0;724;549;717;664;544;589;728;719;674;872;699;861;657;737;628;803;662;638;837;907;726;778;775;939;963;963;1031;1024;963;1218;1005;1090;904;906;1026;833;990;912;990;870;808;768;876;750;640;574;590;576;634;547;564;471
1813;"Bogotá, d. c.";"Bogotá, D.C.";DESERTORES;0;0;374;347;510;392;573;418;473;394;472;386;477;398;497;467;548;455;501;399;617;629;654;680;815;1047;823;544;684;2262;944;970;952;949;1059;785;1369;987;1187;1015;996;962;958;726;929;833;816;719;825;848;785;800;694;702
1814;Antioquia;Medellín;DESERTORES;0;0;10;186;29;329;46;330;58;527;54;404;48;310;31;222;24;293;3;364;22;261;496;131;76;184;155;169;204;226;219;235;244;316;292;323;373;441;396;569;330;333;379;302;346;326;318;350;331;311;356;264;293;259
1815;"Bogotá, d. c.";"Bogotá, D.C.";DESERTORES;0;0;7;13;22;32;40;39;90;75;82;124;553;581;633;636;555;517;671;390;477;524;630;613;532;519;490;444;537;523;580;522;469;546;509;491;494;672;1;918;492;442;425;312;335;359;425;228;352;263;253;244;301;327
1816;Antioquia;Medellín;DESERTORES;0;0;476;175;236;226;21;486;422;161;215;314;256;279;378;371;293;259;877;524;461;673;345;405;360;581;433;759;555;460;448;364;390;386;402;362;378;337;358;336;315;313;346;312;304;287;334;271;344;385;287;321;309;270
1817;Santander;Bucaramanga;DESERTORES;0;0;212;422;373;392;680;434;340;416;378;469;396;401;379;353;354;392;406;425;480;518;465;380;676;581;443;503;475;509;684;536;511;500;370;394;497;326;404;424;372;320;357;278;311;267;331;195;245;256;263;217;240;231
1818;"Bogotá, d. c.";"Bogotá, D.C.";DESERTORES;0;0;889;1153;1365;1143;1234;1173;1476;1444;1589;1711;1846;1668;1993;1778;2062;2146;2101;4529;2699;2732;2779;3014;2689;3271;3045;6844;2563;3541;2921;3371;3601;3650;3332;3146;3844;3237;3199;3127;3343;3089;2870;2723;2550;2777;3077;2042;2233;2456;2118;1998;1849;1781
1819;Santander;Barrancabermeja;DESERTORES;0;0;111;19;49;32;61;71;90;69;93;105;102;123;194;183;81;192;139;223;93;87;90;97;111;236;76;112;150;128;98;143;154;154;110;123;109;110;139;132;139;97;78;83;98;102;115;81;100;85;42;46;37;26
1820;Magdalena;Santa Marta;DESERTORES;0;0;134;62;186;57;114;593;109;42;55;424;220;395;228;138;200;104;108;137;165;522;316;383;290;322;438;760;324;283;281;264;312;302;272;277;229;273;308;262;332;285;250;282;261;260;351;177;236;190;214;284;285;219
1822;Cundinamarca;Girardot;DESERTORES;0;0;0;2;3;0;3;5;8;11;6;17;83;50;68;48;29;44;38;74;64;40;62;49;91;52;42;53;62;55;87;89;96;93;104;84;113;136;160;143;128;147;107;132;107;123;152;92;70;97;78;82;84;85
1823;Santander;Bucaramanga;DESERTORES;0;0;5623;157;241;285;354;268;427;150;293;352;346;340;256;268;251;338;172;149;331;314;446;390;472;749;564;1133;636;1515;692;738;781;775;816;820;1030;722;910;946;986;844;914;891;876;953;842;764;768;782;718;735;733;681
1824;Atlántico;Barranquilla;DESERTORES;0;0;78;73;91;77;192;106;155;209;149;185;558;373;307;220;217;242;238;202;193;252;241;245;220;250;302;367;590;432;496;423;121;206;354;276;193;181;188;214;187;151;314;149;100;134;163;54;67;78;87;131;111;114
1825;Caldas;Manizales;DESERTORES;0;0;1072;113;194;123;129;91;149;104;249;261;154;321;162;122;129;197;129;112;251;232;249;247;344;284;345;462;442;486;471;422;437;382;471;447;372;452;549;671;601;504;657;509;583;499;423;429;337;425;364;333;304;291
1826;"Bogotá, d. c.";"Bogotá, D.C.";DESERTORES;;;;;;;0;0;1;4;1;2335;215;344;518;466;548;526;647;2945;1614;2603;1506;1967;1791;1726;1493;1649;1490;1973;1518;1471;1539;1476;1890;1935;1495;1497;1660;1535;1442;1321;1233;1058;1169;1100;1055;711;938;981;1042;925;824;778
1827;Caldas;Manizales;DESERTORES;0;0;32;170;55;116;115;116;156;124;74;93;91;115;121;145;86;95;75;58;53;76;78;77;97;85;78;133;187;147;190;157;181;269;150;184;112;227;110;365;114;208;194;170;117;119;142;243;106;174;85;130;63;110
1828;Valle del Cauca;Cali;DESERTORES;0;0;0;49;212;0;172;165;146;128;124;126;146;178;165;191;175;204;181;220;220;494;312;303;316;297;301;347;244;348;355;315;316;360;320;333;390;358;422;404;452;313;342;267;242;248;165;169;198;191;211;243;199;204
1829;Valle del Cauca;Palmira;DESERTORES;;;;;;;;;;;;0;0;8;6;29;21;26;58;32;53;64;74;153;93;62;77;158;34;267;484;51;60;78;61;290;112;87;137;183;129;191;34;117;120;130;112;102;177;124;116;102;112;104
1830;Valle del Cauca;Cali;DESERTORES;0;0;175;321;403;358;380;444;458;411;347;425;425;471;492;462;544;583;486;904;534;560;646;696;757;706;675;709;662;798;812;801;785;995;856;779;868;786;923;1013;895;908;863;863;873;857;807;642;676;533;603;597;602;475
1831;Tolima;Ibagué;DESERTORES;0;0;80;101;137;125;154;166;207;168;215;238;337;324;344;342;389;407;399;385;455;420;536;499;600;519;632;538;615;671;735;646;627;660;682;557;652;578;714;725;706;637;547;521;541;507;446;328;405;397;380;420;371;342
1832;Bolívar;Cartagena de Indias;DESERTORES;0;0;295;260;284;295;240;257;292;250;228;177;228;203;241;242;262;251;367;301;294;293;353;229;268;326;523;622;786;731;940;598;459;529;518;464;689;541;689;802;827;808;666;784;692;529;446;302;365;336;264;303;329;316
1833;Córdoba;Montería;DESERTORES;0;0;182;140;289;365;368;453;587;550;447;608;459;706;328;526;340;533;332;543;360;504;415;469;379;480;427;482;444;462;444;532;513;440;533;479;570;546;559;720;643;608;639;673;655;710;682;614;601;553;516;477;613;446
1834;Bolívar;Cartagena de Indias;DESERTORES;;;0;0;15;2;12;21;13;42;39;32;59;54;41;56;49;57;54;74;61;69;77;80;101;116;131;103;121;135;141;124;153;151;187;177;186;172;178;189;177;235;281;304;418;525;636;241;282;344;331;370;419;405
1835;"Bogotá, d. c.";"Bogotá, D.C.";DESERTORES;0;0;120;150;146;114;129;151;176;219;269;255;257;236;276;257;294;200;284;457;421;338;795;277;397;425;604;380;472;577;914;139;670;643;535;545;528;423;618;374;470;440;366;357;382;344;360;210;314;276;285;288;235;270
2102;"Bogotá, d. c.";"Bogotá, D.C.";DESERTORES;0;0;842;1593;1573;1483;2056;2195;2755;2563;3650;4018;4186;4989;5029;10393;5950;2793;3859;6788;870;10555;8070;8649;11512;10178;10436;8891;11070;9923;12394;12708;12390;12908;13657;11815;13003;11702;15961;11128;13599;9760;12507;12167;11980;14608;11291;11947;9866;11941;16887;14631;18675;18205
2104;"Bogotá, d. c.";"Bogotá, D.C.";DESERTORES;0;0;42;39;79;162;142;380;260;266;241;282;387;214;425;291;392;327;337;1654;125;164;267;334;528;941;661;900;1108;2000;493;850;1280;1786;771;427;1020;572;967;1197;917;795;733;688;816;500;512;774;2423;2711;1720;1825;1463;1025
2106;"Bogotá, d. c.";"Bogotá, D.C.";DESERTORES;0;0;0;0;0;0;;;;;0;1;0;0;;0;0;2;0;0;159;1425;76;45;40;137;1173;233;411;2905;2;660;350;1502;208;4942;2217;2;48;382;155;106;181;33;441;500;84;98;232;151;139;193;122;434
2110;Antioquia;Medellín;DESERTORES;0;0;4;185;71;78;121;176;151;127;167;143;169;147;175;190;214;136;247;142;253;208;193;186;181;174;239;232;262;267;311;229;220;288;244;286;257;337;312;381;425;240;486;522;504;681;390;483;581;611;543;545;487;500
2114;Valle del Cauca;Cali;DESERTORES;0;0;8;8;26;36;46;90;174;142;118;120;56;32;90;83;47;75;67;76;78;86;85;40;186;1;134;11;183;108;130;126;128;121;150;133;165;220;240;258;258;322;276;308;229;294;215;161;155;189;132;192;175;181
2206;Valle del Cauca;Cali;DESERTORES;0;0;9;17;13;28;15;31;30;30;29;31;45;46;35;31;48;37;43;46;36;40;57;102;54;40;56;49;68;69;74;87;82;55;73;103;79;74;105;161;78;66;51;53;83;52;31;79;69;60;60;71;69;66
2207;Santander;Barrancabermeja;DESERTORES;0;0;336;98;213;63;256;264;263;201;266;283;361;54;119;1229;121;107;132;632;263;241;241;277;284;304;366;350;700;450;375;287;458;381;499;540;555;603;696;697;659;560;534;537;503;432;283;331;424;516;396;454;450;520
2208;Tolima;Ibagué;DESERTORES;0;0;0;0;0;1;0;1;16;10;12;5;11;18;32;13;21;13;13;16;20;32;15;24;17;27;31;43;24;27;27;44;29;43;28;22;23;19;19;19;25;11;11;17;20;18;6;46;33;51;34;34;44;31
2209;Antioquia;Medellín;DESERTORES;0;0;1036;1113;1124;1103;1127;1235;1138;954;1332;1495;1131;1166;1880;1496;1238;1315;1545;2731;5591;1142;4464;1231;1949;1701;1564;1586;1669;1963;1595;2762;1750;2029;2081;2802;1956;2274;1525;3345;2009;2096;1476;1469;1508;1307;1408;1075;1454;1138;1006;1335;1294;1053
2211;Bolívar;Cartagena de Indias;DESERTORES;;;;;;;;0;0;30;32;0;0;144;63;56;63;37;62;55;46;55;67;59;64;73;67;75;74;104;87;109;101;120;105;117;107;120;77;110;121;129;127;127;136;126;79;87;151;133;138;116;146;130
2301;Valle del Cauca;Tuluá;DESERTORES;0;0;63;9;43;12;66;58;139;82;166;129;176;146;252;193;239;188;213;165;312;261;336;313;316;288;341;362;337;307;465;300;339;405;314;236;304;271;351;179;238;298;528;431;359;322;231;220;258;369;355;293;329;289
2302;Antioquia;Envigado;DESERTORES;0;0;10;22;165;117;207;98;120;80;184;118;184;139;199;93;201;235;327;241;282;491;277;292;476;787;794;324;501;374;411;240;349;444;483;358;333;235;464;452;379;378;402;305;436;337;414;313;369;463;801;489;420;410
2701;"Bogotá, d. c.";"Bogotá, D.C.";DESERTORES;0;0;0;0;9;0;0;11;31;32;81;68;60;60;45;40;31;37;39;36;56;33;50;44;138;88;81;73;108;102;104;108;117;135;90;144;113;100;150;79;84;71;76;90;76;87;62;89;76;81;107;105;138;104
2702;"Bogotá, d. c.";"Bogotá, D.C.";DESERTORES;0;0;2;2;3;13;64;49;78;72;123;101;84;86;81;62;84;67;72;100;81;98;54;130;59;81;103;84;102;111;103;88;82;103;143;102;109;116;95;96;88;96;106;97;85;111;79;70;67;101;136;155;139;170
2704;"Bogotá, d. c.";"Bogotá, D.C.";DESERTORES;0;0;15;19;24;27;38;24;37;27;31;42;57;36;31;2;77;33;35;15;45;19;23;15;27;12;30;21;20;29;24;28;22;45;43;40;53;48;56;56;54;40;42;35;39;36;23;23;39;30;30;53;39;34
2707;"Bogotá, d. c.";"Bogotá, D.C.";DESERTORES;0;0;3;1;6;2;63;22;133;41;92;63;149;32;98;48;222;34;142;38;228;63;102;104;77;87;75;76;69;54;53;39;34;35;41;33;32;55;37;41;22;69;33;32;27;27;26;34;33;40;38;42;47;37
2708;Antioquia;Medellín;DESERTORES;0;0;3;12;5;0;29;9;7;3;34;41;66;33;90;24;56;60;71;89;111;82;77;107;173;93;106;131;100;120;110;204;131;123;153;144;145;149;155;152;225;215;206;211;244;206;104;128;154;213;298;290;249;230
2709;"Bogotá, d. c.";"Bogotá, D.C.";DESERTORES;0;0;1648;495;753;697;631;343;712;566;771;440;603;351;535;375;527;371;211;145;854;1467;2307;3950;1991;4240;1960;1884;1911;2069;2235;2107;2497;4155;1939;4014;365;227;214;167;138;142;165;215;265;396;325;263;272;288;264;340;407;382
2710;"Bogotá, d. c.";"Bogotá, D.C.";DESERTORES;0;0;15;24;29;28;61;82;82;83;101;88;130;119;110;93;135;158;138;139;87;169;151;154;169;146;145;177;177;203;250;225;247;224;281;184;205;188;154;212;202;217;207;227;187;175;188;143;149;168;111;136;124;150
2711;Risaralda;Pereira;DESERTORES;0;0;60;65;87;90;98;102;151;123;207;136;132;165;161;277;161;183;193;175;233;210;224;205;223;177;269;214;195;158;217;185;199;319;201;243;190;275;231;323;209;214;190;192;226;287;211;121;200;208;206;182;183;169
2712;"Bogotá, d. c.";"Bogotá, D.C.";DESERTORES;0;0;48;76;120;105;118;117;115;144;128;131;153;151;175;181;176;147;133;155;139;118;141;160;166;194;191;194;206;212;232;231;253;264;249;298;286;259;262;279;245;226;198;237;222;269;209;206;195;182;179;213;195;230
2713;"Bogotá, d. c.";"Bogotá, D.C.";DESERTORES;0;0;855;2;454;20;234;274;33;905;105;151;238;373;353;456;199;251;325;1228;671;1256;829;1549;935;1071;1203;1246;1352;1374;1306;1570;1409;1920;1423;1268;1403;1243;1310;1308;1108;927;832;731;645;750;833;472;569;602;676;622;631;654
2715;Cauca;Popayán;DESERTORES;;;;0;0;26;31;49;39;39;61;62;61;64;92;85;93;59;53;51;70;79;44;119;86;169;136;143;226;472;231;278;349;575;388;427;441;470;520;869;551;571;637;556;653;462;739;553;515;528;590;548;531;527
2719;Antioquia;Medellín;DESERTORES;0;0;158;254;341;408;410;475;508;517;558;576;615;551;565;524;502;478;516;528;580;667;677;729;683;695;760;832;755;744;830;777;834;805;834;838;841;888;1022;1026;950;951;1117;1041;1029;1033;1119;955;945;1002;1013;1019;918;802
2720;Boyacá;Tunja;DESERTORES;0;0;35;74;100;32;46;229;2;0;76;81;17;27;79;43;60;55;64;57;134;197;90;91;138;139;112;104;115;86;128;120;58;310;112;122;330;267;411;308;317;380;267;230;232;304;367;228;196;202;216;198;212;165
2721;Antioquia;Medellín;DESERTORES;0;0;37;189;28;2;22;10;15;27;28;20;33;31;42;27;53;33;55;58;43;192;251;209;268;237;448;266;168;375;187;207;254;190;362;248;250;297;295;179;196;225;277;214;257;229;242;193;258;269;321;307;342;273
2722;Cauca;Puerto Tejada;DESERTORES;;;;;;;;;;;;;;;;;;;0;0;6;0;;0;24;26;;;;;;;;;;;;;;;;;;;;;;;;;;;;
2723;"Bogotá, d. c.";"Bogotá, D.C.";DESERTORES;0;0;19;53;70;55;62;75;76;82;81;118;22;62;226;124;112;92;75;98;139;92;222;290;449;91;100;185;109;135;55;311;292;306;358;334;273;442;385;338;376;404;355;358;329;357;416;331;401;335;311;346;263;357
2724;Santander;San Gil;DESERTORES;0;0;87;61;91;98;89;126;140;106;81;109;139;128;176;155;309;116;167;179;197;317;303;248;406;337;372;316;447;430;481;489;529;485;503;497;455;397;496;430;391;375;407;347;381;364;381;271;246;234;283;277;283;222
2725;"Bogotá, d. c.";"Bogotá, D.C.";DESERTORES;0;0;1188;824;1053;880;834;805;735;712;658;738;762;703;736;661;650;659;737;2494;762;805;1462;1732;1772;1788;2175;3160;2323;2544;2919;3653;4260;4024;6066;6065;5191;5429;7238;6002;6328;7014;7051;7083;8247;7678;7956;6514;6332;5656;6050;6796;6513;7049
2727;Antioquia;Sabaneta;DESERTORES;0;0;34;75;38;122;43;143;135;157;109;127;187;177;170;243;525;186;201;115;73;82;99;112;153;148;183;217;364;287;440;375;369;449;575;615;734;784;1138;831;625;552;515;834;793;1093;860;718;641;715;653;859;642;862
2728;"Bogotá, d. c.";"Bogotá, D.C.";DESERTORES;0;0;73;155;145;195;276;272;254;228;419;287;324;317;333;216;333;305;363;506;356;326;539;543;596;593;731;563;820;829;807;744;1080;1382;1102;1294;1188;1637;2104;3189;2043;2496;2999;2860;3474;4194;4837;4134;6312;5128;5243;5992;5103;2929
2730;"Bogotá, d. c.";"Bogotá, D.C.";DESERTORES;0;0;28;23;27;38;25;42;41;63;35;35;42;48;33;31;11;20;14;18;13;25;40;37;27;20;22;16;39;25;35;32;41;33;35;24;51;31;39;44;35;41;50;29;31;36;43;22;31;27;45;43;45;48
2731;Valle del Cauca;Cali;DESERTORES;0;0;8;11;6;11;11;19;51;18;29;35;27;22;49;64;62;94;186;187;406;306;310;394;397;328;301;71;182;223;199;187;176;182;292;237;187;273;344;440;347;412;472;465;602;908;877;747;407;535;420;496;410;310
2732;Antioquia;Santa Rosa de Osos;DESERTORES;;;;;0;0;;0;0;0;0;0;240;174;133;128;131;87;135;141;37;49;77;129;444;210;259;271;160;353;328;309;344;418;650;500;446;332;312;433;383;324;474;401;393;310;298;339;484;537;636;593;507;455
2733;"Bogotá, d. c.";"Bogotá, D.C.";DESERTORES;;;;;;;0;0;9;7;17;8;13;15;9;25;15;21;17;25;1;52;42;51;38;51;65;47;38;68;32;53;56;66;15;30;12;19;47;26;43;57;45;51;17;31;29;44;23;31;24;28;40;33
2736;Antioquia;Medellín;DESERTORES;;;;;;;;;0;0;3;0;2;0;4;1;4;2;7;4;5;12;8;7;6;10;9;3;1;4;3;4;9;3;14;18;10;15;23;16;17;13;16;20;18;21;7;15;11;25;20;27;15;17
2737;Risaralda;Pereira;DESERTORES;0;0;61;2;4;6;8;4;10;13;8;10;26;27;67;68;65;94;95;184;125;122;176;157;228;306;277;234;255;287;379;266;266;284;293;304;241;275;358;471;337;412;464;363;399;403;386;403;596;369;426;421;428;187
2738;"Bogotá, d. c.";"Bogotá, D.C.";DESERTORES;;;;;;;0;0;0;0;1;13;6;15;46;28;26;49;65;57;44;62;78;51;95;80;91;78;107;87;96;95;92;116;142;158;144;143;137;173;117;121;130;112;158;127;148;94;97;104;112;105;68;60
2739;Antioquia;Apartadó;DESERTORES;;;;;;;;;;;0;0;9;22;10;4;9;4;0;0;9;3;2;15;18;12;9;9;6;0;0;5;5;4;3;7;1;19;14;16;39;34;51;54;63;62;53;47;53;53;119;0;32;145
2740;"Bogotá, d. c.";"Bogotá, D.C.";DESERTORES;;;;;;;;;;;;;0;0;8;3;13;10;6;1;9;21;9;4;20;15;9;5;12;12;11;10;17;10;5;10;10;6;15;17;12;14;12;8;19;22;15;12;22;22;17;12;9;9
2741;Tolima;Espinal;DESERTORES;;;;;;;;;;0;0;10;0;5;83;22;50;36;34;18;21;7;34;264;59;19;32;52;51;48;39;29;22;25;31;29;49;27;30;33;42;29;23;28;36;39;64;21;55;46;60;36;84;37
2743;Casanare;Yopal;DESERTORES;;;;;;;;;;;0;0;5;14;33;27;17;10;18;21;66;62;283;197;168;131;159;118;165;144;159;196;180;185;275;308;309;207;462;221;226;224;185;191;195;162;334;223;207;116;129;200;231;184
2744;Nariño;Pasto;DESERTORES;;;;;;;0;0;61;77;40;155;147;251;239;232;221;213;239;153;125;509;263;298;271;292;292;305;370;415;370;458;439;513;400;369;404;438;479;526;452;564;734;472;420;534;675;475;461;487;403;367;408;394
2745;"Bogotá, d. c.";"Bogotá, D.C.";DESERTORES;;;;;;;;;;;;;;;;;;;0;0;408;506;722;848;806;818;897;1036;1126;888;1236;1101;1211;1511;1734;1748;1725;1609;1637;1734;1592;1624;1612;1418;1222;1417;1454;1300;1288;1347;1449;1651;1526;1513
2746;"Bogotá, d. c.";"Bogotá, D.C.";DESERTORES;;;;;;;;;;;;;;;;0;0;6;28;17;32;51;27;50;25;55;63;92;51;78;78;41;41;51;37;41;50;69;45;56;51;76;63;59;69;66;70;57;59;69;74;46;60;46
2747;Antioquia;Medellín;DESERTORES;0;;0;0;170;137;189;808;138;109;118;88;134;132;141;144;227;199;143;181;254;246;310;231;241;280;337;305;334;447;462;476;409;455;387;290;24;579;353;302;332;315;373;295;383;337;416;229;273;188;205;195;189;168
2748;Valle del Cauca;Cali;DESERTORES;;;;;;;;;;;;0;0;0;0;0;8;20;16;7;16;12;31;26;19;74;17;44;60;69;40;60;68;47;51;55;52;46;60;79;120;4;48;53;60;71;67;39;46;31;44;64;28;60
2749;Antioquia;Medellín;DESERTORES;0;0;58;17;64;43;65;50;62;48;44;34;65;83;70;80;102;77;122;122;166;133;179;157;228;256;282;325;383;403;438;381;422;444;526;491;512;561;533;592;576;467;501;528;442;519;512;304;373;390;404;373;321;268
2805;Atlántico;Barranquilla;DESERTORES;0;0;1491;930;4930;1099;1184;1271;1730;1523;1779;1548;1489;1269;2732;992;1127;851;929;859;1626;1159;1214;1093;1474;1244;1644;1164;2734;1797;971;2113;1211;1143;1258;1073;1112;1243;1318;1174;1182;961;966;920;923;957;1101;538;708;640;810;844;896;828
2810;Atlántico;Barranquilla;DESERTORES;0;0;28;5;10;4;370;406;562;513;590;546;634;563;589;519;500;378;592;1062;546;538;697;888;742;685;776;740;838;903;997;993;1109;1111;1105;1032;1211;1148;1024;1225;1150;1181;1068;1034;1041;1058;1331;766;851;841;797;820;1863;971
2811;"Bogotá, d. c.";"Bogotá, D.C.";DESERTORES;0;0;120;133;235;252;417;333;347;206;291;312;363;371;397;349;444;306;405;349;412;507;479;422;485;513;400;372;530;529;387;293;464;326;569;558;465;334;396;383;416;282;354;286;284;267;204;168;192;233;283;236;216;189
2812;"Bogotá, d. c.";"Bogotá, D.C.";DESERTORES;0;0;1043;131;174;214;317;305;379;59;596;249;253;258;207;1081;270;277;320;374;429;462;575;547;630;541;579;555;744;683;797;621;481;584;547;549;584;628;709;607;595;558;632;667;709;787;650;677;696;592;1064;1403;969;940
2813;Antioquia;Envigado;DESERTORES;0;0;1;41;26;22;40;29;33;11;53;12;34;21;46;35;61;61;94;66;85;93;117;74;123;66;100;67;93;71;94;104;105;74;96;84;107;101;167;115;144;89;104;108;121;68;78;85;126;140;150;113;81;82
2815;Antioquia;Medellín;DESERTORES;0;0;108;18;51;67;90;351;71;88;159;95;141;73;78;137;126;91;95;85;131;109;124;106;138;196;110;106;125;110;133;146;144;190;114;111;126;154;202;161;104;118;121;135;143;127;110;131;92;118;116;111;120;124
2818;Risaralda;Santa Rosa de Cabal;DESERTORES;;;;;;;;;0;0;448;37;117;71;91;57;154;89;89;120;150;124;166;225;177;480;354;352;206;273;238;219;227;332;225;289;156;210;492;147;103;69;71;88;131;113;118;99;144;108;121;119;89;99
2820;Antioquia;Caldas;DESERTORES;0;0;22;37;63;91;17;61;67;82;102;129;93;145;103;101;84;99;148;177;126;119;127;96;117;117;201;120;97;100;178;154;145;137;162;90;130;46;305;119;185;107;160;158;173;114;116;116;137;143;200;185;175;148
2823;Sucre;Sincelejo;DESERTORES;0;0;17;0;0;1;0;100;323;214;387;275;349;243;183;174;200;319;441;379;354;380;565;537;556;566;621;627;703;857;976;970;956;846;924;1125;1068;1077;1069;1253;1333;1153;1133;1820;1373;1733;1505;966;1020;884;838;964;857;763
2824;"Bogotá, d. c.";"Bogotá, D.C.";DESERTORES;;;;;;;;;;;;;;;;;;;0;0;71;213;225;205;385;279;27;421;111;134;124;133;325;126;224;378;92;298;234;7;74;65;72;68;31;43;57;39;21;24;;;;
2825;Bolívar;Cartagena de Indias;DESERTORES;0;0;209;181;166;210;263;262;376;150;173;406;590;862;670;685;588;604;555;615;583;701;612;571;536;468;448;550;370;599;437;528;542;721;485;561;456;464;427;413;472;530;441;388;368;353;539;196;244;290;225;264;243;219
2827;Meta;Villavicencio;DESERTORES;0;0;1127;53;175;156;128;203;200;115;32;36;80;76;79;81;112;80;128;144;239;198;296;242;267;249;333;267;316;320;340;319;384;331;417;317;402;300;355;450;403;378;305;328;342;291;317;240;343;324;344;315;373;339
2828;Huila;Neiva;DESERTORES;0;0;38;81;83;97;120;108;129;156;126;144;154;159;172;164;185;145;166;173;18;433;292;283;336;323;314;283;316;374;455;363;356;371;352;350;456;446;463;434;348;352;330;283;252;328;351;204;289;319;258;251;279;335
2829;"Bogotá, d. c.";"Bogotá, D.C.";DESERTORES;0;0;18;64;50;61;65;71;158;158;178;500;380;394;501;670;979;881;1111;912;647;466;1603;1708;2125;1929;2275;2480;3808;4591;6084;6107;6614;8064;9240;8675;10145;10347;12075;9745;10410;9696;10606;8152;8574;8469;10487;6158;8172;7547;8425;8192;10273;9166
2830;"Bogotá, d. c.";"Bogotá, D.C.";DESERTORES;0;0;225;1318;74;102;107;133;223;147;156;201;193;172;156;159;139;182;207;197;203;198;194;260;191;220;214;276;245;242;328;460;382;437;672;418;1054;859;1893;2277;2227;1584;1337;1140;1585;2037;1565;1698;1877;1973;2986;2498;3713;2452
2831;"Bogotá, d. c.";"Bogotá, D.C.";DESERTORES;0;0;68;63;80;71;72;104;118;67;36;124;60;123;70;49;80;77;69;67;135;306;478;65;99;101;569;435;426;616;526;533;650;634;583;672;470;396;442;492;493;428;424;413;425;449;483;343;355;385;458;443;394;378
2832;Santander;Bucaramanga;DESERTORES;0;0;7;1;0;2;0;197;296;260;415;309;482;449;580;511;410;319;385;459;387;433;548;670;899;790;857;907;966;1024;1090;766;1289;844;882;940;784;972;1198;1226;1047;714;680;793;698;628;822;551;549;697;591;616;566;694
2833;Antioquia;Medellín;DESERTORES;;;;;;;0;0;108;204;258;302;364;368;364;403;318;290;364;688;591;433;421;404;364;355;970;741;4272;2286;3441;3774;3922;4033;4116;4399;4106;2669;4093;3543;2603;3626;2311;2126;2196;2406;2267;1569;2130;1927;2139;2012;1927;1743
2834;"Bogotá, d. c.";"Bogotá, D.C.";DESERTORES;;;;0;0;73;2;0;0;2;5;4;9;4;58;9;96;24;47;53;92;102;186;175;152;139;164;265;290;424;549;534;659;767;718;815;894;874;882;1013;774;891;902;868;854;800;824;603;699;666;713;683;755;555
2836;Atlántico;Barranquilla;DESERTORES;;;;;;;0;0;1;0;264;25;109;34;53;51;151;67;78;91;190;155;167;154;124;141;126;84;60;85;143;110;132;129;145;163;154;167;162;176;162;140;133;126;95;91;99;33;72;71;89;23;28;44
2837;"Bogotá, d. c.";"Bogotá, D.C.";DESERTORES;;;;;;;0;0;36;43;61;48;104;128;120;106;151;206;182;226;326;353;366;412;455;388;1569;428;485;511;550;447;501;531;576;528;604;554;674;628;661;707;669;711;675;734;676;656;504;531;577;581;535;473
2838;Antioquia;Medellín;DESERTORES;;;;;;;0;0;119;27;39;62;45;4;10;44;5;10;41;61;73;68;72;88;66;66;89;45;94;87;80;71;61;68;75;71;73;70;61;50;69;57;47;45;44;44;68;37;52;30;57;33;46;47
2840;Quindío;Armenia;DESERTORES;;;;;;;;0;0;1;10;14;8;7;21;24;14;9;20;9;27;17;12;17;11;16;11;32;47;44;39;56;56;73;58;73;52;67;64;95;80;97;86;74;56;69;49;50;65;75;67;114;82;97
2841;Antioquia;Bello;DESERTORES;;;;;;;;;;;;;0;0;1;14;63;19;44;34;35;27;76;75;117;132;177;152;158;202;172;182;211;278;310;305;249;333;285;271;232;239;210;226;216;221;249;168;216;215;182;252;209;248
2842;Atlántico;Barranquilla;DESERTORES;;;;;;;;;;;0;0;1;0;8;12;3;2;5;2;2;10;12;20;20;21;11;25;37;24;27;22;19;34;40;129;51;62;98;83;80;90;117;123;206;196;367;166;206;212;226;257;259;274
2847;Santander;Bucaramanga;DESERTORES;0;0;1;131;190;142;168;411;188;207;224;191;253;231;248;171;229;441;284;297;227;284;566;260;433;521;394;595;570;758;736;762;906;710;860;1047;905;911;899;1059;896;795;726;708;740;741;1060;516;550;701;674;696;798;668
2848;"Bogotá, d. c.";"Bogotá, D.C.";DESERTORES;0;0;108;180;180;172;211;219;378;298;352;398;1137;2387;3;10;15;14;13;21;112;194;318;774;292;368;475;464;431;505;466;486;575;553;564;572;499;496;521;474;407;524;413;430;370;365;506;286;341;353;325;321;;316
2849;Cauca;Popayán;DESERTORES;0;0;65;156;99;126;79;72;114;34;51;41;148;84;78;31;28;86;66;53;110;173;159;189;194;151;134;177;220;273;320;275;254;209;322;284;276;345;259;318;300;286;283;269;315;327;369;263;309;208;242;213;225;181
2850;Sucre;Sincelejo;DESERTORES;;;;;;;;;;;;;;;;0;0;4;5;4;9;13;15;13;19;25;33;33;44;56;44;24;90;78;183;206;359;368;510;345;382;409;367;389;410;641;716;357;631;443;524;526;561;680
2901;"Bogotá, d. c.";"Bogotá, D.C.";DESERTORES;;;;;0;;0;0;0;;;;0;;0;0;0;;0;6;129;58;116;116;162;224;168;69;102;121;0;0;0;0;0;0;11;3;10;6;26;23;13;27;28;16;30;7;17;13;12;12;18;2
2902;"Bogotá, d. c.";"Bogotá, D.C.";DESERTORES;;;;;;;;;;;;;;;;0;0;0;0;0;158;31;37;22;27;37;31;52;44;22;20;20;15;25;11;19;15;24;23;18;29;21;18;16;16;18;16;20;19;27;14;14;15;14
2903;Cundinamarca;Facatativá;DESERTORES;;;;;;;;;;;;;;;0;0;0;0;2;0;5;8;16;25;50;0;2;1;26;15;13;13;15;27;30;15;24;6;14;11;13;7;5;7;8;6;;;;;;;;
2905;"Bogotá, d. c.";"Bogotá, D.C.";DESERTORES;;;;;;;;;;;;;;;;;;;0;0;0;5;16;2;66;0;8;21;15;36;3;0;0;1;8;7;29;52;22;12;18;47;11;11;26;15;20;10;5;26;149;12;14;2
2906;"Bogotá, d. c.";"Bogotá, D.C.";DESERTORES;;;;;;;;;;;;;;;;;;;;;0;;0;;51;;45;;51;;;;;;;;;;;;;;;;;;;;;;;;;
3102;Norte de Santander;Pamplona;DESERTORES;0;0;164;47;39;215;49;62;6;64;157;1;56;296;71;134;29;;286;0;17;234;350;257;388;778;240;115;398;193;409;157;193;75;164;338;216;143;116;105;91;93;106;72;84;116;125;228;253;290;216;152;159;203
3103;Bolívar;Cartagena de Indias;DESERTORES;0;0;52;82;98;80;88;264;152;196;52;89;133;136;117;102;93;100;80;85;112;103;93;106;105;142;99;128;158;187;187;229;143;188;211;218;247;292;237;189;263;175;176;363;160;168;232;213;194;357;431;257;288;329
3104;Cauca;Popayán;DESERTORES;0;0;24;34;46;77;66;28;80;1;139;68;112;45;89;76;168;155;80;92;128;110;99;119;123;129;86;131;198;180;145;238;140;149;188;164;174;205;185;190;181;166;157;159;143;169;106;138;115;187;194;157;142;174
3107;Antioquia;Medellín;DESERTORES;0;0;14;175;227;195;182;225;448;614;1033;512;472;634;873;676;587;457;409;780;595;640;735;739;1031;1064;1564;1270;1246;1217;1133;737;1037;1127;935;2487;506;923;1535;628;826;858;838;917;961;1098;844;963;1322;1014;1088;907;1258;777
3114;Atlántico;Barranquilla;DESERTORES;;;;;;;0;0;0;0;0;0;0;0;0;273;0;13;0;430;9;0;121;12;192;0;104;11;93;118;103;71;49;4;25;83;11;402;24;176;388;187;10;42;27;42;66;5;225;138;3;28;65;23
3115;Putumayo;Mocoa;DESERTORES;;;;;;;;;;;;;;;0;0;72;49;56;44;96;192;136;157;317;170;249;546;157;110;84;77;170;252;129;127;160;629;180;124;135;142;136;152;245;244;219;343;342;381;409;438;461;399
3116;Putumayo;Sibundoy;DESERTORES;;;;;;;;;;;;;;;;;;;;;0;0;39;53;69;45;45;145;21;29;15;32;40;29;33;35;38;2;;;;;;;;;;;;;;;;
3117;Atlántico;Barranquilla;DESERTORES;;;;;;0;0;55;102;73;108;105;142;142;184;160;641;79;732;278;680;264;800;498;1111;491;1014;638;2189;770;1311;475;1010;1114;1045;844;955;539;1607;600;1214;438;1217;562;1400;539;1062;332;797;422;754;387;717;441
3201;Santander;Bucaramanga;DESERTORES;0;0;31;35;39;212;539;531;781;723;960;1209;1297;1189;1475;1375;2123;1738;1936;1875;3114;2633;3156;3125;4329;2766;2611;3248;5473;2018;3363;4144;4455;3561;2890;2902;4304;2925;4181;2729;2834;2414;2532;2168;2581;2588;2107;1520;1952;3008;3631;4365;3649;2847
3204;Antioquia;Medellín;DESERTORES;0;0;95;194;281;319;428;279;538;417;368;327;415;427;597;623;590;638;621;550;1268;677;579;591;728;1121;850;1039;711;1976;1001;1021;747;857;997;845;1010;973;872;865;901;807;737;676;850;1083;1151;1115;1162;1864;1227;1161;1089;763
3301;Valle del Cauca;Cali;DESERTORES;0;0;36;120;37;53;89;55;78;98;82;72;171;199;109;147;196;318;359;425;570;827;855;1126;797;749;890;694;873;665;797;667;636;686;810;887;840;868;1003;920;1050;807;939;865;801;889;728;463;660;967;775;796;737;870
3302;Antioquia;Medellín;DESERTORES;0;0;58;142;241;238;531;596;600;773;683;760;660;621;711;731;1058;943;1226;2376;1157;1402;1849;1459;1727;2493;2931;3008;2321;2827;2250;3368;3259;8748;2207;2661;2361;2953;3244;3257;3170;3208;3557;3321;3421;3147;1733;2569;3200;3025;3723;3426;3808;3569
3303;Antioquia;Envigado;DESERTORES;;;;;;;;;;;;;;;;;;;;;;;;0;0;98;43;39;39;47;57;78;67;90;65;63;90;69;98;76;84;54;72;64;78;57;142;55;76;141;101;140;181;154
3702;"Bogotá, d. c.";"Bogotá, D.C.";DESERTORES;0;0;9;12;21;5;31;9;14;14;16;20;23;36;42;30;36;41;38;44;77;26;42;37;59;35;88;100;108;97;85;130;96;105;77;74;78;96;70;71;51;53;53;53;31;36;38;25;32;32;52;35;26;34
3703;Antioquia;Medellín;DESERTORES;0;0;86;64;171;386;33;13;141;92;131;78;103;54;72;95;172;139;61;59;129;110;120;129;474;107;118;108;165;196;254;192;236;247;230;184;238;316;430;209;214;163;177;164;213;216;198;137;134;132;157;134;117;130
3705;Bolívar;Cartagena de Indias;DESERTORES;0;0;66;125;192;137;202;184;221;235;249;207;168;206;187;171;196;166;224;156;331;374;459;480;545;705;711;1038;1050;894;1205;1427;1876;1924;1952;1720;1872;1753;1860;1756;1715;1464;1414;1193;1173;1331;1771;661;741;771;711;816;896;928
3706;Valle del Cauca;Cali;DESERTORES;;;;;;;;;;;;0;0;170;323;374;345;427;834;677;452;596;391;723;615;615;562;637;640;562;572;552;501;134;345;387;328;340;450;507;454;440;518;453;455;454;573;226;264;258;235;193;172;142
3710;Bolívar;Cartagena de Indias;DESERTORES;;;;;;0;0;54;235;144;282;230;327;316;280;177;234;273;333;237;307;286;658;451;571;768;673;706;613;708;841;1061;874;1033;1293;1245;643;785;2429;1489;1200;905;826;789;697;807;983;302;547;405;497;614;556;619
3712;"Bogotá, d. c.";"Bogotá, D.C.";DESERTORES;;;;;;;;;;;;;;;;;;0;0;0;344;486;453;548;660;550;527;537;593;654;738;547;530;655;698;583;499;520;619;400;387;304;285;224;;;284;515;;;;;;
3713;"Bogotá, d. c.";"Bogotá, D.C.";DESERTORES;;;;;;;0;0;172;175;198;219;276;274;509;307;382;353;418;533;643;855;1761;400;752;664;624;542;847;1126;857;969;1174;824;839;792;594;792;1635;270;278;455;226;202;207;280;374;183;268;303;308;351;288;331
3715;Valle del Cauca;Cali;DESERTORES;0;0;39;49;10;19;19;41;63;;;;;;;;;;105;40;124;155;97;112;55;68;63;92;128;84;109;97;86;171;185;148;258;265;225;257;243;185;196;165;178;146;220;240;218;160;103;291;1;
3716;Santander;Bucaramanga;DESERTORES;;;;0;0;28;84;110;122;74;52;35;66;74;88;141;95;132;155;141;457;126;231;200;134;260;371;343;424;275;311;231;231;341;494;384;336;474;267;193;198;121;126;92;136;132;97;69;75;139;61;164;184;111
3718;Norte de Santander;Cúcuta;DESERTORES;;0;0;2;84;2;33;26;23;60;77;93;45;26;46;28;50;60;75;112;37;67;118;129;146;267;220;629;290;192;231;263;300;256;274;269;252;254;311;446;235;186;232;190;231;256;312;112;137;121;169;205;225;235
3719;"Bogotá, d. c.";"Bogotá, D.C.";DESERTORES;0;0;146;141;142;122;70;73;46;43;37;3;31;54;41;72;83;81;98;95;120;138;114;150;189;212;219;113;131;128;121;136;229;98;87;64;72;49;97;84;71;61;58;83;136;82;122;83;82;82;55;50;53;55
3720;Antioquia;Medellín;DESERTORES;0;0;37;45;139;151;126;104;79;89;126;113;105;122;146;156;156;150;178;202;230;184;232;363;300;485;384;308;345;355;348;335;285;249;273;309;261;235;288;262;235;231;198;214;216;214;271;203;206;192;202;221;198;190
3724;"Bogotá, d. c.";"Bogotá, D.C.";DESERTORES;;;;;;;0;;0;;0;3;0;10;2;4;1;8;2;0;0;0;;;;;;;;;0;0;16;0;28;21;19;37;4;17;9;2;;;;;;;;;;;;
3725;"Bogotá, d. c.";"Bogotá, D.C.";DESERTORES;;;;;;;;;;;;;;;;0;0;129;30;17;42;27;28;31;21;15;45;33;3;60;12;23;31;18;26;25;26;11;86;34;36;44;41;46;76;49;127;38;55;26;40;27;27;27
3801;Valle del Cauca;Cartago;DESERTORES;0;0;55;73;36;19;21;16;7;0;12;13;8;17;24;19;35;77;1;47;71;172;9;8;12;68;41;44;52;51;50;217;46;67;79;65;76;70;116;120;106;79;86;119;109;97;119;67;90;93;78;66;85;59
3802;Antioquia;Medellín;DESERTORES;;;;;;;;;;;;;;0;0;;9;13;;;;;;;;;;;;;;;;;;;;;;;;;;;;;;;;;;;;
3803;Valle del Cauca;Cali;DESERTORES;;;;;;;;;;;;;;0;0;1;62;88;84;86;99;157;221;215;221;175;289;537;167;140;134;151;159;171;170;225;159;160;232;146;185;128;127;136;297;175;149;78;84;120;79;70;68;60
3805;Valle del Cauca;Cali;DESERTORES;0;0;1;0;0;2;0;1;4;11;5;0;1;1;2;1;29;35;6;52;3;0;1;0;36;13;3;31;3;1;5;7;13;26;20;19;11;13;;;;;;;;;;;;;;;;
3806;Valle del Cauca;Cali;DESERTORES;;;;;;;;;;;;;;;;;;;0;0;47;46;33;58;66;1;59;63;76;147;184;238;223;108;166;173;168;99;93;85;96;94;145;72;65;86;74;27;36;34;30;15;31;25
3807;Antioquia;Medellín;DESERTORES;0;0;16;5;8;10;15;1;35;8;0;0;6;4;5;1;0;0;0;5;0;54;4;2;7;6;1;0;;0;0;6;6;10;3;0;6;19;15;21;12;32;42;37;30;27;159;92;57;76;14;;4;47
3808;"Bogotá, d. c.";"Bogotá, D.C.";DESERTORES;0;0;17;19;34;19;52;42;41;47;33;45;70;46;51;37;62;35;65;153;54;48;36;122;88;70;90;63;94;102;119;84;125;125;119;99;146;96;68;90;59;34;55;46;68;50;30;13;42;26;33;25;28;21
3809;Cundinamarca;Fusagasugá;DESERTORES;0;0;3;17;4;4;3;1;8;0;9;6;0;1;7;15;27;64;7;56;47;6;1;23;23;13;31;24;28;19;50;31;18;31;35;7;17;13;19;14;16;8;11;18;5;12;37;20;32;24;23;28;13;15
3810;Santander;Bucaramanga;DESERTORES;0;0;74;46;61;79;76;103;127;88;103;92;84;95;113;136;171;126;187;307;158;183;152;177;174;167;171;182;121;142;98;84;78;43;55;64;53;38;28;15;35;22;33;28;43;;;;;;;;;
3811;Tolima;Honda;DESERTORES;;;;;;;0;0;9;9;27;14;22;86;36;30;24;31;43;30;50;42;48;100;58;74;56;71;67;91;76;42;67;107;71;57;56;83;77;83;41;58;46;57;42;66;24;48;46;36;;;57;244
3812;Antioquia;Bello;DESERTORES;;;;;0;0;0;0;0;77;23;11;1;39;94;98;53;80;140;200;172;176;106;105;143;214;156;58;94;97;121;111;99;143;159;141;131;104;150;207;55;43;80;64;72;66;97;103;184;124;203;163;188;156
3817;Nariño;Pasto;DESERTORES;;;0;0;41;18;29;53;20;6;18;17;35;25;10;5;25;14;43;79;67;100;124;133;271;204;172;184;116;116;156;184;443;506;527;472;555;625;694;1794;526;576;536;592;379;595;628;444;484;492;444;444;391;377
3819;"Bogotá, d. c.";"Bogotá, D.C.";DESERTORES;0;0;21;82;63;79;66;70;81;30;66;28;91;49;51;51;44;70;20;62;18;42;56;55;68;70;77;92;136;160;119;186;162;53;300;131;157;194;287;188;177;177;200;238;209;253;264;179;197;214;193;213;188;428
3820;Antioquia;Medellín;DESERTORES;;;;;0;0;104;93;113;99;99;133;111;94;83;94;95;154;79;64;51;38;54;42;21;15;35;27;43;45;49;43;42;30;34;37;31;32;39;28;30;32;16;13;24;36;31;14;21;20;43;34;29;23
3821;Atlántico;Barranquilla;DESERTORES;0;0;356;2;8;2;252;29;449;235;9;260;351;234;76;90;468;329;420;144;267;335;472;233;491;397;289;209;494;366;638;453;584;1205;210;169;255;221;232;210;214;233;208;240;219;234;313;123;197;199;183;221;237;210
3822;"Bogotá, d. c.";"Bogotá, D.C.";DESERTORES;0;0;3;2;7;0;4;0;1;3;1;1;4;2;3;2;15;6;6;3;5;3;14;1;14;3;3;;;;;;;;;;;;;0;1;4;5;7;16;8;18;12;19;;;;;
3823;"Bogotá, d. c.";"Bogotá, D.C.";DESERTORES;;;;;;;;;;;;;;;;;;;0;;0;29;37;24;59;139;151;51;79;;;;;;;;65;;;;;;;;;;;;;;;;;
3824;"Bogotá, d. c.";"Bogotá, D.C.";DESERTORES;0;0;33;31;34;66;14;46;21;47;8;28;23;14;24;20;36;9;17;18;46;51;44;51;46;54;46;104;54;76;104;38;53;72;72;93;94;84;63;67;;;;;;;;;;;;;;
3826;"Bogotá, d. c.";"Bogotá, D.C.";DESERTORES;0;0;29;60;54;63;75;125;287;53;64;80;81;190;49;261;150;204;90;127;347;315;232;206;243;427;230;301;536;1434;438;348;238;235;216;134;163;172;206;124;153;91;91;70;84;81;147;180;259;334;247;202;171;143
3827;"Bogotá, d. c.";"Bogotá, D.C.";DESERTORES;0;0;57;18;160;58;59;175;16;68;34;17;39;49;29;18;22;8;14;38;10;8;16;22;43;;;;6;5;21;5;35;16;17;3;18;31;31;72;12;32;34;47;55;0;;;;1;;;;
3828;"Bogotá, d. c.";"Bogotá, D.C.";DESERTORES;;;;;;;;;;;;;;;;;;;;0;0;6;11;18;22;39;0;38;14;11;;;;26;71;1;4;5;7;46;91;86;54;18;11;16;5;0;5;0;;;;
3829;"Bogotá, d. c.";"Bogotá, D.C.";DESERTORES;0;;0;8;1;1;4;4;2;5;13;7;26;20;15;15;15;10;1;1;67;87;110;58;51;50;93;50;37;65;23;21;3;0;;;;;;;;;;;;;;;;;;;;
3830;"Bogotá, d. c.";"Bogotá, D.C.";DESERTORES;;;;;;;;;;;;;;;;;;;0;0;0;0;0;3;4;3;438;2781;162;2153;908;1115;191;715;509;313;243;562;288;182;298;252;49;278;320;;0;0;30;0;183;66;437;74
3831;Cauca;Popayán;DESERTORES;;;;;;;;;0;0;13;20;19;52;58;51;99;85;75;78;158;202;149;187;238;341;850;315;433;405;379;359;273;279;343;348;320;343;375;265;288;280;319;263;252;329;449;301;268;308;273;300;261;255
3833;Antioquia;Copacabana;DESERTORES;;;;;;;;;;;0;0;0;0;0;1;0;6;1;0;1;4;0;;13;2;;;;;;;;;;;;;;;;;;;;;;;;;;;;
3834;Antioquia;Santa Fé de Antioquia;DESERTORES;;;;;;;;;;;;;;;0;0;7;16;4;5;13;20;22;28;49;42;13;16;5;41;0;0;0;42;16;21;15;60;81;22;18;0;37;16;5;5;19;31;4;3;10;;3;
3901;Sucre;Coveñas;DESERTORES;;;;;;;;;;;;;;;;;0;0;0;0;0;0;0;0;0;0;0;0;12;0;10;22;13;22;12;15;9;0;1;58;0;10;8;20;1;22;42;2;4;26;18;17;43;21
3902;Cundinamarca;Nilo;DESERTORES;;;;;;;;;;;;;;;;;;;0;0;7;22;39;275;86;96;73;278;132;115;115;79;82;137;178;202;193;121;334;1981;119;111;120;145;67;113;18;65;131;129;170;82;123;77
4101;Valle del Cauca;Roldanillo;DESERTORES;0;0;35;97;99;145;148;130;125;128;110;197;147;151;119;118;151;130;236;275;229;355;456;263;346;164;303;339;183;132;193;152;237;227;215;171;200;394;515;391;260;246;332;301;344;410;351;337;617;396;558;335;508;528
4102;La Guajira;San Juan del Cesar;DESERTORES;;;;;;;;;;;;;;;0;0;29;63;103;59;109;118;117;110;104;102;209;186;121;141;184;356;347;157;3;262;207;140;206;79;95;86;88;139;111;166;159;130;224;314;222;246;189;189
4106;Archipiélago de San Andrés y Providencia;San Andrés;DESERTORES;0;0;53;29;46;36;86;40;67;24;77;2;78;29;63;5;28;3;38;6;66;70;132;82;120;67;123;277;64;48;102;97;120;116;79;32;25;34;13;16;20;32;17;16;19;32;44;31;360;218;96;75;36;52
4107;Valle del Cauca;Guadalajara de Buga;DESERTORES;;;;;;;;;0;0;0;0;0;0;0;0;0;0;0;0;125;64;12;65;16;39;75;54;79;45;78;96;163;116;92;22;10;135;47;60;200;57;52;149;276;508;136;173;146;157;188;254;220;412
4108;"Bogotá, d. c.";"Bogotá, D.C.";DESERTORES;0;0;67;58;33;107;496;141;125;209;147;165;179;213;252;261;1079;260;423;326;355;459;1343;226;101;670;183;959;264;267;342;399;497;382;890;659;475;305;542;405;293;246;304;261;272;380;402;336;346;406;384;370;413;344
4109;Valle del Cauca;Cali;DESERTORES;;;;;;;;;;;;;;;;;;;0;0;298;132;133;123;427;439;313;250;453;249;90;561;351;410;595;246;370;226;399;162;196;318;158;159;283;209;291;170;264;649;432;365;332;325
4110;Tolima;Espinal;DESERTORES;0;0;113;62;82;40;116;132;138;77;167;108;160;97;132;44;69;40;61;39;85;39;128;54;245;210;300;562;493;458;546;563;330;700;352;313;558;367;450;515;442;395;407;282;379;360;492;361;561;440;399;345;452;472
4111;Magdalena;Ciénaga;DESERTORES;0;0;32;24;40;40;56;1;5;7;31;12;22;88;76;44;65;80;90;51;71;125;137;89;111;102;116;83;158;229;151;101;170;110;173;112;183;133;161;209;275;147;175;225;119;86;217;204;337;550;329;281;439;485
4112;Caldas;Pensilvania;DESERTORES;0;0;72;54;35;17;54;21;26;56;59;30;86;25;58;39;90;48;138;55;71;58;67;51;54;90;49;74;87;60;58;36;39;37;32;28;40;31;51;64;63;63;33;33;31;31;47;80;79;93;112;112;81;101
4701;Valle del Cauca;Cali;DESERTORES;0;0;101;31;52;70;67;102;105;90;107;99;115;140;183;172;205;261;273;270;278;367;381;339;393;440;343;399;355;336;432;399;454;471;423;510;455;465;876;487;488;370;306;317;281;370;516;213;301;273;211;272;232;262
4702;"Bogotá, d. c.";"Bogotá, D.C.";DESERTORES;;;;;;;;;;;;;;;0;;;;0;3;771;1;392;345;726;1199;1;0;180;127;189;105;309;80;302;243;254;189;898;356;415;395;805;957;714;653;495;1244;1957;4078;3424;4834;2379;5576
4704;"Bogotá, d. c.";"Bogotá, D.C.";DESERTORES;;;;;0;0;;1;1;7;1;2;;0;0;0;3;25;;2;15;104;1;1;;0;;;;;;;;;;;;0;;;;;;;;;;;;;;;;
4705;Cesar;Valledupar;DESERTORES;0;0;1;0;0;18;0;59;80;39;93;58;15;144;23;64;56;0;0;76;132;122;129;172;294;42;292;160;296;99;107;83;55;37;30;;;;;;;;;;;;;;;;;;;
4708;"Bogotá, d. c.";"Bogotá, D.C.";DESERTORES;0;0;91;55;86;55;46;27;30;27;26;31;35;30;25;43;23;17;41;187;11;33;21;26;36;18;43;25;27;13;;;15;95;10;11;8;;13;34;10;19;;;;;;;;;;;;
4709;Quindío;Armenia;DESERTORES;0;0;110;266;204;226;237;227;247;184;204;145;142;138;151;117;121;142;186;392;178;288;280;209;246;276;324;245;213;235;272;269;237;240;309;224;337;214;248;255;270;230;270;227;333;263;223;173;150;117;127;148;138;138
4710;"Bogotá, d. c.";"Bogotá, D.C.";DESERTORES;;;;;;;;;;;;;;;;;;;;;;;;;;;;;;;;;;;;0;0;24;82;5;3;0;0;0;;;0;2;0;1;3;244;92;286
4714;"Bogotá, d. c.";"Bogotá, D.C.";DESERTORES;0;0;11;9;96;17;73;4;80;13;42;5;33;1;127;0;404;4;27;15;35;13;50;37;51;50;30;45;34;7;0;355;12;5;23;11;28;31;23;26;19;21;25;33;26;21;42;12;33;35;37;40;62;74
4719;"Bogotá, d. c.";"Bogotá, D.C.";DESERTORES;;;;;;;;;;;;;0;0;0;1;13;9;12;8;60;90;79;87;98;78;128;101;347;319;353;43;51;37;28;11;174;35;40;75;143;149;99;86;62;93;82;55;30;36;25;39;311;210
4721;"Bogotá, d. c.";"Bogotá, D.C.";DESERTORES;0;0;18;9;28;20;21;17;47;30;36;23;66;73;73;139;231;153;273;263;433;313;456;187;435;556;598;454;366;292;201;181;294;308;266;356;211;424;301;189;123;130;130;170;149;128;184;140;207;118;155;157;156;82
4726;"Bogotá, d. c.";"Bogotá, D.C.";DESERTORES;0;0;0;21;0;0;0;12;67;125;166;95;136;159;322;262;459;314;532;438;680;486;618;503;516;541;623;504;546;396;570;525;785;744;682;717;666;901;1108;833;1132;1133;1367;1087;982;1135;1418;943;1144;958;1010;1135;1205;1230
4727;"Bogotá, d. c.";"Bogotá, D.C.";DESERTORES;;;;;;;;;;;;;0;0;53;14;12;248;186;165;305;339;485;494;671;522;681;835;1154;1227;1406;1044;1750;1770;2349;1832;2044;1349;2278;1799;1518;2593;2104;1659;2037;2237;2211;982;1601;1269;2022;1345;2013;1782
4801;Antioquia;Medellín;DESERTORES;0;0;36;33;45;32;25;19;26;17;48;15;16;26;32;27;24;35;49;38;41;50;71;110;88;95;91;71;57;71;65;86;74;62;67;55;60;49;55;42;52;43;41;76;66;52;56;39;42;59;63;35;49;40
4803;"Bogotá, d. c.";"Bogotá, D.C.";DESERTORES;0;0;51;166;372;98;276;92;25;12;26;204;109;119;34;121;155;107;240;137;279;161;230;152;160;113;83;60;50;40;23;55;61;49;51;27;45;42;13;3;6;4;4;7;11;5;17;11;6;16;0;28;16;28
4805;"Bogotá, d. c.";"Bogotá, D.C.";DESERTORES;;;;;;;;;;;;;;;;;;;0;0;12;7;12;7;;;;;;;16;17;0;0;0;0;0;21;;;;;;;;;;;;;;;;
4806;"Bogotá, d. c.";"Bogotá, D.C.";DESERTORES;0;0;8;40;1;2;7;25;2;26;1;3;28;34;27;47;25;27;8;10;107;13;61;5;60;147;2;1;34;29;42;58;18;21;31;29;26;19;31;12;6;6;5;3;2;9;11;5;2;8;5;8;19;6
4808;Valle del Cauca;Cali;DESERTORES;;;;;;;;;;;;;;;;;;;0;0;2;33;9;9;3;10;30;38;11;2;20;74;75;132;39;25;10;61;82;;139;218;18;4;101;151;187;43;0;8;25;165;30;102
4810;"Bogotá, d. c.";"Bogotá, D.C.";DESERTORES;0;0;181;109;42;64;85;183;107;70;117;73;57;117;46;79;27;41;56;72;52;62;56;52;138;56;92;114;74;67;92;105;115;18;150;81;106;121;196;251;180;216;200;152;166;139;239;98;113;93;90;67;48;56
4811;Valle del Cauca;Cali;DESERTORES;;;;;;;;;;;;;;;;;;;;;;;;;;;0;0;1;0;;3;1;10;3;4;5;6;7;20;11;20;16;17;22;34;100;3;12;;9;0;17;11
4812;"Bogotá, d. c.";"Bogotá, D.C.";DESERTORES;;;;;;;;;;;;;;;;;;;0;0;16;29;;41;53;5;4;41;63;43;151;128;173;153;143;109;81;42;248;268;115;;166;370;7;4;61;14;;;4;;1;33
4813;"Bogotá, d. c.";"Bogotá, D.C.";DESERTORES;0;0;0;0;1144;0;767;779;531;481;1422;1259;1506;1296;1845;1193;1867;3856;2549;1615;3637;5066;6194;7215;3082;6774;6465;8861;8974;6499;5361;4375;6913;8103;7916;5458;4799;17529;13045;10216;7841;10302;6281;8541;4582;19793;10085;9710;9265;16933;15794;14933;13975;15795
4817;Atlántico;Barranquilla;DESERTORES;0;0;61;129;113;249;257;488;385;430;421;359;430;595;424;511;539;397;247;440;571;454;587;537;618;360;708;924;628;283;494;243;505;344;553;635;387;546;382;323;196;271;197;141;130;159;111;77;120;169;300;277;266;334
4818;Atlántico;Barranquilla;DESERTORES;;;;;;;0;0;1;8;37;64;307;462;57;13;661;634;761;475;453;413;642;892;438;561;710;917;635;720;714;523;734;616;729;610;828;947;763;924;746;771;1095;949;1037;1011;1236;646;823;815;717;697;700;678
4822;"Bogotá, d. c.";"Bogotá, D.C.";DESERTORES;0;0;10;5;11;14;11;14;18;15;19;13;27;33;32;22;29;33;41;33;67;237;111;259;182;218;248;277;318;307;261;306;314;358;332;400;391;453;410;298;330;362;274;225;185;253;296;127;145;177;156;183;146;195
4825;Risaralda;Pereira;DESERTORES;;;;;;;;;;;;;;;;;;;0;0;24;93;14;21;42;28;2;8;35;45;39;53;63;14;35;68;78;61;49;120;54;88;133;121;120;145;231;172;188;141;186;174;184;149
4826;Bolívar;Cartagena de Indias;DESERTORES;;;;;;;;;;;;;;;;;;;0;0;216;322;546;166;389;134;193;;;109;1376;210;193;242;214;187;131;278;48;1;30;717;9;1;1;;184;;60;51;;;;
4827;Antioquia;Medellín;DESERTORES;;;0;0;20;16;25;24;34;43;34;31;31;29;23;35;36;25;17;24;22;35;45;57;71;71;58;49;60;50;36;30;26;19;;;;;;;;;;;;;;;;;;;;
4829;Santander;Bucaramanga;DESERTORES;0;0;23;118;79;123;9;36;21;16;36;39;118;70;97;40;64;72;48;67;56;99;52;347;351;55;217;381;68;198;153;211;106;125;200;230;274;200;134;141;58;21;15;104;14;13;23;140;202;168;146;94;107;81
4832;"Bogotá, d. c.";"Bogotá, D.C.";DESERTORES;;;;;;0;0;2;0;6;0;0;0;5;1;2;0;1;3;2;48;11;177;236;530;444;794;653;1074;690;1013;580;984;1034;696;34;423;107;502;126;308;72;176;199;130;135;192;105;180;79;214;101;86;76
4835;"Bogotá, d. c.";"Bogotá, D.C.";DESERTORES;0;;;0;;2;31;2;90;99;107;75;98;38;31;459;95;70;32;11;90;98;96;73;93;66;82;113;102;106;112;89;98;68;78;48;69;47;54;61;55;55;63;49;37;35;76;40;47;55;64;62;80;66
4837;Atlántico;Barranquilla;DESERTORES;0;0;9;9;17;24;31;34;31;77;38;67;54;54;68;76;60;32;45;43;51;91;92;63;3;54;73;43;45;11;23;29;31;35;32;52;55;42;30;44;39;49;55;32;37;33;45;21;60;51;61;70;76;38
5801;Santander;Bucaramanga;DESERTORES;;;;;;0;0;0;21;6;13;7;9;10;0;8;8;7;3;1;1;3;0;;;4;1;0;0;90;14;8;13;40;124;41;116;107;147;46;51;42;36;50;49;37;86;65;92;108;82;108;143;70
5802;"Bogotá, d. c.";"Bogotá, D.C.";DESERTORES;0;0;86;138;339;0;357;496;613;364;563;510;780;2147;502;307;1227;1061;1195;948;1191;1194;1846;1478;1709;1723;1886;2280;2282;2402;2647;2392;2349;2957;2531;1709;2714;2407;3130;2529;3057;2878;2687;2425;3062;3360;3880;2435;2160;2495;2718;2294;2364;2120
9102;Cundinamarca;Madrid;DESERTORES;0;0;0;9;55;16;8;43;2;17;0;48;3;12;5;14;1;15;0;18;0;8;0;3;12;4;1;3;11;4;3;5;1;2;8;3;14;6;19;3;11;6;12;4;16;5;12;3;43;31;35;;23;
9103;Valle del Cauca;Cali;DESERTORES;0;0;29;22;19;14;19;10;30;21;21;19;14;20;15;14;14;24;27;19;35;15;64;20;24;11;28;32;35;39;17;33;33;35;68;60;50;80;42;38;33;24;60;26;31;17;18;3;14;29;28;;25;
9104;"Bogotá, d. c.";"Bogotá, D.C.";DESERTORES;;;;;;;0;;;;;;;;;;0;0;0;1;132;65;106;37;158;120;2;1;88;111;54;106;139;161;189;106;85;126;208;167;141;164;99;56;123;126;60;26;109;143;131;145;126;83
9105;Bolívar;Cartagena de Indias;DESERTORES;0;0;21;26;22;40;25;12;9;7;32;35;57;66;31;23;25;33;16;26;23;39;32;13;20;25;39;35;13;9;48;31;35;13;73;49;40;107;90;46;81;62;72;26;39;40;57;56;134;255;139;135;507;65
9107;"Bogotá, d. c.";"Bogotá, D.C.";DESERTORES;;;;;;;;;0;0;0;0;;;;;0;0;0;0;57;71;6;110;111;85;103;101;27;135;76;99;120;131;127;45;106;137;51;65;73;43;48;63;54;34;21;53;56;49;79;60;46;77
9110;"Bogotá, d. c.";"Bogotá, D.C.";DESERTORES;;;;;;;;;;;;;;;;;;;;;;;;;0;0;138;852;1785;8067;23590;8547;36675;27477;39196;20708;65412;71940;28850;67918;30774;79852;783;79386;2083;82554;20683;74538;3414;89551;412;112198;336;85726
9116;Chocó;Quibdó;DESERTORES;;;;;;;;;;;;;;;;;;;;;0;0;16;26;43;84;76;61;130;104;53;77;54;85;120;135;126;201;179;181;239;2;18;646;194;224;239;221;283;330;280;237;250;228
9117;"Bogotá, d. c.";"Bogotá, D.C.";DESERTORES;;;;;;;;;;;;;;;;;;;0;0;10;8;6;9;5;6;10;13;4;10;14;8;7;8;5;7;5;3;5;3;5;10;7;8;9;3;4;1;8;2;0;2;3;2
9119;Atlántico;Barranquilla;DESERTORES;;;;;;;;;;;;;;;;;;;0;0;21;100;89;59;195;186;195;246;271;244;345;401;498;739;1041;1163;1219;1601;1527;2031;2098;2566;1969;2111;1701;2160;2123;1492;1756;1951;2002;2148;2130;2099
9120;Antioquia;Medellín;DESERTORES;;;;;;;;;;;;;;;;;;;;0;0;16;23;17;24;23;46;28;28;32;31;33;57;51;61;36;51;68;77;72;72;72;87;87;99;85;121;70;82;79;85;88;74;79
9121;Bolívar;Cartagena de Indias;DESERTORES;;;;;;;;;;;;;;;;;;;;0;0;2;7;3;19;32;36;34;95;82;105;83;214;237;317;272;247;268;315;444;306;264;317;293;405;414;553;194;257;346;319;322;303;373
9122;Santander;Bucaramanga;DESERTORES;0;0;3;13;24;19;13;23;26;26;29;42;58;52;55;58;51;63;39;22;40;49;63;39;45;46;97;63;60;66;63;56;51;62;49;44;50;74;63;36;57;61;43;42;35;44;61;39;31;34;62;50;44;38
9124;Antioquia;Marinilla;DESERTORES;;;;;;;;;;;;;;;;;;;;;0;0;0;6;2;61;0;16;115;44;7;2;3;5;25;32;26;126;28;9;9;28;19;30;1;3;3;25;27;7;2;4;3;2
9125;Antioquia;Santa Fé de Antioquia;DESERTORES;;;;;;;;;;;;;;;;0;0;7;4;7;6;3;11;4;21;23;8;64;9;26;18;13;11;18;18;17;7;7;5;5;3;5;3;1;1;8;4;2;2;8;;;;
9126;Atlántico;Barranquilla;DESERTORES;;;;;;;;;;;;;;;;;;;;;;;;;0;0;0;0;2;6;5;3;3;11;35;33;69;91;104;116;107;83;80;82;75;68;116;57;63;64;64;51;73;50
9127;Antioquia;Sabaneta;DESERTORES;;;;;;;;;;;;;;;;;;;;;;;0;0;113;116;69;76;57;55;46;53;82;79;117;117;141;157;181;141;196;149;246;92;109;95;113;108;104;94;83;113;92;107
9128;"Bogotá, d. c.";"Bogotá, D.C.";DESERTORES;;;;;;;;;;;;;;;;;;;;;;;;0;0;2;52;110;125;144;202;293;95;156;171;153;88;164;219;160;170;147;121;167;80;191;190;104;62;138;107;176;84;194
9129;"Bogotá, d. c.";"Bogotá, D.C.";DESERTORES;;;;;;;;;;;;;;;;;;;;;;;;;0;0;7;24;52;77;109;146;118;115;133;116;174;223;218;229;218;225;207;180;200;276;244;159;193;213;202;218;211;221
9131;"Bogotá, d. c.";"Bogotá, D.C.";DESERTORES;;;;;;;;;;;;;;;;;;;;;;;;;;;0;0;5;19;9;15;13;28;17;18;67;78;78;56;48;57;35;44;74;106;82;69;128;138;151;216;170;165
9132;"Bogotá, d. c.";"Bogotá, D.C.";DESERTORES;;;;;;;;;;;;;;;;;;;;;;;;;;;;;0;;;;;;;;;;;;;;;;;;;;;;;;;
9899;"Bogotá, d. c.";"Bogotá, D.C.";DESERTORES;;;;;;;;;;;;;;;;;;;;;;;;;;;0;0;60;177;151;204;245;285;322;398;889;191;1552;2;0;7;349;42;768;728;463;6;943;1;601;1;;563
9900;Antioquia;Medellín;DESERTORES;;;;;;;;;;;;;;;;;;;;;;;;;;;;;;;0;0;7;5;8;28;41;30;51;47;69;54;65;69;93;79;69;40;47;48;58;68;93;87
9902;Santander;Bucaramanga;DESERTORES;;;;;;;;;;;;;;;;;;;;;;;;;;;;;;;;0;0;0;9;2;15;44;26;29;25;33;30;52;42;52;65;48;60;47;55;65;65;51
9903;"Bogotá, d. c.";"Bogotá, D.C.";DESERTORES;;;;;;;;;;;;;;;;;;;;;;;;;;;;0;0;8;74;72;74;142;485;170;369;37;16;262;133;83;224;118;174;142;100;12;30;61;56;69;93;85
9904;"Bogotá, d. c.";"Bogotá, D.C.";DESERTORES;;;;;;;;;;;;;;;;;;;;;;;;;;;;;0;0;7;11;40;26;39;85;152;162;214;350;329;263;289;293;374;406;558;242;368;339;329;279;312;744
9905;Huila;Rivera;DESERTORES;;;;;;;;;;;;;;;;;;;;;;;;;;;;;;;0;0;8;8;3;35;70;58;126;87;117;171;113;75;55;80;123;82;102;150;112;151;88;91
9906;Valle del Cauca;Cali;DESERTORES;;;;;;;;;;;;;;;;;;;;;;;;;;;;;;0;0;0;38;38;31;15;23;16;22;22;24;19;30;28;19;25;22;15;21;15;17;22;23;13
9907;Huila;Neiva;DESERTORES;;;;;;;;;;;;;;;;;;;;;;;;;;;;;;;;;0;0;8;46;56;81;83;123;138;122;175;167;137;222;211;84;120;205;121;128;141;164
9913;"Bogotá, d. c.";"Bogotá, D.C.";DESERTORES;;;;;;;;;;;;;;;;;;;;;;;;;;;;;;;;;0;0;12;6;23;165;1393;1658;2280;1603;2454;941;968;1276;1197;1637;1499;1003;1553;684;1266;1034
9914;"Bogotá, d. c.";"Bogotá, D.C.";DESERTORES;;;;;;;;;;;;;;;;;;;;;;;;;;;;;;;;;;0;0;5;44;26;20;35;30;25;44;55;47;60;18;54;76;92;123;161;153;175
9915;"Bogotá, d. c.";"Bogotá, D.C.";DESERTORES;;;;;;;;;;;;;;;;;;;;;;;;;;;;;;;;;;0;0;6;23;15;56;78;377;268;413;402;438;186;225;;276;606;281;216;363;326
9918;Cundinamarca;Cota;DESERTORES;;;;;;;;;;;;;;;;;;;;;;;;;;;;;;;;;;;;0;;;;;;;;;;;;;;;;;;
9921;Nariño;Pasto;DESERTORES;;;;;;;;;;;;;;;;;;;;;;;;;;;;;;;;;;;;;;;;0;0;4;7;4;3;5;1;4;4;5;5;8;7;4
9922;Risaralda;Pereira;DESERTORES;;;;;;;;;;;;;;;;;;;;;;;;;;;;;;;;;;;;;;;0;0;68;99;97;276;264;394;263;293;258;283;201;241;201;246
9923;"Bogotá, d. c.";"Bogotá, D.C.";DESERTORES;;;;;;;;;;;;;;;;;;;;;;;;;;;;;;;;;;;;;;;;;;;;;;0;0;0;0;1;0;;0;33
9924;"Bogotá, d. c.";"Bogotá, D.C.";DESERTORES;;;;;;;;;;;;;;;;;;;;;;;;;;;;;;;;;;;;;;;;;;;;;;0;0;2;16;22;36;59;53;44
9926;"Bogotá, d. c.";"Bogotá, D.C.";DESERTORES;;;;;;;;;;;;;;;;;;;;;;;;;;;;;;;;;;;;;;;;;;;0;0;76;120;234;350;483;625;729;635;749;621
9927;Antioquia;Medellín;DESERTORES;;;;;;;;;;;;;;;;;;;;;;;;;;;;;;;;;;;;;;;;;;;0;0;96;298;139;371;787;1138;1030;1449;891;1131
9928;"Bogotá, d. c.";"Bogotá, D.C.";DESERTORES;;;;;;;;;;;;;;;;;;;;;;;;;;;;;;;;;;;;;;;;;;;;;0;0;2;3;2;13;27;39;18;10
9929;Cauca;Popayán;DESERTORES;;;;;;;;;;;;;;;;;;;;;;;;;;;;;;;;;;;;;;;;;;;0;0;511;7;25;92;96;101;59;12;207;57
9930;"Bogotá, d. c.";"Bogotá, D.C.";DESERTORES;;;;;;;;;;;;;;;;;;;;;;;;;;;;;;;;;;;;;;;;;;;;;;0;0;4;12;2;13;7;9;8
9931;"Bogotá, d. c.";"Bogotá, D.C.";DESERTORES;;;;;;;;;;;;;;;;;;;;;;;;;;;;;;;;;;;;;;;;;;;;;0;0;4;29;34;;;;;
9932;"Bogotá, d. c.";"Bogotá, D.C.";DESERTORES;;;;;;;;;;;;;;;;;;;;;;;;;;;;;;;;;;;;;;;;;;;;;;;0;0;2;1;1;5;7;5
9933;Cesar;La Paz;DESERTORES;;;;;;;;;;;;;;;;;;;;;;;;;;;;;;;;;;;;;;;;;;;;0;0;19;8;16;32;45;42;79;65;67
9934;"Bogotá, d. c.";"Bogotá, D.C.";DESERTORES;;;;;;;;;;;;;;;;;;;;;;;;;;;;;;;;;;;;;;;;;;;;;;;0;0;1;1;5;2;26;3
9935;Santander;Barrancabermeja;DESERTORES;;;;;;;;;;;;;;;;;;;;;;;;;;;;;;;;;;;;;;;;;;;;;;;0;0;6;6;17;10;32;
9936;Norte de Santander;Cúcuta;DESERTORES;;;;;;;;;;;;;;;;;;;;;;;;;;;;;;;;;;;;;;;;;;;;;;;0;0;3;7;6;25;21;19
9938;Santander;Bucaramanga;DESERTORES;;;;;;;;;;;;;;;;;;;;;;;;;;;;;;;;;;;;;;;;;;;;;;;;;;;;;;0
1101;"Bogotá, d. c.";"Bogotá, D.C.";MATRICULADOS;2219;4118;6079;7934;9926;11506;13420;14889;16160;17599;17683;19951;20932;21458;22046;21435;21317;21048;21512;21237;21213;21176;21348;21495;21791;21894;22496;22528;23063;23284;24034;23930;23800;24119;24100;24069;24066;24152;24206;24330;24696;23955;24532;24928;25141;25296;27087;27018;27074;27547;27734;27130;24537;24903
1102;Antioquia;Medellín;MATRICULADOS;643;565;1737;2174;2827;3408;3841;4119;4646;5189;5031;5983;6561;7007;7725;7714;7795;8385;8655;8614;8735;9206;9259;9039;9409;9323;9700;9749;9917;9663;9640;9636;9634;9799;9948;10173;10073;10186;10175;10160;10256;10285;10407;10734;1400;11288;12081;11964;11533;11570;11297;10735;9357;9637
1103;Caldas;Manizales;MATRICULADOS;356;760;1154;1557;1990;2322;2632;2978;3251;3574;3590;3834;4109;4060;4275;3985;3946;3806;3694;3647;3821;3534;3498;3497;3691;3620;3829;3824;4090;4197;4348;4332;4288;4460;4626;4583;4735;4645;4702;4650;4618;4595;4587;4610;4694;4671;4893;4743;4803;4809;4730;4612;4038;4165
1104;Valle del Cauca;Palmira;MATRICULADOS;215;369;417;582;652;634;758;981;1007;1127;1574;1762;1842;1936;1906;1863;1894;1904;2012;2022;136;1877;1650;1772;1823;1841;1958;2024;2200;2322;2401;2420;2369;2568;2638;2693;2796;2784;2826;2746;2670;2636;2592;2638;2664;2777;2812;2734;2673;2693;2595;2593;2326;2324
1105;"Bogotá, d. c.";"Bogotá, D.C.";MATRICULADOS;3784;3870;4133;4070;4156;4283;4457;4445;4530;4784;4916;5361;5817;6242;6613;6939;7176;7571;7780;8265;8691;8712;8626;8896;9060;9264;9165;9430;9505;9322;9317;9152;8710;8628;8534;8568;8297;8214;8109;8095;8334;8475;8520;8586;8255;8361;8349;8590;8395;8403;8415;8214;7148;7606
1106;Boyacá;Tunja;MATRICULADOS;1059;1781;3567;4633;2786;6526;7700;8624;9192;9465;9817;10165;10424;10587;10762;11186;11733;12280;14934;15429;15535;15649;15780;16824;16405;16509;17746;18084;17522;17817;17865;18571;18737;19346;19575;20553;21121;21536;22058;20603;20357;20650;20458;20598;20465;20419;20942;20684;20893;21468;21527;20928;19148;20571
1107;Boyacá;Duitama;MATRICULADOS;193;379;452;553;237;1737;700;792;1;215;428;572;642;729;1121;1181;1248;1488;2788;2789;2805;2779;2732;2838;2851;2740;2697;2852;2637;2657;2658;2724;2752;2701;2730;2716;2785;2786;2903;2921;2936;2969;3003;3055;3047;2972;3013;3015;2963;3010;3015;2684;2439;2603
1108;Boyacá;Sogamoso;MATRICULADOS;152;330;481;603;211;1686;916;1042;1075;1149;1253;1347;1419;1473;1490;1580;1567;2016;2640;2692;2680;2083;2776;2839;2874;2809;2929;2952;2628;2770;2753;2799;2931;3098;3014;3157;3157;3226;3251;3198;3262;3345;3382;3439;3344;3397;3477;3458;3463;3519;3513;3290;3036;3162
1109;Boyacá;Chiquinquirá;MATRICULADOS;129;158;208;180;113;230;392;195;217;224;260;335;391;437;551;590;662;726;808;839;849;865;869;874;891;854;912;961;944;956;946;976;954;919;905;902;890;853;831;831;845;880;855;873;843;855;967;824;780;786;788;705;652;691
1110;Cauca;Popayán;MATRICULADOS;322;614;925;1622;2202;2932;3268;3952;;366;4236;4774;5547;6081;6371;6320;7070;7077;7699;7297;7987;7989;8222;8143;9017;8895;8894;8911;8992;9324;10167;10602;10875;10964;11547;11939;12729;11743;11621;10650;10977;11235;11845;12206;12681;;13508;13189;13780;14156;14232;13989;12818;13280
1111;Risaralda;Pereira;MATRICULADOS;738;1151;1604;2259;2792;3042;3816;4117;4917;;5642;5795;6883;7361;8166;8184;9011;9386;10178;10627;11306;11553;12240;12663;13925;14158;14297;14637;14623;14641;15440;15646;17018;15969;16294;15878;16130;14919;15166;14921;14926;14665;14459;14304;14609;15225;15103;15236;14975;14803;14156;14219;12213;12822
1112;Caldas;Manizales;MATRICULADOS;;;1;1;1;1;1;1;602;1061;1345;1638;1761;1887;2031;1905;2595;2910;3764;4443;4714;5540;6006;6566;7093;8055;8868;9537;9962;10290;10655;11417;11246;11117;12017;11885;12452;11811;12334;13069;13546;13486;13306;13206;12898;3549;12584;12068;11639;12088;12389;13130;10903;11208
1113;Córdoba;Montería;MATRICULADOS;2061;1828;2167;2345;2650;2759;2631;2638;2293;2655;3061;3705;3645;3940;4504;4424;5051;5310;6233;6615;7123;7213;7946;8369;9374;9470;9898;10279;10854;11340;12494;12974;13708;13750;14391;14126;14768;12791;13505;14476;15212;15914;15426;11867;15430;16219;16578;16087;15719;15201;14477;13816;12189;12179
1114;Huila;Neiva;MATRICULADOS;1082;1238;1679;1823;2360;2219;2772;2891;3444;3430;3650;3659;3939;3974;4155;4310;4515;4597;5141;5501;5917;6577;7381;7578;8247;8558;8694;9025;9499;9904;10211;10197;9425;9622;10359;10778;10941;10898;11642;11543;11752;11970;12217;12025;12337;12844;13124;12901;13654;13199;13610;13559;11950;11848
1115;Caquetá;Florencia;MATRICULADOS;1173;1195;1486;1641;1837;2006;2245;2163;2230;2212;2323;2331;2345;2536;3179;3333;3358;2786;3548;4203;4096;4629;4661;4492;4497;4442;4842;4964;4898;5130;5295;5891;5860;6276;6817;7257;7568;8027;8305;8425;8044;8139;8156;8492;7780;8385;8723;8587;8752;8735;8073;7467;6408;6579
1117;"Bogotá, d. c.";"Bogotá, D.C.";MATRICULADOS;480;827;1286;1586;2031;2362;2855;3302;3676;4125;4425;4794;5086;5297;5510;5619;5862;6066;6994;6901;8249;7115;8445;8981;9032;9974;8520;10141;10014;10695;11424;12099;12627;12729;13230;13454;14343;14448;15053;14437;14747;14470;15473;15127;15460;14661;15290;15343;15814;15867;16246;15849;13897;14631
1118;Chocó;Quibdó;MATRICULADOS;;;;;;;;;;;;;;;;;399;400;1945;2160;3098;3568;4500;4662;6131;6225;7313;7007;7347;7478;7577;7164;7428;7578;8016;7602;7716;8113;8555;7183;7473;1778;9470;9391;9610;10478;12205;12890;13017;13169;13824;12612;11665;11717
1119;Meta;Villavicencio;MATRICULADOS;339;660;1030;1419;1732;1742;2025;2268;2630;2904;3091;3360;3553;3715;3835;4014;4153;4406;5159;5240;5423;5584;5491;5764;5569;5669;5483;5229;5073;5106;5037;4994;5026;5063;5122;5353;5521;5479;5693;5634;5764;5768;5616;5746;5821;;6169;6144;6369;6536;6779;7017;6207;6512
1120;Cesar;Valledupar;MATRICULADOS;654;1306;2197;2505;2423;2580;3555;3220;3864;3850;4071;4144;4112;3836;3384;3535;3144;2751;4623;5555;6300;7034;7302;7932;7571;7888;8237;8856;9441;9935;9511;10196;11535;11153;11537;11995;12716;12998;13300;13358;12999;13241;12699;12531;13093;13524;13465;13200;13128;12293;12360;12258;10582;11484
1121;"Bogotá, d. c.";"Bogotá, D.C.";MATRICULADOS;24;68;70;75;72;61;45;4;727;1087;1774;2198;2714;3044;3359;3618;3819;3846;4292;4175;4253;4293;4383;4427;4524;4697;4763;4772;4774;4807;4972;4893;4929;4969;4985;5014;5068;5083;5075;4988;4939;4996;5138;5116;5167;5343;5622;6140;6212;6355;6468;6503;5668;5952
1122;Valle del Cauca;Buenaventura;MATRICULADOS;;;;;;176;338;396;462;505;651;715;635;754;723;828;912;917;1187;1557;1488;1672;1532;1473;1447;1807;1645;1621;1414;1121;1262;1528;1518;1650;1857;2210;2234;2391;2228;2340;2650;2729;2664;2673;2650;2687;2824;2534;2468;2441;2599;2878;2455;2366
1123;Cesar;Aguachica;MATRICULADOS;348;380;365;381;297;273;473;243;257;256;297;232;395;415;462;393;451;477;504;526;496;625;800;871;1120;1034;937;844;848;774;702;763;600;578;701;771;1036;1081;1399;1340;1662;1831;2096;2105;2197;2419;2512;2568;2656;2608;2663;2549;2135;2219
1124;Arauca;Arauca;MATRICULADOS;62;59;56;122;117;112;110;169;154;127;124;120;79;65;71;48;38;22;13;2;5;;;;;;;;;;;;;;;;;;;;;;;;;;;;;;;;;
1125;Amazonas;Leticia;MATRICULADOS;;;;;28;24;20;20;20;20;19;19;18;18;7;4;;;;;;;;;;;;;;;;;;;;;;;;;;;;;;;;;;;;;;
1201;Antioquia;Medellín;MATRICULADOS;2186;2454;5501;7107;9671;10527;13532;11043;17266;19396;21241;22747;16599;23911;21875;23716;27069;27846;26539;24800;27719;28912;29823;30455;30130;21363;28461;26429;32154;31507;33108;34492;35154;33610;35375;27603;36411;36699;33496;33326;32830;32074;30119;29179;30736;10716;31473;27562;30796;18626;31322;31893;28239;30071
1202;Atlántico;Puerto Colombia;MATRICULADOS;986;1585;2065;2263;3197;3457;2931;3744;5524;5534;847;5955;7512;7660;9084;8921;9808;9326;9996;9755;9592;9717;10078;11000;13162;15239;17121;16170;16643;17833;18528;19695;19701;20000;21116;21946;21475;22312;22521;25041;22405;22786;20987;17490;19264;18720;20119;1;21136;20520;20187;19828;16926;17728
1203;Valle del Cauca;Cali;MATRICULADOS;169;1389;1161;4193;4445;8006;8479;11165;11015;13871;13288;16082;16706;19253;19909;21681;21176;22716;14247;17099;17829;19757;17939;19278;21826;21209;23587;21259;23712;21875;23190;22359;23441;21810;22731;21137;23388;24042;23754;23920;25803;25233;26284;25772;14713;29161;21838;29351;29924;29936;31245;30534;26507;26914
1204;Santander;Bucaramanga;MATRICULADOS;42;5;14;7;61;7;2112;3587;4326;5724;6917;8523;9307;9977;11626;12707;13237;13822;18327;18331;19050;19298;19896;19600;20104;20188;20137;19712;20121;19707;19982;19574;20069;20689;19754;19366;19110;18174;18462;18974;18885;18554;17952;18415;18415;19086;19941;20073;19888;19944;19798;20242;17845;19119
1205;Bolívar;Cartagena de Indias;MATRICULADOS;1423;2354;2871;3376;4670;4608;4406;4501;5255;5425;5877;6142;6724;6974;7249;7333;8013;7931;9881;9921;10121;10193;10544;11177;13436;13516;15701;16794;18364;18634;18305;18277;18274;17807;17235;16716;16669;16547;16227;16225;16368;16685;16312;16208;16273;17444;18505;8706;19986;20257;20494;20525;17809;18986
1206;Nariño;Pasto;MATRICULADOS;92;196;253;335;358;419;793;818;895;1026;1070;1190;1073;1295;1248;1417;1110;1603;4310;5401;5309;7007;6272;7717;7567;7798;9053;9837;9957;9959;9909;10101;10352;10449;10951;10819;11199;11200;11614;11723;12171;12402;12871;13089;13342;13273;14341;14165;13765;13986;13852;13275;11840;12290
1207;Tolima;Ibagué;MATRICULADOS;520;803;1229;1499;1837;2140;3718;2230;3977;4306;4696;4437;3656;3220;3611;3903;3182;3183;5671;7056;10312;11389;15973;14930;21517;17265;23802;19366;24083;20345;16635;15832;16629;17020;15177;14053;14449;14004;12492;12621;13614;14676;15271;16824;17764;20246;21565;22821;22408;21893;22569;22521;19180;21096
1208;Quindío;Armenia;MATRICULADOS;1;1;2;2;785;1358;1867;2165;2866;3348;3643;4184;4802;5223;5800;6191;5941;5813;6336;6982;8667;9345;10020;11167;11901;12233;12656;13486;14374;15243;15748;17139;17982;17788;16295;16768;17050;15982;15417;16992;13827;12938;12775;13130;13154;13443;14078;14524;14904;14901;14948;14850;12922;13654
1209;Norte de Santander;Cúcuta;MATRICULADOS;1239;2495;885;1126;1286;2805;3678;4372;5302;5984;6846;7326;7628;9090;9295;10331;9710;10287;8097;7889;8274;8928;9717;10083;11183;12335;12914;12868;14041;13184;13198;13811;14118;14508;15076;15470;16321;15972;15957;15683;16082;15881;16077;16247;16106;16917;17201;17427;16656;14933;15145;14387;12882;12839
1210;Norte de Santander;Ocaña;MATRICULADOS;210;342;588;761;940;1071;1109;580;430;654;1495;857;1321;1773;1793;957;1839;1518;1430;1533;1729;1824;2294;2223;2835;2840;3503;3557;3702;3750;4226;4541;4919;5103;5269;5506;5808;5782;5839;5974;5960;5797;5981;5920;5651;5915;6005;5800;5774;5425;5529;5361;4742;4954
1212;Norte de Santander;Pamplona;MATRICULADOS;5389;4782;6023;6887;8953;8748;10302;8728;11046;11684;14422;15130;16456;16656;17810;18583;21133;22112;29119;31133;36916;34109;33904;31564;29230;27393;27337;24869;23120;20586;18483;17520;18196;18715;21433;21410;23603;24205;25024;24905;24807;24644;23899;23574;23197;24015;23468;23214;21985;21497;21882;21345;19029;19878
1213;Magdalena;Santa Marta;MATRICULADOS;219;105;608;776;1337;1549;1995;1709;2424;3561;3924;4656;5716;6537;7348;7639;8191;8830;9433;9796;10575;13314;13795;14305;14242;16024;16687;17166;19026;20265;20580;22019;20733;20479;22585;21744;20762;19509;19306;18288;18163;17984;18355;18636;19176;21110;22836;23285;23868;24267;23801;24086;20453;22223
1214;Cundinamarca;Fusagasugá;MATRICULADOS;3195;2436;2978;3048;3278;3235;3594;3793;4003;4077;4271;4154;4281;4210;4129;1206;4437;4396;6340;6777;7018;6941;7251;7484;7292;7524;7912;7821;8064;8311;8738;9165;9716;9746;10281;10263;10497;10718;10997;10349;10420;10449;10232;10436;10308;10429;10543;10758;10411;10197;9925;9577;8125;8419
1215;Cundinamarca;Girardot;MATRICULADOS;939;963;1371;1463;1567;1629;1708;1697;1731;1642;1683;1545;1447;1336;1183;71;991;895;812;990;1062;1288;1392;1576;1648;1791;1965;2004;2086;2240;2360;2562;2631;2609;2704;2648;2697;2308;2373;2294;2235;2153;1996;2056;1959;1933;1867;1850;1634;1637;1606;1539;1330;1329
1216;Cundinamarca;Villa de San Diego de Ubaté;MATRICULADOS;299;230;314;316;308;323;351;348;350;318;278;270;241;215;214;36;166;165;110;146;225;259;302;345;367;370;401;404;340;415;428;414;421;419;414;415;421;417;422;424;441;449;463;488;497;506;533;562;554;571;580;557;490;514
1217;Sucre;Sincelejo;MATRICULADOS;11;92;33;1;3;1;;;;;244;431;763;901;1284;1504;1774;1985;2515;2951;3260;3515;3723;4056;4246;4305;3674;4425;4359;4594;4692;4988;4931;5011;5076;5112;5229;5236;5234;5164;5449;5022;5677;5718;5789;5960;5974;6011;5981;5999;6014;5974;5315;5500
1218;La Guajira;Riohacha;MATRICULADOS;443;650;844;122;2330;565;1109;1355;1879;2084;2401;2834;3343;3374;3763;3765;4051;3937;4336;4203;5152;5141;5894;6546;7065;7261;7455;7370;7684;7931;8426;9934;10793;11429;12451;13455;14214;14403;14141;14185;14226;14573;13883;12771;13417;;13426;13840;13892;14377;15045;15134;13261;14305
1219;Antioquia;El Carmen de Viboral;MATRICULADOS;;;;19;39;85;109;142;205;258;258;319;334;502;670;693;859;789;880;911;960;902;1078;967;841;836;635;633;617;643;550;701;607;855;744;754;615;667;433;490;626;377;372;325;318;77;235;235;283;148;313;314;259;254
1220;Antioquia;Andes;MATRICULADOS;;;;38;53;78;80;58;121;155;179;153;189;204;248;270;324;323;309;319;344;405;409;351;383;494;414;308;355;340;320;337;323;384;411;364;327;322;283;306;325;288;323;238;266;236;206;204;213;185;197;;;
1221;Antioquia;Caucasia;MATRICULADOS;39;87;83;96;96;59;45;77;46;69;139;138;184;283;386;491;602;607;675;705;662;566;601;541;590;794;502;504;397;311;255;226;265;252;280;216;193;240;195;193;142;135;146;187;225;216;255;191;181;211;238;;;
1222;Antioquia;Puerto Berrío;MATRICULADOS;7;14;10;22;21;20;8;;26;58;98;106;106;109;102;147;177;190;209;207;215;190;205;188;145;206;148;132;154;141;151;165;152;127;82;74;72;66;57;75;89;42;41;57;83;74;71;69;66;65;65;;;
1223;Antioquia;Turbo;MATRICULADOS;52;61;58;93;122;110;115;119;129;142;243;242;277;303;405;485;510;528;585;731;841;835;913;838;688;738;757;748;688;693;533;506;501;499;443;382;265;234;232;316;359;271;264;271;247;217;251;251;329;315;393;481;415;417
1301;"Bogotá, d. c.";"Bogotá, D.C.";MATRICULADOS;1741;2904;4049;4953;6337;7054;7948;9074;10292;11058;14929;12453;12833;12813;13713;13552;13617;13022;18619;18619;18975;19382;21863;22750;23731;22997;22165;21783;21677;21877;21909;20090;19024;19590;19080;18965;19652;18921;16514;13320;14906;16692;16215;16138;18116;18840;18766;19237;21226;24020;22066;20725;16972;18137
1701;"Bogotá, d. c.";"Bogotá, D.C.";MATRICULADOS;1584;2745;4315;5129;6390;6990;10239;11079;12226;13276;15244;12787;14547;13694;13945;14114;14657;14460;18790;19156;19454;18073;17707;17632;17487;18843;17476;17477;17688;17716;18028;17801;18394;18675;18983;19436;19878;18906;19569;19145;19113;18669;18747;18246;17939;17135;17857;17431;17700;17419;17470;17200;15194;14904
1702;Valle del Cauca;Cali;MATRICULADOS;929;1479;1710;2115;2209;2718;2795;3375;3559;4178;4235;4623;4613;4847;4737;4946;4778;5019;4958;5074;5000;5173;5023;5008;4889;5083;5152;5401;5464;5580;5565;5777;5831;6004;6290;6420;6771;6739;6873;6828;6937;6942;6802;6769;6737;6571;6715;6535;6528;6567;6563;6583;5759;5953
1703;"Bogotá, d. c.";"Bogotá, D.C.";MATRICULADOS;708;1072;1481;1624;1786;1854;2019;2027;2524;2656;2774;2764;2747;2535;2633;2912;3002;2839;2710;2809;3055;3308;3636;3758;4113;4099;4440;4171;4291;4373;4241;4148;4287;4056;4093;3747;3620;3068;2802;2480;2250;2014;1648;1106;990;885;756;661;554;522;473;698;446;4633
1704;"Bogotá, d. c.";"Bogotá, D.C.";MATRICULADOS;964;1427;2161;2433;3136;3276;4019;850;1731;2153;2722;2682;3579;3736;4508;4764;5378;5577;7133;7556;8658;8787;9606;9928;10443;10104;10896;10814;11403;11710;13135;13559;15915;15181;17633;17365;18952;17778;18263;17441;18142;17600;17394;16444;16347;15323;15544;14632;14802;13984;13789;12597;10529;10008
1705;Santander;Bucaramanga;MATRICULADOS;626;955;1374;1620;2138;2534;3008;3076;3875;3952;3846;3973;4096;4007;4312;4099;4367;4207;4690;4759;5462;5338;5687;5574;5894;5591;5419;5668;5569;5449;5414;5271;5308;5069;5340;5243;5220;4927;5110;5236;4955;4843;5134;5365;5407;4993;5049;4949;4224;4701;4687;4560;3865;3811
1706;"Bogotá, d. c.";"Bogotá, D.C.";MATRICULADOS;797;644;1433;1715;2280;1969;2841;3077;3738;3923;4745;3963;5209;4267;5706;5355;5324;5327;5904;5721;5989;5844;5995;5641;5720;5376;5764;5534;5234;5074;5424;5262;5340;5140;5358;5058;5447;5419;5424;5397;5734;5392;5491;5318;5425;5281;5450;5114;5138;4967;5026;4955;4193;3985
1707;"Bogotá, d. c.";"Bogotá, D.C.";MATRICULADOS;1522;2356;3136;3365;4040;4246;4822;5268;6005;6585;6922;7196;7469;7569;7252;6798;6685;6355;8139;8131;8447;8389;9007;9186;9655;9894;10707;10643;11098;11145;11168;10763;10765;10357;10701;10305;10827;10456;10246;9290;9127;8504;8191;7602;7135;5707;5894;5428;5367;5282;5539;5652;4839;4884
1708;Bolívar;Cartagena de Indias;MATRICULADOS;1164;1126;1082;1013;936;826;767;730;813;785;764;758;814;754;819;767;846;826;1019;1012;1140;1147;1179;1153;1206;1130;1057;974;887;757;753;671;576;550;496;452;433;412;365;307;363;323;332;288;309;247;212;173;142;120;;;;
1709;"Bogotá, d. c.";"Bogotá, D.C.";MATRICULADOS;1511;2198;2820;3126;3530;3716;4126;4073;5481;5627;6047;5959;5973;5837;5543;5613;5689;5716;4726;5350;6016;6507;6964;7136;7619;7770;8363;8467;9074;10880;9093;9128;9329;9374;9701;9734;10166;10275;10946;10821;11066;10506;10020;9392;9145;7701;7906;7185;7054;6486;6420;5928;5050;4698
1710;Antioquia;Medellín;MATRICULADOS;3419;1642;2980;2815;4250;4006;5340;5933;6464;6717;7111;6963;7900;7758;8099;7884;8186;7719;9276;9273;9961;9507;10549;10273;10746;10525;11182;10951;11612;11293;12714;12182;12928;12401;13154;12474;13108;13146;13607;13282;13581;13217;13008;12331;12308;11207;11329;11052;10162;9508;9368;9010;7866;7497
1711;Cundinamarca;Chía;MATRICULADOS;930;1477;2338;2790;3429;3626;4185;4378;4870;4999;5269;5729;5954;5884;6105;5904;5957;5617;5989;6063;6683;6849;7438;7519;7787;7817;8235;8248;8568;8548;8875;8661;8983;8981;9460;9149;10747;10438;10581;10218;10551;10386;10298;10202;10319;10078;10004;9910;9859;9702;9717;9431;8390;8197
1712;Antioquia;Medellín;MATRICULADOS;956;1228;2056;2322;2659;2874;3686;3729;4477;4830;5497;5359;5843;5467;5798;5516;5779;5330;6981;6874;7504;7181;7493;7225;7689;7539;8076;7771;8209;7897;8294;8029;8423;8271;8929;8720;9475;9187;9588;9398;9612;9140;9186;8704;8824;8313;8456;7937;8250;8082;8255;7900;7225;7193
1713;Atlántico;Barranquilla;MATRICULADOS;;;;;;;;;1857;2192;3258;3657;4431;4585;5341;5446;5960;5885;6138;6167;6335;6060;6130;5815;6152;5878;6163;5959;6113;5915;6561;6764;7770;7740;9275;9355;10885;11183;11806;12023;12760;12832;12960;12865;12694;11866;12216;11826;11683;11171;10928;10625;9038;8903
1714;"Bogotá, d. c.";"Bogotá, D.C.";MATRICULADOS;;;460;782;1158;1359;2048;2354;2888;3281;3975;4276;4585;4492;4860;4932;5506;5727;6585;6685;7132;7097;7374;7564;8248;8196;8878;8692;8726;8317;8269;8068;8205;8321;8643;8478;8916;9083;9448;9685;9346;9792;9928;9558;9603;9025;9390;9342;9183;9154;9333;8843;7693;7525
1715;"Bogotá, d. c.";"Bogotá, D.C.";MATRICULADOS;679;609;1026;1176;1515;1710;2025;2290;2643;2843;2996;3050;3021;3104;3137;3151;3287;3284;3257;3201;3262;3239;3323;3322;3405;3400;3528;3559;3735;3763;3966;3977;4131;4052;4131;4024;4341;4147;4179;3796;3617;3248;3140;2796;2749;2661;2637;2330;2249;2061;2071;1873;1581;1492
1716;Valle del Cauca;Cali;MATRICULADOS;4861;5463;5259;5272;4904;4724;4361;4366;4216;4245;4053;3879;3685;3554;3383;3244;3081;2988;2939;2997;3082;3458;3614;4018;4198;4348;4398;4614;4603;4589;4455;4659;4576;4581;4770;4849;5117;4915;4722;4692;4333;3914;4149;3975;3913;3550;3726;3544;3888;3868;3971;3928;3421;3203
1717;Antioquia;Medellín;MATRICULADOS;;;3782;3336;3157;2744;2681;2327;2379;2214;2105;1948;2113;2039;2345;2632;3086;3265;3773;3928;4381;4250;4540;4448;4532;4470;4673;4315;4577;4634;4903;4844;5198;5037;5027;4935;5333;5305;5362;5025;5007;4706;4569;4193;4169;3532;3584;3280;3295;3098;3025;2841;2467;2267
1718;"Bogotá, d. c.";"Bogotá, D.C.";MATRICULADOS;;;;;;;753;967;1509;1589;1984;2033;2356;2522;2899;2992;3048;2909;3304;3157;3548;3444;3594;3355;3771;3651;3432;3388;3672;3396;3787;3921;3830;2285;2653;2762;3046;2969;2764;2625;2688;2495;2535;2391;2469;2122;2136;2123;2240;2291;2319;2535;2219;2240
1719;"Bogotá, d. c.";"Bogotá, D.C.";MATRICULADOS;1617;2452;3573;4360;5122;5850;6922;7627;8607;9268;9472;9536;9453;9207;9698;9252;9535;9668;9389;9350;9478;9584;11102;9474;9670;9578;9640;9738;9795;9584;9569;9604;9643;9420;9619;9447;9618;9735;9719;9575;9363;8844;8763;8359;8408;7414;7643;7217;7005;6660;6277;5779;4861;4424
1720;Nariño;Pasto;MATRICULADOS;;;25;59;416;581;469;726;1083;1415;1714;1936;2182;2838;2606;3038;3370;3340;3934;3998;4606;4543;4361;4644;5291;5752;5576;5493;5377;5434;5492;5799;6124;6275;6628;6565;6758;6625;7056;6837;7099;6749;6976;6377;6349;5755;5931;5759;5821;5849;6136;6109;5217;5139
1722;Caldas;Manizales;MATRICULADOS;536;974;1490;1740;2118;2270;2628;2714;2915;3091;3349;3379;3426;3346;3459;3381;3468;3460;3558;3489;3563;3563;3711;3634;3576;3506;3540;3506;3729;3609;3632;3477;3684;3913;4376;4557;5132;5327;5955;6112;6182;6177;6205;6069;5489;5471;5205;5465;5013;5317;5142;4940;4053;4188
1723;Santander;Bucaramanga;MATRICULADOS;854;546;1087;969;1482;1365;1899;1793;2356;2217;2674;2627;2697;2693;2827;2921;2850;2876;3183;3270;3478;3478;3831;3886;4223;4204;4597;4506;4887;4768;5176;5036;5390;5145;5548;5305;5570;5257;5119;4778;4975;4471;4687;4256;4407;3846;4093;3694;3831;3544;3743;3448;3159;2847
1724;Bolívar;Cartagena de Indias;MATRICULADOS;1921;266;480;166;2911;2816;3203;2977;3229;2911;3012;2707;2662;2366;2246;2041;1937;1766;1853;1733;1785;1604;1596;1578;2043;1981;2169;2119;2303;2210;2347;2295;2439;2320;2338;2241;2282;2142;2336;2273;2653;2729;3131;3124;3419;3036;3529;3581;3829;3916;3940;3866;3345;3288
1725;"Bogotá, d. c.";"Bogotá, D.C.";MATRICULADOS;540;840;1256;1558;1962;2421;2991;3350;3748;4004;4301;4411;4488;4732;4822;4952;5024;5050;5354;5441;5640;5805;6188;6051;5749;5888;6076;6182;6497;6186;6499;6334;6435;6168;1673;5932;6138;5657;5621;4558;4978;4421;3780;2247;2457;1730;1538;1253;933;732;665;392;454;
1726;Antioquia;Rionegro;MATRICULADOS;650;959;1305;1484;1641;1684;1874;1899;2067;2053;2228;2259;2265;2158;2170;2036;2085;2227;2338;2210;2295;2318;2357;2233;2343;2341;2520;2530;3333;3793;3840;4199;5084;5498;5589;5121;5294;5070;5023;4808;5019;4846;4811;4488;4536;4154;4266;4049;4163;4008;4127;3825;3195;3123
1727;Córdoba;Montería;MATRICULADOS;847;627;875;832;1207;1135;1478;1357;1703;1575;1944;1739;1956;1803;1941;1826;1753;1656;1898;1915;1979;1940;1962;1840;1850;1819;1721;1847;1938;1908;2040;1894;2049;1969;2105;2092;2273;2138;2328;2262;2252;2196;2601;2535;2878;2780;3107;3085;3302;3349;3761;3680;3382;3261
1728;"Bogotá, d. c.";"Bogotá, D.C.";MATRICULADOS;303;242;537;309;1530;1667;2117;2450;2606;2653;2880;2852;2926;2974;3089;3053;3256;3373;3883;4064;4387;4462;4750;4872;5137;5212;5477;5415;5883;5851;5946;6207;6242;6250;6693;6711;7363;7182;7622;7090;7404;7338;7744;7711;7832;7084;7374;7209;7601;7663;7117;6718;5697;5598
1729;"Bogotá, d. c.";"Bogotá, D.C.";MATRICULADOS;310;559;778;945;1444;1864;2269;2575;2837;3299;3288;3516;3560;3679;4142;4212;4168;4167;4477;4545;4948;5118;5434;5518;5957;6074;6483;6674;7158;7357;7848;8064;8588;8806;9257;9547;10135;10101;10231;10111;10478;10502;10771;10602;10658;10068;10500;10391;10502;9959;10293;10050;8784;8924
1730;Valle del Cauca;Palmira;MATRICULADOS;;;;;;;;;19;41;51;70;66;91;87;136;114;133;192;207;202;192;166;193;185;185;202;207;212;210;208;213;244;265;284;289;303;326;344;334;331;336;345;365;333;324;319;326;323;343;378;369;304;288
1731;Cundinamarca;Chía;MATRICULADOS;;;;;;;;;;;210;335;609;595;745;675;727;653;70;115;402;151;111;75;;;;;;;;;;;;;;;;;;;;;;;;;;;;;;
1732;Boyacá;Tunja;MATRICULADOS;428;459;635;748;905;922;1018;988;1045;1032;1031;1048;948;854;474;536;998;957;1075;1071;1227;1211;1382;1336;1529;1786;1726;1917;1920;1995;2296;2289;2453;2471;2615;2659;2853;2890;2966;2902;2861;3067;3259;3205;3317;2992;3264;3328;3512;3780;3899;3677;3416;3383
1733;Magdalena;Santa Marta;MATRICULADOS;15;20;39;31;155;173;231;253;344;393;493;544;727;725;761;728;795;825;948;994;1196;1195;1304;1286;1400;1360;1475;1413;1542;1549;1542;1443;1490;1424;1475;1434;1506;1502;1497;1519;1597;1656;1845;1857;1989;1842;2038;1978;2136;2186;2256;2165;1868;1840
1734;Boyacá;Tunja;MATRICULADOS;2244;944;1345;1534;2094;2163;3063;3074;3476;3428;3635;3410;3178;2941;2871;2653;2580;2391;2648;2699;2888;2909;3132;3101;3338;3353;3761;3932;4291;4556;4954;4932;5116;5148;5425;5374;5624;5608;5690;5478;5361;5136;5100;4843;4888;4195;4492;4384;4579;4635;4830;4744;4141;4080
1735;"Bogotá, d. c.";"Bogotá, D.C.";MATRICULADOS;553;1006;1455;1632;2017;2333;2573;2568;3223;3197;3369;4096;4269;4060;4289;4267;4148;4158;4497;4829;5069;5014;5250;5368;5593;5366;5932;6294;7040;7065;7619;7976;7602;7828;7932;7528;7910;7608;7820;7114;7082;6414;6591;6210;6336;5310;4996;5298;5499;5535;6304;6179;5054;5448
1801;"Bogotá, d. c.";"Bogotá, D.C.";MATRICULADOS;1935;1428;2321;2078;2725;2379;3583;3387;4146;4002;4656;4232;4667;3316;4978;5140;5465;5878;6229;6795;7514;8107;8719;9138;9578;10071;10036;10319;10841;11544;11740;11866;11977;11799;12023;12055;12127;11413;11189;11085;10412;9889;9696;9552;9363;7505;7932;7654;7158;6885;6270;6214;5149;4681
1802;Quindío;Armenia;MATRICULADOS;292;263;407;430;682;625;1052;1031;1431;1449;1698;1685;1871;1803;1939;1885;1847;1923;1830;1916;2389;2077;2271;2186;2397;2278;2396;2303;2372;2443;2466;2540;2481;2488;2809;2513;2923;2480;2481;2351;2333;2212;2243;2136;2246;2075;2119;1918;1927;1970;2054;2010;1672;1629
1803;"Bogotá, d. c.";"Bogotá, D.C.";MATRICULADOS;584;1221;1980;2639;3337;3990;4937;5582;6634;7657;8378;8391;8447;8616;8081;8049;8305;8587;9857;10189;10582;10911;11515;11628;12157;12242;12922;13255;13820;13698;13896;13676;13788;13509;14536;14296;14366;13535;13383;12457;12127;11426;11032;10362;9404;8728;8299;7892;7710;7406;7439;7285;6369;6374
1804;Atlántico;Barranquilla;MATRICULADOS;1741;2516;3856;4121;5297;5543;6513;6630;7725;7976;8323;8168;8510;8142;8060;7759;8292;8005;8715;8762;9211;8967;9342;9078;9373;9010;10017;9799;10398;10136;9977;9624;10251;10148;10111;9927;10123;9747;9570;9194;8988;7489;7538;6736;6545;5022;5914;5266;5771;5450;5794;5389;4560;4498
1805;Valle del Cauca;Cali;MATRICULADOS;1382;3537;4387;5937;6239;7349;7465;7357;7860;8639;8426;8263;7788;7167;6697;6441;6255;6242;6949;7696;7810;8155;7954;8441;8514;8979;8767;8092;8415;8542;8628;8710;9083;8888;10093;10400;11634;12397;14435;12808;12870;12713;13457;14254;14318;12465;14834;15393;16578;16841;17872;17895;15593;16528
1806;"Bogotá, d. c.";"Bogotá, D.C.";MATRICULADOS;7502;2312;3844;2628;3074;2652;4710;2908;5222;3516;5877;3313;4077;5416;6587;7278;7964;7616;8941;8988;9665;9632;10005;10023;10638;10685;10868;9826;10556;10335;10155;9759;10108;9773;9922;9573;9527;8947;8682;8130;8070;7839;7597;7233;7055;6420;6432;6274;6387;6288;6338;6509;5595;5412
1807;Valle del Cauca;Cali;MATRICULADOS;248;721;698;1049;1195;1034;775;1911;1872;2355;2226;2211;2390;2388;2344;1943;2273;2343;2811;2989;3407;3531;3149;3174;3101;3121;3118;3361;3728;3899;4127;4295;4358;4530;4735;4788;5306;5522;5816;5671;5080;5225;5042;4894;4825;4517;4350;4265;4522;4400;4391;4300;3709;3562
1808;Atlántico;Barranquilla;MATRICULADOS;765;1155;2102;1815;2724;2480;3157;2500;3691;2741;3758;2636;3599;2496;3314;2337;3088;2493;3062;2881;2784;2678;2718;2772;2841;2785;2918;3007;3304;3488;3847;3921;4242;4280;4588;4794;5019;4882;4167;3227;4766;4760;4908;4850;4973;4673;4940;4886;4963;4951;4935;4817;4138;4032
1809;Risaralda;Pereira;MATRICULADOS;2117;2304;2753;1852;2800;1819;2795;1759;2712;1865;2937;1797;2728;1684;2803;1565;2591;1432;2632;2582;2829;2579;3039;3088;2565;2941;3166;3294;3523;3569;3700;3692;3712;3703;3930;3932;4018;3647;3261;3182;3108;3062;3020;2946;3093;2894;2885;2836;2801;2830;2752;2613;2215;2158
1810;Norte de Santander;Cúcuta;MATRICULADOS;367;426;704;550;926;910;1139;1106;1388;1369;1459;1395;1446;1380;1534;1402;1551;1554;1458;1455;1493;1532;1500;1530;1539;1490;1496;1509;1565;1581;1739;1780;1824;1848;1969;1965;2038;1992;1997;1923;1819;1774;1689;1632;1608;1504;1472;1435;1426;1460;1429;1389;1137;1093
1811;Santander;Socorro;MATRICULADOS;252;282;356;397;540;504;612;610;604;608;633;601;603;608;673;663;703;714;815;852;935;1017;1029;1037;991;983;1006;1012;1071;1068;1080;1116;1153;1234;1309;1320;1382;1320;1357;1310;1232;1172;1139;1038;1003;948;911;878;791;764;733;702;558;504
1812;Antioquia;Medellín;MATRICULADOS;4825;4529;5490;5404;6041;5928;6882;6630;7189;7052;7481;7528;7961;7722;8063;7910;8218;8057;8790;8567;9108;8874;9808;9732;10532;10284;11073;10710;11405;11040;11468;11050;11301;10874;11404;10908;11520;10841;10829;10033;9829;9176;9024;8360;8009;7526;7343;6708;6576;6101;6095;5591;4895;4544
1813;"Bogotá, d. c.";"Bogotá, D.C.";MATRICULADOS;7822;7150;7351;7048;7359;7122;7506;7493;8071;8147;8921;9056;9767;9886;10508;10373;11033;11053;12068;12313;12613;12889;13229;12921;12686;12692;13177;15730;13774;14262;14714;15184;15821;15846;17052;16989;17442;18248;17956;17711;17376;17173;16892;16495;16175;15920;15945;15568;15193;15527;15337;15863;13938;14161
1814;Antioquia;Medellín;MATRICULADOS;410;400;886;857;1204;1154;1581;1518;1478;1422;1249;1168;1071;1040;1046;1019;914;909;1005;984;1226;748;1230;1543;1865;2050;2326;2246;2737;3017;3342;3554;3752;3916;4071;3972;4153;4205;4071;4033;4090;3876;3926;3729;3793;3544;3476;3250;3207;2900;2809;2582;2194;2066
1815;"Bogotá, d. c.";"Bogotá, D.C.";MATRICULADOS;301;744;1268;1576;1995;2254;2850;3211;4354;4851;6323;6706;6614;6150;5936;5789;5656;5259;5652;5720;5979;5887;5947;6212;6562;6632;6970;6999;7168;7063;7008;6915;6757;6420;6542;6168;6203;6916;5900;5451;5366;4853;4791;4531;4456;3661;3880;3564;3537;3461;3471;3326;2809;2988
1816;Antioquia;Medellín;MATRICULADOS;857;604;1037;1168;1256;1804;1786;1732;1912;2164;2114;2247;2332;2327;2191;2183;2704;2246;2049;1745;1997;2077;2683;2920;2627;3226;3039;3090;3308;3281;3622;3800;4043;3932;4147;4000;4190;4114;4008;4267;4237;4129;4189;4160;4298;4028;4203;4044;3958;3906;3879;3843;3325;3444
1817;Santander;Bucaramanga;MATRICULADOS;1317;1994;2197;2609;3162;3371;3519;3842;4037;3977;3863;3724;3654;3440;3508;3387;3443;3325;3673;3755;3175;3962;4039;4045;4131;4169;4344;4330;4464;4368;4293;4038;4033;3908;4059;3729;3859;3965;3902;3763;3774;3614;3593;3395;3409;2892;3159;3110;3178;3179;3268;3315;2830;2912
1818;"Bogotá, d. c.";"Bogotá, D.C.";MATRICULADOS;3835;5306;6888;7317;8901;9463;11040;11255;12783;13002;13569;12939;13629;13067;13990;13571;13894;13788;14125;14241;15737;17956;19500;19517;22456;22815;20908;22550;24844;26792;29032;30071;31066;32278;33463;32985;33170;33235;33267;32423;31325;30163;29431;28220;27449;23277;24086;23049;22602;21761;21149;20510;17807;17841
1819;Santander;Barrancabermeja;MATRICULADOS;112;108;219;297;408;450;595;584;694;769;857;813;946;844;738;753;719;690;689;725;867;956;1088;1065;1049;1081;1151;1061;1154;1124;1232;1146;1230;1190;1309;1212;1317;1247;1231;1130;1089;1061;1004;902;870;682;642;546;498;467;444;417;332;363
1820;Magdalena;Santa Marta;MATRICULADOS;901;704;1117;847;1349;1810;1461;1415;1492;1856;1642;1605;1478;1268;1436;1364;1425;1610;2173;2503;2340;2375;2644;2737;2830;3136;2982;3073;3272;3401;3688;3673;3819;3841;3936;4045;4144;4058;4111;4035;3997;3949;3981;3914;4026;3496;3707;3690;3802;3799;3770;3657;3245;3324
1822;Cundinamarca;Girardot;MATRICULADOS;7;39;89;110;159;219;343;368;439;504;581;555;558;515;524;518;485;451;454;409;492;485;537;508;550;566;662;676;875;907;1089;1090;1235;1180;1328;1314;1449;1386;1394;1266;1255;1164;1200;1123;1147;964;931;868;952;912;915;930;780;785
1823;Santander;Bucaramanga;MATRICULADOS;5870;867;1444;1854;3520;2881;3049;3331;2879;4743;4278;3818;3388;2941;2559;2121;1662;1381;2368;2502;3162;3458;4308;4642;6592;6920;6975;7162;7174;7469;8091;8145;8445;8195;8922;8774;9373;9651;10119;9759;9821;9657;9721;9392;9423;8697;8676;8217;7884;7694;7673;7426;6280;6417
1824;Atlántico;Barranquilla;MATRICULADOS;642;896;1394;1602;2269;2481;3077;3453;3795;4228;4802;4430;4310;4225;4165;4127;4120;3874;4387;4806;4775;4546;4522;4433;4381;4315;4677;4426;4404;4032;2224;4407;4544;4277;4278;4366;4540;4602;4601;4457;4467;4202;4339;4387;4338;3825;4158;4271;4479;4590;4639;4584;4125;4258
1825;Caldas;Manizales;MATRICULADOS;2034;527;725;700;806;798;1167;999;1723;1257;1643;1685;1553;1530;1722;1916;1977;1995;2436;2485;2644;2568;2876;2877;3069;3230;3449;3544;3505;3480;3671;3676;3984;4052;4211;4361;4897;4875;4956;4634;4916;4691;4806;4493;4439;3933;3934;3760;3674;3373;3456;3113;2357;2181
1826;"Bogotá, d. c.";"Bogotá, D.C.";MATRICULADOS;;;;;;;6;20;8;2994;931;1612;2273;2597;3152;3652;4328;4991;8889;8619;11803;12328;12658;13013;13140;13293;13265;13082;13679;13686;14372;14607;15593;15234;15551;15768;16269;16661;15784;15530;14985;14290;14536;13982;13994;12402;12827;12714;13009;13029;12979;12698;10989;10782
1827;Caldas;Manizales;MATRICULADOS;355;613;737;906;1069;1069;1208;1178;1186;1300;1375;1362;1356;1402;1351;1356;1386;1347;1466;1538;1656;1709;1790;1794;1858;1951;2234;2021;2427;2390;2395;2226;2227;2097;2232;2225;2671;2649;2724;2658;2616;2382;2310;2189;2168;2076;1939;1823;1797;1721;1808;1772;1381;1350
1828;Valle del Cauca;Cali;MATRICULADOS;129;542;655;377;952;1217;1209;1445;1509;1735;1775;2001;1959;2152;2088;2412;2435;2936;3198;3955;3616;4069;4113;4444;4428;4693;4646;4946;4962;5124;5092;5177;5085;5310;5684;5550;5998;6102;6325;6155;6315;6228;6168;6158;6075;5989;5859;5744;5669;5756;5614;5718;5133;5305
1829;Valle del Cauca;Palmira;MATRICULADOS;;;;;;;;;;;;68;113;161;165;276;325;373;518;609;711;871;942;1108;1242;1403;1226;1503;1532;1011;1054;1025;985;933;770;831;928;975;1025;1067;1092;1060;1345;1543;1656;1669;1805;1799;1961;2104;2128;2044;1785;1848
1830;Valle del Cauca;Cali;MATRICULADOS;906;1757;2113;2379;2568;3283;3529;3881;3967;4488;4628;4942;4989;5095;4993;5066;4765;5005;4640;4953;5055;5485;5540;5844;6036;6133;6291;6631;6866;7025;7256;7682;7860;7957;8636;8947;9634;9844;10046;9930;9795;9632;9429;8920;8645;7737;7456;6887;6735;6598;6445;6392;5360;5822
1831;Tolima;Ibagué;MATRICULADOS;498;710;1089;1177;1492;1604;1905;1953;2324;2517;2907;2897;3171;3115;3353;3263;3617;3583;3948;3965;4532;4557;5182;5074;5768;5665;6172;6162;6478;6119;6539;6496;6746;6574;6994;6849;7373;7049;7022;6468;6295;5875;6099;5640;5494;4950;5107;4680;4785;4477;4599;4297;3829;3570
1832;Bolívar;Cartagena de Indias;MATRICULADOS;2405;2187;2200;1987;1988;1880;2032;1891;2018;1927;2097;1915;2020;1835;1830;1624;1638;1317;1494;1513;1716;1432;2074;2042;2904;3092;4078;3933;4408;3842;3868;3670;3999;3771;4777;4396;5303;5724;6007;5700;5890;5580;5598;5164;5297;4711;5076;4869;4924;4887;5089;4817;4186;4015
1833;Córdoba;Montería;MATRICULADOS;1269;1230;2285;2383;3366;3446;4396;4244;4534;4485;4579;4301;3914;3672;3749;3570;3506;3368;3489;3437;3609;3509;3677;3751;3994;3879;3981;3876;4265;4429;4768;4766;5155;5215;5830;6073;6681;6876;7216;7361;7631;7634;8114;8136;8477;7923;8583;8481;8802;8906;9066;8944;7894;7936
1834;Bolívar;Cartagena de Indias;MATRICULADOS;;;199;185;403;392;552;609;726;801;951;1018;1098;1076;1137;1105;1180;1194;1254;1309;1387;1434;1573;1606;1722;1787;2008;2064;2189;2164;2270;2329;2540;2621;2739;2886;2997;3040;3321;3626;4066;4180;4742;4915;5182;4130;4846;5046;5309;5442;5647;5582;4842;4852
1835;"Bogotá, d. c.";"Bogotá, D.C.";MATRICULADOS;705;777;986;926;1237;1323;1585;1707;2067;2073;2254;2289;2496;2428;2527;2597;2711;2721;2948;2782;3068;2638;3005;3284;3675;3706;4080;4184;4424;810;4828;4912;5215;5215;5366;5148;5359;5155;5125;4971;4778;4733;4697;4534;4326;3717;4328;4302;4264;4412;4455;4636;4009;4057
2102;"Bogotá, d. c.";"Bogotá, D.C.";MATRICULADOS;2664;5248;6648;7596;10841;11937;15509;14476;19185;20381;20472;21173;22247;22649;15214;13069;17354;20456;22271;31742;33236;35284;42180;40224;42793;42858;48909;48360;55034;55442;57683;57596;56502;52891;53711;51027;57880;51437;58834;50020;59481;57331;65830;67310;71596;80236;93639;101140;113325;114846;131383;135593;117034;135527
2104;"Bogotá, d. c.";"Bogotá, D.C.";MATRICULADOS;357;777;1188;1519;1759;1951;1999;2001;2009;2301;2182;2406;2531;2536;2495;2312;2164;2317;816;1520;2287;3174;4611;6569;6954;8443;8819;3625;7252;6831;7254;3177;6960;6183;6518;6326;7765;9034;9030;9731;10417;11447;11678;11361;12299;13605;16867;17149;15657;15672;14527;12377;11164;11003
2106;"Bogotá, d. c.";"Bogotá, D.C.";MATRICULADOS;1;1;1;1;1;1;;;;;1;1;1;1;;4;1;1;5148;6256;7193;7441;7873;6367;10269;6978;8366;8878;3481;6595;4784;6285;4763;7513;2540;2;4405;5021;4817;4858;5158;4885;7617;8834;7996;3929;10571;8934;6740;6164;9538;18711;14206;17286
2110;Antioquia;Medellín;MATRICULADOS;309;613;600;639;835;988;1035;1030;1158;1176;1244;1194;1233;1240;1251;1174;1317;1092;1052;1261;1306;1374;1701;1885;2128;2187;2374;2440;2535;2597;2706;2868;2936;3155;3241;3605;3640;3688;3725;3852;4360;4788;5094;5524;5256;5493;5534;5392;5032;4779;4654;4567;3721;4185
2114;Valle del Cauca;Cali;MATRICULADOS;42;144;206;369;424;492;526;446;405;373;309;288;454;679;640;698;725;778;886;955;1024;1085;1264;1065;1346;1269;1503;1360;1399;1423;1571;1771;2008;2231;2350;2622;2745;2962;3206;3400;3348;3464;3409;3451;3398;3403;3452;3533;3542;3542;3393;3346;2832;3057
2206;Valle del Cauca;Cali;MATRICULADOS;39;108;143;206;234;285;299;357;375;403;401;462;451;473;468;450;463;510;509;580;599;654;605;657;701;739;734;734;717;714;685;677;693;699;652;649;636;622;616;639;608;663;788;770;740;831;778;759;748;773;735;811;730;776
2207;Santander;Barrancabermeja;MATRICULADOS;1508;1240;1387;1310;1341;1621;1758;1676;1787;1856;1922;1760;1752;2199;1039;1105;898;1614;1492;1555;1673;1837;2014;2162;2467;2376;2747;2515;2574;2478;2870;2809;3159;3239;3609;3580;3959;3796;4072;3701;3876;3636;3692;3525;3590;3595;3840;3886;3827;3921;4152;4170;3581;3837
2208;Tolima;Ibagué;MATRICULADOS;11;17;28;38;51;56;98;98;126;133;152;162;184;169;188;182;209;223;229;243;238;305;315;340;356;363;315;313;298;327;308;301;283;269;276;256;256;241;260;264;271;285;295;294;327;403;417;451;501;513;558;531;475;479
2209;Antioquia;Medellín;MATRICULADOS;11901;11937;11777;12126;11466;10442;9276;8879;8428;8939;8756;9087;8535;9381;8933;9206;9962;10512;14326;7623;11984;7558;13985;13932;13785;14505;15231;15432;14380;15506;14912;16022;16142;16948;15708;15617;15332;15697;13610;14169;13298;13071;13310;12723;12718;12025;12148;11606;10950;10758;10498;10098;8394;8868
2211;Bolívar;Cartagena de Indias;MATRICULADOS;;;;;;;;88;154;163;275;328;265;281;334;305;345;317;337;317;382;399;459;476;528;541;621;629;679;677;703;702;699;669;705;744;827;913;1011;1039;1139;1182;1273;1315;1372;1392;1437;1384;1404;1411;1484;1447;1233;1334
2301;Valle del Cauca;Tuluá;MATRICULADOS;64;9;43;12;67;58;140;246;686;775;1114;1190;1515;1475;1719;1568;1896;1987;2777;2819;3098;3039;3196;3178;3320;3118;3518;3345;3723;3621;3869;3747;3688;3694;3853;3931;4019;4124;4216;4304;4251;3959;3828;3728;3887;3953;4247;4632;4832;4978;5238;5408;4963;5418
2302;Antioquia;Envigado;MATRICULADOS;355;398;766;643;951;697;957;812;1329;1040;1493;1187;1613;1333;2059;1967;2361;2109;2790;2909;2187;3122;3699;3691;3797;3272;3611;3437;3560;3389;3684;3674;3642;3287;3450;3321;3526;3287;3250;3097;3331;3176;3712;3602;3918;3790;4188;4526;4738;4769;4763;4791;4112;4444
2701;"Bogotá, d. c.";"Bogotá, D.C.";MATRICULADOS;715;810;864;993;1076;2243;2471;2392;2413;2376;2055;1990;1787;1607;1458;1330;1172;1037;1031;844;707;537;457;450;564;609;708;761;917;955;1005;1181;1292;1381;1396;1454;1532;1338;1441;1388;1352;1319;1407;1428;1516;1444;1544;1483;1604;1554;1630;1620;1193;1528
2702;"Bogotá, d. c.";"Bogotá, D.C.";MATRICULADOS;484;569;755;931;1123;1183;1333;1301;1299;1296;1352;1401;1435;1450;1435;1492;1542;1500;1552;1539;1491;1592;1354;1560;1708;1679;1794;1830;1882;1888;1971;2037;2215;2172;2281;2295;2258;2274;2290;2307;2283;2259;2275;2293;2416;2377;2581;2753;2969;2960;3338;3540;2936;3054
2704;"Bogotá, d. c.";"Bogotá, D.C.";MATRICULADOS;71;118;169;216;255;282;316;361;387;417;430;427;428;451;492;451;458;448;519;456;548;607;633;641;691;709;748;814;850;876;945;1003;1032;1057;1116;1143;1167;1129;1130;1121;1100;1056;1030;1021;995;1095;1078;1115;1053;1136;1114;1181;1087;1138
2707;"Bogotá, d. c.";"Bogotá, D.C.";MATRICULADOS;44;31;111;59;354;271;555;548;676;746;873;839;985;964;1311;1060;1365;1180;1524;1314;1329;1414;1289;1415;1409;1544;1518;1605;1564;1643;1648;1675;1701;1706;1736;1760;1737;1753;1771;1827;1759;1761;1802;1835;1874;1833;1874;1918;1941;1985;2025;1994;1788;1778
2708;Antioquia;Medellín;MATRICULADOS;312;306;403;398;523;491;552;558;628;686;793;775;951;865;1095;1152;1342;1408;1510;1540;1683;1744;1795;1798;1915;2033;2138;2275;2381;2512;2530;2594;2768;2758;3023;3096;3468;3602;3983;4035;4237;4272;4424;4441;4539;4581;4711;4711;4736;4619;4668;4526;3964;3957
2709;"Bogotá, d. c.";"Bogotá, D.C.";MATRICULADOS;1990;495;755;704;631;344;712;566;783;441;604;354;537;377;530;376;385;377;6803;8313;9544;11111;10723;12079;13728;14740;16622;17727;19232;19455;20358;20042;15512;13310;7469;6372;6297;5212;4329;3457;3095;2839;3106;3393;3770;3898;4553;5045;5695;6275;6712;6878;6150;6197
2710;"Bogotá, d. c.";"Bogotá, D.C.";MATRICULADOS;156;264;357;445;907;941;965;946;1038;1053;1140;1094;1069;1108;1236;1248;1275;1254;1390;1556;1542;1543;1594;1610;1659;1698;1758;1826;1949;1932;2074;2026;2042;1938;1920;1862;1812;1816;1843;1697;1706;1654;1654;1615;1616;1498;1535;1469;1395;1442;1439;1539;1276;1188
2711;Risaralda;Pereira;MATRICULADOS;260;350;578;669;847;906;1123;1149;1364;1409;1562;1669;1942;2031;2039;2024;2248;2168;2340;2211;2390;2274;2357;2191;2350;2154;2186;2094;2325;2209;2417;2428;2647;2596;2815;2800;2882;2922;2975;2782;2806;2517;2698;2464;2461;2070;2424;2240;2302;2258;2378;2262;1932;1824
2712;"Bogotá, d. c.";"Bogotá, D.C.";MATRICULADOS;199;388;548;692;891;1009;1102;1246;1406;1511;1704;1711;1748;1704;1705;1710;1721;1707;1683;1599;1754;1741;1929;1961;2067;2049;2173;2268;2552;2615;2818;2888;3086;3134;3303;3248;3423;3328;3383;3211;3242;3183;3278;3221;3191;3029;3024;2938;2957;2950;3138;3269;2820;2695
2713;"Bogotá, d. c.";"Bogotá, D.C.";MATRICULADOS;1898;97;1513;270;1481;1550;986;2109;1283;1368;1563;1822;1815;1985;2268;2216;3602;4183;4886;5335;5886;6873;6926;7679;8611;9108;10107;10681;11360;11338;11850;11581;11189;11122;11740;11407;11558;10947;9938;9124;8476;7680;7152;6539;6367;5158;5468;5178;5380;5302;5670;5764;4742;4736
2715;Cauca;Popayán;MATRICULADOS;;;;152;190;265;323;432;523;535;579;614;633;560;533;459;408;395;441;479;530;642;795;919;1048;1209;1601;1865;1990;2456;3037;3459;3825;4241;4760;4964;5302;5498;5635;5939;6048;6171;6266;5947;6663;5931;6135;5976;6148;6021;5886;5753;4918;4742
2719;Antioquia;Medellín;MATRICULADOS;1183;2023;2855;3399;4248;4826;5642;6122;6712;6950;6991;6608;6620;6257;6481;6630;7036;7164;7641;7738;7968;8036;8231;8480;8876;9072;9436;9815;10763;11180;12007;12277;13142;13574;14293;14702;15593;15619;15736;15695;15964;15668;15758;15390;15574;14345;14126;13791;13861;13377;13119;12573;11064;10824
2720;Boyacá;Tunja;MATRICULADOS;127;182;160;166;225;246;4;1;77;83;79;78;347;358;417;445;519;520;699;769;555;688;854;935;1038;1063;1405;1434;1718;1742;1947;2108;1797;2007;2394;2434;2866;2855;2795;3075;2855;2959;3140;3220;3348;2753;2966;2866;2931;2743;2702;2510;2151;1971
2721;Antioquia;Medellín;MATRICULADOS;841;813;591;650;698;661;720;786;862;970;1080;1159;1012;1182;1014;1228;1121;1256;1588;2131;2193;2299;2569;2786;2544;2659;2394;2878;2643;2911;3014;3045;3179;2940;3063;3156;3084;2953;3117;3182;3262;3234;3358;3387;3467;3318;3616;3557;3536;3413;3230;3098;2606;2530
2722;Cauca;Puerto Tejada;MATRICULADOS;;;;;;;;;;;;;;;;;;;18;12;47;81;;84;77;23;;;;;;;;;;;;;;;;;;;;;;;;;;;;
2723;"Bogotá, d. c.";"Bogotá, D.C.";MATRICULADOS;540;745;925;958;1053;1113;1191;1177;1232;1270;1202;1159;1398;1358;1438;1483;1560;1616;1751;1791;2341;2589;2823;2467;2858;2871;3025;3016;3356;3417;3389;3354;3495;3482;3743;3862;3895;3778;3862;3645;3561;3396;3339;3239;3245;2814;2964;2796;2760;2743;2722;2927;2481;2664
2724;Santander;San Gil;MATRICULADOS;339;365;583;577;780;822;928;850;955;1022;1102;1153;1342;1330;1457;1325;1528;1611;1998;2270;2483;2471;2864;2860;3086;2999;3695;3707;4117;4082;4442;4328;4571;4407;4532;4359;4682;4534;4543;4251;4278;3975;3957;3652;3571;3050;2950;2681;2657;2494;2450;2310;1961;1883
2725;"Bogotá, d. c.";"Bogotá, D.C.";MATRICULADOS;6743;6357;6623;6347;6434;6293;6367;6198;6259;6332;6682;6489;6438;6197;6268;6297;6052;5956;6349;7163;8621;9490;10221;10836;11847;12065;12165;12518;13827;15354;18701;19918;23410;25948;28202;31493;36522;38401;42087;44789;45916;47090;50394;49501;50259;47028;48380;45182;46666;45711;46622;46206;35527;38498
2727;Antioquia;Sabaneta;MATRICULADOS;382;435;638;891;804;1112;1257;1317;1223;1234;1116;1181;1021;1075;1137;723;535;434;178;261;245;343;487;504;638;683;949;823;1333;1376;1827;2120;2714;2951;3512;3748;4193;3978;3827;4020;4166;4563;4665;4823;4630;4270;4275;4297;4261;4294;3953;4097;3010;3232
2728;"Bogotá, d. c.";"Bogotá, D.C.";MATRICULADOS;542;885;1246;1627;1925;2047;2245;2306;2636;2562;2759;2871;3084;3031;3282;3343;3396;3392;2903;3034;3506;3461;3739;3640;4652;4349;5784;5304;6553;6469;7707;8082;9224;10327;11888;12499;14817;16196;17025;18252;19237;19885;21411;23069;25065;23741;26876;23746;26052;26236;27044;27334;21289;23724
2730;"Bogotá, d. c.";"Bogotá, D.C.";MATRICULADOS;275;296;350;386;446;503;535;533;513;500;495;464;421;419;355;374;296;270;272;285;298;282;275;291;306;317;366;367;399;417;456;472;525;548;588;610;654;649;641;656;675;661;701;703;721;667;774;827;843;877;921;1019;903;899
2731;Valle del Cauca;Cali;MATRICULADOS;50;51;60;76;90;98;141;90;138;136;140;151;212;302;350;590;969;862;1266;1322;1376;1509;1549;1288;1074;706;1006;997;1176;970;1254;1326;1665;1534;1993;2399;2615;2752;2837;3722;4261;4343;4697;4786;4424;3554;3173;3394;3241;3150;2969;2531;1959;1756
2732;Antioquia;Santa Rosa de Osos;MATRICULADOS;;;;;1;1;;1;1;1;751;664;647;656;637;534;555;418;269;355;791;1006;1415;1338;1435;1440;1287;1941;2154;2348;2734;3006;3520;3374;3322;3150;3173;3231;3123;2745;3079;3046;2977;2937;2953;3241;3696;3773;4064;3869;4074;3949;3508;3378
2733;"Bogotá, d. c.";"Bogotá, D.C.";MATRICULADOS;;;;;;;24;20;48;38;55;46;64;70;92;77;114;100;138;153;183;167;184;166;283;205;309;282;298;285;334;292;213;231;183;197;249;228;333;301;255;265;195;181;211;190;210;167;194;145;182;170;125;116
2736;Antioquia;Medellín;MATRICULADOS;;;;;;;;;19;16;34;31;72;68;94;90;140;130;153;146;147;136;110;126;117;102;90;92;88;81;89;86;115;115;111;125;139;132;143;145;164;149;148;154;157;182;181;185;175;181;174;184;152;162
2737;Risaralda;Pereira;MATRICULADOS;177;214;309;408;491;528;649;710;770;804;939;1028;1122;1147;1099;1158;1155;1111;1314;1360;1661;1786;2198;2349;2758;2765;3128;3234;3566;3526;3734;3855;4131;4313;4603;4708;4884;4846;4920;4888;4917;4677;4677;4569;4656;4446;4673;4452;4672;4645;4622;4464;3782;3858
2738;"Bogotá, d. c.";"Bogotá, D.C.";MATRICULADOS;;;;;;;26;52;93;151;175;255;297;302;366;401;433;422;483;479;574;558;709;726;832;791;862;805;949;885;1023;1057;1171;1170;1264;1170;1273;1201;1209;1113;1114;1027;1122;960;919;754;814;727;766;692;790;877;833;797
2739;Antioquia;Apartadó;MATRICULADOS;;;;;;;;;;;53;53;44;34;40;23;25;26;44;34;34;56;68;60;70;63;54;45;50;47;37;27;20;14;37;100;111;142;162;191;267;290;317;318;351;302;315;289;291;208;317;304;3;133
2740;"Bogotá, d. c.";"Bogotá, D.C.";MATRICULADOS;;;;;;;;;;;;;24;31;56;63;75;91;113;125;130;139;158;145;139;139;140;141;142;141;143;138;137;136;137;136;147;142;153;152;150;158;162;153;154;154;154;141;136;126;118;123;105;102
2741;Tolima;Espinal;MATRICULADOS;;;;;;;;;;31;27;55;86;45;77;56;55;56;73;90;275;297;120;124;270;272;463;432;437;404;394;363;390;353;399;353;334;345;397;376;432;456;517;518;621;527;595;553;600;609;638;596;504;468
2743;Casanare;Yopal;MATRICULADOS;;;;;;;;;;;51;104;167;161;156;147;172;165;404;440;1247;1101;1201;1167;1310;1252;1483;1428;1619;1657;1759;1721;1894;1811;2012;1897;2146;1823;1842;1779;1811;1702;1747;1643;2051;1747;2077;2008;2411;2521;2540;2662;2284;2700
2744;Nariño;Pasto;MATRICULADOS;;;;;;;247;398;528;852;943;1156;1170;1267;1183;1024;1112;1122;1481;2001;2078;2469;2724;2945;3126;3314;3637;3685;3944;4166;4400;4474;4693;4852;5200;5401;5879;6119;6272;6270;6316;6212;6273;6264;6361;5619;5806;5637;5647;5702;5749;5596;4892;4737
2745;"Bogotá, d. c.";"Bogotá, D.C.";MATRICULADOS;;;;;;;;;;;;;;;;;;;1267;1571;2376;2681;3296;3641;4076;4606;5146;4728;5057;4467;5927;6897;7928;7765;7823;6855;7232;6963;7135;7258;7225;7120;7233;7239;7242;6757;7096;7125;7799;7895;8111;8074;5843;6534
2746;"Bogotá, d. c.";"Bogotá, D.C.";MATRICULADOS;;;;;;;;;;;;;;;;94;187;267;372;457;539;629;702;797;877;939;946;1008;1026;1021;1047;1076;1072;1102;1176;1216;1218;1222;1279;1302;1283;1278;1301;1274;1269;1261;1288;1277;1296;1270;1273;1251;1089;1094
2747;Antioquia;Medellín;MATRICULADOS;1;;1354;1248;1265;1156;432;364;392;351;469;499;605;573;1006;973;1156;1171;1824;1620;1698;1520;1754;1949;2440;2717;3450;3836;4042;4152;4247;4113;4140;4018;4027;4579;3943;3868;4105;4053;4226;4126;4266;4038;4006;3425;3507;3304;3187;3110;2962;2766;2384;2240
2748;Valle del Cauca;Cali;MATRICULADOS;;;;;;;;;;;;8;29;40;74;93;92;91;121;136;161;149;131;173;135;275;361;380;395;380;423;386;403;334;360;369;429;424;466;118;379;376;374;363;311;287;269;249;258;252;232;255;186;158
2749;Antioquia;Medellín;MATRICULADOS;290;250;377;339;391;369;410;447;506;516;639;658;711;704;811;846;1043;1084;1275;1260;1478;1518;1963;2142;2520;2794;3116;3200;3408;3509;3798;3924;4190;4166;4310;4384;4421;4453;4293;3875;3897;3753;3556;3470;3269;2772;2881;2739;2679;2599;2380;2147;1744;1655
2805;Atlántico;Barranquilla;MATRICULADOS;6547;7454;9730;6930;8443;8454;11477;11494;11844;11304;10984;10188;10232;8322;8427;7913;7964;7968;8769;8628;9384;9119;10022;10092;10797;10463;11739;9741;8743;12446;11036;12428;13176;12825;13284;13431;13812;13454;13724;13284;13636;13637;14475;14133;15137;13400;15096;14725;15747;15389;15880;15411;13254;13219
2810;Atlántico;Barranquilla;MATRICULADOS;28;5;10;6;1263;2789;2996;3112;3578;3503;3771;3633;3816;3659;3742;3556;4040;3985;3897;4123;5063;5325;5701;5743;6407;6524;7115;7235;7966;7967;8695;8815;9493;9544;10292;10117;10607;10846;11344;11283;11525;11404;11819;11320;11948;10330;11173;10646;10894;10462;12048;11310;9802;8851
2811;"Bogotá, d. c.";"Bogotá, D.C.";MATRICULADOS;804;1123;1677;1836;2275;2156;2449;2520;3111;3266;3692;3738;3880;3632;3654;3294;3395;3139;3388;3355;3321;3042;3174;2896;2943;2691;3041;2718;2987;2852;3298;3140;3709;3516;3971;3838;4767;4725;5264;4920;5187;4893;5015;4778;4784;4345;4317;4117;3913;3663;3563;3457;2906;2853
2812;"Bogotá, d. c.";"Bogotá, D.C.";MATRICULADOS;1380;754;1041;1240;1536;1718;2073;2196;2594;2389;2535;2620;2504;2834;2019;1970;2197;2110;3027;3183;3315;3318;3477;3390;3569;3644;4035;4105;4358;4379;4378;4541;4704;4821;5445;5540;6085;5969;6365;6264;6552;6503;6578;6589;6432;6556;7184;7298;8219;8541;8500;8477;7158;7381
2813;Antioquia;Envigado;MATRICULADOS;223;221;367;340;525;476;580;564;698;655;820;726;929;831;1041;962;1137;1033;1264;1191;1399;1266;1449;1286;1360;1241;1395;1274;1351;1247;1295;1192;1363;1280;1559;1467;1657;1534;1755;1660;1715;1695;1722;1657;1793;1793;1889;1852;1942;1844;1873;1906;1691;1764
2815;Antioquia;Medellín;MATRICULADOS;205;124;356;517;759;723;400;433;523;472;710;515;718;651;837;635;941;822;1158;1112;1308;1155;1308;1265;1278;1230;1357;1296;1449;1363;1532;1473;1492;1413;1525;1447;1491;1358;1300;1274;1294;1283;1353;1329;1376;1277;1327;1273;1317;1301;1289;1239;1023;995
2818;Risaralda;Santa Rosa de Cabal;MATRICULADOS;;;;;;;;;911;403;557;530;585;470;577;542;556;489;885;884;1200;1273;1581;1916;1684;1489;1431;1490;1674;1758;1886;1964;1729;1532;1583;1468;1438;1052;992;924;881;929;915;876;877;1020;1136;1045;1090;961;1069;893;623;843
2820;Antioquia;Caldas;MATRICULADOS;210;374;573;624;156;719;784;797;870;798;814;753;729;697;718;719;890;809;884;872;1014;1027;1129;1116;1130;1075;1078;1088;1238;1174;1300;1271;1385;1346;1515;1520;1718;1380;1502;1387;1481;1420;1385;1316;1454;1397;1663;1606;1769;1773;1821;1719;1464;1472
2823;Sucre;Sincelejo;MATRICULADOS;18;1;2;3;2;446;1519;1571;2230;2079;2389;2255;2285;2342;2630;2667;2854;2555;3045;3313;4166;4378;5095;5308;6120;6258;7526;8096;9559;10271;10688;10493;10813;10525;10755;10923;11308;10704;10443;9398;9809;10187;10028;10011;10298;8952;9293;8834;8804;8814;8003;7410;6041;5820
2824;"Bogotá, d. c.";"Bogotá, D.C.";MATRICULADOS;;;;;;;;;;;;;;;;;;;137;260;556;561;613;361;67;684;262;312;253;312;423;290;677;707;546;544;410;8;414;318;361;310;221;198;155;118;84;69;43;24;;;;
2825;Bolívar;Cartagena de Indias;MATRICULADOS;606;736;1408;1794;2410;2538;2999;2668;3594;3993;4617;4435;4264;4099;3854;3665;3540;3252;3757;3926;4163;3875;3808;3656;3771;3580;3626;3632;4034;4237;4422;4424;4532;4625;4871;4971;5020;4931;5141;5092;4890;4815;5169;5030;5185;4189;4748;4662;4648;4737;4734;4573;3930;3781
2827;Meta;Villavicencio;MATRICULADOS;1417;115;258;233;243;389;429;322;334;292;911;870;976;1021;1207;1146;1314;1383;1719;1750;1883;1874;1993;1953;2221;2157;2478;2599;3023;3068;3333;3377;3557;3482;3669;3524;3526;3458;3280;3062;2858;2647;2724;2481;2597;2378;2612;2375;2392;2319;2352;2214;1840;1764
2828;Huila;Neiva;MATRICULADOS;183;356;499;591;752;823;965;1015;1065;1132;1180;1212;1264;1207;1219;1177;1305;1362;1727;2214;2362;2401;2903;2923;3448;3618;4125;4336;4907;4716;4692;4769;5011;4959;5059;4830;4677;4337;4293;4099;4056;3846;3759;3539;3408;2875;3031;2861;2806;2698;2694;2540;2005;1896
2829;"Bogotá, d. c.";"Bogotá, D.C.";MATRICULADOS;224;263;355;367;412;449;594;626;792;856;2005;2108;2774;3400;4444;4118;5195;4841;5260;5431;10658;11115;12956;13222;15793;17171;23691;29334;39677;44549;55470;61995;74716;77635;91404;93777;105068;103249;111296;109475;114090;101677;102629;96528;97143;82847;87652;79247;80228;74418;79284;75010;62456;61066
2830;"Bogotá, d. c.";"Bogotá, D.C.";MATRICULADOS;1561;1745;303;474;612;745;1008;1087;1274;1449;1521;1521;1623;1685;1758;1874;2019;2090;2270;2393;2575;2589;2821;2777;2825;2849;2898;2855;3093;3347;3766;3963;5013;5140;6742;7547;10773;12432;12426;11865;10274;9251;9824;10293;10281;10042;11904;11746;15404;14524;17807;15665;13605;14027
2831;"Bogotá, d. c.";"Bogotá, D.C.";MATRICULADOS;100;143;232;237;295;346;320;265;270;361;328;322;235;187;189;126;207;202;257;829;679;209;306;357;2681;2499;3146;3391;3634;4025;4570;4496;4416;4114;3879;3445;3566;3521;3347;3102;2933;2819;2797;2578;2602;2257;2454;2416;2407;2306;2278;2102;1735;1846
2832;Santander;Bucaramanga;MATRICULADOS;11;4;5;6;4;623;1241;1432;1944;1927;2556;2700;3084;2947;2822;2503;2593;2279;2614;2897;3935;4648;5634;5865;6639;6730;7289;7111;7466;7289;7930;7441;7931;7951;8204;8517;8659;8799;8791;8832;8926;9164;9283;8986;9607;8528;9270;9211;9420;9456;9604;9566;8324;8263
2833;Antioquia;Medellín;MATRICULADOS;;;;;;;446;1078;1719;1895;2252;2254;2446;2723;2565;2590;2549;2232;2905;2651;2814;2705;2525;2432;14554;14259;14064;14842;17806;18705;19437;19649;19600;20495;19605;17743;20629;21552;19007;18640;16606;16252;17644;17031;16966;15900;17809;17243;18110;17442;17201;16117;13511;13269
2834;"Bogotá, d. c.";"Bogotá, D.C.";MATRICULADOS;;;;74;9;12;67;542;488;488;498;512;560;458;578;362;481;478;720;782;965;965;1613;1908;2513;3067;3861;4366;5225;5353;6097;6352;6769;6786;7351;7224;7402;7016;6871;6607;6671;6209;6322;6060;6422;5512;5875;5654;5879;5658;5626;5222;4452;4202
2836;Atlántico;Barranquilla;MATRICULADOS;;;;;;;49;113;343;95;227;140;176;311;529;414;512;518;992;939;911;762;709;631;548;414;353;356;547;581;771;833;976;925;834;769;739;701;682;588;583;513;484;434;451;325;455;407;405;327;344;335;263;227
2837;"Bogotá, d. c.";"Bogotá, D.C.";MATRICULADOS;;;;;;;172;248;365;446;642;741;854;910;1099;1204;1351;1481;1919;2089;2413;2651;3068;3198;3941;2951;3321;3402;3652;3614;3895;4007;4290;4416;4659;4649;4903;4815;4853;4800;4872;4801;4876;4800;4939;4564;4469;4247;4124;3853;3686;3364;2864;2641
2838;Antioquia;Medellín;MATRICULADOS;;;;;;;200;115;139;183;217;208;244;300;335;415;550;615;807;790;865;849;833;843;860;795;820;751;740;727;736;706;742;709;747;751;768;749;782;752;765;727;739;701;707;611;661;610;655;635;688;666;577;559
2840;Quindío;Armenia;MATRICULADOS;;;;;;;;38;84;74;88;100;139;118;113;98;123;114;170;124;154;148;166;151;150;213;323;335;427;499;689;736;866;975;1051;1086;1161;1191;1204;1207;1157;1094;1103;1098;1158;1146;1229;1249;1358;1451;1552;1578;1379;1447
2841;Antioquia;Bello;MATRICULADOS;;;;;;;;;;;;;2;53;138;48;126;124;186;217;440;472;719;859;1008;1052;1290;1434;1615;1710;1936;2085;2237;2324;2354;2454;2526;2439;2476;2424;2459;2508;2505;2415;2395;2009;2173;2067;2135;2177;2378;2397;2080;2011
2842;Atlántico;Barranquilla;MATRICULADOS;;;;;;;;;;;18;19;42;43;43;40;50;41;62;68;73;83;90;85;80;95;102;72;127;124;134;246;442;482;487;542;655;684;746;778;970;1063;1587;1762;2436;1962;2565;2545;2851;2905;2926;2850;2384;2287
2847;Santander;Bucaramanga;MATRICULADOS;413;652;978;968;1042;955;802;823;1004;913;1253;1159;1234;1104;1230;1152;919;829;1065;1171;1427;1516;2045;2289;2613;3067;3520;3744;4072;4425;4465;4729;5307;5537;5908;5969;6536;6473;7062;6717;6885;6488;6737;6374;6661;5158;5848;5773;6088;6045;6285;5898;5024;4954
2848;"Bogotá, d. c.";"Bogotá, D.C.";MATRICULADOS;522;909;1164;1344;1654;1774;2167;2201;2542;2692;2908;2387;23;59;95;112;133;162;713;1145;1541;1814;1841;2190;2604;2784;3097;3230;3499;3538;3923;3845;3821;3607;3451;3256;3373;3267;3097;3122;2953;2887;2867;2674;2722;2204;2645;2609;2640;2518;2287;2103;;1440
2849;Cauca;Popayán;MATRICULADOS;65;156;99;126;183;72;115;35;52;41;148;84;87;64;154;313;430;502;766;1000;1177;1267;1512;1597;1747;1845;2083;2096;2182;2125;2186;2170;2450;2305;2296;2465;2504;2534;2597;2571;2583;2631;2665;2639;2494;2146;2039;1915;1917;1882;1850;1798;1498;1496
2850;Sucre;Sincelejo;MATRICULADOS;;;;;;;;;;;;;;;;57;96;106;163;187;203;218;280;314;375;365;423;464;480;437;742;887;1377;1674;2275;2606;2997;2912;3282;3466;3677;3807;4368;4679;5124;4243;4928;4533;4671;4617;4693;4537;3765;3712
2901;"Bogotá, d. c.";"Bogotá, D.C.";MATRICULADOS;;;;;12;;14;2;16;;;;9;;8;4;6;;166;76;152;127;217;239;223;92;147;141;60;61;32;40;44;93;72;78;98;109;218;179;107;114;73;93;114;105;119;89;62;63;68;75;60;46
2902;"Bogotá, d. c.";"Bogotá, D.C.";MATRICULADOS;;;;;;;;;;;;;;;;1;1;1;253;141;179;196;249;231;367;323;276;236;245;252;247;238;201;200;187;182;164;142;169;166;152;142;150;149;150;131;146;133;117;102;95;66;46;96
2903;Cundinamarca;Facatativá;MATRICULADOS;;;;;;;;;;;;;;;16;16;63;70;108;133;108;141;279;246;295;242;238;190;226;248;233;187;227;195;228;173;203;216;238;203;181;181;166;157;160;132;;;;;;;;
2905;"Bogotá, d. c.";"Bogotá, D.C.";MATRICULADOS;;;;;;;;;;;;;;;;;;;14;6;82;41;669;38;75;80;112;65;111;59;138;126;199;162;168;130;113;134;187;230;221;233;212;222;225;247;273;296;294;32;150;150;116;135
2906;"Bogotá, d. c.";"Bogotá, D.C.";MATRICULADOS;;;;;;;;;;;;;;;;;;;;;65;;58;;73;;33;;179;;;;;;;;;;;;;;;;;;;;;;;;;
3102;Norte de Santander;Pamplona;MATRICULADOS;976;475;899;897;640;584;474;527;351;59;655;590;485;318;442;424;60;;598;629;870;1027;1122;1363;913;268;1200;869;1196;661;818;813;953;703;597;516;520;485;631;667;790;799;951;1098;1312;1450;1514;1471;1384;1208;1117;1078;772;1267
3103;Bolívar;Cartagena de Indias;MATRICULADOS;263;439;598;708;809;896;884;825;902;1025;1039;990;1095;952;956;1006;989;962;1060;1105;1295;1289;1270;1261;1231;1192;1343;1216;1317;1228;1191;1052;1213;1339;1527;1479;1649;1523;1624;1613;1645;1618;1562;1843;2221;2210;2517;3009;3492;3172;3254;3579;2723;2953
3104;Cauca;Popayán;MATRICULADOS;114;182;273;309;355;215;485;515;614;514;557;352;594;555;648;537;420;456;556;420;440;472;610;690;914;1104;1375;1396;1544;1458;1472;1593;1717;1787;1880;1973;1973;1991;2027;1993;2000;2016;2100;2118;2118;2163;2189;2354;2376;2397;2478;2542;2154;2349
3107;Antioquia;Medellín;MATRICULADOS;61;685;982;1222;1528;1859;2433;2737;3158;2642;2558;2632;2703;2433;2421;2395;2495;3871;4060;4255;4350;4374;4778;5559;6306;5722;5197;5029;5094;4507;5123;5375;5113;5573;3613;4130;5262;4247;4766;5006;5403;5927;6427;6833;6793;7069;7411;7107;6822;6824;7360;6795;5707;6807
3114;Atlántico;Barranquilla;MATRICULADOS;;;;;;;211;211;211;230;367;367;423;423;310;310;501;501;166;166;529;399;564;173;456;275;659;477;537;380;394;429;437;498;431;698;344;431;447;187;116;137;470;496;543;399;524;254;244;497;522;514;415;426
3115;Putumayo;Mocoa;MATRICULADOS;;;;;;;;;;;;;;;171;153;264;266;395;406;309;246;496;265;321;689;372;291;320;434;764;910;874;876;1027;1517;1091;1279;1320;1386;1461;1532;2180;2166;2360;2552;2662;2547;2621;2478;2414;2276;1747;1956
3116;Putumayo;Sibundoy;MATRICULADOS;;;;;;;;;;;;;;;;;;;;;105;136;203;169;204;234;80;73;111;115;122;128;134;109;139;94;153;109;;;;;;;;;;;;;;;;
3117;Atlántico;Barranquilla;MATRICULADOS;;;;;;173;325;382;580;729;942;1032;1221;1128;1310;393;1716;331;1876;1185;2277;1740;2823;1924;2883;2220;3793;1373;2746;1631;3439;2833;3153;2415;3390;2543;3892;2111;3688;2487;4134;2944;4550;3286;4198;3168;4828;4086;5131;4270;5733;5180;4292;6912
3201;Santander;Bucaramanga;MATRICULADOS;184;362;609;1175;2104;2784;4255;4746;6114;6942;7725;7849;8682;9088;10499;10583;11126;11213;13617;13618;15649;15240;12809;14151;14761;15746;18063;9049;16877;16194;17598;17005;15509;16557;19312;17241;18904;16642;16652;15335;15381;14332;15770;16243;17647;16899;19410;21583;21308;21292;21265;21472;17260;19532
3204;Antioquia;Medellín;MATRICULADOS;676;1250;1947;2595;3318;3532;4141;3811;3668;3293;3212;3560;4442;4522;4965;5087;5372;5523;7205;6371;6061;6164;7125;8679;8266;9228;10152;10930;9679;8268;8075;8117;7725;7484;8085;8046;8052;8182;8822;8748;8894;8862;9805;10639;12088;11784;12631;13117;11687;11393;11531;11097;9558;14145
3301;Valle del Cauca;Cali;MATRICULADOS;148;209;170;217;275;226;348;403;381;391;653;733;676;780;968;1346;1854;2224;2926;3877;4360;4755;4543;4636;4786;4237;4699;4448;4719;4412;4927;5217;5840;6091;6497;6656;6960;7013;7211;7118;7416;7311;7611;8336;8583;8370;9366;11113;11270;11680;12233;12811;11261;12425
3302;Antioquia;Medellín;MATRICULADOS;375;892;1409;1778;2980;3526;4211;4884;4946;5190;5221;5240;5244;5124;5388;4639;4234;4015;3315;3745;5425;6456;8936;10641;11414;11930;12542;14399;14903;17744;18666;19535;15336;16611;17514;18963;19810;19745;20146;21051;21270;21283;21043;20716;20734;22761;23838;23591;23116;22306;22739;21701;17363;20336
3303;Antioquia;Envigado;MATRICULADOS;;;;;;;;;;;;;;;;;;;;;;;;280;119;126;209;220;306;336;351;370;365;365;434;412;463;423;461;430;443;454;601;587;759;602;758;914;961;971;1100;1084;828;970
3702;"Bogotá, d. c.";"Bogotá, D.C.";MATRICULADOS;55;81;92;85;114;87;105;108;124;142;158;199;217;210;229;257;278;285;304;215;211;203;210;195;470;552;704;719;760;798;694;671;595;536;534;530;470;457;432;396;382;355;303;271;265;227;263;310;353;305;301;331;254;248
3703;Antioquia;Medellín;MATRICULADOS;165;207;388;398;34;15;371;409;455;356;408;353;360;394;518;534;627;547;1122;1097;1173;1103;1312;1012;943;875;1082;1084;1197;1132;1372;1554;1721;1774;2164;2325;2127;2213;2133;1842;1919;1845;1850;1702;1576;1342;1321;1235;1202;1110;1067;1069;853;975
3705;Bolívar;Cartagena de Indias;MATRICULADOS;175;368;588;607;896;936;1136;1034;1210;1053;1110;1063;965;790;704;542;474;407;1667;2135;3000;3447;4552;4888;5533;5525;6155;6102;7605;8084;9550;9483;10507;10081;10385;9735;10325;10460;9910;8916;8823;8134;8491;8027;8148;5507;6737;6617;7396;7700;8598;8542;6826;6898
3706;Valle del Cauca;Cali;MATRICULADOS;;;;;;;;;;;;597;1219;1569;1833;2154;2774;2766;3034;3274;3217;3904;3801;3554;3484;3327;3068;2797;2740;2547;2351;2091;2678;2791;2885;3048;3265;3573;3746;3750;3992;3790;3709;3428;3161;2369;2214;1995;1773;1515;1371;1285;1012;888
3710;Bolívar;Cartagena de Indias;MATRICULADOS;;;;;;117;480;436;786;724;940;924;896;754;868;873;956;822;1381;1317;1915;1648;2393;2481;2774;2699;3603;3691;4407;4745;4605;4465;5096;4610;5062;5513;6486;5791;4982;4188;3860;3281;3153;2611;2574;1355;1951;1974;2439;2577;2884;2856;2231;2145
3712;"Bogotá, d. c.";"Bogotá, D.C.";MATRICULADOS;;;;;;;;;;;;;;;;;;1;1167;1502;1958;2064;2518;2640;3041;2913;3146;3182;3310;2920;2918;3209;3146;2713;2573;2354;2288;1792;1540;1260;1244;1027;903;612;;;18;15;;;;;;
3713;"Bogotá, d. c.";"Bogotá, D.C.";MATRICULADOS;;;;;;;632;887;1322;1525;2059;2331;2714;2487;2864;2916;3355;3370;4149;4179;5076;2345;5262;5104;5283;5051;5251;4987;3795;5016;5412;4883;4820;4568;4037;4053;3832;2230;2143;2063;2105;2105;2161;2230;2223;1633;1902;2085;2370;2616;2545;2459;1809;2012
3715;Valle del Cauca;Cali;MATRICULADOS;114;103;55;63;72;122;100;105;40;;;;;;;;;;418;445;369;346;272;292;309;378;554;480;487;577;583;850;1037;1090;1407;1468;1519;1699;1503;1385;1300;1197;1196;1047;1051;926;902;753;702;763;1;480;341;
3716;Santander;Bucaramanga;MATRICULADOS;;;;148;354;391;403;342;330;307;403;477;530;503;465;583;738;672;993;753;979;930;1287;1641;2122;1670;1598;1076;1204;1014;877;674;792;721;736;1132;868;841;748;500;555;572;568;484;314;259;331;358;322;655;751;495;466;329
3718;Norte de Santander;Cúcuta;MATRICULADOS;;2;85;107;128;117;174;334;339;325;251;207;253;192;248;215;207;153;88;110;191;198;853;1034;1545;1605;1275;1210;1461;1432;1527;1513;1629;1514;1612;1549;1658;1646;1502;1412;1446;1319;1391;1324;1417;982;1170;1142;1276;1436;1528;1431;1044;1034
3719;"Bogotá, d. c.";"Bogotá, D.C.";MATRICULADOS;693;584;533;461;354;278;217;165;139;83;118;171;194;261;315;317;320;488;654;693;734;728;790;713;740;582;712;678;671;627;691;536;540;511;507;511;500;423;435;436;431;508;516;511;532;459;520;471;479;438;445;368;251;210
3720;Antioquia;Medellín;MATRICULADOS;1556;1589;1734;1629;1577;1458;1417;1320;1300;1149;1173;1133;1311;1277;1407;1417;1654;1633;2340;2397;2473;2634;2877;2668;2664;2540;2654;2500;2550;2387;2369;2277;2340;2321;2193;2070;2141;1971;1931;1821;1787;1698;1698;1650;1681;1362;1385;1339;1476;1452;1428;1484;1048;1026
3724;"Bogotá, d. c.";"Bogotá, D.C.";MATRICULADOS;;;;;;;4;;26;;36;44;26;26;24;22;27;12;10;9;9;9;;;;;;;;;25;23;48;40;60;40;27;42;24;15;32;18;;;;;;;;;;;;
3725;"Bogotá, d. c.";"Bogotá, D.C.";MATRICULADOS;;;;;;;;;;;;;;;;250;135;185;248;207;194;194;193;212;260;253;356;369;295;295;307;181;183;248;317;301;426;275;296;282;280;270;326;292;314;221;267;216;210;161;194;197;157;151
3801;Valle del Cauca;Cartago;MATRICULADOS;204;158;121;89;79;30;10;8;38;33;34;46;49;43;114;153;1;139;71;172;12;19;31;101;144;236;305;390;447;523;399;456;471;452;455;444;479;486;483;433;465;462;482;488;465;380;436;410;450;438;468;444;329;315
3802;Antioquia;Medellín;MATRICULADOS;;;;;;;;;;;;;;9;13;;34;51;;;;;;;;;;;;;;;;;;;;;;;;;;;;;;;;;;;;
3803;Valle del Cauca;Cali;MATRICULADOS;;;;;;;;;;;;;;1;141;223;238;247;337;562;769;888;969;922;1007;940;650;667;748;784;854;860;940;1029;1108;1224;1285;1201;1251;1164;1110;984;999;887;850;652;671;635;564;515;554;555;442;431
3805;Valle del Cauca;Cali;MATRICULADOS;13;42;54;76;94;119;124;158;153;174;179;180;188;149;168;149;102;83;13;11;18;30;65;45;31;41;18;20;29;37;64;73;65;62;52;40;26;14;;;;;;;;;;;;;;;;
3806;Valle del Cauca;Cali;MATRICULADOS;;;;;;;;;;;;;;;;;;;107;100;119;182;166;164;160;217;210;270;267;465;569;556;816;744;689;522;444;344;376;283;379;340;351;350;346;217;242;216;189;169;206;196;156;148
3807;Antioquia;Medellín;MATRICULADOS;85;58;70;66;68;40;62;41;39;24;30;20;29;15;8;6;32;40;50;106;42;54;131;146;87;54;41;23;;24;33;28;30;26;39;65;91;114;135;177;255;235;250;256;236;92;57;76;28;10;79;;33;37
3808;"Bogotá, d. c.";"Bogotá, D.C.";MATRICULADOS;59;84;122;142;201;202;239;263;302;333;384;357;388;347;353;311;333;302;212;222;280;346;452;421;437;403;414;480;539;503;605;632;674;700;780;714;638;607;503;388;388;281;266;227;215;190;261;223;258;252;256;243;184;163
3809;Cundinamarca;Fusagasugá;MATRICULADOS;15;17;17;9;36;40;39;32;14;11;10;1;36;51;71;64;44;56;48;21;3;85;61;71;97;96;123;118;155;126;115;108;88;62;60;46;57;60;71;87;114;118;106;115;129;113;125;105;102;83;84;83;47;43
3810;Santander;Bucaramanga;MATRICULADOS;175;242;342;362;393;366;462;408;417;363;461;467;532;497;692;606;936;856;835;822;824;742;612;651;615;646;568;495;431;358;349;290;334;308;267;204;195;120;147;117;149;137;198;200;172;;;;;;;;;
3811;Tolima;Honda;MATRICULADOS;;;;;;;42;66;116;99;159;168;129;175;201;223;277;251;332;287;358;361;390;345;378;406;374;368;394;349;434;415;393;346;375;367;340;278;348;340;302;330;300;284;211;256;273;234;288;244;;;77;175
3812;Antioquia;Bello;MATRICULADOS;;;;;155;84;238;238;255;293;381;517;618;542;573;584;609;520;637;649;678;759;1009;1043;848;519;670;595;767;763;890;910;877;728;651;505;558;505;408;417;480;439;482;490;600;546;758;739;979;1042;1078;993;808;706
3817;Nariño;Pasto;MATRICULADOS;;;66;66;62;124;74;53;57;48;61;49;26;20;38;21;96;191;220;289;362;377;512;443;417;461;515;505;656;773;1612;1555;2288;2295;3401;3773;4134;4626;3829;4173;4230;4650;4732;4922;4902;4188;4305;3947;3794;3588;3385;3193;2552;2359
3819;"Bogotá, d. c.";"Bogotá, D.C.";MATRICULADOS;81;185;220;254;254;285;336;293;347;254;387;353;323;286;230;216;48;198;194;243;335;354;382;330;296;344;477;518;601;502;665;684;867;406;714;684;779;686;793;825;938;849;897;875;907;681;814;782;886;853;989;985;403;528
3820;Antioquia;Medellín;MATRICULADOS;;;;;468;548;643;593;698;676;624;560;557;509;520;483;510;434;387;346;314;220;177;169;198;177;204;173;203;195;180;173;166;151;157;155;188;172;199;195;143;111;144;138;132;92;121;130;186;161;164;152;124;116
3821;Atlántico;Barranquilla;MATRICULADOS;356;2;8;2;390;145;450;236;10;260;351;234;76;90;468;331;420;213;267;756;936;648;933;859;949;943;1889;1841;2160;2212;2535;2537;1764;1800;2045;2182;2253;2272;2327;2246;2279;2272;2446;2363;2494;1958;2268;2214;2347;2469;2570;2488;1827;1791
3822;"Bogotá, d. c.";"Bogotá, D.C.";MATRICULADOS;38;44;45;38;39;40;41;42;40;47;46;63;60;80;78;83;66;78;59;57;53;47;46;28;26;14;11;;;;;;;;;;;;;13;15;21;23;17;44;48;34;41;14;;;;;
3823;"Bogotá, d. c.";"Bogotá, D.C.";MATRICULADOS;;;;;;;;;;;;;;;;;;;29;;40;72;200;259;236;161;373;219;371;;;;;;;;72;;;;;;;;;;;;;;;;;
3824;"Bogotá, d. c.";"Bogotá, D.C.";MATRICULADOS;222;260;248;253;219;214;173;163;113;109;93;124;140;145;186;168;207;208;269;301;289;321;326;335;342;353;335;425;521;427;475;494;557;563;559;462;356;274;151;92;;;;;;;;;;;;;;
3826;"Bogotá, d. c.";"Bogotá, D.C.";MATRICULADOS;141;274;339;391;503;555;588;303;319;309;300;259;235;427;478;725;855;1028;1732;1946;1723;1549;1316;1723;1569;1361;2959;3148;2214;1945;1804;1625;1241;995;948;921;862;702;633;457;485;401;422;405;560;620;938;1062;1107;961;1141;1140;847;865
3827;"Bogotá, d. c.";"Bogotá, D.C.";MATRICULADOS;128;73;263;74;234;213;59;102;75;62;86;95;70;51;40;21;24;42;22;21;32;35;54;13;6;;;;49;53;77;49;56;39;66;83;99;126;31;98;93;100;86;91;91;90;;;;173;;;;
3828;"Bogotá, d. c.";"Bogotá, D.C.";MATRICULADOS;;;;;;;;;;;;;;;;;;;;16;27;32;75;87;85;80;47;30;27;71;;;;16;103;101;77;111;174;164;123;70;53;42;15;2;19;5;53;15;;;;
3829;"Bogotá, d. c.";"Bogotá, D.C.";MATRICULADOS;8;;1;1;4;4;2;5;13;7;26;20;15;15;15;10;19;20;258;273;297;231;259;296;269;209;193;144;64;38;4;2;2;2;;;;;;;;;;;;;;;;;;;;
3830;"Bogotá, d. c.";"Bogotá, D.C.";MATRICULADOS;;;;;;;;;;;;;;;;;;;293;516;1086;1760;3876;4581;5536;5090;2704;2644;2954;2100;582;1070;906;832;718;782;526;303;694;955;672;610;320;43;43;;94;68;550;864;867;179;4;325
3831;Cauca;Popayán;MATRICULADOS;;;;;;;;;50;92;119;209;279;327;421;400;454;451;698;767;802;920;1282;1593;2409;1563;2050;1832;1957;1912;1865;1929;2375;2484;2868;2840;2890;2694;2472;2515;2532;2434;2482;2494;2683;2195;2422;2437;2676;2832;3058;3089;2793;2911
3833;Antioquia;Copacabana;MATRICULADOS;;;;;;;;;;;9;13;24;25;40;40;51;49;77;76;58;58;34;;11;8;;;;;;;;;;;;;;;;;;;;;;;;;;;;
3834;Antioquia;Santa Fé de Antioquia;MATRICULADOS;;;;;;;;;;;;;;;43;62;84;87;141;128;155;199;233;201;185;181;144;160;78;78;78;79;62;74;57;152;176;87;136;124;177;123;85;96;81;86;43;39;62;34;43;;29;
3901;Sucre;Coveñas;MATRICULADOS;;;;;;;;;;;;;;;;;94;189;195;203;212;219;209;110;13;103;148;118;100;218;263;241;167;191;179;152;176;248;207;262;268;327;350;376;405;344;309;278;291;326;307;283;203;262
3902;Cundinamarca;Nilo;MATRICULADOS;;;;;;;;;;;;;;;;;;;1089;2563;4463;6211;6630;6659;5676;5670;4909;4255;5174;5090;4931;4684;4254;4871;5525;6230;6497;6458;4841;4996;5051;5149;5327;5570;4233;4395;4467;4371;5328;4476;3910;3454;2411;2142
4101;Valle del Cauca;Roldanillo;MATRICULADOS;170;422;528;677;732;758;723;733;729;774;662;641;592;549;588;572;848;912;1167;1363;1446;1433;1408;1124;1261;1007;948;810;966;800;1025;966;956;938;1188;1555;1781;1635;1866;1842;2284;2267;2583;2544;2243;2406;3342;3109;3687;3315;3895;3885;2406;2835
4102;La Guajira;San Juan del Cesar;MATRICULADOS;;;;;;;;;;;;;;;124;199;338;368;513;560;597;553;499;541;707;668;616;625;721;876;842;659;77;696;556;369;351;202;259;250;283;341;425;500;702;610;941;892;866;803;749;766;529;799
4106;Archipiélago de San Andrés y Providencia;San Andrés;MATRICULADOS;125;114;158;148;229;146;201;143;192;92;208;109;124;47;72;17;71;37;187;205;329;240;255;178;238;348;156;94;174;186;231;202;162;77;61;43;23;34;70;66;71;69;106;132;196;241;896;574;424;339;220;253;173;176
4107;Valle del Cauca;Guadalajara de Buga;MATRICULADOS;;;;;;;;;3;4;4;1;2;91;2;53;2;95;149;69;14;188;129;153;212;182;282;195;300;312;454;372;263;102;198;179;266;300;641;325;494;548;1034;875;593;625;604;564;552;918;1063;1161;657;1165
4108;"Bogotá, d. c.";"Bogotá, D.C.";MATRICULADOS;134;167;339;348;502;277;296;792;376;1015;1123;1152;1229;1250;1286;260;423;326;1416;1715;1563;580;535;2117;1906;2037;1572;1831;2557;2851;2934;2534;2433;2315;2161;2143;2492;2329;2273;2289;2275;2158;2232;2376;2632;2682;2804;3021;3132;3262;3425;3322;2748;3030
4109;Valle del Cauca;Cali;MATRICULADOS;;;;;;;;;;;;;;;;;;;429;375;545;532;903;1148;1395;1113;1372;1168;1383;1766;1507;1585;1939;1301;1569;1052;1161;733;709;843;732;729;979;874;918;869;1152;1801;1759;1673;1723;1718;1097;1132
4110;Tolima;Espinal;MATRICULADOS;328;320;465;433;676;652;666;586;729;643;763;666;685;493;536;386;510;470;612;538;665;543;1065;920;1377;1646;1975;1796;2214;1913;1660;1785;1770;1669;2256;2270;2876;2822;3114;3085;3323;3269;3564;3707;3996;3762;4017;4041;4181;4183;4443;4395;3018;3020
4111;Magdalena;Ciénaga;MATRICULADOS;42;32;64;71;111;54;79;77;81;55;48;122;117;100;179;183;262;239;385;382;375;319;340;318;418;433;677;688;574;559;604;583;658;621;698;678;720;779;695;558;543;605;669;634;1017;987;1788;2199;2666;2525;2716;2791;1730;2529
4112;Caldas;Pensilvania;MATRICULADOS;208;187;171;159;192;115;131;142;148;110;193;114;189;174;255;226;391;257;251;197;303;278;349;338;283;276;290;222;249;185;195;173;171;134;181;171;357;315;400;351;271;320;333;295;493;540;630;590;653;681;527;679;333;373
4701;Valle del Cauca;Cali;MATRICULADOS;481;353;415;445;492;574;592;626;685;836;972;1136;1299;1419;1529;1645;1707;1768;1853;2056;2150;2069;2121;2142;2122;2182;2196;2232;2923;2794;3265;3177;3040;3224;3065;2861;2649;2400;2205;2013;2032;1980;1987;1920;1848;1221;1502;1400;1439;1491;1487;1477;1132;1130
4702;"Bogotá, d. c.";"Bogotá, D.C.";MATRICULADOS;;;;;;;;;;;;;;;3;;;;1106;1;1022;1050;1538;1201;2;2;643;420;349;214;471;177;1002;827;754;635;1646;1208;1297;1748;2450;2070;1905;1706;1630;1942;2053;4435;6519;7207;6799;12166;2;5125
4704;"Bogotá, d. c.";"Bogotá, D.C.";MATRICULADOS;;;;;1;1;;7;1;2;1;1;;7;4;27;3;15;;106;3;25;3;16;;106;;;;;;;;;;;;23;;;;;;;;;;;;;;;;
4705;Cesar;Valledupar;MATRICULADOS;96;173;324;369;427;471;435;344;317;227;141;270;66;101;90;107;185;253;325;288;344;315;395;103;507;173;335;127;129;94;68;41;83;38;82;;;;;;;;;;;;;;;;;;;
4708;"Bogotá, d. c.";"Bogotá, D.C.";MATRICULADOS;313;253;275;211;186;166;179;157;161;154;157;143;150;151;149;168;202;189;50;75;96;117;138;118;161;138;151;109;125;132;;;66;62;57;59;81;;84;83;81;77;;;;;;;;;;;;
4709;Quindío;Armenia;MATRICULADOS;785;1017;1093;1162;1291;1257;1284;1115;1037;895;830;758;758;634;683;643;756;661;767;922;1153;1215;1389;1369;1514;1505;1658;1641;1671;1577;1546;1500;1579;1505;1757;1489;1645;1587;1700;1484;1532;1359;1352;1192;1257;1059;1067;959;1003;925;1021;952;741;721
4710;"Bogotá, d. c.";"Bogotá, D.C.";MATRICULADOS;;;;;;;;;;;;;;;;;;;;;;;;;;;;;;;;;;;;69;91;10;5;2;2;2;2;2;;;2;2;682;819;1425;2135;1859;1511
4714;"Bogotá, d. c.";"Bogotá, D.C.";MATRICULADOS;109;130;292;220;310;249;325;289;330;322;367;372;427;616;657;371;417;395;461;460;512;525;533;505;457;441;411;392;396;402;19;8;46;35;93;103;119;121;123;121;110;87;72;73;79;40;78;90;123;135;178;198;94;104
4719;"Bogotá, d. c.";"Bogotá, D.C.";MATRICULADOS;;;;;;;;;;;;;4;10;21;23;46;58;210;225;293;316;365;254;427;369;759;753;605;141;221;106;158;87;312;155;195;253;367;363;343;341;321;324;259;193;134;123;142;144;460;386;88;403
4721;"Bogotá, d. c.";"Bogotá, D.C.";MATRICULADOS;18;9;28;20;21;18;47;30;36;23;66;73;73;144;232;155;288;291;512;464;604;628;1093;1073;1152;769;807;746;518;767;1081;1021;1069;1349;1181;1294;1089;850;781;819;792;811;840;654;932;842;992;733;905;734;606;414;274;223
4726;"Bogotá, d. c.";"Bogotá, D.C.";MATRICULADOS;29;21;9;19;30;46;142;232;357;321;513;685;1021;1060;1398;1351;1805;1706;2319;2184;2331;2111;2360;2339;2443;2218;2345;2189;2808;2877;3366;3310;2985;2768;3102;3654;4433;4350;4669;4479;4600;4640;4557;4985;5119;4167;4522;4454;5011;5376;5316;5351;3490;3512
4727;"Bogotá, d. c.";"Bogotá, D.C.";MATRICULADOS;;;;;;;;;;;;;53;58;204;669;901;880;1523;1686;2190;2141;2682;2536;3333;3359;4570;4658;5541;4644;6251;6126;7715;6497;7939;6870;8324;7084;7750;7947;7166;6041;6603;5549;4953;3044;5372;4672;5769;4820;5785;5180;2894;4327
4801;Antioquia;Medellín;MATRICULADOS;361;336;359;291;291;245;283;255;267;200;238;233;259;246;275;265;297;274;269;240;305;316;490;441;491;435;424;398;371;375;372;362;365;319;288;270;249;250;241;235;253;285;272;274;289;240;265;252;261;224;230;201;150;132
4803;"Bogotá, d. c.";"Bogotá, D.C.";MATRICULADOS;137;172;790;131;315;127;300;427;632;617;415;278;147;206;302;260;546;400;591;486;658;479;456;371;292;248;266;179;157;173;286;241;227;205;191;131;69;35;35;11;20;25;33;22;19;27;18;44;19;68;59;64;26;82
4805;"Bogotá, d. c.";"Bogotá, D.C.";MATRICULADOS;;;;;;;;;;;;;;;;;;;55;76;60;53;34;18;;;;;;;13;21;35;48;48;58;81;73;;;;;;;;;;;;;;;;
4806;"Bogotá, d. c.";"Bogotá, D.C.";MATRICULADOS;38;41;1;2;48;50;2;27;1;4;28;35;27;47;25;27;41;36;208;22;117;12;191;147;26;16;152;154;148;135;120;134;170;151;137;125;108;85;68;55;35;18;10;16;25;19;25;34;47;68;72;60;48;25
4808;Valle del Cauca;Cali;MATRICULADOS;;;;;;;;;;;;;;;;;;;31;37;20;23;32;42;66;83;130;195;262;273;222;156;42;34;92;138;218;189;218;;20;6;381;406;245;63;13;47;105;170;93;156;79;208
4810;"Bogotá, d. c.";"Bogotá, D.C.";MATRICULADOS;271;110;322;358;459;502;441;463;528;503;446;428;317;300;251;248;233;200;189;213;226;218;274;220;279;355;344;363;397;446;460;447;627;593;763;885;1046;1119;1210;1308;1357;1376;1412;1327;1349;1022;993;926;837;804;712;674;588;837
4811;Valle del Cauca;Cali;MATRICULADOS;;;;;;;;;;;;;;;;;;;;;;;;;;;8;6;16;14;;10;9;8;19;17;40;65;74;119;152;166;246;288;300;152;167;124;50;;79;79;56;82
4812;"Bogotá, d. c.";"Bogotá, D.C.";MATRICULADOS;;;;;;;;;;;;;;;;;;;57;65;75;68;;15;4;66;118;113;244;217;348;333;375;283;251;287;454;306;186;289;371;;7;5;83;22;36;7;;;33;;2;9
4813;"Bogotá, d. c.";"Bogotá, D.C.";MATRICULADOS;33;93;1225;60;1056;1263;1243;2662;3670;3097;3577;3794;3688;3272;4050;6392;5888;4601;14612;14919;16038;15720;9328;20511;20818;21731;23162;22153;22825;22168;27680;28594;31545;28897;29657;32970;32271;36566;34928;32301;30882;31724;32298;34390;29074;27345;31520;36272;43127;44228;47384;48481;30607;45433
4817;Atlántico;Barranquilla;MATRICULADOS;342;595;880;1187;1595;1876;1566;1445;1553;1321;1533;1512;1460;1317;916;900;744;1001;1652;1490;1685;1428;1498;966;1271;1456;1356;1002;1423;1032;1357;1277;1726;1675;1519;1301;1118;808;685;617;680;488;399;308;245;235;497;924;2321;2243;2193;2332;996;345
4818;Atlántico;Barranquilla;MATRICULADOS;;;;;;;1;10;40;67;321;479;537;385;2304;2038;2220;1977;2163;1933;2197;2078;2039;2208;2903;2927;3243;3587;3993;3730;4271;4120;4774;4625;4758;4763;4860;4568;4632;4458;4698;4568;4748;4576;5049;3770;4523;4367;4596;4513;4671;4355;3551;3291
4822;"Bogotá, d. c.";"Bogotá, D.C.";MATRICULADOS;38;22;39;41;56;65;95;98;119;119;129;162;174;165;167;160;166;123;305;588;659;835;1135;1261;1550;1657;1964;2015;2135;2199;2399;2463;2638;2649;2843;2926;2839;2752;2717;2557;2333;2103;1951;1808;1725;1212;1396;1306;1291;1175;1123;1004;730;647
4825;Risaralda;Pereira;MATRICULADOS;;;;;;;;;;;;;;;;;;;82;99;74;49;102;68;8;15;112;135;178;204;280;310;289;257;193;209;239;328;360;370;552;539;588;599;1074;926;1033;944;1040;1038;1153;1376;865;1029
4826;Bolívar;Cartagena de Indias;MATRICULADOS;;;;;;;;;;;;;;;;;;;342;386;714;256;662;437;546;498;1400;;;429;421;538;407;246;172;321;64;17;343;733;25;18;4;385;250;;204;;135;48;;;;
4827;Antioquia;Medellín;MATRICULADOS;;;124;172;243;266;353;388;451;426;428;416;422;399;393;330;330;331;398;431;438;479;552;490;466;410;387;360;335;245;218;142;89;43;;;;;;;;;;;;;;;;;;;;
4829;Santander;Bucaramanga;MATRICULADOS;59;308;251;169;49;103;112;118;113;106;215;160;194;133;142;112;87;78;116;102;76;479;422;114;276;446;120;262;195;289;182;160;385;500;609;542;452;309;155;126;119;176;44;411;373;405;560;479;418;347;275;162;65;38
4832;"Bogotá, d. c.";"Bogotá, D.C.";MATRICULADOS;;;;;;2;1;6;1;2;2;7;1;2;1;2;4;4;87;78;469;692;1411;1782;2554;1903;3323;2367;2554;1892;2005;1738;1388;239;1244;862;1003;363;658;307;648;528;390;370;459;253;442;195;488;285;280;278;101;211
4835;"Bogotá, d. c.";"Bogotá, D.C.";MATRICULADOS;2;;;31;;2;127;138;137;126;143;151;121;506;108;80;104;97;521;526;537;519;560;560;605;612;594;535;480;379;353;318;307;302;314;265;291;300;302;284;319;293;339;395;500;455;568;591;669;739;880;880;777;799
4837;Atlántico;Barranquilla;MATRICULADOS;96;141;210;262;314;329;284;257;234;283;303;297;324;264;214;148;142;98;126;163;139;111;133;178;323;277;288;280;347;351;390;415;453;448;516;510;486;541;565;595;551;517;497;461;476;462;638;693;766;801;820;781;676;720
5801;Santander;Bucaramanga;MATRICULADOS;;;;;;10;50;28;57;42;67;56;59;59;43;29;13;8;8;7;4;5;1;;;7;104;133;81;54;48;48;124;196;346;542;584;403;357;325;381;453;497;547;633;598;621;584;550;572;538;487;386;311
5802;"Bogotá, d. c.";"Bogotá, D.C.";MATRICULADOS;354;636;1056;1307;1306;2283;2623;2063;3136;3191;3884;4092;3007;3424;4484;4096;4606;3801;5870;6288;7596;7534;9432;9618;10153;10279;10440;10648;11209;11770;12429;13214;11799;10071;14152;14760;16557;16820;17693;17141;17806;17157;18129;17814;17769;14352;15918;15269;16919;16500;16639;16121;13155;12162
9102;Cundinamarca;Madrid;MATRICULADOS;440;332;477;420;506;502;583;529;564;564;463;460;351;346;356;353;379;379;381;380;373;373;385;371;391;390;458;445;476;477;439;437;402;389;400;385;425;281;481;425;509;376;570;522;639;552;681;605;597;560;558;;297;
9103;Valle del Cauca;Cali;MATRICULADOS;111;82;147;126;200;179;307;231;284;263;285;271;375;359;403;388;419;390;473;438;516;447;477;449;501;466;498;463;507;487;552;519;704;634;739;691;775;731;678;640;606;544;523;484;417;400;490;474;538;507;555;;371;
9104;"Bogotá, d. c.";"Bogotá, D.C.";MATRICULADOS;;;;;;;155;;;;;;;;;;412;594;1138;1313;1712;1793;1972;1805;1621;1564;1588;1832;1716;1765;2168;2327;2448;2355;2627;2699;2854;2496;2328;2434;2594;2735;3115;3318;3389;3095;3469;3628;3534;3408;3203;2981;2400;2632
9105;Bolívar;Cartagena de Indias;MATRICULADOS;163;150;252;247;331;307;406;398;418;390;406;389;402;389;415;396;384;357;398;345;418;439;453;494;449;437;416;403;397;363;297;337;450;420;517;562;578;661;847;943;892;980;1117;1212;1279;1412;1401;1389;1320;1287;1298;730;527;483
9107;"Bogotá, d. c.";"Bogotá, D.C.";MATRICULADOS;;;;;;;;;1;46;1;46;;;;;11;5;161;165;103;261;317;280;328;407;374;489;444;491;562;561;500;397;546;548;528;570;566;536;555;548;548;533;554;584;594;555;587;558;550;565;444;428
9110;"Bogotá, d. c.";"Bogotá, D.C.";MATRICULADOS;;;;;;;;;;;;;;;;;;;;;;;;;8505;10540;76212;119246;162642;217608;259447;324546;326770;353573;387144;389675;329502;378425;347498;405869;328292;407666;313228;371269;292446;371730;329069;400915;323138;400662;291328;378083;238874;322640
9116;Chocó;Quibdó;MATRICULADOS;;;;;;;;;;;;;;;;;;;;;127;135;245;337;369;455;602;659;622;650;603;678;842;907;1192;1400;1641;1675;1888;2030;2401;2851;2297;2637;2873;2883;3301;3193;3231;3077;3031;2844;2382;2225
9117;"Bogotá, d. c.";"Bogotá, D.C.";MATRICULADOS;;;;;;;;;;;;;;;;;;;19;18;55;70;87;100;63;76;59;71;82;73;71;63;51;47;41;34;39;33;40;42;38;31;22;18;21;11;19;20;14;13;7;11;9;8
9119;Atlántico;Barranquilla;MATRICULADOS;;;;;;;;;;;;;;;;;;;69;214;226;309;685;1063;1554;1858;2372;2543;3289;3953;5272;5968;7827;8182;9295;9866;10576;10961;11638;11652;11795;11736;11703;11334;11511;9975;11133;11313;12731;12831;12371;12509;9192;9259
9120;Antioquia;Medellín;MATRICULADOS;;;;;;;;;;;;;;;;;;;;126;175;169;273;294;388;368;414;412;450;448;516;480;521;546;622;662;647;560;617;602;662;650;668;637;692;583;618;595;632;624;612;584;481;445
9121;Bolívar;Cartagena de Indias;MATRICULADOS;;;;;;;;;;;;;;;;;;;;8;28;39;88;106;137;257;692;766;1053;1219;1473;1468;1628;1664;1939;2018;2141;2092;2077;1931;2223;2148;2231;2138;2281;1593;1929;2161;2273;2383;2515;2463;2012;1955
9122;Santander;Bucaramanga;MATRICULADOS;96;162;231;242;281;305;345;363;455;460;533;507;543;529;559;559;574;543;610;578;602;573;596;571;655;609;659;637;708;704;729;719;718;689;718;721;715;625;661;621;623;658;696;678;679;607;615;567;619;578;577;519;474;528
9124;Antioquia;Marinilla;MATRICULADOS;;;;;;;;;;;;;;;;;;;;;92;114;108;297;314;383;346;230;71;65;94;64;146;253;319;421;379;311;255;230;241;203;121;117;41;86;110;72;69;80;89;112;72;68
9125;Antioquia;Santa Fé de Antioquia;MATRICULADOS;;;;;;;;;;;;;;;;59;52;68;81;91;112;75;108;100;102;135;140;168;184;180;186;210;182;172;146;141;106;57;26;25;18;15;26;25;58;55;52;69;86;73;;;;
9126;Atlántico;Barranquilla;MATRICULADOS;;;;;;;;;;;;;;;;;;;;;;;;;12;13;21;20;16;22;26;33;108;117;254;313;427;451;438;377;395;346;315;303;318;203;284;282;315;306;364;349;244;234
9127;Antioquia;Sabaneta;MATRICULADOS;;;;;;;;;;;;;;;;;;;;;;;460;397;295;436;468;535;609;689;891;1038;1131;1161;1391;1531;1729;1771;1813;1655;1452;1320;1277;1176;1111;1028;941;859;854;821;776;714;604;348
9128;"Bogotá, d. c.";"Bogotá, D.C.";MATRICULADOS;;;;;;;;;;;;;;;;;;;;;;;;168;264;652;672;790;882;1057;762;942;871;873;756;940;957;902;845;920;879;955;772;892;704;576;548;744;713;885;771;923;550;682
9129;"Bogotá, d. c.";"Bogotá, D.C.";MATRICULADOS;;;;;;;;;;;;;;;;;;;;;;;;;28;131;364;450;642;758;890;948;1049;1051;1150;1226;1315;1288;1378;1349;1392;1396;1519;1568;1630;1428;1531;1464;1454;1454;1584;1667;1297;1297
9131;"Bogotá, d. c.";"Bogotá, D.C.";MATRICULADOS;;;;;;;;;;;;;;;;;;;;;;;;;;;55;48;79;76;91;87;112;157;818;814;609;444;360;286;226;214;306;448;587;654;983;1034;1267;1347;1484;1430;1242;1104
9132;"Bogotá, d. c.";"Bogotá, D.C.";MATRICULADOS;;;;;;;;;;;;;;;;;;;;;;;;;;;;;29;;;;;;;;;;;;;;;;;;;;;;;;;
9899;"Bogotá, d. c.";"Bogotá, D.C.";MATRICULADOS;;;;;;;;;;;;;;;;;;;;;;;;;;;200;455;741;1114;1555;1757;1841;1973;2170;1868;2637;1210;1208;1373;1355;1092;856;1118;688;142;1045;1;604;2;666;422;;491
9900;Antioquia;Medellín;MATRICULADOS;;;;;;;;;;;;;;;;;;;;;;;;;;;;;;;30;38;75;196;334;390;488;542;646;763;839;837;901;872;823;717;698;666;673;597;678;697;541;542
9902;Santander;Bucaramanga;MATRICULADOS;;;;;;;;;;;;;;;;;;;;;;;;;;;;;;;;33;59;74;109;115;123;143;206;227;223;301;303;315;336;296;294;274;290;293;298;287;226;258
9903;"Bogotá, d. c.";"Bogotá, D.C.";MATRICULADOS;;;;;;;;;;;;;;;;;;;;;;;;;;;;26;219;184;638;711;755;257;399;41;268;353;145;124;225;119;175;144;107;34;126;387;471;461;541;545;417;407
9904;"Bogotá, d. c.";"Bogotá, D.C.";MATRICULADOS;;;;;;;;;;;;;;;;;;;;;;;;;;;;;29;36;99;109;176;348;614;784;1042;1102;1247;1287;1431;1555;1776;1729;1740;1054;1448;1255;1251;1156;1487;1507;714;1183
9905;Huila;Rivera;MATRICULADOS;;;;;;;;;;;;;;;;;;;;;;;;;;;;;;;35;58;125;198;335;375;528;529;592;603;689;667;705;751;831;745;831;832;772;749;762;817;573;597
9906;Valle del Cauca;Cali;MATRICULADOS;;;;;;;;;;;;;;;;;;;;;;;;;;;;;;58;118;125;131;125;147;145;159;163;173;149;172;167;158;163;166;171;177;168;156;138;132;89;58;60
9907;Huila;Neiva;MATRICULADOS;;;;;;;;;;;;;;;;;;;;;;;;;;;;;;;;;74;292;492;690;882;1057;1344;1446;1671;1916;2152;2197;2226;2019;2077;2158;1968;1907;1954;1916;1524;1536
9913;"Bogotá, d. c.";"Bogotá, D.C.";MATRICULADOS;;;;;;;;;;;;;;;;;;;;;;;;;;;;;;;;;12;24;1014;1990;3732;4583;5578;5432;5705;6026;6406;5998;5674;5249;4887;4146;5156;3911;4952;4502;3471;4344
9914;"Bogotá, d. c.";"Bogotá, D.C.";MATRICULADOS;;;;;;;;;;;;;;;;;;;;;;;;;;;;;;;;;;47;153;156;165;195;202;200;239;263;262;248;210;236;300;329;455;483;640;710;541;718
9915;"Bogotá, d. c.";"Bogotá, D.C.";MATRICULADOS;;;;;;;;;;;;;;;;;;;;;;;;;;;;;;;;;;12;39;34;127;182;743;697;917;855;876;666;779;832;991;;845;797;1169;1176;759;763
9918;Cundinamarca;Cota;MATRICULADOS;;;;;;;;;;;;;;;;;;;;;;;;;;;;;;;;;;;;21;;;;;;;;;;;;;;;;;;
9921;Nariño;Pasto;MATRICULADOS;;;;;;;;;;;;;;;;;;;;;;;;;;;;;;;;;;;;;;;;34;50;67;85;98;120;132;150;141;182;217;241;274;253;291
9922;Risaralda;Pereira;MATRICULADOS;;;;;;;;;;;;;;;;;;;;;;;;;;;;;;;;;;;;;;;366;524;761;804;1048;1003;1073;1027;1131;1083;1109;1033;1230;1168;760;721
9923;"Bogotá, d. c.";"Bogotá, D.C.";MATRICULADOS;;;;;;;;;;;;;;;;;;;;;;;;;;;;;;;;;;;;;;;;;;;;;;9;29;61;115;167;227;;194;414
9924;"Bogotá, d. c.";"Bogotá, D.C.";MATRICULADOS;;;;;;;;;;;;;;;;;;;;;;;;;;;;;;;;;;;;;;;;;;;;;;10;43;46;78;122;125;110;72;80
9926;"Bogotá, d. c.";"Bogotá, D.C.";MATRICULADOS;;;;;;;;;;;;;;;;;;;;;;;;;;;;;;;;;;;;;;;;;;;136;262;601;1102;1851;2362;2833;3128;3519;3392;2730;3164
9927;Antioquia;Medellín;MATRICULADOS;;;;;;;;;;;;;;;;;;;;;;;;;;;;;;;;;;;;;;;;;;;295;697;1312;2723;3668;4951;4582;5999;5856;7167;5736;8038
9928;"Bogotá, d. c.";"Bogotá, D.C.";MATRICULADOS;;;;;;;;;;;;;;;;;;;;;;;;;;;;;;;;;;;;;;;;;;;;;13;29;77;139;210;217;226;226;219;305
9929;Cauca;Popayán;MATRICULADOS;;;;;;;;;;;;;;;;;;;;;;;;;;;;;;;;;;;;;;;;;;;769;184;421;485;568;730;676;708;880;733;684;753
9930;"Bogotá, d. c.";"Bogotá, D.C.";MATRICULADOS;;;;;;;;;;;;;;;;;;;;;;;;;;;;;;;;;;;;;;;;;;;;;;132;143;155;151;148;122;119;98;97
9931;"Bogotá, d. c.";"Bogotá, D.C.";MATRICULADOS;;;;;;;;;;;;;;;;;;;;;;;;;;;;;;;;;;;;;;;;;;;;;20;29;34;39;24;;;;;
9932;"Bogotá, d. c.";"Bogotá, D.C.";MATRICULADOS;;;;;;;;;;;;;;;;;;;;;;;;;;;;;;;;;;;;;;;;;;;;;;;3;4;15;20;34;41;34;40
9933;Cesar;La Paz;MATRICULADOS;;;;;;;;;;;;;;;;;;;;;;;;;;;;;;;;;;;;;;;;;;;;200;382;551;728;857;1010;1140;1202;1239;1193;1171
9934;"Bogotá, d. c.";"Bogotá, D.C.";MATRICULADOS;;;;;;;;;;;;;;;;;;;;;;;;;;;;;;;;;;;;;;;;;;;;;;;14;22;60;63;96;80;43;58
9935;Santander;Barrancabermeja;MATRICULADOS;;;;;;;;;;;;;;;;;;;;;;;;;;;;;;;;;;;;;;;;;;;;;;;30;41;97;106;111;92;70;
9936;Norte de Santander;Cúcuta;MATRICULADOS;;;;;;;;;;;;;;;;;;;;;;;;;;;;;;;;;;;;;;;;;;;;;;;7;35;88;149;176;216;197;215
9938;Santander;Bucaramanga;MATRICULADOS;;;;;;;;;;;;;;;;;;;;;;;;;;;;;;;;;;;;;;;;;;;;;;;;;;;;;;50
