IES;DEPARTAMENTO;MUNICIPIO;SEXO;TIPO;1998-1;1998-2;1999-1;1999-2;2000-1;2000-2;2001-1;2001-2;2002-1;2002-2;2003-1;2003-2;2004-1;2004-2;2005-1;2005-2;2006-1;2006-2;2007-1;2007-2;2008-1;2008-2;2009-1;2009-2;2010-1;2010-2;2011-1;2011-2;2012-1;2012-2;2013-1;2013-2;2014-1;2014-2;2015-1;2015-2;2016-1;2016-2;2017-1;2017-2;2018-1;2018-2;2019-1;2019-2;2020-1;2020-2;2021-1;2021-2;2022-1;2022-2;2023-1;2023-2;2024-1;2024-2
1101;"Bogotá, d. c.";"Bogotá, D.C.";Mujer;DESERTORES;0;0;45;155;157;182;249;233;256;290;288;542;109;313;309;267;344;378;362;344;439;373;354;345;294;339;331;327;332;346;331;318;403;378;444;482;542;524;449;460;526;601;1030;763;784;966;660;489;975;939;776;1154;1273;1030
1101;"Bogotá, d. c.";"Bogotá, D.C.";Sin informaci¿n;DESERTORES;;;;;;;0;0;0;0;0;0;0;0;0;;;;0;1;0;0;;;;;;;;;;0;0;0;0;0;0;0;1;1;1;0;0;0;0;;0;0;0;0;;;;
1101;"Bogotá, d. c.";"Bogotá, D.C.";Hombre;DESERTORES;0;0;108;243;316;388;504;461;565;580;656;995;187;712;703;730;697;722;762;746;866;765;805;844;596;671;777;787;821;788;845;857;966;1029;828;849;755;661;768;671;613;742;927;508;537;462;282;179;348;284;229;285;322;207
1102;Antioquia;Medellín;Mujer;DESERTORES;0;0;40;3;98;83;108;122;156;110;118;454;30;138;189;217;304;267;271;323;315;278;284;396;284;260;317;245;235;218;271;249;219;255;266;311;301;369;360;376;452;438;463;557;599;1010;122;324;725;707;645;1113;1089;893
1102;Antioquia;Medellín;Sin informaci¿n;DESERTORES;;;;;;;;;;;;0;0;0;0;0;0;0;0;0;0;0;0;;;;;;;;;0;0;0;0;0;0;0;0;0;0;0;0;;;;;;;;;;;
1102;Antioquia;Medellín;Hombre;DESERTORES;0;0;58;4;124;141;179;242;292;239;236;730;54;348;366;378;494;436;432;598;562;524;573;690;666;546;665;563;575;500;576;535;532;518;484;470;312;489;478;566;455;448;382;306;355;479;13;97;187;191;122;168;171;120
1103;Caldas;Manizales;Mujer;DESERTORES;0;0;13;15;30;35;57;51;60;57;75;137;18;56;103;60;91;148;92;170;59;69;172;75;58;82;70;73;74;78;68;98;80;110;90;100;131;104;149;136;139;173;182;177;190;164;180;108;280;252;219;343;313;302
1103;Caldas;Manizales;Hombre;DESERTORES;0;0;16;37;34;72;79;110;129;104;151;282;32;161;155;120;104;236;126;193;124;139;197;123;104;124;179;155;172;176;151;172;192;181;146;146;125;122;151;157;137;160;113;95;88;57;30;30;57;66;30;44;44;20
1104;Valle del Cauca;Palmira;Mujer;DESERTORES;0;0;31;33;47;48;60;57;38;81;11;86;74;82;90;68;58;51;57;54;81;74;0;69;16;53;39;46;41;48;50;46;67;62;47;56;74;54;71;68;87;69;95;105;98;98;62;103;135;166;118;182;161;125
1104;Valle del Cauca;Palmira;Sin informaci¿n;DESERTORES;;;;;;;;;;;;;;;;;;;;;;;;;;;;;;;;;;;;;0;0;0;0;0;0;0;0;0;0;0;0;0;;;;;
1104;Valle del Cauca;Palmira;Hombre;DESERTORES;0;0;19;72;55;74;54;84;34;111;17;118;94;93;124;104;87;112;84;63;135;105;0;125;30;78;87;75;78;99;85;102;97;92;57;68;78;71;73;77;99;81;67;69;38;55;24;29;40;43;27;27;20;26
1105;"Bogotá, d. c.";"Bogotá, D.C.";Mujer;DESERTORES;0;0;197;214;219;221;177;200;206;161;164;156;161;149;186;234;210;233;221;186;254;240;333;430;283;344;335;373;270;354;354;293;633;634;307;298;285;318;320;272;380;356;436;442;419;553;299;394;408;530;410;432;434;408
1105;"Bogotá, d. c.";"Bogotá, D.C.";Hombre;DESERTORES;0;0;43;31;57;61;77;81;105;80;82;94;96;119;125;153;236;186;202;189;258;219;309;410;314;348;311;377;306;395;411;345;560;703;306;341;366;380;346;295;305;346;301;335;287;312;149;174;213;234;160;117;106;109
1106;Boyacá;Tunja;Mujer;DESERTORES;0;0;60;62;215;295;361;227;267;318;323;340;371;396;489;445;370;431;555;736;657;617;1227;574;564;779;663;635;814;817;704;619;593;959;745;855;867;1158;1077;1103;1464;714;629;738;762;875;683;1040;990;1103;1263;942;1028;997
1106;Boyacá;Tunja;Hombre;DESERTORES;0;0;90;64;315;345;156;265;360;349;298;342;384;369;407;337;314;329;499;657;554;491;812;450;468;670;575;562;764;747;605;579;529;693;729;562;648;683;969;698;748;655;519;472;386;463;290;403;364;308;350;255;265;236
1107;Boyacá;Duitama;Mujer;DESERTORES;0;0;7;36;23;45;11;591;;34;335;9;18;37;38;31;51;52;39;39;67;61;74;53;52;101;74;67;53;124;56;68;57;50;65;55;89;74;84;44;79;99;75;87;71;101;90;122;109;130;125;96;85;78
1107;Boyacá;Duitama;Hombre;DESERTORES;0;0;19;40;50;87;19;595;58;453;1;17;35;52;48;70;69;58;53;60;103;91;74;87;67;87;127;89;81;182;82;85;73;63;118;60;78;61;102;74;87;76;68;75;48;41;34;45;46;34;37;27;28;14
1108;Boyacá;Sogamoso;Mujer;DESERTORES;0;0;3;10;20;49;8;473;36;33;34;28;29;50;55;73;58;42;31;55;75;88;86;51;54;69;65;63;55;111;59;44;47;77;61;37;59;70;93;47;92;66;84;66;55;107;61;117;100;111;199;128;82;128
1108;Boyacá;Sogamoso;Hombre;DESERTORES;0;0;5;28;63;111;25;492;71;56;84;63;66;97;83;133;97;65;46;122;125;109;104;74;86;104;115;112;100;231;91;74;87;257;81;37;63;55;84;56;65;62;65;48;37;40;14;31;28;30;31;19;15;7
1109;Boyacá;Chiquinquirá;Mujer;DESERTORES;0;0;11;10;39;32;5;8;89;12;8;6;10;15;17;15;29;20;25;32;35;35;42;39;33;42;32;34;35;50;21;32;20;31;40;33;19;23;41;28;34;27;26;42;26;30;10;46;106;55;66;43;27;35
1109;Boyacá;Chiquinquirá;Hombre;DESERTORES;0;0;11;8;26;10;4;13;40;5;16;7;7;11;12;6;19;8;29;21;33;22;29;26;23;22;20;22;21;37;24;21;19;19;26;20;19;21;32;24;24;22;17;29;12;20;7;17;59;16;20;9;5;8
1110;Cauca;Popayán;Mujer;DESERTORES;0;0;19;18;50;67;75;139;;129;1634;6;145;187;271;335;285;271;316;382;435;230;287;248;266;120;367;356;228;292;211;244;289;378;477;382;331;325;1009;778;321;554;344;341;450;;659;663;927;583;622;694;754;621
1110;Cauca;Popayán;Hombre;DESERTORES;0;0;19;34;74;127;161;192;;220;1997;6;251;225;402;446;355;315;388;473;496;305;378;340;370;225;500;435;368;425;339;346;345;446;491;413;373;369;1116;814;376;618;323;334;236;;360;283;316;195;193;243;237;135
1111;Risaralda;Pereira;Mujer;DESERTORES;0;0;82;84;62;129;131;108;243;;181;204;254;154;258;295;426;269;317;332;427;422;479;489;502;481;671;910;528;728;523;479;597;208;827;521;706;618;803;443;841;544;744;791;740;721;491;1052;1093;1297;1215;1205;1369;1162
1111;Risaralda;Pereira;Hombre;DESERTORES;0;0;127;189;139;308;287;232;413;;308;393;450;250;476;586;668;479;493;502;592;591;695;686;810;708;876;1164;911;1155;801;818;1001;241;1240;654;913;745;997;883;1077;638;615;608;425;347;149;465;279;363;276;261;184;170
1112;Caldas;Manizales;Mujer;DESERTORES;;;0;0;0;0;0;0;0;0;50;97;79;141;147;231;254;308;316;269;289;370;232;302;302;391;279;293;300;391;355;292;234;433;352;340;461;357;682;606;433;492;473;763;604;1407;1283;505;1102;1169;656;832;555;901
1112;Caldas;Manizales;Hombre;DESERTORES;;;;;;;;;0;0;51;108;96;164;133;247;272;288;279;299;194;332;236;309;285;345;325;362;355;409;397;348;294;457;394;385;407;406;771;393;428;516;325;356;335;480;321;35;444;253;197;214;121;170
1113;Córdoba;Montería;Mujer;DESERTORES;0;0;171;32;68;80;121;119;136;292;129;143;157;389;244;345;246;285;260;223;370;311;435;359;472;338;503;374;398;463;398;314;325;479;522;477;829;466;1238;453;344;545;471;840;804;391;299;468;665;592;550;523;446;410
1113;Córdoba;Montería;Hombre;DESERTORES;0;0;144;42;101;149;166;185;218;378;139;177;225;498;238;337;264;231;306;299;428;415;518;439;522;443;600;505;573;615;603;419;362;564;516;435;752;469;1378;501;330;455;327;542;477;153;123;147;187;181;110;106;69;63
1114;Huila;Neiva;Mujer;DESERTORES;0;0;84;71;84;55;108;60;87;80;163;118;99;146;146;134;139;120;134;150;157;173;177;210;341;222;289;577;314;311;292;318;511;917;430;313;511;908;451;383;526;520;535;630;674;634;583;952;806;815;928;675;935;931
1114;Huila;Neiva;Hombre;DESERTORES;0;0;118;106;119;99;168;91;130;109;189;162;174;161;180;170;181;174;181;162;194;189;230;206;284;240;348;500;319;373;351;376;665;961;387;333;457;728;531;399;499;532;436;472;346;389;256;522;313;297;261;198;194;188
1115;Caquetá;Florencia;Mujer;DESERTORES;0;0;58;13;52;94;156;149;148;104;131;112;105;161;161;181;206;304;338;251;279;307;249;447;268;287;249;228;238;398;209;308;245;542;317;265;296;318;352;440;312;366;336;439;300;541;244;446;552;482;467;473;436;486
1115;Caquetá;Florencia;Hombre;DESERTORES;0;0;39;9;49;75;115;143;147;120;117;108;139;140;163;104;193;295;281;221;176;227;206;335;218;219;199;182;226;299;225;255;230;423;241;223;276;300;321;363;363;289;247;309;184;304;103;162;203;200;149;151;148;120
1117;"Bogotá, d. c.";"Bogotá, D.C.";Mujer;DESERTORES;0;0;24;35;71;64;73;101;115;101;137;167;188;187;253;192;221;192;212;243;684;515;969;329;794;757;760;1347;642;928;650;796;602;691;740;701;732;738;717;855;951;808;904;782;1024;918;799;634;746;793;1160;1119;1242;1129
1117;"Bogotá, d. c.";"Bogotá, D.C.";Sin informaci¿n;DESERTORES;;;;;;;;;;0;;0;0;0;0;0;0;0;0;0;0;;;;;;;;;;;;;;;;;;;;;;;;;;;;;;;;;
1117;"Bogotá, d. c.";"Bogotá, D.C.";Hombre;DESERTORES;0;0;48;64;110;98;129;130;160;182;195;225;291;238;290;260;296;248;247;298;512;473;717;410;590;838;813;1011;701;782;690;745;656;711;784;754;701;710;849;819;939;819;786;573;645;626;470;449;426;448;467;440;360;277
1118;Chocó;Quibdó;Mujer;DESERTORES;;;;;;;;;;;;;;;;;0;0;82;82;395;298;333;340;353;385;513;335;529;565;356;497;499;381;367;368;437;346;496;471;549;650;544;187;689;675;386;527;430;1349;699;692;1100;843
1118;Chocó;Quibdó;Sin informaci¿n;DESERTORES;;;;;;;;;;;;;;;;;0;0;;;;;;;;;;;;;;;;;;;;;;;;;;;;;;;;;;;;
1118;Chocó;Quibdó;Hombre;DESERTORES;;;;;;;;;;;;;;;;;0;0;60;56;221;173;193;186;232;230;341;234;326;448;319;377;394;238;322;308;378;354;458;385;553;584;496;73;371;404;178;191;245;416;190;195;239;121
1119;Meta;Villavicencio;Mujer;DESERTORES;0;0;23;56;43;80;138;70;99;97;181;159;163;175;155;197;147;186;132;146;162;143;113;234;153;259;164;176;171;193;150;118;116;144;185;161;165;196;209;180;277;277;270;387;262;;408;284;392;382;321;318;327;392
1119;Meta;Villavicencio;Hombre;DESERTORES;0;0;45;70;85;121;169;114;142;143;203;168;213;194;216;240;215;230;200;144;191;172;174;260;148;277;154;195;226;248;198;196;185;185;182;156;169;165;233;233;215;207;209;160;103;;147;105;77;99;47;46;64;52
1120;Cesar;Valledupar;Mujer;DESERTORES;0;0;55;71;137;159;83;85;202;129;211;365;272;294;368;469;342;546;401;557;297;323;359;462;450;484;506;485;441;538;495;1028;428;579;839;624;565;598;732;686;666;868;689;808;645;648;558;744;814;736;945;658;717;916
1120;Cesar;Valledupar;Sin informaci¿n;DESERTORES;0;0;4;5;4;2;6;3;2;2;0;5;3;7;10;6;2;2;;;1;3;1;;1;0;0;0;;1;;;;;;;;;;0;;;;;;;;;;;;;;
1120;Cesar;Valledupar;Hombre;DESERTORES;0;0;60;81;159;207;135;84;248;153;225;288;243;269;377;501;323;403;305;450;276;322;378;394;369;445;410;357;422;470;490;879;485;585;735;595;513;517;624;659;568;762;522;646;489;413;368;401;430;380;442;283;240;312
1121;"Bogotá, d. c.";"Bogotá, D.C.";Mujer;DESERTORES;0;0;23;67;68;73;71;57;42;2;57;67;89;96;130;129;113;135;141;132;219;207;193;196;157;220;168;237;218;220;155;162;237;205;197;181;193;175;147;201;186;175;174;250;229;229;140;200;164;289;299;337;326;303
1121;"Bogotá, d. c.";"Bogotá, D.C.";Sin informaci¿n;DESERTORES;;;;;;;;;;;;;;;;;;;;;0;0;;;;;;;;;;;;;;;0;1;0;1;0;0;0;0;0;0;0;;;;;;;
1121;"Bogotá, d. c.";"Bogotá, D.C.";Hombre;DESERTORES;;;0;0;;1;1;3;2;1;36;26;39;46;67;57;75;80;93;77;180;136;123;124;118;155;111;157;160;185;132;110;204;146;177;180;163;149;149;189;158;191;141;153;129;91;68;69;61;91;84;77;62;62
1122;Valle del Cauca;Buenaventura;Mujer;DESERTORES;;;;;;0;0;18;35;33;25;38;62;79;55;66;58;64;82;82;113;299;118;323;114;109;104;178;85;128;111;54;81;121;125;128;152;167;137;269;127;146;163;250;160;170;159;202;421;311;162;177;232;312
1122;Valle del Cauca;Buenaventura;Hombre;DESERTORES;;;;;;0;0;14;50;39;44;52;95;85;58;91;51;82;107;106;78;232;96;179;129;118;109;149;134;197;186;73;136;141;115;168;167;197;146;237;145;132;171;119;60;92;58;70;122;94;43;38;32;33
1123;Cesar;Aguachica;Mujer;DESERTORES;0;0;1;37;12;103;29;15;138;14;9;26;31;18;32;29;75;31;39;39;56;47;42;61;64;96;102;94;67;83;58;84;40;89;70;145;57;82;102;67;95;85;131;108;184;137;94;158;199;221;200;169;244;267
1123;Cesar;Aguachica;Sin informaci¿n;DESERTORES;;0;0;;;;0;;;;1;;;;;;;;;;;;;;;;;;;;;;;;;;;;;;;;;;;;;;;;;;;
1123;Cesar;Aguachica;Hombre;DESERTORES;0;0;4;13;3;63;12;19;93;10;8;14;22;10;21;36;62;33;24;39;65;48;54;46;70;61;78;58;56;72;61;64;41;85;40;77;68;60;99;74;114;83;79;68;52;34;40;59;55;48;56;31;44;51
1124;Arauca;Arauca;Mujer;DESERTORES;0;0;2;0;2;5;2;2;3;8;22;3;0;26;0;0;2;0;0;0;0;;;;;;;;;;;;;;;;;;;;;;;;;;;;;;;;;
1124;Arauca;Arauca;Hombre;DESERTORES;0;0;1;3;1;2;3;0;0;9;4;2;4;8;2;0;0;0;0;0;0;;;;;;;;;;;;;;;;;;;;;;;;;;;;;;;;;
1125;Amazonas;Leticia;Mujer;DESERTORES;;;;;0;0;2;2;0;0;0;1;0;0;0;2;;;;;;;;;;;;;;;;;;;;;;;;;;;;;;;;;;;;;;
1125;Amazonas;Leticia;Hombre;DESERTORES;;;;;0;0;2;2;0;0;0;0;0;1;0;1;;;;;;;;;;;;;;;;;;;;;;;;;;;;;;;;;;;;;;
1201;Antioquia;Medellín;Mujer;DESERTORES;0;0;482;74;133;168;334;705;457;572;605;659;701;962;559;827;813;627;862;1804;1023;879;868;1111;1121;1702;1460;1357;1353;1070;1297;1302;1200;1414;1518;1470;1474;842;1629;3093;1489;1384;1880;1820;1856;1993;1603;630;2226;1798;2422;1209;2891;2593
1201;Antioquia;Medellín;Sin informaci¿n;DESERTORES;0;0;91;97;187;275;276;271;382;243;389;359;324;429;295;367;369;282;343;520;347;217;229;252;238;266;238;173;184;141;175;166;113;144;170;121;154;75;95;213;85;54;58;37;46;38;22;9;36;10;19;15;17;14
1201;Antioquia;Medellín;Hombre;DESERTORES;0;0;124;50;182;282;282;551;677;520;770;790;901;1126;670;1102;951;878;1109;2130;1391;1121;1202;1474;1487;2162;1841;1525;1885;1305;1938;1748;1807;1632;1898;1789;1686;948;1722;3128;1608;1587;1574;1478;1444;1467;911;303;1058;779;922;470;859;731
1202;Atlántico;Puerto Colombia;Mujer;DESERTORES;0;0;101;177;110;68;179;694;181;276;563;451;103;278;457;435;628;593;830;811;817;1004;955;1009;816;832;753;913;2166;918;949;1021;936;1409;1145;1090;1211;1492;1254;1419;1510;3031;1627;2489;1987;1178;1409;1486;1970;0;1822;1333;1483;1535
1202;Atlántico;Puerto Colombia;Sin informaci¿n;DESERTORES;;0;;;;;;;;;;;;;;;;;;;;;;;;;;;;;;;;;;;;;;;;;;;;;;;;;;;;
1202;Atlántico;Puerto Colombia;Hombre;DESERTORES;0;0;85;180;90;112;251;817;173;222;407;421;57;247;366;365;591;551;646;652;693;831;899;948;847;737;773;985;1860;1002;871;1120;920;1311;1169;989;1138;1468;1228;1293;1492;2804;1182;1965;1397;756;764;;723;839;751;445;389;306
1203;Valle del Cauca;Cali;Mujer;DESERTORES;0;0;16;130;81;267;208;426;417;614;497;751;555;627;729;824;910;1044;1015;5394;544;612;833;1609;781;851;919;823;971;715;868;747;740;769;875;892;939;808;915;875;914;830;1314;1651;1591;1379;1012;2229;1233;2335;1866;1797;1915;2294
1203;Valle del Cauca;Cali;Hombre;DESERTORES;0;0;37;198;91;417;308;606;688;868;808;1030;899;998;1030;1279;1232;1058;1130;4809;849;965;1266;1489;1138;1056;1249;1077;1302;961;1266;1154;1140;1160;1131;1034;996;806;1031;778;872;797;873;1009;756;620;261;740;355;639;470;369;378;353
1204;Santander;Bucaramanga;Mujer;DESERTORES;0;0;29;0;7;1;29;2;100;102;140;175;235;323;289;310;619;516;508;473;650;587;604;587;691;670;602;669;626;552;672;635;585;507;340;907;729;839;883;485;550;850;634;697;716;636;382;518;746;924;1176;1230;1293;1267
1204;Santander;Bucaramanga;Hombre;DESERTORES;0;0;10;1;3;2;28;2;207;185;277;298;290;377;415;471;694;439;485;574;691;571;611;649;784;634;649;805;856;759;918;861;728;681;535;1014;738;891;999;503;521;681;474;412;278;257;136;175;180;248;199;210;181;170
1205;Bolívar;Cartagena de Indias;Mujer;DESERTORES;0;0;21;28;21;28;22;525;209;161;215;185;301;247;241;227;297;292;300;605;587;377;808;525;489;476;855;821;1209;1024;1068;1328;997;878;1173;1104;1045;914;914;845;793;788;833;930;812;827;430;740;812;454;1182;1139;1392;1347
1205;Bolívar;Cartagena de Indias;Hombre;DESERTORES;0;0;1;7;12;2;3;606;180;182;216;187;218;228;312;265;311;291;301;622;431;376;487;448;474;483;750;643;778;929;994;1052;854;765;988;842;802;787;807;776;662;698;688;757;621;559;288;403;418;179;481;389;393;272
1206;Nariño;Pasto;Mujer;DESERTORES;0;0;6;13;13;18;17;18;9;23;11;18;41;49;26;53;39;38;57;54;107;108;162;320;264;330;268;226;228;318;300;361;361;232;294;287;393;310;407;347;396;334;456;399;597;464;631;415;683;772;611;671;585;550
1206;Nariño;Pasto;Hombre;DESERTORES;0;0;7;14;12;7;11;21;7;21;12;31;29;47;26;54;53;58;50;59;188;130;180;439;271;480;420;288;286;469;432;404;463;388;399;329;471;361;445;334;417;401;300;294;413;230;300;122;227;288;221;186;190;131
1207;Tolima;Ibagué;Mujer;DESERTORES;0;0;47;56;67;67;85;35;479;105;213;227;348;646;336;414;325;573;305;312;482;426;1410;2582;3863;2659;3659;1965;3610;1728;3740;4008;716;1175;1241;1242;1148;704;979;1829;880;768;839;1082;892;1302;675;1139;1809;2149;2204;1286;1420;1420
1207;Tolima;Ibagué;Sin informaci¿n;DESERTORES;;;;;;;0;0;11;0;4;3;3;3;2;1;2;1;0;0;;1;;0;1;0;0;;;;;;;;;;;;;;;;;;;;;;;;;;;
1207;Tolima;Ibagué;Hombre;DESERTORES;0;0;49;64;67;90;77;27;471;113;202;218;287;417;324;351;227;363;205;236;321;258;794;1239;1545;1179;1433;1002;1537;928;1298;1328;367;618;804;791;650;621;777;1413;740;606;595;776;464;622;309;451;732;897;849;407;327;299
1208;Quindío;Armenia;Mujer;DESERTORES;0;0;0;0;0;0;68;89;132;122;211;181;217;332;358;347;430;483;421;452;468;429;661;816;614;972;826;686;663;767;729;823;765;875;871;2230;1163;844;1374;1028;180;1864;1378;854;695;852;565;793;813;1016;1233;1190;1220;1080
1208;Quindío;Armenia;Sin informaci¿n;DESERTORES;;;;;;0;0;0;0;0;0;;0;0;0;0;0;1;;0;0;;;;;;;0;1;0;0;0;;;;;;;;;;;;;;;;;;;;;;
1208;Quindío;Armenia;Hombre;DESERTORES;;;0;0;0;0;101;145;191;162;191;227;259;277;352;420;429;472;423;310;484;397;659;705;589;734;763;676;694;669;700;653;678;740;683;1084;669;681;1317;876;193;1490;840;472;410;481;277;295;251;344;351;254;252;237
1209;Norte de Santander;Cúcuta;Mujer;DESERTORES;0;0;168;1879;343;153;68;143;172;234;299;341;354;568;325;587;461;605;520;2040;612;496;399;516;596;492;482;716;724;755;1053;769;502;616;577;617;439;613;784;564;596;525;586;599;602;557;264;324;409;664;889;665;885;696
1209;Norte de Santander;Cúcuta;Sin informaci¿n;DESERTORES;;;;0;0;8;1;1;1;1;3;1;0;1;0;0;1;0;0;1;0;0;;0;;0;;;;;;;;;;;;;;;;;;;;;;;;;;;;
1209;Norte de Santander;Cúcuta;Hombre;DESERTORES;0;0;61;616;400;142;109;208;224;254;306;331;373;652;308;519;505;611;532;1431;573;428;453;412;560;503;561;671;714;791;1050;799;522;573;563;501;405;401;791;569;483;466;411;371;366;306;141;140;171;317;376;207;234;113
1210;Norte de Santander;Ocaña;Mujer;DESERTORES;0;0;25;27;10;12;17;89;628;278;50;59;370;91;103;145;224;83;334;465;160;185;143;137;183;129;188;172;291;303;218;160;232;344;261;216;285;246;237;216;174;161;169;174;157;173;110;104;137;216;252;236;246;234
1210;Norte de Santander;Ocaña;Hombre;DESERTORES;0;0;6;2;2;1;1;23;230;164;34;38;205;49;56;132;191;71;237;280;137;169;145;124;219;121;206;180;260;277;222;200;207;313;277;252;294;239;245;219;189;147;142;101;122;85;45;44;70;82;80;62;52;40
1212;Norte de Santander;Pamplona;Mujer;DESERTORES;0;0;11;33;35;33;252;136;381;345;403;472;595;819;1129;1544;1067;1318;1164;1628;2739;2546;3355;2170;1850;2785;1375;1273;1265;1518;1079;1214;776;1088;1360;1098;1289;1075;1211;1401;1005;1257;888;1244;743;1063;526;833;808;1217;839;1027;1249;1030
1212;Norte de Santander;Pamplona;Sin informaci¿n;DESERTORES;0;0;2;1;0;1;1;2;8;1;1;4;2;0;2;5;2;1;2;0;0;0;0;0;1;0;0;0;0;0;0;0;0;0;0;0;;;;;;;;;;;;;;;;;;
1212;Norte de Santander;Pamplona;Hombre;DESERTORES;0;0;15;21;12;16;61;46;272;226;288;396;505;576;900;872;793;859;984;1385;2001;1834;2386;1507;1433;1746;1066;884;994;1044;824;820;777;754;1133;889;1065;926;1124;1090;921;849;693;702;492;519;274;333;297;459;276;232;272;206
1213;Magdalena;Santa Marta;Mujer;DESERTORES;0;0;0;0;11;55;66;56;87;57;109;236;180;188;253;370;451;413;412;440;561;401;497;1204;964;707;608;1035;787;924;1000;1328;1085;1542;1069;972;1292;1199;998;588;669;570;555;534;643;535;214;519;981;949;873;1748;1290;1800
1213;Magdalena;Santa Marta;Hombre;DESERTORES;0;0;0;0;23;68;113;89;126;66;100;256;167;223;288;445;507;383;430;475;491;439;485;750;620;627;567;754;743;832;877;867;763;1111;810;718;874;878;876;572;610;491;413;387;371;244;114;284;421;338;298;472;422;282
1214;Cundinamarca;Fusagasugá;Mujer;DESERTORES;0;0;510;118;176;175;158;122;180;172;205;197;259;243;257;324;303;98;212;453;252;332;289;306;347;515;275;271;280;293;243;249;295;344;418;418;475;467;385;501;659;440;521;582;466;469;348;381;735;582;545;706;536;581
1214;Cundinamarca;Fusagasugá;Sin informaci¿n;DESERTORES;0;0;10;2;3;1;3;2;2;1;3;1;;;;;;1;;;;;;;;;;;;;;;;;;;;;;;;;;;;;;;;;;;;
1214;Cundinamarca;Fusagasugá;Hombre;DESERTORES;0;0;504;153;229;246;208;152;240;236;283;250;339;311;299;379;368;118;259;549;317;396;470;377;428;584;379;393;429;448;371;447;516;545;488;465;466;465;462;551;800;411;409;485;278;308;225;157;184;214;144;127;128;72
1215;Cundinamarca;Girardot;Mujer;DESERTORES;0;0;124;76;76;79;81;85;83;75;86;72;114;95;85;118;197;3;99;101;54;58;38;66;103;108;70;78;87;91;75;96;65;105;117;88;108;89;305;89;73;70;78;101;54;51;36;42;59;93;55;49;60;73
1215;Cundinamarca;Girardot;Sin informaci¿n;DESERTORES;0;0;5;1;0;0;0;0;2;0;0;0;0;0;1;;1;0;;;;;0;1;0;;;;;;;;;;;;;;;;;;;;;;;;;;;;;
1215;Cundinamarca;Girardot;Hombre;DESERTORES;0;0;56;50;65;59;48;44;48;42;46;33;58;52;56;43;81;0;46;49;23;33;23;49;50;78;48;63;67;74;58;76;64;96;75;91;102;103;203;68;57;86;82;60;27;37;19;24;14;46;23;18;21;8
1216;Cundinamarca;Villa de San Diego de Ubaté;Mujer;DESERTORES;0;0;52;0;28;37;25;18;21;16;27;27;20;23;21;24;43;5;6;38;8;9;21;15;20;17;9;16;23;19;6;14;12;11;11;15;12;12;24;13;19;16;16;23;22;20;23;20;30;29;36;32;34;26
1216;Cundinamarca;Villa de San Diego de Ubaté;Sin informaci¿n;DESERTORES;0;0;1;0;0;0;0;0;;;;;;;;;;;;;;;;;;;;;;;;;;;;;;;;;;;;;;;;;;;;;;
1216;Cundinamarca;Villa de San Diego de Ubaté;Hombre;DESERTORES;0;0;21;0;16;24;21;11;18;27;27;26;20;30;22;16;36;2;9;23;20;15;22;16;20;30;29;17;20;23;17;14;16;17;17;27;19;25;25;18;21;24;19;12;8;20;7;8;9;7;12;4;6;6
1217;Sucre;Sincelejo;Mujer;DESERTORES;0;0;0;0;0;0;;;;;2;0;23;43;48;41;73;68;64;88;79;145;87;107;87;95;113;107;80;122;140;169;139;219;136;175;99;177;190;204;160;130;179;156;178;172;127;147;217;193;219;246;230;212
1217;Sucre;Sincelejo;Sin informaci¿n;DESERTORES;;;;;;;;;;;;;;;;;;;;;;;;;;;;;;;;;;;;0;0;0;0;0;;;0;1;0;0;;;;;;;;
1217;Sucre;Sincelejo;Hombre;DESERTORES;;;;;;;;;;;0;0;30;42;104;83;96;94;113;105;109;170;164;174;155;210;164;206;183;227;221;225;211;437;134;183;153;176;238;232;189;157;97;79;83;75;40;66;82;86;55;49;31;23
1218;La Guajira;Riohacha;Mujer;DESERTORES;0;0;41;48;180;13;1942;48;106;130;199;179;169;227;327;352;264;337;355;452;513;593;560;392;511;477;523;587;517;522;525;553;480;784;777;614;691;890;946;1309;828;945;909;1023;1212;;1059;1082;839;1035;938;868;964;961
1218;La Guajira;Riohacha;Hombre;DESERTORES;0;0;7;9;31;6;358;36;98;113;171;176;158;224;261;237;256;200;249;298;360;357;393;320;358;470;472;496;523;478;455;488;485;706;691;579;638;684;850;1124;612;692;641;749;799;;718;707;467;463;428;334;301;213
1219;Antioquia;El Carmen de Viboral;Mujer;DESERTORES;;;;0;0;2;5;0;10;9;16;49;19;28;13;29;35;45;39;29;44;33;40;31;67;47;24;45;14;15;19;21;22;32;26;122;22;47;20;73;14;14;34;18;37;14;45;9;22;15;21;6;20;28
1219;Antioquia;El Carmen de Viboral;Hombre;DESERTORES;;;;0;0;3;3;7;13;11;20;22;19;9;11;26;49;31;33;33;34;29;49;37;59;39;30;36;9;13;20;25;27;36;34;114;28;55;19;69;10;16;12;15;26;8;30;5;9;4;7;4;7;4
1220;Antioquia;Andes;Mujer;DESERTORES;;;;0;0;1;1;4;4;0;7;18;12;6;12;6;24;14;15;15;18;19;14;17;35;17;26;38;16;8;30;6;13;57;12;7;25;19;9;29;10;7;12;6;28;9;16;5;7;15;6;;;
1220;Antioquia;Andes;Hombre;DESERTORES;;;;0;0;4;1;13;5;1;9;14;15;7;8;5;9;17;16;19;24;13;22;26;32;14;24;47;32;10;23;9;6;25;22;21;27;18;23;21;15;5;7;7;10;4;2;3;9;13;1;;;
1221;Antioquia;Caucasia;Mujer;DESERTORES;0;0;3;0;1;0;0;2;0;8;7;6;11;10;11;18;22;29;22;23;20;46;18;18;41;30;27;96;21;26;32;11;20;25;7;10;9;13;7;39;12;12;6;2;13;18;12;5;20;17;4;;;
1221;Antioquia;Caucasia;Hombre;DESERTORES;0;0;6;4;1;1;1;4;0;6;19;2;17;13;10;21;29;24;27;32;35;48;41;27;50;37;11;98;15;20;23;18;10;32;12;6;14;12;6;22;9;11;11;9;5;3;2;4;6;6;4;;;
1222;Antioquia;Puerto Berrío;Mujer;DESERTORES;0;0;0;3;0;1;;;0;2;2;2;9;6;7;10;7;4;5;2;5;2;2;6;11;10;8;22;4;3;5;3;14;4;10;2;1;2;1;3;0;0;1;2;3;2;9;2;3;2;1;;;
1222;Antioquia;Puerto Berrío;Hombre;DESERTORES;0;0;0;1;0;0;1;;1;1;2;1;9;8;8;16;7;8;4;5;15;3;5;1;3;7;26;32;5;3;2;3;11;2;4;2;3;0;0;2;1;3;3;0;1;0;0;0;1;0;1;;;
1223;Antioquia;Turbo;Mujer;DESERTORES;0;0;9;1;5;1;3;2;6;7;1;5;19;17;9;13;9;24;17;14;17;21;34;37;58;55;24;43;21;53;53;64;34;39;36;42;33;24;19;23;8;19;29;20;13;17;14;7;14;14;24;17;23;36
1223;Antioquia;Turbo;Hombre;DESERTORES;0;0;2;2;0;2;11;3;4;8;8;4;11;13;13;20;25;30;13;19;20;37;59;28;66;39;19;26;37;38;41;65;23;33;38;26;20;27;15;9;7;16;17;7;9;6;6;4;5;0;4;2;5;6
1301;"Bogotá, d. c.";"Bogotá, D.C.";Mujer;DESERTORES;0;0;240;270;329;338;445;428;373;459;369;388;1456;618;572;508;678;632;503;370;654;565;457;298;408;542;901;982;397;1144;616;788;1185;934;734;727;892;926;1236;2200;1785;1393;442;1820;1165;612;1288;1098;2189;580;241;3018;3121;2746
1301;"Bogotá, d. c.";"Bogotá, D.C.";Sin informaci¿n;DESERTORES;0;;0;1;0;2;1;0;0;1;0;0;0;;;;;;0;;;;;;;;;;;;;;;;;;;;;;;;;;;;;;;;;;;
1301;"Bogotá, d. c.";"Bogotá, D.C.";Hombre;DESERTORES;0;0;291;553;643;644;1017;1050;879;1005;730;757;3073;1142;1235;1213;1238;1272;1104;801;1412;1219;966;695;900;1036;1615;1893;876;2323;1380;1862;3054;1821;1238;1224;1032;918;1332;2354;1966;1329;331;1094;696;310;382;466;274;254;85;592;392;186
1701;"Bogotá, d. c.";"Bogotá, D.C.";Mujer;DESERTORES;0;0;62;97;148;145;193;193;237;272;361;329;365;336;410;701;439;549;520;716;796;861;1129;1060;822;715;864;1089;667;775;682;631;627;657;672;699;628;634;923;526;642;635;623;642;722;745;728;593;684;674;876;931;909;822
1701;"Bogotá, d. c.";"Bogotá, D.C.";Hombre;DESERTORES;0;0;68;91;151;250;257;264;293;366;378;356;389;380;481;752;514;560;533;699;656;741;749;669;655;584;725;929;587;655;574;577;623;629;578;576;552;579;811;474;610;543;451;398;356;335;315;218;190;199;162;122;74;69
1702;Valle del Cauca;Cali;Mujer;DESERTORES;0;0;46;91;110;125;135;145;162;182;199;172;173;164;182;176;186;213;166;197;175;184;180;184;220;193;173;186;202;215;205;225;206;247;248;236;284;290;301;233;237;268;267;278;277;290;252;230;286;329;319;319;386;314
1702;Valle del Cauca;Cali;Hombre;DESERTORES;0;0;56;105;156;169;164;183;180;249;249;250;248;251;227;220;221;266;235;229;241;254;269;249;235;256;200;213;209;262;267;302;220;303;264;247;271;261;293;232;239;197;178;175;120;144;93;78;95;88;53;39;37;19
1703;"Bogotá, d. c.";"Bogotá, D.C.";Mujer;DESERTORES;0;0;72;78;110;94;99;85;94;88;139;122;131;171;159;127;130;91;144;365;141;186;207;229;220;218;242;259;273;296;267;301;261;229;282;249;148;267;255;221;217;196;186;186;294;80;70;84;66;57;61;75;40;132
1703;"Bogotá, d. c.";"Bogotá, D.C.";Hombre;DESERTORES;0;0;102;119;156;162;155;126;179;127;197;194;194;207;280;172;171;188;212;402;191;191;232;270;332;277;322;276;340;341;300;355;315;287;298;233;177;270;284;221;232;207;166;210;226;69;86;80;70;73;36;62;53;79
1704;"Bogotá, d. c.";"Bogotá, D.C.";Mujer;DESERTORES;0;0;13;8;143;191;169;128;1359;41;99;74;117;112;210;161;209;178;213;238;370;450;583;606;553;661;622;570;631;744;540;604;627;382;859;676;916;977;1288;1017;1007;912;1118;1051;973;926;822;801;1063;903;1164;1114;1186;958
1704;"Bogotá, d. c.";"Bogotá, D.C.";Sin informaci¿n;DESERTORES;;;;;;;;0;0;0;0;0;0;0;0;0;0;0;0;;;;;;;;;;;;;;;;0;0;0;2;0;1;0;1;;;;;;;;;;;;
1704;"Bogotá, d. c.";"Bogotá, D.C.";Hombre;DESERTORES;0;0;134;213;152;101;284;302;2473;100;162;152;219;165;272;195;236;234;296;313;412;493;650;619;596;656;686;647;655;756;596;594;665;429;890;670;845;848;1316;969;905;756;779;709;629;671;478;517;521;462;466;393;366;293
1705;Santander;Bucaramanga;Mujer;DESERTORES;0;0;45;74;89;87;102;114;114;102;115;155;153;143;150;196;172;142;167;179;212;186;280;278;283;268;560;266;231;449;234;324;256;307;252;243;234;335;284;250;258;450;221;234;224;369;282;335;331;459;252;422;329;441
1705;Santander;Bucaramanga;Sin informaci¿n;DESERTORES;;;;;;;;;;;;;;;;;;;;;;;;;;;;0;0;0;;0;0;0;;;;;;;;;;;;;;;;;;;;
1705;Santander;Bucaramanga;Hombre;DESERTORES;0;0;40;67;100;74;112;102;142;70;117;133;157;131;146;139;173;127;169;159;169;189;246;242;295;248;349;317;209;367;209;281;202;213;216;204;212;242;226;237;224;342;155;196;170;229;167;203;141;230;114;79;49;33
1706;"Bogotá, d. c.";"Bogotá, D.C.";Mujer;DESERTORES;0;0;87;57;74;107;173;283;83;216;167;292;399;137;412;134;405;405;362;345;358;488;395;473;492;498;401;410;440;543;383;404;349;408;308;308;306;290;277;406;294;380;460;399;288;310;213;337;263;291;241;406;286;415
1706;"Bogotá, d. c.";"Bogotá, D.C.";Sin informaci¿n;DESERTORES;;;;;;;;;;;;;;;;;;;;;;;;;;;;;;;;;;;;;0;0;6;;;;;;;;;;;;;;;
1706;"Bogotá, d. c.";"Bogotá, D.C.";Hombre;DESERTORES;0;0;46;42;72;108;166;206;100;145;127;192;318;122;318;84;359;342;281;334;276;303;307;363;319;356;297;296;275;354;294;247;226;256;234;288;245;326;243;304;246;320;237;200;136;207;95;122;109;152;94;49;29;40
1707;"Bogotá, d. c.";"Bogotá, D.C.";Mujer;DESERTORES;0;0;163;209;296;191;239;173;160;143;143;184;194;211;245;340;293;298;268;241;460;393;501;525;446;519;446;558;540;496;487;430;472;408;464;660;467;529;431;470;776;257;289;272;347;370;432;271;307;318;273;324;322;346
1707;"Bogotá, d. c.";"Bogotá, D.C.";Sin informaci¿n;DESERTORES;0;0;5;2;3;4;1;1;1;0;1;2;1;2;0;2;2;;;;;;;;;;;;;;;;;;;;;;;;;;;;;;;;;;;;;
1707;"Bogotá, d. c.";"Bogotá, D.C.";Hombre;DESERTORES;0;0;227;262;329;223;229;222;195;153;189;188;254;247;308;406;353;338;362;274;525;438;564;496;504;544;590;572;664;562;543;551;583;520;493;596;441;537;403;439;424;299;283;224;210;203;227;149;122;114;80;83;50;61
1708;Bolívar;Cartagena de Indias;Mujer;DESERTORES;0;0;41;48;44;41;36;42;46;46;49;42;27;39;31;32;39;33;35;56;98;62;88;80;89;81;84;95;91;85;64;50;46;50;38;33;35;27;30;26;18;13;15;21;11;10;11;17;15;8;;;;
1708;Bolívar;Cartagena de Indias;Sin informaci¿n;DESERTORES;0;0;2;4;3;4;4;0;2;2;0;3;0;0;0;2;0;;0;;;;;;;;1;;1;0;0;0;0;;;;;;;;;;;;;;;;;;;;;
1708;Bolívar;Cartagena de Indias;Hombre;DESERTORES;0;0;39;40;37;31;32;46;35;39;31;51;45;16;40;23;39;34;43;70;65;65;84;100;90;80;86;101;106;81;73;54;52;54;54;33;23;18;20;34;17;12;23;17;16;11;13;7;5;3;;;;
1709;"Bogotá, d. c.";"Bogotá, D.C.";Mujer;DESERTORES;0;0;174;204;243;243;221;232;266;203;228;235;283;304;324;255;227;248;278;1155;313;420;381;357;365;355;375;359;389;386;367;1767;344;303;339;365;378;379;430;433;475;472;566;505;453;426;496;253;320;324;311;322;394;341
1709;"Bogotá, d. c.";"Bogotá, D.C.";Sin informaci¿n;DESERTORES;;;0;0;;;0;1;0;;;;;;1;;1;;;;;;;;;;;;;;;;;;;;;;;;;;;;;;;;;;;;;
1709;"Bogotá, d. c.";"Bogotá, D.C.";Hombre;DESERTORES;0;0;202;262;326;337;365;354;434;366;417;399;514;545;594;443;387;374;472;919;406;466;509;479;502;502;476;462;531;497;545;1358;497;467;448;457;413;458;507;527;548;558;454;442;353;329;299;185;190;146;162;136;78;89
1710;Antioquia;Medellín;Mujer;DESERTORES;0;0;1824;107;190;107;195;21;137;335;154;329;219;172;239;526;307;521;378;282;334;446;394;406;441;418;551;502;462;570;518;442;822;705;772;1003;843;981;589;618;612;553;593;650;535;532;465;416;484;941;611;522;536;543
1710;Antioquia;Medellín;Sin informaci¿n;DESERTORES;;;;;;;;;;0;;;;;;;;0;;;;;;;;;;;;;;;;;;;;;;;;;;;;;;;;;;;;
1710;Antioquia;Medellín;Hombre;DESERTORES;0;0;230;128;271;185;291;15;206;630;222;475;313;317;327;748;414;659;458;502;441;589;577;459;493;481;537;538;507;547;489;504;672;669;745;781;763;927;535;511;493;453;378;421;320;307;250;273;201;352;171;175;119;109
1711;Cundinamarca;Chía;Mujer;DESERTORES;0;0;46;104;157;198;247;206;260;200;223;62;162;293;295;324;301;301;296;222;230;165;225;195;225;231;280;231;338;250;254;282;265;217;193;273;194;177;249;192;237;245;389;270;259;204;198;287;164;289;240;348;312;277
1711;Cundinamarca;Chía;Sin informaci¿n;DESERTORES;;0;0;0;0;0;0;0;0;0;0;0;;;;;;;;;;;;;;;;;;;;;;;;;;;;;;;;;;;;;;;;;;
1711;Cundinamarca;Chía;Hombre;DESERTORES;0;0;50;85;112;144;150;190;215;190;204;40;96;175;220;208;249;250;258;183;201;151;186;188;185;214;241;218;251;201;254;239;214;171;182;256;199;140;240;181;238;249;245;148;115;86;71;82;28;49;29;37;23;15
1712;Antioquia;Medellín;Mujer;DESERTORES;0;0;96;86;129;393;143;172;180;178;182;188;210;193;273;184;247;276;172;136;171;160;214;240;235;178;214;233;264;225;237;247;236;257;289;248;351;285;354;347;379;415;413;367;413;316;287;272;344;270;467;348;427;296
1712;Antioquia;Medellín;Hombre;DESERTORES;0;0;72;81;127;329;180;177;216;211;242;244;280;262;315;238;302;260;181;161;228;213;241;261;268;255;245;254;257;237;266;277;312;316;257;258;312;263;349;274;293;242;214;151;149;117;82;80;73;63;61;44;36;32
1713;Atlántico;Barranquilla;Mujer;DESERTORES;;;;;;;;;0;0;94;109;152;148;180;152;237;200;222;198;175;175;172;196;188;197;195;164;195;197;178;156;167;187;294;203;347;259;296;507;346;302;375;338;388;412;357;293;307;360;444;408;426;449
1713;Atlántico;Barranquilla;Hombre;DESERTORES;;;;;;;;;0;0;205;147;236;218;279;185;264;258;265;213;225;210;203;211;277;195;259;198;262;201;240;226;214;206;289;273;268;229;276;418;266;246;194;210;142;155;107;99;73;100;73;56;44;33
1714;"Bogotá, d. c.";"Bogotá, D.C.";Mujer;DESERTORES;;;0;0;18;62;67;80;100;127;139;164;216;263;261;238;208;240;288;271;360;438;490;449;380;422;386;381;353;326;333;308;348;349;323;380;442;332;331;263;255;363;183;351;356;269;333;230;259;381;379;397;606;437
1714;"Bogotá, d. c.";"Bogotá, D.C.";Sin informaci¿n;DESERTORES;;;;;0;;;;;;;;;;;;;;;;;;;;;;;;;;;;;;;;;;;;;;;;;;;;;;;;;
1714;"Bogotá, d. c.";"Bogotá, D.C.";Hombre;DESERTORES;;;0;0;20;46;41;52;69;89;101;116;150;186;211;167;181;140;200;213;308;333;376;373;286;304;333;290;319;279;278;298;303;275;272;253;334;226;258;337;363;298;131;208;149;143;184;119;124;124;81;63;45;49
1715;"Bogotá, d. c.";"Bogotá, D.C.";Mujer;DESERTORES;0;0;277;3;31;33;50;42;36;44;40;50;45;54;38;37;71;51;62;67;29;27;44;51;49;59;66;44;79;47;58;63;45;50;108;96;102;109;113;83;122;90;93;55;92;66;87;108;107;128;112;103;122;87
1715;"Bogotá, d. c.";"Bogotá, D.C.";Hombre;DESERTORES;0;0;6;4;76;70;99;94;84;94;124;76;107;118;91;98;82;72;72;102;82;69;75;93;95;88;98;87;98;73;96;74;83;92;104;101;96;63;132;97;93;69;56;46;42;20;22;28;39;30;25;18;22;24
1716;Valle del Cauca;Cali;Mujer;DESERTORES;0;0;182;277;279;240;231;258;232;204;192;196;190;162;202;164;211;159;127;129;138;166;167;175;163;172;210;194;207;194;190;239;182;207;191;178;159;199;293;259;173;217;220;145;193;188;243;135;221;212;221;228;157;308
1716;Valle del Cauca;Cali;Hombre;DESERTORES;0;0;179;221;248;262;242;232;196;193;196;197;191;167;205;191;163;140;142;145;148;150;147;167;153;162;186;168;202;182;179;205;190;207;155;191;184;182;252;224;157;217;146;79;118;109;118;61;53;28;52;45;21;58
1717;Antioquia;Medellín;Mujer;DESERTORES;;;0;0;494;266;216;136;191;107;142;101;129;99;129;129;121;143;161;224;204;273;327;274;286;249;224;279;283;209;179;207;214;215;261;427;213;180;216;210;311;282;241;383;251;292;266;199;231;199;246;241;208;188
1717;Antioquia;Medellín;Hombre;DESERTORES;;;0;0;44;47;40;37;46;37;38;26;30;36;52;60;67;82;112;88;134;135;195;158;190;135;172;150;233;157;174;177;213;185;205;353;203;158;201;239;226;215;214;271;147;229;161;99;127;116;104;98;79;58
1718;"Bogotá, d. c.";"Bogotá, D.C.";Mujer;DESERTORES;;;;;;;0;0;27;49;76;53;93;64;65;73;83;112;91;119;219;234;293;293;336;311;340;599;256;302;296;231;273;585;1453;99;139;145;182;194;143;154;134;103;111;159;205;108;135;138;160;206;165;204
1718;"Bogotá, d. c.";"Bogotá, D.C.";Hombre;DESERTORES;;;;;;;0;0;116;112;165;190;189;183;148;147;133;171;177;196;130;166;190;209;211;186;203;239;158;217;171;142;151;172;216;145;144;163;198;274;162;150;109;82;67;81;82;63;47;56;46;47;34;28
1719;"Bogotá, d. c.";"Bogotá, D.C.";Mujer;DESERTORES;0;0;222;281;256;269;249;298;408;332;385;411;457;612;442;405;572;503;543;839;648;672;584;155;940;532;561;461;474;479;514;473;484;502;479;467;496;488;472;543;448;482;508;426;450;419;483;437;442;434;389;517;441;499
1719;"Bogotá, d. c.";"Bogotá, D.C.";Sin informaci¿n;DESERTORES;;;;;;;;;;;;;;;;;;;;;;;;;;;;0;0;0;0;0;0;0;0;0;0;0;1;0;;;;;;;;;;;;;;
1719;"Bogotá, d. c.";"Bogotá, D.C.";Hombre;DESERTORES;0;0;226;305;298;352;369;374;493;396;504;504;517;613;540;523;619;507;637;839;674;668;719;162;1086;622;656;563;538;501;514;592;551;499;528;465;546;465;464;511;506;521;434;376;361;319;299;267;255;273;198;178;153;137
1720;Nariño;Pasto;Mujer;DESERTORES;;;0;0;18;44;272;391;114;67;70;83;161;137;122;204;107;132;123;167;157;134;265;384;221;179;340;349;310;322;217;199;143;185;170;214;207;197;155;185;185;178;246;224;259;277;336;265;324;233;263;181;263;315
1720;Nariño;Pasto;Sin informaci¿n;DESERTORES;;;;;;;;;;;;;;;;;;;;;;;;;;;;0;;;;;;;;;;;;;;;;;;;;;;;;;;
1720;Nariño;Pasto;Hombre;DESERTORES;;;0;0;7;15;95;146;78;36;41;54;92;57;64;97;74;80;81;86;101;85;160;241;171;110;152;171;142;158;131;160;134;153;132;158;149;160;187;184;180;170;170;136;182;185;182;116;130;99;141;69;58;69
1722;Caldas;Manizales;Mujer;DESERTORES;0;0;46;87;92;131;130;141;164;191;148;143;149;187;171;153;133;183;121;141;106;162;116;136;119;158;108;126;150;149;118;125;102;268;99;113;165;273;189;324;190;268;237;493;261;372;237;342;245;458;280;398;351;372
1722;Caldas;Manizales;Hombre;DESERTORES;0;0;11;31;45;51;83;76;106;94;81;105;106;95;86;103;124;127;72;95;79;109;104;112;113;106;92;80;112;110;85;79;73;101;89;99;110;158;126;230;160;238;152;200;117;141;158;142;121;141;95;113;103;90
1723;Santander;Bucaramanga;Mujer;DESERTORES;0;0;209;14;70;39;55;40;53;32;61;68;75;105;67;99;93;111;85;129;142;168;142;158;154;170;144;153;165;171;172;167;185;182;194;182;206;204;177;271;178;140;215;188;220;173;205;150;199;215;185;213;227;211
1723;Santander;Bucaramanga;Hombre;DESERTORES;0;0;56;26;59;28;67;34;77;29;82;74;117;123;88;99;113;97;104;174;147;176;186;179;210;201;222;173;236;192;250;189;222;190;201;165;195;167;174;257;155;133;169;137;123;107;120;97;105;117;95;53;41;36
1724;Bolívar;Cartagena de Indias;Mujer;DESERTORES;0;0;1148;164;17;2;178;163;264;249;278;206;247;203;250;180;182;106;153;116;149;130;167;186;117;169;145;131;97;144;119;133;105;127;137;106;90;113;101;60;102;90;131;92;115;131;185;85;122;99;191;227;200;248
1724;Bolívar;Cartagena de Indias;Sin informaci¿n;DESERTORES;;;;;0;0;0;0;;;;;;;;;;;;;;;;;;;;;;;;;;;;;;;;;;;;;;;;;;;;;;
1724;Bolívar;Cartagena de Indias;Hombre;DESERTORES;0;0;586;94;11;1;138;109;159;126;174;143;168;104;143;113;94;82;98;88;99;53;99;63;89;91;89;79;85;88;121;97;111;92;94;106;111;80;106;109;95;75;75;58;72;59;62;49;54;31;43;51;35;23
1725;"Bogotá, d. c.";"Bogotá, D.C.";Mujer;DESERTORES;0;0;57;68;92;99;99;136;150;164;167;181;192;240;223;248;226;291;263;240;265;266;315;358;427;423;304;371;354;346;412;407;427;387;540;810;134;318;404;357;368;211;376;306;500;159;303;93;134;114;119;90;91;
1725;"Bogotá, d. c.";"Bogotá, D.C.";Sin informaci¿n;DESERTORES;;;;;;;;;;;;;;;;;;;0;;;;;;;;;;;;;;;;;;;;;;;;;;;;;;;;;;;
1725;"Bogotá, d. c.";"Bogotá, D.C.";Hombre;DESERTORES;0;0;82;120;130;140;141;153;229;203;215;246;257;267;242;291;283;286;334;288;340;368;416;437;492;527;363;396;411;412;464;415;489;425;572;792;140;293;410;383;382;192;329;327;473;136;243;82;92;86;81;76;49;
1726;Antioquia;Rionegro;Mujer;DESERTORES;0;0;48;120;94;180;104;94;87;114;110;116;90;187;148;140;117;116;127;133;124;106;130;116;140;121;132;105;117;131;260;296;239;226;226;282;292;214;230;227;217;184;202;222;261;237;237;229;243;218;279;251;305;266
1726;Antioquia;Rionegro;Hombre;DESERTORES;0;0;44;56;79;99;102;97;95;130;124;116;100;136;123;142;152;119;115;140;134;107;160;134;150;157;154;156;166;153;239;260;257;238;263;371;260;260;279;281;226;239;203;234;194;192;139;163;152;146;113;125;101;105
1727;Córdoba;Montería;Mujer;DESERTORES;0;0;105;37;37;29;34;45;57;63;62;69;71;73;72;67;57;118;52;46;53;75;63;61;76;78;67;82;61;86;96;79;101;65;69;59;79;62;73;52;78;85;84;62;88;69;81;83;92;121;115;132;162;154
1727;Córdoba;Montería;Hombre;DESERTORES;0;0;131;37;33;35;62;71;97;71;106;71;129;81;105;75;74;123;77;64;76;72;84;92;109;89;83;102;78;98;106;121;114;88;103;83;77;79;82;75;72;82;47;33;52;45;38;32;24;40;33;23;28;26
1728;"Bogotá, d. c.";"Bogotá, D.C.";Mujer;DESERTORES;0;0;193;154;34;11;26;10;22;110;101;135;137;122;106;144;168;178;158;168;192;223;238;265;229;226;244;255;249;261;311;308;278;445;285;269;299;328;360;277;467;377;426;374;439;471;441;375;444;477;566;759;589;532
1728;"Bogotá, d. c.";"Bogotá, D.C.";Hombre;DESERTORES;0;0;109;88;22;3;10;13;24;120;117;110;139;119;133;136;169;146;162;165;205;271;262;255;298;281;282;283;337;292;378;400;364;497;324;334;310;303;330;302;338;293;278;233;230;243;207;174;166;168;147;152;105;88
1729;"Bogotá, d. c.";"Bogotá, D.C.";Mujer;DESERTORES;0;0;26;38;53;32;68;119;115;141;148;129;143;147;145;154;228;239;143;177;178;174;190;219;270;256;298;268;276;260;263;311;295;284;332;305;308;288;372;421;366;297;386;429;534;471;476;412;534;611;779;663;687;668
1729;"Bogotá, d. c.";"Bogotá, D.C.";Hombre;DESERTORES;0;0;20;86;51;54;72;184;228;166;179;193;136;174;142;171;246;241;163;160;202;170;217;206;205;228;245;237;245;224;227;217;296;280;304;284;266;271;371;428;414;368;297;246;222;257;192;138;178;169;168;139;137;130
1730;Valle del Cauca;Palmira;Mujer;DESERTORES;;;;;;;;;0;0;4;1;0;9;2;5;1;18;1;2;5;8;12;12;2;13;9;8;11;13;8;15;8;15;5;2;11;6;6;6;11;9;13;5;13;17;10;14;9;21;10;12;18;23
1730;Valle del Cauca;Palmira;Hombre;DESERTORES;;;;;;;;;0;0;1;2;0;4;0;1;0;6;1;1;7;8;9;5;2;5;5;6;6;6;9;9;7;2;3;7;10;9;8;5;9;11;5;3;4;11;3;10;1;3;3;2;4;0
1731;Cundinamarca;Chía;Mujer;DESERTORES;;;;;;;;;;;0;0;16;20;49;37;68;44;85;224;8;14;141;12;;;;;;;;;;;;;;;;;;;;;;;;;;;;;;
1731;Cundinamarca;Chía;Hombre;DESERTORES;;;;;;;;;;;0;0;25;41;89;113;140;67;138;429;10;28;261;27;;;;;;;;;;;;;;;;;;;;;;;;;;;;;;
1732;Boyacá;Tunja;Mujer;DESERTORES;0;0;13;9;13;15;42;49;41;69;60;58;47;68;69;219;53;58;46;45;62;62;105;75;77;54;76;109;102;166;119;86;135;111;155;138;122;116;101;172;176;120;119;137;137;174;167;146;158;196;167;338;264;215
1732;Boyacá;Tunja;Hombre;DESERTORES;0;0;9;3;14;22;51;36;51;50;72;60;59;68;82;199;49;57;43;53;78;69;95;102;85;80;99;134;116;193;109;116;137;127;138;153;105;112;102;186;156;136;92;97;82;137;99;86;66;87;51;55;42;35
1733;Magdalena;Santa Marta;Mujer;DESERTORES;0;0;8;13;3;0;3;1;2;2;3;6;22;11;47;43;65;51;41;65;53;63;85;77;78;54;94;69;83;60;81;132;116;85;102;99;88;74;77;87;86;144;103;93;112;117;127;116;154;120;123;155;164;145
1733;Magdalena;Santa Marta;Hombre;DESERTORES;0;0;7;7;1;1;2;0;5;2;0;1;17;4;49;50;56;48;47;42;38;53;82;47;65;73;64;77;57;80;73;103;89;84;66;65;74;58;63;68;75;103;63;62;67;84;66;57;68;61;57;35;33;38
1734;Boyacá;Tunja;Mujer;DESERTORES;0;0;1483;83;99;123;222;119;321;215;259;210;303;349;273;169;217;143;178;112;129;161;146;167;218;191;193;181;202;260;282;267;341;291;260;256;301;241;287;291;310;275;317;258;309;315;303;152;214;195;261;254;341;328
1734;Boyacá;Tunja;Hombre;DESERTORES;0;0;222;60;62;76;151;104;174;144;186;176;254;244;165;126;180;131;148;86;50;50;89;101;114;121;164;123;141;143;181;176;204;204;206;210;231;232;256;256;276;259;216;208;178;195;173;56;84;82;118;79;62;59
1735;"Bogotá, d. c.";"Bogotá, D.C.";Mujer;DESERTORES;0;0;26;87;119;106;121;210;201;178;283;264;326;299;326;236;316;292;231;242;275;340;368;334;377;464;440;352;372;422;469;472;352;790;343;621;513;478;600;509;565;581;564;476;528;423;564;421;296;402;388;439;589;615
1735;"Bogotá, d. c.";"Bogotá, D.C.";Sin informaci¿n;DESERTORES;;;;;;;;;;;;;;;;;;;;;;;;;;;;;;0;;;;;;;;;;;;;;;;;;;;;;;;
1735;"Bogotá, d. c.";"Bogotá, D.C.";Hombre;DESERTORES;0;0;11;48;74;56;68;113;135;99;206;176;220;274;247;200;274;242;208;165;209;242;306;260;250;305;322;267;304;352;370;336;261;543;308;506;548;481;579;585;700;558;438;355;372;327;326;351;216;202;201;222;210;194
1801;"Bogotá, d. c.";"Bogotá, D.C.";Mujer;DESERTORES;0;0;306;90;175;103;274;95;284;96;368;116;394;169;389;166;212;288;244;460;290;472;463;597;514;619;538;929;543;605;574;718;652;789;735;697;667;664;728;668;607;731;779;984;696;769;946;448;470;560;515;703;488;526
1801;"Bogotá, d. c.";"Bogotá, D.C.";Sin informaci¿n;DESERTORES;;;;;;;;;;;;;;;;;;;;;0;;;;;;;;;;;;;;;;;;;;;;;;;;;;;;;;;
1801;"Bogotá, d. c.";"Bogotá, D.C.";Hombre;DESERTORES;0;0;182;83;189;127;242;138;248;125;326;159;414;155;433;214;230;353;250;557;376;492;495;571;551;565;554;809;580;628;605;712;663;691;731;720;666;759;820;693;642;656;551;864;638;651;644;366;309;366;290;288;226;213
1802;Quindío;Armenia;Mujer;DESERTORES;0;0;44;62;13;38;50;34;52;83;102;118;90;141;86;161;72;183;87;246;84;79;223;131;125;113;142;106;134;128;98;146;78;126;98;88;108;79;205;101;109;116;110;114;137;96;140;97;150;143;100;160;148;189
1802;Quindío;Armenia;Hombre;DESERTORES;0;0;30;59;7;23;41;52;57;77;100;118;72;119;92;147;91;162;104;248;106;62;256;114;148;115;131;108;125;98;122;121;88;141;79;110;111;72;242;132;133;98;91;90;96;118;79;99;107;81;56;69;61;55
1803;"Bogotá, d. c.";"Bogotá, D.C.";Mujer;DESERTORES;0;0;8;16;18;33;29;27;50;64;85;230;371;411;561;617;446;362;228;342;566;574;585;590;739;683;713;719;760;832;811;855;855;842;743;738;873;799;633;585;555;497;518;477;512;552;470;431;454;496;464;500;551;474
1803;"Bogotá, d. c.";"Bogotá, D.C.";Sin informaci¿n;DESERTORES;0;0;0;0;0;0;2;0;0;2;1;2;2;3;3;4;6;0;2;0;2;2;3;0;1;0;1;2;1;1;;3;;;0;1;;;;;;;;;;0;;;;;;;;
1803;"Bogotá, d. c.";"Bogotá, D.C.";Hombre;DESERTORES;0;0;6;9;20;19;21;31;47;44;38;215;243;294;396;478;364;317;197;258;457;551;542;554;635;660;623;605;656;700;874;793;790;711;675;712;699;699;577;481;512;459;437;388;330;438;318;279;243;235;216;163;153;152
1804;Atlántico;Barranquilla;Mujer;DESERTORES;0;0;183;185;234;210;242;238;349;272;335;430;292;325;333;298;286;272;302;326;314;355;438;446;451;477;420;476;462;450;474;493;435;392;590;637;477;493;421;549;409;435;748;414;455;458;560;241;361;358;504;448;570;446
1804;Atlántico;Barranquilla;Sin informaci¿n;DESERTORES;;;;;;;;;;;;;;;;;0;0;0;;;;0;1;0;0;;;;;;;;;;;;;;;;;;;;;;;;;;;;
1804;Atlántico;Barranquilla;Hombre;DESERTORES;0;0;215;255;349;277;377;320;507;396;497;600;582;485;483;537;424;333;465;462;448;549;639;596;614;572;615;687;595;616;642;665;612;647;630;752;582;543;566;575;472;616;609;332;444;336;396;175;288;218;218;178;146;125
1805;Valle del Cauca;Cali;Mujer;DESERTORES;0;0;148;430;428;530;415;559;645;403;409;518;621;540;594;512;411;358;367;347;490;607;617;766;593;646;674;962;735;577;592;665;611;749;867;693;698;635;687;1179;1892;1066;1177;814;849;1213;1108;574;766;838;992;1018;1201;1257
1805;Valle del Cauca;Cali;Sin informaci¿n;DESERTORES;;0;0;7;10;5;3;6;10;14;2;6;9;14;8;3;2;4;3;2;2;5;2;2;1;1;0;0;0;1;0;;;;;;;;;;;;;;;;;;;;;;0;0
1805;Valle del Cauca;Cali;Hombre;DESERTORES;0;0;97;306;312;363;350;460;448;274;293;437;518;410;477;423;380;336;328;343;407;506;472;617;517;508;541;655;614;485;466;460;506;634;695;583;636;596;678;1157;1884;969;910;559;388;499;493;248;301;325;282;269;236;235
1806;"Bogotá, d. c.";"Bogotá, D.C.";Mujer;DESERTORES;0;0;1614;74;819;338;100;101;468;142;404;178;900;668;290;321;290;529;560;2316;380;674;489;643;427;642;364;754;426;768;431;696;432;654;420;636;450;620;499;585;392;519;323;514;342;537;342;480;344;465;341;633;412;577
1806;"Bogotá, d. c.";"Bogotá, D.C.";Hombre;DESERTORES;0;0;1119;70;746;258;140;154;409;202;413;198;1036;600;272;342;303;521;480;1750;391;576;453;598;458;653;389;633;439;692;435;629;437;583;412;549;352;525;533;475;330;438;286;455;285;447;250;331;167;319;181;222;121;164
1807;Valle del Cauca;Cali;Mujer;DESERTORES;0;0;47;190;67;141;170;75;80;308;91;362;246;226;289;370;502;320;270;414;300;292;418;656;256;388;180;503;187;266;201;234;158;271;140;242;164;260;164;134;283;424;177;222;207;346;266;288;242;209;225;253;202;216
1807;Valle del Cauca;Cali;Sin informaci¿n;DESERTORES;;0;0;1;2;2;1;0;0;7;0;2;2;3;4;;0;0;1;1;0;0;0;;0;0;0;;;;;;;;;;;;;;;;;;;;;;;;;;;
1807;Valle del Cauca;Cali;Hombre;DESERTORES;0;0;11;137;54;115;162;34;76;209;22;243;125;123;197;242;176;204;187;234;88;191;182;296;119;171;84;190;99;145;80;166;97;165;103;181;157;253;122;103;211;342;141;201;119;221;157;153;122;122;109;77;69;72
1808;Atlántico;Barranquilla;Mujer;DESERTORES;0;0;44;36;127;74;109;123;121;128;267;176;321;104;271;161;266;69;285;192;163;207;149;145;66;153;80;156;83;128;110;136;114;162;101;136;90;181;140;494;234;126;108;203;157;272;183;275;172;231;203;318;214;371
1808;Atlántico;Barranquilla;Sin informaci¿n;DESERTORES;;;;0;0;0;;0;;0;2;3;0;1;0;1;0;0;0;;3;;;;;;;;;0;;;;;;;;;;;;;;;;;;;;;;;;
1808;Atlántico;Barranquilla;Hombre;DESERTORES;0;0;32;17;85;37;96;52;135;53;182;97;254;38;195;97;238;45;166;109;111;156;74;124;44;115;49;107;34;83;65;109;72;105;82;97;71;131;130;485;173;87;97;200;81;189;96;129;67;188;66;106;51;48
1809;Risaralda;Pereira;Mujer;DESERTORES;0;0;178;683;235;123;257;94;266;84;218;89;241;99;169;64;209;72;236;85;86;176;182;214;157;255;206;258;114;273;155;198;145;313;157;194;124;223;287;403;137;201;111;185;118;153;138;161;133;192;146;232;170;170
1809;Risaralda;Pereira;Hombre;DESERTORES;0;0;102;375;184;73;180;65;235;48;151;68;195;63;145;49;181;67;245;64;90;154;128;149;103;233;127;200;95;181;125;200;132;228;135;144;131;202;275;314;106;223;97;146;69;119;69;91;59;109;52;75;34;34
1810;Norte de Santander;Cúcuta;Mujer;DESERTORES;0;0;11;43;34;68;32;61;22;40;33;71;26;69;16;73;23;89;8;128;11;92;20;91;28;89;41;107;38;97;58;106;39;102;72;117;82;127;76;82;71;183;92;182;76;110;106;126;86;108;77;144;94;164
1810;Norte de Santander;Cúcuta;Hombre;DESERTORES;0;0;18;41;25;62;49;80;29;80;29;75;24;81;12;61;18;72;12;125;18;79;23;99;25;99;54;82;33;97;40;96;42;130;34;89;61;132;72;207;79;124;60;85;73;154;62;135;59;86;51;44;31;32
1811;Santander;Socorro;Mujer;DESERTORES;0;0;23;38;11;40;33;44;24;37;24;27;12;47;25;44;19;44;25;57;29;67;10;92;36;72;35;72;26;80;30;83;27;93;36;77;41;77;50;50;52;102;38;99;47;81;42;80;44;98;24;82;31;67
1811;Santander;Socorro;Hombre;DESERTORES;0;0;4;11;11;33;42;42;21;36;6;39;7;38;7;34;21;48;29;53;29;49;8;54;19;67;29;49;23;67;36;94;38;81;29;71;27;84;38;112;24;70;30;63;44;108;31;82;30;49;17;18;7;26
1812;Antioquia;Medellín;Mujer;DESERTORES;0;0;541;299;337;343;277;303;367;369;332;489;328;434;324;358;330;424;343;328;412;478;363;386;416;476;504;501;511;542;460;644;517;555;465;464;525;446;513;456;497;436;447;450;554;427;375;345;389;392;455;414;440;371
1812;Antioquia;Medellín;Hombre;DESERTORES;0;0;183;250;380;321;267;286;361;350;342;383;371;427;333;379;298;379;319;310;425;429;363;392;359;463;459;462;520;482;503;574;488;535;439;442;501;387;477;456;493;434;361;318;322;323;265;229;201;184;179;133;124;100
1813;"Bogotá, d. c.";"Bogotá, D.C.";Mujer;DESERTORES;0;0;149;121;195;175;232;175;196;150;199;182;189;164;183;182;289;205;231;172;231;301;260;259;317;503;340;238;281;883;381;430;366;416;466;373;687;473;579;429;451;479;487;431;582;519;538;493;635;651;681;701;639;668
1813;"Bogotá, d. c.";"Bogotá, D.C.";Hombre;DESERTORES;0;0;225;226;315;217;341;243;277;244;273;204;288;234;314;285;259;250;270;227;386;328;394;421;498;544;483;306;403;1379;563;540;586;533;593;412;682;514;608;586;545;483;471;295;347;314;278;226;190;197;104;99;55;34
1814;Antioquia;Medellín;Mujer;DESERTORES;0;0;7;85;16;177;30;171;38;293;30;237;29;171;16;125;11;160;3;204;14;154;345;81;32;90;76;93;113;131;117;132;119;183;161;168;206;250;209;307;167;185;225;146;203;182;190;212;213;184;244;186;217;189
1814;Antioquia;Medellín;Hombre;DESERTORES;0;0;3;101;13;152;16;159;20;234;24;167;19;139;15;97;13;133;0;160;8;107;151;50;44;94;79;76;91;95;102;103;125;133;131;155;167;191;187;262;163;148;154;156;143;144;128;138;118;127;112;78;76;70
1815;"Bogotá, d. c.";"Bogotá, D.C.";Mujer;DESERTORES;0;0;4;4;12;17;15;22;37;36;37;48;232;252;247;267;239;236;257;175;226;243;291;276;271;241;211;207;229;228;233;290;256;321;333;230;214;372;0;394;234;225;234;194;191;217;263;136;220;191;190;184;240;239
1815;"Bogotá, d. c.";"Bogotá, D.C.";Sin informaci¿n;DESERTORES;;;;0;0;0;0;0;0;;;;0;1;0;0;0;0;0;1;;0;;;;;;;;;;;;;;;;;;;;;;;;;;;;;;;;
1815;"Bogotá, d. c.";"Bogotá, D.C.";Hombre;DESERTORES;0;0;3;9;10;15;25;17;53;39;44;76;321;329;386;369;316;281;414;214;251;281;339;336;261;278;279;237;308;295;347;232;213;225;176;261;280;300;1;524;258;217;191;118;144;142;162;92;132;72;63;60;61;88
1816;Antioquia;Medellín;Mujer;DESERTORES;0;0;248;96;150;156;16;398;279;123;150;224;167;209;253;243;192;173;611;376;347;480;219;277;227;422;277;495;355;282;293;238;249;240;231;225;201;190;191;194;174;174;202;177;175;158;208;178;222;272;212;248;240;208
1816;Antioquia;Medellín;Hombre;DESERTORES;0;0;228;79;86;70;5;88;143;38;65;90;89;70;125;128;101;86;266;148;114;193;126;128;133;159;156;264;200;178;155;126;141;146;171;137;177;147;167;142;141;139;144;135;129;129;126;93;122;113;75;73;69;62
1817;Santander;Bucaramanga;Mujer;DESERTORES;0;0;178;334;304;294;501;290;237;279;249;322;252;263;245;233;221;254;256;263;269;321;275;228;449;371;283;299;305;315;441;336;310;289;223;234;278;173;225;233;229;184;203;163;186;160;220;129;150;171;179;166;189;183
1817;Santander;Bucaramanga;Hombre;DESERTORES;0;0;34;88;69;98;179;144;103;137;129;147;144;138;134;120;133;138;150;162;211;197;190;152;227;210;160;204;170;194;243;200;201;211;147;160;219;153;179;191;143;136;154;115;125;107;111;66;95;85;84;51;51;48
1818;"Bogotá, d. c.";"Bogotá, D.C.";Mujer;DESERTORES;0;0;664;860;1038;830;855;826;1004;946;1056;1122;1153;1088;1238;1128;1244;1319;1269;2878;1584;1567;1616;1763;1531;1955;1727;4113;1422;2050;1589;1816;1916;2034;1775;1704;2076;1708;1653;1622;1692;1675;1542;1488;1478;1551;1890;1249;1404;1542;1401;1412;1371;1415
1818;"Bogotá, d. c.";"Bogotá, D.C.";Hombre;DESERTORES;0;0;225;293;327;313;379;347;472;498;533;589;693;580;755;650;818;827;832;1651;1115;1165;1163;1251;1158;1316;1318;2731;1141;1491;1332;1555;1685;1616;1557;1442;1768;1529;1546;1505;1651;1414;1328;1235;1072;1226;1187;793;829;914;717;586;478;366
1819;Santander;Barrancabermeja;Mujer;DESERTORES;0;0;88;17;39;22;49;55;66;52;66;87;75;86;142;135;65;149;98;126;69;63;59;70;74;179;52;72;101;102;69;95;114;105;74;72;67;66;82;81;78;62;41;58;61;73;75;56;73;57;35;38;26;21
1819;Santander;Barrancabermeja;Hombre;DESERTORES;0;0;23;2;10;10;12;16;24;17;27;18;27;37;52;48;16;43;41;97;24;24;31;27;37;57;24;40;49;26;29;48;40;49;36;51;42;44;57;51;61;35;37;25;37;29;40;25;27;28;7;8;11;5
1820;Magdalena;Santa Marta;Mujer;DESERTORES;0;0;103;43;131;35;77;445;65;22;43;272;137;273;144;90;126;64;64;76;94;335;178;226;176;200;275;452;171;154;155;145;166;166;145;147;123;134;157;141;178;154;141;154;154;164;226;120;168;123;162;224;238;180
1820;Magdalena;Santa Marta;Hombre;DESERTORES;0;0;31;19;55;22;37;148;44;20;12;152;83;122;84;48;74;40;44;61;71;187;138;157;114;122;163;308;153;129;126;119;146;136;127;130;106;139;151;121;154;131;109;128;107;96;125;57;68;67;52;60;47;39
1822;Cundinamarca;Girardot;Mujer;DESERTORES;0;0;0;1;2;0;2;1;3;5;2;5;31;25;21;19;10;22;12;35;17;23;22;19;36;20;16;26;25;17;34;44;38;40;41;37;54;54;71;64;57;53;48;90;60;73;94;57;44;66;56;57;73;66
1822;Cundinamarca;Girardot;Sin informaci¿n;DESERTORES;;;;;;;;;;;;;;;;;;;;;;;;0;0;0;0;0;0;;;;;;;;;;;;;;;;;;;;;;;;;
1822;Cundinamarca;Girardot;Hombre;DESERTORES;0;0;0;1;1;0;1;4;5;6;4;12;52;25;47;29;19;22;26;39;47;17;40;30;55;32;26;27;37;38;52;45;58;53;63;47;59;82;89;79;71;94;59;42;47;50;58;35;26;31;22;25;11;19
1823;Santander;Bucaramanga;Mujer;DESERTORES;0;0;5093;3;147;161;20;51;63;121;78;216;191;195;130;125;124;200;99;93;195;173;238;240;278;448;335;670;382;927;430;463;460;475;422;472;579;429;514;518;588;485;557;541;597;595;566;491;518;527;515;568;559;529
1823;Santander;Bucaramanga;Hombre;DESERTORES;0;0;530;154;94;124;334;217;364;29;215;136;155;145;126;143;127;138;73;56;136;141;208;150;194;301;229;463;254;588;262;275;321;300;394;348;451;293;396;428;398;359;357;350;279;358;276;273;250;255;203;167;174;152
1824;Atlántico;Barranquilla;Mujer;DESERTORES;0;0;63;54;73;52;165;78;118;162;121;148;444;303;243;167;152;168;168;146;140;182;174;178;145;166;213;279;453;341;365;284;79;148;227;172;97;90;109;119;92;81;188;96;61;91;120;35;56;61;68;111;101;100
1824;Atlántico;Barranquilla;Hombre;DESERTORES;0;0;15;19;18;25;27;28;37;47;28;37;114;70;64;53;65;74;70;56;53;70;67;67;75;84;89;88;137;91;131;139;42;58;127;104;96;91;79;95;95;70;126;53;39;43;43;19;11;17;19;20;10;14
1825;Caldas;Manizales;Mujer;DESERTORES;0;0;603;45;83;51;42;35;61;46;101;117;58;156;68;55;51;95;46;48;121;108;118;107;174;142;169;242;211;267;237;220;227;203;263;226;206;239;305;374;338;273;399;351;389;347;324;340;244;331;278;283;266;255
1825;Caldas;Manizales;Hombre;DESERTORES;0;0;469;68;111;72;87;56;88;58;148;144;96;165;94;67;78;102;83;64;130;124;131;140;170;142;176;220;231;219;234;202;210;179;208;221;166;213;244;297;263;231;258;158;194;152;99;89;93;94;86;50;38;36
1826;"Bogotá, d. c.";"Bogotá, D.C.";Mujer;DESERTORES;;;;;;;0;0;1;3;1;1930;109;188;290;246;283;273;339;1892;1075;1593;860;1189;1084;980;858;947;843;1128;773;757;763;705;937;978;730;723;805;731;700;697;632;578;662;640;689;444;621;658;748;693;639;611
1826;"Bogotá, d. c.";"Bogotá, D.C.";Sin informaci¿n;DESERTORES;;;;;;;;;;;;;;;;;;;;;;0;;;;;;;;;;;;;;;;;;;;;;;;;;;;;;;;
1826;"Bogotá, d. c.";"Bogotá, D.C.";Hombre;DESERTORES;;;;;;;;0;;0;1;405;106;156;228;220;265;253;308;1053;539;1010;646;777;707;746;635;702;647;845;745;714;776;771;953;957;765;774;855;804;742;624;601;480;507;460;366;267;317;323;294;232;185;167
1827;Caldas;Manizales;Mujer;DESERTORES;0;0;23;128;41;81;70;77;94;76;39;49;46;80;76;94;49;59;46;39;37;39;53;39;49;47;41;83;140;71;138;86;114;201;92;116;67;122;61;157;47;62;112;95;92;98;110;226;97;158;71;119;51;105
1827;Caldas;Manizales;Hombre;DESERTORES;0;0;9;42;14;35;45;39;62;48;35;44;45;35;45;51;37;36;29;19;16;37;25;38;48;38;37;50;47;76;52;71;67;68;58;68;45;105;49;208;67;146;82;75;25;21;32;17;9;16;14;11;12;5
1828;Valle del Cauca;Cali;Mujer;DESERTORES;0;0;0;18;89;0;75;79;60;47;57;47;54;83;68;76;67;99;72;97;66;225;141;135;143;125;140;169;122;144;164;148;151;159;162;182;211;178;223;209;236;193;220;182;161;203;131;134;179;156;186;229;186;194
1828;Valle del Cauca;Cali;Hombre;DESERTORES;0;0;0;31;123;0;97;86;86;81;67;79;92;95;97;115;108;105;109;123;154;269;171;168;173;172;161;178;122;204;191;167;165;201;158;151;179;180;199;195;216;120;122;85;81;45;34;35;19;35;25;14;13;10
1829;Valle del Cauca;Palmira;Mujer;DESERTORES;;;;;;;;;;;;0;0;7;3;15;11;18;35;28;33;42;43;102;53;37;46;85;18;162;262;33;34;39;32;157;63;40;73;87;65;95;18;63;74;96;84;70;112;88;94;81;100;86
1829;Valle del Cauca;Palmira;Hombre;DESERTORES;;;;;;;;;;;;0;0;1;3;14;10;8;23;4;20;22;31;51;40;25;31;73;16;105;222;18;26;39;29;133;49;47;64;96;64;96;16;54;46;34;28;32;65;36;22;21;12;18
1830;Valle del Cauca;Cali;Mujer;DESERTORES;0;0;56;118;152;143;135;148;158;154;129;144;147;179;181;170;214;216;180;437;175;199;255;257;296;289;300;286;223;323;296;302;327;428;377;366;401;374;461;502;434;462;491;487;509;535;517;438;465;376;473;471;463;392
1830;Valle del Cauca;Cali;Sin informaci¿n;DESERTORES;;;;;;;0;0;0;0;0;0;0;0;0;0;0;0;1;0;0;;1;1;0;0;;0;1;;;0;1;0;;;;;;;;;;;;;;;;;;;;
1830;Valle del Cauca;Cali;Hombre;DESERTORES;0;0;119;203;251;215;245;296;300;257;218;281;278;292;311;292;330;367;305;467;359;360;390;439;461;417;375;422;439;475;515;499;458;567;479;412;467;412;462;511;461;446;372;376;364;322;290;204;211;157;130;126;139;83
1831;Tolima;Ibagué;Mujer;DESERTORES;0;0;41;50;66;55;61;70;91;62;77;110;147;133;138;164;193;187;169;168;196;210;267;241;286;240;293;252;266;298;309;294;292;321;314;257;327;268;343;339;353;290;308;303;321;312;313;233;285;268;279;333;310;300
1831;Tolima;Ibagué;Hombre;DESERTORES;0;0;39;51;71;70;93;96;116;106;138;128;190;191;206;178;196;220;230;217;259;210;269;258;314;279;339;286;349;373;426;352;335;339;368;300;325;310;371;386;353;347;239;218;220;195;133;95;120;129;101;87;61;42
1832;Bolívar;Cartagena de Indias;Mujer;DESERTORES;0;0;106;84;114;117;79;87;115;89;69;45;82;58;71;77;109;101;144;117;135;136;157;88;108;139;225;296;387;344;436;204;190;224;220;210;367;293;349;416;498;444;453;522;446;346;303;200;246;264;225;256;295;293
1832;Bolívar;Cartagena de Indias;Hombre;DESERTORES;0;0;189;176;170;178;161;170;177;161;159;132;146;145;170;165;153;150;223;184;159;157;196;141;160;187;298;326;399;387;504;394;269;305;298;254;322;248;340;386;329;364;213;262;246;183;143;102;119;72;39;47;34;23
1833;Córdoba;Montería;Mujer;DESERTORES;0;0;120;100;151;220;182;270;311;320;216;343;238;401;148;287;165;325;171;319;193;291;244;277;217;278;234;275;242;256;231;275;265;234;294;242;285;284;272;293;317;289;373;356;365;409;417;367;358;378;361;331;468;363
1833;Córdoba;Montería;Sin informaci¿n;DESERTORES;;0;0;0;0;0;0;0;0;0;0;;0;;0;0;0;0;;;;;;;;;;;;;;;;;;;;;;;;;;;;;;;;;;;;
1833;Córdoba;Montería;Hombre;DESERTORES;0;0;62;40;138;145;186;183;276;230;231;265;221;305;180;239;175;208;161;224;167;213;171;192;162;202;193;207;202;206;213;257;248;206;239;237;285;262;287;427;326;319;266;317;290;301;265;247;243;175;155;146;145;83
1834;Bolívar;Cartagena de Indias;Mujer;DESERTORES;;;0;0;6;1;6;10;11;25;25;17;27;27;19;29;24;27;33;40;32;42;57;52;62;77;83;69;68;78;88;73;87;71;116;96;100;74;101;87;81;109;165;170;273;354;456;166;196;237;245;269;307;319
1834;Bolívar;Cartagena de Indias;Sin informaci¿n;DESERTORES;;;;;;;;;;;;;;;;;;;;;;;;;;;;;;;;;;;;;0;0;0;0;0;0;;;;;;;;;;;;
1834;Bolívar;Cartagena de Indias;Hombre;DESERTORES;;;0;0;9;1;6;11;2;17;14;15;32;27;22;27;25;30;21;34;29;27;20;28;39;39;48;34;53;57;53;51;66;80;71;81;86;98;77;102;96;126;116;134;145;171;180;75;86;107;86;101;112;86
1835;"Bogotá, d. c.";"Bogotá, D.C.";Mujer;DESERTORES;0;0;58;82;71;54;64;79;91;124;136;145;131;118;127;141;148;98;127;242;220;170;454;153;187;230;334;191;236;280;471;71;354;332;290;265;273;233;307;178;247;221;196;184;235;204;212;138;204;199;213;228;201;231
1835;"Bogotá, d. c.";"Bogotá, D.C.";Hombre;DESERTORES;0;0;62;68;75;60;65;72;85;95;133;110;126;118;149;116;146;102;157;215;201;168;341;124;210;195;270;189;236;297;443;68;316;311;245;280;255;190;311;196;223;219;170;173;147;140;148;72;110;77;72;60;34;39
2102;"Bogotá, d. c.";"Bogotá, D.C.";Mujer;DESERTORES;0;0;476;962;875;855;1083;1253;1491;1382;1998;2305;2433;2867;2958;6202;3472;1581;2021;3907;495;5758;4423;4735;6102;5406;5347;4616;5483;5020;6159;6559;6385;6753;7058;6095;6505;5955;7932;5898;7011;5083;6725;6715;6765;8745;6667;7032;6588;7914;11974;10124;13619;13742
2102;"Bogotá, d. c.";"Bogotá, D.C.";Sin informaci¿n;DESERTORES;;;;;;;;;;0;;;0;1;;0;2;0;0;0;0;0;0;1;0;1;0;0;1;1;0;2;0;0;1;0;0;0;0;1;0;0;0;0;0;0;0;0;;;;;;
2102;"Bogotá, d. c.";"Bogotá, D.C.";Hombre;DESERTORES;0;0;366;631;698;628;973;942;1264;1181;1652;1712;1753;2122;2071;4189;2478;1212;1838;2881;375;4797;3647;3913;5410;4771;5089;4275;5586;4902;6235;6147;6005;6155;6598;5720;6498;5747;8029;5229;6588;4677;5782;5452;5215;5863;4624;4915;3278;4027;4913;4507;5056;4463
2104;"Bogotá, d. c.";"Bogotá, D.C.";Mujer;DESERTORES;0;0;19;13;28;77;57;188;108;145;120;134;192;102;198;156;195;159;175;856;44;96;149;212;325;596;399;535;640;1162;287;542;849;1070;469;236;649;311;517;590;537;421;415;399;471;303;332;478;1592;1838;1136;1221;1007;716
2104;"Bogotá, d. c.";"Bogotá, D.C.";Sin informaci¿n;DESERTORES;;;;;;;;;;;;;;;;0;;;;;;;;;;;;;;;;;;;;;;;;;;;;;;;;;;;;;;
2104;"Bogotá, d. c.";"Bogotá, D.C.";Hombre;DESERTORES;0;0;23;26;51;85;85;192;152;121;121;148;195;112;227;135;197;167;162;798;81;68;118;122;203;345;262;365;468;838;206;308;431;716;302;191;371;261;450;607;380;374;318;289;345;197;180;296;831;873;584;604;456;309
2106;"Bogotá, d. c.";"Bogotá, D.C.";Mujer;DESERTORES;;;;;;;;;;;;;;;;;;;0;0;46;134;9;9;8;35;323;23;104;759;2;249;47;89;56;1117;1021;1;24;64;40;38;96;19;154;217;43;41;149;98;111;140;103;317
2106;"Bogotá, d. c.";"Bogotá, D.C.";Sin informaci¿n;DESERTORES;;;;;;;;;;;;;;;;;;;;;;;0;0;;;;;;;;;;;;;;;;;;;;;;;;;;;;;;
2106;"Bogotá, d. c.";"Bogotá, D.C.";Hombre;DESERTORES;0;0;0;0;0;0;;;;;0;1;0;0;;0;0;2;0;0;113;1291;67;36;32;102;850;210;307;2146;0;411;303;1413;152;3825;1196;1;24;318;115;68;85;14;287;283;41;57;83;53;28;53;19;117
2110;Antioquia;Medellín;Mujer;DESERTORES;0;0;3;165;54;58;93;148;127;103;133;122;115;124;128;143;162;89;172;103;180;161;136;127;120;120;149;147;169;169;208;139;133;148;130;154;122;161;161;166;215;113;284;328;344;432;248;341;421;446;395;389;401;394
2110;Antioquia;Medellín;Hombre;DESERTORES;0;0;1;20;17;20;28;28;24;24;34;21;54;23;47;47;52;47;75;39;73;47;57;59;61;54;90;85;93;98;103;90;87;140;114;132;135;176;151;215;210;127;202;194;160;249;142;142;160;165;148;156;86;106
2114;Valle del Cauca;Cali;Mujer;DESERTORES;0;0;7;6;25;32;44;73;121;96;83;50;41;24;58;54;19;44;39;35;33;39;40;21;86;0;51;5;69;37;43;46;45;41;53;53;84;107;125;115;138;164;161;176;142;195;146;114;120;148;102;164;133;157
2114;Valle del Cauca;Cali;Hombre;DESERTORES;0;0;1;2;1;4;2;17;53;46;35;70;15;8;32;29;28;31;28;41;45;47;45;19;100;1;83;6;114;71;87;80;83;80;97;80;81;113;115;143;120;158;115;132;87;99;69;47;35;41;30;28;42;24
2206;Valle del Cauca;Cali;Mujer;DESERTORES;0;0;4;5;6;14;4;15;14;18;15;19;19;19;12;15;23;24;27;24;24;26;32;56;30;18;26;22;37;33;39;40;42;26;31;38;34;36;46;84;29;26;26;30;39;23;17;38;36;39;31;48;44;43
2206;Valle del Cauca;Cali;Hombre;DESERTORES;0;0;5;12;7;14;11;16;16;12;14;12;26;27;23;16;25;13;16;22;12;14;25;46;24;22;30;27;31;36;35;47;40;29;42;65;45;38;59;77;49;40;25;23;44;29;14;41;33;21;29;23;25;23
2207;Santander;Barrancabermeja;Mujer;DESERTORES;0;0;129;35;90;34;105;106;104;86;114;108;151;19;42;492;54;49;58;307;138;140;113;134;162;155;210;187;390;254;209;156;253;215;267;295;276;316;365;393;337;313;295;312;291;256;171;216;288;344;305;363;371;458
2207;Santander;Barrancabermeja;Sin informaci¿n;DESERTORES;;;;;;;;;;;;;;;;;;0;;;;;;;;;;;;;;;;;;;;;;;;;;;;;;;;;;;;
2207;Santander;Barrancabermeja;Hombre;DESERTORES;0;0;207;63;123;29;151;158;159;115;152;175;210;35;77;737;67;58;74;324;125;101;128;143;122;149;156;163;310;196;166;131;205;166;232;245;279;287;331;304;322;247;239;225;212;176;112;115;136;172;91;91;79;62
2208;Tolima;Ibagué;Mujer;DESERTORES;0;0;0;0;0;0;0;0;3;0;4;2;3;4;7;3;4;2;4;5;4;9;6;7;4;8;6;10;12;4;5;7;9;10;10;7;5;10;5;8;12;5;4;9;9;12;5;28;27;40;27;29;40;25
2208;Tolima;Ibagué;Hombre;DESERTORES;0;0;0;0;0;1;0;1;13;10;8;3;8;14;25;10;17;11;9;11;16;23;9;17;13;19;25;33;12;23;22;37;20;33;18;15;18;9;14;11;13;6;7;8;11;6;1;18;6;11;7;5;4;6
2209;Antioquia;Medellín;Mujer;DESERTORES;0;0;492;519;525;525;516;576;540;463;594;664;505;591;802;657;534;613;655;1255;3174;489;2141;577;943;772;705;720;713;847;679;1250;743;890;944;1244;965;1131;685;1602;922;1008;773;814;899;771;951;694;1066;827;706;971;1019;809
2209;Antioquia;Medellín;Sin informaci¿n;DESERTORES;;;;;;;;;;;;;;;;;;;0;0;0;0;;;;;;;;;;;;;;;;;;;;;;;;;;;;;;;;
2209;Antioquia;Medellín;Hombre;DESERTORES;0;0;544;594;599;578;611;659;598;491;738;831;626;575;1078;839;704;702;890;1476;2417;653;2323;653;1006;929;859;866;956;1116;916;1512;1007;1139;1137;1558;991;1143;840;1743;1087;1088;703;655;609;536;457;381;388;311;300;364;275;244
2211;Bolívar;Cartagena de Indias;Mujer;DESERTORES;;;;;;;;0;0;10;10;0;0;65;25;14;24;17;29;21;16;22;22;22;31;29;19;27;32;43;22;35;32;46;42;53;52;54;36;38;72;78;72;77;88;85;58;53;122;92;109;99;117;111
2211;Bolívar;Cartagena de Indias;Hombre;DESERTORES;;;;;;;;0;0;20;22;0;0;79;38;42;39;20;33;34;30;33;45;37;33;44;48;48;42;61;65;74;69;74;63;64;55;66;41;72;49;51;55;50;48;41;21;34;29;41;29;17;29;19
2301;Valle del Cauca;Tuluá;Mujer;DESERTORES;0;0;55;7;32;6;35;33;102;46;99;59;96;70;134;88;152;101;125;76;179;137;193;154;165;149;173;205;186;167;251;159;172;205;149;125;152;135;161;91;114;144;305;243;221;181;150;149;160;241;245;224;278;242
2301;Valle del Cauca;Tuluá;Hombre;DESERTORES;0;0;8;2;11;6;31;25;37;36;67;70;80;76;118;105;87;87;88;89;133;124;143;159;151;139;168;157;151;140;214;141;167;200;165;111;152;136;190;88;124;154;223;188;138;141;81;71;98;128;110;69;51;47
2302;Antioquia;Envigado;Mujer;DESERTORES;0;0;3;9;78;60;81;45;49;41;90;60;74;68;105;46;86;119;150;124;124;230;126;146;257;391;417;156;231;177;217;103;177;224;272;197;166;107;236;206;187;206;241;196;300;212;279;224;281;340;645;384;339;331
2302;Antioquia;Envigado;Hombre;DESERTORES;0;0;7;13;87;57;126;53;71;39;94;58;110;71;94;47;115;116;177;117;158;261;151;146;219;396;377;168;270;197;194;137;172;220;211;161;167;128;228;246;192;172;161;109;136;125;135;89;88;123;156;105;81;79
2701;"Bogotá, d. c.";"Bogotá, D.C.";Mujer;DESERTORES;0;0;0;0;9;0;0;9;24;24;57;46;48;51;34;29;26;25;30;23;35;27;40;35;102;64;45;53;67;68;68;69;83;103;56;92;61;58;98;56;46;48;43;57;52;58;49;73;62;66;89;83;123;94
2701;"Bogotá, d. c.";"Bogotá, D.C.";Sin informaci¿n;DESERTORES;;;;;;;;;;;;;;;;;;;;;;;;;0;;;;;;;;;;;;;;;;;;;;;;;;;;;;;
2701;"Bogotá, d. c.";"Bogotá, D.C.";Hombre;DESERTORES;0;0;0;0;0;0;0;2;7;8;24;22;12;9;11;11;5;12;9;13;21;6;10;9;36;24;35;20;41;34;36;39;34;32;34;52;52;42;52;23;38;23;33;33;24;29;13;16;14;15;18;22;15;10
2702;"Bogotá, d. c.";"Bogotá, D.C.";Mujer;DESERTORES;0;0;2;2;3;10;57;42;57;56;99;82;55;71;73;42;55;48;47;70;60;77;45;101;48;61;87;62;83;85;91;67;68;75;89;58;56;59;56;53;41;37;55;60;57;81;58;56;52;79;107;128;126;146
2702;"Bogotá, d. c.";"Bogotá, D.C.";Hombre;DESERTORES;0;0;0;0;0;3;7;7;21;16;24;19;29;15;8;20;29;19;25;30;21;21;9;29;11;20;16;22;19;26;12;21;14;28;54;44;53;57;39;43;47;59;51;37;28;30;21;14;15;22;29;27;13;24
2704;"Bogotá, d. c.";"Bogotá, D.C.";Mujer;DESERTORES;0;0;8;7;10;16;11;11;14;11;13;14;20;15;17;2;35;17;16;9;20;9;7;5;8;4;10;8;5;7;9;12;11;12;18;14;28;17;22;33;34;23;34;27;37;34;20;19;38;29;29;52;38;32
2704;"Bogotá, d. c.";"Bogotá, D.C.";Hombre;DESERTORES;0;0;7;12;14;11;27;13;23;16;18;28;37;21;14;0;42;16;19;6;25;10;16;10;19;8;20;13;15;22;15;16;11;33;25;26;25;31;34;23;20;17;8;8;2;2;3;4;1;1;1;1;1;2
2707;"Bogotá, d. c.";"Bogotá, D.C.";Mujer;DESERTORES;0;0;2;1;4;2;43;12;76;26;54;39;87;21;55;29;125;20;72;25;145;30;59;56;41;64;50;49;42;22;30;25;24;23;27;22;11;31;17;32;11;26;18;20;19;22;14;24;27;31;34;39;43;36
2707;"Bogotá, d. c.";"Bogotá, D.C.";Hombre;DESERTORES;0;0;1;0;2;0;20;10;57;15;38;24;62;11;43;19;97;14;70;13;83;33;43;48;36;23;25;27;27;32;23;14;10;12;14;11;21;24;20;9;11;43;15;12;8;5;12;10;6;9;4;3;4;1
2708;Antioquia;Medellín;Mujer;DESERTORES;0;0;2;9;4;0;14;5;4;2;19;23;43;17;54;16;34;32;39;55;66;48;46;56;107;58;68;85;59;77;79;106;86;70;83;80;76;65;84;85;111;111;125;132;168;143;91;98;137;184;261;266;231;213
2708;Antioquia;Medellín;Hombre;DESERTORES;0;0;1;3;1;0;15;4;3;1;15;18;23;16;36;8;22;28;32;34;45;34;31;51;66;35;38;46;41;43;31;98;45;53;70;64;69;84;71;67;114;104;81;79;76;63;13;30;17;29;37;24;18;17
2709;"Bogotá, d. c.";"Bogotá, D.C.";Mujer;DESERTORES;0;0;1178;253;449;406;360;190;404;303;430;232;328;204;301;218;317;202;121;78;544;930;1524;2689;1218;2889;1194;1153;1151;1271;1336;1239;1445;2541;1171;2572;218;134;120;100;73;74;93;125;175;270;236;182;207;229;213;276;347;326
2709;"Bogotá, d. c.";"Bogotá, D.C.";Sin informaci¿n;DESERTORES;;;;;;;;;;;;;;;;0;;;0;;;;;;;;;;;;;;;;;;;;;;;;;;;;;;;;;;;
2709;"Bogotá, d. c.";"Bogotá, D.C.";Hombre;DESERTORES;0;0;470;242;304;291;271;153;308;263;341;208;275;147;234;157;210;168;90;67;309;537;783;1261;773;1351;766;731;760;798;899;868;1052;1614;768;1442;147;93;94;67;65;68;72;90;90;126;89;81;65;59;51;64;60;56
2710;"Bogotá, d. c.";"Bogotá, D.C.";Mujer;DESERTORES;0;0;14;24;29;28;58;77;78;77;95;81;117;104;91;79;119;128;116;122;75;129;116;133;142;124;122;151;133;154;177;152;158;157;194;123;137;119;88;123;120;112;125;136;136;113;122;105;118;124;83;117;101;127
2710;"Bogotá, d. c.";"Bogotá, D.C.";Hombre;DESERTORES;0;0;1;0;0;0;3;5;4;6;6;7;13;15;19;14;16;30;22;17;12;40;35;21;27;22;23;26;44;49;73;73;89;67;87;61;68;69;66;89;82;105;82;91;51;62;66;38;31;44;28;19;23;23
2711;Risaralda;Pereira;Mujer;DESERTORES;0;0;39;39;52;66;65;59;83;73;127;73;73;90;88;152;90;96;91;92;117;108;121;105;123;86;150;113;92;81;124;98;99;185;100;120;72;171;106;195;104;111;106;118;142;203;156;87;167;167;172;158;163;149
2711;Risaralda;Pereira;Hombre;DESERTORES;0;0;21;26;35;24;33;43;68;50;80;63;59;75;73;125;71;87;102;83;116;102;103;100;100;91;119;101;103;77;93;87;100;134;101;123;118;104;125;128;105;103;84;74;84;84;55;34;33;41;34;24;20;20
2712;"Bogotá, d. c.";"Bogotá, D.C.";Mujer;DESERTORES;0;0;39;58;92;70;89;86;89;95;93;85;104;107;126;123;102;85;84;103;86;68;86;103;105;119;127;112;126;125;141;148;154;149;156;171;154;131;128;92;115;88;113;140;131;171;144;133;132;142;138;169;178;193
2712;"Bogotá, d. c.";"Bogotá, D.C.";Hombre;DESERTORES;0;0;9;18;28;35;29;31;26;49;35;46;49;44;49;58;74;62;49;52;53;50;55;57;61;75;64;82;80;87;91;83;99;115;93;127;132;128;134;187;130;138;85;97;91;98;65;73;63;40;41;44;17;37
2713;"Bogotá, d. c.";"Bogotá, D.C.";Mujer;DESERTORES;0;0;442;2;307;13;157;133;17;555;67;81;117;190;205;321;117;158;204;731;360;738;405;784;485;561;629;666;671;711;644;803;676;1259;747;667;719;649;681;665;587;492;434;371;350;436;523;281;391;407;506;460;495;531
2713;"Bogotá, d. c.";"Bogotá, D.C.";Sin informaci¿n;DESERTORES;0;;0;;;;;;;;;;;;;0;1;0;0;1;0;1;;;0;;;;;;;;;;;;0;0;0;;;;;;;;;;;;;;;
2713;"Bogotá, d. c.";"Bogotá, D.C.";Hombre;DESERTORES;0;0;413;0;146;7;77;141;16;350;38;70;121;183;148;135;82;93;121;496;311;517;424;765;450;510;574;580;681;663;662;767;733;661;676;601;684;594;629;643;520;435;398;360;295;314;310;191;178;195;170;162;136;123
2715;Cauca;Popayán;Mujer;DESERTORES;;;;0;0;10;11;24;19;17;27;26;22;26;36;38;33;24;16;23;35;37;21;42;43;82;64;71;98;269;108;141;156;317;196;200;217;235;271;449;282;312;355;311;407;289;502;326;327;348;399;395;393;398
2715;Cauca;Popayán;Sin informaci¿n;DESERTORES;;;;;;;;;;;;;;;;;;;;;;;;;;;0;0;0;0;0;0;0;0;0;;;;;;;;;;;;;;;;;;;
2715;Cauca;Popayán;Hombre;DESERTORES;;;;0;0;16;20;25;20;22;34;36;39;38;56;47;60;35;37;28;35;42;23;77;43;87;72;72;128;203;123;137;193;258;192;227;224;235;249;420;269;259;282;245;246;173;237;227;188;180;191;153;138;129
2719;Antioquia;Medellín;Mujer;DESERTORES;0;0;148;217;289;352;330;398;413;403;451;439;474;392;405;359;340;310;364;335;393;443;451;451;419;422;476;509;477;438;527;469;502;474;471;506;465;487;578;584;480;542;720;636;649;655;765;631;652;711;742;743;710;623
2719;Antioquia;Medellín;Hombre;DESERTORES;0;0;10;37;52;56;80;77;95;114;107;137;141;159;160;165;162;168;152;193;187;224;226;278;264;273;284;323;278;306;303;308;332;331;363;332;376;401;444;442;470;409;397;405;380;378;354;324;293;291;271;276;208;179
2720;Boyacá;Tunja;Mujer;DESERTORES;0;0;18;54;71;23;31;129;1;0;21;28;5;9;30;16;24;18;24;18;59;88;33;46;57;49;53;61;48;37;43;54;28;148;57;62;163;142;211;165;159;193;151;135;148;208;255;148;133;125;153;152;157;143
2720;Boyacá;Tunja;Sin informaci¿n;DESERTORES;;;;;;;;;0;0;;;1;1;;0;;;;;;;;;;;;;;;;;;;;;;;;;;;;;;;;;;;;;;
2720;Boyacá;Tunja;Hombre;DESERTORES;0;0;17;20;29;9;15;;100;1;54;52;12;18;49;27;36;37;40;39;75;109;57;45;81;90;59;43;67;49;85;66;30;162;55;60;167;125;200;143;158;187;116;95;84;96;112;80;63;77;63;46;55;22
2721;Antioquia;Medellín;Mujer;DESERTORES;0;0;30;184;23;2;19;8;11;17;19;18;23;24;27;20;39;22;33;38;41;139;185;160;195;177;320;191;123;290;125;157;179;140;267;170;161;151;170;68;93;107;172;132;150;151;146;123;161;184;232;234;280;213
2721;Antioquia;Medellín;Hombre;DESERTORES;0;0;7;5;5;0;3;2;4;10;9;2;10;7;15;7;14;11;22;20;2;53;66;49;73;60;128;75;45;85;62;50;75;50;95;78;89;146;125;111;103;118;105;82;107;78;96;70;97;85;89;73;62;60
2722;Cauca;Puerto Tejada;Mujer;DESERTORES;;;;;;;;;;;;;;;;;;;0;0;4;0;;0;22;16;;;;;;;;;;;;;;;;;;;;;;;;;;;;
2722;Cauca;Puerto Tejada;Hombre;DESERTORES;;;;;;;;;;;;;;;;;;;0;0;2;0;;0;2;10;;;;;;;;;;;;;;;;;;;;;;;;;;;;
2723;"Bogotá, d. c.";"Bogotá, D.C.";Mujer;DESERTORES;0;0;4;21;23;27;33;32;29;35;35;40;8;23;99;51;47;35;35;43;71;47;91;154;214;25;51;82;45;54;34;165;137;132;159;139;120;213;161;146;160;168;163;168;175;181;211;187;244;199;179;231;171;258
2723;"Bogotá, d. c.";"Bogotá, D.C.";Hombre;DESERTORES;0;0;15;32;47;28;29;43;47;47;46;78;14;39;127;73;65;57;40;55;68;45;131;136;235;66;49;103;64;81;21;146;155;174;199;195;153;229;224;192;216;236;192;190;154;176;205;144;157;136;132;115;92;99
2724;Santander;San Gil;Mujer;DESERTORES;0;0;78;42;71;62;68;91;94;65;56;69;89;81;118;98;180;69;94;112;117;171;169;150;217;194;200;188;254;246;263;260;318;244;267;283;222;216;246;231;185;193;239;193;237;227;232;159;154;146;192;210;197;168
2724;Santander;San Gil;Hombre;DESERTORES;0;0;9;19;20;36;21;35;46;41;25;40;50;47;58;57;129;47;73;67;80;146;134;98;189;143;172;128;193;184;218;229;211;241;236;214;233;181;250;199;206;182;168;154;144;137;149;112;92;88;91;67;86;54
2725;"Bogotá, d. c.";"Bogotá, D.C.";Mujer;DESERTORES;0;0;759;511;648;523;371;314;339;322;294;326;327;333;325;317;309;330;341;1202;375;394;743;963;941;966;1180;1955;1268;1444;1683;2143;2483;2303;3673;3485;3039;3196;4201;3351;3478;3961;4058;4119;4810;4484;4746;3838;3869;3502;3906;4324;4239;4524
2725;"Bogotá, d. c.";"Bogotá, D.C.";Sin informaci¿n;DESERTORES;0;0;;0;;;0;1;0;0;;;;;;;;;;;;;;;;0;;;;1;1;0;;;;;;;;;;;;;;;;;;;;;;
2725;"Bogotá, d. c.";"Bogotá, D.C.";Hombre;DESERTORES;0;0;429;313;405;356;463;491;396;390;364;411;435;370;411;344;341;329;396;1292;387;411;719;769;831;822;995;1204;1055;1100;1236;1510;1777;1720;2393;2580;2152;2233;3037;2651;2850;3053;2993;2964;3437;3194;3210;2676;2463;2154;2144;2472;2274;2525
2727;Antioquia;Sabaneta;Mujer;DESERTORES;0;0;17;47;24;68;25;80;76;94;67;59;116;110;97;140;393;117;139;64;52;52;65;61;93;86;113;133;206;165;296;210;225;277;341;368;444;476;707;494;357;325;315;506;498;688;572;456;417;493;448;585;459;630
2727;Antioquia;Sabaneta;Hombre;DESERTORES;0;0;17;28;14;54;18;63;59;63;42;68;71;67;73;103;132;69;62;51;21;30;34;51;60;62;70;84;158;122;144;165;144;172;234;247;290;308;431;337;268;227;200;328;295;405;288;262;224;222;205;274;183;232
2728;"Bogotá, d. c.";"Bogotá, D.C.";Mujer;DESERTORES;0;0;60;122;123;168;219;222;208;180;314;202;225;252;254;150;246;204;231;289;240;220;341;356;368;401;384;348;450;488;468;457;620;830;684;771;742;938;1191;1928;1234;1451;1724;1699;2111;2534;2971;2459;3891;3319;3550;4172;3639;2089
2728;"Bogotá, d. c.";"Bogotá, D.C.";Sin informaci¿n;DESERTORES;;;;;;;;;;;;;;;0;0;0;0;0;;;;;;;;;;;;;;;;;;;;;;;;;;;;;;;;;;;
2728;"Bogotá, d. c.";"Bogotá, D.C.";Hombre;DESERTORES;0;0;13;33;22;27;57;50;46;48;105;85;99;65;79;66;87;101;132;217;116;106;198;187;228;192;347;215;370;341;339;287;460;552;418;523;446;699;913;1261;809;1045;1275;1161;1363;1660;1866;1675;2421;1809;1693;1820;1464;840
2730;"Bogotá, d. c.";"Bogotá, D.C.";Mujer;DESERTORES;0;0;28;22;27;36;25;37;38;59;34;32;41;48;31;30;11;17;12;16;13;22;39;36;25;19;19;16;34;19;28;29;36;28;29;17;32;21;27;28;20;25;25;22;23;22;34;16;22;19;38;37;35;41
2730;"Bogotá, d. c.";"Bogotá, D.C.";Hombre;DESERTORES;0;0;0;1;0;2;0;5;3;4;1;3;1;0;2;1;0;3;2;2;0;3;1;1;2;1;3;0;5;6;7;3;5;5;6;7;19;10;12;16;15;16;25;7;8;14;9;6;9;8;7;6;10;7
2731;Valle del Cauca;Cali;Mujer;DESERTORES;0;0;5;7;2;4;2;11;23;7;17;11;12;12;16;29;28;46;105;104;226;156;165;196;202;163;161;26;78;82;104;97;93;113;156;131;89;137;195;228;180;228;259;266;362;555;584;535;260;345;287;368;303;223
2731;Valle del Cauca;Cali;Hombre;DESERTORES;0;0;3;4;4;7;9;8;28;11;12;24;15;10;33;35;34;48;81;83;180;150;145;198;195;165;140;45;104;141;95;90;83;69;136;106;98;136;149;212;167;184;213;199;240;353;293;212;147;190;133;128;107;87
2732;Antioquia;Santa Rosa de Osos;Mujer;DESERTORES;;;;;0;0;;0;0;0;0;0;152;93;67;59;49;37;50;66;24;16;44;50;244;97;149;140;71;160;156;136;160;209;359;255;206;168;147;216;208;161;280;234;213;189;177;188;304;359;427;418;347;313
2732;Antioquia;Santa Rosa de Osos;Sin informaci¿n;DESERTORES;;;;;;;;;;;;;;;;;;;;;;;;;;;0;0;0;0;0;0;0;0;0;0;;;;;;;;;;;;;;;;;;
2732;Antioquia;Santa Rosa de Osos;Hombre;DESERTORES;;;;;;;;;;;0;0;88;81;66;69;82;50;85;75;13;33;33;79;200;113;110;131;89;193;172;173;184;209;291;245;240;164;165;217;175;163;194;167;180;121;121;151;180;178;209;175;160;142
2733;"Bogotá, d. c.";"Bogotá, D.C.";Mujer;DESERTORES;;;;;;;;0;0;1;2;1;4;3;3;3;4;2;2;5;0;9;11;10;10;15;13;11;19;8;8;16;28;26;6;8;7;8;37;8;23;30;33;30;12;14;15;32;10;17;14;21;28;24
2733;"Bogotá, d. c.";"Bogotá, D.C.";Hombre;DESERTORES;;;;;;;0;0;9;6;15;7;9;12;6;22;11;19;15;20;1;43;31;41;28;36;52;36;19;60;24;37;28;40;9;22;5;11;10;18;20;27;12;21;5;17;14;12;13;14;10;7;12;9
2736;Antioquia;Medellín;Mujer;DESERTORES;;;;;;;;;0;0;1;0;0;0;3;0;3;0;2;2;0;4;2;4;0;3;2;2;0;1;0;2;3;0;6;6;5;3;7;7;8;5;8;10;9;12;5;9;6;20;10;14;8;11
2736;Antioquia;Medellín;Hombre;DESERTORES;;;;;;;;;0;0;2;0;2;0;1;1;1;2;5;2;5;8;6;3;6;7;7;1;1;3;3;2;6;3;8;12;5;12;16;9;9;8;8;10;9;9;2;6;5;5;10;13;7;6
2737;Risaralda;Pereira;Mujer;DESERTORES;0;0;61;2;2;6;8;3;8;6;6;7;16;20;50;46;55;66;69;130;76;79;119;103;137;207;174;150;163;168;225;170;156;152;154;165;111;142;184;268;190;221;237;215;241;243;257;271;422;283;332;346;350;134
2737;Risaralda;Pereira;Sin informaci¿n;DESERTORES;;;;;;;;;;;;;;;;;;;;;;;;;;;0;0;;;;;;;;;0;1;0;0;0;0;0;0;0;0;;;;;;;;
2737;Risaralda;Pereira;Hombre;DESERTORES;0;0;0;0;2;0;0;1;2;7;2;3;10;7;17;22;10;28;26;54;49;43;57;54;91;99;103;84;92;118;154;96;110;132;139;139;130;133;174;203;147;191;227;148;158;160;129;132;174;86;94;75;78;53
2738;"Bogotá, d. c.";"Bogotá, D.C.";Mujer;DESERTORES;;;;;;;0;0;0;0;0;3;3;8;19;15;14;17;37;20;26;29;38;30;45;40;51;33;56;42;46;44;48;55;78;86;70;71;61;87;70;64;68;66;79;78;81;68;69;79;94;83;59;51
2738;"Bogotá, d. c.";"Bogotá, D.C.";Hombre;DESERTORES;;;;;;;0;0;0;0;1;10;3;7;27;13;12;32;28;37;18;33;40;21;50;40;40;45;51;45;50;51;44;61;64;72;74;72;76;86;47;57;62;46;79;49;67;26;28;25;18;22;9;9
2739;Antioquia;Apartadó;Mujer;DESERTORES;;;;;;;;;;;0;0;1;16;9;4;6;4;0;0;5;3;1;10;13;8;7;4;4;0;0;4;2;2;2;5;0;10;5;10;16;15;31;29;42;39;45;32;44;41;106;0;27;131
2739;Antioquia;Apartadó;Hombre;DESERTORES;;;;;;;;;;;0;0;8;6;1;0;3;0;0;0;4;0;1;5;5;4;2;5;2;0;0;1;3;2;1;2;1;9;9;6;23;19;20;25;21;23;8;15;9;12;13;0;;5
2740;"Bogotá, d. c.";"Bogotá, D.C.";Mujer;DESERTORES;;;;;;;;;;;;;0;0;5;1;11;4;4;0;5;13;9;1;10;12;5;3;11;7;8;5;12;7;4;5;7;5;10;10;4;8;8;7;14;13;12;6;12;16;8;10;9;7
2740;"Bogotá, d. c.";"Bogotá, D.C.";Hombre;DESERTORES;;;;;;;;;;;;;0;0;3;2;2;6;2;1;4;8;0;3;10;3;4;2;1;5;3;5;5;3;1;5;3;1;5;7;8;6;4;1;5;9;3;6;10;6;9;2;0;2
2741;Tolima;Espinal;Mujer;DESERTORES;;;;;;;;;;0;0;9;0;5;72;13;28;23;18;12;16;5;23;193;46;8;18;32;28;36;25;16;17;17;16;20;23;13;17;16;23;16;14;19;20;32;47;13;42;35;39;30;72;31
2741;Tolima;Espinal;Sin informaci¿n;DESERTORES;;;;;;;;;;0;0;0;0;;;;;;;;;;;;;;;;;;;;;;;;;0;1;0;0;0;0;0;0;0;0;;;0;;;;
2741;Tolima;Espinal;Hombre;DESERTORES;;;;;;;;;;0;0;1;0;0;10;9;22;13;16;6;5;2;11;71;13;11;14;20;23;12;14;13;5;8;15;9;26;14;13;17;19;13;9;9;16;7;17;8;12;11;21;6;12;6
2743;Casanare;Yopal;Mujer;DESERTORES;;;;;;;;;;;0;0;3;7;20;14;11;4;14;16;32;30;144;97;80;67;74;65;74;70;73;92;79;97;141;150;156;111;225;92;103;139;100;110;122;101;239;159;147;80;89;142;186;165
2743;Casanare;Yopal;Hombre;DESERTORES;;;;;;;;;;;0;0;2;7;13;13;6;6;4;5;34;32;139;100;88;64;85;53;91;74;86;104;101;88;134;158;153;96;237;129;123;85;85;81;73;61;95;64;60;36;40;58;45;19
2744;Nariño;Pasto;Mujer;DESERTORES;;;;;;;0;0;32;27;18;64;54;125;108;113;96;105;103;76;74;251;129;154;120;140;145;147;174;206;172;239;205;253;196;182;221;217;199;251;211;273;361;241;246;300;424;275;290;305;250;262;311;314
2744;Nariño;Pasto;Sin informaci¿n;DESERTORES;;;;;;;;;;;;;;;;;;;;;;;;;;;0;0;6;2;0;0;1;1;0;2;0;3;7;2;0;1;;;;2;;;;;;;;
2744;Nariño;Pasto;Hombre;DESERTORES;;;;;;;0;0;29;50;22;91;93;126;131;119;125;108;136;77;51;258;134;144;151;152;147;158;190;207;198;219;233;259;204;185;183;218;273;273;241;290;371;230;174;234;251;200;171;182;153;105;97;80
2745;"Bogotá, d. c.";"Bogotá, D.C.";Mujer;DESERTORES;;;;;;;;;;;;;;;;;;;0;0;223;283;340;451;367;377;396;468;537;393;591;531;564;750;807;851;858;786;786;821;794;791;854;725;664;793;835;745;775;881;908;1110;1084;1086
2745;"Bogotá, d. c.";"Bogotá, D.C.";Hombre;DESERTORES;;;;;;;;;;;;;;;;;;;0;0;185;223;382;397;439;441;501;568;589;495;645;570;647;761;927;897;867;823;851;913;798;833;758;693;558;624;619;555;513;466;541;541;442;427
2746;"Bogotá, d. c.";"Bogotá, D.C.";Mujer;DESERTORES;;;;;;;;;;;;;;;;0;0;4;20;10;25;39;19;33;18;44;41;73;33;60;58;29;32;34;29;26;27;39;26;42;20;26;33;36;57;55;55;46;53;58;62;42;53;43
2746;"Bogotá, d. c.";"Bogotá, D.C.";Hombre;DESERTORES;;;;;;;;;;;;;;;;0;0;2;8;7;7;12;8;17;7;11;22;19;18;18;20;12;9;17;8;15;23;30;19;14;31;50;30;23;12;11;15;11;6;11;12;4;7;3
2747;Antioquia;Medellín;Mujer;DESERTORES;0;;0;0;105;83;96;553;85;59;80;48;73;69;78;90;129;110;78;106;138;139;174;121;137;172;182;172;187;242;263;275;210;246;214;171;13;298;185;154;172;182;222;169;248;217;284;147;196;137;164;157;152;143
2747;Antioquia;Medellín;Hombre;DESERTORES;;;0;0;65;54;93;255;53;50;38;40;61;63;63;54;98;89;65;75;116;107;136;110;104;108;155;133;147;205;199;201;199;209;173;119;11;281;168;148;160;133;151;126;135;120;132;82;77;51;41;38;37;25
2748;Valle del Cauca;Cali;Mujer;DESERTORES;;;;;;;;;;;;0;0;0;0;0;1;9;9;3;4;5;15;10;8;16;3;13;18;27;16;28;20;17;17;26;20;19;32;34;63;0;20;32;26;33;33;16;19;14;28;35;19;29
2748;Valle del Cauca;Cali;Hombre;DESERTORES;;;;;;;;;;;;0;0;0;0;0;7;11;7;4;12;7;16;16;11;58;14;31;42;42;24;32;48;30;34;29;32;27;28;45;57;4;28;21;34;38;34;23;27;17;16;29;9;31
2749;Antioquia;Medellín;Mujer;DESERTORES;0;0;47;14;28;21;27;20;28;20;16;13;22;37;27;37;45;22;42;47;60;57;83;80;106;134;110;159;170;207;207;174;206;224;284;251;244;293;269;329;289;235;283;285;253;279;323;172;241;223;274;242;216;193
2749;Antioquia;Medellín;Hombre;DESERTORES;0;0;11;3;36;22;38;30;34;28;28;21;43;46;43;43;57;55;80;75;106;76;96;77;122;122;172;166;213;196;231;207;216;220;242;240;268;268;264;263;287;232;218;243;189;240;189;132;132;167;130;131;105;75
2805;Atlántico;Barranquilla;Mujer;DESERTORES;0;0;1367;784;3947;936;934;955;1273;1113;1295;1058;980;854;1797;638;722;510;583;522;910;748;739;692;911;748;1001;718;1632;1083;626;1299;711;645;737;597;594;719;751;680;629;502;587;536;574;661;778;354;511;463;611;696;741;712
2805;Atlántico;Barranquilla;Hombre;DESERTORES;0;0;124;146;983;163;250;316;457;410;484;490;509;415;935;354;405;341;346;337;716;411;475;401;563;496;643;446;1102;714;345;814;500;498;521;476;518;524;567;494;553;459;379;384;349;296;323;184;197;177;199;148;155;116
2810;Atlántico;Barranquilla;Mujer;DESERTORES;0;0;22;4;6;1;154;167;227;186;222;224;251;225;255;219;205;167;304;621;245;243;300;418;325;323;362;368;358;419;474;463;489;511;548;521;569;585;503;597;554;608;560;529;627;611;848;460;580;521;541;597;1558;733
2810;Atlántico;Barranquilla;Sin informaci¿n;DESERTORES;;;;;;0;;;;;;;;;;;;;;;;;;;;;;;;;;;;;;;;;;;;;;;;;;;;;;;;
2810;Atlántico;Barranquilla;Hombre;DESERTORES;0;0;6;1;4;3;216;238;335;327;368;322;383;338;334;300;295;211;288;441;301;295;397;470;417;362;414;372;480;484;523;530;620;600;557;511;642;563;521;628;596;573;508;505;414;447;483;306;271;320;256;223;305;238
2811;"Bogotá, d. c.";"Bogotá, D.C.";Mujer;DESERTORES;0;0;26;34;45;57;114;90;89;50;75;74;97;94;104;85;152;110;143;120;141;142;160;144;149;172;118;121;158;176;114;69;125;95;279;310;306;203;170;154;231;162;257;193;202;203;183;131;161;204;254;216;194;175
2811;"Bogotá, d. c.";"Bogotá, D.C.";Hombre;DESERTORES;0;0;94;99;190;195;303;243;258;156;216;238;266;277;293;264;292;196;262;229;271;365;319;278;336;341;282;251;372;353;273;224;339;231;290;248;159;131;226;229;185;120;97;93;82;64;21;37;31;29;29;20;22;14
2812;"Bogotá, d. c.";"Bogotá, D.C.";Mujer;DESERTORES;0;0;945;66;105;111;180;180;206;45;388;128;133;164;116;774;146;154;180;217;243;272;340;328;365;315;350;330;458;440;440;358;278;316;326;294;342;339;374;341;319;296;358;388;415;465;428;418;464;419;775;1034;731;717
2812;"Bogotá, d. c.";"Bogotá, D.C.";Hombre;DESERTORES;0;0;98;65;69;103;137;125;173;14;208;121;120;94;91;307;124;123;140;157;186;190;235;219;265;226;229;225;286;243;357;263;203;268;221;255;242;289;335;266;276;262;274;279;294;322;222;259;232;173;289;369;238;223
2813;Antioquia;Envigado;Mujer;DESERTORES;0;0;0;19;15;12;17;9;14;6;36;4;16;10;23;12;28;34;38;26;36;44;42;38;49;25;43;24;49;34;43;35;38;31;44;37;52;63;93;57;78;46;78;86;101;62;69;79;116;130;147;111;78;78
2813;Antioquia;Envigado;Hombre;DESERTORES;0;0;1;22;11;10;23;20;19;5;17;8;18;11;23;23;33;27;56;40;49;49;75;36;74;41;57;43;44;37;51;69;67;43;52;47;55;38;74;58;66;43;26;22;20;6;9;6;10;10;3;2;3;4
2815;Antioquia;Medellín;Mujer;DESERTORES;0;0;36;13;29;40;50;200;44;40;92;47;74;33;44;55;72;54;44;38;60;48;60;40;66;92;54;51;63;53;51;58;67;83;68;54;51;71;102;93;59;56;64;74;88;70;80;88;70;83;86;81;103;104
2815;Antioquia;Medellín;Hombre;DESERTORES;0;0;72;5;22;27;40;151;27;48;67;48;67;40;34;82;54;37;51;47;71;61;64;66;72;104;56;55;62;57;82;88;77;107;46;57;75;83;100;68;45;62;57;61;55;57;30;43;22;35;30;30;17;20
2818;Risaralda;Santa Rosa de Cabal;Mujer;DESERTORES;;;;;;;;;0;0;227;16;60;34;27;23;71;44;41;55;75;51;64;107;73;232;149;135;74;109;84;74;79;146;80;114;76;112;237;71;46;31;43;46;81;75;82;71;104;77;91;99;73;76
2818;Risaralda;Santa Rosa de Cabal;Hombre;DESERTORES;;;;;;;;;0;0;221;21;57;37;64;34;83;45;48;65;75;73;102;118;104;248;205;217;132;164;154;145;148;186;145;175;80;98;255;76;57;38;28;42;50;38;36;28;40;31;30;20;16;23
2820;Antioquia;Caldas;Mujer;DESERTORES;0;0;9;17;36;41;6;22;19;32;34;57;30;43;37;25;29;23;56;62;46;45;47;34;43;47;83;43;45;51;86;72;79;65;79;53;74;18;151;65;91;57;95;108;105;80;87;75;102;117;166;144;153;125
2820;Antioquia;Caldas;Hombre;DESERTORES;0;0;13;20;27;50;11;39;48;50;68;72;63;102;66;76;55;76;92;115;80;74;80;62;74;70;118;77;52;49;92;82;66;72;83;37;56;28;154;54;94;50;65;50;68;34;29;41;35;26;34;41;22;23
2823;Sucre;Sincelejo;Mujer;DESERTORES;0;0;11;0;0;1;0;56;173;115;212;144;194;149;92;95;104;189;274;201;185;216;300;286;298;304;348;376;404;467;543;515;553;474;513;652;611;642;568;639;767;672;630;1147;894;1195;1017;685;721;584;596;705;670;623
2823;Sucre;Sincelejo;Hombre;DESERTORES;0;;;;;0;6;44;150;99;175;131;155;94;91;79;96;130;167;178;169;164;265;251;258;262;273;251;299;390;433;455;403;372;411;473;457;435;501;614;566;481;503;673;479;538;488;281;299;300;242;259;187;140
2824;"Bogotá, d. c.";"Bogotá, D.C.";Mujer;DESERTORES;;;;;;;;;;;;;;;;;;;0;0;46;124;143;126;222;173;18;279;65;76;74;73;197;68;137;209;46;146;121;3;40;38;31;35;16;19;30;21;12;11;;;;
2824;"Bogotá, d. c.";"Bogotá, D.C.";Hombre;DESERTORES;;;;;;;;;;;;;;;;;;;0;0;25;89;82;79;163;106;9;142;46;58;50;60;128;58;87;169;46;152;113;4;34;27;41;33;15;24;27;18;9;13;;;;
2825;Bolívar;Cartagena de Indias;Mujer;DESERTORES;0;0;151;119;106;142;147;141;246;83;101;218;316;457;359;380;341;318;305;326;304;400;356;327;316;278;278;350;229;369;249;320;335;485;278;338;246;230;226;234;255;303;247;230;226;235;403;123;165;188;162;214;196;178
2825;Bolívar;Cartagena de Indias;Hombre;DESERTORES;0;0;58;62;60;68;116;121;130;67;72;188;274;405;311;305;247;286;250;289;279;301;256;244;220;190;170;200;141;230;188;208;207;236;207;223;210;234;201;179;217;227;194;158;142;118;136;73;79;102;63;50;47;41
2827;Meta;Villavicencio;Mujer;DESERTORES;0;0;748;33;123;98;82;119;105;50;21;20;56;45;46;38;65;41;64;71;123;100;145;124;119;134;158;149;154;156;161;144;181;169;186;151;189;151;153;219;217;192;155;168;205;149;193;135;234;207;224;235;287;279
2827;Meta;Villavicencio;Hombre;DESERTORES;0;0;379;20;52;58;46;84;95;65;11;16;24;31;33;43;47;39;64;73;116;98;151;118;148;115;175;118;162;164;179;175;203;162;231;166;213;149;202;231;186;186;150;160;137;142;124;105;109;117;120;80;86;60
2828;Huila;Neiva;Mujer;DESERTORES;0;0;15;47;43;43;69;55;66;81;65;76;70;80;89;85;106;74;97;103;12;250;150;142;198;202;138;133;141;171;190;181;162;178;169;180;214;220;231;210;175;203;176;140;142;207;222;122;206;218;192;200;230;286
2828;Huila;Neiva;Hombre;DESERTORES;0;0;23;34;40;54;51;53;63;75;61;68;84;79;83;79;79;71;69;70;6;183;142;141;138;121;176;150;175;203;265;182;194;193;183;170;242;226;232;224;173;149;154;143;110;121;129;82;83;101;66;51;49;49
2829;"Bogotá, d. c.";"Bogotá, D.C.";Mujer;DESERTORES;0;0;8;29;28;30;33;33;68;81;95;232;244;231;288;374;558;469;615;480;347;228;774;873;1026;940;1073;1199;1996;2578;3448;3585;3902;4832;5597;5130;5992;5980;7374;5590;6002;5602;6376;4986;5369;5363;7034;4116;5611;5339;6104;5970;7749;6894
2829;"Bogotá, d. c.";"Bogotá, D.C.";Sin informaci¿n;DESERTORES;;;;;;;;;;;;;;;;;;;;;;;0;;0;1;1;1;0;0;0;0;0;0;1;0;0;0;1;0;0;0;;1;0;0;0;;0;;;;;
2829;"Bogotá, d. c.";"Bogotá, D.C.";Hombre;DESERTORES;0;0;10;35;22;31;32;38;90;77;83;268;136;163;213;296;421;412;496;432;300;238;829;835;1098;989;1201;1280;1812;2013;2636;2522;2712;3232;3642;3545;4153;4367;4700;4155;4408;4094;4229;3166;3205;3106;3453;2042;2561;2208;2321;2222;2524;2272
2830;"Bogotá, d. c.";"Bogotá, D.C.";Mujer;DESERTORES;0;0;19;371;61;73;90;110;205;120;126;166;162;143;130;124;116;144;150;153;144;157;152;188;142;169;162;212;189;166;256;363;320;349;507;309;754;588;1396;1725;1570;1167;994;811;1130;1416;1097;1139;1376;1458;2199;1882;2822;1857
2830;"Bogotá, d. c.";"Bogotá, D.C.";Hombre;DESERTORES;0;0;206;947;13;29;17;23;18;27;30;35;31;29;26;35;23;38;57;44;59;41;42;72;49;51;52;64;56;76;72;97;62;88;165;109;300;271;497;552;657;417;343;329;455;621;468;559;501;515;787;616;891;595
2831;"Bogotá, d. c.";"Bogotá, D.C.";Mujer;DESERTORES;0;0;43;40;49;40;35;55;59;34;16;55;33;65;40;31;40;54;40;34;74;204;333;40;54;56;360;270;258;383;317;314;417;444;380;449;290;243;260;311;317;273;256;252;273;268;311;206;229;243;315;322;270;280
2831;"Bogotá, d. c.";"Bogotá, D.C.";Sin informaci¿n;DESERTORES;0;0;0;0;0;;;;;;;;;;;;;;;;;;;;;;;;;;;;;;;;;;;;;;;;;;;;;;;;;
2831;"Bogotá, d. c.";"Bogotá, D.C.";Hombre;DESERTORES;0;0;25;23;31;31;36;49;59;33;20;69;27;58;30;18;40;23;29;33;61;102;145;25;45;45;209;165;168;233;209;219;233;190;203;223;180;153;182;181;176;155;168;161;152;181;172;137;126;142;143;121;124;98
2832;Santander;Bucaramanga;Mujer;DESERTORES;0;0;6;1;0;1;0;130;192;174;270;204;293;266;348;277;219;169;225;282;242;283;315;391;488;439;450;529;560;576;610;419;745;491;452;468;394;477;612;654;513;363;362;450;407;396;552;385;401;506;450;487;486;582
2832;Santander;Bucaramanga;Hombre;DESERTORES;0;0;1;0;;0;1;67;104;86;145;105;189;183;232;234;191;150;160;177;145;150;233;279;411;351;407;378;406;448;480;347;544;353;430;472;390;495;586;572;534;351;318;343;291;232;270;166;148;191;141;129;80;112
2833;Antioquia;Medellín;Mujer;DESERTORES;;;;;;;0;0;64;124;148;161;187;217;189;218;158;155;194;403;368;276;282;257;209;219;689;539;2949;1599;2239;2471;2471;2603;2545;2663;2357;1588;2361;1658;1359;2020;1327;1289;1335;1442;1458;990;1358;1275;1483;1421;1386;1306
2833;Antioquia;Medellín;Sin informaci¿n;DESERTORES;;;;;;;;;;;;;;;;;;;;;;;;;;;;;;0;;;;0;1;;;;;;;;;;;;;;;;;;;
2833;Antioquia;Medellín;Hombre;DESERTORES;;;;;;;0;0;44;80;110;141;177;151;175;185;160;135;170;285;223;157;139;147;155;136;281;202;1323;687;1202;1302;1451;1430;1571;1735;1745;1081;1732;1885;1244;1606;984;837;861;964;809;579;772;652;656;591;541;437
2834;"Bogotá, d. c.";"Bogotá, D.C.";Mujer;DESERTORES;;;;0;0;70;2;0;0;1;5;3;8;2;45;8;74;12;27;38;60;61;119;111;71;95;81;140;145;198;243;248;265;368;338;402;464;462;447;535;425;464;566;488;458;461;544;358;436;444;529;506;602;462
2834;"Bogotá, d. c.";"Bogotá, D.C.";Hombre;DESERTORES;;;;0;0;3;0;0;0;1;0;1;1;2;13;1;22;12;20;15;32;41;67;64;81;44;83;125;145;226;306;286;394;399;380;413;430;412;435;478;349;427;336;380;396;339;280;245;263;222;184;177;153;93
2836;Atlántico;Barranquilla;Mujer;DESERTORES;;;;;;;0;0;1;0;133;8;46;19;26;30;73;28;36;38;93;75;87;74;64;68;69;39;31;42;69;59;64;58;75;81;84;94;93;101;83;78;74;76;46;43;60;20;52;42;70;18;21;35
2836;Atlántico;Barranquilla;Hombre;DESERTORES;;;;;;;0;0;0;0;131;17;63;15;27;21;78;39;42;53;97;80;80;80;60;73;57;45;29;43;74;51;68;71;70;82;70;73;69;75;79;62;59;50;49;48;39;13;20;29;19;5;7;9
2837;"Bogotá, d. c.";"Bogotá, D.C.";Mujer;DESERTORES;;;;;;;0;0;12;17;22;20;44;57;59;50;73;118;97;114;167;190;208;236;259;195;967;210;253;304;265;237;241;267;305;275;316;271;348;318;344;333;380;391;400;420;426;381;306;320;323;368;353;321
2837;"Bogotá, d. c.";"Bogotá, D.C.";Hombre;DESERTORES;;;;;;;0;0;24;26;39;28;60;71;61;56;78;88;85;112;159;163;158;176;196;193;602;218;232;207;285;210;260;264;271;253;288;283;326;310;317;374;289;320;275;314;250;275;198;211;254;213;182;152
2838;Antioquia;Medellín;Mujer;DESERTORES;;;;;;;0;0;94;23;31;45;37;1;7;28;4;6;31;43;56;50;47;62;44;49;60;32;56;62;47;47;39;35;46;36;38;34;28;28;32;28;28;22;30;31;57;31;44;25;51;29;44;44
2838;Antioquia;Medellín;Hombre;DESERTORES;;;;;;;0;0;25;4;8;17;8;3;3;16;1;4;10;18;17;18;25;26;22;17;29;13;38;25;33;24;22;33;29;35;35;36;33;22;37;29;19;23;14;13;11;6;8;5;6;4;2;3
2840;Quindío;Armenia;Mujer;DESERTORES;;;;;;;;0;0;0;4;9;5;2;9;17;9;5;11;6;23;12;5;11;4;6;5;12;30;34;27;37;30;50;25;38;34;35;34;48;44;45;49;45;42;46;40;37;53;61;55;100;73;82
2840;Quindío;Armenia;Hombre;DESERTORES;;;;;;;;0;0;1;6;5;3;5;12;7;5;4;9;3;4;5;7;6;7;10;6;20;17;10;12;19;26;23;33;35;18;32;30;47;36;52;37;29;14;23;9;13;12;14;12;14;9;15
2841;Antioquia;Bello;Mujer;DESERTORES;;;;;;;;;;;;;;0;0;9;34;7;21;14;18;12;25;28;46;49;64;60;60;82;72;76;104;138;161;143;123;185;154;151;111;137;119;121;132;141;162;105;153;155;129;191;161;191
2841;Antioquia;Bello;Hombre;DESERTORES;;;;;;;;;;;;;0;0;1;5;29;12;23;20;17;15;51;47;71;83;113;92;98;120;100;106;107;140;149;162;126;148;131;120;121;102;91;105;84;80;87;63;63;60;53;61;48;57
2842;Atlántico;Barranquilla;Mujer;DESERTORES;;;;;;;;;;;0;0;0;0;4;1;0;0;1;0;0;4;8;10;8;7;4;8;21;12;11;9;8;22;22;75;19;30;52;54;32;46;81;72;140;130;283;125;150;150;180;201;200;228
2842;Atlántico;Barranquilla;Hombre;DESERTORES;;;;;;;;;;;0;0;1;0;4;11;3;2;4;2;2;6;4;10;12;14;7;17;16;12;16;13;11;12;18;54;32;32;46;29;48;44;36;51;66;66;84;41;56;62;46;56;59;46
2847;Santander;Bucaramanga;Mujer;DESERTORES;0;0;0;51;84;58;52;190;77;73;76;71;111;100;91;63;88;187;118;130;89;136;259;120;216;235;205;319;266;384;340;374;480;367;453;573;483;527;467;553;692;535;491;470;541;514;803;376;413;537;530;553;662;555
2847;Santander;Bucaramanga;Sin informaci¿n;DESERTORES;;;;;;;;;0;;;;0;1;0;0;0;0;;;;;;;;;;;;;;;;;;;;;;;;;;;;;;;;;;;;
2847;Santander;Bucaramanga;Hombre;DESERTORES;0;0;1;80;106;84;116;221;111;134;147;120;142;131;157;108;141;254;166;167;138;148;307;140;217;286;189;276;304;374;396;388;426;343;407;474;422;384;432;506;204;260;235;238;199;227;257;140;137;164;144;143;136;113
2848;"Bogotá, d. c.";"Bogotá, D.C.";Mujer;DESERTORES;0;0;60;94;83;74;89;106;198;154;176;190;584;1170;1;1;8;6;4;10;56;103;170;411;142;181;199;201;217;207;211;253;256;234;242;255;224;235;230;222;185;280;220;220;219;228;292;169;230;241;237;231;;241
2848;"Bogotá, d. c.";"Bogotá, D.C.";Hombre;DESERTORES;0;0;48;86;97;98;122;113;180;144;176;208;553;1217;2;9;7;8;9;11;56;91;148;363;150;187;276;263;214;298;255;233;319;319;322;317;275;261;291;252;222;244;193;210;151;137;214;117;111;112;88;90;;75
2849;Cauca;Popayán;Mujer;DESERTORES;0;0;35;90;51;69;38;49;76;22;32;30;101;51;46;15;21;45;35;25;59;88;81;93;88;79;55;89;124;144;164;135;139;110;162;153;146;168;128;162;146;137;159;156;183;204;215;155;215;114;146;151;176;146
2849;Cauca;Popayán;Hombre;DESERTORES;0;0;30;66;48;57;41;23;38;12;19;11;47;33;32;16;7;41;31;28;51;85;78;96;106;72;79;88;96;129;156;140;115;99;160;131;130;177;131;156;154;149;124;113;132;123;154;108;94;94;96;62;49;35
2850;Sucre;Sincelejo;Mujer;DESERTORES;;;;;;;;;;;;;;;;0;0;1;0;0;1;7;9;8;4;12;16;23;9;30;16;14;63;60;99;119;199;228;342;189;205;223;202;221;244;407;469;211;402;281;361;412;433;548
2850;Sucre;Sincelejo;Hombre;DESERTORES;;;;;;;;;;;;;;;;0;0;3;5;4;8;6;6;5;15;13;17;10;35;26;28;10;27;18;84;87;160;140;168;156;177;186;165;168;166;234;247;146;229;162;163;114;128;132
2901;"Bogotá, d. c.";"Bogotá, D.C.";Mujer;DESERTORES;;;;;0;;0;0;0;;;;;;0;;0;;0;4;52;34;64;28;93;49;61;22;42;25;0;0;0;0;0;0;3;0;3;1;11;10;5;14;7;3;10;0;4;2;7;5;5;0
2901;"Bogotá, d. c.";"Bogotá, D.C.";Sin informaci¿n;DESERTORES;;;;;;;;;;;;;;;;;;;;;;;;;;;;;;;;0;;;;;;;;;;;;;;;;;;;;;;
2901;"Bogotá, d. c.";"Bogotá, D.C.";Hombre;DESERTORES;;;;;0;;0;;0;;;;0;;0;0;0;;0;2;77;24;52;88;69;175;107;47;60;96;0;0;0;0;0;0;8;3;7;5;15;13;8;13;21;13;20;7;13;11;5;7;13;2
2902;"Bogotá, d. c.";"Bogotá, D.C.";Mujer;DESERTORES;;;;;;;;;;;;;;;;;;;0;0;15;15;10;8;11;10;15;23;15;9;6;7;8;15;5;12;6;11;10;5;12;9;9;6;6;7;10;14;6;14;7;7;10;10
2902;"Bogotá, d. c.";"Bogotá, D.C.";Hombre;DESERTORES;;;;;;;;;;;;;;;;0;0;0;0;0;143;16;27;14;16;27;16;29;29;13;14;13;7;10;6;7;9;13;13;13;17;12;9;10;10;11;6;6;13;13;7;7;5;4
2903;Cundinamarca;Facatativá;Mujer;DESERTORES;;;;;;;;;;;;;;;0;0;0;0;1;0;1;2;5;11;24;0;0;1;10;7;3;5;4;7;15;11;15;3;6;3;11;5;3;1;6;5;;;;;;;;
2903;Cundinamarca;Facatativá;Hombre;DESERTORES;;;;;;;;;;;;;;;0;0;0;0;1;0;4;6;11;14;26;0;2;0;16;8;10;8;11;20;15;4;9;3;8;8;2;2;2;6;2;1;;;;;;;;
2905;"Bogotá, d. c.";"Bogotá, D.C.";Mujer;DESERTORES;;;;;;;;;;;;;;;;;;;0;0;0;4;4;1;22;0;3;5;3;6;0;0;0;0;3;1;7;9;10;3;8;15;4;4;13;10;10;5;3;15;78;2;11;2
2905;"Bogotá, d. c.";"Bogotá, D.C.";Hombre;DESERTORES;;;;;;;;;;;;;;;;;;;0;0;0;1;12;1;44;0;5;16;12;30;3;0;0;1;5;6;22;43;12;9;10;32;7;7;13;5;10;5;2;11;71;10;3;0
2906;"Bogotá, d. c.";"Bogotá, D.C.";Mujer;DESERTORES;;;;;;;;;;;;;;;;;;;;;0;;0;;12;;12;;13;;;;;;;;;;;;;;;;;;;;;;;;;
2906;"Bogotá, d. c.";"Bogotá, D.C.";Hombre;DESERTORES;;;;;;;;;;;;;;;;;;;;;0;;0;;39;;33;;38;;;;;;;;;;;;;;;;;;;;;;;;;
3102;Norte de Santander;Pamplona;Mujer;DESERTORES;0;0;160;43;35;197;46;53;6;60;136;1;47;238;55;84;22;;198;0;11;143;255;178;235;540;184;81;233;125;250;95;110;46;115;194;103;81;53;43;53;44;66;42;69;82;107;173;192;243;191;134;133;172
3102;Norte de Santander;Pamplona;Hombre;DESERTORES;0;0;4;4;4;18;3;9;0;4;21;0;9;58;16;50;7;;88;0;6;91;95;79;153;238;56;34;165;68;159;62;83;29;49;144;113;62;63;62;38;49;40;30;15;34;18;55;61;47;25;18;26;31
3103;Bolívar;Cartagena de Indias;Mujer;DESERTORES;0;0;50;66;85;71;77;252;130;166;46;77;124;118;107;90;68;69;60;65;86;82;74;76;80;106;73;100;117;133;139;165;82;126;141;129;152;145;128;113;151;99;108;198;106;107;151;136;139;264;353;225;256;289
3103;Bolívar;Cartagena de Indias;Hombre;DESERTORES;0;0;2;16;13;9;11;12;22;30;6;12;9;18;10;12;25;31;20;20;26;21;19;30;25;36;26;28;41;54;48;64;61;62;70;89;95;147;109;76;112;76;68;165;54;61;81;77;55;93;78;32;32;40
3104;Cauca;Popayán;Mujer;DESERTORES;0;0;13;19;20;47;36;16;33;0;74;31;53;19;36;40;92;72;34;46;63;49;48;48;36;60;44;55;80;74;73;116;51;67;81;90;83;101;104;100;99;85;94;90;88;109;78;92;83;136;142;117;111;134
3104;Cauca;Popayán;Hombre;DESERTORES;0;0;11;15;26;30;30;12;47;1;65;37;59;26;53;36;76;83;46;46;65;61;51;71;87;69;42;76;118;106;72;122;89;82;107;74;91;104;81;90;82;81;63;69;55;60;28;46;32;51;52;40;31;40
3107;Antioquia;Medellín;Mujer;DESERTORES;0;0;1;25;29;24;24;34;75;104;221;103;82;139;177;141;139;119;109;199;153;186;190;173;252;276;503;395;315;239;256;152;233;222;245;713;178;337;466;222;310;388;431;484;615;675;546;636;932;695;764;651;923;623
3107;Antioquia;Medellín;Hombre;DESERTORES;0;0;13;150;198;171;158;191;373;510;812;409;390;495;696;535;448;338;300;581;442;454;545;566;779;788;1061;875;931;978;877;585;804;905;690;1774;328;586;1069;406;516;470;407;433;346;423;298;327;390;319;324;256;335;154
3114;Atlántico;Barranquilla;Mujer;DESERTORES;;;;;;;0;0;0;0;0;0;0;0;0;97;0;1;0;129;0;0;20;3;68;0;5;2;6;14;5;3;3;1;9;4;6;271;12;82;253;138;9;40;19;36;52;5;213;119;3;27;65;23
3114;Atlántico;Barranquilla;Hombre;DESERTORES;;;;;;;0;0;0;0;0;0;0;0;0;176;0;12;0;301;9;0;101;9;124;0;99;9;87;104;98;68;46;3;16;79;5;131;12;94;135;49;1;2;8;6;14;0;12;19;0;1;;0
3115;Putumayo;Mocoa;Mujer;DESERTORES;;;;;;;;;;;;;;;0;0;28;21;25;26;35;102;65;85;161;91;124;481;80;56;45;41;88;121;64;66;87;536;79;44;64;80;82;89;174;151;159;251;245;270;319;358;365;333
3115;Putumayo;Mocoa;Hombre;DESERTORES;;;;;;;;;;;;;;;0;0;44;28;31;18;61;90;71;72;156;79;125;65;77;54;39;36;82;131;65;61;73;93;101;80;71;62;54;63;71;93;60;92;97;111;90;80;96;66
3116;Putumayo;Sibundoy;Mujer;DESERTORES;;;;;;;;;;;;;;;;;;;;;0;0;17;25;29;19;19;70;9;16;10;17;22;16;12;15;17;1;;;;;;;;;;;;;;;;
3116;Putumayo;Sibundoy;Hombre;DESERTORES;;;;;;;;;;;;;;;;;;;;;0;0;22;28;40;26;26;75;12;13;5;15;18;13;21;20;21;1;;;;;;;;;;;;;;;;
3117;Atlántico;Barranquilla;Mujer;DESERTORES;;;;;;0;0;25;36;26;31;21;45;45;50;58;230;27;242;97;223;81;240;145;343;134;284;193;767;198;300;161;282;287;309;309;371;241;664;258;565;217;646;303;878;369;787;255;615;329;611;324;628;390
3117;Atlántico;Barranquilla;Hombre;DESERTORES;;;;;;0;0;30;66;47;77;84;97;97;134;102;411;52;490;181;457;183;560;353;768;357;730;445;1422;572;1011;314;728;827;736;535;584;298;943;342;649;221;571;259;522;170;275;77;182;93;143;63;89;51
3201;Santander;Bucaramanga;Mujer;DESERTORES;0;0;3;8;8;24;147;196;262;259;360;515;528;515;657;610;779;779;823;771;1565;1306;1338;1348;1924;1191;1020;1353;2421;866;1312;1461;1918;1595;1318;1447;2159;1416;1965;1173;1404;1153;1348;1197;1548;1611;1334;978;1379;2270;2773;3558;2968;2417
3201;Santander;Bucaramanga;Sin informaci¿n;DESERTORES;0;0;0;0;1;2;5;5;3;1;6;4;8;9;2;1;4;1;2;0;2;1;0;;0;;;0;;;;1;;;;;;;;;;;;;;;;;;;;;;
3201;Santander;Bucaramanga;Hombre;DESERTORES;0;0;28;27;30;186;387;330;516;463;594;690;761;665;816;764;1340;958;1111;1104;1547;1326;1818;1777;2405;1575;1590;1895;3052;1151;2051;2683;2537;1965;1572;1455;2145;1509;2216;1556;1430;1261;1184;971;1033;977;773;542;573;738;858;807;681;430
3204;Antioquia;Medellín;Mujer;DESERTORES;0;0;51;98;145;158;220;128;252;202;179;178;224;225;351;350;302;360;316;326;782;407;348;340;442;669;510;616;413;1178;564;578;415;467;590;478;538;508;497;462;455;441;438;414;596;701;841;854;906;1428;947;921;896;633
3204;Antioquia;Medellín;Hombre;DESERTORES;0;0;44;96;136;161;208;151;286;215;189;149;191;202;246;273;288;278;305;224;486;270;231;251;286;452;340;423;298;798;437;443;332;390;407;367;472;465;375;403;446;366;299;262;254;382;310;261;256;436;280;240;193;130
3301;Valle del Cauca;Cali;Mujer;DESERTORES;0;0;14;35;12;10;22;15;20;23;14;17;38;53;21;56;61;149;161;161;213;391;411;634;306;285;343;226;337;200;250;215;220;259;324;419;371;442;454;456;494;360;486;486;446;479;443;312;422;693;550;634;586;715
3301;Valle del Cauca;Cali;Hombre;DESERTORES;0;0;22;85;25;43;67;40;58;75;68;55;133;146;88;91;135;169;198;264;357;436;444;492;491;464;547;468;536;465;547;452;416;427;486;468;469;426;549;464;556;447;453;379;355;410;285;151;238;274;225;162;151;155
3302;Antioquia;Medellín;Mujer;DESERTORES;0;0;17;56;81;83;232;257;245;298;293;300;258;231;279;270;392;332;463;1075;428;509;743;615;820;1169;1239;1242;858;1183;826;1302;1237;3862;842;1072;958;1279;1373;1363;1384;1429;1744;1779;1875;1775;1070;1647;2147;2050;2534;2445;2856;2686
3302;Antioquia;Medellín;Hombre;DESERTORES;0;0;41;86;160;155;299;339;355;475;390;460;402;390;432;461;666;611;763;1301;729;893;1106;844;907;1324;1692;1766;1463;1644;1424;2066;2022;4886;1365;1589;1403;1674;1871;1894;1786;1779;1813;1542;1546;1372;663;922;1053;975;1189;981;952;883
3303;Antioquia;Envigado;Mujer;DESERTORES;;;;;;;;;;;;;;;;;;;;;;;;0;0;27;14;14;7;10;20;28;22;21;24;21;31;20;36;29;30;16;25;35;38;35;99;39;64;101;72;111;144;119
3303;Antioquia;Envigado;Hombre;DESERTORES;;;;;;;;;;;;;;;;;;;;;;;;0;0;71;29;25;32;37;37;50;45;69;41;42;59;49;62;47;54;38;47;29;40;22;43;16;12;40;29;29;37;35
3702;"Bogotá, d. c.";"Bogotá, D.C.";Mujer;DESERTORES;0;0;6;10;9;1;14;6;9;7;11;9;13;26;27;19;23;20;15;27;52;15;15;22;38;23;50;41;55;52;45;59;40;55;37;41;41;50;31;51;25;25;34;31;22;28;28;17;26;24;34;31;21;27
3702;"Bogotá, d. c.";"Bogotá, D.C.";Hombre;DESERTORES;0;0;3;2;12;4;17;3;5;7;5;11;10;10;15;11;13;21;23;17;25;11;27;15;21;12;38;59;53;45;40;71;56;50;40;33;37;46;39;20;26;28;19;22;9;8;10;8;6;8;18;4;5;7
3703;Antioquia;Medellín;Mujer;DESERTORES;0;0;72;54;124;254;29;11;110;60;87;50;71;33;51;60;133;91;28;42;91;74;70;82;332;70;67;60;97;127;163;126;152;147;145;119;131;209;246;126;114;93;103;97;132;128;128;93;92;79;98;85;81;77
3703;Antioquia;Medellín;Hombre;DESERTORES;0;0;14;10;47;132;4;2;31;32;44;28;32;21;21;35;39;48;33;17;38;36;50;47;142;37;51;48;68;69;91;66;84;100;85;65;107;107;184;83;100;70;74;67;81;88;70;44;42;53;59;49;36;53
3705;Bolívar;Cartagena de Indias;Mujer;DESERTORES;0;0;20;28;53;39;62;49;56;66;71;54;49;52;54;47;57;50;60;43;119;134;183;200;199;287;265;379;386;287;435;505;675;741;801;728;853;837;846;810;797;770;723;634;692;786;1174;391;486;510;482;621;725;764
3705;Bolívar;Cartagena de Indias;Sin informaci¿n;DESERTORES;0;0;;;;;;;;;;;0;1;1;0;0;;0;1;0;;;;;;;;;;;;;;;;;;;;;;;;;;;;;;;;;
3705;Bolívar;Cartagena de Indias;Hombre;DESERTORES;0;0;46;96;139;98;140;135;165;169;178;153;119;154;132;124;139;116;163;113;212;240;275;280;346;418;446;659;664;607;770;922;1201;1183;1151;992;1019;916;1014;946;918;694;691;559;481;545;597;270;255;261;229;195;171;164
3706;Valle del Cauca;Cali;Mujer;DESERTORES;;;;;;;;;;;;0;0;62;101;133;123;161;325;311;182;263;148;319;248;279;244;286;245;230;241;213;222;65;167;179;144;174;193;232;161;185;275;239;241;245;347;151;193;182;171;142;129;110
3706;Valle del Cauca;Cali;Sin informaci¿n;DESERTORES;;;;;;;;;;;;;;;;0;0;0;;;;;0;1;0;0;0;;;;;;;;;;;;;;;;;;;;;;;;;;;
3706;Valle del Cauca;Cali;Hombre;DESERTORES;;;;;;;;;;;;0;0;108;222;241;222;266;509;365;270;333;243;404;367;336;318;351;394;332;331;339;279;69;178;208;184;166;257;275;293;255;243;214;214;209;226;75;71;76;64;51;43;32
3710;Bolívar;Cartagena de Indias;Mujer;DESERTORES;;;;;;0;0;23;86;67;98;92;116;115;98;64;98;113;140;82;116;122;264;188;253;315;283;331;265;352;354;540;394;493;699;620;354;404;1206;799;632;499;461;448;437;490;688;195;414;291;375;471;456;535
3710;Bolívar;Cartagena de Indias;Sin informaci¿n;DESERTORES;;;;;;;0;0;0;1;0;;;;;;;;;;;;;;;;;;;;;;;;;;;;;;;;;;;;;;;;;;;
3710;Bolívar;Cartagena de Indias;Hombre;DESERTORES;;;;;;0;0;31;149;76;184;138;210;201;182;113;136;160;193;155;191;164;394;263;318;453;390;375;348;356;487;521;480;540;594;625;289;381;1223;690;568;406;365;341;260;317;295;107;133;114;122;143;100;84
3712;"Bogotá, d. c.";"Bogotá, D.C.";Mujer;DESERTORES;;;;;;;;;;;;;;;;;;0;0;0;140;240;175;211;275;231;238;231;248;273;288;234;188;250;302;235;224;196;245;158;149;133;147;110;;;138;271;;;;;;
3712;"Bogotá, d. c.";"Bogotá, D.C.";Hombre;DESERTORES;;;;;;;;;;;;;;;;;;;0;0;204;246;278;337;385;319;289;306;345;381;450;313;342;405;396;348;275;324;374;242;238;171;138;114;;;146;244;;;;;;
3713;"Bogotá, d. c.";"Bogotá, D.C.";Mujer;DESERTORES;;;;;;;0;0;84;82;111;117;126;157;359;158;183;190;224;280;323;464;1004;221;435;396;345;323;485;667;502;567;710;497;472;523;337;463;901;134;140;240;126;120;130;173;224;122;176;217;236;286;233;266
3713;"Bogotá, d. c.";"Bogotá, D.C.";Hombre;DESERTORES;;;;;;;0;0;88;93;87;102;150;117;150;149;199;163;194;253;320;391;757;179;317;268;279;219;362;459;355;402;464;327;367;269;257;329;734;136;138;215;100;82;77;107;150;61;92;86;72;65;55;65
3715;Valle del Cauca;Cali;Mujer;DESERTORES;0;0;11;20;3;13;10;25;32;;;;;;;;;;50;26;69;112;61;80;38;44;50;74;102;65;86;78;69;116;96;74;144;143;126;132;68;79;115;81;98;76;152;165;148;122;77;226;1;
3715;Valle del Cauca;Cali;Hombre;DESERTORES;0;0;28;29;7;6;9;16;31;;;;;;;;;;55;14;55;43;36;32;17;24;13;18;26;19;23;19;17;55;89;74;114;122;99;125;175;106;81;84;80;70;68;75;70;38;;26;65;
3716;Santander;Bucaramanga;Mujer;DESERTORES;;;;0;0;14;53;63;69;38;26;16;34;42;43;83;64;74;86;83;288;76;133;118;83;167;211;199;260;169;186;122;119;196;259;211;166;276;160;55;112;35;39;57;93;96;62;49;56;104;46;124;144;92
3716;Santander;Bucaramanga;Sin informaci¿n;DESERTORES;;;;;;;;;;;;;;;;;;;;;;;;;0;0;;0;;;;;0;;;;;;;;;;;;;;;;;;;;;
3716;Santander;Bucaramanga;Hombre;DESERTORES;;;;0;0;14;31;47;53;36;26;19;32;32;45;58;31;58;69;58;169;50;98;82;51;93;160;144;164;105;125;109;112;145;234;173;170;198;107;138;86;86;87;35;43;36;35;20;19;35;15;40;40;19
3718;Norte de Santander;Cúcuta;Mujer;DESERTORES;;0;0;1;51;1;19;15;18;36;37;66;30;12;32;19;28;35;49;80;21;47;73;80;100;171;145;446;178;114;148;156;168;151;149;158;138;136;158;242;130;105;134;117;149;177;217;84;95;85;134;167;188;201
3718;Norte de Santander;Cúcuta;Hombre;DESERTORES;;0;0;1;33;1;14;11;5;24;40;27;15;14;14;9;22;25;26;32;16;20;45;49;46;96;75;183;112;78;83;107;132;105;125;111;114;118;153;204;105;81;98;73;82;79;95;28;42;36;35;38;37;34
3719;"Bogotá, d. c.";"Bogotá, D.C.";Mujer;DESERTORES;0;0;77;70;58;59;32;36;21;25;16;2;14;26;19;35;36;37;43;48;66;62;60;81;92;102;124;69;73;65;63;77;122;51;38;31;27;25;56;28;33;22;35;36;81;52;83;43;54;53;43;39;43;46
3719;"Bogotá, d. c.";"Bogotá, D.C.";Sin informaci¿n;DESERTORES;0;0;2;1;2;1;;;0;;1;0;0;1;1;;0;1;;;;;;;;;;;;;;;;;;;;;;;;;;;;;;;;;;;;
3719;"Bogotá, d. c.";"Bogotá, D.C.";Hombre;DESERTORES;0;0;67;70;82;62;38;36;25;18;21;1;17;27;21;37;46;44;55;47;54;76;54;69;97;110;95;44;58;63;58;59;107;47;49;33;45;24;41;56;38;39;23;47;55;30;39;40;28;29;12;11;10;9
3720;Antioquia;Medellín;Mujer;DESERTORES;0;0;34;43;115;119;92;88;60;73;93;75;74;83;95;101;99;110;129;133;134;116;151;231;194;313;245;178;196;226;208;192;168;129;172;186;140;122;163;146;126;115;115;131;124;122;152;108;124;118;125;139;130;133
3720;Antioquia;Medellín;Hombre;DESERTORES;0;0;3;2;24;32;34;16;19;16;33;38;31;39;51;55;57;40;49;69;96;68;81;132;106;172;139;130;149;129;140;143;117;120;101;123;121;113;125;116;109;116;83;83;92;92;119;95;82;74;77;82;68;57
3724;"Bogotá, d. c.";"Bogotá, D.C.";Mujer;DESERTORES;;;;;;;0;;0;;0;2;0;3;2;2;0;3;1;0;0;0;;;;;;;;;0;0;13;0;24;16;12;24;3;12;8;2;;;;;;;;;;;;
3724;"Bogotá, d. c.";"Bogotá, D.C.";Hombre;DESERTORES;;;;;;;;;0;;0;1;0;7;0;2;1;5;1;0;0;0;;;;;;;;;0;0;3;0;4;5;7;13;1;5;1;0;;;;;;;;;;;;
3725;"Bogotá, d. c.";"Bogotá, D.C.";Mujer;DESERTORES;;;;;;;;;;;;;;;;0;0;81;20;16;27;17;16;18;13;7;27;16;2;35;9;15;15;14;17;16;13;3;44;18;23;27;24;26;48;31;109;26;51;24;34;21;23;25
3725;"Bogotá, d. c.";"Bogotá, D.C.";Hombre;DESERTORES;;;;;;;;;;;;;;;;0;0;48;10;1;15;10;12;13;8;8;18;17;1;25;3;8;16;4;9;9;13;8;42;16;13;17;17;20;28;18;18;12;4;2;6;6;4;2
3801;Valle del Cauca;Cartago;Mujer;DESERTORES;0;0;30;44;19;11;13;9;4;0;5;7;5;9;15;9;18;38;1;13;29;87;6;4;7;35;18;18;29;27;24;92;25;40;45;29;48;34;62;58;55;32;51;62;74;63;76;50;65;75;62;55;74;54
3801;Valle del Cauca;Cartago;Hombre;DESERTORES;0;0;25;29;17;8;8;7;3;0;7;6;3;8;9;10;;17;39;34;42;85;3;4;5;33;23;26;23;24;26;125;21;27;34;36;28;36;54;62;51;47;35;57;35;34;43;17;25;18;16;11;11;5
3802;Antioquia;Medellín;Mujer;DESERTORES;;;;;;;;;;;;;;0;0;;2;3;;;;;;;;;;;;;;;;;;;;;;;;;;;;;;;;;;;;
3802;Antioquia;Medellín;Hombre;DESERTORES;;;;;;;;;;;;;;0;0;;7;10;;;;;;;;;;;;;;;;;;;;;;;;;;;;;;;;;;;;
3803;Valle del Cauca;Cali;Mujer;DESERTORES;;;;;;;;;;;;;;;0;0;36;48;39;34;48;79;95;116;112;81;150;284;73;68;66;92;91;82;100;109;85;76;126;64;82;55;58;78;167;94;80;37;50;69;55;43;52;39
3803;Valle del Cauca;Cali;Hombre;DESERTORES;;;;;;;;;;;;;;0;0;1;26;40;45;52;51;78;126;99;109;94;139;253;94;72;68;59;68;89;70;116;74;84;106;82;103;73;69;58;130;81;69;41;34;51;24;27;16;21
3805;Valle del Cauca;Cali;Mujer;DESERTORES;0;0;1;0;0;2;0;1;3;9;4;0;1;1;2;1;22;26;5;42;2;0;1;0;29;11;2;22;2;1;3;3;9;13;15;8;6;7;;;;;;;;;;;;;;;;
3805;Valle del Cauca;Cali;Hombre;DESERTORES;;0;0;0;0;0;0;0;1;2;1;0;0;0;0;0;7;9;1;10;1;0;0;0;7;2;1;9;1;0;2;4;4;13;5;11;5;6;;;;;;;;;;;;;;;;
3806;Valle del Cauca;Cali;Mujer;DESERTORES;;;;;;;;;;;;;;;;;;;0;0;25;27;16;23;31;1;18;28;42;88;118;119;146;50;93;95;83;58;54;41;58;51;93;46;44;57;59;19;27;25;25;11;26;22
3806;Valle del Cauca;Cali;Hombre;DESERTORES;;;;;;;;;;;;;;;;;;;0;0;22;19;17;35;35;0;41;35;34;59;66;119;77;58;73;78;85;41;39;44;38;43;52;26;21;29;15;8;9;9;5;4;5;3
3807;Antioquia;Medellín;Mujer;DESERTORES;0;0;10;5;7;8;10;1;24;5;0;0;2;4;4;1;0;0;0;5;0;37;3;2;5;5;1;0;;0;0;3;5;7;2;0;4;15;11;11;8;19;31;24;22;18;111;71;40;54;10;;2;33
3807;Antioquia;Medellín;Hombre;DESERTORES;0;0;6;0;1;2;5;0;11;3;0;0;4;0;1;0;0;0;0;0;0;17;1;0;2;1;0;0;;0;0;3;1;3;1;0;2;4;4;10;4;13;11;13;8;9;48;21;17;22;4;;2;14
3808;"Bogotá, d. c.";"Bogotá, D.C.";Mujer;DESERTORES;0;0;10;13;15;3;26;18;27;23;18;28;38;22;22;18;35;14;30;84;38;30;19;59;57;45;54;39;55;56;71;51;77;76;64;63;87;48;35;41;37;21;32;26;41;31;16;6;27;18;21;13;18;15
3808;"Bogotá, d. c.";"Bogotá, D.C.";Hombre;DESERTORES;0;0;7;6;19;16;26;24;14;24;15;17;32;24;29;19;27;21;35;69;16;18;17;63;31;25;36;24;39;46;48;33;48;49;55;36;59;48;33;49;22;13;23;20;27;19;14;7;15;8;12;12;10;6
3809;Cundinamarca;Fusagasugá;Mujer;DESERTORES;0;0;3;17;4;4;3;1;8;0;9;6;0;1;7;15;18;55;7;52;46;6;1;21;23;11;31;24;28;19;50;30;18;31;24;6;13;3;14;8;9;4;7;12;5;10;23;16;21;22;22;26;13;15
3809;Cundinamarca;Fusagasugá;Hombre;DESERTORES;;;;;;;;;;;;;;;0;0;9;9;0;;;4;;1;;;;;;2;2;1;0;0;11;1;4;10;5;6;7;4;4;6;0;2;14;4;11;2;1;2;0;
3810;Santander;Bucaramanga;Mujer;DESERTORES;0;0;41;24;31;40;44;64;73;47;61;61;52;69;66;85;110;71;110;198;75;106;94;104;101;89;105;114;79;100;69;47;45;29;28;40;35;18;15;11;14;10;21;20;32;;;;;;;;;
3810;Santander;Bucaramanga;Hombre;DESERTORES;0;0;33;22;30;39;32;39;54;41;42;31;32;26;47;51;61;55;77;109;83;77;58;73;73;78;66;68;42;42;29;37;33;14;27;24;18;20;13;4;21;12;12;8;11;;;;;;;;;
3811;Tolima;Honda;Mujer;DESERTORES;;;;;;;0;0;4;4;9;8;9;61;22;12;11;16;25;17;27;27;34;63;35;43;32;37;25;35;36;22;39;53;27;34;25;51;32;31;21;33;35;32;30;35;18;36;40;28;;;51;212
3811;Tolima;Honda;Hombre;DESERTORES;;;;;;;0;0;5;5;18;6;13;25;14;18;13;15;18;13;23;15;14;37;23;31;24;34;42;56;40;20;28;54;44;23;31;32;45;52;20;25;11;25;12;31;6;12;6;8;;;6;32
3812;Antioquia;Bello;Mujer;DESERTORES;;;;;0;0;0;0;0;34;8;9;1;31;47;66;39;45;84;125;104;101;75;49;86;133;105;24;46;49;74;75;72;89;107;98;82;68;81;122;26;24;43;34;42;43;73;66;141;77;134;123;137;110
3812;Antioquia;Bello;Sin informaci¿n;DESERTORES;;;;;;;;;;;;;;;;;;;;;;;;;;;;;;;;;0;0;;;;;;;;;;;;;;;;;;;;
3812;Antioquia;Bello;Hombre;DESERTORES;;;;;0;0;0;0;0;43;15;2;0;8;47;32;14;35;56;75;68;75;31;56;57;81;51;34;48;48;47;36;27;54;52;42;49;36;69;85;29;19;37;30;30;23;24;37;43;47;69;40;51;46
3817;Nariño;Pasto;Mujer;DESERTORES;;;0;0;28;8;18;15;6;1;7;12;26;17;6;4;15;7;15;39;30;51;58;49;153;93;95;84;53;51;74;84;258;305;269;299;307;345;347;973;308;311;303;374;269;382;440;304;315;347;323;334;325;301
3817;Nariño;Pasto;Sin informaci¿n;DESERTORES;;;;;;;;;;;;;;;0;;;;0;;;;1;;;;;;;;;;;;;;;;;;;;;;;;;;;;;;;
3817;Nariño;Pasto;Hombre;DESERTORES;;;0;0;13;10;11;38;14;5;11;5;9;8;4;1;9;7;28;40;36;49;66;84;116;111;77;100;63;65;82;100;185;201;258;173;248;280;347;821;218;265;233;218;110;213;188;140;169;145;121;110;66;76
3819;"Bogotá, d. c.";"Bogotá, D.C.";Mujer;DESERTORES;0;0;7;29;11;23;20;16;22;6;14;7;12;3;7;5;13;15;6;7;1;6;12;14;11;13;11;24;37;39;25;44;52;25;92;43;78;89;105;81;86;80;97;109;121;156;182;112;124;148;133;169;146;380
3819;"Bogotá, d. c.";"Bogotá, D.C.";Hombre;DESERTORES;0;0;14;53;52;56;46;54;59;24;52;21;79;46;44;46;31;55;14;55;17;36;44;41;57;57;66;68;99;121;94;142;110;28;208;88;79;105;182;107;91;97;103;129;88;97;82;67;73;66;60;44;42;48
3820;Antioquia;Medellín;Mujer;DESERTORES;;;;;0;0;23;23;29;26;17;36;34;23;24;24;27;48;25;20;14;8;14;8;3;2;2;1;4;0;2;5;1;5;11;12;19;12;16;12;14;17;10;6;13;22;18;11;16;14;35;28;25;18
3820;Antioquia;Medellín;Hombre;DESERTORES;;;;;0;0;81;70;84;73;82;97;77;71;59;70;68;106;54;44;37;30;40;34;18;13;33;26;39;45;47;38;41;25;23;25;12;20;23;16;16;15;6;7;11;14;13;3;5;6;8;6;4;5
3821;Atlántico;Barranquilla;Mujer;DESERTORES;0;0;127;1;5;1;100;8;165;97;4;68;109;81;30;37;203;152;181;65;108;126;201;111;225;160;119;103;216;142;261;195;275;546;92;75;131;98;106;86;92;115;103;123;130;138;181;61;96;116;128;143;175;142
3821;Atlántico;Barranquilla;Hombre;DESERTORES;0;0;229;1;3;1;152;21;284;138;5;192;242;153;46;53;265;177;239;79;159;209;271;122;266;237;170;106;278;224;377;258;309;659;118;94;124;123;126;124;122;118;105;117;89;96;132;62;101;83;55;78;62;68
3822;"Bogotá, d. c.";"Bogotá, D.C.";Mujer;DESERTORES;0;0;2;1;3;0;4;0;0;2;1;0;4;2;1;2;6;4;1;1;2;0;5;0;6;1;2;;;;;;;;;;;;;0;1;2;3;2;4;4;13;5;13;;;;;
3822;"Bogotá, d. c.";"Bogotá, D.C.";Hombre;DESERTORES;0;0;1;1;4;0;0;0;1;1;0;1;0;0;2;0;9;2;5;2;3;3;9;1;8;2;1;;;;;;;;;;;;;0;0;2;2;5;12;4;5;7;6;;;;;
3823;"Bogotá, d. c.";"Bogotá, D.C.";Mujer;DESERTORES;;;;;;;;;;;;;;;;;;;0;;0;18;24;17;39;94;98;35;58;;;;;;;;40;;;;;;;;;;;;;;;;;
3823;"Bogotá, d. c.";"Bogotá, D.C.";Hombre;DESERTORES;;;;;;;;;;;;;;;;;;;0;;0;11;13;7;20;45;53;16;21;;;;;;;;25;;;;;;;;;;;;;;;;;
3824;"Bogotá, d. c.";"Bogotá, D.C.";Mujer;DESERTORES;0;0;13;16;10;39;4;26;11;23;2;13;12;9;12;10;16;0;9;11;28;25;25;25;25;31;18;57;29;39;61;25;29;35;42;49;51;45;37;43;;;;;;;;;;;;;;
3824;"Bogotá, d. c.";"Bogotá, D.C.";Hombre;DESERTORES;0;0;20;15;24;27;10;20;10;24;6;15;11;5;12;10;20;9;8;7;18;26;19;26;21;23;28;47;25;37;43;13;24;37;30;44;43;39;26;24;;;;;;;;;;;;;;
3826;"Bogotá, d. c.";"Bogotá, D.C.";Mujer;DESERTORES;0;0;17;42;33;40;44;74;175;23;33;43;38;95;20;195;93;160;56;77;179;204;134;126;121;266;118;138;275;769;197;163;90;110;89;61;81;70;87;46;73;47;48;44;65;64;114;121;197;229;179;159;144;121
3826;"Bogotá, d. c.";"Bogotá, D.C.";Hombre;DESERTORES;0;0;12;18;21;23;31;51;112;30;31;37;43;95;29;66;57;44;34;50;168;111;98;80;122;161;112;163;261;665;241;185;148;125;127;73;82;102;119;78;80;44;43;26;19;17;33;59;62;105;68;43;27;22
3827;"Bogotá, d. c.";"Bogotá, D.C.";Mujer;DESERTORES;0;0;31;9;90;24;20;101;7;31;16;7;21;29;13;5;6;4;7;11;7;3;8;10;21;;;;4;1;7;2;14;6;6;1;10;20;13;28;9;15;15;31;38;0;;;;1;;;;
3827;"Bogotá, d. c.";"Bogotá, D.C.";Hombre;DESERTORES;0;0;26;9;70;34;39;74;9;37;18;10;18;20;16;13;16;4;7;27;3;5;8;12;22;;;;2;4;14;3;21;10;11;2;8;11;18;44;3;17;19;16;17;0;;;;0;;;;
3828;"Bogotá, d. c.";"Bogotá, D.C.";Mujer;DESERTORES;;;;;;;;;;;;;;;;;;;;0;0;4;4;12;14;19;0;22;6;10;;;;20;26;0;3;3;3;11;58;48;28;13;8;10;3;0;5;0;;;;
3828;"Bogotá, d. c.";"Bogotá, D.C.";Hombre;DESERTORES;;;;;;;;;;;;;;;;;;;;0;0;2;7;6;8;20;0;16;8;1;;;;6;45;1;1;2;4;35;33;38;26;5;3;;6;;2;0;;;;
3829;"Bogotá, d. c.";"Bogotá, D.C.";Mujer;DESERTORES;0;;0;;5;;;1;1;3;4;4;9;10;5;1;7;3;1;0;30;35;50;25;17;21;36;20;19;38;8;;;;;;;;;;;;;;;;;;;;;;;
3829;"Bogotá, d. c.";"Bogotá, D.C.";Hombre;DESERTORES;0;;;0;3;1;3;4;2;2;9;3;17;10;10;14;8;7;0;1;37;52;60;33;34;29;57;30;18;27;15;13;2;0;;;;;;;;;;;;;;;;;;;;
3830;"Bogotá, d. c.";"Bogotá, D.C.";Mujer;DESERTORES;;;;;;;;;;;;;;;;;;;0;0;0;0;0;0;2;1;249;1517;78;1108;530;658;127;419;288;173;145;304;157;96;153;141;24;172;195;;0;0;22;0;148;50;308;57
3830;"Bogotá, d. c.";"Bogotá, D.C.";Hombre;DESERTORES;;;;;;;;;;;;;;;;;;;0;0;0;0;0;3;2;2;189;1264;84;1045;378;457;64;296;221;140;98;258;131;86;145;111;25;106;125;;0;0;8;0;35;16;129;17
3831;Cauca;Popayán;Mujer;DESERTORES;;;;;;;;;0;0;13;19;18;36;54;47;90;55;29;28;72;91;76;62;60;189;726;178;248;145;166;179;103;135;166;167;135;163;195;131;140;147;199;155;177;226;322;208;203;211;204;232;219;215
3831;Cauca;Popayán;Hombre;DESERTORES;;;;;;;;;0;0;0;1;1;16;4;4;9;30;46;50;86;111;73;125;178;152;124;137;185;260;213;180;170;144;177;181;185;180;180;134;148;133;120;108;75;103;127;93;65;97;69;68;42;40
3833;Antioquia;Copacabana;Mujer;DESERTORES;;;;;;;;;;;0;0;0;0;0;1;0;3;0;0;0;3;0;;9;1;;;;;;;;;;;;;;;;;;;;;;;;;;;;
3833;Antioquia;Copacabana;Hombre;DESERTORES;;;;;;;;;;;0;0;0;0;0;0;0;3;1;0;1;1;0;;4;1;;;;;;;;;;;;;;;;;;;;;;;;;;;;
3834;Antioquia;Santa Fé de Antioquia;Mujer;DESERTORES;;;;;;;;;;;;;;;0;0;4;12;3;4;9;10;12;14;34;27;7;5;4;19;0;0;0;15;5;8;10;24;40;11;8;0;15;10;2;3;14;21;2;1;8;;3;
3834;Antioquia;Santa Fé de Antioquia;Hombre;DESERTORES;;;;;;;;;;;;;;;0;0;3;4;1;1;4;10;10;14;15;15;6;11;1;22;0;0;0;27;11;13;5;36;41;11;10;0;22;6;3;2;5;10;2;2;2;;0;
3901;Sucre;Coveñas;Mujer;DESERTORES;;;;;;;;;;;;;;;;;0;0;0;0;0;0;0;0;;0;0;0;1;0;3;0;0;4;1;10;6;0;1;34;0;2;4;12;1;22;29;1;3;25;18;17;43;20
3901;Sucre;Coveñas;Hombre;DESERTORES;;;;;;;;;;;;;;;;;0;0;0;0;0;0;0;0;0;0;0;0;11;0;7;22;13;18;11;5;3;0;0;24;0;8;4;8;0;0;13;1;1;1;0;0;0;1
3902;Cundinamarca;Nilo;Mujer;DESERTORES;;;;;;;;;;;;;;;;;;;0;0;1;3;2;39;10;11;4;122;13;15;6;4;5;12;53;83;107;67;135;948;64;67;69;110;50;101;16;56;109;117;150;76;121;73
3902;Cundinamarca;Nilo;Hombre;DESERTORES;;;;;;;;;;;;;;;;;;;0;0;6;19;37;236;76;85;69;156;119;100;109;75;77;125;125;119;86;54;199;1033;55;44;51;35;17;12;2;9;22;12;20;6;2;4
4101;Valle del Cauca;Roldanillo;Mujer;DESERTORES;0;0;21;51;63;91;74;80;63;66;64;116;89;82;69;68;92;73;126;139;129;199;260;142;210;76;157;237;86;65;90;60;135;110;106;90;110;260;250;195;139;133;241;219;268;278;281;250;535;319;482;277;449;462
4101;Valle del Cauca;Roldanillo;Hombre;DESERTORES;0;0;14;46;36;54;74;50;62;62;46;81;58;69;50;50;59;57;110;136;100;156;196;121;136;88;146;102;97;67;103;92;102;117;109;81;90;134;265;196;121;113;91;82;76;132;70;87;82;77;76;58;59;66
4102;La Guajira;San Juan del Cesar;Mujer;DESERTORES;;;;;;;;;;;;;;;0;0;10;30;46;27;49;59;48;47;47;32;82;94;45;57;86;162;169;71;2;111;110;67;97;39;58;55;59;82;85;125;136;99;184;265;189;226;171;173
4102;La Guajira;San Juan del Cesar;Hombre;DESERTORES;;;;;;;;;;;;;;;0;0;19;33;57;32;60;59;69;63;57;70;127;92;76;84;98;194;178;86;1;151;97;73;109;40;37;31;29;57;26;41;23;31;40;49;33;20;18;16
4106;Archipiélago de San Andrés y Providencia;San Andrés;Mujer;DESERTORES;0;0;42;21;26;23;53;27;33;14;43;1;55;16;41;4;17;3;23;2;34;44;96;58;77;42;79;248;43;31;62;69;116;79;57;23;18;23;9;8;11;13;13;8;14;24;40;22;290;179;75;65;28;42
4106;Archipiélago de San Andrés y Providencia;San Andrés;Hombre;DESERTORES;0;0;11;8;20;13;33;13;34;10;34;1;23;13;22;1;11;0;15;4;32;26;36;24;43;25;44;29;21;17;40;28;4;37;22;9;7;11;4;8;9;19;4;8;5;8;4;9;70;39;21;10;8;10
4107;Valle del Cauca;Guadalajara de Buga;Mujer;DESERTORES;;;;;;;;;0;0;0;0;0;0;0;0;0;0;0;0;92;49;10;35;9;7;35;21;37;22;43;60;107;56;55;9;4;60;28;39;82;30;23;109;252;479;106;120;112;115;158;223;195;384
4107;Valle del Cauca;Guadalajara de Buga;Sin informaci¿n;DESERTORES;;;;;;;;;;;;;;;;;;;;;;;;0;0;;;;;;1;;;;;;;;;;;;;;;;;;;;;;;
4107;Valle del Cauca;Guadalajara de Buga;Hombre;DESERTORES;;;;;;;;;;;;;;;;;;;0;0;33;15;2;30;7;31;39;33;42;23;35;36;55;60;37;13;6;75;19;21;118;27;29;40;24;29;30;53;34;42;30;31;25;28
4108;"Bogotá, d. c.";"Bogotá, D.C.";Mujer;DESERTORES;0;0;5;6;2;15;31;13;12;13;26;12;21;13;31;29;138;35;61;69;82;120;370;52;22;130;33;203;46;61;63;76;104;76;194;187;124;74;133;103;81;88;106;100;102;158;203;150;175;238;227;249;263;239
4108;"Bogotá, d. c.";"Bogotá, D.C.";Sin informaci¿n;DESERTORES;;;;;;;;;;;;;;0;;;;;;;;;;0;1;0;;;;;;;;;;;;;;;;;;;;;;;;;;;;
4108;"Bogotá, d. c.";"Bogotá, D.C.";Hombre;DESERTORES;0;0;62;52;31;92;465;128;113;196;121;153;158;200;221;231;941;225;362;257;273;339;973;174;79;540;150;755;218;206;279;323;393;306;696;472;351;231;409;302;212;158;198;161;170;222;199;186;171;168;157;121;150;105
4109;Valle del Cauca;Cali;Mujer;DESERTORES;;;;;;;;;;;;;;;;;;;0;0;209;83;87;77;272;305;197;155;285;151;58;346;230;272;356;145;218;119;224;88;85;162;103;108;211;161;209;126;224;543;342;309;284;287
4109;Valle del Cauca;Cali;Sin informaci¿n;DESERTORES;;;;;;;;;;;;;;;;;;;;;;0;0;1;2;1;0;0;3;2;;;;;;;;;;;;;;;;;;;;;;;;
4109;Valle del Cauca;Cali;Hombre;DESERTORES;;;;;;;;;;;;;;;;;;;0;0;89;49;46;45;153;133;116;95;165;96;31;211;121;138;239;101;152;107;175;74;111;156;55;51;72;48;82;44;40;106;90;56;48;38
4110;Tolima;Espinal;Mujer;DESERTORES;0;0;48;35;47;25;48;71;63;38;85;55;82;56;78;30;40;25;36;19;57;21;62;31;129;118;172;349;257;230;292;272;159;359;171;156;288;188;225;240;236;203;233;181;235;251;358;268;411;326;312;292;372;422
4110;Tolima;Espinal;Sin informaci¿n;DESERTORES;0;0;5;3;0;0;2;1;1;0;1;1;1;0;1;0;;1;1;0;0;0;0;2;0;;;;;0;0;0;;;;;1;0;2;2;1;;;;;;;0;;;;;;
4110;Tolima;Espinal;Hombre;DESERTORES;0;0;60;24;35;15;66;60;74;39;81;52;77;41;53;14;28;14;25;20;28;18;66;21;116;92;128;213;236;228;254;291;170;341;181;157;270;179;223;273;205;192;174;101;144;109;134;93;150;113;87;53;80;50
4111;Magdalena;Ciénaga;Mujer;DESERTORES;0;0;23;20;33;33;49;1;3;3;27;6;13;53;54;24;42;42;60;32;47;92;96;60;66;73;87;57;109;163;91;62;116;80;90;64;104;78;81;126;157;78;123;149;79;68;188;183;305;493;306;261;412;452
4111;Magdalena;Ciénaga;Sin informaci¿n;DESERTORES;;0;;;;;;;;;;0;;;;;;;;;;;;;;;;;;;;;;;;;;;;;;;;;;;;;;;;;;
4111;Magdalena;Ciénaga;Hombre;DESERTORES;0;0;9;3;7;7;7;0;2;4;4;6;9;34;22;20;23;38;30;19;24;33;41;29;45;29;29;26;49;66;60;39;54;30;83;48;79;55;80;83;118;69;52;76;40;18;29;21;32;57;23;20;27;33
4112;Caldas;Pensilvania;Mujer;DESERTORES;0;0;60;30;27;10;26;13;12;44;37;18;61;17;33;30;60;34;103;38;49;38;40;30;32;58;30;45;53;39;32;18;23;18;14;20;19;17;30;36;29;38;28;20;28;23;41;74;76;84;109;109;76;97
4112;Caldas;Pensilvania;Sin informaci¿n;DESERTORES;0;0;0;0;0;0;1;;;;1;;1;;;;1;1;0;0;;;;;;;;;;;;;;;;;;;;;;;;;;;;;;;;;;
4112;Caldas;Pensilvania;Hombre;DESERTORES;0;0;12;24;8;7;27;7;13;12;22;12;24;8;24;9;30;14;35;17;22;20;27;21;22;32;19;29;34;21;26;18;16;19;18;8;21;14;21;28;34;25;5;13;3;8;6;6;3;9;3;3;5;4
4701;Valle del Cauca;Cali;Mujer;DESERTORES;0;0;50;16;21;42;19;49;52;34;52;46;51;52;87;80;96;115;117;116;117;161;154;129;166;202;162;185;140;135;183;180;190;210;181;233;233;239;426;226;232;194;165;180;170;229;353;156;226;216;179;214;203;233
4701;Valle del Cauca;Cali;Sin informaci¿n;DESERTORES;;;;;;;;;;;;;;;;;;;;;;0;;;;;0;1;0;0;1;0;1;0;1;0;1;;;;;;;;;;;;;;;;;
4701;Valle del Cauca;Cali;Hombre;DESERTORES;0;0;51;15;31;28;48;53;53;56;55;53;64;88;96;92;109;146;156;154;161;206;227;209;227;238;181;214;215;201;248;219;263;261;241;277;221;226;449;261;256;176;141;137;111;141;163;57;75;57;32;58;29;29
4702;"Bogotá, d. c.";"Bogotá, D.C.";Mujer;DESERTORES;;;;;;;;;;;;;;;0;;;;0;3;357;1;188;180;370;618;1;0;85;65;96;55;126;31;163;137;142;103;470;197;208;213;527;690;436;442;331;645;1102;2372;1888;2610;1340;3124
4702;"Bogotá, d. c.";"Bogotá, D.C.";Hombre;DESERTORES;;;;;;;;;;;;;;;;;;;0;;0;414;204;165;;;356;581;95;62;93;50;183;49;139;106;112;86;428;159;207;182;278;267;278;211;164;599;855;1706;1536;2224;;1039
4704;"Bogotá, d. c.";"Bogotá, D.C.";Mujer;DESERTORES;;;;;0;;;0;;1;5;;;1;0;0;2;13;;1;4;72;0;1;;0;;;;;;;;;;;;0;;;;;;;;;;;;;;;;
4704;"Bogotá, d. c.";"Bogotá, D.C.";Sin informaci¿n;DESERTORES;;;;;;;;;;;;;;;;0;;;;;;0;;;;;;;;;;;;;;;;;;;;;;;;;;;;;;;;
4704;"Bogotá, d. c.";"Bogotá, D.C.";Hombre;DESERTORES;;;;;;0;;0;1;2;;1;;1;0;0;1;11;;1;11;32;1;0;;0;;;;;;;;;;;;0;;;;;;;;;;;;;;;;
4705;Cesar;Valledupar;Mujer;DESERTORES;0;0;1;0;0;17;0;58;68;39;90;57;15;88;23;44;39;0;0;57;92;96;92;133;209;23;254;124;197;64;66;53;26;19;18;;;;;;;;;;;;;;;;;;;
4705;Cesar;Valledupar;Hombre;DESERTORES;0;0;0;0;0;1;0;1;12;0;3;1;0;56;0;20;17;0;0;19;40;26;37;39;85;19;38;36;99;35;41;30;29;18;12;;;;;;;;;;;;;;;;;;;
4708;"Bogotá, d. c.";"Bogotá, D.C.";Mujer;DESERTORES;0;0;73;40;72;44;32;20;21;21;21;21;26;22;19;30;17;12;29;129;9;18;17;21;28;13;36;22;22;11;;;13;80;8;8;3;;8;17;4;9;;;;;;;;;;;;
4708;"Bogotá, d. c.";"Bogotá, D.C.";Sin informaci¿n;DESERTORES;;;;;0;0;;3;3;3;3;;;;;;;;;;;;;;;;;;;;;;;;;;;;;;;;;;;;;;;;;;;
4708;"Bogotá, d. c.";"Bogotá, D.C.";Hombre;DESERTORES;0;0;18;15;14;11;11;4;9;3;2;7;6;8;6;13;6;5;12;58;2;15;4;5;8;5;7;3;5;2;;;2;15;2;3;5;;5;17;6;10;;;;;;;;;;;;
4709;Quindío;Armenia;Mujer;DESERTORES;0;0;59;168;114;128;126;119;139;91;95;77;65;65;71;60;63;66;88;218;81;162;142;93;113;127;156;116;79;98;116;102;81;112;140;100;180;97;116;121;128;103;144;126;208;196;135;104;117;91;94;122;112;112
4709;Quindío;Armenia;Hombre;DESERTORES;0;0;51;98;90;98;111;108;108;93;109;68;77;73;80;57;58;76;98;174;97;126;138;116;133;149;168;129;134;137;156;167;156;128;169;124;157;117;132;134;142;127;126;101;125;67;88;69;33;26;33;26;26;26
4710;"Bogotá, d. c.";"Bogotá, D.C.";Mujer;DESERTORES;;;;;;;;;;;;;;;;;;;;;;;;;;;;;;;;;;;;0;0;15;36;3;2;0;0;0;;;0;2;0;1;3;227;81;268
4710;"Bogotá, d. c.";"Bogotá, D.C.";Hombre;DESERTORES;;;;;;;;;;;;;;;;;;;;;;;;;;;;;;;;;;;;0;0;9;46;;;;;;;;2;1;0;0;0;17;11;18
4714;"Bogotá, d. c.";"Bogotá, D.C.";Mujer;DESERTORES;0;0;0;0;8;1;8;0;3;0;3;0;2;0;19;0;17;1;4;2;2;3;3;8;6;4;2;2;3;2;0;31;0;1;9;4;16;18;9;12;10;8;13;14;13;13;28;10;26;24;30;29;46;55
4714;"Bogotá, d. c.";"Bogotá, D.C.";Hombre;DESERTORES;0;0;11;9;88;16;65;4;77;13;39;5;31;1;108;0;387;3;23;13;33;10;47;29;45;46;28;43;31;5;0;324;12;4;14;7;12;13;14;14;9;13;12;19;13;8;14;2;7;11;7;11;16;19
4719;"Bogotá, d. c.";"Bogotá, D.C.";Mujer;DESERTORES;;;;;;;;;;;;;0;0;0;1;9;4;3;6;32;52;36;53;56;40;76;57;172;175;222;19;22;19;18;9;88;18;20;38;84;68;64;62;47;74;63;43;19;31;21;33;243;162
4719;"Bogotá, d. c.";"Bogotá, D.C.";Hombre;DESERTORES;;;;;;;;;;;;;0;0;0;0;4;5;9;2;28;38;43;34;42;38;52;44;175;144;131;24;29;18;10;2;86;17;20;37;59;81;35;24;15;19;19;12;11;5;4;6;68;48
4721;"Bogotá, d. c.";"Bogotá, D.C.";Mujer;DESERTORES;0;0;10;2;18;7;8;11;27;13;21;17;34;37;30;77;122;66;122;134;209;163;215;86;215;300;293;200;170;130;90;81;141;139;126;139;98;150;155;100;58;64;80;98;96;82;114;93;135;81;114;108;107;63
4721;"Bogotá, d. c.";"Bogotá, D.C.";Hombre;DESERTORES;0;0;8;7;10;13;13;6;20;17;15;6;32;36;43;62;109;87;151;129;224;150;241;101;220;256;305;254;196;162;111;100;153;169;140;217;113;274;146;89;65;66;50;72;53;46;70;47;72;37;41;49;49;19
4726;"Bogotá, d. c.";"Bogotá, D.C.";Mujer;DESERTORES;0;0;0;10;0;0;0;7;39;71;97;53;76;85;181;147;246;156;254;243;389;236;271;240;262;266;317;201;254;185;252;204;365;323;301;351;335;433;505;205;387;579;758;642;607;704;962;630;775;682;714;828;921;969
4726;"Bogotá, d. c.";"Bogotá, D.C.";Sin informaci¿n;DESERTORES;;;;;;;;;;;;0;0;;;0;2;;;;;;;;;;;;;;;;;;;;;;;;;;;;;;;;;;;;;
4726;"Bogotá, d. c.";"Bogotá, D.C.";Hombre;DESERTORES;0;0;0;11;0;0;0;5;28;54;69;42;60;74;139;115;213;157;276;195;291;250;347;263;254;275;306;303;292;211;318;321;420;421;381;366;331;468;603;628;745;554;609;445;375;431;456;313;369;276;296;307;284;261
4727;"Bogotá, d. c.";"Bogotá, D.C.";Mujer;DESERTORES;;;;;;;;;;;;;0;0;44;11;5;204;147;137;199;196;270;306;392;300;418;483;623;690;819;589;985;1015;1229;961;1084;675;1173;974;881;1431;1346;1055;1379;1561;1683;713;1195;965;1584;1039;1596;1402
4727;"Bogotá, d. c.";"Bogotá, D.C.";Sin informaci¿n;DESERTORES;;;;;;;;;;;;;;;;;;;;;;;;;;;;;;;;;;;;0;0;7;9;4;0;;;;;;;;;;;;;
4727;"Bogotá, d. c.";"Bogotá, D.C.";Hombre;DESERTORES;;;;;;;;;;;;;0;0;9;3;7;44;39;28;106;143;215;188;279;222;263;352;531;537;587;455;765;755;1120;871;960;667;1096;821;637;1162;757;604;658;676;528;269;406;304;438;306;417;380
4801;Antioquia;Medellín;Mujer;DESERTORES;0;0;28;22;24;27;12;10;16;9;28;8;9;20;17;16;20;23;30;31;27;31;55;79;51;68;60;47;36;41;44;58;47;39;37;37;36;22;35;26;29;25;26;51;38;35;38;28;33;42;49;30;41;33
4801;Antioquia;Medellín;Hombre;DESERTORES;0;0;8;11;21;5;13;9;10;8;20;7;7;6;15;11;4;12;19;7;14;19;16;31;37;27;31;24;21;30;21;28;27;23;30;18;24;27;20;16;23;18;15;25;28;17;18;11;9;17;14;5;8;7
4803;"Bogotá, d. c.";"Bogotá, D.C.";Mujer;DESERTORES;0;0;34;105;246;51;126;53;13;8;18;115;59;75;19;64;83;54;130;83;157;100;144;86;87;72;53;31;34;20;15;34;42;31;33;16;29;27;6;1;4;3;3;6;7;5;10;7;6;14;0;26;12;23
4803;"Bogotá, d. c.";"Bogotá, D.C.";Sin informaci¿n;DESERTORES;0;0;1;;1;;;;;;;;;;;;;;;;;;;;;;;;;;;;;;;;;;;;;;;;;;;;;;;;;
4803;"Bogotá, d. c.";"Bogotá, D.C.";Hombre;DESERTORES;0;0;16;60;126;47;149;39;12;4;8;89;50;44;15;57;72;53;110;54;122;61;86;66;73;41;30;29;16;20;8;21;19;18;18;11;16;15;7;2;2;1;1;1;4;0;7;4;0;2;0;2;4;5
4805;"Bogotá, d. c.";"Bogotá, D.C.";Mujer;DESERTORES;;;;;;;;;;;;;;;;;;;0;0;6;5;4;3;;;;;;;3;11;0;0;0;0;0;16;;;;;;;;;;;;;;;;
4805;"Bogotá, d. c.";"Bogotá, D.C.";Hombre;DESERTORES;;;;;;;;;;;;;;;;;;;0;0;6;2;8;4;;;;;;;13;6;0;0;0;0;0;5;;;;;;;;;;;;;;;;
4806;"Bogotá, d. c.";"Bogotá, D.C.";Mujer;DESERTORES;0;0;3;;16;1;3;11;;1;11;1;15;18;13;17;11;14;4;7;55;5;29;2;25;61;1;1;20;18;22;23;7;12;10;12;13;12;16;5;5;5;3;3;1;6;5;5;1;6;4;7;18;6
4806;"Bogotá, d. c.";"Bogotá, D.C.";Hombre;DESERTORES;0;0;;5;24;2;4;14;1;15;1;2;13;16;14;30;14;13;4;3;52;8;32;3;35;86;1;0;14;11;20;35;11;9;21;17;13;7;15;7;1;1;2;0;1;3;6;0;1;2;1;1;1;0
4808;Valle del Cauca;Cali;Mujer;DESERTORES;;;;;;;;;;;;;;;;;;;0;0;2;18;5;2;2;7;13;22;9;2;12;55;63;90;19;16;5;32;50;;79;117;13;1;71;102;159;31;0;7;22;145;25;91
4808;Valle del Cauca;Cali;Hombre;DESERTORES;;;;;;;;;;;;;;;;;;;0;0;0;15;4;7;1;3;17;16;2;0;8;19;12;42;20;9;5;29;32;;60;101;5;3;30;49;28;12;0;1;3;20;5;11
4810;"Bogotá, d. c.";"Bogotá, D.C.";Mujer;DESERTORES;0;0;60;97;20;18;20;88;52;29;38;25;19;35;19;23;9;11;15;33;14;20;26;13;41;17;24;40;24;24;45;28;30;3;44;30;46;47;78;120;106;114;110;91;109;84;167;73;76;66;65;53;40;45
4810;"Bogotá, d. c.";"Bogotá, D.C.";Hombre;DESERTORES;0;0;121;12;22;46;65;95;55;41;79;48;38;82;27;56;18;30;41;39;38;42;30;39;97;39;68;74;50;43;47;77;85;15;106;51;60;74;118;131;74;102;90;61;57;55;72;25;37;27;25;14;8;11
4811;Valle del Cauca;Cali;Mujer;DESERTORES;;;;;;;;;;;;;;;;;;;;;;;;;;;0;0;0;0;;2;1;5;2;3;2;2;4;5;3;9;8;13;17;23;79;3;7;;8;0;16;11
4811;Valle del Cauca;Cali;Hombre;DESERTORES;;;;;;;;;;;;;;;;;;;;;;;;;;;0;0;1;0;;1;0;5;1;1;3;4;3;15;8;11;8;4;5;11;21;0;5;;1;0;1;0
4812;"Bogotá, d. c.";"Bogotá, D.C.";Mujer;DESERTORES;;;;;;;;;;;;;;;;;;;0;0;6;12;;18;27;2;2;24;35;23;90;83;97;92;77;58;50;22;163;163;63;;103;255;5;4;44;8;;;4;;1;25
4812;"Bogotá, d. c.";"Bogotá, D.C.";Hombre;DESERTORES;;;;;;;;;;;;;;;;;;;0;0;10;17;;23;26;3;2;17;28;20;61;45;76;61;66;51;31;20;85;105;52;;63;;115;2;17;6;;;0;;0;8
4813;"Bogotá, d. c.";"Bogotá, D.C.";Mujer;DESERTORES;0;0;0;0;985;0;463;442;227;215;829;758;853;738;1061;607;979;2453;1473;845;2065;2989;3732;4252;1889;4197;3965;5774;5355;4203;3152;2651;4208;4756;4814;3308;2809;10514;7869;5662;3142;4615;3450;4774;2547;11511;6442;6336;6310;11817;11051;10635;10168;11321
4813;"Bogotá, d. c.";"Bogotá, D.C.";Sin informaci¿n;DESERTORES;;;;;;;;;;;;;;0;0;0;0;0;0;;0;;;;;;;1;;;;;;1;2;3;0;;;;;;;;;;;;;;;;;
4813;"Bogotá, d. c.";"Bogotá, D.C.";Hombre;DESERTORES;0;0;0;0;159;0;304;337;304;266;593;501;653;558;784;586;888;1403;1076;770;1571;2077;2461;2963;1193;2577;2500;3087;3619;2294;2209;1724;2705;3347;3102;2147;1990;7011;5175;4554;4699;5687;2831;3767;2035;8282;3643;3374;2955;5116;4743;4298;3807;4474
4817;Atlántico;Barranquilla;Mujer;DESERTORES;0;0;39;72;58;126;121;237;187;194;199;134;235;294;239;289;341;205;134;211;345;275;342;279;329;210;440;528;362;145;288;136;266;203;330;358;220;304;194;67;88;88;117;98;95;122;86;55;89;131;269;237;231;302
4817;Atlántico;Barranquilla;Sin informaci¿n;DESERTORES;;;;;;;;;;;;;;;;;;;;;;;;;;;;;;;0;0;1;0;1;;2;;;;;;;;;;;;;;;;;
4817;Atlántico;Barranquilla;Hombre;DESERTORES;0;0;22;57;55;123;136;251;198;236;222;225;195;301;185;222;198;192;113;229;226;179;245;258;289;150;268;396;266;138;206;107;238;141;222;275;167;242;187;256;108;183;80;43;35;37;25;22;31;38;31;40;35;32
4818;Atlántico;Barranquilla;Mujer;DESERTORES;;;;;;;;0;0;4;25;42;191;266;40;4;370;345;449;240;225;241;375;501;224;299;383;602;353;412;391;259;406;341;362;341;429;540;410;485;364;324;654;527;564;597;820;399;541;560;494;505;540;528
4818;Atlántico;Barranquilla;Hombre;DESERTORES;;;;;;;0;0;1;4;12;22;116;196;17;9;291;289;312;235;228;172;267;391;214;262;327;315;282;308;323;264;328;275;367;269;399;407;353;439;382;447;441;422;473;414;416;247;282;255;223;192;160;150
4822;"Bogotá, d. c.";"Bogotá, D.C.";Mujer;DESERTORES;0;0;6;3;8;11;6;11;14;10;13;8;15;21;20;15;20;20;25;17;28;105;44;107;78;94;128;131;164;144;108;143;138;168;165;176;173;231;210;137;146;185;141;116;110;158;188;90;108;122;116;132;111;165
4822;"Bogotá, d. c.";"Bogotá, D.C.";Hombre;DESERTORES;0;0;4;2;3;3;5;3;4;5;6;5;12;12;12;7;9;13;16;16;39;132;67;152;104;124;120;146;154;163;153;163;176;190;167;224;218;222;200;161;184;177;133;109;75;95;108;37;37;55;40;51;35;30
4825;Risaralda;Pereira;Mujer;DESERTORES;;;;;;;;;;;;;;;;;;;0;0;12;60;9;14;20;17;2;4;17;22;24;29;40;6;15;40;35;37;27;83;39;61;79;84;78;103;166;108;132;101;147;129;138;113
4825;Risaralda;Pereira;Sin informaci¿n;DESERTORES;;;;;;;;;;;;;;;;;;;0;;;;;;;;;;;;;;;;;;;;;;;;;;;;;;;;;;;
4825;Risaralda;Pereira;Hombre;DESERTORES;;;;;;;;;;;;;;;;;;;0;0;11;33;5;7;22;11;0;4;18;23;15;24;23;8;20;28;43;24;22;37;15;27;54;37;42;42;65;64;56;40;39;45;46;36
4826;Bolívar;Cartagena de Indias;Mujer;DESERTORES;;;;;;;;;;;;;;;;;;;0;0;171;233;336;103;266;83;125;;;64;805;119;116;157;116;113;87;164;28;1;22;440;5;1;1;;132;;32;35;;;;
4826;Bolívar;Cartagena de Indias;Hombre;DESERTORES;;;;;;;;;;;;;;;;;;;0;0;45;89;210;63;123;51;68;;;45;571;91;77;85;98;74;44;114;20;0;8;277;4;0;0;;52;;28;16;;;;
4827;Antioquia;Medellín;Mujer;DESERTORES;;;0;0;14;11;14;10;20;25;21;17;15;16;13;12;11;12;6;11;8;11;20;33;32;38;25;25;22;29;16;10;12;4;;;;;;;;;;;;;;;;;;;;
4827;Antioquia;Medellín;Hombre;DESERTORES;;;0;0;6;5;11;14;14;18;13;14;16;13;10;23;25;13;11;13;14;24;25;24;39;33;33;24;38;21;20;20;14;15;;;;;;;;;;;;;;;;;;;;
4829;Santander;Bucaramanga;Mujer;DESERTORES;0;0;14;94;61;97;7;27;13;12;27;29;87;52;65;33;40;47;33;48;47;75;43;238;267;41;158;304;51;141;105;140;67;88;145;147;175;117;88;74;41;17;10;63;10;8;21;113;163;141;121;81;92;66
4829;Santander;Bucaramanga;Sin informaci¿n;DESERTORES;;;0;;;;;;;;;;;;;;;;;;;;;;;;;;;;;;;;;;;;;;;;;;;;;;;;;;;
4829;Santander;Bucaramanga;Hombre;DESERTORES;0;0;9;24;18;26;2;9;8;4;9;10;31;18;32;7;24;25;15;19;9;24;9;109;84;14;59;77;17;57;48;71;39;37;55;83;99;83;46;67;17;4;5;41;4;5;2;27;39;27;25;13;15;15
4832;"Bogotá, d. c.";"Bogotá, D.C.";Mujer;DESERTORES;;;;;;0;0;2;0;1;0;0;;0;;3;1;1;1;1;28;6;97;129;292;237;470;372;634;405;627;308;583;565;369;18;226;60;265;76;181;32;109;130;83;107;158;78;151;71;182;90;72;67
4832;"Bogotá, d. c.";"Bogotá, D.C.";Hombre;DESERTORES;;;;;;;;0;;;;0;5;2;1;1;0;0;2;1;20;5;80;107;238;207;324;281;440;285;386;272;401;469;327;16;197;47;237;50;127;40;67;69;47;28;34;27;29;8;32;11;14;9
4835;"Bogotá, d. c.";"Bogotá, D.C.";Mujer;DESERTORES;0;;;0;;1;20;2;48;65;69;47;60;13;23;271;48;41;15;3;51;54;40;32;49;31;38;54;56;55;71;52;52;35;43;29;35;26;27;34;33;25;36;23;22;26;57;31;38;45;51;57;73;57
4835;"Bogotá, d. c.";"Bogotá, D.C.";Hombre;DESERTORES;0;;;0;;;1;11;42;34;38;28;38;25;8;188;47;29;17;8;39;44;56;41;44;35;44;59;46;51;41;37;46;33;35;19;34;21;27;27;22;30;27;26;15;9;19;9;9;10;13;5;7;9
4837;Atlántico;Barranquilla;Mujer;DESERTORES;0;0;7;7;12;21;24;22;18;45;23;52;43;44;40;43;40;19;26;25;31;54;41;34;1;25;42;20;24;2;10;13;14;13;10;17;35;22;14;23;21;28;29;23;27;24;34;12;44;44;53;59;65;31
4837;Atlántico;Barranquilla;Hombre;DESERTORES;0;0;2;2;5;3;7;12;13;32;15;15;11;10;28;33;20;13;19;18;20;37;51;29;2;29;31;23;21;9;13;16;17;22;22;35;20;20;16;21;18;21;26;9;10;9;11;9;16;7;8;11;11;7
5801;Santander;Bucaramanga;Mujer;DESERTORES;;;;;;0;0;0;16;1;6;6;5;7;0;7;7;3;1;0;1;3;0;;;3;1;0;0;30;6;5;7;15;56;22;68;49;57;23;14;19;24;32;30;27;53;41;67;76;58;89;108;61
5801;Santander;Bucaramanga;Sin informaci¿n;DESERTORES;;;;;;;;;;;;;;;;;;;;;;;;;;0;0;0;0;0;0;0;;;;;;;;;;;;;;;;;;;;;;
5801;Santander;Bucaramanga;Hombre;DESERTORES;;;;;;0;0;0;5;5;7;1;4;3;0;1;1;4;2;1;0;0;;;;0;1;0;0;60;8;3;5;25;68;19;48;58;90;23;37;23;12;18;19;10;33;24;25;32;24;19;35;9
5802;"Bogotá, d. c.";"Bogotá, D.C.";Mujer;DESERTORES;0;0;71;97;239;0;228;296;344;175;279;248;331;910;170;116;457;430;462;357;434;442;641;510;610;664;733;919;845;873;852;860;868;1261;1016;699;1162;1049;1389;1038;1432;1302;1320;1214;1598;1821;2252;1412;1428;1627;1907;1668;1810;1628
5802;"Bogotá, d. c.";"Bogotá, D.C.";Hombre;DESERTORES;0;0;15;41;100;0;129;200;269;189;284;262;449;1237;332;191;770;631;733;591;757;752;1205;968;1099;1059;1153;1361;1437;1529;1795;1532;1481;1696;1515;1010;1552;1358;1741;1491;1625;1576;1367;1211;1464;1539;1628;1023;732;868;811;626;554;492
9102;Cundinamarca;Madrid;Mujer;DESERTORES;0;0;0;3;11;1;0;1;0;0;0;2;0;0;0;1;0;1;0;1;0;0;0;0;0;0;0;1;0;0;0;0;0;0;4;0;11;2;8;1;7;3;8;1;7;3;10;3;32;27;31;;18;
9102;Cundinamarca;Madrid;Hombre;DESERTORES;0;0;0;6;44;15;8;42;2;17;0;46;3;12;5;13;1;14;0;17;0;8;0;3;12;4;1;2;11;4;3;5;1;2;4;3;3;4;11;2;4;3;4;3;9;2;2;0;11;4;4;;5;
9103;Valle del Cauca;Cali;Mujer;DESERTORES;0;0;7;8;2;3;3;1;5;1;3;2;2;6;2;0;5;4;6;2;6;1;3;2;5;2;1;5;5;7;2;3;6;4;30;28;39;52;12;4;17;11;49;19;25;10;18;2;14;29;28;;25;
9103;Valle del Cauca;Cali;Hombre;DESERTORES;0;0;22;14;17;11;16;9;25;20;18;17;12;14;13;14;9;20;21;17;29;14;61;18;19;9;27;27;30;32;15;30;27;31;38;32;11;28;30;34;16;13;11;7;6;7;0;1;0;0;0;;0;
9104;"Bogotá, d. c.";"Bogotá, D.C.";Mujer;DESERTORES;;;;;;;0;;;;;;;;;;0;0;0;0;19;24;14;6;29;2;0;1;9;18;12;20;21;21;87;48;47;65;112;81;81;103;68;32;108;109;53;18;91;125;123;141;124;83
9104;"Bogotá, d. c.";"Bogotá, D.C.";Hombre;DESERTORES;;;;;;;;;;;;;;;;;0;0;0;1;113;41;92;31;129;118;2;0;79;93;42;86;118;140;102;58;38;61;96;86;60;61;31;24;15;17;7;8;18;18;8;4;2;0
9105;Bolívar;Cartagena de Indias;Mujer;DESERTORES;0;0;3;3;3;1;8;2;2;0;7;5;7;12;2;3;7;11;4;3;3;8;3;1;3;5;4;6;4;1;3;5;8;3;29;23;28;54;27;13;35;34;52;17;35;26;48;46;96;161;128;109;503;64
9105;Bolívar;Cartagena de Indias;Hombre;DESERTORES;0;0;18;23;19;39;17;10;7;7;25;30;50;54;29;20;18;22;12;23;20;31;29;12;17;20;35;29;9;8;45;26;27;10;44;26;12;53;63;33;46;28;20;9;4;14;9;10;38;94;11;26;4;1
9107;"Bogotá, d. c.";"Bogotá, D.C.";Mujer;DESERTORES;;;;;;;;;0;0;0;0;;;;;0;0;0;0;11;16;4;43;27;25;25;35;14;57;41;73;65;79;92;23;43;57;20;29;35;19;17;33;21;13;12;28;28;23;24;30;22;32
9107;"Bogotá, d. c.";"Bogotá, D.C.";Hombre;DESERTORES;;;;;;;;;;;;;;;;;;;0;0;46;55;2;67;84;60;78;66;13;78;35;26;55;52;35;22;63;80;31;36;38;24;31;30;33;21;9;25;28;26;55;30;24;45
9110;"Bogotá, d. c.";"Bogotá, D.C.";Mujer;DESERTORES;;;;;;;;;;;;;;;;;;;;;;;;;0;0;77;482;1024;4515;12617;4789;21334;16580;22271;11678;35575;38044;16031;36009;16522;42407;415;44947;1551;50531;17408;52128;2680;65668;311;82262;268;63347
9110;"Bogotá, d. c.";"Bogotá, D.C.";Hombre;DESERTORES;;;;;;;;;;;;;;;;;;;;;;;;;0;0;61;370;761;3552;10973;3758;15341;10897;16925;9030;29837;33896;12819;31909;14252;37445;368;34439;532;32023;3275;22410;734;23883;101;29936;68;22379
9116;Chocó;Quibdó;Mujer;DESERTORES;;;;;;;;;;;;;;;;;;;;;0;0;7;12;27;52;56;44;98;83;42;64;45;60;87;81;88;120;105;118;151;0;15;448;149;164;175;162;226;247;217;182;196;182
9116;Chocó;Quibdó;Hombre;DESERTORES;;;;;;;;;;;;;;;;;;;;;0;0;9;14;16;32;20;17;32;21;11;13;9;25;33;54;38;81;74;63;88;2;3;198;45;60;64;59;57;83;63;55;54;46
9117;"Bogotá, d. c.";"Bogotá, D.C.";Mujer;DESERTORES;;;;;;;;;;;;;;;;;;;0;0;9;8;6;9;5;6;10;12;4;10;14;8;6;8;4;5;4;3;4;3;5;8;4;7;7;3;3;0;5;2;0;2;2;2
9117;"Bogotá, d. c.";"Bogotá, D.C.";Hombre;DESERTORES;;;;;;;;;;;;;;;;;;;0;;;;0;1;0;0;;;0;1;0;0;1;0;1;2;1;0;1;0;0;2;3;1;2;0;1;1;3;0;0;0;1;0
9119;Atlántico;Barranquilla;Mujer;DESERTORES;;;;;;;;;;;;;;;;;;;0;0;11;55;51;28;107;96;116;141;168;132;173;230;317;459;610;671;744;940;889;1202;1226;1499;1223;1280;1027;1372;1375;928;1159;1273;1362;1501;1574;1549
9119;Atlántico;Barranquilla;Hombre;DESERTORES;;;;;;;;;;;;;;;;;;;0;0;10;45;38;31;88;90;79;105;103;112;172;171;181;280;431;492;475;661;638;829;872;1067;746;831;674;788;748;564;597;678;640;647;556;550
9120;Antioquia;Medellín;Mujer;DESERTORES;;;;;;;;;;;;;;;;;;;;0;0;7;13;9;12;14;23;9;10;15;16;11;19;25;24;19;22;34;34;21;35;44;54;45;51;52;71;46;52;48;64;63;56;65
9120;Antioquia;Medellín;Hombre;DESERTORES;;;;;;;;;;;;;;;;;;;;0;0;9;10;8;12;9;23;19;18;17;15;22;38;26;37;17;29;34;43;51;37;28;33;42;48;33;50;24;30;31;21;25;18;14
9121;Bolívar;Cartagena de Indias;Mujer;DESERTORES;;;;;;;;;;;;;;;;;;;;0;0;1;2;3;9;16;24;23;61;58;79;51;163;176;207;164;150;162;170;272;165;151;186;168;239;276;404;118;176;262;236;264;242;310
9121;Bolívar;Cartagena de Indias;Hombre;DESERTORES;;;;;;;;;;;;;;;;;;;;0;0;1;5;0;10;16;12;11;34;24;26;32;51;61;110;108;97;106;145;172;141;113;131;125;166;138;149;76;81;84;83;58;61;63
9122;Santander;Bucaramanga;Mujer;DESERTORES;0;0;2;10;18;13;11;17;22;18;19;30;41;35;43;43;36;46;33;14;29;32;46;29;29;30;55;35;31;42;42;34;32;38;31;32;27;41;31;22;26;33;29;18;20;22;40;29;21;26;55;33;26;33
9122;Santander;Bucaramanga;Hombre;DESERTORES;0;0;1;3;6;6;2;6;4;8;10;12;17;17;12;15;15;17;6;8;11;17;17;10;16;16;42;28;29;24;21;22;19;24;18;12;23;33;32;14;31;28;14;24;15;22;21;10;10;8;7;17;18;5
9124;Antioquia;Marinilla;Mujer;DESERTORES;;;;;;;;;;;;;;;;;;;;;0;0;0;3;1;36;0;10;72;25;3;0;1;1;14;22;10;58;14;1;4;16;14;22;1;3;3;19;23;7;1;3;2;2
9124;Antioquia;Marinilla;Hombre;DESERTORES;;;;;;;;;;;;;;;;;;;;;0;0;0;3;1;25;0;6;43;19;4;2;2;4;11;10;16;68;14;8;5;12;5;8;0;0;0;6;4;0;1;1;1;0
9125;Antioquia;Santa Fé de Antioquia;Mujer;DESERTORES;;;;;;;;;;;;;;;;0;0;2;2;4;3;3;6;2;16;11;5;45;6;17;13;9;7;12;9;12;5;2;2;1;3;2;3;0;1;8;3;2;2;6;;;;
9125;Antioquia;Santa Fé de Antioquia;Hombre;DESERTORES;;;;;;;;;;;;;;;;0;0;5;2;3;3;0;5;2;5;12;3;19;3;9;5;4;4;6;9;5;2;5;3;4;0;3;0;1;0;0;1;0;0;2;;;;
9126;Atlántico;Barranquilla;Mujer;DESERTORES;;;;;;;;;;;;;;;;;;;;;;;;;0;0;0;0;0;3;1;0;1;2;17;17;31;56;30;21;39;28;46;28;40;40;92;30;46;51;52;43;58;43
9126;Atlántico;Barranquilla;Hombre;DESERTORES;;;;;;;;;;;;;;;;;;;;;;;;;0;0;0;0;2;3;4;3;2;9;18;16;38;35;74;95;68;55;34;54;35;28;24;27;17;13;12;8;15;7
9127;Antioquia;Sabaneta;Mujer;DESERTORES;;;;;;;;;;;;;;;;;;;;;;;0;0;92;91;48;47;43;38;25;31;61;44;54;66;88;100;98;78;104;85;172;54;66;57;81;73;69;58;59;84;61;82
9127;Antioquia;Sabaneta;Hombre;DESERTORES;;;;;;;;;;;;;;;;;;;;;;;0;0;21;25;21;29;14;17;21;22;21;35;63;51;53;57;83;63;92;64;74;38;43;38;32;35;35;36;24;29;31;25
9128;"Bogotá, d. c.";"Bogotá, D.C.";Mujer;DESERTORES;;;;;;;;;;;;;;;;;;;;;;;;0;0;1;38;82;99;100;138;236;70;109;103;98;51;95;122;87;82;84;84;101;48;125;134;77;42;116;87;149;67;170
9128;"Bogotá, d. c.";"Bogotá, D.C.";Hombre;DESERTORES;;;;;;;;;;;;;;;;;;;;;;;;0;0;1;14;28;26;44;64;57;25;47;68;55;37;69;97;73;88;63;37;66;32;66;56;27;20;22;20;27;17;24
9129;"Bogotá, d. c.";"Bogotá, D.C.";Mujer;DESERTORES;;;;;;;;;;;;;;;;;;;;;;;;;0;0;5;12;30;32;36;51;58;39;68;53;83;114;102;95;130;122;121;101;129;177;153;100;119;156;153;155;151;169
9129;"Bogotá, d. c.";"Bogotá, D.C.";Hombre;DESERTORES;;;;;;;;;;;;;;;;;;;;;;;;;0;0;2;12;22;45;73;95;60;76;65;63;91;109;116;134;88;103;86;79;71;99;91;59;74;57;49;63;60;52
9131;"Bogotá, d. c.";"Bogotá, D.C.";Mujer;DESERTORES;;;;;;;;;;;;;;;;;;;;;;;;;;;0;0;0;3;2;3;5;5;10;5;28;35;41;15;16;20;18;16;39;68;56;44;95;109;120;167;125;133
9131;"Bogotá, d. c.";"Bogotá, D.C.";Hombre;DESERTORES;;;;;;;;;;;;;;;;;;;;;;;;;;;0;0;5;16;7;12;8;23;7;13;39;43;37;41;32;37;17;28;35;38;26;25;33;29;31;49;45;32
9132;"Bogotá, d. c.";"Bogotá, D.C.";Mujer;DESERTORES;;;;;;;;;;;;;;;;;;;;;;;;;;;;;0;;;;;;;;;;;;;;;;;;;;;;;;;
9132;"Bogotá, d. c.";"Bogotá, D.C.";Hombre;DESERTORES;;;;;;;;;;;;;;;;;;;;;;;;;;;;;0;;;;;;;;;;;;;;;;;;;;;;;;;
9899;"Bogotá, d. c.";"Bogotá, D.C.";Mujer;DESERTORES;;;;;;;;;;;;;;;;;;;;;;;;;;;0;0;26;63;55;99;124;159;183;205;482;102;846;1;0;3;202;34;418;453;319;5;703;1;453;1;;446
9899;"Bogotá, d. c.";"Bogotá, D.C.";Hombre;DESERTORES;;;;;;;;;;;;;;;;;;;;;;;;;;;0;0;34;114;96;105;121;126;139;193;407;89;706;1;0;4;147;8;350;275;144;;1;;240;148;;117
9900;Antioquia;Medellín;Mujer;DESERTORES;;;;;;;;;;;;;;;;;;;;;;;;;;;;;;;0;0;3;3;3;16;21;19;27;18;40;29;32;35;64;46;36;24;28;28;40;47;62;66
9900;Antioquia;Medellín;Hombre;DESERTORES;;;;;;;;;;;;;;;;;;;;;;;;;;;;;;;0;0;4;2;5;12;20;11;24;29;29;25;33;34;29;33;33;16;19;20;18;21;31;21
9902;Santander;Bucaramanga;Mujer;DESERTORES;;;;;;;;;;;;;;;;;;;;;;;;;;;;;;;;0;0;0;3;0;6;20;15;15;14;15;19;29;20;35;34;25;37;29;31;42;42;32
9902;Santander;Bucaramanga;Hombre;DESERTORES;;;;;;;;;;;;;;;;;;;;;;;;;;;;;;;;0;0;0;6;2;9;24;11;14;11;18;11;23;22;17;31;23;23;18;24;23;23;19
9903;"Bogotá, d. c.";"Bogotá, D.C.";Mujer;DESERTORES;;;;;;;;;;;;;;;;;;;;;;;;;;;;0;0;6;38;27;37;68;266;78;226;16;4;118;73;45;145;77;119;103;73;9;24;37;47;54;72;75
9903;"Bogotá, d. c.";"Bogotá, D.C.";Sin informaci¿n;DESERTORES;;;;;;;;;;;;;;;;;;;;;;;;;;;;;;;;0;0;0;;;;;;;;;;;;;;;;;;;;
9903;"Bogotá, d. c.";"Bogotá, D.C.";Hombre;DESERTORES;;;;;;;;;;;;;;;;;;;;;;;;;;;;0;0;2;36;45;37;74;219;89;143;21;12;144;60;38;79;41;55;39;27;3;6;24;9;15;21;10
9904;"Bogotá, d. c.";"Bogotá, D.C.";Mujer;DESERTORES;;;;;;;;;;;;;;;;;;;;;;;;;;;;;0;0;1;4;11;12;13;32;60;80;112;181;171;135;169;174;252;264;363;180;264;242;236;205;236;599
9904;"Bogotá, d. c.";"Bogotá, D.C.";Sin informaci¿n;DESERTORES;;;;;;;;;;;;;;;;;;;;;;;;;;;;;;;;;;0;0;0;1;1;;0;2;;;;;;;;;;;;;
9904;"Bogotá, d. c.";"Bogotá, D.C.";Hombre;DESERTORES;;;;;;;;;;;;;;;;;;;;;;;;;;;;;0;0;6;7;29;14;26;53;91;81;102;167;158;128;119;119;122;142;195;62;104;97;93;74;76;145
9905;Huila;Rivera;Mujer;DESERTORES;;;;;;;;;;;;;;;;;;;;;;;;;;;;;;;0;0;7;5;1;22;39;31;60;40;61;87;70;39;37;53;80;49;63;89;68;110;67;70
9905;Huila;Rivera;Hombre;DESERTORES;;;;;;;;;;;;;;;;;;;;;;;;;;;;;;;0;0;1;3;2;13;31;27;66;47;56;84;43;36;18;27;43;33;39;61;44;41;21;21
9906;Valle del Cauca;Cali;Mujer;DESERTORES;;;;;;;;;;;;;;;;;;;;;;;;;;;;;;0;0;0;21;20;13;11;11;9;12;14;12;10;13;20;16;16;18;11;16;8;15;16;19;9
9906;Valle del Cauca;Cali;Hombre;DESERTORES;;;;;;;;;;;;;;;;;;;;;;;;;;;;;;0;0;0;17;18;18;4;12;7;10;8;12;9;17;8;3;9;4;4;5;7;2;6;4;4
9907;Huila;Neiva;Mujer;DESERTORES;;;;;;;;;;;;;;;;;;;;;;;;;;;;;;;;;0;0;3;23;30;40;41;52;55;63;99;111;87;134;140;59;95;148;85;107;108;134
9907;Huila;Neiva;Hombre;DESERTORES;;;;;;;;;;;;;;;;;;;;;;;;;;;;;;;;;0;0;5;23;26;41;42;71;83;59;76;56;50;88;71;25;25;57;36;21;33;30
9913;"Bogotá, d. c.";"Bogotá, D.C.";Mujer;DESERTORES;;;;;;;;;;;;;;;;;;;;;;;;;;;;;;;;;0;0;7;6;16;81;700;906;1020;933;1308;526;556;736;699;954;930;672;1061;458;942;746
9913;"Bogotá, d. c.";"Bogotá, D.C.";Hombre;DESERTORES;;;;;;;;;;;;;;;;;;;;;;;;;;;;;;;;;0;0;5;0;7;84;693;752;1260;670;1146;415;412;540;498;683;569;331;492;226;324;288
9914;"Bogotá, d. c.";"Bogotá, D.C.";Mujer;DESERTORES;;;;;;;;;;;;;;;;;;;;;;;;;;;;;;;;;;0;0;3;22;11;9;17;13;13;28;29;28;37;8;29;49;63;92;127;125;148
9914;"Bogotá, d. c.";"Bogotá, D.C.";Hombre;DESERTORES;;;;;;;;;;;;;;;;;;;;;;;;;;;;;;;;;;0;0;2;22;15;11;18;17;12;16;26;19;23;10;25;27;29;31;34;28;27
9915;"Bogotá, d. c.";"Bogotá, D.C.";Mujer;DESERTORES;;;;;;;;;;;;;;;;;;;;;;;;;;;;;;;;;;0;0;3;11;3;22;38;181;179;265;273;297;117;159;;187;419;200;153;256;225
9915;"Bogotá, d. c.";"Bogotá, D.C.";Sin informaci¿n;DESERTORES;;;;;;;;;;;;;;;;;;;;;;;;;;;;;;;;;;;;0;;;;;;;;;;;;;;;;;;
9915;"Bogotá, d. c.";"Bogotá, D.C.";Hombre;DESERTORES;;;;;;;;;;;;;;;;;;;;;;;;;;;;;;;;;;0;0;3;12;11;34;40;196;89;148;129;141;69;66;;89;187;81;63;107;101
9918;Cundinamarca;Cota;Mujer;DESERTORES;;;;;;;;;;;;;;;;;;;;;;;;;;;;;;;;;;;;0;;;;;;;;;;;;;;;;;;
9918;Cundinamarca;Cota;Hombre;DESERTORES;;;;;;;;;;;;;;;;;;;;;;;;;;;;;;;;;;;;0;;;;;;;;;;;;;;;;;;
9921;Nariño;Pasto;Mujer;DESERTORES;;;;;;;;;;;;;;;;;;;;;;;;;;;;;;;;;;;;;;;;0;0;3;5;3;2;3;0;3;4;4;4;6;7;4
9921;Nariño;Pasto;Hombre;DESERTORES;;;;;;;;;;;;;;;;;;;;;;;;;;;;;;;;;;;;;;;;0;0;1;2;1;1;2;1;1;0;1;1;2;0;0
9922;Risaralda;Pereira;Mujer;DESERTORES;;;;;;;;;;;;;;;;;;;;;;;;;;;;;;;;;;;;;;;0;0;44;56;61;164;161;237;160;199;174;191;141;169;150;200
9922;Risaralda;Pereira;Hombre;DESERTORES;;;;;;;;;;;;;;;;;;;;;;;;;;;;;;;;;;;;;;;0;0;24;43;36;112;103;157;103;94;84;92;60;72;51;46
9923;"Bogotá, d. c.";"Bogotá, D.C.";Mujer;DESERTORES;;;;;;;;;;;;;;;;;;;;;;;;;;;;;;;;;;;;;;;;;;;;;;0;0;0;0;0;0;;0;26
9923;"Bogotá, d. c.";"Bogotá, D.C.";Hombre;DESERTORES;;;;;;;;;;;;;;;;;;;;;;;;;;;;;;;;;;;;;;;;;;;;;;0;0;0;0;1;0;;0;7
9924;"Bogotá, d. c.";"Bogotá, D.C.";Mujer;DESERTORES;;;;;;;;;;;;;;;;;;;;;;;;;;;;;;;;;;;;;;;;;;;;;;0;0;0;11;12;21;41;35;34
9924;"Bogotá, d. c.";"Bogotá, D.C.";Hombre;DESERTORES;;;;;;;;;;;;;;;;;;;;;;;;;;;;;;;;;;;;;;;;;;;;;;0;0;2;5;10;15;18;18;10
9926;"Bogotá, d. c.";"Bogotá, D.C.";Mujer;DESERTORES;;;;;;;;;;;;;;;;;;;;;;;;;;;;;;;;;;;;;;;;;;;0;0;26;63;121;210;312;411;523;460;545;449
9926;"Bogotá, d. c.";"Bogotá, D.C.";Hombre;DESERTORES;;;;;;;;;;;;;;;;;;;;;;;;;;;;;;;;;;;;;;;;;;;0;0;50;57;113;140;171;214;206;175;204;172
9927;Antioquia;Medellín;Mujer;DESERTORES;;;;;;;;;;;;;;;;;;;;;;;;;;;;;;;;;;;;;;;;;;;0;0;42;137;80;225;525;776;765;1056;663;896
9927;Antioquia;Medellín;Hombre;DESERTORES;;;;;;;;;;;;;;;;;;;;;;;;;;;;;;;;;;;;;;;;;;;0;0;54;161;59;146;262;362;265;393;228;235
9928;"Bogotá, d. c.";"Bogotá, D.C.";Mujer;DESERTORES;;;;;;;;;;;;;;;;;;;;;;;;;;;;;;;;;;;;;;;;;;;;;0;0;2;2;2;12;22;34;18;9
9928;"Bogotá, d. c.";"Bogotá, D.C.";Hombre;DESERTORES;;;;;;;;;;;;;;;;;;;;;;;;;;;;;;;;;;;;;;;;;;;;;;0;0;1;0;1;5;5;0;1
9929;Cauca;Popayán;Mujer;DESERTORES;;;;;;;;;;;;;;;;;;;;;;;;;;;;;;;;;;;;;;;;;;;0;0;338;2;15;63;78;79;54;11;175;41
9929;Cauca;Popayán;Hombre;DESERTORES;;;;;;;;;;;;;;;;;;;;;;;;;;;;;;;;;;;;;;;;;;;0;0;173;5;10;29;18;22;5;1;32;16
9930;"Bogotá, d. c.";"Bogotá, D.C.";Mujer;DESERTORES;;;;;;;;;;;;;;;;;;;;;;;;;;;;;;;;;;;;;;;;;;;;;;0;0;3;10;1;9;4;7;8
9930;"Bogotá, d. c.";"Bogotá, D.C.";Hombre;DESERTORES;;;;;;;;;;;;;;;;;;;;;;;;;;;;;;;;;;;;;;;;;;;;;;0;0;1;2;1;4;3;2;0
9931;"Bogotá, d. c.";"Bogotá, D.C.";Mujer;DESERTORES;;;;;;;;;;;;;;;;;;;;;;;;;;;;;;;;;;;;;;;;;;;;;0;0;3;24;23;;;;;
9931;"Bogotá, d. c.";"Bogotá, D.C.";Hombre;DESERTORES;;;;;;;;;;;;;;;;;;;;;;;;;;;;;;;;;;;;;;;;;;;;;0;0;1;5;11;;;;;
9932;"Bogotá, d. c.";"Bogotá, D.C.";Mujer;DESERTORES;;;;;;;;;;;;;;;;;;;;;;;;;;;;;;;;;;;;;;;;;;;;;;;0;0;1;1;1;5;6;5
9932;"Bogotá, d. c.";"Bogotá, D.C.";Hombre;DESERTORES;;;;;;;;;;;;;;;;;;;;;;;;;;;;;;;;;;;;;;;;;;;;;;;0;0;1;0;0;0;1;0
9933;Cesar;La Paz;Mujer;DESERTORES;;;;;;;;;;;;;;;;;;;;;;;;;;;;;;;;;;;;;;;;;;;;0;0;19;7;15;26;38;37;73;63;61
9933;Cesar;La Paz;Hombre;DESERTORES;;;;;;;;;;;;;;;;;;;;;;;;;;;;;;;;;;;;;;;;;;;;0;0;0;1;1;6;7;5;6;2;6
9934;"Bogotá, d. c.";"Bogotá, D.C.";Mujer;DESERTORES;;;;;;;;;;;;;;;;;;;;;;;;;;;;;;;;;;;;;;;;;;;;;;;0;0;1;1;5;1;18;1
9934;"Bogotá, d. c.";"Bogotá, D.C.";Hombre;DESERTORES;;;;;;;;;;;;;;;;;;;;;;;;;;;;;;;;;;;;;;;;;;;;;;;0;0;0;0;0;1;8;2
9935;Santander;Barrancabermeja;Mujer;DESERTORES;;;;;;;;;;;;;;;;;;;;;;;;;;;;;;;;;;;;;;;;;;;;;;;0;0;5;5;13;9;26;
9935;Santander;Barrancabermeja;Hombre;DESERTORES;;;;;;;;;;;;;;;;;;;;;;;;;;;;;;;;;;;;;;;;;;;;;;;0;0;1;1;4;1;6;
9936;Norte de Santander;Cúcuta;Mujer;DESERTORES;;;;;;;;;;;;;;;;;;;;;;;;;;;;;;;;;;;;;;;;;;;;;;;0;0;1;6;5;19;14;16
9936;Norte de Santander;Cúcuta;Hombre;DESERTORES;;;;;;;;;;;;;;;;;;;;;;;;;;;;;;;;;;;;;;;;;;;;;;;0;0;2;1;1;6;7;3
9938;Santander;Bucaramanga;Mujer;DESERTORES;;;;;;;;;;;;;;;;;;;;;;;;;;;;;;;;;;;;;;;;;;;;;;;;;;;;;;0
9938;Santander;Bucaramanga;Hombre;DESERTORES;;;;;;;;;;;;;;;;;;;;;;;;;;;;;;;;;;;;;;;;;;;;;;;;;;;;;;0
1101;"Bogotá, d. c.";"Bogotá, D.C.";Mujer;MATRICULADOS;955;1832;2644;3419;4294;4958;5776;6438;7023;7707;7691;8478;8923;9046;9468;9206;9062;8944;9069;8893;8852;8763;8924;8929;8800;8761;8708;8733;8863;8798;8970;8874;9346;9591;10026;10205;10115;10435;10939;11277;12656;13027;14450;15566;16718;17596;19743;20438;21340;22403;23286;23505;21542;22306
1101;"Bogotá, d. c.";"Bogotá, D.C.";Sin informaci¿n;MATRICULADOS;;;;;;;1;1;1;1;1;1;1;1;1;;;;1;1;1;1;;;;;;;;;;1;2;3;3;4;5;3;3;2;2;2;2;2;1;;1;1;1;1;;;;
1101;"Bogotá, d. c.";"Bogotá, D.C.";Hombre;MATRICULADOS;1264;2286;3435;4515;5632;6548;7643;8450;9136;9891;9991;11472;12008;12411;12577;12229;12255;12104;12442;12343;12360;12412;12424;12566;12991;13133;13788;13795;14200;14486;15064;15055;14452;14525;14071;13860;13946;13714;13264;13051;12038;10926;10080;9360;8422;7700;7343;6579;5733;5143;4448;3625;2995;2597
1102;Antioquia;Medellín;Mujer;MATRICULADOS;283;245;714;875;1156;1363;1519;1634;1845;2060;1995;2341;2637;2742;3174;3192;3169;3406;3492;3428;3470;3647;3617;3611;3698;3624;3719;3711;3775;3646;3558;3539;3759;3980;4306;4440;4415;4484;4733;4838;5429;5818;6392;6924;1316;8021;8894;9149;9224;9501;9541;9332;8224;8649
1102;Antioquia;Medellín;Sin informaci¿n;MATRICULADOS;;;;;;;;;;;;1;1;1;1;1;1;1;1;1;1;1;1;;;;;;;;;1;1;1;1;1;1;1;1;1;1;1;1;;;;;;;;;;;
1102;Antioquia;Medellín;Hombre;MATRICULADOS;360;320;1023;1299;1671;2045;2322;2485;2801;3129;3036;3641;3923;4264;4550;4521;4625;4978;5162;5185;5264;5558;5641;5428;5711;5699;5981;6038;6142;6017;6082;6096;5874;5818;5641;5732;5657;5701;5441;5321;4826;4466;4014;3810;84;3267;3187;2815;2309;2069;1756;1403;1133;988
1103;Caldas;Manizales;Mujer;MATRICULADOS;135;326;451;586;786;900;1027;1184;1274;1418;1444;1497;1649;1599;1743;1597;1554;1494;1401;1390;1480;1352;1325;1331;1370;1338;1420;1417;1498;1548;1581;1604;1673;1808;2008;2010;2095;2089;2238;2296;2517;2668;2856;3008;3263;3354;3697;3775;4006;4139;4166;4162;3673;3854
1103;Caldas;Manizales;Hombre;MATRICULADOS;221;434;703;971;1204;1422;1605;1794;1977;2156;2146;2337;2460;2461;2532;2388;2392;2312;2293;2257;2341;2182;2173;2166;2321;2282;2409;2407;2592;2649;2767;2728;2615;2652;2618;2573;2640;2556;2464;2354;2101;1927;1731;1602;1431;1317;1196;968;797;670;564;450;365;311
1104;Valle del Cauca;Palmira;Mujer;MATRICULADOS;96;146;182;248;301;279;347;437;450;497;756;855;867;915;911;880;906;915;955;974;81;883;789;832;838;845;900;917;1006;1048;1105;1106;1100;1182;1216;1239;1301;1310;1321;1308;1356;1387;1466;1543;1667;1842;1978;2014;2039;2156;2134;2191;1994;2057
1104;Valle del Cauca;Palmira;Sin informaci¿n;MATRICULADOS;;;;;;;;;;;;;;;;;;;;;;;;;;;;;;;;;;;;;1;1;1;1;1;1;1;1;1;1;1;1;1;;;;;
1104;Valle del Cauca;Palmira;Hombre;MATRICULADOS;119;223;235;334;351;355;411;544;557;630;818;907;975;1021;995;983;988;989;1057;1048;55;994;861;940;985;996;1058;1107;1194;1274;1296;1314;1269;1386;1422;1454;1494;1473;1504;1437;1313;1248;1125;1094;996;934;833;719;633;537;461;402;332;267
1105;"Bogotá, d. c.";"Bogotá, D.C.";Mujer;MATRICULADOS;3489;3504;3603;3411;3348;3313;3315;3220;3184;3271;3256;3460;3709;3946;4107;4290;4438;4639;4793;5074;5285;5261;5115;5201;5309;5349;5250;5406;5459;5332;5327;5180;4897;4720;4594;4524;4350;4267;4162;4068;4391;4573;4831;5114;5148;5403;5628;6057;6225;6489;6746;6794;5994;6461
1105;"Bogotá, d. c.";"Bogotá, D.C.";Hombre;MATRICULADOS;295;366;530;659;808;970;1142;1225;1346;1513;1660;1901;2108;2296;2506;2649;2738;2932;2987;3191;3406;3451;3511;3695;3751;3915;3915;4024;4046;3990;3990;3972;3813;3908;3940;4044;3947;3947;3947;4027;3943;3902;3689;3472;3107;2958;2721;2533;2170;1914;1669;1420;1154;1145
1106;Boyacá;Tunja;Mujer;MATRICULADOS;583;956;2173;2922;2100;4050;4799;5411;5707;5742;5857;6100;6316;6362;6420;6652;6896;7310;9263;9621;9574;9631;9674;10147;9873;9829;10540;10829;10479;10606;10814;11227;11251;11430;11282;11790;11838;11957;12238;11046;11320;11876;12260;12734;13253;13765;14599;14863;15644;16329;16981;17230;15896;17392
1106;Boyacá;Tunja;Hombre;MATRICULADOS;476;825;1394;1711;686;2476;2901;3213;3485;3723;3960;4065;4108;4225;4342;4534;4837;4970;5671;5808;5961;6018;6106;6677;6532;6680;7206;7255;7043;7211;7051;7344;7486;7916;8293;8763;9283;9579;9820;9557;9037;8774;8198;7864;7212;6654;6343;5821;5249;5139;4546;3698;3252;3179
1107;Boyacá;Duitama;Mujer;MATRICULADOS;74;165;186;225;109;833;296;336;;95;186;252;291;333;518;560;575;686;1443;1429;1423;1382;1366;1398;1382;1331;1315;1403;1316;1345;1368;1431;1457;1395;1368;1407;1372;1295;1450;1439;1500;1575;1695;1780;1868;1887;1979;2036;2112;2185;2287;2208;2052;2234
1107;Boyacá;Duitama;Hombre;MATRICULADOS;119;214;266;328;128;904;404;456;1;120;242;320;351;396;603;621;673;802;1345;1360;1382;1397;1366;1440;1469;1409;1382;1449;1321;1312;1290;1293;1295;1306;1362;1309;1413;1491;1453;1482;1436;1394;1308;1275;1179;1085;1034;979;851;825;728;476;387;369
1108;Boyacá;Sogamoso;Mujer;MATRICULADOS;64;122;189;256;78;787;382;468;445;486;533;570;609;619;651;703;666;864;1301;1338;1332;917;1398;1415;1437;1371;1432;1417;1280;1331;1295;1340;1414;1500;1445;1560;1527;1562;1587;1565;1709;1844;1970;2100;2153;2272;2426;2511;2652;2748;2838;2865;2670;2835
1108;Boyacá;Sogamoso;Hombre;MATRICULADOS;88;208;292;347;133;899;534;574;630;663;720;777;810;854;839;877;901;1152;1339;1354;1348;1166;1378;1424;1437;1438;1497;1535;1348;1439;1458;1459;1517;1598;1569;1597;1630;1664;1664;1633;1553;1501;1412;1339;1191;1125;1051;947;811;771;675;425;366;327
1109;Boyacá;Chiquinquirá;Mujer;MATRICULADOS;97;121;155;135;87;158;272;127;134;147;177;227;258;289;355;383;427;466;525;547;554;559;571;583;587;550;591;615;610;628;625;658;641;585;535;535;518;469;482;463;472;497;498;522;515;539;628;552;547;567;592;565;524;572
1109;Boyacá;Chiquinquirá;Hombre;MATRICULADOS;32;37;53;45;26;72;120;68;83;77;83;108;133;148;196;207;235;260;283;292;295;306;298;291;304;304;321;346;334;328;321;318;313;334;370;367;372;384;349;368;373;383;357;351;328;316;339;272;233;219;196;140;128;119
1110;Cauca;Popayán;Mujer;MATRICULADOS;155;275;385;673;945;1318;1496;1802;;193;1960;2244;2625;2911;3114;3071;3450;3488;3776;3564;3925;3944;4017;3925;4281;4215;4179;4168;4238;4451;4886;5131;5208;5196;5505;5711;6105;5665;5582;5119;5552;5948;6864;7435;8159;;9085;9152;9940;10509;11040;11270;10430;11171
1110;Cauca;Popayán;Hombre;MATRICULADOS;167;339;540;949;1257;1614;1772;2150;;173;2276;2530;2922;3170;3257;3249;3620;3589;3923;3733;4062;4045;4205;4218;4736;4680;4715;4743;4754;4873;5281;5471;5667;5768;6042;6228;6624;6078;6039;5531;5425;5287;4981;4771;4522;;4423;4037;3840;3647;3192;2719;2388;2109
1111;Risaralda;Pereira;Mujer;MATRICULADOS;300;448;640;863;1098;1178;1567;1714;2076;;2441;2535;2994;3183;3685;3691;4055;4233;4552;4810;5130;5175;5350;5738;6148;6469;6200;6622;6296;6526;7381;7992;8970;8260;8106;8325;7769;6666;7072;7117;7662;7771;8276;8567;9397;10122;10739;11229;11701;11999;12055;12321;10633;11392
1111;Risaralda;Pereira;Hombre;MATRICULADOS;438;703;964;1396;1694;1864;2249;2403;2841;;3201;3260;3889;4178;4481;4493;4956;5153;5626;5817;6176;6378;6890;6925;7777;7689;8097;8015;8327;8115;8059;7654;8048;7709;8188;7553;8361;8253;8094;7804;7264;6894;6183;5737;5212;5103;4364;4007;3274;2804;2101;1898;1580;1430
1112;Caldas;Manizales;Mujer;MATRICULADOS;;;1;1;1;1;1;1;317;545;730;882;967;1012;1128;1089;1479;1634;2119;2449;2555;3025;3222;3486;3704;4200;4602;5013;5179;5292;5433;5760;5642;5557;6155;6021;6460;6072;6343;6897;7686;7930;8194;8378;8520;2521;8550;8578;8468;9211;9966;10966;9160;9733
1112;Caldas;Manizales;Hombre;MATRICULADOS;;;;;;;;;285;516;615;756;794;875;903;816;1116;1276;1645;1994;2159;2515;2784;3080;3389;3855;4266;4524;4783;4998;5222;5657;5604;5560;5862;5864;5992;5739;5991;6172;5860;5556;5112;4828;4378;1028;4034;3490;3171;2877;2423;2164;1743;1475
1113;Córdoba;Montería;Mujer;MATRICULADOS;988;860;1015;1075;1228;1286;1221;1263;1020;1289;1458;1838;1902;2030;2292;2266;2565;2669;3061;3215;3416;3478;3837;4025;4595;4578;4769;5034;5314;5584;6237;6474;6880;6921;7124;6948;7235;6390;6767;7189;8165;9116;9527;7601;10541;11540;12210;12357;12584;12739;12633;12386;11104;11294
1113;Córdoba;Montería;Hombre;MATRICULADOS;1073;968;1152;1270;1422;1473;1410;1375;1273;1366;1603;1867;1743;1910;2212;2158;2486;2641;3172;3400;3707;3735;4109;4344;4779;4892;5129;5245;5540;5756;6257;6500;6828;6829;7267;7178;7533;6401;6738;7287;7047;6798;5899;4266;4889;4679;4368;3730;3135;2462;1844;1430;1085;885
1114;Huila;Neiva;Mujer;MATRICULADOS;571;618;849;885;1130;1071;1370;1453;1707;1669;1789;1791;1899;1907;1951;2058;2158;2205;2455;2663;2886;3290;3792;3881;4252;4436;4568;4709;4983;5167;5309;5259;4860;4927;5265;5413;5419;5463;5817;5726;6304;6727;7432;7658;8475;9076;9785;9942;10833;10780;11504;11713;10383;10516
1114;Huila;Neiva;Hombre;MATRICULADOS;511;620;830;938;1230;1148;1402;1438;1737;1761;1861;1868;2040;2067;2204;2252;2357;2392;2686;2838;3031;3287;3589;3697;3995;4122;4126;4316;4516;4737;4902;4938;4565;4695;5094;5365;5522;5435;5825;5817;5448;5243;4785;4367;3862;3768;3339;2959;2821;2419;2106;1846;1567;1332
1115;Caquetá;Florencia;Mujer;MATRICULADOS;628;637;793;882;1001;1082;1206;1162;1201;1212;1263;1273;1264;1429;1730;1803;1822;1522;2042;2439;2411;2751;2768;2656;2654;2627;2860;2932;2826;2964;3045;3388;3326;3487;3675;3872;3967;4219;4273;4322;4280;4456;4717;5115;4973;5468;5847;5874;6226;6436;6297;6197;5400;5670
1115;Caquetá;Florencia;Hombre;MATRICULADOS;545;558;693;759;836;924;1039;1001;1029;1000;1060;1058;1081;1107;1449;1530;1536;1264;1506;1764;1685;1878;1893;1836;1843;1815;1982;2032;2072;2166;2250;2503;2534;2789;3142;3385;3601;3808;4032;4103;3764;3683;3439;3377;2807;2917;2876;2713;2526;2299;1776;1270;1008;909
1117;"Bogotá, d. c.";"Bogotá, D.C.";Mujer;MATRICULADOS;208;357;585;756;976;1170;1420;1675;1911;2143;2302;2485;2663;2783;2931;2975;3087;3239;3800;3673;4505;3685;4513;4632;4655;5245;4223;5254;5096;5427;5778;6153;6405;6426;6687;6769;7060;7144;7468;7135;7839;8098;9399;9454;10310;9988;11075;11536;12586;13021;13863;13784;12183;12956
1117;"Bogotá, d. c.";"Bogotá, D.C.";Sin informaci¿n;MATRICULADOS;;;;;;;;;;1;;1;1;1;1;1;1;1;1;1;1;;;;;;;;;;;;;;;;;;;;;;;;;;;;;;;;;
1117;"Bogotá, d. c.";"Bogotá, D.C.";Hombre;MATRICULADOS;272;470;701;830;1055;1192;1435;1627;1765;1981;2123;2308;2422;2513;2578;2643;2774;2826;3193;3227;3743;3430;3932;4349;4377;4729;4297;4887;4918;5268;5646;5946;6222;6303;6543;6685;7283;7304;7585;7302;6908;6372;6074;5673;5150;4673;4215;3807;3228;2846;2383;2065;1714;1675
1118;Chocó;Quibdó;Mujer;MATRICULADOS;;;;;;;;;;;;;;;;;247;244;1231;1336;1950;2230;2772;2811;3704;3702;4364;4138;4376;4471;4473;4257;4310;4374;4490;4175;4232;4503;4591;3823;4232;1302;5978;6054;6582;7387;8995;9708;10242;10608;11569;10780;9904;10100
1118;Chocó;Quibdó;Sin informaci¿n;MATRICULADOS;;;;;;;;;;;;;;;;;2;1;;;;;;;;;;;;;;;;;;;;;;;;;;;;;;;;;;;;
1118;Chocó;Quibdó;Hombre;MATRICULADOS;;;;;;;;;;;;;;;;;150;155;714;824;1148;1338;1728;1851;2427;2523;2949;2869;2971;3007;3104;2907;3118;3204;3526;3427;3484;3610;3964;3360;3241;476;3492;3337;3028;3091;3210;3182;2775;2561;2255;1832;1761;1617
1119;Meta;Villavicencio;Mujer;MATRICULADOS;157;319;495;648;826;823;967;1092;1320;1463;1524;1690;1776;1901;1976;2109;2213;2404;2757;2838;2931;3048;3043;3157;3038;3080;2959;2815;2709;2698;2622;2578;2589;2579;2559;2660;2698;2697;2843;2811;3026;3244;3360;3622;3846;;4388;4603;5012;5348;5766;6146;5521;5969
1119;Meta;Villavicencio;Hombre;MATRICULADOS;182;341;535;771;906;919;1058;1176;1310;1441;1567;1670;1777;1814;1859;1905;1940;2002;2402;2402;2492;2536;2448;2607;2531;2589;2524;2414;2364;2408;2415;2416;2437;2484;2563;2693;2823;2782;2850;2823;2738;2524;2256;2124;1975;;1781;1541;1357;1188;1013;871;686;543
1120;Cesar;Valledupar;Mujer;MATRICULADOS;392;772;1250;1428;1353;1496;2063;1923;2350;2408;2465;2501;2412;2289;2090;2196;1995;1744;2664;3248;3690;4135;4321;4646;4464;4656;4793;5187;5514;5814;5504;5863;6549;6287;6424;6567;6869;6985;7122;7006;7032;7423;7480;7794;8503;9143;9508;9754;10129;9968;10449;10711;9470;10540
1120;Cesar;Valledupar;Sin informaci¿n;MATRICULADOS;21;37;47;41;45;41;39;37;37;35;29;30;30;19;9;7;3;3;;;2;1;1;;1;1;2;1;;1;;;;;;;;;;1;;;;;;;;;;;;;;
1120;Cesar;Valledupar;Hombre;MATRICULADOS;241;497;900;1036;1025;1043;1453;1260;1477;1407;1577;1613;1670;1528;1285;1332;1146;1004;1959;2307;2608;2898;2980;3286;3106;3231;3442;3668;3927;4120;4007;4333;4986;4866;5113;5428;5847;6013;6178;6351;5967;5818;5219;4737;4590;4381;3957;3446;2999;2325;1911;1547;1112;944
1121;"Bogotá, d. c.";"Bogotá, D.C.";Mujer;MATRICULADOS;24;68;69;74;72;58;43;3;537;801;1327;1633;2007;2243;2392;2565;2677;2637;2944;2865;2863;2867;2922;2944;3026;3133;3165;3166;3143;3189;3256;3229;3134;3060;2960;2837;2827;2787;2668;2510;2554;2703;2974;3139;3379;3680;4046;4665;4946;5267;5528;5664;4977;5302
1121;"Bogotá, d. c.";"Bogotá, D.C.";Sin informaci¿n;MATRICULADOS;;;;;;;;;;;;;;;;;;;;;1;1;;;;;;;;;;;;;;;1;2;1;1;1;1;1;1;1;1;1;;;;;;;
1121;"Bogotá, d. c.";"Bogotá, D.C.";Hombre;MATRICULADOS;;;1;1;;3;2;1;190;286;447;565;707;801;967;1053;1142;1209;1348;1310;1389;1425;1461;1483;1498;1564;1598;1606;1631;1618;1716;1664;1795;1909;2025;2177;2240;2294;2406;2477;2384;2292;2163;1976;1787;1662;1575;1475;1266;1088;940;839;691;650
1122;Valle del Cauca;Buenaventura;Mujer;MATRICULADOS;;;;;;84;156;189;215;252;317;365;322;398;395;452;516;541;731;951;873;974;798;753;731;900;788;745;660;493;582;734;737;819;933;1105;1124;1223;1148;1259;1504;1653;1680;1742;1802;1870;2107;1918;1958;1977;2182;2482;2111;2071
1122;Valle del Cauca;Buenaventura;Hombre;MATRICULADOS;;;;;;92;182;207;247;253;334;350;313;356;328;376;396;376;456;606;615;698;734;720;716;907;857;876;754;628;680;794;781;831;924;1105;1110;1168;1080;1081;1146;1076;984;931;848;817;717;616;510;464;417;396;344;295
1123;Cesar;Aguachica;Mujer;MATRICULADOS;223;243;235;244;188;167;277;140;148;150;166;130;202;207;229;188;223;223;235;268;242;336;436;537;688;645;569;509;497;454;397;429;345;308;328;378;518;550;716;693;956;1115;1394;1433;1548;1757;1916;2020;2163;2203;2334;2289;1935;2053
1123;Cesar;Aguachica;Sin informaci¿n;MATRICULADOS;;1;1;;;;1;;;;1;;;;;;;;;;;;;;;;;;;;;;;;;;;;;;;;;;;;;;;;;;;
1123;Cesar;Aguachica;Hombre;MATRICULADOS;125;136;129;137;109;106;195;103;109;106;130;102;193;208;233;205;228;254;269;258;254;289;364;334;432;389;368;335;351;320;305;334;255;270;373;393;518;531;683;647;706;716;702;672;649;662;596;548;493;405;329;260;200;166
1124;Arauca;Arauca;Mujer;MATRICULADOS;36;34;34;79;75;73;71;93;87;65;62;62;31;29;28;17;15;7;5;1;3;;;;;;;;;;;;;;;;;;;;;;;;;;;;;;;;;
1124;Arauca;Arauca;Hombre;MATRICULADOS;26;25;22;43;42;39;39;76;67;62;62;58;48;36;43;31;23;15;8;1;2;;;;;;;;;;;;;;;;;;;;;;;;;;;;;;;;;
1125;Amazonas;Leticia;Mujer;MATRICULADOS;;;;;18;16;14;14;14;14;13;13;13;13;6;3;;;;;;;;;;;;;;;;;;;;;;;;;;;;;;;;;;;;;;
1125;Amazonas;Leticia;Hombre;MATRICULADOS;;;;;10;8;6;6;6;6;6;6;5;5;1;1;;;;;;;;;;;;;;;;;;;;;;;;;;;;;;;;;;;;;;
1201;Antioquia;Medellín;Mujer;MATRICULADOS;1057;1008;2108;2740;3872;4305;5610;4878;7482;8520;9475;10303;7854;10759;9895;10945;12697;13028;12588;11973;13241;13842;14319;14663;14448;11062;13501;13091;15633;15103;16218;17049;17352;16493;17448;13158;17671;17665;16161;15988;16637;16767;16839;16877;19019;6980;20342;18745;21862;13565;23919;25028;22421;24672
1201;Antioquia;Medellín;Sin informaci¿n;MATRICULADOS;503;901;1600;1951;2298;2192;2684;2288;3084;3266;3318;3395;2290;3198;2852;2634;2922;2861;2430;1873;2135;2111;1977;1857;1693;1329;1297;1048;1322;1204;1129;1146;1075;946;976;700;905;889;653;520;451;372;295;244;218;54;186;134;136;67;93;81;74;57
1201;Antioquia;Medellín;Hombre;MATRICULADOS;626;545;1793;2416;3501;4030;5238;3877;6700;7610;8448;9049;6455;9954;9128;10137;11450;11957;11521;10954;12343;12959;13527;13935;13989;8972;13663;12290;15199;15200;15761;16297;16727;16171;16951;13745;17835;18145;16682;16818;15742;14935;12985;12058;11499;3682;10945;8683;8798;4994;7310;6784;5744;5342
1202;Atlántico;Puerto Colombia;Mujer;MATRICULADOS;476;715;975;1097;1570;1769;1572;2063;3133;3093;497;3381;4295;4309;5122;5010;5605;5282;5646;5499;5396;5408;5616;6209;7258;8371;9237;8744;8769;9364;9988;10588;10598;10591;10911;11441;10991;11458;11351;12646;12003;12875;12748;11299;12981;12817;14825;1;16304;16691;17131;17344;15063;16193
1202;Atlántico;Puerto Colombia;Sin informaci¿n;MATRICULADOS;;1;;;;;;;;;;;;;;;;;;;;;;;;;;;;;;;;;;;;;;;;;;;;;;;;;;;;
1202;Atlántico;Puerto Colombia;Hombre;MATRICULADOS;510;869;1090;1166;1627;1688;1359;1681;2391;2441;350;2574;3217;3351;3962;3911;4203;4044;4350;4256;4196;4309;4462;4791;5904;6868;7884;7426;7874;8469;8540;9107;9103;9409;10205;10505;10484;10854;11170;12395;10402;9911;8239;6191;6283;5903;5294;;4832;3829;3056;2484;1863;1535
1203;Valle del Cauca;Cali;Mujer;MATRICULADOS;57;726;627;1943;2063;3795;3987;5324;5321;6839;6485;8072;8547;9847;10416;11556;11140;11859;7078;8619;8994;10174;9064;9785;11451;11090;12092;11029;12062;11238;11839;11447;12093;11312;11855;10940;11934;12456;12081;12203;14152;14397;16199;16506;10644;20322;15792;21875;23289;24001;25925;26065;22854;23818
1203;Valle del Cauca;Cali;Hombre;MATRICULADOS;112;663;534;2250;2382;4211;4492;5841;5694;7032;6803;8010;8159;9406;9493;10125;10036;10857;7169;8480;8835;9583;8875;9493;10375;10119;11495;10230;11650;10637;11351;10912;11348;10498;10876;10197;11454;11586;11673;11717;11651;10836;10085;9266;4069;8839;6046;7476;6635;5935;5320;4469;3653;3096
1204;Santander;Bucaramanga;Mujer;MATRICULADOS;31;3;10;4;32;3;1206;2276;2307;3103;3620;4575;4683;4947;5956;6858;6690;6749;9459;9247;9572;9632;9798;9671;9772;9708;9593;9400;9509;9331;9605;9428;9866;10240;9871;9757;9471;9096;9451;9822;10298;10683;11116;11885;12662;13631;14997;15689;16268;16720;17183;18013;16058;17474
1204;Santander;Bucaramanga;Hombre;MATRICULADOS;11;2;4;3;29;4;906;1311;2019;2621;3297;3948;4624;5030;5670;5849;6547;7073;8868;9084;9478;9666;10098;9929;10332;10480;10544;10312;10612;10376;10377;10146;10203;10449;9883;9609;9639;9078;9011;9152;8587;7871;6836;6530;5753;5455;4944;4384;3620;3224;2615;2229;1787;1645
1205;Bolívar;Cartagena de Indias;Mujer;MATRICULADOS;797;1278;1534;1779;2457;2404;2403;2533;2870;3103;3201;3410;3642;3798;3867;3930;4330;4314;5679;5668;5729;5660;5980;6322;7832;7762;9270;9848;10925;11148;10893;10874;10824;10387;9860;9297;9259;9112;8762;8580;8984;9536;9845;10223;10862;12114;13459;6175;15345;16232;17072;17536;15429;16693
1205;Bolívar;Cartagena de Indias;Hombre;MATRICULADOS;626;1076;1337;1597;2213;2204;2003;1968;2385;2322;2676;2732;3082;3176;3382;3403;3683;3617;4202;4253;4392;4533;4564;4855;5604;5754;6431;6946;7439;7486;7412;7403;7450;7420;7375;7419;7410;7435;7465;7645;7384;7149;6467;5985;5411;5330;5046;2531;4641;4025;3422;2989;2380;2293
1206;Nariño;Pasto;Mujer;MATRICULADOS;55;129;171;225;226;249;626;584;659;714;772;809;746;808;800;895;635;1041;2138;2662;2592;3267;2961;3502;3482;3553;4207;4508;4648;4640;4544;4593;4764;4820;5091;5011;5249;5262;5455;5515;6067;6398;7088;7490;8168;8413;9453;9629;9777;10270;10729;10666;9679;10352
1206;Nariño;Pasto;Hombre;MATRICULADOS;37;67;82;110;132;170;167;234;236;312;298;381;327;487;448;522;475;562;2172;2739;2717;3740;3311;4215;4085;4245;4846;5329;5309;5319;5365;5508;5588;5629;5860;5808;5950;5938;6159;6208;6104;6004;5783;5599;5174;4860;4888;4536;3988;3716;3123;2609;2161;1938
1207;Tolima;Ibagué;Mujer;MATRICULADOS;265;381;596;727;907;1026;1878;1087;2067;2262;2522;2451;1929;1735;2155;2347;1959;1988;3704;4689;7107;8058;11519;10855;15501;11949;17237;13594;17188;14186;11233;10524;10895;11100;9783;8686;8830;8436;7245;7303;8093;9039;9899;11179;12148;14089;15259;16571;16976;16998;18025;18295;15703;17580
1207;Tolima;Ibagué;Sin informaci¿n;MATRICULADOS;;;;;;;26;1;19;18;14;13;12;10;9;7;5;3;3;2;;1;;1;2;1;1;;;;;;;;;;;;;;;;;;;;;;;;;;;
1207;Tolima;Ibagué;Hombre;MATRICULADOS;255;422;633;772;930;1114;1814;1142;1891;2026;2160;1973;1715;1475;1447;1549;1218;1192;1964;2365;3205;3330;4454;4074;6014;5315;6564;5772;6895;6159;5402;5308;5734;5920;5394;5367;5619;5568;5247;5318;5521;5637;5372;5645;5616;6157;6306;6250;5432;4895;4544;4226;3477;3516
1208;Quindío;Armenia;Mujer;MATRICULADOS;1;1;1;1;340;613;904;1083;1508;1718;1901;2203;2534;2700;3136;3392;3251;3233;3506;3950;4995;5452;5964;6741;7168;7517;7839;8426;9044;9721;10060;11052;11691;11475;10218;10348;10392;9798;9371;10272;8538;8086;8217;8633;8985;9396;10208;10790;11495;11752;12105;12204;10701;11482
1208;Quindío;Armenia;Sin informaci¿n;MATRICULADOS;;;;;;1;1;1;1;1;1;;1;2;2;2;1;1;;1;1;;;;;;;1;1;1;1;1;;;;;;;;;;;;;;;;;;;;;;
1208;Quindío;Armenia;Hombre;MATRICULADOS;;;1;1;445;744;962;1081;1357;1629;1741;1981;2267;2521;2662;2797;2689;2579;2830;3031;3671;3893;4056;4426;4733;4716;4817;5059;5329;5521;5687;6086;6291;6313;6077;6420;6658;6184;6046;6720;5289;4852;4558;4497;4169;4047;3870;3734;3409;3149;2843;2646;2221;2172
1209;Norte de Santander;Cúcuta;Mujer;MATRICULADOS;917;1879;422;503;588;1313;1756;2154;2610;3060;3494;3775;3991;4909;5014;5625;5333;5696;4343;4334;4516;4960;5391;5567;6176;6785;7169;7146;7785;7311;7261;7609;7708;7940;8118;8349;8587;8458;8296;8044;8830;9114;9808;10438;10889;11718;12433;13102;13064;12510;13067;12828;11590;11693
1209;Norte de Santander;Cúcuta;Sin informaci¿n;MATRICULADOS;;;;17;7;6;6;4;5;2;1;3;2;2;2;1;1;1;2;2;1;1;;1;;1;;;;;;;;;;;;;;;;;;;;;;;;;;;;
1209;Norte de Santander;Cúcuta;Hombre;MATRICULADOS;322;616;463;606;691;1486;1916;2214;2687;2922;3351;3548;3635;4179;4279;4705;4376;4590;3752;3553;3757;3967;4326;4515;5007;5549;5745;5722;6256;5873;5937;6202;6410;6568;6958;7121;7734;7514;7661;7639;7252;6767;6269;5809;5217;5199;4768;4325;3592;2423;2078;1559;1292;1146
1210;Norte de Santander;Ocaña;Mujer;MATRICULADOS;175;286;474;613;743;835;844;389;305;442;976;541;843;1051;1048;591;1060;870;750;793;907;962;1172;1144;1445;1430;1790;1831;1861;1882;2123;2259;2443;2585;2635;2788;2972;2963;2966;3038;3129;3159;3412;3569;3580;3848;4062;4142;4302;4342;4593;4681;4165;4468
1210;Norte de Santander;Ocaña;Hombre;MATRICULADOS;35;56;114;148;197;236;265;191;125;212;519;316;478;722;745;366;779;648;680;740;822;862;1122;1079;1390;1410;1713;1726;1841;1868;2103;2282;2476;2518;2634;2718;2836;2819;2873;2936;2831;2638;2569;2351;2071;2067;1943;1658;1472;1083;936;680;577;486
1212;Norte de Santander;Pamplona;Mujer;MATRICULADOS;3810;3514;4365;4874;6168;5827;6683;5634;7035;7251;8677;9149;9873;10097;10628;11147;12634;13375;17932;19447;23246;21732;21560;20209;18745;17677;17529;15906;14609;12706;10985;10163;10173;10222;11437;11150;12359;12654;12964;12831;13205;13435;13613;13936;14571;15808;16197;16711;16786;17162;18254;18341;16572;17611
1212;Norte de Santander;Pamplona;Sin informaci¿n;MATRICULADOS;171;65;70;77;93;104;95;29;78;71;60;53;44;36;26;24;23;5;6;7;4;3;3;2;2;2;3;2;2;1;2;1;1;1;1;1;;;;;;;;;;;;;;;;;;
1212;Norte de Santander;Pamplona;Hombre;MATRICULADOS;1408;1203;1588;1936;2692;2817;3524;3065;3933;4362;5685;5928;6539;6523;7156;7412;8476;8732;11181;11679;13666;12374;12341;11353;10483;9714;9805;8961;8509;7879;7496;7356;8022;8492;9995;10259;11244;11551;12060;12074;11602;11209;10286;9638;8626;8207;7271;6503;5199;4335;3628;3004;2457;2267
1213;Magdalena;Santa Marta;Mujer;MATRICULADOS;107;99;378;492;761;857;1083;954;1338;1890;2108;2427;3002;3452;3982;4172;4476;4854;5265;5440;5923;7864;8188;8411;8281;9427;9809;10069;11275;12183;12334;13128;12172;11654;12771;11944;11073;10209;9969;9274;9698;9821;10677;11384;12427;14082;16156;17219;18292;19105;19481;20293;17377;19160
1213;Magdalena;Santa Marta;Hombre;MATRICULADOS;112;6;230;284;576;692;912;755;1086;1671;1816;2229;2714;3085;3366;3467;3715;3976;4168;4356;4652;5450;5607;5894;5961;6597;6878;7097;7751;8082;8246;8891;8561;8825;9814;9800;9689;9300;9337;9014;8465;8163;7678;7252;6749;7028;6680;6066;5576;5162;4320;3793;3076;3063
1214;Cundinamarca;Fusagasugá;Mujer;MATRICULADOS;1635;1238;1514;1522;1649;1628;1753;1826;1929;1970;2051;1980;2033;1987;1906;542;2052;2026;3165;3301;3347;3315;3472;3634;3477;3597;3740;3704;3806;3941;4138;4377;4732;4791;5109;5105;5165;5267;5450;5197;5507;5751;5976;6345;6703;7047;7401;7875;8036;8263;8358;8348;7147;7571
1214;Cundinamarca;Fusagasugá;Sin informaci¿n;MATRICULADOS;51;38;33;28;25;20;16;13;8;5;3;1;;;;;;1;;;;;;;;;;;;;;;;;;;;;;;;;;;;;;;;;;;;
1214;Cundinamarca;Fusagasugá;Hombre;MATRICULADOS;1509;1160;1431;1498;1604;1587;1825;1954;2066;2102;2217;2173;2248;2223;2223;664;2385;2369;3175;3476;3671;3626;3779;3850;3815;3927;4172;4117;4258;4370;4600;4788;4984;4955;5172;5158;5332;5451;5547;5152;4913;4698;4256;4091;3605;3382;3142;2883;2375;1934;1567;1229;978;848
1215;Cundinamarca;Girardot;Mujer;MATRICULADOS;643;635;909;974;1039;1074;1125;1111;1154;1106;1148;1070;1024;962;850;45;725;655;603;715;761;903;980;1068;1113;1208;1348;1344;1412;1512;1570;1678;1672;1588;1598;1501;1537;1256;1247;1162;1151;1133;1080;1145;1144;1203;1233;1257;1173;1242;1284;1288;1124;1151
1215;Cundinamarca;Girardot;Sin informaci¿n;MATRICULADOS;23;13;16;13;10;9;6;4;5;4;4;3;3;2;1;;1;1;;;;;1;1;1;;;;;;;;;;;;;;;;;;;;;;;;;;;;;
1215;Cundinamarca;Girardot;Hombre;MATRICULADOS;273;315;446;476;518;546;577;582;572;532;531;472;420;372;332;26;265;239;209;275;301;385;411;507;534;583;617;660;674;728;790;884;959;1021;1106;1147;1160;1052;1126;1132;1084;1020;916;911;815;730;634;593;461;395;322;251;206;178
1216;Cundinamarca;Villa de San Diego de Ubaté;Mujer;MATRICULADOS;181;135;190;185;178;184;196;186;195;179;156;148;141;123;122;22;96;98;58;83;132;151;171;185;201;212;234;228;190;231;227;216;218;214;210;206;221;212;203;207;230;247;270;290;320;336;369;402;410;432;446;446;401;438
1216;Cundinamarca;Villa de San Diego de Ubaté;Sin informaci¿n;MATRICULADOS;3;2;2;1;1;1;1;1;;;;;;;;;;;;;;;;;;;;;;;;;;;;;;;;;;;;;;;;;;;;;;
1216;Cundinamarca;Villa de San Diego de Ubaté;Hombre;MATRICULADOS;115;93;122;130;129;138;154;161;155;139;122;122;100;92;92;14;70;67;52;63;93;108;131;160;166;158;167;176;150;184;201;198;203;205;204;209;200;205;219;217;211;202;193;198;177;170;164;160;144;139;134;111;89;76
1217;Sucre;Sincelejo;Mujer;MATRICULADOS;11;92;33;1;3;1;;;;;152;259;415;473;682;811;930;1041;1317;1491;1649;1754;1786;1963;2038;2023;1672;2033;2020;2081;2112;2255;2327;2374;2384;2429;2451;2481;2474;2458;2904;2885;3506;3687;4015;4282;4552;4790;5090;5272;5485;5563;5011;5243
1217;Sucre;Sincelejo;Sin informaci¿n;MATRICULADOS;;;;;;;;;;;;;;;;;;;;;;;;;;;;;;;;;;;;1;1;1;1;1;;;1;1;1;1;;;;;;;;
1217;Sucre;Sincelejo;Hombre;MATRICULADOS;;;;;;;;;;;92;172;348;428;602;693;844;944;1198;1460;1611;1761;1937;2093;2208;2282;2002;2392;2339;2513;2580;2733;2604;2637;2692;2682;2777;2754;2759;2705;2545;2137;2170;2030;1773;1677;1422;1221;891;727;529;411;304;257
1218;La Guajira;Riohacha;Mujer;MATRICULADOS;376;541;683;87;1971;312;661;807;1157;1296;1521;1779;2142;2196;2421;2467;2588;2516;2753;2715;3299;3313;3817;4116;4347;4454;4488;4483;4637;4800;5062;5949;6351;6588;7052;7560;7991;8098;7884;7768;8011;8524;8408;8025;9032;;9520;10344;10889;11849;12935;13412;11944;13055
1218;La Guajira;Riohacha;Hombre;MATRICULADOS;67;109;161;35;359;253;448;548;722;788;880;1055;1201;1178;1342;1298;1463;1421;1583;1488;1853;1828;2077;2430;2718;2807;2967;2887;3047;3131;3364;3985;4442;4841;5399;5895;6223;6305;6257;6417;6215;6049;5475;4746;4385;;3906;3496;3003;2528;2110;1722;1317;1250
1219;Antioquia;El Carmen de Viboral;Mujer;MATRICULADOS;;;;11;21;44;62;84;125;171;164;216;222;298;378;390;486;449;505;526;549;522;633;574;511;531;413;407;388;399;339;441;344;474;409;406;346;371;251;261;362;204;212;193;200;55;166;176;218;103;254;274;228;227
1219;Antioquia;El Carmen de Viboral;Hombre;MATRICULADOS;;;;8;18;41;47;58;80;87;94;103;112;204;292;303;373;340;375;385;411;380;445;393;330;305;222;226;229;244;211;260;263;381;335;348;269;296;182;229;264;173;160;132;118;22;69;59;65;45;59;40;31;27
1220;Antioquia;Andes;Mujer;MATRICULADOS;;;;13;26;36;38;27;53;77;85;80;104;108;133;133;156;157;158;167;172;216;227;194;214;279;234;177;206;209;203;207;189;218;219;177;157;164;149;152;173;154;185;134;174;153;135;145;175;158;176;;;
1220;Antioquia;Andes;Hombre;MATRICULADOS;;;;25;27;42;42;31;68;78;94;73;85;96;115;137;168;166;151;152;172;189;182;157;169;215;180;131;149;131;117;130;134;166;192;187;170;158;134;154;152;134;138;104;92;83;71;59;38;27;21;;;
1221;Antioquia;Caucasia;Mujer;MATRICULADOS;16;41;41;43;43;21;13;29;15;33;49;54;80;130;173;224;276;274;324;334;306;251;285;276;295;418;268;273;220;172;151;125;151;148;161;125;109;131;95;92;62;68;86;122;155;144;177;149;131;163;191;;;
1221;Antioquia;Caucasia;Hombre;MATRICULADOS;23;46;42;53;53;38;32;48;31;36;90;84;104;153;213;267;326;333;351;371;356;315;316;265;295;376;234;231;177;139;104;101;114;104;119;91;84;109;100;101;80;67;60;65;70;72;78;42;50;48;47;;;
1222;Antioquia;Puerto Berrío;Mujer;MATRICULADOS;5;9;6;9;8;8;;;7;30;46;48;51;55;54;62;78;82;90;100;110;98;102;91;65;123;100;92;113;102;106;118;109;91;54;50;48;45;39;48;65;30;29;43;67;58;55;54;51;53;57;;;
1222;Antioquia;Puerto Berrío;Hombre;MATRICULADOS;2;5;4;13;13;12;8;;19;28;52;58;55;54;48;85;99;108;119;107;105;92;103;97;80;83;48;40;41;39;45;47;43;36;28;24;24;21;18;27;24;12;12;14;16;16;16;15;15;12;8;;;
1223;Antioquia;Turbo;Mujer;MATRICULADOS;24;24;23;29;41;40;45;52;56;63;120;118;142;145;197;240;268;275;315;402;462;471;500;476;390;430;431;433;392;410;339;307;306;306;270;230;153;138;119;142;183;135;145;150;145;134;167;182;247;246;326;415;364;365
1223;Antioquia;Turbo;Hombre;MATRICULADOS;28;37;35;64;81;70;70;67;73;79;123;124;135;158;208;245;242;253;270;329;379;364;413;362;298;308;326;315;296;283;194;199;195;193;173;152;112;96;113;174;176;136;119;121;102;83;84;69;82;69;67;66;51;52
1301;"Bogotá, d. c.";"Bogotá, D.C.";Mujer;MATRICULADOS;700;1037;1529;1841;2328;2578;2960;3420;3937;4250;5615;4898;5003;5066;5666;5585;5618;5404;7374;7424;7566;7601;8442;8791;8988;8491;8241;8055;8092;8136;8066;7805;7871;8356;8655;8883;9023;8755;7886;6489;7984;9513;10076;10833;12820;13695;14651;15050;17243;20013;18954;18004;14691;16051
1301;"Bogotá, d. c.";"Bogotá, D.C.";Sin informaci¿n;MATRICULADOS;1;;1;5;3;2;2;3;2;1;2;2;1;;;;;;1;;;;;;;;;;;;;;;;;;;;;;;;;;;;;;;;;;;
1301;"Bogotá, d. c.";"Bogotá, D.C.";Hombre;MATRICULADOS;1040;1867;2519;3107;4006;4474;4986;5651;6353;6807;9312;7553;7829;7747;8047;7967;7999;7618;11244;11195;11409;11781;13421;13959;14743;14506;13924;13728;13585;13741;13843;12285;11153;11234;10425;10082;10629;10166;8628;6831;6922;7179;6139;5305;5296;5145;4115;4187;3983;4007;3112;2721;2281;2086
1701;"Bogotá, d. c.";"Bogotá, D.C.";Mujer;MATRICULADOS;861;1496;2329;2726;3490;3804;6411;6944;7463;8189;9640;7002;8383;7457;7628;7751;8073;8022;10906;11245;11452;10528;10100;10175;9959;10938;10177;10151;10318;10318;10484;10302;10427;10348;10290;10263;10352;9700;9892;9887;10399;10672;11456;11837;12467;12670;14081;14532;15598;15943;16437;16402;14602;14463
1701;"Bogotá, d. c.";"Bogotá, D.C.";Hombre;MATRICULADOS;723;1249;1986;2403;2900;3186;3828;4135;4763;5087;5604;5785;6164;6237;6317;6363;6584;6438;7884;7911;8002;7545;7607;7457;7528;7905;7299;7326;7370;7398;7544;7499;7967;8327;8693;9173;9526;9206;9677;9258;8714;7997;7291;6409;5472;4465;3776;2899;2102;1476;1033;798;592;441
1702;Valle del Cauca;Cali;Mujer;MATRICULADOS;565;834;910;1136;1187;1401;1456;1738;1853;2164;2176;2342;2339;2445;2411;2534;2446;2572;2541;2589;2567;2689;2629;2590;2559;2665;2686;2833;2850;2930;2954;3035;3063;3162;3277;3281;3402;3344;3394;3540;3868;4168;4319;4562;4822;4979;5336;5481;5753;6011;6133;6269;5523;5760
1702;Valle del Cauca;Cali;Hombre;MATRICULADOS;364;645;800;979;1022;1317;1339;1637;1706;2014;2059;2281;2274;2402;2326;2412;2332;2447;2417;2485;2433;2484;2394;2418;2330;2418;2466;2568;2614;2650;2611;2742;2768;2842;3013;3139;3369;3395;3479;3288;3069;2774;2483;2207;1915;1592;1379;1054;775;556;430;314;236;193
1703;"Bogotá, d. c.";"Bogotá, D.C.";Mujer;MATRICULADOS;329;485;680;735;829;839;898;916;1115;1158;1203;1190;1130;1061;1102;1199;1242;1181;1124;1205;1337;1498;1608;1737;1954;1974;2108;2017;2094;2160;2075;2052;2176;2080;2083;1912;1817;1560;1411;1254;1162;1029;874;552;498;446;404;360;329;309;282;458;285;2729
1703;"Bogotá, d. c.";"Bogotá, D.C.";Hombre;MATRICULADOS;379;587;801;889;957;1015;1121;1111;1409;1498;1571;1574;1617;1474;1531;1713;1760;1658;1586;1604;1718;1810;2028;2021;2159;2125;2332;2154;2197;2213;2166;2096;2111;1976;2010;1835;1803;1508;1391;1226;1088;985;774;554;492;439;352;301;225;213;191;240;161;1904
1704;"Bogotá, d. c.";"Bogotá, D.C.";Mujer;MATRICULADOS;27;30;970;1386;1198;1068;1458;372;822;1024;1325;1351;1778;1862;2276;2378;2709;2873;3729;3970;4498;4629;5004;5183;5475;5315;5801;5772;6126;6323;6997;7226;8454;8106;9287;9201;9800;9207;9489;9037;10020;9923;10422;10150;10865;10414;11209;10999;11798;11510;11656;10852;9209;8905
1704;"Bogotá, d. c.";"Bogotá, D.C.";Sin informaci¿n;MATRICULADOS;;;;;;;;1;5;8;9;1;9;9;9;9;8;4;1;;;;;;;;;;;;;;;;5;5;3;3;2;2;1;1;;;;;;;;;;;;
1704;"Bogotá, d. c.";"Bogotá, D.C.";Hombre;MATRICULADOS;937;1397;1191;1047;1938;2208;2561;477;904;1121;1388;1330;1792;1865;2223;2377;2661;2700;3403;3586;4160;4158;4602;4745;4968;4789;5095;5042;5277;5387;6138;6333;7461;7075;8341;8159;9149;8568;8772;8402;8121;7676;6972;6294;5482;4909;4335;3633;3004;2474;2133;1745;1320;1103
1705;Santander;Bucaramanga;Mujer;MATRICULADOS;345;522;750;868;1129;1477;1733;1779;2233;2235;2076;2192;2274;2227;2401;2275;2447;2364;2666;2723;3177;3091;3297;3272;3472;3244;3174;3319;3297;3197;3200;3120;3004;2830;2897;2804;2723;2558;2597;2657;2720;2753;3234;3531;3857;3681;4015;4100;3716;4294;4388;4333;3692;3665
1705;Santander;Bucaramanga;Sin informaci¿n;MATRICULADOS;;;;;;;;;;;;;;;;;;;;;;;;;;;;1;1;1;;1;1;1;;;;;;;;;;;;;;;;;;;;
1705;Santander;Bucaramanga;Hombre;MATRICULADOS;281;433;624;752;1009;1057;1275;1297;1642;1717;1770;1781;1822;1780;1911;1824;1920;1843;2024;2036;2285;2247;2390;2302;2422;2347;2245;2348;2271;2251;2214;2150;2303;2238;2443;2439;2497;2369;2513;2579;2235;2090;1900;1834;1550;1312;1034;849;508;407;299;227;173;146
1706;"Bogotá, d. c.";"Bogotá, D.C.";Mujer;MATRICULADOS;490;392;852;1026;1378;1195;1751;1911;2289;2387;2854;2399;3091;2549;3327;3133;3131;3161;3611;3490;3695;3583;3685;3452;3528;3329;3567;3436;3247;3200;3384;3241;3085;2910;2871;2615;2863;2843;2723;2679;3216;3142;3474;3546;3985;4065;4417;4337;4635;4668;4802;4761;4063;3878
1706;"Bogotá, d. c.";"Bogotá, D.C.";Sin informaci¿n;MATRICULADOS;;;;;;;;;;;;;;;;;;;;;;;;;;;;;;;;;;;;;6;16;8;;;;;;;;;;;;;;;
1706;"Bogotá, d. c.";"Bogotá, D.C.";Hombre;MATRICULADOS;307;252;581;689;902;774;1090;1166;1449;1536;1891;1564;2118;1718;2379;2222;2193;2166;2293;2231;2294;2261;2310;2189;2192;2047;2197;2098;1987;1874;2040;2021;2255;2230;2487;2443;2578;2560;2693;2718;2518;2250;2017;1772;1440;1216;1033;777;503;299;224;194;130;107
1707;"Bogotá, d. c.";"Bogotá, D.C.";Mujer;MATRICULADOS;779;1223;1657;1804;2185;2252;2585;2805;3177;3453;3576;3647;3772;3777;3565;3378;3319;3167;4070;4116;4324;4330;4616;4738;4999;5164;5585;5631;5890;5892;5992;5825;5778;5492;5633;5318;5629;5445;5289;4571;4744;4579;4714;4546;4558;3789;4241;4159;4418;4511;4927;5124;4434;4558
1707;"Bogotá, d. c.";"Bogotá, D.C.";Sin informaci¿n;MATRICULADOS;10;10;13;13;10;12;13;16;17;15;13;11;11;11;8;5;1;;;;;;;;;;;;;;;;;;;;;;;;;;;;;;;;;;;;;
1707;"Bogotá, d. c.";"Bogotá, D.C.";Hombre;MATRICULADOS;733;1123;1466;1548;1845;1982;2224;2447;2811;3117;3333;3538;3686;3781;3679;3415;3365;3188;4069;4015;4123;4059;4391;4448;4656;4730;5122;5012;5208;5253;5176;4938;4987;4865;5068;4987;5198;5011;4957;4719;4383;3925;3477;3056;2577;1918;1653;1269;949;771;612;528;405;326
1708;Bolívar;Cartagena de Indias;Mujer;MATRICULADOS;632;617;599;561;516;461;431;411;447;418;410;419;437;412;441;408;444;431;556;537;603;599;628;618;652;604;543;510;465;400;409;372;308;301;256;235;219;201;182;146;187;171;188;174;193;160;146;119;100;89;;;;
1708;Bolívar;Cartagena de Indias;Sin informaci¿n;MATRICULADOS;59;57;51;43;30;20;14;9;7;7;3;4;4;4;2;1;2;;1;;;;;;;;1;;1;1;1;1;1;;;;;;;;;;;;;;;;;;;;;
1708;Bolívar;Cartagena de Indias;Hombre;MATRICULADOS;473;452;432;409;390;345;322;310;359;360;351;335;373;338;376;358;400;395;462;475;537;548;551;535;554;526;513;464;421;356;343;298;267;249;240;217;214;211;183;161;176;152;144;114;116;87;66;54;42;31;;;;
1709;"Bogotá, d. c.";"Bogotá, D.C.";Mujer;MATRICULADOS;754;1046;1304;1423;1612;1678;1852;1858;2525;2596;2764;2728;2769;2774;2555;2599;2616;2636;1928;2284;2603;2879;3105;3267;3612;3673;4015;4092;4391;5489;4299;4288;4446;4485;4618;4635;4883;4981;5322;5312;5790;5603;5562;5352;5509;4727;5079;4836;5012;4867;5066;4808;4114;3934
1709;"Bogotá, d. c.";"Bogotá, D.C.";Sin informaci¿n;MATRICULADOS;;;1;1;;;1;2;1;;;;;;1;;1;;;;;;;;;;;;;;;;;;;;;;;;;;;;;;;;;;;;;
1709;"Bogotá, d. c.";"Bogotá, D.C.";Hombre;MATRICULADOS;757;1152;1515;1702;1918;2038;2273;2213;2955;3031;3283;3231;3204;3063;2987;3014;3072;3080;2798;3066;3413;3628;3859;3869;4007;4097;4348;4375;4683;5391;4794;4840;4883;4889;5083;5099;5283;5294;5624;5509;5276;4903;4458;4040;3636;2974;2827;2349;2042;1619;1354;1120;936;764
1710;Antioquia;Medellín;Mujer;MATRICULADOS;2494;816;1418;1377;2081;1999;2606;2869;3283;3460;3667;3637;4063;3961;4165;4076;4223;4027;4959;5025;5380;5266;5928;5806;6118;6075;6437;6404;6729;6581;7432;7091;7347;7040;7201;6777;7026;7123;7190;6950;7520;7474;7772;7591;8104;7606;8220;8339;8173;7971;8193;8039;7129;6908
1710;Antioquia;Medellín;Sin informaci¿n;MATRICULADOS;;;;;;;;;;1;;;;;;;;1;;;;;;;;;;;;;;;;;;;;;;;;;;;;;;;;;;;;
1710;Antioquia;Medellín;Hombre;MATRICULADOS;925;826;1562;1438;2169;2007;2734;3064;3181;3256;3444;3326;3837;3797;3934;3808;3963;3691;4317;4248;4581;4241;4621;4467;4628;4450;4745;4547;4883;4712;5282;5091;5581;5361;5953;5697;6082;6023;6417;6332;6061;5743;5236;4740;4204;3601;3109;2713;1989;1537;1175;971;737;589
1711;Cundinamarca;Chía;Mujer;MATRICULADOS;606;948;1504;1777;2178;2309;2679;2809;3111;3248;3380;3590;3703;3639;3652;3543;3552;3361;3557;3610;4006;4073;4424;4443;4607;4663;4919;4944;5160;5206;5407;5248;5242;5112;5173;4924;5715;5420;5366;5246;5893;6004;6429;6730;7293;7534;7993;8287;8790;8961;9197;9057;8146;8049
1711;Cundinamarca;Chía;Sin informaci¿n;MATRICULADOS;;1;1;1;1;1;1;1;1;1;1;1;;;;;;;;;;;;;;;;;;;;;;;;;;;;;;;;;;;;;;;;;;
1711;Cundinamarca;Chía;Hombre;MATRICULADOS;324;528;833;1012;1250;1316;1505;1568;1758;1750;1888;2138;2251;2245;2453;2361;2405;2256;2432;2453;2677;2776;3014;3076;3180;3154;3316;3304;3408;3342;3468;3413;3741;3869;4287;4225;5032;5018;5215;4972;4658;4382;3869;3472;3026;2544;2011;1623;1069;741;520;374;244;148
1712;Antioquia;Medellín;Mujer;MATRICULADOS;502;662;1050;1235;1324;1459;1835;1871;2229;2431;2742;2681;2945;2740;2905;2795;2889;2655;3433;3421;3718;3577;3766;3591;3885;3817;4053;3920;4114;3962;4140;4007;4268;4154;4545;4443;4722;4623;4879;4874;5392;5333;5751;5698;6200;6093;6650;6541;7216;7325;7698;7477;6914;6944
1712;Antioquia;Medellín;Hombre;MATRICULADOS;454;566;1006;1087;1335;1415;1851;1858;2248;2399;2755;2678;2898;2727;2893;2721;2890;2675;3548;3453;3786;3604;3727;3634;3804;3722;4023;3851;4095;3935;4154;4022;4155;4117;4384;4277;4753;4564;4709;4524;4220;3807;3435;3006;2624;2220;1806;1396;1034;757;557;423;311;249
1713;Atlántico;Barranquilla;Mujer;MATRICULADOS;;;;;;;;;873;1097;1599;1842;2242;2368;2767;2837;3138;3139;3255;3274;3328;3222;3234;3131;3301;3156;3311;3227;3233;3141;3453;3557;3985;3936;4801;4807;5501;5659;5906;6157;7347;7751;8570;8833;9403;9131;10055;10157;10677;10530;10496;10348;8880;8787
1713;Atlántico;Barranquilla;Hombre;MATRICULADOS;;;;;;;;;984;1095;1659;1815;2189;2217;2574;2609;2822;2746;2883;2893;3007;2838;2896;2684;2851;2722;2852;2732;2880;2774;3108;3207;3785;3804;4474;4548;5384;5524;5900;5866;5413;5081;4390;4032;3291;2735;2161;1669;1006;641;432;277;158;116
1714;"Bogotá, d. c.";"Bogotá, D.C.";Mujer;MATRICULADOS;;;292;499;760;874;1412;1605;1971;2227;2669;2870;3009;2921;3124;3151;3450;3566;4075;4145;4390;4335;4419;4549;4872;4916;5051;5135;4865;4760;4962;5077;5371;5114;4802;4898;4719;4413;4572;4896;5009;5372;5772;5733;6130;6249;6962;7425;7828;8215;8689;8400;7372;7266
1714;"Bogotá, d. c.";"Bogotá, D.C.";Sin informaci¿n;MATRICULADOS;;;;;1;;;;;;;;;;;;;;;;;;;;;;;;;;;;;;;;;;;;;;;;;;;;;;;;;
1714;"Bogotá, d. c.";"Bogotá, D.C.";Hombre;MATRICULADOS;;;168;283;397;485;636;749;917;1054;1306;1406;1576;1571;1736;1781;2056;2161;2510;2540;2742;2762;2955;3015;3376;3280;3827;3557;3861;3557;3307;2991;2834;3207;3841;3580;4197;4670;4876;4789;4337;4420;4156;3825;3473;2776;2428;1917;1355;939;644;443;321;259
1715;"Bogotá, d. c.";"Bogotá, D.C.";Mujer;MATRICULADOS;435;232;375;446;584;664;792;890;1047;1151;1195;1223;1249;1297;1367;1392;1436;1448;1418;1405;1451;1432;1482;1506;1542;1565;1636;1671;1704;1752;1812;1842;1978;1962;2038;2040;2108;2013;2055;1857;1885;1707;1783;1629;1730;1749;1862;1753;1807;1745;1830;1692;1460;1403
1715;"Bogotá, d. c.";"Bogotá, D.C.";Hombre;MATRICULADOS;244;377;651;730;931;1046;1233;1400;1596;1692;1801;1827;1772;1807;1770;1759;1851;1836;1839;1796;1811;1807;1841;1816;1863;1835;1892;1888;2031;2011;2154;2135;2153;2090;2093;1984;2233;2134;2124;1939;1732;1541;1357;1167;1019;912;775;577;442;316;241;181;121;89
1716;Valle del Cauca;Cali;Mujer;MATRICULADOS;2973;3323;3135;3102;2825;2746;2515;2520;2429;2415;2320;2222;2109;2019;1950;1845;1738;1702;1679;1705;1759;1987;2106;2344;2468;2553;2543;2680;2679;2688;2576;2651;2567;2511;2577;2621;2702;2548;2368;2412;2368;2246;2502;2532;2661;2567;2863;2867;3253;3366;3573;3582;3196;3022
1716;Valle del Cauca;Cali;Hombre;MATRICULADOS;1888;2140;2124;2170;2079;1978;1846;1846;1787;1830;1733;1657;1576;1535;1433;1399;1343;1286;1260;1292;1323;1471;1508;1674;1730;1795;1855;1934;1924;1901;1879;2008;2009;2070;2193;2228;2415;2367;2354;2280;1965;1668;1647;1443;1252;983;863;677;635;502;398;346;225;181
1717;Antioquia;Medellín;Mujer;MATRICULADOS;;;3493;3008;2786;2401;2269;1907;1920;1754;1610;1459;1522;1456;1654;1847;2153;2283;2573;2721;2974;2848;3011;2940;2922;2872;2914;2681;2777;2801;2942;2883;2994;2865;2838;2750;2924;2916;2894;2667;2696;2588;2662;2491;2655;2329;2493;2390;2574;2494;2544;2443;2148;1997
1717;Antioquia;Medellín;Hombre;MATRICULADOS;;;289;328;371;343;412;420;459;460;495;489;591;583;691;785;933;982;1200;1207;1407;1402;1529;1508;1610;1598;1759;1634;1800;1833;1961;1961;2204;2172;2189;2185;2409;2389;2468;2358;2311;2118;1907;1702;1514;1203;1091;890;721;604;481;398;319;270
1718;"Bogotá, d. c.";"Bogotá, D.C.";Mujer;MATRICULADOS;;;;;;;248;382;616;695;919;961;1139;1257;1481;1581;1611;1597;2000;1922;2181;2146;2281;2161;2442;2371;2138;2104;2258;2099;2310;2413;2296;918;1206;1286;1412;1394;1362;1311;1499;1424;1571;1540;1685;1483;1596;1657;1886;1991;2078;2324;2049;2074
1718;"Bogotá, d. c.";"Bogotá, D.C.";Hombre;MATRICULADOS;;;;;;;505;585;893;894;1065;1072;1217;1265;1418;1411;1437;1312;1304;1235;1367;1298;1313;1194;1329;1280;1294;1284;1414;1297;1477;1508;1534;1367;1447;1476;1634;1575;1402;1314;1189;1071;964;851;784;639;540;466;354;300;241;211;170;166
1719;"Bogotá, d. c.";"Bogotá, D.C.";Mujer;MATRICULADOS;784;1174;1683;2021;2397;2822;3408;3853;4316;4726;4850;4912;4864;4726;5017;4799;4977;5061;4940;4930;4948;4970;5728;4896;4998;4986;5035;5069;5064;4865;4896;4920;4833;4763;4769;4671;4760;4763;4751;4650;4902;4760;5075;5025;5432;4838;5249;5206;5463;5380;5220;4950;4202;3908
1719;"Bogotá, d. c.";"Bogotá, D.C.";Sin informaci¿n;MATRICULADOS;;;;;;;;;;;;;;;;;;;;;;;;;;;;1;1;1;2;2;2;2;2;2;2;1;1;1;;;;;;;;;;;;;;
1719;"Bogotá, d. c.";"Bogotá, D.C.";Hombre;MATRICULADOS;833;1278;1890;2339;2725;3028;3514;3774;4291;4542;4622;4624;4589;4481;4681;4453;4558;4607;4449;4420;4530;4614;5374;4578;4672;4592;4605;4668;4730;4718;4671;4682;4808;4655;4848;4774;4856;4971;4967;4924;4461;4084;3688;3334;2976;2576;2394;2011;1542;1280;1057;829;659;516
1720;Nariño;Pasto;Mujer;MATRICULADOS;;;18;44;312;433;313;545;822;1078;1270;1466;1575;2089;1846;2195;2386;2347;2777;2801;3218;3126;2937;3144;3661;3886;3713;3621;3515;3525;3533;3662;3820;3775;3836;3647;3708;3498;3692;3426;3666;3541;3883;3712;4029;3835;4162;4240;4503;4797;5225;5339;4626;4647
1720;Nariño;Pasto;Sin informaci¿n;MATRICULADOS;;;;;;;;;;;;;;;;;;;;;;;;;;;;1;;;;;;;;;;;;;;;;;;;;;;;;;;
1720;Nariño;Pasto;Hombre;MATRICULADOS;;;7;15;104;148;156;181;261;337;444;470;607;749;760;843;984;993;1157;1197;1388;1417;1424;1500;1630;1866;1863;1871;1862;1909;1959;2137;2304;2500;2792;2918;3050;3127;3364;3411;3433;3208;3093;2665;2320;1920;1769;1519;1318;1052;911;770;591;492
1722;Caldas;Manizales;Mujer;MATRICULADOS;436;749;1092;1237;1475;1562;1787;1839;1940;2020;2167;2191;2191;2121;2177;2149;2217;2214;2262;2214;2251;2249;2337;2281;2247;2214;2195;2182;2393;2341;2340;2215;2267;2397;2607;2672;2978;3021;3465;3571;3843;3859;4045;4001;3630;3778;3713;4103;3845;4206;4184;4086;3354;3515
1722;Caldas;Manizales;Hombre;MATRICULADOS;100;225;398;503;643;708;841;875;975;1071;1182;1188;1235;1225;1282;1232;1251;1246;1296;1275;1312;1314;1374;1353;1329;1292;1345;1324;1336;1268;1292;1262;1417;1516;1769;1885;2154;2306;2490;2541;2339;2318;2160;2068;1859;1693;1492;1362;1168;1111;958;854;699;673
1723;Santander;Bucaramanga;Mujer;MATRICULADOS;590;343;612;550;813;752;1033;995;1221;1161;1384;1370;1431;1444;1493;1561;1498;1541;1696;1727;1785;1804;1957;1996;2151;2179;2376;2324;2508;2475;2672;2602;2772;2635;2793;2668;2765;2632;2541;2347;2656;2469;2848;2689;3047;2733;3135;2975;3266;3184;3468;3234;2982;2717
1723;Santander;Bucaramanga;Hombre;MATRICULADOS;264;203;475;419;669;613;866;798;1135;1056;1290;1257;1266;1249;1334;1360;1352;1335;1487;1543;1693;1674;1874;1890;2072;2025;2221;2182;2379;2293;2504;2434;2618;2510;2755;2637;2805;2625;2578;2431;2319;2002;1839;1567;1360;1113;958;719;565;360;275;214;177;130
1724;Bolívar;Cartagena de Indias;Mujer;MATRICULADOS;1275;170;330;101;1930;1904;2156;2027;2165;1954;2031;1861;1800;1599;1494;1341;1263;1139;1191;1128;1162;1032;979;981;1250;1216;1286;1310;1331;1317;1441;1476;1532;1409;1273;1250;1173;1032;1123;1045;1383;1476;1935;2037;2478;2239;2789;2953;3313;3491;3634;3641;3165;3147
1724;Bolívar;Cartagena de Indias;Sin informaci¿n;MATRICULADOS;;;;;1;1;1;1;;;;;;;;;;;;;;;;;;;;;;;;;;;;;;;;;;;;;;;;;;;;;;
1724;Bolívar;Cartagena de Indias;Hombre;MATRICULADOS;646;96;150;65;980;911;1046;949;1064;957;981;846;862;767;752;700;674;627;662;605;623;572;617;597;793;765;883;809;972;893;906;819;907;911;1065;991;1109;1110;1213;1228;1270;1253;1196;1087;941;797;740;628;516;425;306;225;180;141
1725;"Bogotá, d. c.";"Bogotá, D.C.";Mujer;MATRICULADOS;243;384;612;756;961;1180;1451;1652;1837;1960;2115;2175;2218;2332;2353;2432;2465;2502;2694;2724;2845;2943;3094;3005;2875;2958;3041;3119;3289;3144;3311;3282;3334;3211;839;3099;3165;2912;2870;2325;2583;2283;2000;1221;1366;955;883;731;549;442;417;246;292;
1725;"Bogotá, d. c.";"Bogotá, D.C.";Sin informaci¿n;MATRICULADOS;;;;;;;;;;;;;;;;;;;1;;;;;;;;;;;;;;;;;;;;;;;;;;;;;;;;;;;
1725;"Bogotá, d. c.";"Bogotá, D.C.";Hombre;MATRICULADOS;297;456;644;802;1001;1241;1540;1698;1911;2044;2186;2236;2270;2400;2469;2520;2559;2548;2659;2717;2795;2862;3094;3046;2874;2930;3035;3063;3208;3042;3188;3052;3101;2957;834;2833;2973;2745;2751;2233;2395;2138;1780;1026;1091;775;655;522;384;290;248;146;162;
1726;Antioquia;Rionegro;Mujer;MATRICULADOS;381;597;757;884;957;991;1087;1105;1176;1192;1280;1304;1288;1187;1224;1162;1165;1236;1286;1216;1248;1301;1287;1193;1232;1263;1357;1410;1843;2190;2121;2384;2817;3081;3124;2739;2734;2631;2586;2430;2675;2644;2809;2689;2874;2634;2875;2835;3103;3064;3278;3110;2644;2669
1726;Antioquia;Rionegro;Hombre;MATRICULADOS;269;362;548;600;684;693;787;794;891;861;948;955;977;971;946;874;920;991;1052;994;1047;1017;1070;1040;1111;1078;1163;1120;1490;1603;1719;1815;2267;2417;2465;2382;2560;2439;2437;2378;2344;2202;2002;1799;1662;1520;1391;1214;1060;944;849;715;551;454
1727;Córdoba;Montería;Mujer;MATRICULADOS;446;350;462;436;591;562;730;692;858;809;946;870;968;910;959;911;858;824;910;934;949;943;953;911;899;892;848;906;953;927;968;882;975;949;1023;1018;1103;1024;1145;1116;1212;1228;1673;1696;2152;2129;2540;2590;2947;3078;3535;3501;3236;3139
1727;Córdoba;Montería;Hombre;MATRICULADOS;401;277;413;396;616;573;748;665;845;766;998;869;988;893;982;915;895;832;988;981;1030;997;1009;929;951;927;873;941;985;981;1072;1012;1074;1020;1082;1074;1170;1114;1183;1146;1040;968;928;839;726;651;567;495;355;271;226;179;146;122
1728;"Bogotá, d. c.";"Bogotá, D.C.";Mujer;MATRICULADOS;194;154;331;191;955;1013;1293;1484;1532;1573;1634;1611;1622;1649;1661;1636;1745;1806;2072;2132;2352;2361;2447;2524;2613;2716;2696;2781;2744;2864;3138;3455;3742;3547;3586;3596;3674;3612;4284;3931;4324;4370;4975;5158;5643;5315;5863;5949;6566;6826;6484;6213;5317;5273
1728;"Bogotá, d. c.";"Bogotá, D.C.";Hombre;MATRICULADOS;109;88;206;118;575;654;824;966;1074;1080;1246;1241;1304;1325;1428;1417;1511;1567;1811;1932;2035;2101;2303;2348;2524;2496;2781;2634;3139;2987;2808;2752;2500;2703;3107;3115;3689;3570;3338;3159;3080;2968;2769;2553;2189;1769;1511;1260;1035;837;633;505;380;325
1729;"Bogotá, d. c.";"Bogotá, D.C.";Mujer;MATRICULADOS;170;261;360;456;721;873;1174;1433;1541;1893;1817;1983;1996;2084;2335;2391;2353;2397;2574;2647;2908;3044;3223;3328;3583;3714;3884;4142;4089;4363;4908;5239;5715;5479;5224;5535;5449;5075;5161;5041;5501;5673;6139;6318;6926;6804;7656;8034;8663;8567;9167;9169;8117;8340
1729;"Bogotá, d. c.";"Bogotá, D.C.";Hombre;MATRICULADOS;140;298;418;489;723;991;1095;1142;1296;1406;1471;1533;1564;1595;1807;1821;1815;1770;1903;1898;2040;2074;2211;2190;2374;2360;2599;2532;3069;2994;2940;2825;2873;3327;4033;4012;4686;5026;5070;5070;4977;4829;4632;4284;3732;3264;2844;2357;1839;1392;1126;881;667;584
1730;Valle del Cauca;Palmira;Mujer;MATRICULADOS;;;;;;;;;18;31;36;49;46;64;61;94;78;89;132;137;141;133;115;135;129;129;138;138;141;146;140;138;142;144;144;139;146;158;156;154;161;174;203;226;231;228;240;254;271;297;340;341;287;272
1730;Valle del Cauca;Palmira;Hombre;MATRICULADOS;;;;;;;;;1;10;15;21;20;27;26;42;36;44;60;70;61;59;51;58;56;56;64;69;71;64;68;75;102;121;140;150;157;168;188;180;170;162;142;139;102;96;79;72;52;46;38;28;17;16
1731;Cundinamarca;Chía;Mujer;MATRICULADOS;;;;;;;;;;;73;109;196;198;264;241;261;224;25;40;141;53;42;32;;;;;;;;;;;;;;;;;;;;;;;;;;;;;;
1731;Cundinamarca;Chía;Hombre;MATRICULADOS;;;;;;;;;;;137;226;413;397;481;434;466;429;45;75;261;98;69;43;;;;;;;;;;;;;;;;;;;;;;;;;;;;;;
1732;Boyacá;Tunja;Mujer;MATRICULADOS;236;253;325;368;440;460;494;490;491;488;485;496;450;416;217;238;478;462;511;517;604;581;652;622;728;834;814;884;893;892;1076;1060;1161;1169;1255;1269;1376;1403;1471;1424;1597;1794;2096;2154;2436;2263;2659;2813;3129;3479;3682;3506;3303;3289
1732;Boyacá;Tunja;Hombre;MATRICULADOS;192;206;310;380;465;462;524;498;554;544;546;552;498;438;257;298;520;495;564;554;623;630;730;714;801;952;912;1033;1027;1103;1220;1229;1292;1302;1360;1390;1477;1487;1495;1478;1264;1273;1163;1051;881;729;605;515;383;301;217;171;113;94
1733;Magdalena;Santa Marta;Mujer;MATRICULADOS;8;13;22;18;93;106;139;155;220;242;301;336;431;431;451;427;464;488;545;555;659;668;724;707;803;771;853;813;915;934;931;857;867;811;807;789;828;830;788;786;887;956;1204;1250;1464;1378;1600;1595;1818;1928;2036;2003;1764;1766
1733;Magdalena;Santa Marta;Hombre;MATRICULADOS;7;7;17;13;62;67;92;98;124;151;192;208;296;294;310;301;331;337;403;439;537;527;580;579;597;589;622;600;627;615;611;586;623;613;668;645;678;672;709;733;710;700;641;607;525;464;438;383;318;258;220;162;104;74
1734;Boyacá;Tunja;Mujer;MATRICULADOS;1815;570;833;931;1273;1288;1853;1868;2097;2090;2223;2082;1967;1825;1773;1647;1595;1526;1699;1737;1809;1821;1990;1925;2041;2087;2323;2420;2632;2812;3042;2999;2997;2926;2967;2832;2980;2955;2904;2682;2727;2672;2877;2853;3085;2751;3095;3162;3571;3830;4188;4228;3744;3782
1734;Boyacá;Tunja;Hombre;MATRICULADOS;429;374;512;603;821;875;1210;1206;1379;1338;1412;1328;1211;1116;1098;1006;985;865;949;962;1079;1088;1142;1176;1297;1266;1438;1512;1659;1744;1912;1933;2119;2222;2458;2542;2644;2653;2786;2796;2634;2464;2223;1990;1803;1444;1397;1222;1008;805;642;516;397;298
1735;"Bogotá, d. c.";"Bogotá, D.C.";Mujer;MATRICULADOS;403;736;1056;1182;1420;1638;1815;1824;2182;2153;2264;2530;2638;2494;2570;2519;2456;2456;2663;2952;3101;3096;3274;3388;3540;3433;3717;3997;4267;4412;4981;5292;5141;5004;4490;4405;4125;3570;3921;3593;3709;3346;3687;3562;3880;3291;3489;3845;4215;4366;5208;5177;4314;4626
1735;"Bogotá, d. c.";"Bogotá, D.C.";Sin informaci¿n;MATRICULADOS;;;;;;;;;;;;;;;;;;;;;;;;;;;;;;1;;;;;;;;;;;;;;;;;;;;;;;;
1735;"Bogotá, d. c.";"Bogotá, D.C.";Hombre;MATRICULADOS;150;270;399;450;597;695;758;744;1041;1044;1105;1566;1631;1566;1719;1748;1692;1702;1834;1877;1968;1918;1976;1980;2053;1933;2215;2297;2773;2652;2638;2684;2461;2824;3442;3123;3785;4038;3899;3521;3373;3068;2904;2648;2456;2019;1507;1453;1284;1169;1096;1002;740;822
1801;"Bogotá, d. c.";"Bogotá, D.C.";Mujer;MATRICULADOS;1095;679;1253;1028;1441;1179;1883;1756;2066;1955;2338;2180;2387;1693;2659;2747;2933;3137;3350;3724;4142;4414;4626;4909;4907;5313;4946;5352;5167;5861;6333;6737;7054;6478;6212;6694;6291;5618;5449;5430;5229;4890;5109;5311;5595;4538;5068;5154;5069;5104;4799;4912;4115;3832
1801;"Bogotá, d. c.";"Bogotá, D.C.";Sin informaci¿n;MATRICULADOS;;;;;;;;;;;;;;;;;;;;;1;;;;;;;;;;;;;;;;;;;;;;;;;;;;;;;;;
1801;"Bogotá, d. c.";"Bogotá, D.C.";Hombre;MATRICULADOS;840;749;1068;1050;1284;1200;1700;1631;2080;2047;2318;2052;2280;1623;2319;2393;2532;2741;2879;3071;3371;3693;4093;4229;4671;4758;5090;4967;5674;5683;5407;5129;4923;5321;5811;5361;5836;5795;5740;5655;5183;4999;4587;4241;3768;2967;2864;2500;2089;1781;1471;1302;1034;849
1802;Quindío;Armenia;Mujer;MATRICULADOS;164;145;229;233;351;312;541;547;747;769;920;898;979;946;1000;989;954;1002;970;1026;1279;1113;1192;1158;1258;1206;1231;1218;1176;1269;1338;1412;1424;1345;1401;1323;1404;1136;1143;1087;1118;1049;1168;1146;1384;1300;1471;1398;1520;1596;1763;1752;1463;1450
1802;Quindío;Armenia;Hombre;MATRICULADOS;128;118;178;197;331;313;511;484;684;680;778;787;892;857;939;896;893;921;860;890;1110;964;1079;1028;1139;1072;1165;1085;1196;1174;1128;1128;1057;1143;1408;1190;1519;1344;1338;1264;1215;1163;1075;990;862;775;648;520;407;374;291;258;209;179
1803;"Bogotá, d. c.";"Bogotá, D.C.";Mujer;MATRICULADOS;332;715;1168;1539;1950;2328;2899;3281;3892;4466;4980;4957;4967;5049;4743;4780;4930;5116;5812;5980;6206;6389;6691;6708;6987;7050;7397;7561;7735;7770;7934;7828;7686;7438;7923;7662;7598;7121;6887;6306;6383;6144;6353;6150;6066;5837;5945;5890;6193;6256;6475;6480;5726;5800
1803;"Bogotá, d. c.";"Bogotá, D.C.";Sin informaci¿n;MATRICULADOS;2;5;12;17;18;18;20;24;25;28;27;28;26;22;18;11;13;12;13;11;11;5;6;5;4;5;4;4;4;1;;1;;;1;2;;;;;;;;;;1;;;;;;;;
1803;"Bogotá, d. c.";"Bogotá, D.C.";Hombre;MATRICULADOS;250;501;800;1083;1369;1644;2018;2277;2717;3163;3371;3406;3454;3545;3320;3258;3362;3459;4032;4198;4365;4517;4818;4915;5166;5187;5521;5690;6081;5927;5962;5847;6102;6071;6612;6632;6768;6414;6496;6151;5744;5282;4679;4212;3338;2890;2354;2002;1517;1150;964;805;643;574
1804;Atlántico;Barranquilla;Mujer;MATRICULADOS;878;1189;1817;1924;2454;2629;3016;3064;3546;3603;3626;3623;3691;3510;3545;3420;3662;3554;3899;3957;4256;4203;4430;4355;4470;4294;4766;4578;4837;4715;4573;4420;4819;4744;4752;4749;4855;4702;4572;4407;4804;4068;4332;4072;4188;3272;4097;3934;4694;4522;5068;4774;4089;4071
1804;Atlántico;Barranquilla;Sin informaci¿n;MATRICULADOS;;;;;;;;;;;;;;;;;1;1;1;;;;1;1;1;1;;;;;;;;;;;;;;;;;;;;;;;;;;;;
1804;Atlántico;Barranquilla;Hombre;MATRICULADOS;863;1327;2039;2197;2843;2914;3497;3566;4179;4373;4697;4545;4819;4632;4515;4339;4629;4450;4815;4805;4955;4764;4911;4722;4902;4715;5251;5221;5561;5421;5404;5204;5432;5404;5359;5178;5268;5045;4998;4787;4184;3421;3206;2664;2357;1750;1817;1332;1077;928;726;615;471;427
1805;Valle del Cauca;Cali;Mujer;MATRICULADOS;880;2277;2727;3687;3804;4443;4532;4459;4754;5174;5003;4939;4565;4201;3900;3786;3692;3703;4183;4628;4747;4936;4844;5178;5232;5552;5356;4961;5164;5203;5183;5193;5358;5122;5680;5675;6203;6583;7503;6765;7203;7440;8393;9298;9753;8662;10997;11895;13456;14057;15425;15771;13833;14909
1805;Valle del Cauca;Cali;Sin informaci¿n;MATRICULADOS;;24;40;44;50;61;65;65;55;62;55;53;43;35;32;29;23;21;17;17;13;10;5;5;2;2;2;2;1;1;1;;;;;;;;;;;;;;;;;;;;;;1;1
1805;Valle del Cauca;Cali;Hombre;MATRICULADOS;502;1236;1620;2206;2385;2845;2868;2833;3051;3403;3368;3271;3180;2931;2765;2626;2540;2518;2749;3051;3050;3209;3105;3258;3280;3425;3409;3129;3250;3338;3444;3517;3725;3766;4413;4725;5431;5814;6932;6043;5667;5273;5064;4956;4565;3803;3837;3498;3122;2784;2447;2124;1759;1618
1806;"Bogotá, d. c.";"Bogotá, D.C.";Mujer;MATRICULADOS;4467;1369;2115;1480;1635;1400;2489;1492;2730;1853;3029;1862;2114;2791;3359;3764;4135;3926;4761;4830;5159;5131;5337;5353;5776;5830;5868;5144;5732;5599;5456;5224;5387;5169;5140;4899;4821;4566;4357;4051;4229;4254;4446;4403;4656;4354;4728;4770;5222;5329;5578;5826;5092;4986
1806;"Bogotá, d. c.";"Bogotá, D.C.";Hombre;MATRICULADOS;3035;943;1729;1148;1439;1252;2221;1416;2492;1663;2848;1451;1963;2625;3228;3514;3829;3690;4180;4158;4506;4501;4668;4670;4862;4855;5000;4682;4824;4736;4699;4535;4721;4604;4782;4674;4706;4381;4325;4079;3841;3585;3151;2830;2399;2066;1704;1504;1165;959;760;683;503;426
1807;Valle del Cauca;Cali;Mujer;MATRICULADOS;171;466;451;667;747;682;489;1185;1155;1418;1380;1367;1458;1467;1537;1200;1408;1462;1815;1906;2261;2374;2128;2169;2106;2092;2061;2225;2457;2515;2648;2694;2597;2666;2704;2695;2976;3077;3208;3065;2791;2979;3018;3021;3127;3003;3044;3127;3519;3602;3672;3690;3243;3160
1807;Valle del Cauca;Cali;Sin informaci¿n;MATRICULADOS;;2;4;6;4;3;4;12;5;7;9;8;6;2;2;;2;2;1;1;1;1;1;;1;1;1;;;;;;;;;;;;;;;;;;;;;;;;;;;
1807;Valle del Cauca;Cali;Hombre;MATRICULADOS;77;253;243;376;444;349;282;714;712;930;837;836;926;919;805;743;863;879;995;1082;1145;1156;1020;1005;994;1028;1056;1136;1271;1384;1479;1601;1761;1864;2031;2093;2330;2445;2608;2606;2289;2246;2024;1873;1698;1514;1306;1138;1003;798;719;610;466;402
1808;Atlántico;Barranquilla;Mujer;MATRICULADOS;466;710;1323;1204;1727;1622;2045;1739;2440;1873;2467;1845;2385;1733;2140;1571;1951;1606;1877;1790;1728;1634;1692;1736;1814;1763;1853;1899;2086;2231;2444;2487;2554;2535;2593;2670;2767;2669;2207;1659;2583;2690;3112;3193;3581;3454;3874;3962;4334;4449;4588;4563;3944;3888
1808;Atlántico;Barranquilla;Sin informaci¿n;MATRICULADOS;;;;20;16;42;;3;;4;1;2;2;2;2;2;2;5;2;;1;;;;;;;;;1;;;;;;;;;;;;;;;;;;;;;;;;
1808;Atlántico;Barranquilla;Hombre;MATRICULADOS;299;445;779;591;981;816;1112;758;1251;864;1290;789;1212;761;1172;764;1135;882;1183;1091;1055;1044;1026;1036;1027;1022;1065;1108;1218;1256;1403;1434;1688;1745;1995;2124;2252;2213;1960;1568;2183;2070;1796;1657;1392;1219;1066;924;629;502;347;254;194;144
1809;Risaralda;Pereira;Mujer;MATRICULADOS;1385;1513;1713;1231;1748;1197;1716;1169;1684;1224;1788;1170;1631;1065;1612;967;1458;880;1539;1527;1679;1539;1794;1822;1542;1738;1826;1895;1988;2010;2111;2128;2053;2030;2062;2053;2103;1923;1647;1579;1708;1739;1875;1900;2150;2062;2179;2214;2354;2451;2462;2371;2029;1992
1809;Risaralda;Pereira;Hombre;MATRICULADOS;732;791;1040;621;1052;622;1079;590;1028;641;1149;627;1097;619;1191;598;1133;552;1093;1055;1150;1040;1245;1266;1023;1203;1340;1399;1535;1559;1589;1564;1659;1673;1868;1879;1915;1724;1614;1603;1400;1323;1145;1046;943;832;706;622;447;379;290;242;186;166
1810;Norte de Santander;Cúcuta;Mujer;MATRICULADOS;193;240;385;286;478;480;583;571;765;755;799;768;783;753;824;755;851;869;823;821;823;837;807;831;829;829;767;773;724;764;950;1013;1138;1081;1045;1083;1043;963;1058;1012;986;956;949;954;1087;1028;1108;1113;1193;1246;1260;1232;1012;987
1810;Norte de Santander;Cúcuta;Hombre;MATRICULADOS;174;186;319;264;448;430;556;535;623;614;660;627;663;627;710;647;700;685;635;634;670;695;693;699;710;661;729;736;841;817;789;767;686;767;924;882;995;1029;939;911;833;818;740;678;521;476;364;322;233;214;169;157;125;106
1811;Santander;Socorro;Mujer;MATRICULADOS;169;185;214;240;289;277;329;330;349;322;346;339;336;333;368;363;405;411;481;513;548;587;596;592;570;572;545;555;514;530;597;658;721;707;665;678;666;620;760;723;689;645;641;603;681;651;699;695;661;656;642;615;500;457
1811;Santander;Socorro;Hombre;MATRICULADOS;83;97;142;157;251;227;283;280;255;286;287;262;267;275;305;300;298;303;334;339;387;430;433;445;421;411;461;457;557;538;483;458;432;527;644;642;716;700;597;587;543;527;498;435;322;297;212;183;130;108;91;87;58;47
1812;Antioquia;Medellín;Mujer;MATRICULADOS;3211;2756;3247;3234;3570;3463;3996;3862;4128;4081;4253;4328;4592;4452;4613;4501;4703;4626;5050;4920;5206;5119;5629;5541;6030;5828;6284;6103;6434;6224;6484;6226;6227;5911;6011;5680;5959;5545;5421;4978;5191;4977;5276;5005;5150;4967;5254;5013;5303;5144;5342;5021;4436;4166
1812;Antioquia;Medellín;Hombre;MATRICULADOS;1614;1773;2243;2170;2471;2465;2886;2768;3061;2971;3228;3200;3369;3270;3450;3409;3515;3431;3740;3647;3902;3755;4179;4191;4502;4456;4789;4607;4971;4816;4984;4824;5074;4963;5393;5228;5561;5296;5408;5055;4638;4199;3748;3355;2859;2559;2089;1695;1273;957;753;570;459;378
1813;"Bogotá, d. c.";"Bogotá, D.C.";Mujer;MATRICULADOS;3468;3140;3194;3097;3229;3215;3359;3389;3593;3667;4033;4157;4493;4647;5058;5050;5331;5378;5788;5944;5965;6039;6153;6021;5755;5749;5890;7144;6057;6646;6972;7659;8313;8061;8486;8899;8802;8726;8667;8921;9101;9579;10119;10671;11445;12124;13063;13604;13929;14658;14769;15474;13665;13973
1813;"Bogotá, d. c.";"Bogotá, D.C.";Hombre;MATRICULADOS;4354;4010;4157;3951;4130;3907;4147;4104;4478;4480;4888;4899;5274;5239;5450;5323;5702;5675;6280;6369;6648;6850;7076;6900;6931;6943;7287;8586;7717;7616;7742;7525;7508;7785;8566;8090;8640;9522;9289;8790;8275;7594;6773;5824;4730;3796;2882;1964;1264;869;568;389;273;188
1814;Antioquia;Medellín;Mujer;MATRICULADOS;220;213;513;497;701;669;939;899;901;867;762;710;662;646;656;644;567;562;668;654;826;493;740;914;1112;1223;1377;1331;1596;1772;1949;2083;2132;2198;2269;2206;2271;2308;2182;2144;2313;2209;2422;2366;2531;2392;2470;2347;2460;2277;2272;2105;1811;1716
1814;Antioquia;Medellín;Hombre;MATRICULADOS;190;187;373;360;503;485;642;619;577;555;487;458;409;394;390;375;347;347;337;330;400;255;490;629;753;827;949;915;1141;1245;1393;1471;1620;1718;1802;1766;1882;1897;1889;1889;1777;1667;1504;1363;1262;1152;1006;903;747;623;537;477;383;350
1815;"Bogotá, d. c.";"Bogotá, D.C.";Mujer;MATRICULADOS;154;368;635;793;997;1142;1442;1629;2242;2480;3186;3447;3349;3163;3113;3046;2881;2717;2734;2959;3291;3041;2874;3162;3147;3368;3367;3522;3434;3602;3692;3821;3918;3461;3208;3269;2973;3363;2984;2747;2877;2631;2666;2617;2847;2420;2815;2763;2916;2933;3045;2919;2513;2678
1815;"Bogotá, d. c.";"Bogotá, D.C.";Sin informaci¿n;MATRICULADOS;;;;1;1;1;1;1;1;;;;1;1;1;1;1;1;1;1;;1;;;;;;;;;;;;;;;;;;;;;;;;;;;;;;;;
1815;"Bogotá, d. c.";"Bogotá, D.C.";Hombre;MATRICULADOS;147;376;633;782;997;1111;1407;1581;2111;2371;3137;3259;3264;2986;2822;2742;2774;2541;2917;2760;2688;2845;3073;3050;3415;3264;3603;3477;3734;3461;3316;3094;2839;2959;3334;2899;3230;3553;2916;2704;2489;2222;2125;1914;1609;1241;1065;801;621;528;426;407;296;310
1816;Antioquia;Medellín;Mujer;MATRICULADOS;411;343;631;781;839;1295;1211;1211;1308;1508;1454;1600;1641;1665;1573;1590;1909;1604;1426;1182;1343;1434;1798;1984;1777;2197;2052;2078;2170;2128;2330;2422;2514;2424;2478;2341;2422;2354;2249;2325;2366;2336;2464;2515;2752;2646;2907;2914;2978;3036;3107;3178;2769;2969
1816;Antioquia;Medellín;Hombre;MATRICULADOS;446;261;406;387;417;509;575;521;604;656;660;647;691;662;618;593;795;642;623;563;654;643;885;936;850;1029;987;1012;1138;1153;1292;1378;1529;1508;1669;1659;1768;1760;1759;1942;1871;1793;1725;1645;1546;1382;1296;1130;980;870;772;665;556;475
1817;Santander;Bucaramanga;Mujer;MATRICULADOS;1066;1573;1711;1976;2326;2456;2542;2751;2808;2761;2593;2504;2415;2242;2252;2157;2199;2104;2306;2425;1975;2606;2658;2687;2747;2789;2929;2891;2962;2911;2826;2655;2613;2479;2440;2173;2212;2228;2123;1964;2012;1960;2065;2029;2219;1905;2218;2315;2512;2629;2773;2858;2464;2596
1817;Santander;Bucaramanga;Hombre;MATRICULADOS;251;421;486;633;836;915;977;1091;1229;1216;1270;1220;1239;1198;1256;1230;1244;1221;1367;1330;1200;1356;1381;1358;1384;1380;1415;1439;1502;1457;1467;1383;1420;1429;1619;1556;1647;1737;1779;1799;1762;1654;1528;1366;1190;987;941;795;666;550;495;457;366;316
1818;"Bogotá, d. c.";"Bogotá, D.C.";Mujer;MATRICULADOS;3031;4090;5263;5440;6507;6871;7868;7886;8871;8941;9195;8701;8984;8529;8977;8604;8709;8555;8584;8613;9559;10827;11694;11686;13348;13526;12181;13092;14450;15547;16839;17536;17775;18208;18561;18069;17979;17974;17689;17101;16847;16528;16940;16693;17233;14940;16361;16373;17180;17192;17422;17454;15285;15709
1818;"Bogotá, d. c.";"Bogotá, D.C.";Hombre;MATRICULADOS;804;1216;1625;1877;2394;2592;3172;3369;3912;4061;4374;4238;4645;4538;5013;4967;5185;5233;5541;5628;6178;7129;7806;7831;9108;9289;8727;9458;10394;11245;12193;12535;13291;14070;14902;14916;15191;15261;15578;15322;14478;13635;12491;11527;10216;8337;7725;6676;5422;4569;3727;3056;2522;2132
1819;Santander;Barrancabermeja;Mujer;MATRICULADOS;89;86;162;215;303;327;439;433;509;571;630;590;700;626;545;544;517;486;524;542;636;702;798;778;761;791;851;794;846;825;907;826;852;819;855;780;829;779;739;681;657;647;623;574;583;470;476;420;407;391;383;378;305;342
1819;Santander;Barrancabermeja;Hombre;MATRICULADOS;23;22;57;82;105;123;156;151;185;198;227;223;246;218;193;209;202;204;165;183;231;254;290;287;288;290;300;267;308;299;325;320;378;371;454;432;488;468;492;449;432;414;381;328;287;212;166;126;91;76;61;39;27;21
1820;Magdalena;Santa Marta;Mujer;MATRICULADOS;753;562;847;646;992;1357;1070;1034;1097;1329;1144;1126;976;823;889;826;853;950;1279;1522;1371;1395;1586;1660;1771;1968;1839;1875;2008;2078;2273;2246;2291;2255;2276;2310;2339;2275;2261;2149;2159;2190;2329;2398;2640;2382;2695;2816;3070;3198;3274;3267;2927;3066
1820;Magdalena;Santa Marta;Hombre;MATRICULADOS;148;142;270;201;357;453;391;381;395;527;498;479;502;445;547;538;572;660;894;981;969;980;1058;1077;1059;1168;1143;1198;1264;1323;1415;1427;1528;1586;1660;1735;1805;1783;1850;1886;1838;1759;1652;1516;1386;1114;1012;874;732;601;496;390;318;258
1822;Cundinamarca;Girardot;Mujer;MATRICULADOS;5;17;35;45;69;87;139;152;184;210;244;245;237;227;233;235;217;203;203;199;235;231;241;227;243;251;258;267;356;367;449;455;542;527;613;599;678;665;680;620;671;658;716;670;738;627;659;652;783;779;816;817;704;709
1822;Cundinamarca;Girardot;Sin informaci¿n;MATRICULADOS;;;;;;;;;;;;;;;;;;;;;;;;1;1;1;1;1;1;;;;;;;;;;;;;;;;;;;;;;;;;
1822;Cundinamarca;Girardot;Hombre;MATRICULADOS;2;22;54;65;90;132;204;216;255;294;337;310;321;288;291;283;268;248;251;210;257;254;296;280;306;314;403;408;518;540;640;635;693;653;715;715;771;721;714;646;584;506;484;453;409;337;272;216;169;133;99;113;76;76
1823;Santander;Bucaramanga;Mujer;MATRICULADOS;5339;9;639;767;617;631;592;1174;753;2358;2025;1787;1550;1356;1242;1107;912;777;1394;1497;1923;2123;2688;2881;4081;4284;4373;4477;4552;4772;5182;5267;5266;5065;5331;5164;5392;5434;5588;5307;5586;5624;5996;5975;6309;5995;6274;6209;6270;6329;6512;6458;5552;5738
1823;Santander;Bucaramanga;Hombre;MATRICULADOS;531;858;805;1087;2903;2250;2457;2157;2126;2385;2253;2031;1838;1585;1317;1014;750;604;974;1005;1239;1335;1620;1761;2511;2636;2602;2685;2622;2697;2909;2878;3179;3130;3591;3610;3981;4217;4531;4452;4235;4033;3725;3417;3114;2702;2402;2008;1614;1365;1161;968;728;679
1824;Atlántico;Barranquilla;Mujer;MATRICULADOS;491;650;1026;1171;1701;1845;2309;2587;2853;3124;3589;3289;3173;3061;2970;2925;2898;2719;3102;3428;3374;3180;3144;3092;3082;3025;3263;3081;3013;2699;1543;3018;2975;2702;2507;2465;2565;2588;2421;2237;2372;2318;2567;2771;2903;2622;3052;3336;3715;3981;4162;4227;3900;4073
1824;Atlántico;Barranquilla;Hombre;MATRICULADOS;151;246;368;431;568;636;768;866;942;1104;1213;1141;1137;1164;1195;1202;1222;1155;1285;1378;1401;1366;1378;1341;1299;1290;1414;1345;1391;1333;681;1389;1569;1575;1771;1901;1975;2014;2180;2220;2095;1884;1772;1616;1435;1203;1106;935;764;609;477;357;225;185
1825;Caldas;Manizales;Mujer;MATRICULADOS;1214;339;438;427;457;460;639;526;863;609;814;847;772;771;873;980;1011;1044;1290;1346;1450;1407;1595;1568;1722;1826;1964;2065;2019;2029;2118;2136;2283;2283;2329;2401;2698;2676;2705;2497;2898;2832;3090;2961;3118;2793;2934;2937;3006;2889;3066;2777;2092;1975
1825;Caldas;Manizales;Hombre;MATRICULADOS;820;188;287;273;349;338;528;473;860;648;829;838;781;759;849;936;966;951;1146;1139;1194;1161;1281;1309;1347;1404;1485;1479;1486;1451;1553;1540;1701;1769;1882;1960;2199;2199;2251;2137;2018;1859;1716;1532;1321;1140;1000;823;668;484;390;336;265;206
1826;"Bogotá, d. c.";"Bogotá, D.C.";Mujer;MATRICULADOS;;;;;;;6;19;8;2523;568;1000;1365;1556;1864;2199;2644;3075;5862;5565;7486;7786;7905;8033;8108;8101;8015;7687;7917;7802;7994;7972;8331;8015;8029;8048;8305;8526;7945;7791;7703;7537;8165;8118;8666;7847;8667;9069;9837;10332;10598;10668;9397;9415
1826;"Bogotá, d. c.";"Bogotá, D.C.";Sin informaci¿n;MATRICULADOS;;;;;;;;;;;;;;;;;;;;;;1;;;;;;;;;;;;;;;;;;;;;;;;;;;;;;;;
1826;"Bogotá, d. c.";"Bogotá, D.C.";Hombre;MATRICULADOS;;;;;;;;1;;471;363;612;908;1041;1288;1453;1684;1916;3027;3054;4317;4541;4753;4980;5032;5192;5250;5395;5762;5884;6378;6635;7262;7219;7522;7720;7964;8135;7839;7739;7282;6753;6371;5864;5328;4555;4160;3645;3172;2697;2381;2030;1592;1367
1827;Caldas;Manizales;Mujer;MATRICULADOS;252;458;523;626;721;726;817;807;823;918;961;981;976;1017;964;986;1017;994;1080;1123;1187;1215;1261;1267;1266;1315;1516;1305;1639;1598;1658;1573;1536;1349;1371;1370;1339;1207;1249;1187;1547;1410;1586;1536;1607;1600;1539;1490;1523;1523;1662;1660;1301;1287
1827;Caldas;Manizales;Hombre;MATRICULADOS;103;155;214;280;348;343;391;371;363;382;414;381;380;385;387;370;369;353;386;415;469;494;529;527;592;636;718;716;788;792;737;653;691;748;861;855;1332;1442;1475;1471;1069;972;724;653;561;476;400;333;274;198;146;112;80;63
1828;Valle del Cauca;Cali;Mujer;MATRICULADOS;68;269;329;199;496;634;632;749;790;879;909;1021;1006;1072;1065;1269;1267;1507;1660;2072;1913;2144;2174;2363;2367;2514;2499;2669;2659;2783;2802;2896;2899;2904;2976;2961;3022;3063;3142;3219;3539;3640;3761;3992;4243;4465;4669;4819;5083;5402;5380;5564;5017;5232
1828;Valle del Cauca;Cali;Hombre;MATRICULADOS;61;273;326;178;456;583;577;696;719;856;866;980;953;1080;1023;1143;1168;1429;1538;1883;1703;1925;1939;2081;2061;2179;2147;2277;2303;2341;2290;2281;2186;2406;2708;2589;2976;3039;3183;2936;2776;2588;2407;2166;1832;1524;1190;925;586;354;234;154;116;73
1829;Valle del Cauca;Palmira;Mujer;MATRICULADOS;;;;;;;;;;;;43;68;95;99;187;219;259;356;402;456;569;576;678;744;833;731;891;918;622;639;613;595;562;463;463;505;505;522;547;601;584;831;1017;1137;1179;1333;1405;1569;1750;1843;1798;1602;1682
1829;Valle del Cauca;Palmira;Hombre;MATRICULADOS;;;;;;;;;;;;25;45;66;66;89;106;114;162;207;255;302;366;430;498;570;495;612;614;389;415;412;390;371;307;368;423;470;503;520;491;476;514;526;519;490;472;394;392;354;285;246;183;166
1830;Valle del Cauca;Cali;Mujer;MATRICULADOS;332;717;831;966;1051;1332;1436;1607;1691;1897;1973;2127;2148;2183;2144;2176;2118;2242;1999;2171;2250;2483;2551;2769;2842;2869;2922;3133;3261;3349;3475;3691;3811;3899;4204;4391;4696;4807;4908;4992;5233;5453;5650;5689;5848;5511;5544;5403;5618;5697;5665;5772;4914;5291
1830;Valle del Cauca;Cali;Sin informaci¿n;MATRICULADOS;;;;;;;1;1;1;1;1;1;1;2;2;2;2;1;1;2;1;;1;1;1;1;;1;1;;;1;1;1;;;;;;;;;;;;;;;;;;;;
1830;Valle del Cauca;Cali;Hombre;MATRICULADOS;574;1040;1282;1413;1517;1951;2092;2273;2275;2590;2654;2814;2840;2910;2847;2888;2645;2762;2640;2780;2804;3002;2988;3074;3193;3263;3369;3497;3604;3676;3781;3990;4048;4057;4432;4556;4938;5037;5138;4938;4562;4179;3779;3231;2797;2226;1912;1484;1117;901;780;620;446;531
1831;Tolima;Ibagué;Mujer;MATRICULADOS;254;368;564;616;771;839;969;982;1169;1286;1451;1430;1605;1583;1676;1612;1798;1812;2045;2061;2352;2370;2698;2653;2990;2914;3168;3152;3277;3120;3325;3292;3388;3253;3454;3381;3614;3429;3478;3211;3440;3270;3658;3507;3781;3435;3762;3606;3988;3912;4177;3973;3561;3357
1831;Tolima;Ibagué;Hombre;MATRICULADOS;244;342;525;561;721;765;936;971;1155;1231;1456;1467;1566;1532;1677;1651;1819;1771;1903;1904;2180;2187;2484;2421;2778;2751;3004;3010;3201;2999;3214;3204;3358;3321;3540;3468;3759;3620;3544;3257;2855;2605;2441;2133;1713;1515;1345;1074;797;565;422;324;268;213
1832;Bolívar;Cartagena de Indias;Mujer;MATRICULADOS;977;884;861;754;753;712;769;700;777;741;824;756;806;737;784;697;701;590;689;701;804;675;943;959;1366;1514;1918;1856;1962;1672;1793;1744;2054;1935;2461;2370;2625;2513;3208;2949;3403;3378;3617;3474;3857;3546;4075;4134;4405;4469;4786;4615;4036;3903
1832;Bolívar;Cartagena de Indias;Hombre;MATRICULADOS;1428;1303;1339;1233;1235;1168;1263;1191;1241;1186;1273;1159;1214;1098;1046;927;937;727;805;812;912;757;1131;1083;1538;1578;2160;2077;2446;2170;2075;1926;1945;1836;2316;2026;2678;3211;2799;2751;2487;2202;1981;1690;1440;1165;1001;735;519;418;303;202;150;112
1833;Córdoba;Montería;Mujer;MATRICULADOS;971;941;1499;1531;2073;2068;2590;2540;2622;2594;2655;2493;2257;2129;2186;2119;2023;1934;2016;1996;2114;2041;2110;2115;2213;2135;2126;2073;2176;2322;2647;2671;2925;2831;2892;3124;3158;3068;3291;3321;3768;3907;4579;4850;5470;5327;6282;6532;7161;7487;7911;8075;7234;7408
1833;Córdoba;Montería;Sin informaci¿n;MATRICULADOS;;1;1;1;1;1;1;1;1;1;1;;1;;1;1;1;1;;;;;;;;;;;;;;;;;;;;;;;;;;;;;;;;;;;;
1833;Córdoba;Montería;Hombre;MATRICULADOS;298;288;785;851;1292;1377;1805;1703;1911;1890;1923;1808;1656;1543;1562;1450;1482;1433;1473;1441;1495;1468;1567;1636;1781;1744;1855;1803;2089;2107;2121;2095;2230;2384;2938;2949;3523;3808;3925;4040;3863;3727;3535;3286;3007;2596;2301;1949;1641;1419;1155;869;660;528
1834;Bolívar;Cartagena de Indias;Mujer;MATRICULADOS;;;115;110;236;229;311;341;423;466;544;596;642;646;678;662;711;711;764;805;902;923;1020;1042;1114;1158;1300;1328;1397;1360;1422;1459;1544;1513;1507;1553;1610;1621;1723;1831;2198;2341;2918;3127;3484;2818;3475;3771;4210;4479;4814;4913;4330;4424
1834;Bolívar;Cartagena de Indias;Sin informaci¿n;MATRICULADOS;;;;;;;;;;;;;;;;;;;;;;;;;;;;;;;;;;;;;1;1;1;1;1;1;;;;;;;;;;;;
1834;Bolívar;Cartagena de Indias;Hombre;MATRICULADOS;;;84;75;167;163;241;268;303;335;407;422;456;430;459;443;469;483;490;504;485;511;553;564;608;629;708;736;792;804;848;870;996;1108;1232;1333;1386;1418;1597;1794;1867;1838;1824;1788;1698;1312;1371;1275;1099;963;833;669;512;428
1835;"Bogotá, d. c.";"Bogotá, D.C.";Mujer;MATRICULADOS;357;386;460;438;612;679;827;905;1057;1061;1140;1146;1259;1243;1296;1373;1411;1411;1562;1446;1637;1385;1576;1777;1959;1979;2173;2246;2379;478;2639;2656;2801;2743;2769;2622;2679;2615;2616;2472;2455;2483;2658;2653;2732;2440;3019;3163;3376;3642;3825;4055;3585;3668
1835;"Bogotá, d. c.";"Bogotá, D.C.";Hombre;MATRICULADOS;348;391;526;488;625;644;758;802;1010;1012;1114;1143;1237;1185;1231;1224;1300;1310;1386;1336;1431;1253;1429;1507;1716;1727;1907;1938;2045;332;2189;2256;2414;2472;2597;2526;2680;2540;2509;2499;2323;2250;2039;1881;1594;1277;1309;1139;888;770;630;581;424;389
2102;"Bogotá, d. c.";"Bogotá, D.C.";Mujer;MATRICULADOS;1625;3176;4031;4725;6652;7607;9512;8925;11947;12820;12991;13475;14245;14512;9893;8739;11150;12955;14234;19328;20337;21498;24987;23662;24836;24888;27636;27359;30665;30958;32381;32385;31636;29577;29496;28102;31425;28560;32413;27667;33210;32234;38674;40183;43576;49603;60949;66718;77628;79574;94156;100036;86036;101022
2102;"Bogotá, d. c.";"Bogotá, D.C.";Sin informaci¿n;MATRICULADOS;;;;;;;;;;1;;;1;2;;1;2;2;2;2;2;3;3;3;2;2;2;2;1;3;1;3;5;4;4;4;4;3;2;2;2;1;1;1;1;1;1;1;;;;;;
2102;"Bogotá, d. c.";"Bogotá, D.C.";Hombre;MATRICULADOS;1039;2072;2617;2871;4189;4330;5997;5551;7238;7560;7481;7698;8001;8135;5321;4329;6202;7499;8035;12412;12897;13783;17190;16559;17955;17968;21271;20999;24368;24481;25301;25208;24861;23310;24211;22921;26451;22874;26419;22351;26269;25096;27155;27126;28019;30632;32689;34421;35697;35272;37227;35557;30998;34505
2104;"Bogotá, d. c.";"Bogotá, D.C.";Mujer;MATRICULADOS;170;365;573;731;871;978;1004;1031;1018;1155;1102;1219;1289;1309;1279;1187;1110;1181;410;937;1438;2059;3066;4368;4652;5604;5807;2057;4863;4525;4786;1836;4444;3866;3975;3709;4527;5288;5359;5763;6194;6940;7116;7017;7652;8521;10897;11343;10451;10526;9829;8423;7611;7497
2104;"Bogotá, d. c.";"Bogotá, D.C.";Sin informaci¿n;MATRICULADOS;;;;;;;;;;;;;;;;1;;;;;;;;;;;;;;;;;;;;;;;;;;;;;;;;;;;;;;
2104;"Bogotá, d. c.";"Bogotá, D.C.";Hombre;MATRICULADOS;187;412;615;788;888;973;995;970;991;1146;1080;1187;1242;1227;1216;1124;1054;1136;406;583;849;1115;1545;2201;2302;2839;3012;1568;2389;2306;2468;1341;2516;2317;2543;2617;3238;3746;3671;3968;4223;4507;4562;4344;4647;5084;5970;5806;5206;5146;4698;3954;3553;3506
2106;"Bogotá, d. c.";"Bogotá, D.C.";Mujer;MATRICULADOS;;;;;;;;;;;;;;;;;;;641;985;1318;1176;1465;985;1948;1293;2741;2576;901;1487;1363;1978;1071;1877;1106;1;2100;2175;2556;2751;2992;2760;4537;5675;5415;2477;7882;6620;5190;4576;7949;8584;4537;10203
2106;"Bogotá, d. c.";"Bogotá, D.C.";Sin informaci¿n;MATRICULADOS;;;;;;;;;;;;;;;;;;;;;;;1;1;;;;;;;;;;;;;;;;;;;;;;;;;;;;;;
2106;"Bogotá, d. c.";"Bogotá, D.C.";Hombre;MATRICULADOS;1;1;1;1;1;1;;;;;1;1;1;1;;4;1;1;4507;5271;5875;6265;6407;5381;8321;5685;5625;6302;2580;5108;3421;4307;3692;5636;1434;1;2305;2846;2261;2107;2166;2125;3080;3159;2581;1452;2689;2314;1550;1588;1589;10127;9669;7083
2110;Antioquia;Medellín;Mujer;MATRICULADOS;275;541;508;532;693;819;856;833;930;946;977;963;980;987;973;887;1009;840;793;976;1006;1049;1243;1352;1496;1561;1655;1710;1716;1775;1812;1934;1925;2010;1998;2352;2195;2097;2072;2073;2444;2760;3153;3471;3423;3652;3800;3810;3700;3637;3723;3715;3077;3504
2110;Antioquia;Medellín;Hombre;MATRICULADOS;34;72;92;107;142;169;179;197;228;230;267;231;253;253;278;287;308;252;259;285;300;325;458;533;632;626;719;730;819;822;894;934;1011;1145;1243;1253;1445;1591;1653;1779;1916;2028;1941;2053;1833;1841;1734;1582;1332;1142;931;852;644;681
2114;Valle del Cauca;Cali;Mujer;MATRICULADOS;24;95;151;276;309;367;367;294;263;203;206;183;242;352;312;339;354;377;420;483;529;574;651;533;686;648;744;684;628;652;676;785;1021;1140;1222;1366;1428;1545;1693;1806;1842;1992;2038;2178;2266;2406;2539;2712;2823;2951;2915;2952;2530;2766
2114;Valle del Cauca;Cali;Hombre;MATRICULADOS;18;49;55;93;115;125;159;152;142;170;103;105;212;327;328;359;371;401;466;472;495;511;613;532;660;621;759;676;771;771;895;986;987;1091;1128;1256;1317;1417;1513;1594;1506;1472;1371;1273;1132;997;913;821;719;591;478;394;302;291
2206;Valle del Cauca;Cali;Mujer;MATRICULADOS;21;51;73;106;121;146;154;181;186;196;194;229;231;248;248;240;244;261;261;299;305;341;309;326;352;367;367;361;357;343;337;327;319;315;299;290;274;278;267;286;275;314;390;416;413;493;470;495;507;547;544;607;562;608
2206;Valle del Cauca;Cali;Hombre;MATRICULADOS;18;57;70;100;113;139;145;176;189;207;207;233;220;225;220;210;219;249;248;281;294;313;296;331;349;372;367;373;360;371;348;350;374;384;353;359;362;344;349;353;333;349;398;354;327;338;308;264;241;226;191;204;168;168
2207;Santander;Barrancabermeja;Mujer;MATRICULADOS;596;487;567;540;545;643;710;685;742;764;796;720;735;933;467;496;442;790;792;847;892;994;1103;1146;1329;1284;1522;1403;1415;1385;1665;1643;1789;1863;1994;1957;2152;2044;2149;1933;2171;2070;2250;2251;2452;2537;2873;2983;3136;3303;3633;3724;3185;3449
2207;Santander;Barrancabermeja;Sin informaci¿n;MATRICULADOS;;;;;;;;;;;;;;;;;;1;;;;;;;;;;;;;;;;;;;;;;;;;;;;;;;;;;;;
2207;Santander;Barrancabermeja;Hombre;MATRICULADOS;912;753;820;770;796;978;1048;991;1045;1092;1126;1040;1017;1266;572;609;456;823;700;708;781;843;911;1016;1138;1092;1225;1112;1159;1093;1205;1166;1370;1376;1615;1623;1807;1752;1923;1768;1705;1566;1442;1274;1138;1058;967;903;691;618;519;446;396;388
2208;Tolima;Ibagué;Mujer;MATRICULADOS;8;12;17;20;27;28;39;36;52;54;54;53;57;51;54;55;66;71;71;76;67;79;86;93;94;100;89;81;81;84;87;86;94;90;100;97;97;91;109;113;121;142;158;175;213;263;293;331;392;413;469;462;417;428
2208;Tolima;Ibagué;Hombre;MATRICULADOS;3;5;11;18;24;28;59;62;74;79;98;109;127;118;134;127;143;152;158;167;171;226;229;247;262;263;226;232;217;243;221;215;189;179;176;159;159;150;151;151;150;143;137;119;114;140;124;120;109;100;89;69;58;51
2209;Antioquia;Medellín;Mujer;MATRICULADOS;6484;6503;6344;6434;6059;5489;4866;4598;4327;4480;4514;4675;4322;4752;4462;4700;4952;5265;7852;3761;6174;3742;7493;7358;7189;7519;7814;7799;7283;7704;7350;7959;8083;8326;7916;7858;7503;7638;6678;6971;6920;7098;7706;7580;8080;7749;8241;8091;7878;7969;8053;7929;6654;7166
2209;Antioquia;Medellín;Sin informaci¿n;MATRICULADOS;;;;;;;;;;;;;;;;;;;1;1;1;1;;;;;;;;;;;;;;;;;;;;;;;;;;;;;;;;
2209;Antioquia;Medellín;Hombre;MATRICULADOS;5417;5434;5433;5692;5407;4953;4410;4281;4101;4459;4242;4412;4213;4629;4471;4506;5010;5247;6473;3861;5809;3815;6492;6574;6596;6986;7417;7633;7097;7802;7562;8063;8059;8622;7792;7759;7829;8059;6932;7198;6378;5973;5604;5143;4638;4276;3907;3515;3072;2789;2445;2169;1740;1702
2211;Bolívar;Cartagena de Indias;Mujer;MATRICULADOS;;;;;;;;30;70;73;129;143;111;114;156;145;159;138;149;142;171;178;200;201;213;227;254;262;251;278;312;336;365;335;319;394;369;338;509;585;673;734;863;909;1009;1056;1144;1123;1192;1222;1309;1308;1133;1250
2211;Bolívar;Cartagena de Indias;Hombre;MATRICULADOS;;;;;;;;58;84;90;146;185;154;167;178;160;186;179;188;175;211;221;259;275;315;314;367;367;428;399;391;366;334;334;386;350;458;575;502;454;466;448;410;406;363;336;293;261;212;189;175;139;100;84
2301;Valle del Cauca;Tuluá;Mujer;MATRICULADOS;56;7;32;6;35;33;102;210;470;503;706;753;934;902;1088;939;1174;1181;1650;1647;1817;1727;1825;1818;1914;1779;1960;1844;2058;1976;2124;2045;1986;1978;2025;2054;2060;2135;2167;2195;2271;2162;2232;2271;2558;2726;3123;3569;3914;4194;4564;4826;4461;4948
2301;Valle del Cauca;Tuluá;Hombre;MATRICULADOS;8;2;11;6;32;25;38;36;216;272;408;437;581;573;631;629;722;806;1127;1172;1281;1312;1371;1360;1406;1339;1558;1501;1665;1645;1745;1702;1702;1716;1828;1877;1959;1989;2049;2109;1980;1797;1596;1457;1329;1227;1124;1063;918;784;674;582;502;470
2302;Antioquia;Envigado;Mujer;MATRICULADOS;178;195;370;306;449;343;464;386;660;503;735;604;801;672;1034;1037;1220;1122;1455;1544;1187;1702;2028;1975;2049;1779;1874;1856;1859;1776;1981;2004;2001;1752;1745;1685;1755;1658;1712;1648;1881;1815;2344;2302;2743;2721;3189;3487;3789;3928;4039;4122;3564;3900
2302;Antioquia;Envigado;Hombre;MATRICULADOS;177;203;396;337;502;354;493;426;669;537;758;583;812;661;1025;930;1141;987;1335;1365;1000;1420;1671;1716;1748;1493;1737;1581;1701;1613;1703;1670;1641;1535;1705;1636;1771;1629;1538;1449;1450;1361;1368;1300;1175;1069;999;1039;949;841;724;669;548;544
2701;"Bogotá, d. c.";"Bogotá, D.C.";Mujer;MATRICULADOS;670;744;793;910;983;1976;2159;2076;2006;1977;1700;1637;1460;1316;1190;1064;932;811;811;652;540;412;326;321;387;425;487;535;642;670;704;810;833;878;858;897;966;853;827;773;776;794;928;990;1106;1074;1235;1229;1385;1373;1486;1491;1107;1420
2701;"Bogotá, d. c.";"Bogotá, D.C.";Sin informaci¿n;MATRICULADOS;;;;;;;;;;;;;;;;;;;;;;;;;1;;;;;;;;;;;;;;;;;;;;;;;;;;;;;
2701;"Bogotá, d. c.";"Bogotá, D.C.";Hombre;MATRICULADOS;45;66;71;83;93;267;312;316;407;399;355;353;327;291;268;266;240;226;220;192;167;125;131;129;176;184;221;226;275;285;301;371;459;503;538;557;566;485;614;615;576;525;479;438;410;370;309;254;219;181;144;129;86;108
2702;"Bogotá, d. c.";"Bogotá, D.C.";Mujer;MATRICULADOS;446;515;679;822;981;1019;1127;1082;1064;1051;1086;1132;1155;1159;1109;1131;1171;1123;1183;1178;1158;1232;1032;1196;1297;1267;1374;1393;1440;1428;1503;1547;1555;1453;1383;1322;1270;1265;1176;1129;1164;1207;1323;1427;1638;1669;1919;2143;2443;2485;2903;3154;2631;2779
2702;"Bogotá, d. c.";"Bogotá, D.C.";Hombre;MATRICULADOS;38;54;76;109;142;164;206;219;235;245;266;269;280;291;326;361;371;377;369;361;333;360;322;364;411;412;420;437;442;460;468;490;660;719;898;973;988;1009;1114;1178;1119;1052;952;866;778;708;662;610;526;475;435;386;305;275
2704;"Bogotá, d. c.";"Bogotá, D.C.";Mujer;MATRICULADOS;35;55;81;106;120;153;160;187;200;213;214;217;214;223;245;221;220;215;256;222;267;300;299;314;330;335;349;403;376;435;510;570;643;625;635;680;651;627;641;641;647;644;661;719;743;895;926;1034;1011;1117;1102;1175;1083;1137
2704;"Bogotá, d. c.";"Bogotá, D.C.";Hombre;MATRICULADOS;36;63;88;110;135;129;156;174;187;204;216;210;214;228;247;230;238;233;263;234;281;307;334;327;361;374;399;411;474;441;435;433;389;432;481;463;516;502;489;480;453;412;369;302;252;200;152;81;42;19;12;6;4;1
2707;"Bogotá, d. c.";"Bogotá, D.C.";Mujer;MATRICULADOS;34;24;69;43;216;171;347;398;415;518;526;564;600;589;786;636;777;689;851;708;749;767;692;808;741;859;817;914;862;966;988;1071;1104;1053;1028;1019;1006;995;986;960;950;963;1013;1064;1124;1165;1306;1427;1527;1626;1725;1798;1656;1671
2707;"Bogotá, d. c.";"Bogotá, D.C.";Hombre;MATRICULADOS;10;7;42;16;138;100;208;150;261;228;347;275;385;375;525;424;588;491;673;606;580;647;597;607;668;685;701;691;702;677;660;604;597;653;708;741;731;758;785;867;809;798;789;771;750;668;568;491;414;359;300;196;132;107
2708;Antioquia;Medellín;Mujer;MATRICULADOS;232;228;294;291;376;361;376;402;412;443;513;504;625;578;685;715;815;838;843;884;996;1011;989;1041;1030;1155;1105;1278;1220;1323;1395;1436;1487;1441;1498;1473;1745;1825;1955;1959;2221;2347;2660;2793;3091;3273;3588;3732;3970;4063;4216;4194;3693;3738
2708;Antioquia;Medellín;Hombre;MATRICULADOS;80;78;109;107;147;130;176;156;216;243;280;271;326;287;410;437;527;570;667;656;687;733;806;757;885;878;1033;997;1161;1189;1135;1158;1281;1317;1525;1623;1723;1777;2028;2076;2016;1925;1764;1648;1448;1308;1123;979;766;556;452;332;271;219
2709;"Bogotá, d. c.";"Bogotá, D.C.";Mujer;MATRICULADOS;1429;253;450;413;360;191;404;303;438;233;329;207;303;220;319;206;248;235;4591;5663;6495;7509;7081;7992;8978;9651;10805;11603;12455;12573;13053;13020;10166;8746;4937;4201;4148;3462;2820;2251;1990;1849;2116;2402;2779;2928;3543;4007;4634;5198;5679;5959;5395;5555
2709;"Bogotá, d. c.";"Bogotá, D.C.";Sin informaci¿n;MATRICULADOS;;;;;;;;;;;;;;;;1;;;1;;;;;;;;;;;;;;;;;;;;;;;;;;;;;;;;;;;
2709;"Bogotá, d. c.";"Bogotá, D.C.";Hombre;MATRICULADOS;561;242;305;291;271;153;308;263;345;208;275;147;234;157;211;169;137;142;2211;2650;3049;3602;3642;4087;4750;5089;5817;6124;6777;6882;7305;7022;5346;4564;2532;2171;2149;1750;1509;1206;1105;990;990;991;991;970;1010;1038;1061;1077;1033;919;755;642
2710;"Bogotá, d. c.";"Bogotá, D.C.";Mujer;MATRICULADOS;155;262;351;439;887;917;933;905;990;997;1070;1024;999;1035;1126;1118;1134;1089;1201;1323;1313;1315;1338;1355;1392;1426;1444;1483;1544;1527;1608;1588;1547;1416;1320;1215;1147;1122;1055;926;974;955;1040;1040;1107;1075;1144;1120;1113;1182;1198;1314;1113;1028
2710;"Bogotá, d. c.";"Bogotá, D.C.";Hombre;MATRICULADOS;1;2;6;6;20;24;32;41;48;56;70;70;70;73;110;130;141;165;189;233;229;228;256;255;267;272;314;343;405;405;466;438;495;522;600;647;665;694;788;771;732;699;614;575;509;423;391;349;282;260;241;225;163;160
2711;Risaralda;Pereira;Mujer;MATRICULADOS;186;237;382;434;507;529;672;688;842;849;956;983;1115;1176;1177;1147;1251;1218;1308;1248;1342;1277;1308;1195;1306;1187;1210;1170;1331;1234;1342;1330;1413;1354;1457;1455;1428;1485;1451;1346;1466;1371;1624;1574;1698;1473;1836;1799;1977;1992;2173;2081;1799;1718
2711;Risaralda;Pereira;Hombre;MATRICULADOS;74;113;196;235;340;377;451;461;522;560;606;686;827;855;862;877;997;950;1032;963;1048;997;1049;996;1044;967;976;924;994;975;1075;1098;1234;1242;1358;1345;1454;1437;1524;1436;1340;1146;1074;890;763;597;588;441;325;266;205;181;133;106
2712;"Bogotá, d. c.";"Bogotá, D.C.";Mujer;MATRICULADOS;162;310;440;550;714;798;868;964;1106;1173;1327;1326;1321;1269;1227;1231;1231;1223;1156;1105;1193;1163;1299;1311;1378;1360;1441;1543;1660;1785;1943;2023;2138;1994;1859;1845;1755;1567;1621;1466;1580;1564;1766;1849;2043;1987;2183;2259;2456;2543;2817;2965;2588;2493
2712;"Bogotá, d. c.";"Bogotá, D.C.";Hombre;MATRICULADOS;37;78;108;142;177;211;234;282;300;338;377;385;427;435;478;479;490;484;527;494;561;578;630;650;689;689;732;725;892;830;875;865;948;1140;1444;1403;1668;1761;1762;1745;1662;1619;1512;1372;1148;1042;841;679;501;407;321;304;232;202
2713;"Bogotá, d. c.";"Bogotá, D.C.";Mujer;MATRICULADOS;1110;55;998;180;951;923;617;1291;826;871;973;1084;1134;1300;1422;1379;2324;2722;3030;3255;3447;3994;4032;4323;4820;5061;5493;5903;6161;6211;6469;6486;5956;5972;6305;6201;6227;5859;5226;4740;4481;4107;3994;3785;3899;3188;3668;3627;4082;4165;4678;4869;4049;4104
2713;"Bogotá, d. c.";"Bogotá, D.C.";Sin informaci¿n;MATRICULADOS;1;;1;;;;;;;;;;;;;1;1;2;1;2;1;1;;;1;;;;;;;;;;;;1;1;1;;;;;;;;;;;;;;;
2713;"Bogotá, d. c.";"Bogotá, D.C.";Hombre;MATRICULADOS;787;42;514;90;530;627;369;818;457;497;590;738;681;685;846;836;1277;1459;1855;2078;2438;2878;2894;3356;3790;4047;4614;4778;5199;5127;5381;5095;5233;5150;5435;5206;5330;5087;4711;4384;3995;3573;3158;2754;2468;1970;1800;1551;1298;1137;992;895;693;632
2715;Cauca;Popayán;Mujer;MATRICULADOS;;;;65;84;132;148;205;254;257;272;285;282;244;228;199;176;166;191;203;223;263;370;445;534;656;851;1007;1067;1356;1692;1971;2134;2365;2585;2645;2840;2945;2951;3109;3287;3442;3714;3621;4258;3843;4198;4253;4624;4690;4712;4692;4082;3981
2715;Cauca;Popayán;Sin informaci¿n;MATRICULADOS;;;;;;;;;;;;;;;;;;;;;;;;;;;1;1;1;1;1;1;1;1;1;;;;;;;;;;;;;;;;;;;
2715;Cauca;Popayán;Hombre;MATRICULADOS;;;;87;106;133;175;227;269;278;307;329;351;316;305;260;232;229;250;276;307;379;425;474;514;553;749;857;922;1099;1344;1487;1690;1875;2174;2319;2462;2553;2684;2830;2761;2729;2552;2326;2405;2088;1937;1723;1524;1331;1174;1061;836;761
2719;Antioquia;Medellín;Mujer;MATRICULADOS;1074;1761;2500;2940;3627;4133;4781;5127;5573;5714;5612;5256;5202;4863;4933;5039;5288;5367;5705;5738;5765;5721;5719;5891;6124;6232;6492;6709;7350;7568;8066;8260;8567;8710;8813;8920;9397;9358;9119;9012;9345;9237;9720;9693;10349;9691;10009;10033;10636;10579;10721;10477;9303;9273
2719;Antioquia;Medellín;Hombre;MATRICULADOS;109;262;355;459;621;693;861;995;1139;1236;1379;1352;1418;1394;1548;1591;1748;1797;1936;2000;2203;2315;2512;2589;2752;2840;2944;3106;3413;3612;3941;4017;4575;4864;5480;5782;6196;6261;6617;6683;6619;6431;6038;5697;5225;4654;4117;3758;3225;2798;2398;2096;1761;1551
2720;Boyacá;Tunja;Mujer;MATRICULADOS;81;128;111;111;139;139;2;1;22;29;30;22;128;140;176;194;231;245;350;391;285;354;402;452;522;542;710;744;889;906;1027;1098;928;1039;1213;1217;1402;1409;1362;1517;1469;1570;1783;1907;2149;1789;2051;2074;2278;2230;2272;2181;1900;1777
2720;Boyacá;Tunja;Sin informaci¿n;MATRICULADOS;;;;;;;;;1;1;;;1;1;;1;;;;;;;;;;;;;;;;;;;;;;;;;;;;;;;;;;;;;;
2720;Boyacá;Tunja;Hombre;MATRICULADOS;46;54;49;55;86;107;2;;54;53;49;56;218;217;241;250;288;275;349;378;270;334;452;483;516;521;695;690;829;836;920;1010;869;968;1181;1217;1464;1446;1433;1558;1386;1389;1357;1313;1199;964;915;792;653;513;430;329;251;194
2721;Antioquia;Medellín;Mujer;MATRICULADOS;747;735;517;571;606;572;612;673;724;818;886;962;795;964;779;969;851;959;1197;1586;1642;1729;1882;2060;1891;1998;1759;2130;1828;2103;2206;2303;2445;2084;1865;1975;1745;1445;1575;1559;1653;1658;1796;1947;2145;2165;2487;2595;2727;2747;2716;2662;2272;2242
2721;Antioquia;Medellín;Hombre;MATRICULADOS;94;78;74;79;92;89;108;113;138;152;194;197;217;218;235;259;270;297;391;545;551;570;687;726;653;661;635;748;815;808;808;742;734;856;1198;1181;1339;1508;1542;1623;1609;1576;1562;1440;1322;1153;1129;962;809;666;514;436;334;288
2722;Cauca;Puerto Tejada;Mujer;MATRICULADOS;;;;;;;;;;;;;;;;;;;15;11;37;68;;61;61;19;;;;;;;;;;;;;;;;;;;;;;;;;;;;
2722;Cauca;Puerto Tejada;Hombre;MATRICULADOS;;;;;;;;;;;;;;;;;;;3;1;10;13;;23;16;4;;;;;;;;;;;;;;;;;;;;;;;;;;;;
2723;"Bogotá, d. c.";"Bogotá, D.C.";Mujer;MATRICULADOS;437;564;672;693;744;761;755;717;719;707;668;617;750;736;810;846;899;920;983;996;1245;1354;1425;1211;1398;1368;1455;1440;1588;1586;1530;1485;1577;1550;1699;1747;1746;1704;1761;1639;1768;1749;1854;1856;1984;1779;1974;1937;2053;2141;2240;2486;2142;2361
2723;"Bogotá, d. c.";"Bogotá, D.C.";Hombre;MATRICULADOS;103;181;253;265;309;352;436;460;513;563;534;542;648;622;628;637;661;696;768;795;1096;1235;1398;1256;1460;1503;1570;1576;1768;1831;1859;1869;1918;1932;2044;2115;2149;2074;2101;2006;1793;1647;1485;1383;1261;1035;990;859;707;602;482;441;339;303
2724;Santander;San Gil;Mujer;MATRICULADOS;272;282;432;428;567;589;633;582;660;693;741;783;902;879;946;854;976;1032;1265;1437;1572;1536;1731;1761;1885;1875;2300;2285;2514;2511;2697;2581;2718;2594;2564;2476;2622;2509;2436;2277;2378;2196;2313;2168;2212;1944;1985;1877;1985;1947;1988;1924;1664;1639
2724;Santander;San Gil;Hombre;MATRICULADOS;67;83;151;149;213;233;295;268;295;329;361;370;440;451;511;471;552;579;733;833;911;935;1133;1099;1201;1124;1395;1422;1603;1571;1745;1747;1853;1813;1968;1883;2060;2025;2107;1974;1900;1779;1644;1484;1359;1106;965;804;672;547;462;386;297;244
2725;"Bogotá, d. c.";"Bogotá, D.C.";Mujer;MATRICULADOS;4071;3801;3812;3484;3390;3278;3464;3316;3315;3339;3511;3428;3347;3211;3193;3169;3041;3073;3520;3959;4815;5368;5825;6188;6870;7031;7104;7438;8322;9239;11233;11966;14234;15799;17108;18958;21682;22659;24309;26034;26850;27828;29970;29654;30322;28435;29953;28539;30177;29874;31034;31139;24232;26801
2725;"Bogotá, d. c.";"Bogotá, D.C.";Sin informaci¿n;MATRICULADOS;1;1;;1;;;1;1;1;1;;;;;;;;;;;;;;;;1;;;;1;1;1;;;;;;;;;;;;;;;;;;;;;;
2725;"Bogotá, d. c.";"Bogotá, D.C.";Hombre;MATRICULADOS;2671;2555;2811;2862;3044;3015;2902;2881;2943;2992;3171;3061;3091;2986;3075;3128;3011;2883;2829;3204;3806;4122;4396;4648;4977;5033;5061;5080;5505;6114;7467;7951;9176;10149;11094;12535;14840;15742;17778;18755;19066;19262;20424;19847;19937;18593;18427;16643;16489;15837;15588;15067;11295;11697
2727;Antioquia;Sabaneta;Mujer;MATRICULADOS;218;260;376;537;497;693;784;827;774;783;731;759;651;684;802;461;356;272;117;164;170;210;332;339;439;462;623;567;918;908;1207;1368;1678;1794;2153;2278;2512;2370;2297;2435;2557;2832;2983;3115;3094;2851;2936;3000;3071;3144;2971;3118;2308;2505
2727;Antioquia;Sabaneta;Hombre;MATRICULADOS;164;175;262;354;307;419;473;490;449;451;385;422;370;391;335;262;179;162;61;97;75;133;155;165;199;221;326;256;415;468;620;752;1036;1157;1359;1470;1681;1608;1530;1585;1609;1731;1682;1708;1536;1419;1339;1297;1190;1150;982;979;702;727
2728;"Bogotá, d. c.";"Bogotá, D.C.";Mujer;MATRICULADOS;435;714;1028;1345;1597;1705;1845;1863;2110;2015;2180;2282;2397;2353;2500;2486;2486;2491;2199;2270;2515;2445;2556;2527;3011;2907;3705;3533;4203;4208;4862;5131;5762;6408;7376;7656;8848;9575;9824;10292;11033;11624;12997;14251;15902;15248;17924;16498;18795;19366;20588;21091;16748;18937
2728;"Bogotá, d. c.";"Bogotá, D.C.";Sin informaci¿n;MATRICULADOS;;;;;;;;;;;;;;;1;1;1;1;1;;;;;;;;;;;;;;;;;;;;;;;;;;;;;;;;;;;
2728;"Bogotá, d. c.";"Bogotá, D.C.";Hombre;MATRICULADOS;107;171;218;282;328;342;400;443;526;547;579;589;687;678;781;856;909;900;703;764;991;1016;1183;1113;1641;1442;2079;1771;2350;2261;2845;2951;3462;3919;4512;4843;5969;6621;7201;7960;8204;8261;8414;8818;9163;8493;8952;7248;7257;6870;6456;6243;4541;4787
2730;"Bogotá, d. c.";"Bogotá, D.C.";Mujer;MATRICULADOS;272;290;340;374;434;485;517;514;490;477;470;442;397;397;333;346;272;249;255;266;277;259;247;260;274;279;325;324;355;379;416;420;442;437;421;423;436;421;381;369;382;388;442;461;505;480;589;669;722;767;818;917;810;830
2730;"Bogotá, d. c.";"Bogotá, D.C.";Hombre;MATRICULADOS;3;6;10;12;12;18;18;19;23;23;25;22;24;22;22;28;24;21;17;19;21;23;28;31;32;38;41;43;44;38;40;52;83;111;167;187;218;228;260;287;293;273;259;242;216;187;185;158;121;110;103;102;93;69
2731;Valle del Cauca;Cali;Mujer;MATRICULADOS;32;31;30;34;41;45;63;38;64;63;70;82;102;163;207;331;589;494;732;748;770;841;823;700;585;368;514;527;668;552;747;790;921;866;1053;1277;1412;1504;1550;2044;2395;2536;2860;2976;2871;2324;2084;2270;2313;2323;2265;1962;1553;1404
2731;Valle del Cauca;Cali;Hombre;MATRICULADOS;18;20;30;42;49;53;78;52;74;73;70;69;110;139;143;259;380;368;534;574;606;668;726;588;489;338;492;470;508;418;507;536;744;668;940;1122;1203;1248;1287;1678;1866;1807;1837;1810;1553;1230;1089;1124;928;827;704;569;406;352
2732;Antioquia;Santa Rosa de Osos;Mujer;MATRICULADOS;;;;;1;1;;1;1;1;447;366;327;308;268;230;222;182;119;167;424;544;765;692;757;739;595;981;1103;1200;1385;1551;1925;1838;1785;1717;1704;1734;1706;1489;1745;1754;1717;1746;1776;1958;2373;2484;2753;2680;2847;2807;2521;2456
2732;Antioquia;Santa Rosa de Osos;Sin informaci¿n;MATRICULADOS;;;;;;;;;;;;;;;;;;;;;;;;;;;1;1;1;1;1;1;1;1;1;1;;;;;;;;;;;;;;;;;;
2732;Antioquia;Santa Rosa de Osos;Hombre;MATRICULADOS;;;;;;;;;;;304;298;320;348;369;304;333;236;150;188;367;462;650;646;678;701;691;959;1050;1147;1348;1454;1594;1535;1536;1432;1469;1497;1417;1256;1334;1292;1260;1191;1177;1283;1323;1289;1311;1189;1227;1142;987;922
2733;"Bogotá, d. c.";"Bogotá, D.C.";Mujer;MATRICULADOS;;;;;;;;2;4;3;8;6;9;11;19;15;27;25;27;32;33;30;42;47;80;69;108;99;131;141;168;156;118;135;118;124;151;78;184;182;169;163;107;98;126;113;117;106;126;100;124;124;97;82
2733;"Bogotá, d. c.";"Bogotá, D.C.";Hombre;MATRICULADOS;;;;;;;24;18;44;35;47;40;55;59;73;62;87;75;111;121;150;137;142;119;203;136;201;183;167;144;166;136;95;96;65;73;98;150;149;119;86;102;88;83;85;77;93;61;68;45;58;46;28;34
2736;Antioquia;Medellín;Mujer;MATRICULADOS;;;;;;;;;7;6;9;9;18;15;27;24;49;47;56;55;58;55;44;49;43;38;27;28;26;25;25;23;36;31;29;36;46;53;64;61;79;76;79;89;95;110;114;116;105;114;112;119;99;110
2736;Antioquia;Medellín;Hombre;MATRICULADOS;;;;;;;;;12;10;25;22;54;53;67;66;91;83;97;91;89;81;66;77;74;64;63;64;62;56;64;63;79;84;82;89;93;79;79;84;85;73;69;65;62;72;67;69;70;67;62;65;53;52
2737;Risaralda;Pereira;Mujer;MATRICULADOS;153;178;253;340;401;426;511;559;610;639;736;814;885;877;833;871;876;827;950;981;1164;1258;1510;1616;1876;1877;2094;2148;2355;2341;2462;2514;2557;2631;2695;2689;2756;2738;2696;2627;2756;2739;2928;2970;3219;3151;3467;3412;3687;3746;3799;3719;3170;3272
2737;Risaralda;Pereira;Sin informaci¿n;MATRICULADOS;;;;;;;;;;;;;;;;;;;;;;;;;;;1;1;;;;;;;;;1;1;1;1;1;1;1;1;1;1;;;;;;;;
2737;Risaralda;Pereira;Hombre;MATRICULADOS;24;36;56;68;90;102;138;151;160;165;203;214;237;270;266;287;279;284;364;379;497;528;688;733;882;888;1033;1085;1211;1185;1272;1341;1574;1682;1908;2019;2127;2107;2223;2260;2160;1937;1748;1598;1436;1294;1206;1040;985;899;823;745;612;586
2738;"Bogotá, d. c.";"Bogotá, D.C.";Mujer;MATRICULADOS;;;;;;;5;21;46;67;83;129;150;164;196;214;235;222;276;274;332;326;415;428;477;446;514;460;558;529;617;649;703;694;687;616;657;626;632;578;607;592;693;625;634;561;642;591;657;607;722;812;776;748
2738;"Bogotá, d. c.";"Bogotá, D.C.";Hombre;MATRICULADOS;;;;;;;21;31;47;84;92;126;147;138;170;187;198;200;207;205;242;232;294;298;355;345;348;345;391;356;406;408;468;476;577;554;616;575;577;535;507;435;429;335;285;193;172;136;109;85;68;65;57;49
2739;Antioquia;Apartadó;Mujer;MATRICULADOS;;;;;;;;;;;34;41;34;25;27;16;15;16;29;24;24;39;46;39;44;39;36;29;33;33;25;18;16;10;18;55;55;73;81;97;162;178;221;218;266;225;255;232;254;174;275;274;3;121
2739;Antioquia;Apartadó;Hombre;MATRICULADOS;;;;;;;;;;;19;12;10;9;13;7;10;10;15;10;10;17;22;21;26;24;18;16;17;14;12;9;4;4;19;45;56;69;81;94;105;112;96;100;85;77;60;57;37;34;42;30;;12
2740;"Bogotá, d. c.";"Bogotá, D.C.";Mujer;MATRICULADOS;;;;;;;;;;;;;16;24;41;40;51;61;76;86;94;93;103;101;93;94;94;91;89;86;92;89;86;79;82;82;80;78;80;81;84;90;94;89;99;100;107;102;103;106;105;108;94;90
2740;"Bogotá, d. c.";"Bogotá, D.C.";Hombre;MATRICULADOS;;;;;;;;;;;;;8;7;15;23;24;30;37;39;36;46;55;44;46;45;46;50;53;55;51;49;51;57;55;54;67;64;73;71;66;68;68;64;55;54;47;39;33;20;13;15;11;12
2741;Tolima;Espinal;Mujer;MATRICULADOS;;;;;;;;;;27;22;48;74;35;50;41;37;40;55;68;203;222;95;87;196;208;329;321;330;302;302;276;259;236;232;197;200;202;218;198;253;261;324;341;431;370;436;414;479;494;532;507;434;403
2741;Tolima;Espinal;Sin informaci¿n;MATRICULADOS;;;;;;;;;;1;1;1;1;;;;;;;;;;;;;;;;;;;;;;;;;1;1;1;1;1;1;1;1;1;1;;;1;;;;
2741;Tolima;Espinal;Hombre;MATRICULADOS;;;;;;;;;;3;4;6;11;10;27;15;18;16;18;22;72;75;25;37;74;64;134;111;107;102;92;87;131;117;167;156;134;142;178;177;178;194;192;176;189;156;158;139;121;114;106;89;70;65
2743;Casanare;Yopal;Mujer;MATRICULADOS;;;;;;;;;;;25;58;100;90;95;87;103;95;205;219;653;577;617;605;642;617;690;696;726;772;873;901;1030;947;1001;979;1065;833;981;965;1020;989;1063;1020;1430;1218;1532;1540;1931;2078;2176;2374;2031;2485
2743;Casanare;Yopal;Hombre;MATRICULADOS;;;;;;;;;;;26;46;67;71;61;60;69;70;199;221;594;524;584;562;668;635;793;732;893;885;886;820;864;864;1011;918;1081;990;861;814;791;713;684;623;621;529;545;468;480;443;364;288;253;215
2744;Nariño;Pasto;Mujer;MATRICULADOS;;;;;;;119;166;239;408;438;556;590;615;568;505;531;542;721;938;990;1217;1322;1452;1551;1641;1763;1777;1880;1998;2062;2132;2224;2316;2484;2583;2814;2967;3077;3089;3232;3330;3622;3765;4105;3693;4093;4129;4421;4659;4889;4890;4316;4253
2744;Nariño;Pasto;Sin informaci¿n;MATRICULADOS;;;;;;;;;;;;;;;;;;;;;;;;;;;18;23;20;21;21;21;20;20;18;18;13;5;3;3;2;1;;;;1;;;;;;;;
2744;Nariño;Pasto;Hombre;MATRICULADOS;;;;;;;128;232;289;444;505;600;580;652;615;519;581;580;760;1063;1088;1252;1402;1493;1575;1673;1856;1885;2044;2147;2317;2321;2449;2516;2698;2800;3052;3147;3192;3178;3082;2881;2651;2499;2256;1925;1713;1508;1226;1043;860;706;576;484
2745;"Bogotá, d. c.";"Bogotá, D.C.";Mujer;MATRICULADOS;;;;;;;;;;;;;;;;;;;727;912;1318;1506;1745;1874;2106;2414;2774;2580;2755;2423;3150;3654;4140;4143;4158;3593;3667;3442;3553;3602;3726;3716;3981;4079;4217;3958;4325;4502;5170;5471;5824;5936;4327;4921
2745;"Bogotá, d. c.";"Bogotá, D.C.";Hombre;MATRICULADOS;;;;;;;;;;;;;;;;;;;540;659;1058;1175;1551;1767;1970;2192;2372;2148;2302;2044;2777;3243;3788;3622;3665;3262;3565;3521;3582;3656;3499;3404;3252;3160;3025;2799;2771;2623;2629;2424;2287;2138;1516;1613
2746;"Bogotá, d. c.";"Bogotá, D.C.";Mujer;MATRICULADOS;;;;;;;;;;;;;;;;63;129;188;271;334;396;460;527;600;634;698;677;731;724;737;765;791;795;731;700;721;661;616;591;582;589;639;724;729;775;807;900;958;1010;1041;1081;1105;986;1011
2746;"Bogotá, d. c.";"Bogotá, D.C.";Hombre;MATRICULADOS;;;;;;;;;;;;;;;;31;58;79;101;123;143;169;175;197;243;241;269;277;302;284;282;285;277;371;476;495;557;606;688;720;694;639;577;545;494;454;388;319;286;229;192;146;103;83
2747;Antioquia;Medellín;Mujer;MATRICULADOS;1;;909;839;820;772;276;218;254;206;276;290;362;350;554;536;654;651;993;912;982;872;1054;1204;1526;1707;2169;2404;2578;2648;2718;2680;2648;2528;2419;2704;2294;2257;2333;2298;2418;2397;2625;2523;2630;2255;2480;2415;2454;2461;2445;2356;2064;2002
2747;Antioquia;Medellín;Hombre;MATRICULADOS;;;445;409;445;384;156;146;138;145;193;209;243;223;452;437;502;520;831;708;716;648;700;745;914;1010;1281;1432;1464;1504;1529;1433;1492;1490;1608;1875;1649;1611;1772;1755;1808;1729;1641;1515;1376;1170;1027;889;733;649;517;410;320;238
2748;Valle del Cauca;Cali;Mujer;MATRICULADOS;;;;;;;;;;;;5;13;16;26;35;36;37;47;48;55;44;40;45;41;86;113;158;167;156;161;159;177;148;157;167;183;175;214;48;172;181;174;175;156;145;145;138;157;149;151;154;114;100
2748;Valle del Cauca;Cali;Hombre;MATRICULADOS;;;;;;;;;;;;3;16;24;48;58;56;54;74;88;106;105;91;128;94;189;248;222;228;224;262;227;226;186;203;202;246;249;252;70;207;195;200;188;155;142;124;111;101;103;81;101;72;58
2749;Antioquia;Medellín;Mujer;MATRICULADOS;222;181;207;183;195;178;186;211;237;242;295;309;330;331;377;394;493;525;615;632;723;751;958;1053;1211;1376;1545;1621;1693;1810;1974;2077;2264;2232;2329;2375;2401;2440;2345;2117;2180;2090;2071;2033;1987;1671;1862;1809;1860;1827;1751;1624;1338;1283
2749;Antioquia;Medellín;Hombre;MATRICULADOS;68;69;170;156;196;191;224;236;269;274;344;349;381;373;434;452;550;559;660;628;755;767;1005;1089;1309;1418;1571;1579;1715;1699;1824;1847;1926;1934;1981;2009;2020;2013;1948;1758;1717;1663;1485;1437;1282;1101;1019;930;819;772;629;523;406;372
2805;Atlántico;Barranquilla;Mujer;MATRICULADOS;5965;6665;8204;5900;6773;6583;8709;8575;8633;8100;7738;7172;7102;5784;5751;5407;5378;5357;5831;5912;6287;6113;6648;6719;7120;6896;7620;6274;5902;8076;7153;8036;8154;7791;7680;7692;7900;7656;7393;6941;7666;7928;9268;9495;10838;9712;11647;11839;13390;13514;14318;14189;12326;12459
2805;Atlántico;Barranquilla;Hombre;MATRICULADOS;582;789;1526;1030;1670;1871;2768;2919;3211;3204;3246;3016;3130;2538;2676;2506;2586;2611;2938;2716;3097;3006;3374;3373;3677;3567;4119;3467;2841;4370;3883;4392;5022;5034;5604;5739;5912;5798;6331;6343;5970;5709;5207;4638;4299;3688;3449;2886;2357;1875;1562;1222;928;760
2810;Atlántico;Barranquilla;Mujer;MATRICULADOS;22;4;6;1;554;1123;1199;1246;1491;1488;1616;1596;1689;1604;1698;1657;1923;1881;1753;1904;2475;2634;2786;2846;3128;3192;3421;3503;3851;3801;4120;4221;4632;4647;5022;4989;5151;5245;5558;5585;6146;6272;7134;7012;8071;7062;8223;8133;8934;8883;10528;9943;8721;8101
2810;Atlántico;Barranquilla;Sin informaci¿n;MATRICULADOS;;;;;;1;;;;;;;;;;;;;;;;;;;;;;;;;;;;;;;;;;;;;;;;;;;;;;;;
2810;Atlántico;Barranquilla;Hombre;MATRICULADOS;6;1;4;5;709;1665;1797;1866;2087;2015;2155;2037;2127;2055;2044;1899;2117;2104;2144;2219;2588;2691;2915;2897;3279;3332;3694;3732;4115;4166;4575;4594;4861;4897;5270;5128;5456;5601;5786;5698;5379;5132;4685;4308;3877;3268;2950;2513;1960;1579;1520;1367;1081;750
2811;"Bogotá, d. c.";"Bogotá, D.C.";Mujer;MATRICULADOS;272;385;564;609;755;710;825;848;1051;1083;1246;1250;1301;1232;1313;1199;1209;1099;1205;1199;1205;1101;1139;1045;1029;967;1062;942;1028;988;1146;1127;1636;1574;1961;1903;2113;2122;2609;2481;2947;2854;3180;3086;3309;2998;3211;3194;3308;3196;3272;3226;2766;2737
2811;"Bogotá, d. c.";"Bogotá, D.C.";Hombre;MATRICULADOS;532;738;1113;1227;1520;1446;1624;1672;2060;2183;2446;2488;2579;2400;2341;2095;2186;2040;2183;2156;2116;1941;2035;1851;1914;1724;1979;1776;1959;1864;2152;2013;2073;1942;2010;1935;2654;2603;2655;2439;2240;2039;1835;1692;1475;1347;1106;923;605;467;291;231;140;116
2812;"Bogotá, d. c.";"Bogotá, D.C.";Mujer;MATRICULADOS;1071;341;540;651;850;979;1193;1281;1562;1384;1528;1604;1545;1845;1172;1146;1240;1182;1811;1907;2006;2035;2116;2111;2190;2258;2507;2576;2706;2745;2695;2738;2823;2818;3098;3034;3280;3217;3385;3250;3596;3613;3859;4027;4110;4232;5007;5284;6260;6640;6883;6957;5949;6218
2812;"Bogotá, d. c.";"Bogotá, D.C.";Hombre;MATRICULADOS;309;413;501;589;686;739;880;915;1032;1005;1007;1016;959;989;847;824;957;928;1216;1276;1309;1283;1361;1279;1379;1386;1528;1529;1652;1634;1683;1803;1881;2003;2347;2506;2805;2752;2980;3014;2956;2890;2719;2562;2322;2324;2177;2014;1959;1901;1617;1520;1209;1163
2813;Antioquia;Envigado;Mujer;MATRICULADOS;95;95;184;168;265;245;300;299;369;338;421;381;466;409;524;472;541;501;586;553;632;576;655;577;622;555;639;569;596;548;568;536;656;625;803;762;839;773;930;893;1019;1055;1151;1139;1353;1408;1577;1606;1772;1735;1794;1846;1651;1740
2813;Antioquia;Envigado;Hombre;MATRICULADOS;128;126;183;172;260;231;280;265;329;317;399;345;463;422;517;490;596;532;678;638;767;690;794;709;738;686;756;705;755;699;727;656;707;655;756;705;818;761;825;767;696;640;571;518;440;385;312;246;170;109;79;60;40;24
2815;Antioquia;Medellín;Mujer;MATRICULADOS;85;73;204;301;408;382;229;243;303;276;383;289;370;339;420;313;449;389;531;526;614;533;620;616;625;602;687;660;709;692;783;767;804;747;783;745;777;700;662;626;678;707;810;806;912;858;950;925;1012;1017;1070;1030;860;841
2815;Antioquia;Medellín;Hombre;MATRICULADOS;120;51;152;216;351;341;171;190;220;196;327;226;348;312;417;322;492;433;627;586;694;622;688;649;653;628;670;636;740;671;749;706;688;666;742;702;714;658;638;648;616;576;543;523;464;419;377;348;305;284;219;209;163;154
2818;Risaralda;Santa Rosa de Cabal;Mujer;MATRICULADOS;;;;;;;;;410;152;230;206;223;186;245;223;218;189;378;361;528;562;706;879;716;617;610;643;683;747;832;868;761;677;724;686;658;491;470;446;464;494;529;523;545;669;785;736;815;719;843;723;528;688
2818;Risaralda;Santa Rosa de Cabal;Hombre;MATRICULADOS;;;;;;;;;501;251;327;324;362;284;332;319;338;300;507;523;672;711;875;1037;968;872;821;847;991;1011;1054;1096;968;855;859;782;780;561;522;478;417;435;386;353;332;351;351;309;275;242;226;170;95;155
2820;Antioquia;Caldas;Mujer;MATRICULADOS;135;235;359;383;53;413;425;432;452;380;370;314;305;295;308;314;409;381;443;454;529;551;598;599;618;584;612;639;709;687;747;733;795;772;845;829;937;753;792;727;848;821;837;814;970;938;1227;1223;1428;1460;1568;1508;1300;1322
2820;Antioquia;Caldas;Hombre;MATRICULADOS;75;139;214;241;103;306;359;365;418;418;444;439;424;402;410;405;481;428;441;418;485;476;531;517;512;491;466;449;529;487;553;538;590;574;670;691;781;627;710;660;633;599;548;502;484;459;436;383;341;313;253;211;164;150
2823;Sucre;Sincelejo;Mujer;MATRICULADOS;12;1;2;3;2;253;886;922;1316;1207;1399;1330;1322;1361;1542;1555;1652;1440;1739;1923;2390;2573;3036;3180;3650;3711;4461;4794;5704;6133;6490;6362;6499;6300;6360;6488;6629;6195;6015;5335;5808;6336;6566;6707;7245;6394;6862;6631;6926;7137;6722;6355;5251;5123
2823;Sucre;Sincelejo;Hombre;MATRICULADOS;6;;;;;193;633;649;914;872;990;925;963;981;1088;1112;1202;1115;1306;1390;1776;1805;2059;2128;2470;2547;3065;3302;3855;4138;4198;4131;4314;4225;4395;4435;4679;4509;4428;4063;4001;3851;3462;3304;3053;2558;2431;2203;1878;1677;1281;1055;790;697
2824;"Bogotá, d. c.";"Bogotá, D.C.";Mujer;MATRICULADOS;;;;;;;;;;;;;;;;;;;91;156;349;348;368;222;39;453;164;190;159;191;265;168;391;385;276;268;210;3;216;165;183;160;111;99;83;63;44;35;23;15;;;;
2824;"Bogotá, d. c.";"Bogotá, D.C.";Hombre;MATRICULADOS;;;;;;;;;;;;;;;;;;;46;104;207;213;245;139;28;231;98;122;94;121;158;122;286;322;270;276;200;5;198;153;178;150;110;99;72;55;40;34;20;9;;;;
2825;Bolívar;Cartagena de Indias;Mujer;MATRICULADOS;426;481;840;1059;1366;1416;1699;1437;2029;2254;2631;2537;2483;2402;2259;2108;2057;1892;2139;2293;2504;2337;2389;2327;2404;2278;2305;2324;2590;2695;2843;2878;2793;2802;2781;2768;2804;2778;2755;2640;2619;2692;3137;3179;3518;2839;3435;3527;3729;3933;4062;4033;3516;3460
2825;Bolívar;Cartagena de Indias;Hombre;MATRICULADOS;180;255;568;735;1044;1122;1300;1231;1565;1739;1986;1898;1781;1697;1595;1557;1483;1360;1618;1633;1659;1538;1419;1329;1367;1302;1321;1308;1444;1542;1579;1546;1739;1823;2090;2203;2216;2153;2386;2452;2271;2123;2032;1851;1667;1350;1313;1135;919;804;672;540;414;321
2827;Meta;Villavicencio;Mujer;MATRICULADOS;938;73;178;142;138;212;241;182;208;183;551;518;572;590;704;681;763;786;984;1017;1075;1080;1125;1104;1223;1179;1281;1353;1532;1539;1661;1685;1763;1729;1808;1721;1721;1686;1602;1461;1445;1369;1546;1434;1656;1538;1855;1726;1874;1889;1996;1907;1597;1564
2827;Meta;Villavicencio;Hombre;MATRICULADOS;479;42;80;91;105;177;188;140;126;109;360;352;404;431;503;465;551;597;735;733;808;794;868;849;998;978;1197;1246;1491;1529;1672;1692;1794;1753;1861;1803;1805;1772;1678;1601;1413;1278;1178;1047;941;840;757;649;518;430;356;307;243;200
2828;Huila;Neiva;Mujer;MATRICULADOS;102;209;290;339;435;473;561;604;627;668;689;715;748;721;730;693;783;795;978;1229;1279;1309;1596;1589;1787;1881;2104;2251;2551;2467;2448;2441;2540;2500;2492;2364;2304;2133;2088;1980;2046;2004;2128;2106;2213;1938;2178;2154;2257;2281;2362;2275;1819;1749
2828;Huila;Neiva;Hombre;MATRICULADOS;81;147;209;252;317;350;404;411;438;464;491;497;516;486;489;484;522;567;749;985;1083;1092;1307;1334;1661;1737;2021;2085;2356;2249;2244;2328;2471;2459;2567;2466;2373;2204;2205;2119;2010;1842;1631;1433;1195;937;853;707;549;417;332;265;186;147
2829;"Bogotá, d. c.";"Bogotá, D.C.";Mujer;MATRICULADOS;178;188;270;260;289;314;362;394;476;503;1375;1410;1790;2183;2810;2520;3261;3009;3342;3420;6264;6545;7412;7585;8950;9755;13985;18254;25503;29350;37695;42415;50621;52001;60181;60540;67901;66113;69916;67731;71429;63603;65533;62246;64474;55380;60399;55792;58818;55970;61262;58830;49456;49150
2829;"Bogotá, d. c.";"Bogotá, D.C.";Sin informaci¿n;MATRICULADOS;;;;;;;;;;;;;;;;;;;;;;;1;;2;1;1;1;1;1;1;1;3;2;2;2;2;1;1;1;2;1;;1;1;1;1;;1;;;;;
2829;"Bogotá, d. c.";"Bogotá, D.C.";Hombre;MATRICULADOS;46;75;85;107;123;135;232;232;316;353;630;698;984;1217;1634;1598;1934;1832;1918;2011;4394;4570;5543;5637;6841;7415;9705;11079;14173;15198;17774;19579;24092;25632;31221;33235;37165;37135;41379;41743;42659;38073;37096;34281;32668;27466;27252;23455;21409;18448;18022;16180;13000;11916
2830;"Bogotá, d. c.";"Bogotá, D.C.";Mujer;MATRICULADOS;132;550;256;394;534;647;905;969;1118;1277;1342;1335;1437;1469;1507;1551;1658;1705;1837;1934;2057;2043;2219;2188;2218;2236;2273;2249;2481;2702;3117;3286;4049;4089;5203;5715;8217;9476;9103;8642;7276;6467;6930;7220;7270;7046;8623;8574;11552;11052;13699;12155;10612;11020
2830;"Bogotá, d. c.";"Bogotá, D.C.";Hombre;MATRICULADOS;1429;1195;47;80;78;98;103;118;156;172;179;186;186;216;251;323;361;385;433;459;518;546;602;589;607;613;625;606;612;645;649;677;964;1051;1539;1832;2556;2956;3323;3223;2998;2784;2894;3073;3011;2996;3281;3172;3852;3472;4108;3510;2993;3007
2831;"Bogotá, d. c.";"Bogotá, D.C.";Mujer;MATRICULADOS;58;81;131;128;159;187;170;142;145;189;183;177;137;111;105;82;108;103;137;588;465;121;183;214;1914;1778;2208;2359;2464;2786;3175;3159;3043;2821;2570;2259;2298;2268;2114;1921;1770;1727;1740;1599;1655;1427;1629;1638;1682;1642;1660;1550;1268;1369
2831;"Bogotá, d. c.";"Bogotá, D.C.";Sin informaci¿n;MATRICULADOS;1;1;1;1;1;;;;;;;;;;;;;;;;;;;;;;;;;;;;;;;;;;;;;;;;;;;;;;;;;
2831;"Bogotá, d. c.";"Bogotá, D.C.";Hombre;MATRICULADOS;41;61;100;108;135;159;150;123;125;172;145;145;98;76;84;44;99;99;120;241;214;88;123;143;767;721;938;1032;1170;1239;1395;1337;1373;1293;1309;1186;1268;1253;1233;1181;1163;1092;1057;979;947;830;825;778;725;664;618;552;467;477
2832;Santander;Bucaramanga;Mujer;MATRICULADOS;9;3;4;5;4;383;795;934;1274;1258;1617;1666;1902;1815;1764;1565;1697;1475;1718;1887;2425;2810;3338;3477;3933;4019;4329;4181;4379;4251;4663;4353;4444;4390;4378;4462;4627;4707;4518;4480;4804;5046;5518;5631;6455;5924;6852;7077;7657;8020;8485;8642;7635;7685
2832;Santander;Bucaramanga;Hombre;MATRICULADOS;2;1;1;1;;240;446;498;670;669;939;1034;1182;1132;1058;938;896;804;896;1010;1510;1838;2296;2388;2706;2711;2960;2930;3087;3038;3267;3088;3487;3561;3826;4055;4032;4092;4273;4352;4122;4118;3765;3355;3152;2604;2418;2134;1763;1436;1119;924;689;578
2833;Antioquia;Medellín;Mujer;MATRICULADOS;;;;;;;290;667;999;1095;1315;1354;1423;1726;1642;1710;1675;1435;1916;1777;1882;1824;1664;1619;10305;10104;9901;10261;12043;12504;12790;12921;12804;13138;12142;11006;11814;11866;10562;10454;9490;9401;10390;10213;10476;9943;11604;11575;12644;12416;12632;12084;10209;10364
2833;Antioquia;Medellín;Sin informaci¿n;MATRICULADOS;;;;;;;;;;;;;;;;;;;;;;;;;;;;;;1;;;;2;4;;;;;;;;;;;;;;;;;;;
2833;Antioquia;Medellín;Hombre;MATRICULADOS;;;;;;;156;411;720;800;937;900;1023;997;923;880;874;797;989;874;932;881;861;813;4249;4155;4163;4581;5763;6200;6647;6728;6796;7355;7459;6737;8815;9686;8445;8186;7116;6851;7254;6818;6490;5957;6205;5668;5466;5026;4569;4033;3302;2905
2834;"Bogotá, d. c.";"Bogotá, D.C.";Mujer;MATRICULADOS;;;;71;6;8;56;452;390;385;389;400;441;356;409;240;326;317;481;506;612;551;979;1169;1540;1837;2215;2459;2888;3054;3466;3728;4023;3921;3963;4046;3836;3627;3494;3320;3581;3315;3684;3748;4327;3778;4339;4400;4833;4788;4908;4637;4010;3778
2834;"Bogotá, d. c.";"Bogotá, D.C.";Hombre;MATRICULADOS;;;;3;3;4;11;90;98;103;109;112;119;102;169;122;155;161;239;276;353;414;634;739;973;1230;1646;1907;2337;2299;2631;2624;2746;2865;3388;3178;3566;3389;3377;3287;3090;2894;2638;2312;2095;1734;1536;1254;1046;870;718;585;442;424
2836;Atlántico;Barranquilla;Mujer;MATRICULADOS;;;;;;;29;61;171;44;106;78;82;156;254;199;253;259;519;499;492;411;377;333;293;211;189;185;277;304;414;470;584;536;481;450;398;333;323;286;288;263;258;243;277;199;314;300;320;268;280;272;222;189
2836;Atlántico;Barranquilla;Hombre;MATRICULADOS;;;;;;;20;52;172;51;121;62;94;155;275;215;259;259;473;440;419;351;332;298;255;203;164;171;270;277;357;363;392;389;353;319;341;368;359;302;295;250;226;191;174;126;141;107;85;59;64;63;41;38
2837;"Bogotá, d. c.";"Bogotá, D.C.";Mujer;MATRICULADOS;;;;;;;72;115;177;223;333;397;475;516;612;689;744;801;1074;1193;1428;1540;1794;1861;2338;1634;1837;1882;1946;1972;2103;2195;2367;2400;2500;2461;2609;2527;2536;2470;2670;2640;2824;2778;3012;2790;2845;2778;2757;2684;2620;2410;2053;1937
2837;"Bogotá, d. c.";"Bogotá, D.C.";Hombre;MATRICULADOS;;;;;;;100;133;188;223;309;344;379;394;487;515;607;680;845;896;985;1111;1274;1337;1603;1317;1484;1520;1706;1642;1792;1812;1923;2016;2159;2188;2294;2288;2317;2330;2202;2161;2052;2022;1927;1774;1624;1469;1367;1169;1066;954;811;704
2838;Antioquia;Medellín;Mujer;MATRICULADOS;;;;;;;155;90;106;134;170;155;181;220;237;290;401;446;599;581;634;614;611;617;605;567;579;537;519;517;528;499;501;454;417;403;411;391;386;361;390;385;442;449;500;442;516;495;561;559;628;622;539;533
2838;Antioquia;Medellín;Hombre;MATRICULADOS;;;;;;;45;25;33;49;47;53;63;80;98;125;149;169;208;209;231;235;222;226;255;228;241;214;221;210;208;207;241;255;330;348;357;358;396;391;375;342;297;252;207;169;145;115;94;76;60;44;38;26
2840;Quindío;Armenia;Mujer;MATRICULADOS;;;;;;;;22;48;44;55;63;86;77;66;58;70;62;103;67;89;93;89;85;85;144;236;256;319;367;497;538;575;612;623;606;630;651;627;595;607;608;679;700;787;807;931;993;1136;1242;1365;1421;1255;1342
2840;Quindío;Armenia;Hombre;MATRICULADOS;;;;;;;;16;36;30;33;37;53;41;47;40;53;52;67;57;65;55;77;66;65;69;87;79;108;132;192;198;291;363;428;480;531;540;577;612;550;486;424;398;371;339;298;256;222;209;187;157;124;105
2841;Antioquia;Bello;Mujer;MATRICULADOS;;;;;;;;;;;;;;34;81;23;70;66;94;107;182;197;304;398;459;509;648;765;900;998;1166;1273;1369;1401;1388;1441;1504;1448;1421;1359;1423;1446;1520;1497;1549;1323;1489;1472;1595;1683;1905;1960;1711;1680
2841;Antioquia;Bello;Hombre;MATRICULADOS;;;;;;;;;;;;;2;19;57;25;56;58;92;110;258;275;415;461;549;543;642;669;715;712;770;812;868;923;966;1013;1022;991;1055;1065;1036;1062;985;918;846;686;684;595;540;494;473;437;369;331
2842;Atlántico;Barranquilla;Mujer;MATRICULADOS;;;;;;;;;;;4;6;13;10;15;16;22;19;31;33;44;46;50;46;48;54;63;43;55;56;70;161;301;303;262;320;340;319;337;367;528;578;1052;1202;1805;1463;1991;2021;2335;2400;2472;2456;2086;1982
2842;Atlántico;Barranquilla;Hombre;MATRICULADOS;;;;;;;;;;;14;13;29;33;28;24;28;22;31;35;29;37;40;39;32;41;39;29;72;68;64;85;141;179;225;222;315;365;409;411;442;485;535;560;631;499;574;524;516;505;454;394;298;305
2847;Santander;Bucaramanga;Mujer;MATRICULADOS;184;274;434;415;430;397;302;308;394;376;535;502;521;460;530;501;404;355;454;552;693;758;1050;1156;1318;1590;1817;1992;2159;2454;2564;2803;3315;3502;3778;4036;4352;4325;5335;4768;4868;4530;4841;4605;4968;3814;4462;4458;4905;4975;5351;5083;4400;4368
2847;Santander;Bucaramanga;Sin informaci¿n;MATRICULADOS;;;;;;;;;1;;;;1;1;1;1;1;1;;;;;;;;;;;;;;;;;;;;;;;;;;;;;;;;;;;;
2847;Santander;Bucaramanga;Hombre;MATRICULADOS;229;378;544;553;612;558;500;515;609;537;718;657;712;643;699;650;514;473;611;619;734;758;995;1133;1295;1477;1703;1752;1913;1971;1901;1926;1992;2035;2130;1933;2184;2148;1727;1949;2017;1958;1896;1769;1693;1344;1386;1315;1183;1070;934;815;624;586
2848;"Bogotá, d. c.";"Bogotá, D.C.";Mujer;MATRICULADOS;284;487;628;734;945;1041;1246;1232;1375;1403;1466;1170;8;19;45;50;57;68;376;587;811;948;928;1082;1268;1371;1546;1584;1699;1745;1945;1953;2001;1824;1669;1709;1622;1427;1567;1576;1518;1501;1599;1558;1631;1361;1787;1820;1958;1913;1785;1660;;1197
2848;"Bogotá, d. c.";"Bogotá, D.C.";Hombre;MATRICULADOS;238;422;536;610;709;733;921;969;1167;1289;1442;1217;15;40;50;62;76;94;337;558;730;866;913;1108;1336;1413;1551;1646;1800;1793;1978;1892;1820;1783;1782;1547;1751;1840;1530;1546;1435;1386;1268;1116;1091;843;858;789;682;605;502;443;;243
2849;Cauca;Popayán;Mujer;MATRICULADOS;35;90;51;69;105;49;77;22;33;30;101;51;55;35;125;186;262;295;448;582;687;742;875;936;1005;1064;1182;1154;1190;1150;1167;1153;1291;1216;1203;1257;1291;1293;1321;1342;1401;1495;1591;1654;1646;1443;1447;1397;1479;1534;1588;1583;1338;1356
2849;Cauca;Popayán;Hombre;MATRICULADOS;30;66;48;57;78;23;38;13;19;11;47;33;32;29;29;127;168;207;318;418;490;525;637;661;742;781;901;942;992;975;1019;1017;1159;1089;1093;1208;1213;1241;1276;1229;1182;1136;1074;985;848;703;592;518;438;348;262;215;160;140
2850;Sucre;Sincelejo;Mujer;MATRICULADOS;;;;;;;;;;;;;;;;8;17;19;29;79;122;120;125;176;192;223;212;297;274;266;512;627;881;1033;1300;1546;1726;1626;1765;1820;2025;2152;2636;2965;3449;2900;3582;3470;3786;3864;4009;3959;3326;3343
2850;Sucre;Sincelejo;Hombre;MATRICULADOS;;;;;;;;;;;;;;;;49;79;87;134;108;81;98;155;138;183;142;211;167;206;171;230;260;496;641;975;1060;1271;1286;1517;1646;1652;1655;1732;1714;1675;1343;1346;1063;885;753;684;578;439;369
2901;"Bogotá, d. c.";"Bogotá, D.C.";Mujer;MATRICULADOS;;;;;1;;1;2;1;;;;;;1;;4;;56;37;65;28;93;51;63;23;43;33;16;18;22;6;7;14;13;11;31;34;73;65;31;36;18;26;28;18;27;23;22;24;14;17;13;31
2901;"Bogotá, d. c.";"Bogotá, D.C.";Sin informaci¿n;MATRICULADOS;;;;;;;;;;;;;;;;;;;;;;;;;;;;;;;;1;;;;;;;;;;;;;;;;;;;;;;
2901;"Bogotá, d. c.";"Bogotá, D.C.";Hombre;MATRICULADOS;;;;;11;;13;;15;;;;9;;7;4;2;;110;39;87;99;124;188;160;69;104;108;44;43;10;33;37;79;59;67;67;75;145;114;76;78;55;67;86;87;92;66;40;39;54;58;47;15
2902;"Bogotá, d. c.";"Bogotá, D.C.";Mujer;MATRICULADOS;;;;;;;;;;;;;;;;;;;51;56;75;89;127;116;150;154;125;112;118;120;122;114;99;97;88;83;76;63;77;81;71;64;75;71;82;79;78;79;69;67;62;45;33;57
2902;"Bogotá, d. c.";"Bogotá, D.C.";Hombre;MATRICULADOS;;;;;;;;;;;;;;;;1;1;1;202;85;104;107;122;115;217;169;151;124;127;132;125;124;102;103;99;99;88;79;92;85;81;78;75;78;68;52;68;54;48;35;33;21;13;39
2903;Cundinamarca;Facatativá;Mujer;MATRICULADOS;;;;;;;;;;;;;;;4;4;26;34;41;67;49;67;89;69;73;63;58;82;78;101;109;100;154;114;129;82;61;62;70;57;52;48;58;52;74;72;;;;;;;;
2903;Cundinamarca;Facatativá;Hombre;MATRICULADOS;;;;;;;;;;;;;;;12;12;37;36;67;66;59;74;190;177;222;179;180;108;148;147;124;87;73;81;99;91;142;154;168;146;129;133;108;105;86;60;;;;;;;;
2905;"Bogotá, d. c.";"Bogotá, D.C.";Mujer;MATRICULADOS;;;;;;;;;;;;;;;;;;;1;4;28;17;574;5;11;17;18;18;33;19;25;46;61;44;48;39;24;37;76;83;107;117;123;141;137;147;174;200;189;22;133;130;103;116
2905;"Bogotá, d. c.";"Bogotá, D.C.";Hombre;MATRICULADOS;;;;;;;;;;;;;;;;;;;13;2;54;24;95;33;64;63;94;47;78;40;113;80;138;118;120;91;89;97;111;147;114;116;89;81;88;100;99;96;105;10;17;20;13;19
2906;"Bogotá, d. c.";"Bogotá, D.C.";Mujer;MATRICULADOS;;;;;;;;;;;;;;;;;;;;;16;;16;;22;;4;;37;;;;;;;;;;;;;;;;;;;;;;;;;
2906;"Bogotá, d. c.";"Bogotá, D.C.";Hombre;MATRICULADOS;;;;;;;;;;;;;;;;;;;;;49;;42;;51;;29;;142;;;;;;;;;;;;;;;;;;;;;;;;;
3102;Norte de Santander;Pamplona;Mujer;MATRICULADOS;951;458;859;851;581;509;380;429;243;36;488;445;343;219;314;301;47;;415;431;627;708;760;972;674;175;798;629;817;440;537;548;590;411;325;287;265;243;326;330;455;474;640;769;1032;1152;1259;1257;1212;1066;998;977;714;1158
3102;Norte de Santander;Pamplona;Hombre;MATRICULADOS;25;17;40;46;59;75;94;98;108;23;167;145;142;99;128;123;13;;183;198;243;319;362;391;239;93;402;240;379;221;281;265;363;292;272;229;255;242;305;337;335;325;311;329;280;298;255;214;172;142;119;101;58;109
3103;Bolívar;Cartagena de Indias;Mujer;MATRICULADOS;238;389;541;636;727;803;774;723;789;920;916;870;976;836;793;812;777;753;825;849;1018;1039;1031;1036;1026;985;1080;960;1016;941;912;824;857;861;907;807;927;857;873;834;943;953;1026;1255;1631;1689;2038;2508;3039;2864;2991;3334;2544;2789
3103;Bolívar;Cartagena de Indias;Hombre;MATRICULADOS;25;50;57;72;82;93;110;102;113;105;123;120;119;116;163;194;212;209;235;256;277;250;239;225;205;207;263;256;301;287;279;228;356;478;620;672;722;666;751;779;702;665;536;588;590;521;479;501;453;308;263;245;179;164
3104;Cauca;Popayán;Mujer;MATRICULADOS;65;103;149;178;198;103;274;302;341;278;299;178;327;296;344;270;232;238;282;201;207;224;289;345;503;597;731;754;839;738;723;807;863;931;959;1010;1009;1005;1027;1015;1064;1102;1206;1255;1331;1391;1481;1630;1736;1829;1969;2097;1807;2036
3104;Cauca;Popayán;Hombre;MATRICULADOS;49;79;124;131;157;112;211;213;273;236;258;174;267;259;304;267;188;218;274;219;233;248;321;345;411;507;644;642;705;720;749;786;854;856;921;963;964;986;1000;978;936;914;894;863;787;772;708;724;640;568;509;445;347;313
3107;Antioquia;Medellín;Mujer;MATRICULADOS;8;85;131;154;239;280;421;485;674;560;562;636;667;619;703;706;738;1136;1228;1256;1205;1114;1102;1384;1774;1462;1156;1083;1151;1003;1147;1161;1379;1633;1271;1632;1918;1619;2017;2250;2671;3083;3703;4023;4271;4582;4987;4868;4856;4990;5537;5272;4464;5447
3107;Antioquia;Medellín;Hombre;MATRICULADOS;53;600;851;1068;1289;1579;2012;2252;2484;2082;1996;1996;2036;1814;1718;1689;1757;2735;2832;2999;3145;3260;3676;4175;4532;4260;4041;3946;3943;3504;3976;4214;3734;3940;2342;2498;3344;2628;2749;2756;2732;2844;2724;2810;2522;2487;2424;2239;1966;1834;1823;1523;1243;1360
3114;Atlántico;Barranquilla;Mujer;MATRICULADOS;;;;;;;87;87;87;94;117;117;125;125;48;48;179;179;24;71;121;99;100;17;26;16;34;24;16;11;12;16;54;85;163;407;182;225;298;138;97;126;380;415;464;354;474;232;243;491;521;513;415;423
3114;Atlántico;Barranquilla;Hombre;MATRICULADOS;;;;;;;124;124;124;136;250;250;298;298;262;262;322;322;142;95;408;300;464;156;430;259;625;453;521;369;382;413;383;413;268;291;162;206;149;49;19;11;90;81;79;45;50;22;1;6;1;1;;3
3115;Putumayo;Mocoa;Mujer;MATRICULADOS;;;;;;;;;;;;;;;77;73;137;138;195;208;150;118;243;125;146;557;197;151;174;249;430;514;535;498;511;1024;499;572;602;641;767;801;1345;1367;1626;1771;1927;1890;2083;2008;2018;1956;1516;1729
3115;Putumayo;Mocoa;Hombre;MATRICULADOS;;;;;;;;;;;;;;;94;80;127;128;200;198;159;128;253;140;175;132;175;140;146;185;334;396;339;378;516;493;592;707;718;745;694;731;835;799;734;781;735;657;538;470;396;320;231;227
3116;Putumayo;Sibundoy;Mujer;MATRICULADOS;;;;;;;;;;;;;;;;;;;;;49;67;88;75;89;105;30;31;53;50;54;57;58;45;55;34;67;50;;;;;;;;;;;;;;;;
3116;Putumayo;Sibundoy;Hombre;MATRICULADOS;;;;;;;;;;;;;;;;;;;;;56;69;115;94;115;129;50;42;58;65;68;71;76;64;84;60;86;59;;;;;;;;;;;;;;;;
3117;Atlántico;Barranquilla;Mujer;MATRICULADOS;;;;;;72;112;124;176;221;285;310;331;312;393;160;545;119;615;386;688;555;864;559;866;650;1203;294;744;456;908;757;1039;876;1406;1109;1585;854;1723;1236;2356;1792;3097;2371;3150;2412;3846;3362;4348;3735;5133;4707;3917;6300
3117;Atlántico;Barranquilla;Hombre;MATRICULADOS;;;;;;101;213;258;404;508;657;722;890;816;917;233;1171;212;1261;799;1589;1185;1959;1365;2017;1570;2590;1079;2002;1175;2531;2076;2114;1539;1984;1434;2307;1257;1965;1251;1778;1152;1453;915;1048;756;982;724;783;535;600;473;375;612
3201;Santander;Bucaramanga;Mujer;MATRICULADOS;25;64;121;232;628;1011;1615;1979;2691;3250;3680;3869;4265;4550;5102;5312;5525;5731;6990;6863;7470;7254;5888;6657;6763;7205;8399;3929;7632;7351;8561;8559;8128;8518;9619;8956;9244;7707;7968;7383;8063;7909;9758;10705;12521;12437;14858;16803;17053;17490;17975;18638;15108;17222
3201;Santander;Bucaramanga;Sin informaci¿n;MATRICULADOS;1;2;4;9;13;15;17;15;25;28;29;28;19;18;18;11;9;12;5;2;1;1;1;;1;;;2;;;;1;;;;;;;;;;;;;;;;;;;;;;
3201;Santander;Bucaramanga;Hombre;MATRICULADOS;158;296;484;934;1463;1758;2623;2752;3398;3664;4016;3952;4398;4520;5379;5260;5592;5470;6622;6753;8178;7985;6920;7494;7997;8541;9664;5118;9245;8843;9037;8445;7381;8039;9693;8285;9660;8935;8684;7952;7318;6423;6012;5538;5126;4462;4552;4780;4255;3802;3290;2834;2152;2310
3204;Antioquia;Medellín;Mujer;MATRICULADOS;411;755;1166;1520;1926;1988;2322;2163;2134;1912;1854;2111;2708;2753;3049;3205;3365;3587;4712;4246;4045;4099;4785;5810;5587;6207;6792;7272;6403;5464;5408;5437;5107;4810;4953;4763;4760;4809;4956;4936;5227;5243;6205;6832;8510;8448;9343;9818;9074;9144;9488;9293;7996;11837
3204;Antioquia;Medellín;Hombre;MATRICULADOS;265;495;781;1075;1392;1544;1819;1648;1534;1381;1358;1449;1734;1769;1916;1882;2007;1936;2493;2125;2016;2065;2340;2869;2679;3021;3360;3658;3276;2804;2667;2680;2618;2674;3132;3283;3292;3373;3866;3812;3667;3619;3600;3807;3578;3336;3288;3299;2613;2249;2043;1804;1562;2308
3301;Valle del Cauca;Cali;Mujer;MATRICULADOS;42;60;49;57;70;65;82;98;95;112;169;205;186;246;313;544;792;958;1426;1991;2235;2294;2026;2021;2098;1816;1963;1787;1880;1762;2269;2627;3261;3213;3095;3511;3259;2969;3100;3101;3450;3615;4013;4812;5466;5535;6647;8166;8610;9243;9926;10670;9474;10715
3301;Valle del Cauca;Cali;Hombre;MATRICULADOS;106;149;121;160;205;161;266;305;286;279;484;528;490;534;655;802;1062;1266;1500;1886;2125;2461;2517;2615;2688;2421;2736;2661;2839;2650;2658;2590;2579;2878;3402;3145;3701;4044;4111;4017;3966;3696;3598;3524;3117;2835;2719;2947;2660;2437;2307;2141;1787;1710
3302;Antioquia;Medellín;Mujer;MATRICULADOS;165;330;526;677;1258;1501;1818;2128;2174;2208;2172;2167;2121;1996;2138;1829;1670;1569;1243;1484;2233;2708;4058;4855;4978;5106;5334;6227;6402;7647;7944;8429;6626;7253;7861;8611;8781;8818;9297;9784;10596;11063;11529;11724;12402;13943;15082;15303;15474;15402;16412;16050;12870;15596
3302;Antioquia;Medellín;Hombre;MATRICULADOS;210;562;883;1101;1722;2025;2393;2756;2772;2982;3049;3073;3123;3128;3250;2810;2564;2446;2072;2261;3192;3748;4878;5786;6436;6824;7208;8172;8501;10097;10722;11106;8710;9358;9653;10352;11029;10927;10849;11267;10674;10220;9514;8992;8332;8818;8756;8288;7642;6904;6327;5651;4493;4740
3303;Antioquia;Envigado;Mujer;MATRICULADOS;;;;;;;;;;;;;;;;;;;;;;;;99;36;29;54;64;101;105;100;100;124;118;140;153;157;146;172;181;208;243;373;386;544;450;605;701;765;794;928;926;719;833
3303;Antioquia;Envigado;Hombre;MATRICULADOS;;;;;;;;;;;;;;;;;;;;;;;;181;83;97;155;156;205;231;251;270;241;247;294;259;306;277;289;249;235;211;228;201;215;152;153;213;196;177;172;158;109;137
3702;"Bogotá, d. c.";"Bogotá, D.C.";Mujer;MATRICULADOS;35;47;51;48;67;57;68;70;87;100;107;137;140;136;154;159;168;173;189;127;112;127;136;117;280;321;421;429;440;456;400;397;361;330;314;298;258;260;232;206;230;217;200;182;183;164;204;228;266;248;242;259;198;198
3702;"Bogotá, d. c.";"Bogotá, D.C.";Hombre;MATRICULADOS;20;34;41;37;47;30;37;38;37;42;51;62;77;74;75;98;110;112;115;88;99;76;74;78;190;231;283;290;320;342;294;274;234;206;220;232;212;197;200;190;152;138;103;89;82;63;59;82;87;57;59;72;56;50
3703;Antioquia;Medellín;Mujer;MATRICULADOS;122;136;255;262;30;13;239;260;248;185;220;185;194;213;307;294;369;344;794;785;818;781;913;697;655;592;703;735;802;765;896;1011;1098;1113;1337;1459;1296;1386;1299;1128;1199;1157;1155;1058;981;831;809;771;770;739;696;708;569;665
3703;Antioquia;Medellín;Hombre;MATRICULADOS;43;71;133;136;4;2;132;149;207;171;188;168;166;181;211;240;258;203;328;312;355;322;399;315;288;283;379;349;395;367;476;543;623;661;827;866;831;827;834;714;720;688;695;644;595;511;512;464;432;371;371;361;284;310
3705;Bolívar;Cartagena de Indias;Mujer;MATRICULADOS;49;106;171;170;257;264;324;311;365;316;322;310;265;217;204;160;141;146;688;923;1361;1559;1996;2106;2360;2344;2658;2649;3269;3492;4247;4363;5010;4994;5115;4880;5170;5340;5098;4696;4869;4625;5239;5074;5543;3751;4935;4967;5894;6356;7378;7447;6028;6200
3705;Bolívar;Cartagena de Indias;Sin informaci¿n;MATRICULADOS;1;1;;;;;;;;;;;1;1;1;1;1;;1;1;1;;;;;;;;;;;;;;;;;;;;;;;;;;;;;;;;;
3705;Bolívar;Cartagena de Indias;Hombre;MATRICULADOS;125;261;417;437;639;672;812;723;845;737;788;753;699;572;499;381;332;261;978;1211;1638;1888;2556;2782;3173;3181;3497;3453;4336;4592;5303;5120;5497;5087;5270;4855;5155;5120;4812;4220;3954;3509;3252;2953;2605;1756;1802;1650;1502;1344;1220;1095;798;698
3706;Valle del Cauca;Cali;Mujer;MATRICULADOS;;;;;;;;;;;;241;498;669;799;976;1279;1315;1443;1591;1589;1948;1910;1804;1732;1658;1481;1371;1378;1257;1237;1140;1483;1336;1171;1453;1252;1107;1208;1440;1881;1780;2036;2126;2133;1677;1622;1498;1376;1204;1112;1075;858;757
3706;Valle del Cauca;Cali;Sin informaci¿n;MATRICULADOS;;;;;;;;;;;;;;;;1;1;1;;;;;1;1;1;1;1;;;;;;;;;;;;;;;;;;;;;;;;;;;
3706;Valle del Cauca;Cali;Hombre;MATRICULADOS;;;;;;;;;;;;356;721;900;1034;1177;1494;1450;1591;1683;1628;1956;1890;1749;1751;1668;1586;1426;1362;1290;1114;951;1195;1455;1714;1595;2013;2466;2538;2310;2111;2010;1673;1302;1028;692;592;497;397;311;259;210;154;131
3710;Bolívar;Cartagena de Indias;Mujer;MATRICULADOS;;;;;;51;201;183;299;284;361;346;341;295;363;362;401;347;569;572;839;741;1105;1145;1359;1361;1842;1902;2283;2613;2481;2457;2801;2555;2759;2974;3456;3249;2754;2333;2270;1960;2032;1724;1876;998;1556;1557;2003;2143;2489;2520;1963;1918
3710;Bolívar;Cartagena de Indias;Sin informaci¿n;MATRICULADOS;;;;;;;1;1;1;1;1;;;;;;;;;;;;;;;;;;;;;;;;;;;;;;;;;;;;;;;;;;;
3710;Bolívar;Cartagena de Indias;Hombre;MATRICULADOS;;;;;;66;278;252;486;439;578;578;555;459;505;511;555;475;812;745;1076;907;1288;1336;1415;1338;1761;1789;2124;2132;2124;2008;2295;2055;2303;2539;3030;2542;2228;1855;1590;1321;1121;887;698;357;395;417;436;434;395;336;268;227
3712;"Bogotá, d. c.";"Bogotá, D.C.";Mujer;MATRICULADOS;;;;;;;;;;;;;;;;;;1;528;697;832;879;1111;1219;1424;1340;1385;1409;1427;1272;1213;1327;1326;1120;1065;945;898;710;617;540;602;507;472;331;;;8;5;;;;;;
3712;"Bogotá, d. c.";"Bogotá, D.C.";Hombre;MATRICULADOS;;;;;;;;;;;;;;;;;;;639;805;1126;1185;1407;1421;1617;1573;1761;1773;1883;1648;1705;1882;1820;1593;1508;1409;1390;1082;923;720;642;520;431;281;;;10;10;;;;;;
3713;"Bogotá, d. c.";"Bogotá, D.C.";Mujer;MATRICULADOS;;;;;;;324;496;767;864;1216;1412;1601;1389;1581;1637;1895;1864;2398;2446;3017;1455;3260;3142;3265;3140;3262;3128;2352;3137;3429;3101;3029;2834;2317;2296;2034;1114;1097;1044;1154;1223;1268;1340;1409;1051;1309;1519;1851;2096;2038;1998;1483;1679
3713;"Bogotá, d. c.";"Bogotá, D.C.";Hombre;MATRICULADOS;;;;;;;308;391;555;661;843;919;1113;1098;1283;1279;1460;1506;1751;1733;2059;890;2002;1962;2018;1911;1989;1859;1443;1879;1983;1782;1791;1734;1720;1757;1798;1116;1046;1019;951;882;893;890;814;582;593;566;519;520;507;461;326;333
3715;Valle del Cauca;Cali;Mujer;MATRICULADOS;37;44;26;36;39;58;49;50;26;;;;;;;;;;228;288;244;266;208;221;243;292;428;353;344;395;399;554;662;631;694;814;701;687;525;580;671;592;687;668;733;665;664;569;568;598;1;391;285;
3715;Valle del Cauca;Cali;Hombre;MATRICULADOS;77;59;29;27;33;64;51;55;14;;;;;;;;;;190;157;125;80;64;71;66;86;126;127;143;182;184;296;375;459;713;654;818;1012;978;805;629;605;509;379;318;261;238;184;134;165;;89;56;
3716;Santander;Bucaramanga;Mujer;MATRICULADOS;;;;81;223;243;243;203;192;179;246;279;301;295;278;350;436;405;623;471;619;609;826;1059;1316;1042;1025;704;769;620;504;418;437;411;341;707;464;324;327;158;287;356;374;341;210;179;248;274;249;519;615;407;390;279
3716;Santander;Bucaramanga;Sin informaci¿n;MATRICULADOS;;;;;;;;;;;;;;;;;;;;;;;;;1;1;;1;;;;;1;;;;;;;;;;;;;;;;;;;;;
3716;Santander;Bucaramanga;Hombre;MATRICULADOS;;;;67;131;148;160;139;138;128;157;198;229;208;187;233;302;267;370;282;360;321;461;582;805;627;573;371;435;394;373;256;354;310;395;425;404;517;421;342;268;216;194;143;104;80;83;84;73;136;136;88;76;50
3718;Norte de Santander;Cúcuta;Mujer;MATRICULADOS;;1;51;83;78;81;123;216;217;221;168;136;175;133;163;140;146;108;60;78;128;125;578;711;1051;1091;823;768;914;866;898;860;911;855;877;848;897;921;842;782;839;786;878;868;1009;723;920;919;1106;1238;1346;1273;934;935
3718;Norte de Santander;Cúcuta;Hombre;MATRICULADOS;;1;34;24;50;36;51;118;122;104;83;71;78;59;85;75;61;45;28;32;63;73;275;323;494;514;452;442;547;566;629;653;718;659;735;701;761;725;660;630;607;533;513;456;408;259;250;223;170;198;182;158;110;99
3719;"Bogotá, d. c.";"Bogotá, D.C.";Mujer;MATRICULADOS;408;334;312;273;216;170;135;95;71;52;52;93;104;133;160;163;164;280;373;385;422;428;453;431;447;347;413;390;379;360;401;316;320;300;259;289;247;175;208;205;223;268;287;284;305;262;322;312;331;311;329;284;203;166
3719;"Bogotá, d. c.";"Bogotá, D.C.";Sin informaci¿n;MATRICULADOS;13;7;5;2;2;1;;;1;;1;1;1;1;1;;1;1;;;;;;;;;;;;;;;;;;;;;;;;;;;;;;;;;;;;
3719;"Bogotá, d. c.";"Bogotá, D.C.";Hombre;MATRICULADOS;272;243;216;186;136;107;82;70;67;31;65;77;89;127;154;154;155;207;281;308;312;300;337;282;293;235;299;288;292;267;290;220;220;211;248;222;253;248;227;231;208;240;229;227;227;197;198;159;148;127;116;84;48;44
3720;Antioquia;Medellín;Mujer;MATRICULADOS;1471;1459;1528;1406;1319;1195;1114;1020;967;829;850;809;910;881;957;978;1127;1092;1632;1694;1720;1826;2015;1806;1795;1685;1747;1642;1630;1532;1513;1465;1511;1478;1344;1261;1262;1151;1093;1023;1043;982;999;968;1013;843;893;880;1012;1002;1009;1048;750;737
3720;Antioquia;Medellín;Hombre;MATRICULADOS;85;130;206;223;258;263;303;300;333;320;323;324;401;396;450;439;527;541;708;703;753;808;862;862;869;855;907;858;920;855;856;812;829;843;849;809;879;820;838;798;744;716;699;682;668;519;492;459;464;450;419;436;298;289
3724;"Bogotá, d. c.";"Bogotá, D.C.";Mujer;MATRICULADOS;;;;;;;4;;15;;17;18;10;9;7;8;9;4;3;3;3;3;;;;;;;;;17;16;35;25;39;26;13;28;16;8;19;12;;;;;;;;;;;;
3724;"Bogotá, d. c.";"Bogotá, D.C.";Hombre;MATRICULADOS;;;;;;;;;11;;19;26;16;17;17;14;18;8;7;6;6;6;;;;;;;;;8;7;13;15;21;14;14;14;8;7;13;6;;;;;;;;;;;;
3725;"Bogotá, d. c.";"Bogotá, D.C.";Mujer;MATRICULADOS;;;;;;;;;;;;;;;;156;91;121;156;131;110;111;104;140;175;169;180;186;138;136;140;123;118;113;132;126;203;144;155;152;169;168;226;213;248;170;219;183;179;140;182;185;147;144
3725;"Bogotá, d. c.";"Bogotá, D.C.";Hombre;MATRICULADOS;;;;;;;;;;;;;;;;94;44;64;92;76;84;83;89;72;85;84;176;183;157;159;167;58;65;135;185;175;223;131;141;130;111;102;100;79;66;51;48;33;31;21;12;12;10;7
3801;Valle del Cauca;Cartago;Mujer;MATRICULADOS;123;97;77;57;53;18;7;4;20;20;21;26;28;23;62;81;1;66;29;87;9;12;21;56;68;126;167;210;228;278;227;267;281;265;266;232;237;231;240;212;260;260;317;324;322;265;328;327;361;366;402;386;286;273
3801;Valle del Cauca;Cartago;Hombre;MATRICULADOS;81;61;44;32;26;12;3;4;18;13;13;20;21;20;52;72;;73;42;85;3;7;10;45;76;110;138;180;219;245;172;189;190;187;189;212;242;255;243;221;205;202;165;164;143;115;108;83;89;72;66;58;43;42
3802;Antioquia;Medellín;Mujer;MATRICULADOS;;;;;;;;;;;;;;2;3;;10;25;;;;;;;;;;;;;;;;;;;;;;;;;;;;;;;;;;;;
3802;Antioquia;Medellín;Hombre;MATRICULADOS;;;;;;;;;;;;;;7;10;;24;26;;;;;;;;;;;;;;;;;;;;;;;;;;;;;;;;;;;;
3803;Valle del Cauca;Cali;Mujer;MATRICULADOS;;;;;;;;;;;;;;;75;104;106;117;177;300;414;502;501;471;541;499;344;381;431;453;477;462;555;528;504;630;573;491;547;560;556;510;530;476;454;361;387;366;354;320;359;367;306;307
3803;Valle del Cauca;Cali;Hombre;MATRICULADOS;;;;;;;;;;;;;;1;66;119;132;130;160;262;355;386;468;451;466;441;306;286;317;331;377;398;385;501;604;594;712;710;704;604;554;474;469;411;396;291;284;269;210;195;195;188;136;124
3805;Valle del Cauca;Cali;Mujer;MATRICULADOS;13;35;45;59;79;98;101;133;133;155;155;154;161;125;136;115;82;69;10;9;15;21;53;37;24;32;14;16;23;29;42;45;40;32;25;21;11;5;;;;;;;;;;;;;;;;
3805;Valle del Cauca;Cali;Hombre;MATRICULADOS;;7;9;17;15;21;23;25;20;19;24;26;27;24;32;34;20;14;3;2;3;9;12;8;7;9;4;4;6;8;22;28;25;30;27;19;15;9;;;;;;;;;;;;;;;;
3806;Valle del Cauca;Cali;Mujer;MATRICULADOS;;;;;;;;;;;;;;;;;;;60;52;53;82;78;73;64;137;113;145;151;244;311;273;427;396;367;286;230;176;203;159;238;224;249;248;261;161;181;175;157;143;186;178;143;132
3806;Valle del Cauca;Cali;Hombre;MATRICULADOS;;;;;;;;;;;;;;;;;;;47;48;66;100;88;91;96;80;97;125;116;221;258;283;389;348;322;236;214;168;173;124;141;116;102;102;85;56;61;41;32;26;20;18;13;16
3807;Antioquia;Medellín;Mujer;MATRICULADOS;60;40;49;49;51;30;43;28;30;18;20;14;18;9;5;4;22;26;28;68;29;33;71;78;49;28;17;5;;15;23;20;20;16;24;41;52;64;77;115;173;160;175;178;162;71;40;54;20;6;46;;17;23
3807;Antioquia;Medellín;Hombre;MATRICULADOS;25;18;21;17;17;10;19;13;9;6;10;6;11;6;3;2;10;14;22;38;13;21;60;68;38;26;24;18;;9;10;8;10;10;15;24;39;50;58;62;82;75;75;78;74;21;17;22;8;4;33;;16;14
3808;"Bogotá, d. c.";"Bogotá, D.C.";Mujer;MATRICULADOS;38;55;67;79;109;117;147;152;175;195;223;210;227;209;218;191;203;192;138;142;170;212;284;267;264;247;257;299;340;314;378;397;397;415;439;389;344;331;267;208;200;148;144;126;117;101;147;131;161;167;179;181;139;132
3808;"Bogotá, d. c.";"Bogotá, D.C.";Hombre;MATRICULADOS;21;29;55;63;92;85;92;111;127;138;161;147;161;138;135;120;130;110;74;80;110;134;168;154;173;156;157;181;199;189;227;235;277;285;341;325;294;276;236;180;188;133;122;101;98;89;114;92;97;85;77;62;45;31
3809;Cundinamarca;Fusagasugá;Mujer;MATRICULADOS;15;17;17;9;36;40;39;32;14;11;10;1;36;51;57;55;42;52;47;21;3;83;61;69;97;96;123;118;155;125;114;107;68;48;35;20;35;38;40;46;73;81;79;89;109;93;105;98;98;80;83;82;46;43
3809;Cundinamarca;Fusagasugá;Hombre;MATRICULADOS;;;;;;;;;;;;;;;14;9;2;4;1;;;2;;2;;;;;;1;1;1;20;14;25;26;22;22;31;41;41;37;27;26;20;20;20;7;4;3;1;1;1;
3810;Santander;Bucaramanga;Mujer;MATRICULADOS;99;141;200;213;248;241;306;274;293;268;329;343;372;352;464;395;595;535;495;503;506;442;346;392;396;436;387;339;293;241;236;205;223;207;160;117;111;67;71;57;92;87;145;144;133;;;;;;;;;
3810;Santander;Bucaramanga;Hombre;MATRICULADOS;76;101;142;149;145;125;156;134;124;95;132;124;160;145;228;211;341;321;340;319;318;300;266;259;219;210;181;156;138;117;113;85;111;101;107;87;84;53;76;60;57;50;53;56;39;;;;;;;;;
3811;Tolima;Honda;Mujer;MATRICULADOS;;;;;;;21;33;54;52;91;101;73;94;118;135;176;162;206;188;228;221;214;194;199;209;174;178;199;183;226;208;196;182;192;200;163;128;184;179;185;199;198;190;169;207;232;197;251;212;;;73;161
3811;Tolima;Honda;Hombre;MATRICULADOS;;;;;;;21;33;62;47;68;67;56;81;83;88;101;89;126;99;130;140;176;151;179;197;200;190;195;166;208;207;197;164;183;167;177;150;164;161;117;131;102;94;42;49;41;37;37;32;;;4;14
3812;Antioquia;Bello;Mujer;MATRICULADOS;;;;;103;54;157;157;188;236;285;375;432;385;406;399;406;332;381;406;430;483;651;692;558;334;445;398;537;555;655;650;605;504;398;286;315;288;222;236;292;273;310;320;417;366;532;503;681;734;768;699;572;510
3812;Antioquia;Bello;Sin informaci¿n;MATRICULADOS;;;;;;;;;;;;;;;;;;;;;;;;;;;;;;;;;1;1;;;;;;;;;;;;;;;;;;;;
3812;Antioquia;Bello;Hombre;MATRICULADOS;;;;;52;30;81;81;67;57;96;142;186;157;167;185;203;188;256;243;248;276;358;351;290;185;225;197;230;208;235;260;271;223;253;219;243;217;186;181;188;166;172;170;183;180;226;236;298;308;310;294;236;196
3817;Nariño;Pasto;Mujer;MATRICULADOS;;;45;27;33;46;33;25;29;26;37;30;16;12;20;11;40;99;112;151;172;156;259;189;187;180;191;173;242;295;752;745;1145;1174;1834;2017;2220;2555;2116;2317;2473;2819;2985;3126;3260;2834;2982;2819;2827;2741;2706;2594;2090;1978
3817;Nariño;Pasto;Sin informaci¿n;MATRICULADOS;;;;;;;;;;;;;;;1;;;;1;;;;2;;;;;;;;;;;;;;;;;;;;;;;;;;;;;;;
3817;Nariño;Pasto;Hombre;MATRICULADOS;;;21;39;29;78;41;28;28;22;24;19;10;8;17;10;56;92;107;138;190;221;251;254;230;281;324;332;414;478;860;810;1143;1121;1567;1756;1914;2071;1713;1856;1757;1831;1747;1796;1642;1354;1323;1128;967;847;679;599;462;381
3819;"Bogotá, d. c.";"Bogotá, D.C.";Mujer;MATRICULADOS;25;51;50;66;65;63;70;49;55;32;50;46;47;46;37;35;10;24;27;39;70;60;72;63;55;68;110;118;154;137;208;203;285;134;310;291;295;260;353;354;462;430;522;518;591;412;532;529;649;642;774;810;317;439
3819;"Bogotá, d. c.";"Bogotá, D.C.";Hombre;MATRICULADOS;56;134;170;188;189;222;266;244;292;222;337;307;276;240;193;181;38;174;167;204;265;294;310;267;241;276;367;400;447;365;457;481;582;272;404;393;484;426;440;471;476;419;375;357;316;269;282;253;237;211;215;175;86;89
3820;Antioquia;Medellín;Mujer;MATRICULADOS;;;;;126;164;188;159;183;189;169;149;154;131;141;131;143;119;97;80;55;23;8;6;6;4;9;6;12;14;11;36;59;55;68;81;92;87;105;106;84;63;92;92;96;73;94;104;157;141;147;133;110;96
3820;Antioquia;Medellín;Hombre;MATRICULADOS;;;;;342;384;455;434;515;487;455;411;403;378;379;352;367;315;290;266;259;197;169;163;192;173;195;167;191;181;169;137;107;96;89;74;96;85;94;89;59;48;52;46;36;19;27;26;29;20;17;19;14;20
3821;Atlántico;Barranquilla;Mujer;MATRICULADOS;127;1;5;1;156;56;166;98;5;68;109;81;30;37;203;154;181;99;108;341;439;325;446;397;425;475;839;806;953;999;1142;1139;858;907;1052;1100;1107;1106;1132;1108;1158;1165;1326;1287;1384;1065;1336;1356;1526;1642;1760;1723;1272;1292
3821;Atlántico;Barranquilla;Hombre;MATRICULADOS;229;1;3;1;234;89;284;138;5;192;242;153;46;53;265;177;239;114;159;415;497;323;487;462;524;468;1050;1035;1207;1213;1393;1398;906;893;993;1082;1146;1166;1195;1138;1121;1107;1120;1076;1110;893;932;858;821;827;810;765;555;499
3822;"Bogotá, d. c.";"Bogotá, D.C.";Mujer;MATRICULADOS;15;22;23;20;21;17;17;21;20;29;29;34;31;41;40;40;32;34;22;23;23;23;23;17;16;9;7;;;;;;;;;;;;;9;12;11;5;10;27;33;24;36;12;;;;;
3822;"Bogotá, d. c.";"Bogotá, D.C.";Hombre;MATRICULADOS;23;22;22;18;18;23;24;21;20;18;17;29;29;39;38;43;34;44;37;34;30;24;23;11;10;5;4;;;;;;;;;;;;;4;3;10;18;7;17;15;10;5;2;;;;;
3823;"Bogotá, d. c.";"Bogotá, D.C.";Mujer;MATRICULADOS;;;;;;;;;;;;;;;;;;;18;;24;56;141;191;161;113;258;143;255;;;;;;;;40;;;;;;;;;;;;;;;;;
3823;"Bogotá, d. c.";"Bogotá, D.C.";Hombre;MATRICULADOS;;;;;;;;;;;;;;;;;;;11;;16;16;59;68;75;48;115;76;116;;;;;;;;32;;;;;;;;;;;;;;;;;
3824;"Bogotá, d. c.";"Bogotá, D.C.";Mujer;MATRICULADOS;101;128;124;139;119;123;101;88;54;55;45;64;71;82;101;90;118;120;151;167;155;174;176;173;178;194;173;233;301;246;279;297;327;324;323;268;206;157;77;50;;;;;;;;;;;;;;
3824;"Bogotá, d. c.";"Bogotá, D.C.";Hombre;MATRICULADOS;121;132;124;114;100;91;72;75;59;54;48;60;69;63;85;78;89;88;118;134;134;147;150;162;164;159;162;192;220;181;196;197;230;239;236;194;150;117;74;42;;;;;;;;;;;;;;
3826;"Bogotá, d. c.";"Bogotá, D.C.";Mujer;MATRICULADOS;97;190;222;253;319;337;354;170;190;183;158;144;123;320;322;579;692;833;1287;1553;1370;1240;967;1237;1055;908;1878;1925;1309;1169;1056;996;682;528;459;487;410;316;300;218;270;228;296;277;389;389;624;698;821;704;930;905;696;673
3826;"Bogotá, d. c.";"Bogotá, D.C.";Hombre;MATRICULADOS;44;84;117;138;184;218;234;133;129;126;142;115;112;107;156;146;163;195;445;393;353;309;349;486;514;453;1081;1223;905;776;748;629;559;467;489;434;452;386;333;239;215;173;126;128;171;231;314;364;286;257;211;235;151;192
3827;"Bogotá, d. c.";"Bogotá, D.C.";Mujer;MATRICULADOS;73;42;145;34;113;120;29;51;36;27;42;47;28;16;14;9;12;14;13;9;14;14;26;6;1;;;;20;22;32;19;24;18;38;46;44;54;19;48;47;59;57;59;59;58;;;;143;;;;
3827;"Bogotá, d. c.";"Bogotá, D.C.";Hombre;MATRICULADOS;55;31;118;40;121;93;30;51;39;35;44;48;42;35;26;12;12;28;9;12;18;21;28;7;5;;;;29;31;45;30;32;21;28;37;55;72;12;50;46;41;29;32;32;32;;;;30;;;;
3828;"Bogotá, d. c.";"Bogotá, D.C.";Mujer;MATRICULADOS;;;;;;;;;;;;;;;;;;;;7;15;23;45;46;52;50;28;22;20;26;;;;12;43;42;38;45;104;93;68;42;29;21;12;2;15;5;45;13;;;;
3828;"Bogotá, d. c.";"Bogotá, D.C.";Hombre;MATRICULADOS;;;;;;;;;;;;;;;;;;;;9;12;9;30;41;33;30;19;8;7;45;;;;4;60;59;39;66;70;71;55;28;24;21;3;;4;;8;2;;;;
3829;"Bogotá, d. c.";"Bogotá, D.C.";Mujer;MATRICULADOS;5;;1;;1;;;3;4;4;9;10;5;1;7;3;8;4;105;119;133;104;112;125;115;101;100;73;26;17;2;;;;;;;;;;;;;;;;;;;;;;;
3829;"Bogotá, d. c.";"Bogotá, D.C.";Hombre;MATRICULADOS;3;;;1;3;4;2;2;9;3;17;10;10;14;8;7;11;16;153;154;164;127;147;171;154;108;93;71;38;21;2;2;2;2;;;;;;;;;;;;;;;;;;;;
3830;"Bogotá, d. c.";"Bogotá, D.C.";Mujer;MATRICULADOS;;;;;;;;;;;;;;;;;;;146;263;549;893;2058;2473;2972;2716;1402;1390;1746;1257;336;627;529;489;425;406;288;150;368;570;411;378;195;16;16;;76;55;409;596;644;131;3;234
3830;"Bogotá, d. c.";"Bogotá, D.C.";Hombre;MATRICULADOS;;;;;;;;;;;;;;;;;;;147;253;537;867;1818;2108;2564;2374;1302;1254;1208;843;246;443;377;343;293;376;238;153;326;385;261;232;125;27;27;;18;13;141;268;223;48;1;91
3831;Cauca;Popayán;Mujer;MATRICULADOS;;;;;;;;;47;89;116;185;266;312;398;286;245;206;197;312;429;383;384;805;1550;692;989;829;953;937;892;946;1164;1229;1406;1446;1477;1375;1257;1309;1441;1383;1556;1590;1840;1534;1792;1834;2109;2283;2541;2611;2358;2485
3831;Cauca;Popayán;Hombre;MATRICULADOS;;;;;;;;;3;3;3;24;13;15;23;114;209;245;501;455;373;537;898;788;859;871;1061;1003;1004;975;973;983;1211;1255;1462;1394;1413;1319;1215;1206;1091;1051;926;904;843;661;630;603;567;549;517;478;435;426
3833;Antioquia;Copacabana;Mujer;MATRICULADOS;;;;;;;;;;;4;6;11;12;20;20;33;32;54;54;43;43;23;;6;5;;;;;;;;;;;;;;;;;;;;;;;;;;;;
3833;Antioquia;Copacabana;Hombre;MATRICULADOS;;;;;;;;;;;5;7;13;13;20;20;18;17;23;22;15;15;11;;5;3;;;;;;;;;;;;;;;;;;;;;;;;;;;;
3834;Antioquia;Santa Fé de Antioquia;Mujer;MATRICULADOS;;;;;;;;;;;;;;;27;42;43;46;73;64;73;104;133;110;98;95;74;77;36;36;36;32;28;34;29;68;84;36;61;58;95;73;51;67;59;63;32;30;53;31;39;;27;
3834;Antioquia;Santa Fé de Antioquia;Hombre;MATRICULADOS;;;;;;;;;;;;;;;16;20;41;41;68;64;82;95;100;91;87;86;70;83;42;42;42;47;34;40;28;84;92;51;75;66;82;50;34;29;22;23;11;9;9;3;4;;2;
3901;Sucre;Coveñas;Mujer;MATRICULADOS;;;;;;;;;;;;;;;;;13;24;24;25;16;9;6;5;;5;15;2;9;4;6;13;23;47;65;57;75;107;92;140;167;233;271;312;323;286;284;255;274;318;301;277;200;259
3901;Sucre;Coveñas;Hombre;MATRICULADOS;;;;;;;;;;;;;;;;;81;165;171;178;196;210;203;105;13;98;133;116;91;214;257;228;144;144;114;95;101;141;115;122;101;94;79;64;82;58;25;23;17;8;6;6;3;3
3902;Cundinamarca;Nilo;Mujer;MATRICULADOS;;;;;;;;;;;;;;;;;;;186;381;583;773;815;769;627;543;345;260;274;236;196;210;733;1300;2136;2920;3055;3206;2582;2771;3224;3580;3945;4364;3370;3732;3901;4005;4937;4248;3764;3375;2375;2117
3902;Cundinamarca;Nilo;Hombre;MATRICULADOS;;;;;;;;;;;;;;;;;;;903;2182;3880;5438;5815;5890;5049;5127;4564;3995;4900;4854;4735;4474;3521;3571;3389;3310;3442;3252;2259;2225;1827;1569;1382;1206;863;663;566;366;391;228;146;79;36;25
4101;Valle del Cauca;Roldanillo;Mujer;MATRICULADOS;100;251;324;425;442;475;435;445;466;479;416;390;360;337;357;337;473;522;729;782;826;882;848;648;764;603;486;436;473;387;538;490;490;491;619;852;927;881;1008;1037;1564;1553;1851;1821;1637;1753;2632;2426;3000;2687;3268;3256;2020;2410
4101;Valle del Cauca;Roldanillo;Hombre;MATRICULADOS;70;171;204;252;290;283;288;288;263;295;246;251;232;212;231;235;375;390;438;581;620;551;560;476;497;404;462;374;493;413;487;476;466;447;569;703;854;754;858;805;720;714;732;723;606;653;710;683;687;628;627;629;386;425
4102;La Guajira;San Juan del Cesar;Mujer;MATRICULADOS;;;;;;;;;;;;;;;60;98;154;166;249;276;285;254;212;231;316;316;264;271;328;416;388;315;66;343;310;191;174;113;159;153;185;228;338;399;599;505;811;772;774;739;699;706;494;748
4102;La Guajira;San Juan del Cesar;Hombre;MATRICULADOS;;;;;;;;;;;;;;;64;101;184;202;264;284;312;299;287;310;391;352;352;354;393;460;454;344;11;353;246;178;177;89;100;97;98;113;87;101;103;105;130;120;92;64;50;60;35;51
4106;Archipiélago de San Andrés y Providencia;San Andrés;Mujer;MATRICULADOS;97;83;109;105;155;101;125;96;129;69;150;76;86;34;49;14;47;25;118;143;230;158;163;108;159;299;100;55;116;142;191;145;116;56;43;29;15;22;38;37;48;47;78;99;156;169;728;464;348;283;180;210;140;144
4106;Archipiélago de San Andrés y Providencia;San Andrés;Hombre;MATRICULADOS;28;31;49;43;74;45;76;47;63;23;58;33;38;13;23;3;24;12;69;62;99;82;92;70;79;49;56;39;58;44;40;57;46;21;18;14;8;12;32;29;23;22;28;33;40;72;168;110;76;56;40;43;33;32
4107;Valle del Cauca;Guadalajara de Buga;Mujer;MATRICULADOS;;;;;;;;;3;4;4;1;2;91;2;53;2;95;113;52;11;95;63;59;93;75;154;113;174;174;253;191;140;41;88;82;150;92;263;146;310;413;887;737;423;449;451;419;443;804;944;1037;578;1019
4107;Valle del Cauca;Guadalajara de Buga;Sin informaci¿n;MATRICULADOS;;;;;;;;;;;;;;;;;;;;;;;;1;1;;;;;;1;;;;;;;;;;;;;;;;;;;;;;;
4107;Valle del Cauca;Guadalajara de Buga;Hombre;MATRICULADOS;;;;;;;;;;;;;;;;;;;36;17;3;93;66;93;118;107;128;82;126;138;200;181;123;61;110;97;116;208;378;179;184;135;147;138;170;176;153;145;109;114;119;124;79;146
4108;"Bogotá, d. c.";"Bogotá, D.C.";Mujer;MATRICULADOS;12;10;22;28;32;34;27;76;50;110;129;122;146;147;164;35;61;69;362;483;448;154;112;544;475;526;394;483;601;675;667;597;582;586;594;643;718;659;693;752;787;816;883;1024;1276;1303;1461;1674;1849;2053;2279;2319;1968;2226
4108;"Bogotá, d. c.";"Bogotá, D.C.";Sin informaci¿n;MATRICULADOS;;;;;;;;;;;;;;1;;;;;;;;;;1;1;1;;;;;;;;;;;;;;;;;;;;;;;;;;;;
4108;"Bogotá, d. c.";"Bogotá, D.C.";Hombre;MATRICULADOS;122;157;317;320;470;243;269;716;326;905;994;1030;1083;1102;1122;225;362;257;1054;1232;1115;426;423;1572;1430;1510;1178;1348;1956;2176;2267;1937;1851;1729;1567;1500;1774;1670;1580;1537;1488;1342;1349;1352;1356;1379;1343;1347;1283;1209;1146;1003;780;804
4109;Valle del Cauca;Cali;Mujer;MATRICULADOS;;;;;;;;;;;;;;;;;;;298;247;357;359;598;790;923;747;910;755;903;1178;1057;1087;1229;804;925;595;546;274;257;355;380;437;686;634;699;679;940;1455;1438;1393;1488;1522;985;1023
4109;Valle del Cauca;Cali;Sin informaci¿n;MATRICULADOS;;;;;;;;;;;;;;;;;;;;;;1;2;1;12;11;15;12;10;9;;;;;;;;;;;;;;;;;;;;;;;;
4109;Valle del Cauca;Cali;Hombre;MATRICULADOS;;;;;;;;;;;;;;;;;;;131;128;188;172;303;357;460;355;447;401;470;579;450;498;710;497;644;457;615;459;452;488;352;292;293;240;219;190;212;346;321;280;235;196;112;109
4110;Tolima;Espinal;Mujer;MATRICULADOS;176;197;263;242;367;358;356;316;410;380;438;406;426;312;311;221;280;237;333;287;348;300;611;538;823;1003;1138;1028;1281;1077;873;962;935;863;1165;1188;1430;1394;1548;1540;1841;1879;2247;2396;2781;2638;2952;3042;3336;3452;3773;3816;2613;2650
4110;Tolima;Espinal;Sin informaci¿n;MATRICULADOS;9;8;7;7;8;9;6;6;5;4;3;2;2;1;2;1;;3;4;3;4;5;2;1;1;;;;;1;2;1;;;;;5;6;4;2;1;;;;;;;1;;;;;;
4110;Tolima;Espinal;Hombre;MATRICULADOS;143;115;195;184;301;285;304;264;314;259;322;258;257;180;223;164;230;230;275;248;313;238;452;381;553;643;837;768;933;835;785;822;835;806;1091;1082;1441;1422;1562;1543;1481;1390;1317;1311;1215;1124;1065;998;845;731;670;579;405;370
4111;Magdalena;Ciénaga;Mujer;MATRICULADOS;25;26;43;49;81;31;48;43;57;33;28;75;79;65;124;119;189;173;278;272;275;236;249;251;323;309;480;503;388;391;434;421;416;386;392;375;388;467;402;320;379;421;527;524;895;867;1639;2007;2473;2352;2560;2608;1619;2324
4111;Magdalena;Ciénaga;Sin informaci¿n;MATRICULADOS;;1;;;;;;;;;;1;;;;;;;;;;;;;;;;;;;;;;;;;;;;;;;;;;;;;;;;;;
4111;Magdalena;Ciénaga;Hombre;MATRICULADOS;17;5;21;22;30;23;31;34;24;22;20;46;38;35;55;64;73;66;107;110;100;83;91;67;95;124;197;185;186;168;170;162;242;235;306;303;332;312;293;238;164;184;142;110;122;120;149;192;193;173;156;183;111;205
4112;Caldas;Pensilvania;Mujer;MATRICULADOS;153;112;116;100;113;74;83;100;96;69;134;72;120;126;177;155;265;167;158;120;205;196;257;245;202;187;181;136;153;115;119;104;107;89;107;112;228;202;235;217;191;224;277;244;442;495;591;556;624;652;510;659;324;364
4112;Caldas;Pensilvania;Sin informaci¿n;MATRICULADOS;2;4;4;4;4;3;2;;;;1;;1;;;;1;1;1;1;;;;;;;;;;;;;;;;;;;;;;;;;;;;;;;;;;
4112;Caldas;Pensilvania;Hombre;MATRICULADOS;53;71;51;55;75;38;46;42;52;41;58;42;68;48;78;71;125;89;92;76;98;82;92;93;81;89;109;86;96;70;76;69;64;45;74;59;129;113;165;134;80;96;56;51;51;45;39;34;29;29;17;20;9;9
4701;Valle del Cauca;Cali;Mujer;MATRICULADOS;246;172;192;215;232;276;295;294;323;381;436;499;596;637;694;732;776;814;840;932;977;945;1000;1026;1008;1029;1031;1039;1358;1315;1555;1555;1489;1579;1516;1432;1318;1201;1112;1048;1143;1199;1295;1329;1376;966;1214;1176;1239;1275;1317;1312;1006;1012
4701;Valle del Cauca;Cali;Sin informaci¿n;MATRICULADOS;;;;;;;;;;;;;;;;;;;;;;1;;;;;1;1;2;1;3;1;2;1;2;1;1;;;;;;;;;;;;;;;;;
4701;Valle del Cauca;Cali;Hombre;MATRICULADOS;235;181;223;230;260;298;297;332;362;455;536;637;703;782;835;913;931;954;1013;1124;1173;1123;1121;1116;1114;1153;1164;1192;1563;1478;1707;1621;1549;1644;1547;1428;1330;1199;1093;965;889;781;692;591;472;255;288;224;200;216;170;165;126;118
4702;"Bogotá, d. c.";"Bogotá, D.C.";Mujer;MATRICULADOS;;;;;;;;;;;;;;;3;;;;556;1;555;591;815;619;2;2;325;213;178;108;208;85;527;451;420;365;897;657;689;1145;1628;1341;1169;1063;1031;1058;1192;2578;3546;3835;3729;6907;2;3013
4702;"Bogotá, d. c.";"Bogotá, D.C.";Hombre;MATRICULADOS;;;;;;;;;;;;;;;;;;;550;;467;459;723;582;;;318;207;171;106;263;92;475;376;334;270;749;551;608;603;822;729;736;643;599;884;861;1857;2973;3372;3070;5259;;2112
4704;"Bogotá, d. c.";"Bogotá, D.C.";Mujer;MATRICULADOS;;;;;1;;;5;;1;1;;;5;2;14;1;4;;73;2;13;1;5;;73;;;;;;;;;;;;7;;;;;;;;;;;;;;;;
4704;"Bogotá, d. c.";"Bogotá, D.C.";Sin informaci¿n;MATRICULADOS;;;;;;;;;;;;;;;;1;;;;;;1;;;;;;;;;;;;;;;;;;;;;;;;;;;;;;;;
4704;"Bogotá, d. c.";"Bogotá, D.C.";Hombre;MATRICULADOS;;;;;;1;;2;1;1;;1;;2;2;12;2;11;;33;1;11;2;11;;33;;;;;;;;;;;;16;;;;;;;;;;;;;;;;
4705;Cesar;Valledupar;Mujer;MATRICULADOS;81;148;279;320;375;428;398;327;299;215;132;205;59;78;70;78;133;185;247;214;241;238;294;73;428;132;220;83;80;60;32;21;60;26;49;;;;;;;;;;;;;;;;;;;
4705;Cesar;Valledupar;Hombre;MATRICULADOS;15;25;45;49;52;43;37;17;18;12;9;65;7;23;20;29;52;68;78;74;103;77;101;30;79;41;115;44;49;34;36;20;23;12;33;;;;;;;;;;;;;;;;;;;
4708;"Bogotá, d. c.";"Bogotá, D.C.";Mujer;MATRICULADOS;257;212;237;178;157;135;146;131;136;120;120;110;120;117;113;119;142;131;39;53;77;94;113;95;135;115;127;91;106;110;;;52;44;32;33;48;;37;37;42;41;;;;;;;;;;;;
4708;"Bogotá, d. c.";"Bogotá, D.C.";Sin informaci¿n;MATRICULADOS;;;;;3;3;;3;3;3;3;;;;;;;;;;;;;;;;;;;;;;;;;;;;;;;;;;;;;;;;;;;
4708;"Bogotá, d. c.";"Bogotá, D.C.";Hombre;MATRICULADOS;56;41;38;33;26;28;33;23;22;31;34;33;30;34;36;49;60;58;11;22;19;23;25;23;26;23;24;18;19;22;;;14;18;25;26;33;;47;46;39;36;;;;;;;;;;;;
4709;Quindío;Armenia;Mujer;MATRICULADOS;481;605;609;650;705;673;684;571;534;452;414;377;374;317;348;325;391;367;405;499;595;614;716;672;714;695;756;767;777;716;682;696;742;732;863;739;748;683;765;661;781;737;817;744;839;728;820;754;832;796;908;847;669;649
4709;Quindío;Armenia;Hombre;MATRICULADOS;304;412;484;512;586;584;600;544;503;443;416;381;384;317;335;318;365;294;362;423;558;601;673;697;800;810;902;874;894;861;864;804;837;773;894;750;897;904;935;823;751;622;535;448;418;331;247;205;171;129;113;105;72;72
4710;"Bogotá, d. c.";"Bogotá, D.C.";Mujer;MATRICULADOS;;;;;;;;;;;;;;;;;;;;;;;;;;;;;;;;;;;;38;42;7;4;2;2;2;2;2;;;1;1;671;790;1321;2020;1763;1401
4710;"Bogotá, d. c.";"Bogotá, D.C.";Hombre;MATRICULADOS;;;;;;;;;;;;;;;;;;;;;;;;;;;;;;;;;;;;31;49;3;1;;;;;;;;1;1;11;29;104;115;96;110
4714;"Bogotá, d. c.";"Bogotá, D.C.";Mujer;MATRICULADOS;3;6;29;22;26;18;23;21;23;20;23;21;27;23;29;34;37;33;41;42;45;50;45;41;37;35;36;37;36;36;1;2;17;11;40;50;48;48;59;56;54;39;41;49;55;28;57;68;98;108;149;166;82;87
4714;"Bogotá, d. c.";"Bogotá, D.C.";Hombre;MATRICULADOS;106;124;263;198;284;231;302;268;307;302;344;351;400;593;628;337;380;362;420;418;467;475;488;464;420;406;375;355;360;366;18;6;29;24;53;53;71;73;64;65;56;48;31;24;24;12;21;22;25;27;29;32;12;17
4719;"Bogotá, d. c.";"Bogotá, D.C.";Mujer;MATRICULADOS;;;;;;;;;;;;;3;8;16;13;19;27;114;123;160;192;210;142;263;220;414;452;381;84;128;67;91;49;136;85;78;82;212;183;222;229;233;228;194;141;97;94;113;121;375;307;79;325
4719;"Bogotá, d. c.";"Bogotá, D.C.";Hombre;MATRICULADOS;;;;;;;;;;;;;1;2;5;10;27;31;96;102;133;124;155;112;164;149;345;301;224;57;93;39;67;38;176;70;117;171;155;180;121;112;88;96;65;52;37;29;29;23;85;79;9;78
4721;"Bogotá, d. c.";"Bogotá, D.C.";Mujer;MATRICULADOS;10;2;18;7;8;12;27;13;21;17;34;37;30;80;122;67;127;150;251;247;303;307;582;580;569;361;403;367;268;385;559;518;551;586;533;597;541;437;417;460;472;489;523;404;580;534;655;491;631;508;429;298;196;162
4721;"Bogotá, d. c.";"Bogotá, D.C.";Hombre;MATRICULADOS;8;7;10;13;13;6;20;17;15;6;32;36;43;64;110;88;161;141;261;217;301;321;511;493;583;408;404;379;250;382;522;503;518;763;648;697;548;413;364;359;320;322;317;250;352;308;337;242;274;226;177;116;78;61
4726;"Bogotá, d. c.";"Bogotá, D.C.";Mujer;MATRICULADOS;15;10;1;7;16;26;87;135;202;176;280;385;580;602;772;740;963;897;1240;1111;1167;1072;1219;1195;1262;1089;1172;1087;1338;1333;1625;1620;1514;1329;1218;1858;1648;989;1981;2285;2566;2732;2815;3099;3307;2636;3019;3046;3547;3903;4130;4226;2819;2897
4726;"Bogotá, d. c.";"Bogotá, D.C.";Sin informaci¿n;MATRICULADOS;;;;;;;;;;;;1;2;;;1;2;;;;;;;;;;;;;;;;;;;;;;;;;;;;;;;;;;;;;
4726;"Bogotá, d. c.";"Bogotá, D.C.";Hombre;MATRICULADOS;14;11;8;12;14;20;55;97;155;145;233;299;439;458;626;610;840;809;1079;1073;1164;1039;1141;1144;1181;1129;1173;1102;1470;1544;1741;1690;1471;1439;1884;1796;2785;3361;2688;2194;2034;1908;1742;1886;1812;1531;1503;1408;1464;1473;1186;1125;671;615
4727;"Bogotá, d. c.";"Bogotá, D.C.";Mujer;MATRICULADOS;;;;;;;;;;;;;44;45;137;506;685;672;1029;1071;1367;1349;1642;1533;2046;2033;2774;2826;3458;2835;3702;3583;4186;3456;4071;3410;4221;3719;4155;4317;4438;3797;4593;4005;3804;2294;4127;3617;4611;3827;4645;4113;2316;3481
4727;"Bogotá, d. c.";"Bogotá, D.C.";Sin informaci¿n;MATRICULADOS;;;;;;;;;;;;;;;;;;;;;;;;;;;;;;;;;;;;8;14;5;1;1;1;;;;;;;;;;;;;
4727;"Bogotá, d. c.";"Bogotá, D.C.";Hombre;MATRICULADOS;;;;;;;;;;;;;9;13;67;163;216;208;494;615;823;792;1040;1003;1287;1326;1796;1832;2083;1809;2549;2543;3529;3041;3868;3452;4089;3360;3594;3629;2727;2244;2010;1544;1149;750;1245;1055;1158;993;1140;1067;578;846
4801;Antioquia;Medellín;Mujer;MATRICULADOS;252;221;231;187;175;143;177;161;179;140;178;176;195;199;221;201;227;208;188;168;224;231;317;285;316;270;270;252;235;227;239;230;225;195;164;148;144;139;130;133;156;182;173;185;211;181;209;198;216;189;201;174;130;116
4801;Antioquia;Medellín;Hombre;MATRICULADOS;109;115;128;104;116;102;106;94;88;60;60;57;64;47;54;64;70;66;81;72;81;85;173;156;175;165;154;146;136;148;133;132;140;124;124;122;105;111;111;102;97;103;99;89;78;59;56;54;45;35;29;27;20;16
4803;"Bogotá, d. c.";"Bogotá, D.C.";Mujer;MATRICULADOS;88;107;452;73;149;77;199;276;396;380;266;173;91;111;166;140;337;265;379;328;435;305;305;240;187;155;180;120;111;123;195;158;146;127;118;80;36;16;15;6;11;16;23;16;12;18;12;34;15;55;46;51;19;73
4803;"Bogotá, d. c.";"Bogotá, D.C.";Sin informaci¿n;MATRICULADOS;2;1;1;;1;;;;;;;;;;;;;;;;;;;;;;;;;;;;;;;;;;;;;;;;;;;;;;;;;
4803;"Bogotá, d. c.";"Bogotá, D.C.";Hombre;MATRICULADOS;47;64;337;58;165;50;101;151;236;237;149;105;56;95;136;120;209;135;212;158;223;174;151;131;105;93;86;59;46;50;91;83;81;78;73;51;33;19;20;5;9;9;10;6;7;9;6;10;4;13;13;13;7;9
4805;"Bogotá, d. c.";"Bogotá, D.C.";Mujer;MATRICULADOS;;;;;;;;;;;;;;;;;;;27;32;25;21;15;12;;;;;;;12;19;24;31;31;36;51;46;;;;;;;;;;;;;;;;
4805;"Bogotá, d. c.";"Bogotá, D.C.";Hombre;MATRICULADOS;;;;;;;;;;;;;;;;;;;28;44;35;32;19;6;;;;;;;1;2;11;17;17;22;30;27;;;;;;;;;;;;;;;;
4806;"Bogotá, d. c.";"Bogotá, D.C.";Mujer;MATRICULADOS;17;16;1;;22;22;1;11;;2;15;19;13;17;11;14;24;21;101;5;60;2;86;61;21;7;86;85;84;69;63;70;88;86;78;70;64;48;42;34;19;11;5;12;18;18;22;30;43;64;68;54;43;22
4806;"Bogotá, d. c.";"Bogotá, D.C.";Hombre;MATRICULADOS;21;25;;2;26;28;1;16;1;2;13;16;14;30;14;13;17;15;107;17;57;10;105;86;5;9;66;69;64;66;57;64;82;65;59;55;44;37;26;21;16;7;5;4;7;1;3;4;4;4;4;6;5;3
4808;Valle del Cauca;Cali;Mujer;MATRICULADOS;;;;;;;;;;;;;;;;;;;20;22;10;13;19;28;36;66;114;158;186;193;159;102;21;22;50;80;122;105;117;;15;3;278;306;203;49;12;40;93;150;85;142;73;191
4808;Valle del Cauca;Cali;Hombre;MATRICULADOS;;;;;;;;;;;;;;;;;;;11;15;10;10;13;14;30;17;16;37;76;80;63;54;21;12;42;58;96;84;101;;5;3;103;100;42;14;1;7;12;20;8;14;6;17
4810;"Bogotá, d. c.";"Bogotá, D.C.";Mujer;MATRICULADOS;137;98;134;166;191;206;156;145;172;170;153;147;114;106;92;90;89;83;66;71;81;64;79;68;88;114;104;114;132;119;122;112;189;190;287;369;439;494;577;621;729;783;854;819;885;673;678;655;622;618;577;550;465;669
4810;"Bogotá, d. c.";"Bogotá, D.C.";Hombre;MATRICULADOS;134;12;188;192;268;296;285;318;356;333;293;281;203;194;159;158;144;117;123;142;145;154;195;152;191;241;240;249;265;327;338;335;438;403;476;516;607;625;633;687;628;593;558;508;464;349;315;271;215;186;135;124;123;168
4811;Valle del Cauca;Cali;Mujer;MATRICULADOS;;;;;;;;;;;;;;;;;;;;;;;;;;;2;2;8;7;;5;6;5;6;5;11;14;31;58;81;104;172;206;219;111;122;96;42;;73;71;49;68
4811;Valle del Cauca;Cali;Hombre;MATRICULADOS;;;;;;;;;;;;;;;;;;;;;;;;;;;6;4;8;7;;5;3;3;13;12;29;51;43;61;71;62;74;82;81;41;45;28;8;;6;8;7;14
4812;"Bogotá, d. c.";"Bogotá, D.C.";Mujer;MATRICULADOS;;;;;;;;;;;;;;;;;;;25;32;36;37;;9;2;42;66;69;152;134;204;209;221;166;149;164;292;187;99;185;256;;5;5;58;12;22;3;;;25;;1;8
4812;"Bogotá, d. c.";"Bogotá, D.C.";Hombre;MATRICULADOS;;;;;;;;;;;;;;;;;;;32;33;39;31;;6;2;24;52;44;92;83;144;124;154;117;102;123;162;119;87;104;115;;2;;25;10;14;4;;;8;;1;1
4813;"Bogotá, d. c.";"Bogotá, D.C.";Mujer;MATRICULADOS;31;90;1064;59;629;727;649;1648;2298;1932;2114;2262;2132;1838;2280;3964;3609;2822;8812;9120;9904;9621;5827;12971;13136;14091;14256;14067;14063;13897;17073;17891;19687;17699;17742;19382;16306;14306;15046;15220;16657;17600;18677;20291;18544;17545;21051;24756;30280;31308;34508;35087;22316;33820
4813;"Bogotá, d. c.";"Bogotá, D.C.";Sin informaci¿n;MATRICULADOS;;;;;;;;;;;;;;1;1;1;1;1;1;;1;;;;;;;2;;;;;;3;3;4;1;;;;;;;;;;;;;;;;;
4813;"Bogotá, d. c.";"Bogotá, D.C.";Hombre;MATRICULADOS;2;3;161;1;427;536;594;1014;1372;1165;1463;1532;1556;1433;1769;2427;2278;1778;5799;5799;6133;6099;3501;7540;7682;7640;8906;8084;8762;8271;10607;10703;11858;11195;11912;13584;15964;22260;19882;17081;14225;14124;13621;14099;10530;9800;10469;11516;12847;12920;12876;13394;8291;11613
4817;Atlántico;Barranquilla;Mujer;MATRICULADOS;199;333;469;618;826;965;793;712;796;665;859;838;848;770;566;515;445;582;1030;919;1010;832;875;587;790;839;777;583;848;612;784;781;1038;925;698;597;397;197;307;286;485;369;313;245;195;175;387;808;2224;2126;2065;2175;887;275
4817;Atlántico;Barranquilla;Sin informaci¿n;MATRICULADOS;;;;;;;;;;;;;;;;;;;;;;;;;;;;;;;1;1;2;3;1;;1;;;;;;;;;;;;;;;;;
4817;Atlántico;Barranquilla;Hombre;MATRICULADOS;143;262;411;569;769;911;773;733;757;656;674;674;612;547;350;385;299;419;622;571;675;596;623;379;481;617;579;419;575;420;572;495;686;747;820;704;720;611;378;331;195;119;86;63;50;60;110;116;97;117;128;157;109;70
4818;Atlántico;Barranquilla;Mujer;MATRICULADOS;;;;;;;;6;28;45;204;282;335;216;1324;1163;1297;1150;1243;1157;1301;1165;1143;1261;1745;1789;1897;2120;2265;2146;2604;2616;3135;2901;2748;2947;2492;2109;2225;2212;2559;2569;2827;2920;3436;2583;3261;3238;3572;3595;3854;3661;3035;2863
4818;Atlántico;Barranquilla;Hombre;MATRICULADOS;;;;;;;1;4;12;22;117;197;202;169;980;875;923;827;920;776;896;913;896;947;1158;1138;1346;1467;1728;1584;1667;1504;1639;1724;2010;1816;2368;2459;2407;2246;2139;1999;1921;1656;1613;1187;1262;1129;1024;918;817;694;516;428
4822;"Bogotá, d. c.";"Bogotá, D.C.";Mujer;MATRICULADOS;22;13;28;31;37;45;65;62;75;74;78;103;102;104;105;101;108;77;150;303;325;409;562;636;794;829;970;986;1055;1111;1235;1324;1470;1429;1471;1606;1507;1354;1474;1394;1302;1181;1164;1112;1112;792;982;929;972;919;918;832;610;544
4822;"Bogotá, d. c.";"Bogotá, D.C.";Hombre;MATRICULADOS;16;9;11;10;19;20;30;36;44;45;51;59;72;61;62;59;58;46;155;285;334;426;573;625;756;828;994;1029;1080;1088;1164;1139;1168;1220;1372;1320;1332;1398;1243;1163;1031;922;787;696;613;420;414;377;319;256;205;172;120;103
4825;Risaralda;Pereira;Mujer;MATRICULADOS;;;;;;;;;;;;;;;;;;;49;65;45;31;61;39;6;7;56;71;93;106;150;162;150;141;102;127;168;221;270;254;380;351;401;414;743;624;735;678;783;771;875;1101;660;822
4825;Risaralda;Pereira;Sin informaci¿n;MATRICULADOS;;;;;;;;;;;;;;;;;;;1;;;;;;;;;;;;;;;;;;;;;;;;;;;;;;;;;;;
4825;Risaralda;Pereira;Hombre;MATRICULADOS;;;;;;;;;;;;;;;;;;;32;34;29;18;41;29;2;8;56;64;85;98;130;148;139;116;91;82;71;107;90;116;172;188;187;185;331;302;298;266;257;267;278;275;205;207
4826;Bolívar;Cartagena de Indias;Mujer;MATRICULADOS;;;;;;;;;;;;;;;;;;;268;276;451;171;445;277;344;312;827;;;257;260;342;243;151;105;192;42;15;220;454;19;15;3;264;161;;135;;88;29;;;;
4826;Bolívar;Cartagena de Indias;Hombre;MATRICULADOS;;;;;;;;;;;;;;;;;;;74;110;263;85;217;160;202;186;573;;;172;161;196;164;95;67;129;22;2;123;279;6;3;1;121;89;;69;;47;19;;;;
4827;Antioquia;Medellín;Mujer;MATRICULADOS;;;77;105;140;148;197;214;249;235;227;216;208;185;176;149;138;134;177;197;225;248;280;256;240;206;196;187;167;112;105;62;47;17;;;;;;;;;;;;;;;;;;;;
4827;Antioquia;Medellín;Hombre;MATRICULADOS;;;47;67;103;118;156;174;202;191;201;200;214;214;217;181;192;197;221;234;213;231;272;234;226;204;191;173;168;133;113;80;42;26;;;;;;;;;;;;;;;;;;;;
4829;Santander;Bucaramanga;Mujer;MATRICULADOS;41;243;198;131;33;76;79;84;80;75;156;115;131;97;95;74;60;57;97;78;63;342;320;89;206;351;92;190;129;188;123;115;274;342;398;343;290;199;101;83;70;122;36;327;298;317;449;409;350;292;231;136;58;33
4829;Santander;Bucaramanga;Sin informaci¿n;MATRICULADOS;;;1;;;;;;;;;;;;;;;;;;;;;;;;;;;;;;;;;;;;;;;;;;;;;;;;;;;
4829;Santander;Bucaramanga;Hombre;MATRICULADOS;18;65;52;38;16;27;33;34;33;31;59;45;63;36;47;38;27;21;19;24;13;137;102;25;70;95;28;72;66;101;59;45;111;158;211;199;162;110;54;43;49;54;8;84;75;88;111;70;68;55;44;26;7;5
4832;"Bogotá, d. c.";"Bogotá, D.C.";Mujer;MATRICULADOS;;;;;;2;1;1;1;2;2;5;;1;;1;2;2;64;61;292;400;818;1065;1580;1188;2102;1482;1584;1143;1219;1005;792;143;681;463;546;213;359;156;412;349;286;290;370;201;374;169;426;251;244;258;92;187
4832;"Bogotá, d. c.";"Bogotá, D.C.";Hombre;MATRICULADOS;;;;;;;;5;;;;2;1;1;1;1;2;2;23;17;177;292;593;717;974;715;1221;885;970;749;786;733;596;96;563;399;457;150;299;151;236;179;104;80;89;52;68;26;62;34;36;20;9;24
4835;"Bogotá, d. c.";"Bogotá, D.C.";Mujer;MATRICULADOS;1;;;20;;2;85;104;99;91;105;102;84;312;61;51;61;57;305;300;293;299;331;326;356;353;358;333;302;236;223;202;186;174;170;144;151;155;161;150;190;182;240;300;393;362;479;511;597;674;820;822;730;756
4835;"Bogotá, d. c.";"Bogotá, D.C.";Hombre;MATRICULADOS;1;;;11;;;42;34;38;35;38;49;37;194;47;29;43;40;216;226;244;220;229;234;249;259;236;202;178;143;130;116;121;128;144;121;140;145;141;134;129;111;99;95;107;93;89;80;72;65;60;58;47;43
4837;Atlántico;Barranquilla;Mujer;MATRICULADOS;74;108;148;177;207;219;179;157;158;199;206;191;192;150;128;80;75;56;75;94;64;61;61;76;175;127;123;107;133;128;145;150;174;185;240;241;238;280;299;317;303;310;310;301;329;337;490;551;635;668;700;683;601;654
4837;Atlántico;Barranquilla;Hombre;MATRICULADOS;22;33;62;85;107;110;105;100;76;84;97;106;132;114;86;68;67;42;51;69;75;50;72;102;148;150;165;173;214;223;245;265;279;263;276;269;248;261;266;278;248;207;187;160;147;125;148;142;131;133;120;98;75;66
5801;Santander;Bucaramanga;Mujer;MATRICULADOS;;;;;;8;31;13;35;28;48;42;45;45;34;20;8;6;7;6;3;4;1;;;1;35;49;35;23;18;16;56;94;134;235;211;138;140;174;215;265;308;361;423;420;443;417;408;448;431;403;324;259
5801;Santander;Bucaramanga;Sin informaci¿n;MATRICULADOS;;;;;;;;;;;;;;;;;;;;;;;;;;1;2;3;3;2;2;1;;;;;;;;;;;;;;;;;;;;;;
5801;Santander;Bucaramanga;Hombre;MATRICULADOS;;;;;;2;19;15;22;14;19;14;14;14;9;9;5;2;1;1;1;1;;;;5;67;81;43;29;28;31;68;102;212;307;373;265;217;151;166;188;189;186;210;178;178;167;142;124;107;84;62;52
5802;"Bogotá, d. c.";"Bogotá, D.C.";Mujer;MATRICULADOS;279;474;721;806;805;1265;1341;950;1456;1374;1591;1629;1074;1268;1738;1623;1786;1432;2232;2394;2862;2879;3735;3929;4073;4096;4044;4148;4349;4702;4918;5403;4840;4281;6222;6613;7388;7586;8172;7851;8895;8822;10036;10163;10825;8872;10680;10651;12614;12761;13373;13249;10967;10378
5802;"Bogotá, d. c.";"Bogotá, D.C.";Hombre;MATRICULADOS;75;162;335;501;501;1018;1282;1113;1680;1817;2293;2463;1933;2156;2746;2473;2820;2369;3638;3894;4734;4655;5697;5689;6080;6183;6396;6500;6860;7068;7511;7811;6959;5790;7930;8147;9169;9234;9521;9290;8911;8335;8093;7651;6944;5480;5238;4618;4305;3739;3266;2872;2188;1784
9102;Cundinamarca;Madrid;Mujer;MATRICULADOS;182;74;109;97;168;168;180;127;132;132;44;44;21;21;39;39;68;68;60;60;45;45;16;16;14;14;14;13;10;10;11;11;54;50;154;142;209;157;256;227;281;220;371;347;450;399;541;485;506;474;518;;288;
9102;Cundinamarca;Madrid;Hombre;MATRICULADOS;258;258;368;323;338;334;403;402;432;432;419;416;330;325;317;314;311;311;321;320;328;328;369;355;377;376;444;432;466;467;428;426;348;339;246;243;216;124;225;198;228;156;199;175;189;153;140;120;91;86;40;;9;
9103;Valle del Cauca;Cali;Mujer;MATRICULADOS;20;13;18;16;22;19;29;20;21;18;23;21;28;26;59;54;77;71;92;86;101;96;87;82;76;75;73;68;57;55;117;111;274;244;376;339;335;321;354;335;345;295;319;291;368;351;466;450;525;494;552;;369;
9103;Valle del Cauca;Cali;Hombre;MATRICULADOS;91;69;129;110;178;160;278;211;263;245;262;250;347;333;344;334;342;319;381;352;415;351;390;367;425;391;425;395;450;432;435;408;430;390;363;352;440;410;324;305;261;249;204;193;49;49;24;24;13;13;3;;2;
9104;"Bogotá, d. c.";"Bogotá, D.C.";Mujer;MATRICULADOS;;;;;;;155;;;;;;;;;;78;117;172;203;214;216;364;166;225;210;243;268;261;263;336;353;535;592;821;1002;1174;1169;1207;1383;1637;1817;2248;2480;2775;2615;3069;3322;3364;3302;3135;2957;2384;2624
9104;"Bogotá, d. c.";"Bogotá, D.C.";Hombre;MATRICULADOS;;;;;;;;;;;;;;;;;334;477;966;1110;1498;1577;1608;1639;1396;1354;1345;1564;1455;1502;1832;1974;1913;1763;1806;1697;1680;1327;1121;1051;957;918;867;838;614;480;400;306;170;106;68;24;16;8
9105;Bolívar;Cartagena de Indias;Mujer;MATRICULADOS;17;13;26;24;43;36;52;50;58;52;52;46;43;40;75;77;73;68;86;82;90;99;84;91;84;80;79;75;78;63;61;76;158;173;224;252;243;269;447;526;529;606;743;849;1001;1134;1182;1214;1248;1238;1255;699;521;478
9105;Bolívar;Cartagena de Indias;Hombre;MATRICULADOS;146;137;226;223;288;271;354;348;360;338;354;343;359;349;340;319;311;289;312;263;328;340;369;403;365;357;337;328;319;300;236;261;292;247;293;310;335;392;400;417;363;374;374;363;278;278;219;175;72;49;43;31;6;5
9107;"Bogotá, d. c.";"Bogotá, D.C.";Mujer;MATRICULADOS;;;;;;;;;1;46;1;46;;;;;11;5;60;71;94;123;126;125;109;202;202;282;233;325;378;411;382;284;330;311;293;316;306;285;274;267;248;230;231;243;241;228;228;236;236;246;196;193
9107;"Bogotá, d. c.";"Bogotá, D.C.";Hombre;MATRICULADOS;;;;;;;;;;;;;;;;;;;101;94;9;138;191;155;219;205;172;207;211;166;184;150;118;113;216;237;235;254;260;251;281;281;300;303;323;341;353;327;359;322;314;319;248;235
9110;"Bogotá, d. c.";"Bogotá, D.C.";Mujer;MATRICULADOS;;;;;;;;;;;;;;;;;;;;;;;;;4983;6220;44789;69873;95504;127455;150457;185023;181878;194357;209441;208178;175461;201603;185117;219616;189049;245560;203986;248466;218755;275360;249049;302341;251019;311620;230887;296557;190244;256453
9110;"Bogotá, d. c.";"Bogotá, D.C.";Hombre;MATRICULADOS;;;;;;;;;;;;;;;;;;;;;;;;;3522;4320;31423;49373;67138;90153;108990;139523;144892;159216;177703;181497;154041;176822;162381;186253;139243;162106;109242;122803;73691;96370;80020;98574;72119;89042;60441;81526;48630;66187
9116;Chocó;Quibdó;Mujer;MATRICULADOS;;;;;;;;;;;;;;;;;;;;;92;99;186;270;308;385;499;562;533;557;515;564;676;680;839;942;1091;1091;1210;1314;1612;1960;1595;1912;2128;2173;2568;2515;2604;2486;2498;2357;2006;1865
9116;Chocó;Quibdó;Hombre;MATRICULADOS;;;;;;;;;;;;;;;;;;;;;35;36;59;67;61;70;103;97;89;93;88;114;166;227;353;458;550;584;678;716;789;891;702;725;745;710;733;678;627;591;533;487;376;360
9117;"Bogotá, d. c.";"Bogotá, D.C.";Mujer;MATRICULADOS;;;;;;;;;;;;;;;;;;;18;18;55;70;86;99;62;74;59;71;81;71;69;61;45;38;29;20;25;20;24;24;23;20;17;13;12;6;10;15;10;8;4;7;5;5
9117;"Bogotá, d. c.";"Bogotá, D.C.";Hombre;MATRICULADOS;;;;;;;;;;;;;;;;;;;1;;;;1;1;1;2;;;1;2;2;2;6;9;12;14;14;13;16;18;15;11;5;5;9;5;9;5;4;5;3;4;4;3
9119;Atlántico;Barranquilla;Mujer;MATRICULADOS;;;;;;;;;;;;;;;;;;;35;120;121;175;397;672;1027;1218;1534;1647;2119;2567;3395;3810;4858;5068;5690;6039;6427;6629;6932;6969;7243;7216;7406;7197;7459;6450;7416;7788;9427;9665;9481;9725;7065;7152
9119;Atlántico;Barranquilla;Hombre;MATRICULADOS;;;;;;;;;;;;;;;;;;;34;94;105;134;288;391;527;640;838;896;1170;1386;1877;2158;2969;3114;3605;3827;4149;4332;4706;4683;4552;4520;4297;4137;4052;3525;3717;3525;3304;3166;2890;2784;2127;2107
9120;Antioquia;Medellín;Mujer;MATRICULADOS;;;;;;;;;;;;;;;;;;;;58;80;79;128;133;173;161;192;196;217;204;233;223;239;263;282;306;293;262;303;301;350;344;383;389;444;381;427;436;497;514;521;504;422;390
9120;Antioquia;Medellín;Hombre;MATRICULADOS;;;;;;;;;;;;;;;;;;;;68;95;90;145;161;215;207;222;216;233;244;283;257;282;283;340;356;354;298;314;301;312;306;285;248;248;202;191;159;135;110;91;80;59;55
9121;Bolívar;Cartagena de Indias;Mujer;MATRICULADOS;;;;;;;;;;;;;;;;;;;;1;11;23;50;59;82;153;484;529;727;832;1031;1016;1030;1039;1164;1171;1202;1200;1102;1021;1276;1275;1418;1399;1595;1117;1430;1702;1879;2050;2230;2212;1826;1801
9121;Bolívar;Cartagena de Indias;Hombre;MATRICULADOS;;;;;;;;;;;;;;;;;;;;7;17;16;38;47;55;104;208;237;326;387;442;452;598;625;775;847;939;892;975;910;947;873;813;739;686;476;499;459;394;333;285;251;186;154
9122;Santander;Bucaramanga;Mujer;MATRICULADOS;75;131;190;203;232;253;289;301;376;380;430;413;444;428;439;433;443;414;468;426;452;426;429;416;465;443;476;471;516;518;550;542;525;484;455;444;422;360;354;299;309;328;385;395;433;387;409;398;491;464;486;459;424;483
9122;Santander;Bucaramanga;Hombre;MATRICULADOS;21;31;41;39;49;52;56;62;79;80;103;94;99;101;120;126;131;129;142;152;150;147;167;155;190;166;183;166;192;186;179;177;193;205;263;277;293;265;307;322;314;330;311;283;246;220;206;169;128;114;91;60;50;45
9124;Antioquia;Marinilla;Mujer;MATRICULADOS;;;;;;;;;;;;;;;;;;;;;52;65;62;197;216;259;236;158;46;43;57;37;85;140;160;210;192;157;130;129;154;130;81;81;35;68;98;66;62;68;78;100;61;58
9124;Antioquia;Marinilla;Hombre;MATRICULADOS;;;;;;;;;;;;;;;;;;;;;40;49;46;100;98;124;110;72;25;22;37;27;61;113;159;211;187;154;125;101;87;73;40;36;6;18;12;6;7;12;11;12;11;10
9125;Antioquia;Santa Fé de Antioquia;Mujer;MATRICULADOS;;;;;;;;;;;;;;;;39;37;47;56;63;75;49;72;56;59;86;91;113;129;129;130;155;131;125;109;104;84;44;20;16;12;9;20;19;45;43;40;52;68;62;;;;
9125;Antioquia;Santa Fé de Antioquia;Hombre;MATRICULADOS;;;;;;;;;;;;;;;;20;15;21;25;28;37;26;36;44;43;49;49;55;55;51;56;55;51;47;37;37;22;13;6;9;6;6;6;6;13;12;12;17;18;11;;;;
9126;Atlántico;Barranquilla;Mujer;MATRICULADOS;;;;;;;;;;;;;;;;;;;;;;;;;3;3;5;5;2;4;10;13;75;67;91;190;146;122;148;131;180;146;164;179;227;132;220;223;256;245;299;298;211;198
9126;Atlántico;Barranquilla;Hombre;MATRICULADOS;;;;;;;;;;;;;;;;;;;;;;;;;9;10;16;15;14;18;16;20;33;50;163;123;281;329;290;246;215;200;151;124;91;71;64;59;59;61;65;51;33;36
9127;Antioquia;Sabaneta;Mujer;MATRICULADOS;;;;;;;;;;;;;;;;;;;;;;;366;313;231;314;337;387;411;464;596;674;717;728;879;962;1061;1085;1096;1004;885;780;775;719;700;654;630;590;625;610;601;574;486;297
9127;Antioquia;Sabaneta;Hombre;MATRICULADOS;;;;;;;;;;;;;;;;;;;;;;;94;84;64;122;131;148;198;225;295;364;414;433;512;569;668;686;717;651;567;540;502;457;411;374;311;269;229;211;175;140;118;51
9128;"Bogotá, d. c.";"Bogotá, D.C.";Mujer;MATRICULADOS;;;;;;;;;;;;;;;;;;;;;;;;114;190;468;483;561;638;787;554;673;601;580;460;547;519;466;416;472;475;528;458;568;487;413;444;617;613;784;692;849;508;640
9128;"Bogotá, d. c.";"Bogotá, D.C.";Hombre;MATRICULADOS;;;;;;;;;;;;;;;;;;;;;;;;54;74;184;189;229;244;270;208;269;270;293;296;393;438;436;429;448;404;427;314;324;217;163;104;127;100;101;79;74;42;42
9129;"Bogotá, d. c.";"Bogotá, D.C.";Mujer;MATRICULADOS;;;;;;;;;;;;;;;;;;;;;;;;;18;68;187;224;303;376;510;550;667;635;630;727;679;626;673;639;715;751;906;974;1090;994;1112;1114;1152;1129;1277;1333;1033;1041
9129;"Bogotá, d. c.";"Bogotá, D.C.";Hombre;MATRICULADOS;;;;;;;;;;;;;;;;;;;;;;;;;10;63;177;226;339;382;380;398;382;416;520;499;636;662;705;710;677;645;613;594;540;434;419;350;302;325;307;334;264;256
9131;"Bogotá, d. c.";"Bogotá, D.C.";Mujer;MATRICULADOS;;;;;;;;;;;;;;;;;;;;;;;;;;;11;11;22;27;34;29;62;78;289;305;154;110;110;101;92;87;172;286;432;471;762;808;994;1058;1162;1130;972;888
9131;"Bogotá, d. c.";"Bogotá, D.C.";Hombre;MATRICULADOS;;;;;;;;;;;;;;;;;;;;;;;;;;;44;37;57;49;57;58;50;79;529;509;455;334;250;185;134;127;134;162;155;183;221;226;273;289;322;300;270;216
9132;"Bogotá, d. c.";"Bogotá, D.C.";Mujer;MATRICULADOS;;;;;;;;;;;;;;;;;;;;;;;;;;;;;18;;;;;;;;;;;;;;;;;;;;;;;;;
9132;"Bogotá, d. c.";"Bogotá, D.C.";Hombre;MATRICULADOS;;;;;;;;;;;;;;;;;;;;;;;;;;;;;11;;;;;;;;;;;;;;;;;;;;;;;;;
9899;"Bogotá, d. c.";"Bogotá, D.C.";Mujer;MATRICULADOS;;;;;;;;;;;;;;;;;;;;;;;;;;;80;182;309;502;763;904;963;1029;1186;1069;1465;681;680;770;769;621;466;792;463;110;754;1;456;2;515;315;;393
9899;"Bogotá, d. c.";"Bogotá, D.C.";Hombre;MATRICULADOS;;;;;;;;;;;;;;;;;;;;;;;;;;;120;273;432;612;792;853;878;944;984;799;1172;529;528;603;586;471;390;326;225;32;291;;148;;151;107;;98
9900;Antioquia;Medellín;Mujer;MATRICULADOS;;;;;;;;;;;;;;;;;;;;;;;;;;;;;;;21;30;57;79;92;167;171;200;273;345;432;455;519;501;499;437;444;438;452;410;471;494;376;383
9900;Antioquia;Medellín;Hombre;MATRICULADOS;;;;;;;;;;;;;;;;;;;;;;;;;;;;;;;9;8;18;117;242;223;317;342;373;418;407;382;382;371;324;280;254;228;221;187;207;203;165;159
9902;Santander;Bucaramanga;Mujer;MATRICULADOS;;;;;;;;;;;;;;;;;;;;;;;;;;;;;;;;18;32;41;59;65;65;73;117;122;125;165;169;182;193;173;178;169;174;184;187;187;149;170
9902;Santander;Bucaramanga;Hombre;MATRICULADOS;;;;;;;;;;;;;;;;;;;;;;;;;;;;;;;;15;27;33;50;50;58;70;89;105;98;136;134;133;143;123;116;105;116;109;111;100;77;88
9903;"Bogotá, d. c.";"Bogotá, D.C.";Mujer;MATRICULADOS;;;;;;;;;;;;;;;;;;;;;;;;;;;;17;104;80;347;409;437;122;241;19;118;171;81;68;145;77;120;105;80;26;102;277;369;358;418;422;314;306
9903;"Bogotá, d. c.";"Bogotá, D.C.";Sin informaci¿n;MATRICULADOS;;;;;;;;;;;;;;;;;;;;;;;;;;;;;;;;1;1;3;;;;;;;;;;;;;;;;;;;;
9903;"Bogotá, d. c.";"Bogotá, D.C.";Hombre;MATRICULADOS;;;;;;;;;;;;;;;;;;;;;;;;;;;;9;115;104;291;301;317;132;158;22;150;182;64;56;80;42;55;39;27;8;24;110;102;103;123;123;103;101
9904;"Bogotá, d. c.";"Bogotá, D.C.";Mujer;MATRICULADOS;;;;;;;;;;;;;;;;;;;;;;;;;;;;;10;14;30;37;57;138;282;389;527;566;680;738;882;965;1181;1153;1191;747;1042;910;911;864;1145;1174;541;927
9904;"Bogotá, d. c.";"Bogotá, D.C.";Sin informaci¿n;MATRICULADOS;;;;;;;;;;;;;;;;;;;;;;;;;;;;;;;;;;1;1;2;1;2;;1;1;;;;;;;;;;;;;
9904;"Bogotá, d. c.";"Bogotá, D.C.";Hombre;MATRICULADOS;;;;;;;;;;;;;;;;;;;;;;;;;;;;;19;22;69;72;119;209;331;393;514;534;567;548;548;590;595;576;549;307;406;345;340;292;342;333;173;256
9905;Huila;Rivera;Mujer;MATRICULADOS;;;;;;;;;;;;;;;;;;;;;;;;;;;;;;;23;41;69;94;143;183;225;223;286;297;374;359;407;432;529;455;525;529;531;536;575;631;435;467
9905;Huila;Rivera;Hombre;MATRICULADOS;;;;;;;;;;;;;;;;;;;;;;;;;;;;;;;12;17;56;104;192;192;303;306;306;306;315;308;298;319;302;290;306;303;241;213;187;186;138;130
9906;Valle del Cauca;Cali;Mujer;MATRICULADOS;;;;;;;;;;;;;;;;;;;;;;;;;;;;;;33;64;64;70;67;79;79;86;89;89;78;96;105;109;109;116;124;133;124;124;113;105;70;47;51
9906;Valle del Cauca;Cali;Hombre;MATRICULADOS;;;;;;;;;;;;;;;;;;;;;;;;;;;;;;25;54;61;61;58;68;66;73;74;84;71;76;62;49;54;50;47;44;44;32;25;27;19;11;9
9907;Huila;Neiva;Mujer;MATRICULADOS;;;;;;;;;;;;;;;;;;;;;;;;;;;;;;;;;44;94;136;266;323;428;561;628;817;1016;1250;1337;1427;1304;1430;1521;1472;1488;1580;1585;1301;1345
9907;Huila;Neiva;Hombre;MATRICULADOS;;;;;;;;;;;;;;;;;;;;;;;;;;;;;;;;;30;198;356;424;559;629;783;818;854;900;902;860;799;715;647;637;496;419;374;331;223;191
9913;"Bogotá, d. c.";"Bogotá, D.C.";Mujer;MATRICULADOS;;;;;;;;;;;;;;;;;;;;;;;;;;;;;;;;;7;8;419;1021;1668;1985;2589;2910;3116;3287;3577;3379;3231;3016;3019;2687;3456;2595;3454;3104;2351;3015
9913;"Bogotá, d. c.";"Bogotá, D.C.";Hombre;MATRICULADOS;;;;;;;;;;;;;;;;;;;;;;;;;;;;;;;;;5;16;595;969;2064;2598;2989;2522;2589;2739;2829;2619;2443;2233;1868;1459;1700;1316;1498;1398;1120;1329
9914;"Bogotá, d. c.";"Bogotá, D.C.";Mujer;MATRICULADOS;;;;;;;;;;;;;;;;;;;;;;;;;;;;;;;;;;23;79;83;86;97;103;105;130;151;154;146;121;136;182;213;323;360;499;569;425;579
9914;"Bogotá, d. c.";"Bogotá, D.C.";Hombre;MATRICULADOS;;;;;;;;;;;;;;;;;;;;;;;;;;;;;;;;;;24;74;73;79;98;99;95;109;112;108;102;89;100;118;116;132;123;141;141;116;139
9915;"Bogotá, d. c.";"Bogotá, D.C.";Mujer;MATRICULADOS;;;;;;;;;;;;;;;;;;;;;;;;;;;;;;;;;;3;11;10;30;54;377;428;578;564;570;431;515;565;684;;594;557;803;822;526;513
9915;"Bogotá, d. c.";"Bogotá, D.C.";Sin informaci¿n;MATRICULADOS;;;;;;;;;;;;;;;;;;;;;;;;;;;;;;;;;;;;1;;;;;;;;;;;;;;;;;;
9915;"Bogotá, d. c.";"Bogotá, D.C.";Hombre;MATRICULADOS;;;;;;;;;;;;;;;;;;;;;;;;;;;;;;;;;;9;28;23;97;128;366;269;339;291;306;235;264;267;307;;251;240;366;354;233;250
9918;Cundinamarca;Cota;Mujer;MATRICULADOS;;;;;;;;;;;;;;;;;;;;;;;;;;;;;;;;;;;;9;;;;;;;;;;;;;;;;;;
9918;Cundinamarca;Cota;Hombre;MATRICULADOS;;;;;;;;;;;;;;;;;;;;;;;;;;;;;;;;;;;;12;;;;;;;;;;;;;;;;;;
9921;Nariño;Pasto;Mujer;MATRICULADOS;;;;;;;;;;;;;;;;;;;;;;;;;;;;;;;;;;;;;;;;23;31;47;60;72;91;99;113;108;147;178;204;234;216;245
9921;Nariño;Pasto;Hombre;MATRICULADOS;;;;;;;;;;;;;;;;;;;;;;;;;;;;;;;;;;;;;;;;11;19;20;25;26;29;33;37;33;35;39;37;40;37;46
9922;Risaralda;Pereira;Mujer;MATRICULADOS;;;;;;;;;;;;;;;;;;;;;;;;;;;;;;;;;;;;;;;228;300;464;496;706;669;724;718;796;771;809;764;979;942;599;578
9922;Risaralda;Pereira;Hombre;MATRICULADOS;;;;;;;;;;;;;;;;;;;;;;;;;;;;;;;;;;;;;;;138;224;297;308;342;334;349;309;335;312;300;269;251;226;161;143
9923;"Bogotá, d. c.";"Bogotá, D.C.";Mujer;MATRICULADOS;;;;;;;;;;;;;;;;;;;;;;;;;;;;;;;;;;;;;;;;;;;;;;7;23;46;80;124;175;;149;262
9923;"Bogotá, d. c.";"Bogotá, D.C.";Hombre;MATRICULADOS;;;;;;;;;;;;;;;;;;;;;;;;;;;;;;;;;;;;;;;;;;;;;;2;6;15;35;43;52;;45;152
9924;"Bogotá, d. c.";"Bogotá, D.C.";Mujer;MATRICULADOS;;;;;;;;;;;;;;;;;;;;;;;;;;;;;;;;;;;;;;;;;;;;;;3;24;25;45;83;89;83;51;56
9924;"Bogotá, d. c.";"Bogotá, D.C.";Hombre;MATRICULADOS;;;;;;;;;;;;;;;;;;;;;;;;;;;;;;;;;;;;;;;;;;;;;;7;19;21;33;39;36;27;21;24
9926;"Bogotá, d. c.";"Bogotá, D.C.";Mujer;MATRICULADOS;;;;;;;;;;;;;;;;;;;;;;;;;;;;;;;;;;;;;;;;;;;44;116;323;680;1206;1581;1985;2215;2531;2447;1986;2345
9926;"Bogotá, d. c.";"Bogotá, D.C.";Hombre;MATRICULADOS;;;;;;;;;;;;;;;;;;;;;;;;;;;;;;;;;;;;;;;;;;;92;146;278;422;645;781;848;913;988;945;744;819
9927;Antioquia;Medellín;Mujer;MATRICULADOS;;;;;;;;;;;;;;;;;;;;;;;;;;;;;;;;;;;;;;;;;;;134;332;813;1720;2384;3329;3160;4250;4186;5284;4185;5998
9927;Antioquia;Medellín;Hombre;MATRICULADOS;;;;;;;;;;;;;;;;;;;;;;;;;;;;;;;;;;;;;;;;;;;161;365;499;1003;1284;1622;1422;1749;1670;1883;1551;2040
9928;"Bogotá, d. c.";"Bogotá, D.C.";Mujer;MATRICULADOS;;;;;;;;;;;;;;;;;;;;;;;;;;;;;;;;;;;;;;;;;;;;;13;24;71;128;191;197;213;210;205;278
9928;"Bogotá, d. c.";"Bogotá, D.C.";Hombre;MATRICULADOS;;;;;;;;;;;;;;;;;;;;;;;;;;;;;;;;;;;;;;;;;;;;;;5;6;11;19;20;13;16;14;27
9929;Cauca;Popayán;Mujer;MATRICULADOS;;;;;;;;;;;;;;;;;;;;;;;;;;;;;;;;;;;;;;;;;;;528;128;315;361;427;557;516;542;680;561;525;575
9929;Cauca;Popayán;Hombre;MATRICULADOS;;;;;;;;;;;;;;;;;;;;;;;;;;;;;;;;;;;;;;;;;;;241;56;106;124;141;173;160;166;200;172;159;178
9930;"Bogotá, d. c.";"Bogotá, D.C.";Mujer;MATRICULADOS;;;;;;;;;;;;;;;;;;;;;;;;;;;;;;;;;;;;;;;;;;;;;;100;85;79;92;85;82;82;63;67
9930;"Bogotá, d. c.";"Bogotá, D.C.";Hombre;MATRICULADOS;;;;;;;;;;;;;;;;;;;;;;;;;;;;;;;;;;;;;;;;;;;;;;32;58;76;59;63;40;37;35;30
9931;"Bogotá, d. c.";"Bogotá, D.C.";Mujer;MATRICULADOS;;;;;;;;;;;;;;;;;;;;;;;;;;;;;;;;;;;;;;;;;;;;;17;24;23;28;17;;;;;
9931;"Bogotá, d. c.";"Bogotá, D.C.";Hombre;MATRICULADOS;;;;;;;;;;;;;;;;;;;;;;;;;;;;;;;;;;;;;;;;;;;;;3;5;11;11;7;;;;;
9932;"Bogotá, d. c.";"Bogotá, D.C.";Mujer;MATRICULADOS;;;;;;;;;;;;;;;;;;;;;;;;;;;;;;;;;;;;;;;;;;;;;;;2;3;14;18;29;36;29;35
9932;"Bogotá, d. c.";"Bogotá, D.C.";Hombre;MATRICULADOS;;;;;;;;;;;;;;;;;;;;;;;;;;;;;;;;;;;;;;;;;;;;;;;1;1;1;2;5;5;5;5
9933;Cesar;La Paz;Mujer;MATRICULADOS;;;;;;;;;;;;;;;;;;;;;;;;;;;;;;;;;;;;;;;;;;;;174;344;491;655;785;941;1066;1127;1163;1118;1105
9933;Cesar;La Paz;Hombre;MATRICULADOS;;;;;;;;;;;;;;;;;;;;;;;;;;;;;;;;;;;;;;;;;;;;26;38;60;73;72;69;74;75;76;75;66
9934;"Bogotá, d. c.";"Bogotá, D.C.";Mujer;MATRICULADOS;;;;;;;;;;;;;;;;;;;;;;;;;;;;;;;;;;;;;;;;;;;;;;;12;19;47;49;74;65;38;52
9934;"Bogotá, d. c.";"Bogotá, D.C.";Hombre;MATRICULADOS;;;;;;;;;;;;;;;;;;;;;;;;;;;;;;;;;;;;;;;;;;;;;;;2;3;13;14;22;15;5;6
9935;Santander;Barrancabermeja;Mujer;MATRICULADOS;;;;;;;;;;;;;;;;;;;;;;;;;;;;;;;;;;;;;;;;;;;;;;;24;33;81;91;92;76;59;
9935;Santander;Barrancabermeja;Hombre;MATRICULADOS;;;;;;;;;;;;;;;;;;;;;;;;;;;;;;;;;;;;;;;;;;;;;;;6;8;16;15;19;16;11;
9936;Norte de Santander;Cúcuta;Mujer;MATRICULADOS;;;;;;;;;;;;;;;;;;;;;;;;;;;;;;;;;;;;;;;;;;;;;;;4;22;67;111;134;168;150;169
9936;Norte de Santander;Cúcuta;Hombre;MATRICULADOS;;;;;;;;;;;;;;;;;;;;;;;;;;;;;;;;;;;;;;;;;;;;;;;3;13;21;38;42;48;47;46
9938;Santander;Bucaramanga;Mujer;MATRICULADOS;;;;;;;;;;;;;;;;;;;;;;;;;;;;;;;;;;;;;;;;;;;;;;;;;;;;;;43
9938;Santander;Bucaramanga;Hombre;MATRICULADOS;;;;;;;;;;;;;;;;;;;;;;;;;;;;;;;;;;;;;;;;;;;;;;;;;;;;;;7
