IES;CARACTER;DEPARTAMENTO;MUNICIPIO;ORIGEN;SEXO;TIPO;1998-1;1998-2;1999-1;1999-2;2000-1;2000-2;2001-1;2001-2;2002-1;2002-2;2003-1;2003-2;2004-1;2004-2;2005-1;2005-2;2006-1;2006-2;2007-1;2007-2;2008-1;2008-2;2009-1;2009-2;2010-1;2010-2;2011-1;2011-2;2012-1;2012-2;2013-1;2013-2;2014-1;2014-2;2015-1;2015-2;2016-1;2016-2;2017-1;2017-2;2018-1;2018-2;2019-1;2019-2;2020-1;2020-2;2021-1;2021-2;2022-1;2022-2;2023-1;2023-2;2024-1;2024-2
1101;Universidad;"Bogotá, d. c.";"Bogotá, D.C.";Oficial;Mujer;DESERTORES;0;0;45;153;155;175;246;229;253;284;277;523;106;297;295;256;330;361;343;292;383;320;305;276;251;267;276;258;286;287;271;246;329;294;357;365;437;393;354;358;432;476;823;641;649;764;528;359;833;770;623;972;1167;987
1101;Universidad;"Bogotá, d. c.";"Bogotá, D.C.";Oficial;Sin informaci¿n;DESERTORES;;;;;;;0;0;0;0;0;0;0;0;0;;;;0;1;0;0;;;;;;;;;;0;0;0;0;0;0;0;1;1;1;0;0;0;0;;0;0;0;0;;;;
1101;Universidad;"Bogotá, d. c.";"Bogotá, D.C.";Oficial;Hombre;DESERTORES;0;0;106;243;314;376;495;449;551;565;615;934;178;625;648;649;642;674;705;634;784;641;708;715;481;535;635;636;675;631;709;674;798;817;698;711;643;543;643;564;528;639;775;455;457;406;261;160;328;267;217;271;318;206
1102;Universidad;Antioquia;Medellín;Oficial;Mujer;DESERTORES;0;0;40;3;98;83;108;122;155;110;118;449;30;133;184;202;291;250;263;281;282;270;256;372;225;224;276;205;201;190;233;193;180;209;230;255;259;307;305;303;399;379;427;495;553;906;115;281;676;651;583;1025;1021;866
1102;Universidad;Antioquia;Medellín;Oficial;Sin informaci¿n;DESERTORES;;;;;;;;;;;;0;0;0;0;0;0;0;0;0;0;0;0;;;;;;;;;0;0;0;0;0;0;0;0;0;0;0;0;;;;;;;;;;;
1102;Universidad;Antioquia;Medellín;Oficial;Hombre;DESERTORES;0;0;58;4;124;139;179;241;292;239;235;719;54;315;336;353;466;407;415;524;502;495;531;637;562;455;602;465;517;427;503;452;479;432;415;394;263;402;419;492;406;390;342;280;341;461;13;97;180;186;116;163;166;120
1103;Universidad;Caldas;Manizales;Oficial;Mujer;DESERTORES;0;0;13;15;30;34;56;45;59;56;73;135;17;55;103;56;90;145;89;161;53;56;144;72;40;64;57;57;57;66;60;85;63;93;77;78;109;84;126;113;120;139;166;160;167;133;168;93;251;220;186;305;294;295
1103;Universidad;Caldas;Manizales;Oficial;Hombre;DESERTORES;0;0;16;36;34;69;76;105;124;101;140;274;32;147;151;116;101;231;122;182;116;122;184;112;93;104;146;124;148;138;129;136;167;154;120;129;112;112;119;138;119;145;100;86;77;46;27;29;57;64;23;45;44;18
1104;Universidad;Valle del Cauca;Palmira;Oficial;Mujer;DESERTORES;0;0;31;31;44;47;60;57;36;81;11;85;74;81;88;67;55;50;57;45;70;73;0;69;14;52;36;36;40;37;50;42;53;48;40;50;69;49;67;60;74;65;89;94;92;92;54;89;119;159;104;174;152;121
1104;Universidad;Valle del Cauca;Palmira;Oficial;Sin informaci¿n;DESERTORES;;;;;;;;;;;;;;;;;;;;;;;;;;;;;;;;;;;;;0;0;0;0;0;0;0;0;0;0;0;0;0;;;;;
1104;Universidad;Valle del Cauca;Palmira;Oficial;Hombre;DESERTORES;0;0;19;70;54;74;54;84;34;109;17;116;90;92;121;100;85;110;83;57;125;101;0;124;30;72;76;64;73;86;80;89;85;85;50;57;73;67;69;67;86;73;64;66;34;50;19;24;37;41;24;25;21;26
1105;Universidad;"Bogotá, d. c.";"Bogotá, D.C.";Oficial;Mujer;DESERTORES;0;0;193;202;212;214;172;189;195;157;159;154;160;146;182;223;208;226;210;177;227;230;317;388;278;328;331;366;267;339;324;269;590;387;285;289;267;301;245;246;303;280;364;386;372;488;254;352;355;471;370;401;418;395
1105;Universidad;"Bogotá, d. c.";"Bogotá, D.C.";Oficial;Hombre;DESERTORES;0;0;43;29;55;58;71;76;96;76;77;87;95;113;112;137;231;177;191;181;236;198;291;364;304;313;299;355;288;361;370;304;496;420;285;306;335;341;252;276;255;300;270;295;232;272;108;137;169;178;128;107;99;103
1106;Universidad;Boyacá;Tunja;Oficial;Mujer;DESERTORES;0;0;51;56;181;262;355;212;233;292;286;304;343;361;457;414;332;402;499;440;614;540;730;534;487;566;550;540;612;714;626;562;496;736;660;720;669;997;841;1018;1335;653;555;661;623;703;599;824;849;824;1126;784;893;917
1106;Universidad;Boyacá;Tunja;Oficial;Hombre;DESERTORES;0;0;76;60;257;295;139;224;302;299;266;297;332;327;349;294;265;290;442;440;479;389;517;390;381;409;451;425;495;610;535;493;423;492;609;459;538;581;757;625;613;578;454;437;351;399;270;357;336;275;337;233;254;222
1107;Universidad;Boyacá;Duitama;Oficial;Mujer;DESERTORES;0;0;6;35;22;43;11;588;;34;335;9;18;37;38;31;51;51;39;38;67;62;71;53;49;98;66;65;48;100;55;65;53;48;61;52;83;68;73;45;73;76;70;84;64;92;85;117;107;115;119;91;77;75
1107;Universidad;Boyacá;Duitama;Oficial;Hombre;DESERTORES;0;0;18;40;48;84;18;595;58;452;1;17;35;50;47;67;67;58;49;54;98;83;70;83;61;80;109;79;70;155;77;76;70;61;109;54;72;59;83;69;79;66;62;61;41;39;31;39;42;33;37;24;29;14
1108;Universidad;Boyacá;Sogamoso;Oficial;Mujer;DESERTORES;0;0;3;10;20;47;8;470;36;33;34;28;29;50;54;71;59;40;26;50;74;77;79;49;52;66;48;56;54;107;55;39;44;34;55;32;56;62;81;44;81;61;75;58;51;100;57;100;89;100;189;123;77;126
1108;Universidad;Boyacá;Sogamoso;Oficial;Hombre;DESERTORES;0;0;5;28;61;99;23;486;70;56;83;63;66;97;74;127;94;63;43;116;120;103;97;67;82;91;78;93;99;227;81;66;73;69;69;33;59;50;75;53;62;59;59;44;34;37;14;28;25;30;30;19;15;7
1109;Universidad;Boyacá;Chiquinquirá;Oficial;Mujer;DESERTORES;0;0;11;10;39;32;5;8;88;12;8;6;10;15;16;15;28;19;23;32;35;35;41;39;32;41;32;29;35;49;21;32;20;30;40;32;19;24;41;28;33;28;24;41;24;29;10;46;103;57;65;42;27;35
1109;Universidad;Boyacá;Chiquinquirá;Oficial;Hombre;DESERTORES;0;0;11;8;26;10;4;13;40;5;16;6;7;11;11;6;19;8;29;21;33;21;29;26;23;22;17;21;20;36;23;21;19;19;26;20;18;20;30;24;24;20;17;29;14;21;7;16;61;14;21;9;5;8
1110;Universidad;Cauca;Popayán;Oficial;Mujer;DESERTORES;0;0;17;17;40;45;63;117;;114;1625;6;127;165;225;274;248;231;263;307;394;194;246;220;224;105;290;273;187;259;188;209;247;315;406;305;260;256;815;591;129;509;301;294;352;;567;518;684;422;434;541;621;559
1110;Universidad;Cauca;Popayán;Oficial;Hombre;DESERTORES;0;0;20;24;62;92;126;158;;189;2000;5;210;183;325;364;300;271;323;391;431;242;305;286;303;182;372;334;295;336;277;280;271;370;422;330;294;285;832;641;143;543;296;304;197;;309;239;253;159;173;215;209;124
1111;Universidad;Risaralda;Pereira;Oficial;Mujer;DESERTORES;0;0;74;69;49;86;101;91;205;;161;182;206;124;209;247;353;222;258;269;354;361;398;432;434;375;561;610;453;647;416;396;479;177;704;422;585;518;652;397;539;477;618;682;612;615;359;861;901;1071;929;967;1105;1070
1111;Universidad;Risaralda;Pereira;Oficial;Hombre;DESERTORES;0;0;114;172;113;154;235;197;327;;284;336;369;202;367;453;532;372;414;392;506;500;528;586;635;559;716;829;726;965;607;582;771;144;1033;546;715;607;837;764;740;571;527;567;373;314;110;398;246;331;222;249;177;163
1112;Universidad;Caldas;Manizales;Oficial;Mujer;DESERTORES;;;0;0;0;0;0;0;0;0;48;95;77;136;142;224;244;276;287;244;244;332;202;257;268;351;247;256;262;351;322;264;210;386;303;255;375;295;501;544;378;443;406;674;480;1145;1126;413;953;1070;503;680;427;825
1112;Universidad;Caldas;Manizales;Oficial;Hombre;DESERTORES;;;;;;;;;0;0;46;103;94;155;129;232;263;253;250;255;169;296;205;276;246;302;293;320;317;362;345;300;266;397;336;274;335;333;541;341;365;445;284;314;237;373;284;30;368;223;161;188;101;154
1113;Universidad;Córdoba;Montería;Oficial;Mujer;DESERTORES;0;0;171;32;67;79;118;119;134;289;123;140;155;386;242;337;244;279;257;212;355;293;381;317;355;320;410;352;348;423;343;257;277;444;446;430;553;429;752;429;314;468;442;768;745;352;261;370;600;506;450;442;375;392
1113;Universidad;Córdoba;Montería;Oficial;Hombre;DESERTORES;0;0;144;42;100;147;164;182;216;376;137;176;224;496;234;326;261;228;295;283;384;379;444;372;412;393;472;452;467;539;497;329;304;504;436;382;463;428;768;474;312;401;318;516;471;141;110;130;184;167;104;103;66;64
1114;Universidad;Huila;Neiva;Oficial;Mujer;DESERTORES;0;0;77;68;72;50;102;57;67;71;153;106;87;131;132;120;122;109;120;131;125;137;132;172;265;191;230;317;266;274;248;274;401;666;341;259;389;548;354;355;432;407;375;503;558;552;489;839;695;736;797;601;851;879
1114;Universidad;Huila;Neiva;Oficial;Hombre;DESERTORES;0;0;100;95;103;88;145;78;107;91;165;151;139;133;162;149;156;161;149;133;164;143;165;163;220;198;248;287;247;318;280;301;456;651;297;255;342;442;396;358;420;398;320;362;326;367;248;503;299;296;260;192;192;185
1115;Universidad;Caquetá;Florencia;Oficial;Mujer;DESERTORES;0;0;58;13;52;90;146;139;140;96;125;106;103;151;151;169;196;281;319;234;238;275;222;405;239;257;225;210;217;356;172;271;212;405;272;243;256;291;306;316;291;330;315;421;285;517;219;417;523;440;417;425;395;474
1115;Universidad;Caquetá;Florencia;Oficial;Hombre;DESERTORES;0;0;39;9;49;75;109;132;137;118;111;107;131;131;154;98;181;265;273;198;158;197;178;311;203;206;181;168;206;262;195;220;189;316;214;203;244;267;283;268;325;273;232;297;182;295;96;154;198;190;143;147;142;119
1117;Universidad;"Bogotá, d. c.";"Bogotá, D.C.";Oficial;Mujer;DESERTORES;0;0;24;33;66;59;69;96;104;98;131;155;185;185;240;185;204;179;191;226;641;475;924;294;737;709;699;1297;577;884;595;755;560;652;695;661;676;686;658;796;894;746;815;714;938;840;753;594;683;720;1038;1032;1156;1110
1117;Universidad;"Bogotá, d. c.";"Bogotá, D.C.";Oficial;Sin informaci¿n;DESERTORES;;;;;;;;;;0;;0;0;0;0;0;0;0;0;0;0;;;;;;;;;;;;;;;;;;;;;;;;;;;;;;;;;
1117;Universidad;"Bogotá, d. c.";"Bogotá, D.C.";Oficial;Hombre;DESERTORES;0;0;44;61;99;92;127;124;139;167;182;205;283;229;270;243;258;218;219;254;468;432;658;353;537;771;722;958;623;731;640;697;607;655;727;698;657;672;792;776;890;750;729;538;603;595;451;438;410;425;454;431;355;274
1118;Universidad;Chocó;Quibdó;Oficial;Mujer;DESERTORES;;;;;;;;;;;;;;;;;0;0;74;71;356;276;286;315;309;356;467;307;515;560;348;487;487;372;363;351;421;335;454;448;515;457;340;128;533;648;354;480;333;1210;590;594;1001;800
1118;Universidad;Chocó;Quibdó;Oficial;Sin informaci¿n;DESERTORES;;;;;;;;;;;;;;;;;0;0;;;;;;;;;;;;;;;;;;;;;;;;;;;;;;;;;;;;
1118;Universidad;Chocó;Quibdó;Oficial;Hombre;DESERTORES;;;;;;;;;;;;;;;;;0;0;46;49;178;152;178;167;208;200;306;218;315;438;315;369;387;233;311;299;359;336;424;359;523;457;321;53;286;392;175;179;218;397;181;185;226;118
1119;Universidad;Meta;Villavicencio;Oficial;Mujer;DESERTORES;0;0;21;54;37;69;133;64;92;86;170;148;150;162;141;192;139;169;117;139;151;138;107;225;145;184;150;172;161;192;144;113;109;140;176;150;155;177;204;173;255;259;247;372;238;;405;276;381;355;295;292;312;374
1119;Universidad;Meta;Villavicencio;Oficial;Hombre;DESERTORES;0;0;38;64;66;108;153;104;132;126;180;153;196;179;199;227;203;215;172;136;179;161;163;248;139;185;145;186;210;238;182;187;172;178;174;145;159;156;222;223;208;196;203;155;94;;142;103;77;97;45;46;64;52
1120;Universidad;Cesar;Valledupar;Oficial;Mujer;DESERTORES;0;0;55;67;137;160;83;85;201;128;209;360;269;294;363;458;334;534;387;545;271;291;325;437;407;444;482;458;385;491;458;839;406;535;773;539;526;551;707;662;637;824;639;760;592;553;532;719;763;676;874;600;685;906
1120;Universidad;Cesar;Valledupar;Oficial;Sin informaci¿n;DESERTORES;0;0;4;5;4;2;6;3;2;2;0;5;3;7;10;6;2;2;;;1;3;1;;1;0;0;0;;1;;;;;;;;;;0;;;;;;0;0;;;;;;;
1120;Universidad;Cesar;Valledupar;Oficial;Hombre;DESERTORES;0;0;60;80;157;206;135;82;248;153;224;281;243;269;374;489;316;397;289;418;256;291;340;370;357;415;381;328;361;435;435;684;443;535;653;508;483;478;596;626;554;712;491;634;471;401;357;396;418;374;435;277;233;313
1121;Universidad;"Bogotá, d. c.";"Bogotá, D.C.";Oficial;Mujer;DESERTORES;0;0;23;67;68;73;71;57;42;2;56;66;89;95;128;126;112;135;139;131;214;207;189;193;155;213;164;234;213;218;152;160;234;198;189;178;188;175;145;196;181;170;168;242;219;220;137;196;161;276;290;321;313;301
1121;Universidad;"Bogotá, d. c.";"Bogotá, D.C.";Oficial;Sin informaci¿n;DESERTORES;;;;;;;;;;;;;;;;;;;;;0;0;;;;;;;;;;;;;;;0;1;0;1;0;0;0;0;0;0;0;0;0;0;0;0;0;0
1121;Universidad;"Bogotá, d. c.";"Bogotá, D.C.";Oficial;Hombre;DESERTORES;;;0;0;;1;1;3;2;1;36;25;39;47;67;56;74;78;92;77;177;128;121;117;110;153;108;152;158;182;132;108;197;146;172;174;158;143;147;182;156;187;138;150;127;90;67;68;58;90;84;77;59;62
1122;Universidad;Valle del Cauca;Buenaventura;Oficial;Mujer;DESERTORES;;;;;;0;0;18;35;31;24;38;62;79;54;66;58;64;81;81;113;295;116;317;111;108;103;175;82;126;111;54;79;117;114;105;124;146;128;224;117;141;161;245;155;165;150;190;410;208;157;165;216;303
1122;Universidad;Valle del Cauca;Buenaventura;Oficial;Hombre;DESERTORES;;;;;;0;0;14;48;37;41;50;94;83;57;90;50;82;106;105;75;224;95;176;129;114;109;147;133;192;181;72;132;128;107;134;149;165;137;213;136;127;168;117;57;92;54;65;118;75;43;38;31;30
1123;Universidad;Cesar;Aguachica;Oficial;Mujer;DESERTORES;0;0;1;37;12;103;29;15;136;14;9;26;29;18;30;27;73;29;34;36;55;38;40;55;54;80;77;74;61;78;52;78;38;77;57;113;55;77;87;64;89;78;120;105;173;132;90;156;191;214;194;163;238;264
1123;Universidad;Cesar;Aguachica;Oficial;Sin informaci¿n;DESERTORES;;0;0;;;;0;;;;1;;;;;;;;;;;;;;;;;;;;;;;;;;;;;;;;;;;;;;;;;;;
1123;Universidad;Cesar;Aguachica;Oficial;Hombre;DESERTORES;0;0;4;13;3;63;12;18;90;10;8;13;22;10;19;35;61;30;24;36;62;39;53;42;55;53;67;49;53;65;58;62;38;77;32;66;60;53;93;68;112;79;77;67;51;32;40;56;54;48;56;31;44;50
1124;Universidad;Arauca;Arauca;Oficial;Mujer;DESERTORES;0;0;2;0;2;5;2;2;3;8;22;3;0;26;0;0;2;0;0;0;0;;;;;;;;;;;;;;;;;;;;;;;;;;;;;;;;;
1124;Universidad;Arauca;Arauca;Oficial;Hombre;DESERTORES;0;0;1;3;1;2;3;0;0;9;4;2;4;8;2;0;0;0;0;0;0;;;;;;;;;;;;;;;;;;;;;;;;;;;;;;;;;
1125;Universidad;Amazonas;Leticia;Oficial;Mujer;DESERTORES;;;;;0;0;2;2;0;0;0;1;0;0;0;2;;;;;;;;;;;;;;;;;;;;;;;;;;;;;;;;;;;;;;
1125;Universidad;Amazonas;Leticia;Oficial;Hombre;DESERTORES;;;;;0;0;2;2;0;0;0;0;0;1;0;1;;;;;;;;;;;;;;;;;;;;;;;;;;;;;;;;;;;;;;
1201;Universidad;Antioquia;Medellín;Oficial;Mujer;DESERTORES;0;0;439;70;127;156;215;407;414;447;498;544;610;820;498;719;735;568;767;1733;889;770;731;950;916;1282;1249;1191;1099;890;1091;1070;968;1159;1250;1139;1233;672;1236;1396;1320;1254;1671;1573;1664;1852;1468;506;1985;1595;2118;1106;2719;2441
1201;Universidad;Antioquia;Medellín;Oficial;Sin informaci¿n;DESERTORES;0;0;90;98;187;266;244;259;371;254;361;356;317;416;281;360;353;271;327;522;336;220;222;245;230;270;236;186;181;137;177;163;114;154;171;130;158;78;103;137;101;80;90;61;63;49;34;11;48;30;34;25;31;28
1201;Universidad;Antioquia;Medellín;Oficial;Hombre;DESERTORES;0;0;110;46;179;270;235;436;596;437;655;690;767;985;589;984;858;794;986;2025;1175;968;1040;1244;1275;1727;1591;1342;1557;1109;1676;1517;1497;1361;1606;1350;1455;790;1409;1728;1459;1434;1436;1337;1331;1351;815;228;960;722;867;446;826;698
1202;Universidad;Atlántico;Puerto Colombia;Oficial;Mujer;DESERTORES;0;0;98;176;109;67;163;686;177;264;547;445;103;271;447;409;600;564;806;781;745;918;806;831;655;652;562;689;735;796;654;777;741;897;970;933;946;1058;1008;1164;1099;1209;1158;2105;1403;1042;1234;1387;1818;0;1612;1161;1291;1390
1202;Universidad;Atlántico;Puerto Colombia;Oficial;Sin informaci¿n;DESERTORES;;0;;;;;;;;;;;;;;;;;;;;;;;;;;;;;;;;;;;;;;;;;;;;;;;;;;;;
1202;Universidad;Atlántico;Puerto Colombia;Oficial;Hombre;DESERTORES;0;0;77;179;87;110;235;803;166;209;400;413;57;228;346;342;566;533;618;625;611;746;757;771;638;557;574;742;686;847;647;918;750;918;976;857;926;1036;1001;1066;1080;1030;856;1616;990;627;680;;631;753;685;396;371;293
1203;Universidad;Valle del Cauca;Cali;Oficial;Mujer;DESERTORES;0;0;16;128;79;258;178;397;356;573;427;684;453;562;626;739;810;947;922;5238;424;526;686;1507;625;742;783;759;842;626;746;629;644;663;778;686;835;698;828;766;816;729;1112;1466;1408;1150;912;1939;1134;1827;1503;1522;1732;2101
1203;Universidad;Valle del Cauca;Cali;Oficial;Hombre;DESERTORES;0;0;37;195;86;388;259;550;560;778;668;928;761;855;875;1133;1082;936;946;4506;625;730;998;1268;829;832;972;852;1045;796;1014;858;888;882;965;791;854;674;923;655;753;687;761;896;686;529;236;658;331;525;408;332;346;319
1204;Universidad;Santander;Bucaramanga;Oficial;Mujer;DESERTORES;0;0;29;0;7;1;29;2;96;91;131;159;228;304;272;259;466;468;461;431;591;528;545;517;615;556;549;617;579;501;554;515;551;474;300;737;585;578;516;417;478;576;556;606;608;572;339;465;678;832;1076;1115;1238;1196
1204;Universidad;Santander;Bucaramanga;Oficial;Hombre;DESERTORES;0;0;10;1;3;2;28;2;201;171;258;264;261;322;378;378;433;388;404;508;610;474;484;534;653;489;558;701;748;629;728;630;651;592;432;713;558;546;540;415;432;397;429;378;242;233;122;167;174;243;188;204;174;166
1205;Universidad;Bolívar;Cartagena de Indias;Oficial;Mujer;DESERTORES;0;0;20;28;21;25;19;463;197;137;184;160;251;205;184;176;248;230;273;277;553;361;774;497;444;445;820;688;1106;914;963;1251;925;813;1083;1037;954;847;856;785;760;748;803;883;773;799;392;694;777;439;1107;1089;1330;1332
1205;Universidad;Bolívar;Cartagena de Indias;Oficial;Hombre;DESERTORES;0;0;1;6;11;1;3;554;163;164;193;161;195;184;270;224;274;243;273;334;408;342;451;414;418;440;702;560;709;847;914;974;775;701;891;789;733;764;756;735;627;674;663;742;604;543;280;387;407;170;468;383;380;272
1206;Universidad;Nariño;Pasto;Oficial;Mujer;DESERTORES;0;0;6;12;13;18;17;17;9;22;10;18;38;48;25;50;39;36;56;50;92;101;146;289;231;310;190;188;185;271;258;294;279;199;230;209;330;248;324;295;350;216;367;328;375;353;444;319;598;684;519;553;500;542
1206;Universidad;Nariño;Pasto;Oficial;Hombre;DESERTORES;0;0;7;15;12;7;11;17;7;20;12;31;26;47;27;52;52;57;49;56;160;119;152;342;213;354;238;215;190;353;311;283;334;288;295;248;381;291;349;275;336;263;246;255;234;195;182;102;203;263;201;162;178;117
1207;Universidad;Tolima;Ibagué;Oficial;Mujer;DESERTORES;0;0;42;54;61;58;79;31;475;94;211;226;345;636;328;398;318;568;299;291;445;369;1315;2427;3818;2617;3477;1825;3535;1641;3668;3699;616;1119;1025;1168;1096;671;895;1725;880;747;727;1003;780;1015;573;1015;1734;2006;1844;1186;1340;1363
1207;Universidad;Tolima;Ibagué;Oficial;Sin informaci¿n;DESERTORES;;;;;;;0;0;11;0;4;3;3;3;2;1;2;1;0;0;;1;;0;1;0;0;;;;;;;;;;;;;;;;;;;1;;;;;;;;
1207;Universidad;Tolima;Ibagué;Oficial;Hombre;DESERTORES;0;0;46;58;64;79;74;25;466;100;198;217;283;403;316;339;221;358;191;226;304;230;747;1119;1480;1138;1250;904;1465;829;1250;1198;319;549;665;726;612;580;721;1318;730;572;541;733;429;512;289;421;720;863;746;395;321;297
1208;Universidad;Quindío;Armenia;Oficial;Mujer;DESERTORES;0;0;0;0;0;0;59;87;120;115;197;169;198;311;318;318;386;456;400;432;374;386;580;752;533;860;693;624;561;688;593;650;612;685;655;679;599;811;1305;976;158;1518;824;796;586;761;455;696;737;896;1115;1047;1083;1022
1208;Universidad;Quindío;Armenia;Oficial;Sin informaci¿n;DESERTORES;;;;;;0;0;0;0;0;0;;0;0;0;0;0;1;;0;0;;;;;;;0;1;0;0;0;;;;;;;;;;;;;;;;;;;;;;
1208;Universidad;Quindío;Armenia;Oficial;Hombre;DESERTORES;;;0;0;0;0;94;135;167;141;174;203;222;244;282;360;364;435;389;276;403;347;542;602;482;620;624;596;577;596;570;542;566;625;544;604;469;640;1244;812;171;1259;652;443;361;453;232;277;242;332;340;247;239;236
1209;Universidad;Norte de Santander;Cúcuta;Oficial;Mujer;DESERTORES;0;0;164;1829;342;152;67;146;175;235;301;347;349;556;316;549;408;562;505;2024;570;467;359;486;546;441;433;646;619;686;953;667;439;559;524;549;391;545;721;537;571;501;543;568;549;528;246;302;391;635;845;627;842;675
1209;Universidad;Norte de Santander;Cúcuta;Oficial;Sin informaci¿n;DESERTORES;;;;0;0;8;1;1;1;0;3;1;0;1;0;0;1;0;0;1;0;0;;0;;0;;;;;;;;;;;;;;;;;;;;;;;;;;;;
1209;Universidad;Norte de Santander;Cúcuta;Oficial;Hombre;DESERTORES;0;0;53;591;388;141;108;201;217;246;292;319;367;615;293;450;436;571;492;1397;521;390;401;363;490;443;478;583;607;666;898;673;448;501;506;451;366;365;720;537;451;441;394;358;355;297;141;135;165;315;374;205;232;112
1210;Universidad;Norte de Santander;Ocaña;Oficial;Mujer;DESERTORES;0;0;25;28;10;9;17;77;639;276;43;59;355;86;90;131;211;78;306;457;111;128;121;120;143;114;157;137;252;272;196;146;178;283;205;169;236;203;206;188;160;143;152;146;131;153;97;89;121;185;215;200;213;215
1210;Universidad;Norte de Santander;Ocaña;Oficial;Hombre;DESERTORES;0;0;6;1;2;1;1;10;172;130;32;33;175;47;47;108;159;55;194;249;68;99;103;104;154;109;167;142;205;246;188;161;145;263;202;191;240;204;199;199;163;122;125;95;108;77;43;39;63;76;72;60;48;39
1212;Universidad;Norte de Santander;Pamplona;Oficial;Mujer;DESERTORES;0;0;11;33;35;33;237;117;374;343;391;461;584;809;1113;1472;910;1149;988;1245;2335;2243;3095;1963;1601;2499;1224;1096;1125;1333;929;1094;631;903;806;853;936;825;922;1160;872;1122;764;1119;662;923;439;722;706;1103;727;855;1132;973
1212;Universidad;Norte de Santander;Pamplona;Oficial;Sin informaci¿n;DESERTORES;0;0;2;1;0;1;1;1;8;1;1;4;2;0;2;4;2;1;2;0;0;0;0;0;1;0;0;0;0;0;0;0;0;0;0;0;;;;;;;;;;;;;;;;;;0
1212;Universidad;Norte de Santander;Pamplona;Oficial;Hombre;DESERTORES;0;0;15;21;12;16;53;43;261;222;282;380;503;571;888;825;643;715;797;885;1738;1557;2174;1340;1208;1517;919;743;881;887;677;707;588;581;634;656;744;663;839;910;795;720;609;673;460;475;246;314;275;438;255;219;261;195
1213;Universidad;Magdalena;Santa Marta;Oficial;Mujer;DESERTORES;0;0;0;0;11;51;63;54;86;53;107;231;178;177;235;352;415;396;385;424;541;386;467;1152;932;674;577;972;715;816;868;1114;948;1369;929;829;1111;1066;812;485;563;472;490;485;564;464;155;440;808;776;617;1397;964;1655
1213;Universidad;Magdalena;Santa Marta;Oficial;Hombre;DESERTORES;0;0;0;0;22;62;106;85;119;63;93;249;156;197;263;416;465;351;402;443;455;411;451;698;575;578;511;707;660;744;770;732;675;985;710;615;797;790;746;493;537;419;372;365;331;227;61;243;357;275;205;393;331;262
1214;Universidad;Cundinamarca;Fusagasugá;Oficial;Mujer;DESERTORES;0;0;480;112;169;174;155;118;172;163;200;191;248;239;253;316;293;68;196;380;224;300;254;258;306;380;239;248;260;264;219;234;260;320;375;381;440;434;348;451;457;404;444;465;423;438;286;348;458;544;519;485;522;575
1214;Universidad;Cundinamarca;Fusagasugá;Oficial;Sin informaci¿n;DESERTORES;0;0;10;2;3;1;3;2;2;1;3;1;;;;;;1;;;;;;;;;;;;;;;;;;;;;;;;;;;;;;;;;;;;
1214;Universidad;Cundinamarca;Fusagasugá;Oficial;Hombre;DESERTORES;0;0;466;145;213;236;198;145;223;228;265;242;327;295;284;362;357;73;246;467;263;353;357;303;374;400;337;363;371;393;328;390;413;460;421;405;414;398;396;469;455;392;344;310;254;280;155;148;149;209;142;107;127;72
1215;Universidad;Cundinamarca;Girardot;Oficial;Mujer;DESERTORES;0;0;121;75;76;78;80;84;83;75;84;72;109;95;84;104;192;3;98;101;51;53;31;61;83;93;70;68;64;82;68;80;60;90;100;83;106;79;83;90;73;70;78;99;53;50;34;42;59;92;55;49;60;72
1215;Universidad;Cundinamarca;Girardot;Oficial;Sin informaci¿n;DESERTORES;0;0;5;1;0;0;0;0;2;0;0;0;0;0;1;;1;0;;;;;0;1;0;;;;;;;;;;;;;;;;;;;;;;;;;;;;;
1215;Universidad;Cundinamarca;Girardot;Oficial;Hombre;DESERTORES;0;0;55;47;65;58;47;43;48;42;46;32;58;51;56;38;77;0;46;48;22;31;21;45;48;75;44;62;65;69;53;71;59;89;71;91;99;96;95;67;57;85;82;59;26;37;19;23;14;45;23;18;21;8
1216;Universidad;Cundinamarca;Villa de San Diego de Ubaté;Oficial;Mujer;DESERTORES;0;0;52;0;28;37;25;17;21;16;26;27;20;23;21;24;43;5;6;38;8;8;21;15;18;16;9;16;22;19;6;12;12;11;11;14;11;12;23;13;19;16;16;23;22;19;23;20;30;29;35;32;34;26
1216;Universidad;Cundinamarca;Villa de San Diego de Ubaté;Oficial;Sin informaci¿n;DESERTORES;0;0;1;0;0;0;0;0;;;;;;;;;;;;;;;;;;;;;;;;;;;;;;;;;;;;;;;;;;;;;;
1216;Universidad;Cundinamarca;Villa de San Diego de Ubaté;Oficial;Hombre;DESERTORES;0;0;21;0;16;24;21;11;18;27;27;26;20;30;22;16;36;2;9;23;20;15;21;16;20;27;28;17;20;21;17;13;16;15;15;25;19;25;25;18;21;24;18;12;8;20;7;8;9;7;12;4;6;6
1217;Universidad;Sucre;Sincelejo;Oficial;Mujer;DESERTORES;0;0;0;0;0;0;;;;;2;0;22;43;48;40;69;67;60;80;75;138;82;86;80;84;97;87;72;106;105;148;103;192;115;166;82;130;149;195;149;122;156;139;158;157;110;137;200;181;190;217;220;205
1217;Universidad;Sucre;Sincelejo;Oficial;Sin informaci¿n;DESERTORES;;;;;;;;;;;;;;;;;;;;;;;;;;;;;;;;;;;;0;0;0;0;0;;;0;1;0;0;;;;;;;;
1217;Universidad;Sucre;Sincelejo;Oficial;Hombre;DESERTORES;;;;;;;;;;;0;0;29;41;95;82;85;88;102;95;95;142;135;137;136;160;130;135;155;171;138;191;150;290;107;172;133;149;187;225;174;146;88;74;78;72;38;66;82;85;55;47;31;23
1218;Universidad;La Guajira;Riohacha;Oficial;Mujer;DESERTORES;0;0;41;48;97;10;1792;48;103;128;195;179;156;212;313;326;249;311;343;415;476;543;474;340;458;419;450;548;456;466;459;444;419;705;699;534;608;808;834;860;798;898;853;956;1140;;973;1004;731;882;754;713;875;868
1218;Universidad;La Guajira;Riohacha;Oficial;Hombre;DESERTORES;0;0;7;8;14;5;320;26;82;107;152;144;133;207;241;211;234;180;229;277;320;315;323;271;288;374;399;436;457;421;392;395;411;627;584;480;565;611;721;706;579;653;595;695;757;;670;660;424;432;394;315;288;202
1219;Universidad;Antioquia;El Carmen de Viboral;Oficial;Mujer;DESERTORES;;;;0;0;2;5;0;10;9;16;49;19;28;13;29;34;43;38;26;41;30;38;28;66;47;23;45;14;15;19;19;20;31;23;120;21;47;19;73;14;14;34;18;37;14;43;9;22;15;19;6;20;25
1219;Universidad;Antioquia;El Carmen de Viboral;Oficial;Hombre;DESERTORES;;;;0;0;3;3;7;13;11;20;20;19;9;9;25;49;29;33;30;31;27;44;37;58;37;29;36;9;13;20;25;25;35;26;113;28;54;19;68;10;15;12;15;26;8;30;5;9;4;7;4;7;4
1220;Universidad;Antioquia;Andes;Oficial;Mujer;DESERTORES;;;;0;0;1;1;4;3;0;6;18;12;6;12;6;22;14;14;14;16;19;13;17;34;17;25;39;16;8;29;6;13;56;12;5;25;19;8;29;10;6;11;5;28;8;15;5;7;15;6;;;
1220;Universidad;Antioquia;Andes;Oficial;Hombre;DESERTORES;;;;0;0;4;1;13;5;1;8;14;13;7;8;5;9;11;14;19;20;13;20;25;30;12;22;46;32;10;24;9;5;25;17;21;27;18;22;19;15;6;7;7;10;4;3;3;9;13;1;;;
1221;Universidad;Antioquia;Caucasia;Oficial;Mujer;DESERTORES;0;0;3;0;1;0;0;2;0;8;7;6;11;10;9;18;20;25;22;23;20;44;18;18;41;29;25;73;21;26;32;12;20;25;7;10;9;13;6;39;12;12;6;2;13;18;12;5;20;17;4;;;
1221;Universidad;Antioquia;Caucasia;Oficial;Hombre;DESERTORES;0;0;6;4;1;1;1;4;0;5;19;2;15;12;8;20;27;21;27;32;34;46;41;27;50;37;10;50;15;20;22;16;10;32;12;6;14;12;6;22;9;11;11;9;4;3;2;4;6;6;4;;;
1222;Universidad;Antioquia;Puerto Berrío;Oficial;Mujer;DESERTORES;0;0;0;3;0;1;;;0;2;2;2;8;6;7;10;7;4;5;2;5;2;2;6;11;9;8;22;4;3;5;3;10;4;10;2;1;2;1;3;0;0;1;2;3;2;9;2;3;2;1;;;
1222;Universidad;Antioquia;Puerto Berrío;Oficial;Hombre;DESERTORES;0;0;0;1;0;0;1;;1;1;1;1;8;8;8;16;6;8;4;5;11;3;5;1;3;7;26;32;5;3;2;3;8;2;4;2;3;0;0;2;1;3;3;0;1;0;0;0;1;0;1;;;
1223;Universidad;Antioquia;Turbo;Oficial;Mujer;DESERTORES;0;0;9;1;5;1;3;2;6;7;1;4;18;16;9;13;9;24;17;14;13;21;31;37;58;51;23;42;21;51;52;64;34;39;36;42;32;24;19;22;8;19;29;20;13;17;14;7;14;14;24;17;23;35
1223;Universidad;Antioquia;Turbo;Oficial;Hombre;DESERTORES;0;0;2;2;0;2;11;3;3;8;8;4;11;13;13;18;24;29;13;19;18;36;59;25;65;37;19;25;36;38;40;65;23;33;38;26;20;27;14;9;7;16;17;7;9;6;6;4;5;0;4;2;5;6
1301;Universidad;"Bogotá, d. c.";"Bogotá, D.C.";Oficial;Mujer;DESERTORES;0;0;239;265;325;332;442;416;364;447;365;382;1414;615;564;468;661;621;493;361;638;546;443;284;392;530;869;955;381;1137;595;758;1143;908;694;671;803;833;1077;2094;1711;1354;435;1738;1109;558;1222;1051;2142;530;213;2891;3044;2720
1301;Universidad;"Bogotá, d. c.";"Bogotá, D.C.";Oficial;Sin informaci¿n;DESERTORES;0;;0;1;0;2;1;0;0;1;0;0;0;;;;;;0;;;;;;;;;;;;;;;;;;;;;;;;;;;;;;;;;;;
1301;Universidad;"Bogotá, d. c.";"Bogotá, D.C.";Oficial;Hombre;DESERTORES;0;0;287;549;637;638;993;1017;865;979;711;732;2974;1119;1202;1123;1228;1247;1077;790;1365;1169;920;675;851;994;1553;1823;841;2280;1315;1762;2935;1743;1173;1127;960;858;1180;2224;1892;1277;332;1051;683;301;374;451;276;248;83;587;390;186
1701;Universidad;"Bogotá, d. c.";"Bogotá, D.C.";No oficial;Mujer;DESERTORES;0;0;62;96;149;145;192;193;237;268;360;327;365;336;398;682;412;502;436;478;721;760;1062;1002;726;654;590;961;553;635;557;491;436;529;506;527;474;492;674;397;494;495;469;501;515;548;443;447;511;468;582;611;615;626
1701;Universidad;"Bogotá, d. c.";"Bogotá, D.C.";No oficial;Hombre;DESERTORES;0;0;68;90;150;250;257;263;293;365;377;353;389;379;472;708;473;504;470;518;579;645;681;581;573;513;519;813;508;533;464;448;457;505;443;450;403;461;595;372;451;409;323;322;258;253;212;173;140;168;125;103;57;62
1702;Universidad;Valle del Cauca;Cali;No oficial;Mujer;DESERTORES;0;0;32;74;97;109;116;125;135;151;159;139;148;137;164;155;164;171;143;181;150;159;159;156;184;170;152;149;167;179;158;183;193;183;213;186;217;216;223;169;192;208;221;206;218;214;205;188;221;257;250;225;300;264
1702;Universidad;Valle del Cauca;Cali;No oficial;Hombre;DESERTORES;0;0;34;88;130;142;129;140;140;178;176;179;191;191;195;183;176;188;186;190;210;215;222;202;202;207;160;171;169;202;222;243;212;204;220;207;215;210;207;183;190;168;149;142;101;115;78;72;84;80;50;34;35;18
1703;Universidad;"Bogotá, d. c.";"Bogotá, D.C.";No oficial;Mujer;DESERTORES;0;0;72;78;110;94;98;85;94;88;138;122;131;171;159;127;129;91;144;363;138;184;199;217;206;199;227;249;254;275;256;292;251;221;271;243;147;263;250;216;216;197;186;185;294;80;68;84;66;57;61;75;40;133
1703;Universidad;"Bogotá, d. c.";"Bogotá, D.C.";No oficial;Hombre;DESERTORES;0;0;101;119;156;162;155;125;179;127;196;194;193;207;280;172;171;188;211;399;190;191;226;261;314;274;314;271;305;328;288;352;309;278;290;231;176;266;281;217;232;205;166;211;226;69;84;80;70;73;36;62;53;77
1704;Universidad;"Bogotá, d. c.";"Bogotá, D.C.";No oficial;Mujer;DESERTORES;0;0;14;9;144;189;169;131;1358;41;97;73;115;109;205;157;203;170;207;235;359;439;563;599;543;643;614;559;610;718;529;593;610;364;815;661;801;936;1099;963;935;859;1031;982;904;863;788;759;999;838;1098;1052;1135;922
1704;Universidad;"Bogotá, d. c.";"Bogotá, D.C.";No oficial;Sin informaci¿n;DESERTORES;;;;;;;;0;0;0;0;0;0;0;0;0;0;0;0;;;;;;;;;;;;;;;;0;0;0;2;0;1;0;1;;;;;;;;;;;;
1704;Universidad;"Bogotá, d. c.";"Bogotá, D.C.";No oficial;Hombre;DESERTORES;0;0;133;212;151;103;284;298;2471;100;158;150;209;161;265;189;231;219;284;296;393;476;626;596;579;632;662;626;640;721;583;582;639;398;847;657;737;816;1088;911;874;721;738;678;595;641;462;507;503;446;451;385;352;292
1705;Universidad;Santander;Bucaramanga;No oficial;Mujer;DESERTORES;0;0;43;72;84;82;100;110;106;95;112;152;146;137;147;191;168;139;161;173;196;170;259;266;256;233;245;257;223;440;230;318;253;302;251;239;227;318;259;242;250;450;208;224;211;357;276;330;320;447;238;406;318;430
1705;Universidad;Santander;Bucaramanga;No oficial;Sin informaci¿n;DESERTORES;;;;;;;;;;;;;;;;;;;;;;;;;;;;0;0;0;;0;0;0;;;;;;;;;;;;;;;;;;;;
1705;Universidad;Santander;Bucaramanga;No oficial;Hombre;DESERTORES;0;0;37;65;86;67;102;98;130;66;110;122;151;124;138;134;165;124;162;152;145;172;218;215;263;214;162;298;202;355;199;275;192;209;210;201;212;230;211;229;214;335;152;191;165;228;167;200;141;231;114;77;49;32
1706;Universidad;"Bogotá, d. c.";"Bogotá, D.C.";No oficial;Mujer;DESERTORES;0;0;86;56;70;106;167;279;80;210;157;283;394;125;389;132;377;375;297;312;339;405;349;423;436;437;381;390;369;442;359;362;329;360;291;265;283;265;247;351;240;329;407;377;277;299;207;264;254;286;230;390;269;411
1706;Universidad;"Bogotá, d. c.";"Bogotá, D.C.";No oficial;Sin informaci¿n;DESERTORES;;;;;;;;;;;;;;;;;;;;;;;;;;;;;;;;;;;;;0;0;6;;;;;;;;;;;;;;;
1706;Universidad;"Bogotá, d. c.";"Bogotá, D.C.";No oficial;Hombre;DESERTORES;0;0;46;39;69;102;159;205;93;136;121;185;313;118;303;81;331;324;246;310;266;274;275;330;295;314;277;290;235;311;271;229;214;223;210;240;232;276;205;270;207;262;180;177;125;185;95;119;108;150;94;49;29;39
1707;Universidad;"Bogotá, d. c.";"Bogotá, D.C.";No oficial;Mujer;DESERTORES;0;0;163;209;296;191;239;173;160;143;143;184;194;211;245;340;293;298;246;218;402;317;394;432;351;399;354;363;425;402;369;352;367;322;363;350;355;407;305;361;417;223;251;237;297;287;332;190;255;277;239;295;267;312
1707;Universidad;"Bogotá, d. c.";"Bogotá, D.C.";No oficial;Sin informaci¿n;DESERTORES;0;0;5;2;3;4;1;1;1;0;1;2;1;2;0;2;2;;;;;;;;;;;;;;;;;;;;;;;;;;;;;;;;;;;;;
1707;Universidad;"Bogotá, d. c.";"Bogotá, D.C.";No oficial;Hombre;DESERTORES;0;0;227;262;329;223;229;222;195;153;189;188;254;247;307;406;352;338;336;237;464;395;484;420;412;446;470;411;516;450;433;444;460;414;371;376;358;447;331;367;367;272;246;188;170;173;159;107;118;114;77;78;46;58
1708;Universidad;Bolívar;Cartagena de Indias;No oficial;Mujer;DESERTORES;0;0;40;46;43;39;33;36;44;41;45;37;26;33;26;28;33;28;30;50;80;52;70;60;64;71;67;70;69;70;41;34;37;43;28;27;33;24;29;23;18;12;14;21;11;10;11;17;15;8;;;;
1708;Universidad;Bolívar;Cartagena de Indias;No oficial;Sin informaci¿n;DESERTORES;0;0;2;4;3;4;4;0;2;2;0;3;0;0;0;2;0;;0;1;0;0;0;0;0;0;0;;0;0;0;0;0;;;;;;;;;;;;;;;;;;;;;
1708;Universidad;Bolívar;Cartagena de Indias;No oficial;Hombre;DESERTORES;0;0;37;39;37;31;31;43;32;38;30;47;43;15;35;22;36;30;39;62;56;49;72;83;73;69;77;74;81;70;56;44;43;49;38;26;20;16;16;30;16;11;21;17;15;11;13;7;5;3;;;;
1709;Universidad;"Bogotá, d. c.";"Bogotá, D.C.";No oficial;Mujer;DESERTORES;0;0;164;199;240;237;218;230;266;201;223;233;282;295;315;248;222;243;265;1116;289;392;361;335;343;335;341;334;357;361;336;921;337;301;328;364;377;373;419;423;461;457;557;496;441;418;489;243;309;317;303;303;379;333
1709;Universidad;"Bogotá, d. c.";"Bogotá, D.C.";No oficial;Sin informaci¿n;DESERTORES;;;0;0;;;0;1;0;;;;;;1;;1;;;;;;;;;;;;;;;;;;;;;;;;;;;;;;;;;;;;;
1709;Universidad;"Bogotá, d. c.";"Bogotá, D.C.";No oficial;Hombre;DESERTORES;0;0;199;258;322;328;354;352;430;360;407;397;511;525;555;432;380;362;447;880;381;437;481;461;476;469;447;439;489;464;509;871;472;459;442;453;408;446;490;519;538;550;448;434;348;326;300;184;187;147;162;135;77;89
1710;Universidad;Antioquia;Medellín;No oficial;Mujer;DESERTORES;0;0;1750;90;158;92;167;15;107;319;123;322;212;165;224;420;275;408;353;259;282;377;315;345;378;373;453;446;344;497;448;363;616;497;613;919;662;501;500;535;516;463;517;549;481;477;395;327;450;858;539;468;488;524
1710;Universidad;Antioquia;Medellín;No oficial;Sin informaci¿n;DESERTORES;;;;;;;;;;0;;;;;;;;0;;;;;;;;;;;;;;;;;;;;;;;;;;;;;;;;;;;;
1710;Universidad;Antioquia;Medellín;No oficial;Hombre;DESERTORES;0;0;208;127;249;177;263;8;180;612;211;466;310;309;311;554;376;536;418;409;371;486;469;379;400;403;438;451;400;490;417;420;529;528;596;700;587;518;458;440;427;379;348;366;286;280;227;209;192;323;164;169;116;107
1711;Universidad;Cundinamarca;Chía;No oficial;Mujer;DESERTORES;0;0;45;101;152;190;243;204;254;197;216;62;162;289;280;309;268;282;268;206;204;150;202;168;202;199;233;183;287;192;202;214;198;171;149;221;147;160;200;158;197;217;371;224;229;159;161;239;135;258;218;283;252;223
1711;Universidad;Cundinamarca;Chía;No oficial;Sin informaci¿n;DESERTORES;;0;0;0;0;0;0;0;0;0;0;0;;;;;;;;;;;;;;;;;;;;;;;;;;;;;;;;;;;;;;;;;;
1711;Universidad;Cundinamarca;Chía;No oficial;Hombre;DESERTORES;0;0;41;82;105;141;147;184;207;183;202;40;96;167;199;196;226;230;245;165;175;138;156;159;167;199;212;178;207;162;201;190;177;141;146;223;160;123;201;140;189;225;233;120;96;74;65;70;23;45;28;35;22;14
1712;Universidad;Antioquia;Medellín;No oficial;Mujer;DESERTORES;0;0;89;79;112;367;126;169;169;160;154;169;186;170;251;166;232;266;159;126;158;157;196;224;211;168;190;216;226;199;210;219;208;223;229;208;305;240;300;300;333;350;337;289;331;248;236;226;286;204;397;255;361;283
1712;Universidad;Antioquia;Medellín;No oficial;Hombre;DESERTORES;0;0;64;72;111;308;167;157;199;189;211;218;253;247;288;215;266;243;169;138;209;197;208;238;235;223;221;224;213;209;224;230;272;277;218;216;264;236;285;228;234;208;187;140;137;108;78;74;66;61;60;41;36;32
1713;Universidad;Atlántico;Barranquilla;No oficial;Mujer;DESERTORES;;;;;;;;;0;0;79;95;123;123;151;132;199;174;193;174;144;152;157;172;167;156;168;142;159;173;149;139;143;146;237;155;207;158;189;318;262;237;248;256;311;351;299;256;247;292;354;339;363;436
1713;Universidad;Atlántico;Barranquilla;No oficial;Hombre;DESERTORES;;;;;;;;;0;0;159;115;176;181;231;146;215;231;222;182;170;174;174;170;220;149;197;156;213;159;187;181;177;175;228;228;195;170;186;303;181;199;151;189;133;152;106;100;71;100;72;56;44;33
1714;Universidad;"Bogotá, d. c.";"Bogotá, D.C.";No oficial;Mujer;DESERTORES;;;0;0;15;54;64;76;88;106;114;122;161;231;228;202;174;194;232;215;293;346;391;364;302;321;296;293;288;266;264;253;282;290;267;328;379;296;287;229;217;306;144;303;309;231;281;190;209;292;300;291;499;333
1714;Universidad;"Bogotá, d. c.";"Bogotá, D.C.";No oficial;Sin informaci¿n;DESERTORES;;;;;0;;;;;;;;;;;;;;;;;;;;;;;;;;;;;;;;;;;;;;;;;;;;;;;;;
1714;Universidad;"Bogotá, d. c.";"Bogotá, D.C.";No oficial;Hombre;DESERTORES;;;0;0;16;36;36;48;55;60;75;92;113;150;179;143;151;120;171;174;250;277;309;286;230;232;255;236;253;221;228;240;240;222;227;226;284;201;223;295;302;238;95;176;121;114;157;91;101;101;69;59;39;47
1715;Universidad;"Bogotá, d. c.";"Bogotá, D.C.";No oficial;Mujer;DESERTORES;0;0;277;3;31;33;50;42;35;44;38;49;45;54;38;37;68;50;60;67;29;27;44;51;49;58;66;44;77;46;58;57;44;49;105;92;96;108;104;79;116;86;87;51;90;63;82;105;103;123;110;100;121;87
1715;Universidad;"Bogotá, d. c.";"Bogotá, D.C.";No oficial;Hombre;DESERTORES;0;0;6;4;76;70;99;94;84;94;122;75;107;118;90;95;81;71;70;99;80;69;75;91;94;87;98;86;97;71;90;70;80;90;101;97;94;61;129;93;88;68;50;43;38;19;19;26;38;30;24;18;22;24
1716;Universidad;Valle del Cauca;Cali;No oficial;Mujer;DESERTORES;0;0;177;267;276;225;224;250;223;195;181;187;182;157;195;159;204;151;121;119;133;156;158;166;161;166;202;190;201;183;176;233;176;202;186;170;143;184;277;252;168;209;206;133;185;181;212;125;182;177;180;171;150;289
1716;Universidad;Valle del Cauca;Cali;No oficial;Hombre;DESERTORES;0;0;176;202;233;249;229;216;183;177;180;177;175;152;193;178;157;135;133;135;138;141;139;163;146;155;178;158;191;175;173;191;184;201;149;187;177;176;236;214;151;208;140;74;118;106;111;60;53;26;49;40;21;58
1717;Universidad;Antioquia;Medellín;No oficial;Mujer;DESERTORES;;;0;0;485;264;215;135;190;105;140;101;125;96;122;118;115;136;149;198;196;248;291;250;267;209;192;234;228;185;163;180;183;191;222;251;199;170;207;202;299;230;222;211;225;203;256;190;227;189;233;235;202;186
1717;Universidad;Antioquia;Medellín;No oficial;Hombre;DESERTORES;;;0;0;42;47;39;36;46;36;37;26;28;33;48;57;63;76;103;78;127;124;176;145;180;125;150;139;171;140;158;161;195;176;184;265;196;148;193;233;215;163;197;162;134;156;158;97;122;109;97;95;75;58
1718;Universidad;"Bogotá, d. c.";"Bogotá, D.C.";No oficial;Mujer;DESERTORES;;;;;;;0;0;24;47;74;51;91;63;63;64;79;106;86;116;213;221;280;281;328;294;323;554;246;288;285;220;247;568;1446;93;138;134;181;184;137;152;130;100;111;150;135;104;131;129;151;170;153;202
1718;Universidad;"Bogotá, d. c.";"Bogotá, D.C.";No oficial;Hombre;DESERTORES;;;;;;;0;0;111;108;157;177;184;176;142;140;132;162;174;191;127;158;186;203;209;182;196;220;147;207;162;134;128;158;208;135;135;156;192;248;156;149;101;80;64;74;49;61;46;54;45;41;34;27
1719;Universidad;"Bogotá, d. c.";"Bogotá, D.C.";No oficial;Mujer;DESERTORES;0;0;215;248;246;238;243;293;390;325;379;401;440;602;433;396;560;480;535;793;632;666;566;144;928;525;550;445;459;465;505;464;473;495;463;455;487;464;464;524;436;470;495;413;445;407;472;427;427;416;377;472;415;488
1719;Universidad;"Bogotá, d. c.";"Bogotá, D.C.";No oficial;Sin informaci¿n;DESERTORES;;;;;;;;;;;;;;;;;;;;;;;;;;;;0;0;0;0;0;0;0;0;0;0;0;1;0;;;;;;;;;;;;;;
1719;Universidad;"Bogotá, d. c.";"Bogotá, D.C.";No oficial;Hombre;DESERTORES;0;0;215;284;287;330;363;367;480;389;487;487;502;598;520;508;606;489;607;806;658;653;689;153;1050;610;637;547;520;490;504;569;538;488;517;457;529;430;455;495;493;510;420;364;355;311;292;254;245;264;194;170;151;134
1720;Universidad;Nariño;Pasto;No oficial;Mujer;DESERTORES;;;0;0;18;44;273;391;112;61;68;80;142;123;119;191;98;125;119;148;137;123;225;370;181;168;264;315;276;269;208;170;130;155;143;178;176;175;131;160;156;156;220;202;223;254;320;258;308;223;256;172;246;312
1720;Universidad;Nariño;Pasto;No oficial;Sin informaci¿n;DESERTORES;;;;;;;;;;;;;;;;;;;;;;;;;;;;0;;;;;;;;;;;;;;;;;;;;;;;;;;
1720;Universidad;Nariño;Pasto;No oficial;Hombre;DESERTORES;;;0;0;7;15;87;140;77;34;40;53;86;53;62;94;70;72;76;82;91;81;142;229;147;104;132;152;119;128;116;130;114;134;111;127;130;135;146;146;157;148;154;122;155;178;182;113;129;94;139;66;58;68
1722;Universidad;Caldas;Manizales;No oficial;Mujer;DESERTORES;0;0;44;82;88;129;123;130;154;176;131;137;142;173;163;145;125;172;113;135;102;153;112;130;114;156;105;123;140;147;116;121;100;174;96;112;158;238;168;242;181;241;217;327;235;326;219;295;207;407;257;361;276;359
1722;Universidad;Caldas;Manizales;No oficial;Hombre;DESERTORES;0;0;10;28;41;47;75;67;93;79;69;92;99;85;80;92;115;119;65;94;76;106;95;104;110;99;86;76;107;104;85;74;70;94;87;90;100;149;119;205;143;210;134;195;106;134;145;128;110;121;87;101;83;87
1723;Universidad;Santander;Bucaramanga;No oficial;Mujer;DESERTORES;0;0;208;14;70;37;55;40;51;31;57;65;71;101;62;95;90;105;81;128;128;161;138;148;137;158;125;138;148;153;155;157;169;161;175;161;180;177;150;154;153;128;192;175;202;158;199;139;192;206;173;209;221;211
1723;Universidad;Santander;Bucaramanga;No oficial;Hombre;DESERTORES;0;0;55;25;58;26;66;33;67;27;73;64;108;117;77;91;103;95;96;163;126;162;165;148;179;175;198;156;198;174;214;175;201;173;179;137;157;146;147;132;143;123;150;127;116;102;115;95;101;116;85;52;40;35
1724;Universidad;Bolívar;Cartagena de Indias;No oficial;Mujer;DESERTORES;0;0;1147;164;16;2;171;160;258;245;269;199;234;198;245;176;178;103;150;114;145;122;163;181;113;167;144;129;96;142;116;131;102;124;136;106;88;111;101;61;103;87;127;90;112;128;182;83;121;96;165;208;193;246
1724;Universidad;Bolívar;Cartagena de Indias;No oficial;Sin informaci¿n;DESERTORES;;;;;0;0;0;0;;;;;;;;;;;;;;;;;;;;;;;;;;;;;;;;;;;;;;;;;;;;;;
1724;Universidad;Bolívar;Cartagena de Indias;No oficial;Hombre;DESERTORES;0;0;586;94;11;1;134;108;155;122;165;133;160;100;139;111;93;81;91;86;95;53;97;63;86;88;87;75;84;88;119;94;110;87;88;105;111;79;104;105;91;74;73;58;68;57;62;49;54;30;43;51;35;23
1725;Universidad;"Bogotá, d. c.";"Bogotá, D.C.";No oficial;Mujer;DESERTORES;0;0;57;68;92;99;99;136;150;164;167;181;192;240;223;247;224;287;261;238;261;259;308;350;416;417;300;366;350;341;403;405;421;380;533;799;126;314;403;354;365;209;368;306;500;159;303;92;133;114;118;90;91;
1725;Universidad;"Bogotá, d. c.";"Bogotá, D.C.";No oficial;Sin informaci¿n;DESERTORES;;;;;;;;;;;;;;;;;;;0;;;;;;;;;;;;;;;;;;;;;;;;;;;;;;;;;;;
1725;Universidad;"Bogotá, d. c.";"Bogotá, D.C.";No oficial;Hombre;DESERTORES;0;0;82;120;130;140;141;153;229;203;215;246;257;267;240;279;279;279;327;286;336;364;408;426;483;517;359;388;401;408;451;410;482;418;561;779;138;291;410;377;379;190;325;327;472;136;243;82;92;86;81;76;49;
1726;Universidad;Antioquia;Rionegro;No oficial;Mujer;DESERTORES;0;0;45;116;87;157;97;89;72;107;99;108;79;164;132;124;110;112;114;131;115;99;91;108;123;113;116;89;106;115;251;285;227;212;209;275;280;191;212;208;201;161;184;208;232;216;224;196;231;195;262;237;262;263
1726;Universidad;Antioquia;Rionegro;No oficial;Hombre;DESERTORES;0;0;43;49;71;88;81;91;84;104;108;114;96;121;109;131;142;112;111;123;123;100;133;119;134;150;138;141;150;139;221;244;244;220;243;343;237;242;245;243;201;217;188;215;173;177;134;149;144;138;111;124;94;103
1727;Universidad;Córdoba;Montería;No oficial;Mujer;DESERTORES;0;0;105;35;36;29;33;44;52;60;55;61;65;70;68;65;56;117;49;45;50;72;62;59;74;76;66;78;60;82;89;76;97;64;61;54;75;62;64;50;71;77;81;61;80;62;75;79;85;114;108;121;150;148
1727;Universidad;Córdoba;Montería;No oficial;Hombre;DESERTORES;0;0;129;37;33;34;61;67;97;69;97;64;124;74;98;69;73;123;69;60;68;67;83;89;99;82;77;94;71;87;101;118;105;80;100;76;73;72;81;73;69;64;45;31;50;43;38;32;24;38;32;23;26;26
1728;Universidad;"Bogotá, d. c.";"Bogotá, D.C.";No oficial;Mujer;DESERTORES;0;0;190;151;29;10;23;8;18;104;92;120;122;114;99;138;158;166;142;156;184;196;214;222;201;201;222;232;217;239;281;280;252;335;263;242;275;303;332;254;405;329;381;330;379;405;403;328;409;433;494;676;516;492
1728;Universidad;"Bogotá, d. c.";"Bogotá, D.C.";No oficial;Hombre;DESERTORES;0;0;107;86;14;3;9;10;19;112;112;92;119;111;127;129;158;133;149;154;168;234;222;225;245;251;231;244;287;246;308;337;306;291;296;304;280;267;296;276;282;254;240;209;214;221;193;169;156;157;134;146;101;89
1729;Universidad;"Bogotá, d. c.";"Bogotá, D.C.";No oficial;Mujer;DESERTORES;0;0;25;36;51;28;68;115;109;135;145;129;143;141;142;140;224;228;139;173;172;164;182;212;262;245;272;253;260;249;253;297;281;267;309;284;298;268;344;406;328;286;359;399;499;433;444;391;491;567;700;613;644;649
1729;Universidad;"Bogotá, d. c.";"Bogotá, D.C.";No oficial;Hombre;DESERTORES;0;0;19;86;50;53;71;177;213;158;171;188;136;168;142;148;234;229;159;154;195;167;207;193;196;213;234;225;232;213;211;201;276;256;284;263;249;252;343;392;361;330;277;239;209;234;178;131;174;156;158;136;135;130
1730;Universidad;Valle del Cauca;Palmira;No oficial;Mujer;DESERTORES;;;;;;;;;0;0;4;1;0;9;2;5;1;18;1;2;5;8;12;11;2;13;8;8;11;13;8;15;8;14;5;2;11;6;6;6;11;9;13;5;13;17;10;14;9;21;10;12;18;23
1730;Universidad;Valle del Cauca;Palmira;No oficial;Hombre;DESERTORES;;;;;;;;;0;0;1;2;0;4;0;1;0;6;1;1;7;8;9;5;2;5;5;6;6;6;9;9;7;2;3;7;10;9;8;5;9;11;5;3;4;11;3;10;1;3;3;2;4;0
1731;Universidad;Cundinamarca;Chía;No oficial;Mujer;DESERTORES;;;;;;;;;;;0;0;16;20;49;37;68;44;85;218;8;10;137;12;;;;;;;;;;;;;;;;;;;;;;;;;;;;;;
1731;Universidad;Cundinamarca;Chía;No oficial;Hombre;DESERTORES;;;;;;;;;;;0;0;25;41;89;112;139;63;130;423;10;26;260;27;;;;;;;;;;;;;;;;;;;;;;;;;;;;;;
1732;Universidad;Boyacá;Tunja;No oficial;Mujer;DESERTORES;0;0;12;9;13;15;42;49;41;68;60;58;47;68;69;219;53;58;44;44;61;61;101;74;76;54;76;108;98;164;119;79;127;107;148;136;113;112;90;169;173;113;111;120;125;167;160;140;148;178;158;322;252;211
1732;Universidad;Boyacá;Tunja;No oficial;Hombre;DESERTORES;0;0;9;3;13;22;50;36;51;50;70;59;59;68;82;198;48;54;41;53;77;68;91;88;81;78;92;131;108;191;107;105;133;123;132;149;95;111;97;187;148;129;89;96;80;134;98;85;66;87;51;53;42;35
1733;Universidad;Magdalena;Santa Marta;No oficial;Mujer;DESERTORES;0;0;8;13;3;0;3;1;2;2;3;6;22;11;46;41;64;50;41;62;53;59;78;74;76;54;93;69;82;60;78;130;115;84;100;99;86;71;74;87;85;144;101;91;109;115;125;114;149;116;116;153;160;142
1733;Universidad;Magdalena;Santa Marta;No oficial;Hombre;DESERTORES;0;0;7;7;1;1;2;0;5;2;0;1;17;4;49;50;52;48;45;41;36;51;78;44;64;70;63;76;55;78;70;99;86;81;65;64;73;57;58;64;72;103;62;62;65;83;66;57;68;61;57;34;32;38
1734;Universidad;Boyacá;Tunja;No oficial;Mujer;DESERTORES;0;0;1463;74;89;112;159;107;216;178;238;199;285;339;262;166;212;140;171;103;119;154;134;160;203;173;184;166;189;235;259;256;317;277;240;245;280;235;267;268;290;260;295;235;278;289;290;140;195;184;232;232;319;322
1734;Universidad;Boyacá;Tunja;No oficial;Hombre;DESERTORES;0;0;217;54;58;74;109;99;134;131;170;167;237;235;162;126;171;129;142;79;48;47;83;100;105;116;152;116;132;136;165;166;191;184;187;195;203;215;234;239;247;240;197;197;168;178;158;52;80;80;110;77;60;56
1735;Universidad;"Bogotá, d. c.";"Bogotá, D.C.";No oficial;Mujer;DESERTORES;0;0;26;87;117;105;121;210;200;178;282;263;317;292;316;230;301;288;219;214;273;332;362;327;366;434;433;342;361;407;450;458;327;752;320;602;471;468;572;495;539;555;512;443;479;408;528;395;262;375;353;404;555;600
1735;Universidad;"Bogotá, d. c.";"Bogotá, D.C.";No oficial;Sin informaci¿n;DESERTORES;;;;;;;;;;;;;;;;;;;;;;;;;;;;;;0;;;;;;;;;;;;;;;;;;;;;;;;
1735;Universidad;"Bogotá, d. c.";"Bogotá, D.C.";No oficial;Hombre;DESERTORES;0;0;11;48;74;56;68;113;135;99;206;175;219;272;243;197;271;235;207;156;206;240;304;257;247;293;319;264;298;345;355;327;249;524;287;487;528;468;547;562;653;507;410;336;362;313;318;331;201;190;193;204;199;191
1801;Universidad;"Bogotá, d. c.";"Bogotá, D.C.";No oficial;Mujer;DESERTORES;0;0;306;91;173;102;273;93;284;95;365;112;392;167;387;161;208;288;238;453;267;432;412;540;463;567;469;537;526;570;558;700;635;762;731;690;651;655;716;643;589;728;747;748;687;740;933;438;445;540;477;680;477;525
1801;Universidad;"Bogotá, d. c.";"Bogotá, D.C.";No oficial;Sin informaci¿n;DESERTORES;;;;;;;;;;;;;;;;;;;;;0;;;;;;;;;;;;;;;;;;;;;;;;;;;;;;;;;
1801;Universidad;"Bogotá, d. c.";"Bogotá, D.C.";No oficial;Hombre;DESERTORES;0;0;181;79;187;127;238;137;244;123;324;154;410;153;426;206;224;345;242;543;352;447;446;511;497;523;501;561;558;597;581;693;640;673;702;702;644;741;802;688;605;643;520;575;608;633;630;352;306;361;280;277;224;205
1802;Universidad;Quindío;Armenia;No oficial;Mujer;DESERTORES;0;0;44;61;12;38;50;33;44;80;96;115;89;135;82;154;70;178;84;239;83;75;216;129;121;111;140;104;134;127;97;144;77;124;95;87;103;74;202;95;102;115;106;109;132;92;136;91;141;129;90;146;139;165
1802;Universidad;Quindío;Armenia;No oficial;Hombre;DESERTORES;0;0;30;57;7;23;40;51;55;77;95;113;66;112;87;137;87;162;100;244;104;60;250;110;144;114;125;105;124;97;120;122;85;140;78;104;108;70;239;125;123;95;87;88;94;117;77;99;105;81;55;66;59;54
1803;Universidad;"Bogotá, d. c.";"Bogotá, D.C.";No oficial;Mujer;DESERTORES;0;0;8;16;18;33;29;27;50;64;85;230;371;411;561;614;443;362;228;337;560;568;574;584;731;671;700;708;741;818;752;831;833;821;725;679;618;698;597;561;536;474;490;454;487;505;453;411;433;471;424;464;502;457
1803;Universidad;"Bogotá, d. c.";"Bogotá, D.C.";No oficial;Sin informaci¿n;DESERTORES;0;0;0;0;0;0;2;0;0;2;1;2;2;3;3;4;7;0;2;0;2;3;3;0;1;0;1;2;1;1;3;0;;0;1;0;0;1;;;;;;;;0;;;;;;;;
1803;Universidad;"Bogotá, d. c.";"Bogotá, D.C.";No oficial;Hombre;DESERTORES;0;0;6;9;20;19;21;31;44;44;38;215;242;293;395;474;363;317;197;255;446;540;530;542;617;625;606;582;630;685;707;771;766;679;644;647;578;639;541;469;493;439;415;369;308;408;299;259;236;230;204;157;147;149
1804;Universidad;Atlántico;Barranquilla;No oficial;Mujer;DESERTORES;0;0;161;167;209;193;227;221;319;256;306;407;273;300;309;264;273;255;280;290;281;318;399;403;401;419;367;349;422;402;425;450;392;348;496;561;421;447;379;499;375;417;710;364;421;428;528;227;355;327;473;426;509;438
1804;Universidad;Atlántico;Barranquilla;No oficial;Sin informaci¿n;DESERTORES;;;;;;;;;;;;;;;;;0;0;0;;;;0;1;0;0;;;;;;;;;;;;;;;;;;;;;;;;;;;;
1804;Universidad;Atlántico;Barranquilla;No oficial;Hombre;DESERTORES;0;0;185;226;321;256;335;294;438;352;424;517;499;433;410;421;373;298;414;379;380;492;537;517;538;495;513;479;529;531;563;585;559;565;564;690;544;513;522;529;447;589;575;318;418;321;387;170;283;209;214;176;147;123
1805;Universidad;Valle del Cauca;Cali;No oficial;Mujer;DESERTORES;0;0;132;409;412;512;408;548;638;397;405;511;612;532;590;508;407;357;365;342;480;577;604;733;576;624;651;910;727;569;567;636;584;720;820;661;644;603;622;1132;1074;918;1008;736;737;1093;1014;514;685;778;883;924;1084;1200
1805;Universidad;Valle del Cauca;Cali;No oficial;Sin informaci¿n;DESERTORES;;0;0;6;10;5;3;6;10;14;2;6;9;14;8;3;2;4;3;2;2;5;2;2;1;1;0;0;0;1;0;;;;;;;;;;;;;;;;;;;;;;0;0
1805;Universidad;Valle del Cauca;Cali;No oficial;Hombre;DESERTORES;0;0;89;292;302;338;342;454;444;268;284;429;511;405;477;419;375;334;322;339;392;485;464;594;496;486;520;625;602;472;441;437;469;601;638;540;591;553;620;1098;1001;846;779;522;362;470;468;230;284;305;268;254;213;225
1806;Universidad;"Bogotá, d. c.";"Bogotá, D.C.";No oficial;Mujer;DESERTORES;0;0;1612;73;817;336;97;99;463;141;403;176;892;661;288;319;289;526;548;1106;364;590;445;578;366;574;343;711;411;730;414;673;422;639;408;599;434;605;415;570;386;500;308;499;322;525;338;474;341;454;324;607;401;575
1806;Universidad;"Bogotá, d. c.";"Bogotá, D.C.";No oficial;Hombre;DESERTORES;0;0;1118;66;742;254;139;153;407;196;406;195;1028;592;269;337;302;519;466;794;379;607;439;577;413;622;373;620;420;672;427;608;421;565;400;512;334;516;419;469;324;426;277;443;281;440;248;331;163;317;177;221;121;162
1807;Universidad;Valle del Cauca;Cali;No oficial;Mujer;DESERTORES;0;0;46;189;67;140;170;75;78;304;91;358;244;221;287;364;499;312;261;402;258;265;379;552;220;344;150;492;144;219;148;232;156;267;139;239;161;254;156;127;272;413;176;215;198;336;260;286;218;207;223;249;202;216
1807;Universidad;Valle del Cauca;Cali;No oficial;Sin informaci¿n;DESERTORES;;0;0;1;2;2;1;0;0;7;0;2;2;3;4;;0;0;1;1;0;0;0;;0;0;0;;;;;;;;;;;;;;;;;;;;;;;;;;;
1807;Universidad;Valle del Cauca;Cali;No oficial;Hombre;DESERTORES;0;0;11;137;54;114;160;33;76;208;20;237;123;120;192;242;176;202;182;226;77;187;175;274;103;157;70;186;88;132;71;165;90;163;101;177;155;244;120;102;207;330;137;199;118;215;158;152;117;121;109;77;69;72
1808;Universidad;Atlántico;Barranquilla;No oficial;Mujer;DESERTORES;0;0;41;34;126;73;106;121;120;124;265;175;318;103;271;160;263;68;283;191;162;202;116;144;65;153;79;152;80;125;102;133;106;160;99;134;86;175;136;482;232;122;106;199;153;264;181;268;166;227;194;313;210;367
1808;Universidad;Atlántico;Barranquilla;No oficial;Sin informaci¿n;DESERTORES;;;;0;0;0;;0;;0;2;3;0;1;0;1;0;0;0;;3;;;;;;;;;0;;;;;;;;;;;;;;;;;;;;;;;;
1808;Universidad;Atlántico;Barranquilla;No oficial;Hombre;DESERTORES;0;0;32;17;85;36;95;52;132;51;183;96;251;38;195;97;234;40;163;108;111;155;64;122;44;115;46;106;33;81;61;107;63;101;77;91;63;129;122;479;169;86;95;195;79;187;95;129;67;188;66;105;51;47
1809;Universidad;Risaralda;Pereira;No oficial;Mujer;DESERTORES;0;0;177;535;227;123;257;92;264;83;212;88;236;94;169;63;207;72;233;85;76;166;176;203;149;243;199;253;104;250;145;185;134;300;141;185;114;187;256;249;135;201;105;181;115;144;136;161;129;191;135;223;164;170
1809;Universidad;Risaralda;Pereira;No oficial;Hombre;DESERTORES;0;0;102;283;181;73;174;63;234;46;147;65;193;55;144;47;181;67;241;64;88;152;125;145;98;223;126;197;87;178;119;194;128;222;131;139;120;191;265;207;105;219;95;142;68;119;68;89;58;109;51;75;35;33
1810;Universidad;Norte de Santander;Cúcuta;No oficial;Mujer;DESERTORES;0;0;11;42;32;66;32;61;19;39;33;71;26;69;16;73;23;90;8;128;11;92;19;91;27;89;41;107;38;97;58;105;39;102;66;116;58;125;75;79;66;181;91;179;75;112;107;126;85;107;73;137;94;163
1810;Universidad;Norte de Santander;Cúcuta;No oficial;Hombre;DESERTORES;0;0;17;41;24;61;48;79;29;79;29;74;22;80;12;61;18;71;12;124;18;79;23;99;25;98;54;82;33;97;40;95;40;129;33;90;55;128;72;208;76;121;59;85;72;152;59;134;59;86;50;43;31;33
1811;Universidad;Santander;Socorro;No oficial;Mujer;DESERTORES;0;0;23;38;11;40;33;45;23;37;24;28;12;46;25;44;17;44;24;55;23;61;5;92;31;60;34;72;26;63;27;70;24;67;33;74;40;69;49;45;51;99;33;93;46;84;41;79;44;96;22;81;30;67
1811;Universidad;Santander;Socorro;No oficial;Hombre;DESERTORES;0;0;4;11;11;33;41;41;21;36;5;38;7;38;7;33;19;47;27;51;26;41;6;48;18;62;25;47;20;59;34;88;34;70;28;70;27;78;34;106;25;64;28;63;44;105;32;83;29;51;18;19;7;26
1812;Universidad;Antioquia;Medellín;No oficial;Mujer;DESERTORES;0;0;494;258;280;299;252;283;321;328;269;446;284;392;281;330;286;377;307;299;335;419;311;361;373;438;445;458;459;504;410;525;486;515;428;419;470;407;458;415;459;400;408;414;520;391;346;307;364;343;389;366;397;360
1812;Universidad;Antioquia;Medellín;No oficial;Hombre;DESERTORES;0;0;159;205;301;268;226;265;297;308;275;337;304;367;271;332;251;339;275;273;349;381;323;358;317;431;417;417;467;437;453;474;443;499;385;416;454;360;421;402;460;400;341;299;307;313;255;223;194;175;172;128;122;97
1813;Universidad;"Bogotá, d. c.";"Bogotá, D.C.";No oficial;Mujer;DESERTORES;0;0;134;118;181;157;213;151;177;126;165;150;166;134;151;138;202;135;191;148;165;185;170;180;205;158;180;113;115;555;164;165;149;155;178;146;232;196;210;167;181;183;200;142;259;234;212;231;307;320;331;356;280;378
1813;Universidad;"Bogotá, d. c.";"Bogotá, D.C.";No oficial;Hombre;DESERTORES;0;0;204;221;302;199;316;223;254;205;229;170;254;184;257;231;208;186;245;215;276;224;268;275;315;256;244;151;173;932;255;244;273;223;295;190;225;197;246;248;230;182;199;91;138;114;99;86;85;119;45;63;30;21
1814;Universidad;Antioquia;Medellín;No oficial;Mujer;DESERTORES;0;0;7;84;14;175;29;169;37;290;30;236;27;171;15;122;11;157;3;203;13;151;331;80;32;89;74;90;113;129;115;131;118;180;158;164;204;245;203;305;167;183;220;141;196;179;187;210;212;182;240;181;215;189
1814;Universidad;Antioquia;Medellín;No oficial;Hombre;DESERTORES;0;0;3;100;8;151;16;159;19;234;23;167;17;138;15;97;13;131;0;159;8;104;144;50;44;93;78;76;90;90;101;101;124;130;130;153;163;188;183;262;159;146;154;156;142;144;127;138;118;127;112;77;77;69
1815;Universidad;"Bogotá, d. c.";"Bogotá, D.C.";No oficial;Mujer;DESERTORES;0;0;4;4;12;17;15;22;37;36;37;48;224;246;239;253;224;221;250;169;223;240;285;272;262;232;193;190;221;215;224;277;245;314;315;220;184;288;0;383;230;220;218;187;190;214;260;131;214;185;184;175;233;236
1815;Universidad;"Bogotá, d. c.";"Bogotá, D.C.";No oficial;Sin informaci¿n;DESERTORES;;;;0;0;0;0;0;0;;;;0;1;0;0;0;0;0;1;;0;;;;;;;;;;;;;;;;;;;;;;;;;;;;;;;;
1815;Universidad;"Bogotá, d. c.";"Bogotá, D.C.";No oficial;Hombre;DESERTORES;0;0;3;9;10;14;25;17;53;38;44;74;302;305;372;329;287;270;406;207;251;280;336;326;248;255;261;223;291;273;326;222;202;208;170;249;256;221;1;524;257;213;182;117;137;140;157;93;131;70;60;62;58;86
1816;Universidad;Antioquia;Medellín;No oficial;Mujer;DESERTORES;0;0;249;95;148;153;16;397;274;121;149;221;165;201;250;241;187;165;602;370;339;456;210;259;210;395;215;486;346;269;281;234;239;225;217;213;194;187;181;184;164;169;188;156;173;147;205;172;220;252;202;233;232;201
1816;Universidad;Antioquia;Medellín;No oficial;Hombre;DESERTORES;0;0;225;78;85;69;5;88;141;36;64;91;89;69;121;122;96;82;262;148;111;190;119;116;118;147;116;254;194;169;146;122;136;143;165;135;177;142;157;137;132;138;141;128;125;126;125;90;117;110;73;72;69;59
1817;Universidad;Santander;Bucaramanga;No oficial;Mujer;DESERTORES;0;0;171;328;300;273;293;283;237;272;247;315;248;261;241;229;216;250;249;257;245;304;246;219;423;335;280;294;295;299;350;322;303;279;222;230;273;171;218;233;230;182;203;160;185;159;220;129;149;169;179;163;187;181
1817;Universidad;Santander;Bucaramanga;No oficial;Hombre;DESERTORES;0;0;32;88;67;90;115;133;99;132;125;144;140;136;131;118;130;137;144;155;174;185;171;147;204;199;155;203;167;186;213;196;191;197;143;150;211;149;173;190;139;134;151;114;125;107;109;64;93;84;81;50;51;48
1818;Universidad;"Bogotá, d. c.";"Bogotá, D.C.";No oficial;Mujer;DESERTORES;0;0;633;815;1015;808;828;797;975;838;1031;1105;1129;1063;1226;1110;1236;1292;1249;2800;1554;1512;1540;1706;1502;1863;1635;3760;1358;1882;1536;1755;1806;1913;1656;1600;1827;1647;1584;1580;1580;1607;1487;1419;1402;1468;1834;1212;1310;1398;1290;1328;1294;1383
1818;Universidad;"Bogotá, d. c.";"Bogotá, D.C.";No oficial;Hombre;DESERTORES;0;0;211;269;314;295;351;330;446;449;515;561;674;548;722;627;787;793;788;1542;1075;1098;1109;1199;1114;1239;1196;2400;1063;1378;1253;1442;1561;1485;1438;1331;1569;1440;1469;1454;1538;1335;1271;1167;1040;1178;1170;771;797;859;697;571;471;360
1819;Universidad;Santander;Barrancabermeja;No oficial;Mujer;DESERTORES;0;0;88;17;39;22;49;53;65;51;65;82;74;86;142;134;65;145;98;114;66;60;47;60;56;65;51;68;98;101;68;95;109;104;72;72;64;66;79;79;77;61;39;58;61;73;75;56;73;57;35;38;26;21
1819;Universidad;Santander;Barrancabermeja;No oficial;Hombre;DESERTORES;0;0;23;2;10;10;12;16;24;17;27;18;27;37;52;47;16;43;41;90;23;22;28;23;31;26;23;39;48;24;28;47;37;46;35;50;42;43;56;50;59;35;37;25;37;29;40;25;27;28;7;8;11;5
1820;Universidad;Magdalena;Santa Marta;No oficial;Mujer;DESERTORES;0;0;102;43;59;33;74;354;65;22;43;248;137;164;148;90;127;63;65;72;94;306;174;215;171;191;248;446;160;148;147;137;162;152;142;142;118;130;152;135;172;154;137;141;150;158;218;115;163;120;151;219;230;179
1820;Universidad;Magdalena;Santa Marta;No oficial;Hombre;DESERTORES;0;0;30;16;21;22;36;105;44;19;12;139;82;78;78;44;68;40;42;59;52;169;114;143;101;109;140;282;120;116;115;102;127;122;118;124;94;134;149;115;153;125;105;125;107;96;122;57;65;66;52;60;47;39
1822;Universidad;Cundinamarca;Girardot;No oficial;Mujer;DESERTORES;0;0;0;1;2;0;2;1;3;5;2;5;31;25;21;19;10;22;12;35;17;21;21;19;33;20;16;26;25;15;32;42;37;37;41;37;53;50;52;64;57;52;48;90;60;72;94;56;44;65;56;56;73;66
1822;Universidad;Cundinamarca;Girardot;No oficial;Sin informaci¿n;DESERTORES;;;;;;;;;;;;;;;;;;;;;;;;0;0;0;0;0;0;;;;;;;;;;;;;;;;;;;;;;;;;
1822;Universidad;Cundinamarca;Girardot;No oficial;Hombre;DESERTORES;0;0;0;1;1;0;1;4;5;6;4;12;51;25;47;29;19;22;26;39;47;17;38;30;54;31;25;25;35;37;50;44;55;48;60;46;57;79;76;78;70;90;59;41;47;49;58;35;25;31;22;25;11;19
1823;Universidad;Santander;Bucaramanga;No oficial;Mujer;DESERTORES;0;0;5077;9;130;144;23;65;79;113;69;208;175;133;128;96;105;194;96;90;184;161;218;224;262;422;312;643;366;879;415;438;435;444;404;456;536;399;473;479;499;456;523;506;553;562;530;461;485;479;476;525;527;513
1823;Universidad;Santander;Bucaramanga;No oficial;Hombre;DESERTORES;0;0;506;142;87;115;313;186;311;35;205;134;137;117;125;136;113;139;73;58;128;133;185;141;173;275;217;445;236;566;235;251;289;255;367;325;429;270;359;393;340;324;333;324;261;344;264;263;241;238;187;163;169;147
1824;Universidad;Atlántico;Barranquilla;No oficial;Mujer;DESERTORES;0;0;62;51;67;51;164;77;116;156;119;145;437;302;237;160;146;164;157;139;112;161;155;159;122;151;178;169;165;301;360;269;73;142;225;169;95;90;99;107;88;75;186;94;60;90;117;34;55;60;66;104;100;99
1824;Universidad;Atlántico;Barranquilla;No oficial;Hombre;DESERTORES;0;0;15;17;17;24;27;27;37;46;24;34;113;68;61;50;63;73;67;52;47;51;56;52;64;78;65;69;62;62;128;135;39;57;123;101;84;89;71;88;94;68;127;50;39;42;43;19;11;16;18;19;10;13
1825;Universidad;Caldas;Manizales;No oficial;Mujer;DESERTORES;0;0;534;37;75;47;39;33;57;44;92;114;50;143;63;52;48;86;41;40;90;80;104;92;160;135;160;226;198;243;220;183;212;183;215;205;173;203;267;326;297;230;346;301;343;312;290;270;211;261;232;233;230;241
1825;Universidad;Caldas;Manizales;No oficial;Hombre;DESERTORES;0;0;396;61;97;60;81;55;74;55;138;141;87;152;89;61;75;91;79;59;109;109;113;124;153;138;168;210;209;192;220;189;193;168;186;211;142;182;219;268;222;190;218;137;168;138;92;77;86;81;70;44;35;36
1826;Universidad;"Bogotá, d. c.";"Bogotá, D.C.";No oficial;Mujer;DESERTORES;;;;;;;0;0;1;3;1;1929;108;186;288;247;280;270;274;678;911;604;765;951;843;770;705;726;658;646;668;678;696;617;763;682;633;650;739;685;648;646;590;540;623;597;646;426;588;583;685;649;601;600
1826;Universidad;"Bogotá, d. c.";"Bogotá, D.C.";No oficial;Sin informaci¿n;DESERTORES;;;;;;;;;;;;;;;;;;;;;;0;;;;;;;;;;;;;;;;;;;;;;;;;;;;;;;;
1826;Universidad;"Bogotá, d. c.";"Bogotá, D.C.";No oficial;Hombre;DESERTORES;;;;;;;;0;;0;1;403;102;156;226;216;262;251;277;515;472;409;564;633;558;600;551;558;515;574;652;611;677;654;786;708;666;680;743;744;683;593;557;430;447;422;345;253;300;295;278;221;179;166
1827;Universidad;Caldas;Manizales;No oficial;Mujer;DESERTORES;0;0;23;93;39;80;67;75;90;71;36;48;46;76;74;91;48;59;45;39;36;36;53;37;45;46;38;80;139;68;138;75;110;137;83;71;66;90;59;113;48;53;111;91;88;91;71;223;93;157;70;115;50;103
1827;Universidad;Caldas;Manizales;No oficial;Hombre;DESERTORES;0;0;9;40;14;34;43;38;56;47;36;42;43;34;46;50;37;35;29;18;16;34;23;37;36;34;36;48;43;72;50;69;65;59;49;57;40;75;47;201;62;123;79;72;27;19;22;16;11;17;15;11;13;5
1828;Universidad;Valle del Cauca;Cali;No oficial;Mujer;DESERTORES;0;0;0;18;89;0;72;79;58;44;56;44;52;72;68;64;51;92;72;93;23;182;114;99;105;97;100;135;98;123;122;117;120;119;116;138;147;144;173;141;198;172;174;143;129;146;106;104;145;103;128;153;126;165
1828;Universidad;Valle del Cauca;Cali;No oficial;Hombre;DESERTORES;0;0;0;30;122;0;93;84;82;80;62;77;88;83;90;106;94;92;101;117;36;207;134;145;143;134;112;154;92;158;153;140;128;149;113;117;125;138;144;129;170;97;107;70;67;39;23;27;16;20;20;13;14;8
1829;Universidad;Valle del Cauca;Palmira;No oficial;Mujer;DESERTORES;;;;;;;;;;;;0;0;7;3;15;11;18;32;27;26;39;29;87;42;14;31;61;18;80;267;33;34;40;31;153;65;39;75;81;65;95;18;63;70;87;76;63;109;85;88;79;95;84
1829;Universidad;Valle del Cauca;Palmira;No oficial;Hombre;DESERTORES;;;;;;;;;;;;0;0;1;3;14;10;8;22;4;16;15;21;41;26;8;19;39;14;47;212;17;26;38;24;128;47;47;59;91;64;93;16;52;46;35;24;29;65;36;22;21;12;18
1830;Universidad;Valle del Cauca;Cali;No oficial;Mujer;DESERTORES;0;0;55;109;143;129;119;131;130;134;111;124;137;173;180;169;215;216;174;429;170;196;250;254;289;283;291;284;217;312;289;284;302;408;360;342;358;339;416;435;384;420;404;448;449;493;486;419;446;340;418;424;429;380
1830;Universidad;Valle del Cauca;Cali;No oficial;Sin informaci¿n;DESERTORES;;;;;;;0;0;0;0;0;0;0;0;0;0;0;0;1;0;0;;1;1;0;0;;0;1;;;0;1;0;;;;;;;;;;;;;;;;;;;;
1830;Universidad;Valle del Cauca;Cali;No oficial;Hombre;DESERTORES;0;0;112;192;225;182;206;250;246;219;171;244;251;279;301;286;320;347;300;456;344;353;384;434;447;393;372;409;422;456;492;446;412;536;449;390;423;388;405;441;435;413;326;354;358;317;284;200;212;153;127;126;138;84
1831;Universidad;Tolima;Ibagué;No oficial;Mujer;DESERTORES;0;0;40;49;60;53;56;64;87;57;74;103;134;124;127;155;175;175;157;159;189;191;253;236;271;230;278;239;255;290;297;286;270;299;291;244;301;247;313;315;323;268;265;263;280;275;281;195;263;241;230;293;270;287
1831;Universidad;Tolima;Ibagué;No oficial;Hombre;DESERTORES;0;0;38;48;66;59;82;83;102;95;112;101;167;166;187;154;170;199;209;196;221;187;249;232;284;259;314;271;331;354;402;324;312;310;341;287;305;287;332;367;325;330;219;197;203;181;130;91;113;127;95;82;61;41
1832;Universidad;Bolívar;Cartagena de Indias;No oficial;Mujer;DESERTORES;0;0;97;74;112;103;73;78;108;79;64;45;78;53;66;76;104;100;143;117;128;135;152;86;107;138;221;291;376;338;432;202;188;218;212;208;360;278;313;385;362;312;397;482;361;275;226;173;196;209;199;221;270;284
1832;Universidad;Bolívar;Cartagena de Indias;No oficial;Hombre;DESERTORES;0;0;175;159;156;160;142;156;156;143;141;123;142;134;153;154;148;146;221;178;153;153;188;136;157;182;287;321;391;375;495;388;264;301;291;247;310;239;314;363;274;289;206;228;205;161;111;87;105;61;38;46;31;25
1833;Universidad;Córdoba;Montería;No oficial;Mujer;DESERTORES;0;0;117;95;138;206;156;252;292;302;193;314;230;392;143;282;158;310;165;312;179;273;230;264;205;264;229;268;230;243;215;261;244;226;286;223;269;274;253;291;302;287;346;338;349;400;410;354;352;370;343;312;446;358
1833;Universidad;Córdoba;Montería;No oficial;Sin informaci¿n;DESERTORES;;0;0;0;0;0;0;0;0;0;0;;0;;0;0;0;0;;;;;;;;;;;;;;;;;;;;;;;;;;;;;;;;;;;;
1833;Universidad;Córdoba;Montería;No oficial;Hombre;DESERTORES;0;0;58;34;121;137;160;167;244;206;208;236;207;289;167;230;173;199;144;213;151;206;156;186;140;184;183;195;193;196;200;240;225;193;225;225;274;253;272;408;299;308;260;313;285;296;262;247;239;172;155;147;140;83
1834;Universidad;Bolívar;Cartagena de Indias;No oficial;Mujer;DESERTORES;;;0;0;4;1;6;10;11;25;25;17;27;27;19;29;23;27;33;40;32;42;57;51;62;74;80;69;67;76;86;73;84;69;115;92;96;65;95;69;75;105;158;159;258;334;451;164;192;234;236;262;300;316
1834;Universidad;Bolívar;Cartagena de Indias;No oficial;Sin informaci¿n;DESERTORES;;;;;;;;;;;;;;;;;;;;;;;;;;;;;;;;;;;;;0;0;0;0;0;0;0;;0;0;0;;;;;;;
1834;Universidad;Bolívar;Cartagena de Indias;No oficial;Hombre;DESERTORES;;;0;0;8;1;6;11;2;17;14;15;32;27;22;27;25;30;21;33;28;27;20;28;39;38;48;34;53;56;52;49;60;69;55;72;80;95;70;74;91;123;115;129;143;165;176;75;87;105;85;101;111;86
1835;Universidad;"Bogotá, d. c.";"Bogotá, D.C.";No oficial;Mujer;DESERTORES;0;0;58;82;71;52;62;79;91;124;135;142;130;118;127;124;130;95;125;234;215;164;450;151;183;227;331;191;230;269;461;68;341;293;268;258;261;220;290;167;237;210;189;176;227;199;202;119;185;168;185;188;160;230
1835;Universidad;"Bogotá, d. c.";"Bogotá, D.C.";No oficial;Hombre;DESERTORES;0;0;61;68;75;59;65;70;84;95;131;105;125;113;139;108;135;101;152;207;190;160;331;121;207;189;264;180;227;287;424;65;303;277;233;271;247;179;285;188;211;207;163;162;139;135;145;68;107;75;68;58;30;39
2102;Universidad;"Bogotá, d. c.";"Bogotá, D.C.";Oficial;Mujer;DESERTORES;0;0;475;961;873;855;1083;1251;1486;1381;1993;2305;2431;2864;2936;6132;3467;1582;2021;3907;387;5494;4205;4476;5637;5031;4779;4266;5070;4662;5638;5957;5890;6272;6735;5892;6186;5770;6916;5859;6994;5081;6682;6573;6675;8586;6547;6788;6238;7565;11412;9708;13131;13543
2102;Universidad;"Bogotá, d. c.";"Bogotá, D.C.";Oficial;Sin informaci¿n;DESERTORES;;;;;;;;;;0;;;0;1;;0;2;0;0;0;0;0;0;1;0;1;0;0;1;1;0;2;0;0;1;0;0;0;0;1;0;0;0;0;0;0;0;0;;;;;;
2102;Universidad;"Bogotá, d. c.";"Bogotá, D.C.";Oficial;Hombre;DESERTORES;0;0;366;632;698;627;971;943;1264;1180;1653;1710;1754;2122;2043;4151;2478;1209;1835;2879;241;4485;3339;3570;4884;4322;4416;3764;4812;4247;5329;5235;5265;5448;6108;5334;6067;5416;6554;5229;6579;4659;5735;5353;5119;5748;4569;4807;3124;3901;4690;4358;4941;4428
2104;Institución universitaria/Escuela Tecnológica;"Bogotá, d. c.";"Bogotá, D.C.";Oficial;Mujer;DESERTORES;0;0;19;13;28;77;56;169;108;145;120;134;191;101;197;156;193;157;168;853;41;94;146;209;316;576;388;518;638;1152;286;537;840;1060;465;231;642;305;515;570;536;421;414;399;470;303;331;477;1592;1835;1133;1219;1006;716
2104;Institución universitaria/Escuela Tecnológica;"Bogotá, d. c.";"Bogotá, D.C.";Oficial;Sin informaci¿n;DESERTORES;;;;;;;;;;;;;;;;0;;;;;;;;;;;;;;;;;;;;;;;;;;;;;;;;;;;;;;
2104;Institución universitaria/Escuela Tecnológica;"Bogotá, d. c.";"Bogotá, D.C.";Oficial;Hombre;DESERTORES;0;0;23;26;51;85;85;171;151;120;121;148;196;112;228;135;198;167;155;796;80;67;113;118;195;330;250;359;461;831;205;306;424;709;297;187;368;252;442;592;381;371;317;289;344;197;181;295;827;873;580;605;456;309
2106;Institución universitaria/Escuela Tecnológica;"Bogotá, d. c.";"Bogotá, D.C.";Oficial;Mujer;DESERTORES;;;;;;;;;;;;;;;;;;;0;0;46;133;9;9;8;35;349;23;104;730;2;245;48;86;56;1126;1024;1;23;68;41;40;96;18;147;153;37;38;123;96;110;136;102;310
2106;Institución universitaria/Escuela Tecnológica;"Bogotá, d. c.";"Bogotá, D.C.";Oficial;Sin informaci¿n;DESERTORES;;;;;;;;;;;;;;;;;;;;;;;0;0;;;;;;;;;;;;;;;;;;;;;;;;;;;;;;
2106;Institución universitaria/Escuela Tecnológica;"Bogotá, d. c.";"Bogotá, D.C.";Oficial;Hombre;DESERTORES;0;0;0;0;0;0;;;;;0;1;0;0;;0;0;2;0;0;113;1291;67;36;32;96;798;210;294;2136;0;415;302;1416;149;3815;1192;1;24;312;113;66;85;13;284;250;22;57;67;52;28;55;19;114
2110;Institución universitaria/Escuela Tecnológica;Antioquia;Medellín;Oficial;Mujer;DESERTORES;0;0;3;133;53;57;93;146;124;100;132;120;115;124;128;143;160;84;172;99;177;157;134;124;119;118;148;145;169;164;207;135;129;150;130;153;117;160;158;169;212;112;286;323;341;425;244;335;417;440;379;383;394;387
2110;Institución universitaria/Escuela Tecnológica;Antioquia;Medellín;Oficial;Hombre;DESERTORES;0;0;1;16;15;18;28;27;23;24;34;21;53;23;47;45;51;47;74;38;71;45;57;56;58;50;89;84;90;95;103;90;84;135;107;125;132;173;148;205;203;125;194;184;159;248;142;143;159;163;145;153;84;106
2114;Institución universitaria/Escuela Tecnológica;Valle del Cauca;Cali;Oficial;Mujer;DESERTORES;0;0;7;5;25;32;44;73;121;96;83;50;41;24;58;53;19;44;37;35;33;39;40;19;86;0;50;5;69;35;42;43;42;38;50;49;76;102;119;112;130;152;158;175;135;193;145;110;118;134;97;161;130;152
2114;Institución universitaria/Escuela Tecnológica;Valle del Cauca;Cali;Oficial;Hombre;DESERTORES;0;0;1;2;1;4;2;17;53;46;35;70;15;8;32;29;26;31;27;41;44;47;40;18;93;1;78;6;107;68;84;77;81;75;93;79;80;109;108;140;117;149;112;125;85;96;68;46;35;42;29;27;42;25
2206;Institución universitaria/Escuela Tecnológica;Valle del Cauca;Cali;Oficial;Mujer;DESERTORES;0;0;2;5;5;14;4;14;14;17;15;19;19;19;12;15;23;24;27;24;24;23;29;41;25;17;20;20;31;28;36;36;35;21;23;34;31;34;33;29;29;26;26;30;38;23;17;38;36;38;31;46;43;43
2206;Institución universitaria/Escuela Tecnológica;Valle del Cauca;Cali;Oficial;Hombre;DESERTORES;0;0;3;12;7;13;11;15;16;11;14;12;25;26;23;16;25;13;16;22;12;14;22;34;22;20;25;27;28;31;30;44;38;27;40;53;37;33;45;30;49;40;25;23;44;28;14;41;33;21;29;23;25;23
2207;Institución universitaria/Escuela Tecnológica;Santander;Barrancabermeja;Oficial;Mujer;DESERTORES;0;0;128;35;90;34;105;103;103;85;113;108;147;19;40;487;53;46;57;305;134;132;111;132;153;138;192;172;279;241;197;147;216;199;230;261;254;269;339;374;313;301;282;305;285;245;168;210;277;333;294;350;358;446
2207;Institución universitaria/Escuela Tecnológica;Santander;Barrancabermeja;Oficial;Sin informaci¿n;DESERTORES;;;;;;;;;;;;;;;;;;0;;;;;;;;;;;;;;;;;;;;;;;;;;;;;;;;;;;;
2207;Institución universitaria/Escuela Tecnológica;Santander;Barrancabermeja;Oficial;Hombre;DESERTORES;0;0;207;63;122;29;150;160;159;113;151;175;208;33;76;731;67;57;70;324;119;101;122;140;120;138;144;155;220;193;162;118;187;158;214;220;252;250;304;286;304;241;231;215;212;173;112;110;132;169;85;92;79;62
2208;Institución universitaria/Escuela Tecnológica;Tolima;Ibagué;Oficial;Mujer;DESERTORES;0;0;0;0;0;0;0;0;3;0;4;2;3;4;7;3;4;2;4;5;3;8;6;7;4;8;6;10;12;4;4;7;9;11;8;6;5;10;3;7;12;5;4;9;9;11;5;27;23;36;23;28;37;24
2208;Institución universitaria/Escuela Tecnológica;Tolima;Ibagué;Oficial;Hombre;DESERTORES;0;0;0;0;0;1;0;1;13;10;8;3;8;14;25;10;17;11;9;10;10;16;6;15;13;18;23;30;11;22;21;37;20;31;18;13;18;7;13;11;11;6;7;5;10;5;1;18;6;12;8;5;4;6
2209;Institución universitaria/Escuela Tecnológica;Antioquia;Medellín;Oficial;Mujer;DESERTORES;0;0;487;516;515;514;516;569;513;440;576;622;488;559;704;642;525;604;605;1078;1640;388;978;312;759;543;520;558;554;698;535;952;556;623;680;951;584;909;534;819;654;839;652;715;799;704;863;609;998;783;653;816;915;791
2209;Institución universitaria/Escuela Tecnológica;Antioquia;Medellín;Oficial;Sin informaci¿n;DESERTORES;;;;;;;;;;;;;;;;;;;0;0;0;0;;;;;;;;;;;;;;;;;;;;;;;;;;;;;;;;
2209;Institución universitaria/Escuela Tecnológica;Antioquia;Medellín;Oficial;Hombre;DESERTORES;0;0;536;581;597;570;604;646;581;473;712;807;605;552;1003;822;687;680;819;1313;1403;547;1100;395;869;678;670;722;829;952;759;1214;802;869;839;1236;716;892;685;996;737;922;578;608;562;497;430;360;377;297;279;303;255;238
2211;Institución universitaria/Escuela Tecnológica;Bolívar;Cartagena de Indias;Oficial;Mujer;DESERTORES;;;;;;;;0;0;10;10;0;0;64;25;14;24;17;29;21;16;22;22;22;31;29;19;27;32;43;22;35;32;46;42;52;52;53;36;39;69;72;68;73;83;83;56;52;121;91;102;98;115;111
2211;Institución universitaria/Escuela Tecnológica;Bolívar;Cartagena de Indias;Oficial;Hombre;DESERTORES;;;;;;;;0;0;20;22;0;0;79;38;42;39;20;33;34;30;33;45;37;33;44;48;48;42;61;65;73;68;74;63;64;53;66;40;71;47;52;56;50;49;42;21;34;29;41;31;17;28;19
2301;Institución universitaria/Escuela Tecnológica;Valle del Cauca;Tuluá;Oficial;Mujer;DESERTORES;0;0;55;7;32;6;35;33;102;46;96;58;91;70;127;86;149;98;124;72;158;133;187;145;156;141;165;164;176;165;248;157;171;200;145;120;140;126;153;80;111;138;281;226;212;167;136;138;150;230;231;215;266;233
2301;Institución universitaria/Escuela Tecnológica;Valle del Cauca;Tuluá;Oficial;Hombre;DESERTORES;0;0;8;2;11;6;31;25;37;36;64;66;76;70;113;102;84;82;84;85;125;119;133;156;134;131;163;127;144;132;196;130;162;187;154;103;143;132;178;73;119;145;212;175;129;138;79;70;96;126;107;68;51;47
2302;Institución universitaria/Escuela Tecnológica;Antioquia;Envigado;Oficial;Mujer;DESERTORES;0;0;3;9;77;57;81;45;49;38;88;59;72;68;103;42;83;110;140;123;120;222;122;141;255;381;407;151;221;175;210;102;174;223;268;194;163;106;225;206;180;199;237;188;289;206;262;217;273;319;366;372;324;326
2302;Institución universitaria/Escuela Tecnológica;Antioquia;Envigado;Oficial;Hombre;DESERTORES;0;0;7;13;85;56;125;52;69;37;90;58;109;68;89;42;111;110;173;113;153;244;143;143;218;380;366;157;252;186;188;132;168;214;211;155;161;125;222;243;191;169;157;108;132;121;133;88;84;119;135;99;78;77
2701;Institución universitaria/Escuela Tecnológica;"Bogotá, d. c.";"Bogotá, D.C.";No oficial;Mujer;DESERTORES;0;0;0;0;9;0;0;9;23;23;55;45;47;49;33;28;26;24;29;23;33;26;38;35;101;62;41;51;63;63;63;67;68;101;55;82;59;57;88;56;45;46;43;55;52;58;49;73;62;66;88;81;122;93
2701;Institución universitaria/Escuela Tecnológica;"Bogotá, d. c.";"Bogotá, D.C.";No oficial;Sin informaci¿n;DESERTORES;;;;;;;;;;;;;;;;;;;;;;;;;0;;;;;;;;;;;;;;;;;;;;;;;;;;;;;
2701;Institución universitaria/Escuela Tecnológica;"Bogotá, d. c.";"Bogotá, D.C.";No oficial;Hombre;DESERTORES;0;0;0;0;0;0;0;2;7;8;24;21;12;9;10;11;5;12;9;13;21;6;9;9;36;24;35;20;39;33;35;37;31;30;32;46;46;41;47;23;38;22;33;32;24;29;13;16;14;14;17;21;15;10
2702;Institución universitaria/Escuela Tecnológica;"Bogotá, d. c.";"Bogotá, D.C.";No oficial;Mujer;DESERTORES;0;0;2;2;3;9;52;41;55;55;98;82;54;71;72;42;55;48;45;67;59;76;44;101;48;61;85;62;83;83;90;66;65;74;88;56;56;59;56;53;42;36;56;60;57;71;57;49;47;72;95;120;120;146
2702;Institución universitaria/Escuela Tecnológica;"Bogotá, d. c.";"Bogotá, D.C.";No oficial;Hombre;DESERTORES;0;0;0;0;0;3;7;7;20;16;24;19;27;15;8;20;28;17;23;30;21;21;8;29;11;19;16;22;19;26;12;21;14;27;54;44;52;56;36;43;46;57;49;37;27;22;20;13;10;20;22;24;10;22
2704;Institución universitaria/Escuela Tecnológica;"Bogotá, d. c.";"Bogotá, D.C.";No oficial;Mujer;DESERTORES;0;0;8;7;10;16;11;11;14;11;13;14;20;15;17;2;35;17;16;9;20;9;7;5;8;4;10;8;5;7;9;12;11;12;18;14;28;17;22;33;34;23;34;27;37;34;20;19;38;29;29;52;38;32
2704;Institución universitaria/Escuela Tecnológica;"Bogotá, d. c.";"Bogotá, D.C.";No oficial;Hombre;DESERTORES;0;0;7;12;14;11;27;13;23;16;18;28;37;21;14;0;42;16;19;6;25;10;16;10;19;8;20;13;15;22;15;16;11;33;25;26;25;31;34;23;20;17;8;8;2;2;3;4;1;1;1;1;1;2
2707;Institución universitaria/Escuela Tecnológica;"Bogotá, d. c.";"Bogotá, D.C.";No oficial;Mujer;DESERTORES;0;0;2;1;4;2;43;12;76;26;54;39;87;21;55;29;125;20;72;25;144;30;59;56;41;64;50;49;42;22;30;25;24;23;27;22;11;31;17;33;11;21;16;20;19;21;14;24;26;19;34;39;42;36
2707;Institución universitaria/Escuela Tecnológica;"Bogotá, d. c.";"Bogotá, D.C.";No oficial;Hombre;DESERTORES;0;0;1;0;2;0;20;10;57;15;38;24;62;11;43;19;97;14;70;13;83;33;43;48;36;23;25;27;27;32;23;14;10;12;14;10;21;24;20;8;11;40;14;12;8;5;12;10;6;7;4;3;4;1
2708;Universidad;Antioquia;Medellín;No oficial;Mujer;DESERTORES;0;0;2;9;4;0;14;5;4;2;19;22;40;15;52;14;31;30;37;53;64;44;45;53;103;53;68;78;55;75;73;101;76;67;80;75;67;61;75;80;103;105;118;125;153;131;84;97;126;173;242;239;215;209
2708;Universidad;Antioquia;Medellín;No oficial;Hombre;DESERTORES;0;0;1;3;1;0;15;4;3;1;15;18;22;16;32;8;16;27;29;33;44;33;31;51;64;35;38;45;38;42;30;95;43;52;67;60;60;74;63;61;97;98;74;73;73;61;12;29;16;26;34;24;17;17
2709;Institución universitaria/Escuela Tecnológica;"Bogotá, d. c.";"Bogotá, D.C.";No oficial;Mujer;DESERTORES;0;0;1175;253;449;407;359;188;399;302;426;233;327;201;301;218;317;202;118;77;417;733;1212;1342;1104;1885;1131;1078;1091;1233;1255;1192;1397;2488;1168;2570;217;133;117;99;73;75;92;116;174;250;234;179;169;216;210;259;336;324
2709;Institución universitaria/Escuela Tecnológica;"Bogotá, d. c.";"Bogotá, D.C.";No oficial;Sin informaci¿n;DESERTORES;;;;;;;;;;;;;;;;0;;;0;;;;;;;;;;;;;;;;;;;;;;;;;;;;;;;;;;;
2709;Institución universitaria/Escuela Tecnológica;"Bogotá, d. c.";"Bogotá, D.C.";No oficial;Hombre;DESERTORES;0;0;470;238;304;290;271;153;307;263;339;205;275;145;232;156;207;168;88;66;260;430;654;757;702;980;733;694;722;774;864;833;1013;1588;763;1441;145;92;91;67;65;66;68;82;87;108;87;81;50;57;50;60;59;56
2710;Institución universitaria/Escuela Tecnológica;"Bogotá, d. c.";"Bogotá, D.C.";No oficial;Mujer;DESERTORES;0;0;14;24;29;27;58;76;78;77;94;79;117;103;90;78;118;126;116;122;74;127;111;126;136;123;113;148;127;151;169;145;156;156;190;123;134;116;89;123;118;107;122;127;131;110;116;105;118;123;80;116;95;126
2710;Institución universitaria/Escuela Tecnológica;"Bogotá, d. c.";"Bogotá, D.C.";No oficial;Hombre;DESERTORES;0;0;1;0;0;0;3;5;4;6;6;7;13;15;19;14;16;30;22;17;12;40;35;21;26;22;23;26;42;48;72;73;89;65;86;61;68;67;62;88;82;100;76;84;45;58;64;37;31;43;27;18;22;23
2711;Universidad;Risaralda;Pereira;No oficial;Mujer;DESERTORES;0;0;38;39;52;66;65;59;83;73;127;73;73;90;88;152;89;96;88;85;107;102;116;102;118;84;144;111;88;78;118;83;81;145;95;121;63;146;78;170;100;101;100;93;134;187;147;83;159;159;157;145;142;141
2711;Universidad;Risaralda;Pereira;No oficial;Hombre;DESERTORES;0;0;21;26;35;24;33;43;68;50;79;63;59;73;72;125;70;87;99;80;114;97;101;96;95;87;104;94;87;73;89;76;89;119;93;92;109;80;94;118;103;100;83;64;82;82;51;30;28;37;34;25;20;19
2712;Institución universitaria/Escuela Tecnológica;"Bogotá, d. c.";"Bogotá, D.C.";No oficial;Mujer;DESERTORES;0;0;39;57;93;69;88;85;87;95;93;85;104;107;126;123;102;85;84;102;86;68;86;103;105;117;127;112;126;123;140;147;152;149;155;171;151;129;128;91;115;88;113;138;129;169;141;132;129;138;125;160;176;192
2712;Institución universitaria/Escuela Tecnológica;"Bogotá, d. c.";"Bogotá, D.C.";No oficial;Hombre;DESERTORES;0;0;9;18;26;35;29;31;25;49;35;46;48;44;49;58;74;62;49;52;53;50;55;57;60;74;62;81;78;87;92;81;98;115;92;126;131;128;132;186;129;137;85;97;90;96;63;72;63;40;39;42;17;37
2713;Institución universitaria/Escuela Tecnológica;"Bogotá, d. c.";"Bogotá, D.C.";No oficial;Mujer;DESERTORES;0;0;440;2;307;13;156;133;17;555;67;81;117;190;205;321;117;158;203;723;340;708;379;621;469;529;586;615;605;643;556;650;566;705;590;540;596;546;560;562;504;453;392;356;320;428;511;270;378;352;434;424;462;518
2713;Institución universitaria/Escuela Tecnológica;"Bogotá, d. c.";"Bogotá, D.C.";No oficial;Sin informaci¿n;DESERTORES;0;;0;;;;;;;;;;;;;0;1;0;0;1;0;1;;;0;;;;;;;;;;;;0;0;0;;;;;;;;;;;;;;;
2713;Institución universitaria/Escuela Tecnológica;"Bogotá, d. c.";"Bogotá, D.C.";No oficial;Hombre;DESERTORES;0;0;413;0;146;7;77;141;16;350;38;70;121;183;148;135;82;93;121;489;296;510;402;680;433;492;543;542;624;611;617;698;679;584;598;523;606;544;565;546;459;409;366;341;280;301;301;182;177;183;163;150;134;119
2715;Institución universitaria/Escuela Tecnológica;Cauca;Popayán;No oficial;Mujer;DESERTORES;;;;0;0;10;11;24;19;17;27;26;22;26;36;38;33;24;16;23;35;37;20;40;40;57;63;68;98;267;107;137;151;308;190;194;209;231;264;443;270;298;331;299;388;282;495;321;316;327;385;378;387;396
2715;Institución universitaria/Escuela Tecnológica;Cauca;Popayán;No oficial;Sin informaci¿n;DESERTORES;;;;;;;;;;;;;;;;;;;;;;;;;;;0;0;0;0;0;0;0;0;0;;;;;;;;;;;;;;;;;;;
2715;Institución universitaria/Escuela Tecnológica;Cauca;Popayán;No oficial;Hombre;DESERTORES;;;;0;0;16;20;25;20;22;34;36;39;38;55;44;60;35;36;26;33;41;22;76;40;61;65;71;120;201;114;135;184;253;183;225;217;229;242;404;258;251;270;239;244;168;235;224;183;175;188;150;137;129
2719;Universidad;Antioquia;Medellín;No oficial;Mujer;DESERTORES;0;0;147;215;287;341;321;393;397;396;441;420;440;377;389;348;330;293;342;320;376;425;435;430;388;387;448;451;437;401;488;448;476;441;444;477;431;448;537;556;447;508;662;592;599;610;727;600;611;667;678;697;668;610
2719;Universidad;Antioquia;Medellín;No oficial;Hombre;DESERTORES;0;0;10;37;51;55;80;75;94;113;97;126;129;157;149;154;155;148;147;185;182;212;211;264;253;260;267;288;248;292;283;295;311;319;333;303;342;367;412;423;440;379;360;366;361;352;337;311;277;276;253;265;200;175
2720;Institución universitaria/Escuela Tecnológica;Boyacá;Tunja;No oficial;Mujer;DESERTORES;0;0;18;54;71;23;31;129;1;0;21;28;5;9;19;15;19;15;17;12;44;75;33;44;58;49;54;60;48;36;43;53;28;146;57;61;127;138;202;163;157;184;149;134;139;197;251;148;132;124;146;150;156;143
2720;Institución universitaria/Escuela Tecnológica;Boyacá;Tunja;No oficial;Sin informaci¿n;DESERTORES;;;;;;;;;0;0;;;1;1;;0;;;;;;;;;;;;;;;;;;;;;;;;;;;;;;;;;;;;;;
2720;Institución universitaria/Escuela Tecnológica;Boyacá;Tunja;No oficial;Hombre;DESERTORES;0;0;17;20;29;9;15;;100;1;54;52;12;18;36;27;28;31;32;34;48;83;56;34;74;89;57;41;65;45;83;64;26;155;48;58;122;115;187;138;157;175;116;92;83;95;110;79;62;77;63;45;54;22
2721;Institución universitaria/Escuela Tecnológica;Antioquia;Medellín;No oficial;Mujer;DESERTORES;0;0;30;184;23;2;19;8;11;17;19;18;23;23;27;19;39;22;32;36;39;136;180;158;184;174;313;186;121;281;123;153;172;136;260;161;151;138;159;76;89;101;171;125;136;143;113;110;142;172;202;217;267;213
2721;Institución universitaria/Escuela Tecnológica;Antioquia;Medellín;No oficial;Hombre;DESERTORES;0;0;7;5;5;0;3;2;4;9;9;2;9;6;15;7;13;11;22;19;2;52;66;47;69;56;126;73;45;83;60;48;74;47;92;72;82;136;119;100;89;114;92;75;95;74;78;61;90;78;83;68;61;60
2722;Institución universitaria/Escuela Tecnológica;Cauca;Puerto Tejada;No oficial;Mujer;DESERTORES;;;;;;;;;;;;;;;;;;;0;0;4;0;;0;22;16;;;;;;;;;;;;;;;;;;;;;;;;;;;;
2722;Institución universitaria/Escuela Tecnológica;Cauca;Puerto Tejada;No oficial;Hombre;DESERTORES;;;;;;;;;;;;;;;;;;;0;0;2;0;;0;2;10;;;;;;;;;;;;;;;;;;;;;;;;;;;;
2723;Institución universitaria/Escuela Tecnológica;"Bogotá, d. c.";"Bogotá, D.C.";No oficial;Mujer;DESERTORES;0;0;4;21;23;27;33;32;29;35;35;40;8;23;99;51;47;35;35;43;71;47;91;154;214;25;51;82;44;53;34;165;137;130;157;137;120;210;161;144;160;166;163;166;172;180;208;182;231;191;171;223;165;250
2723;Institución universitaria/Escuela Tecnológica;"Bogotá, d. c.";"Bogotá, D.C.";No oficial;Hombre;DESERTORES;0;0;15;32;47;28;29;43;47;47;46;78;14;39;127;73;65;57;40;55;68;45;131;136;235;66;49;103;64;81;21;145;155;175;199;191;152;230;219;192;213;231;192;190;153;175;202;144;154;132;123;110;86;95
2724;Institución universitaria/Escuela Tecnológica;Santander;San Gil;No oficial;Mujer;DESERTORES;0;0;57;37;56;57;66;89;93;63;54;52;82;76;115;92;174;66;92;111;106;141;168;146;211;189;192;184;242;237;251;245;315;233;257;269;217;209;237;223;179;180;222;191;231;224;230;154;152;143;185;203;188;167
2724;Institución universitaria/Escuela Tecnológica;Santander;San Gil;No oficial;Hombre;DESERTORES;0;0;5;15;14;36;21;35;45;39;23;34;45;45;56;53;124;46;71;65;72;111;126;92;182;138;161;122;173;168;203;204;201;233;223;194;226;175;235;188;199;168;150;148;141;134;145;110;91;85;90;65;84;53
2725;Institución universitaria/Escuela Tecnológica;"Bogotá, d. c.";"Bogotá, D.C.";No oficial;Mujer;DESERTORES;0;0;618;469;591;485;329;248;286;285;255;285;273;286;278;284;267;302;297;1093;311;317;477;710;698;851;1041;1706;1085;1262;1483;1932;2232;2070;2741;3076;2687;2783;3071;2943;3052;3573;3662;3709;4314;4063;4371;3516;3478;3173;3544;3965;3914;4408
2725;Institución universitaria/Escuela Tecnológica;"Bogotá, d. c.";"Bogotá, D.C.";No oficial;Sin informaci¿n;DESERTORES;0;0;;0;;;0;1;0;0;;;;;;;;;;;;;;;;0;;;;1;1;0;;;;;;;;;;;;;;;;;;;;;;
2725;Institución universitaria/Escuela Tecnológica;"Bogotá, d. c.";"Bogotá, D.C.";No oficial;Hombre;DESERTORES;0;0;354;250;331;300;389;380;303;321;319;340;365;316;341;296;302;286;324;1193;320;330;487;574;585;702;871;1029;889;981;1101;1378;1586;1523;1886;2337;1883;1930;2201;2276;2497;2672;2731;2600;3113;2864;2928;2465;2240;1934;1947;2254;2091;2494
2727;Institución universitaria/Escuela Tecnológica;Antioquia;Sabaneta;No oficial;Mujer;DESERTORES;0;0;13;47;22;65;24;79;70;67;52;47;109;100;91;126;385;114;138;64;49;49;62;60;87;85;109;112;201;156;283;176;213;248;309;310;377;418;643;419;332;310;296;468;463;586;516;401;308;419;368;513;374;610
2727;Institución universitaria/Escuela Tecnológica;Antioquia;Sabaneta;No oficial;Hombre;DESERTORES;0;0;15;28;14;52;18;62;56;55;35;63;66;64;70;100;132;67;61;50;21;28;32;51;60;57;67;81;156;112;132;129;132;163;203;204;247;263;391;287;242;211;187;298;274;341;251;237;165;199;184;255;159;228
2728;Institución universitaria/Escuela Tecnológica;"Bogotá, d. c.";"Bogotá, D.C.";No oficial;Mujer;DESERTORES;0;0;58;120;123;168;216;213;194;173;302;198;220;247;247;147;245;201;229;286;231;207;329;345;346;371;339;340;395;391;418;414;550;672;628;722;661;842;1079;1294;1160;1408;1659;1643;2048;2435;2867;2312;3100;2692;3030;3190;3328;1924
2728;Institución universitaria/Escuela Tecnológica;"Bogotá, d. c.";"Bogotá, D.C.";No oficial;Sin informaci¿n;DESERTORES;;;;;;;;;;;;;;;0;0;0;0;0;;;;;;;;;;;;;;;;;;;;;;;;;;;;;;;;;;;
2728;Institución universitaria/Escuela Tecnológica;"Bogotá, d. c.";"Bogotá, D.C.";No oficial;Hombre;DESERTORES;0;0;12;33;22;27;57;49;46;47;104;85;99;65;78;66;86;99;131;213;113;99;183;176;205;182;308;197;279;255;303;243;384;436;384;474;393;626;840;898;745;1007;1239;1132;1323;1619;1809;1577;1981;1519;1498;1443;1371;803
2730;Institución universitaria/Escuela Tecnológica;"Bogotá, d. c.";"Bogotá, D.C.";No oficial;Mujer;DESERTORES;0;0;25;21;26;34;23;37;36;57;32;31;39;46;31;30;10;14;12;15;9;22;37;35;25;17;19;14;30;19;17;27;26;24;28;16;30;20;27;27;19;25;24;22;17;19;31;15;21;19;32;31;27;35
2730;Institución universitaria/Escuela Tecnológica;"Bogotá, d. c.";"Bogotá, D.C.";No oficial;Hombre;DESERTORES;0;0;0;1;0;2;0;4;2;3;1;3;1;0;2;1;0;3;2;2;0;3;1;0;1;1;3;0;5;6;6;3;5;3;4;7;14;10;12;15;13;15;25;7;8;14;9;6;8;8;7;6;10;7
2731;Institución universitaria/Escuela Tecnológica;Valle del Cauca;Cali;No oficial;Mujer;DESERTORES;0;0;5;7;2;4;2;11;23;7;17;11;12;12;16;28;24;36;104;77;220;150;158;176;193;152;154;26;75;69;103;92;92;111;133;129;89;131;189;183;144;185;224;253;269;423;507;432;202;267;220;312;270;174
2731;Institución universitaria/Escuela Tecnológica;Valle del Cauca;Cali;No oficial;Hombre;DESERTORES;0;0;3;4;3;7;9;8;28;11;11;24;15;10;33;35;33;44;78;72;172;145;139;186;182;159;136;45;95;130;90;89;81;68;126;105;95;132;141;170;140;135;184;188;172;269;239;167;111;153;111;111;95;77
2732;Institución universitaria/Escuela Tecnológica;Antioquia;Santa Rosa de Osos;No oficial;Mujer;DESERTORES;;;;;0;0;;0;0;0;0;0;152;93;67;59;49;37;49;64;23;16;42;47;239;95;147;137;69;153;152;136;157;206;353;249;203;162;143;211;202;156;274;231;211;186;165;187;299;350;419;408;341;310
2732;Institución universitaria/Escuela Tecnológica;Antioquia;Santa Rosa de Osos;No oficial;Sin informaci¿n;DESERTORES;;;;;;;;;;;;;;;;;;;;;;;;;;;0;0;0;0;0;0;0;0;0;0;;;;;;;;;;;;0;0;0;0;;;
2732;Institución universitaria/Escuela Tecnológica;Antioquia;Santa Rosa de Osos;No oficial;Hombre;DESERTORES;;;;;;;;;;;0;0;84;79;66;68;82;50;85;75;13;31;32;77;196;110;107;128;86;184;167;171;182;206;283;239;235;162;163;215;173;164;190;167;177;118;118;145;176;178;207;174;159;143
2733;Institución universitaria/Escuela Tecnológica;"Bogotá, d. c.";"Bogotá, D.C.";No oficial;Mujer;DESERTORES;;;;;;;0;0;0;1;2;1;4;4;3;3;4;2;2;7;0;12;11;11;11;15;15;11;21;12;8;16;26;27;7;9;7;10;35;9;21;28;30;23;11;9;15;24;9;10;12;12;14;19
2733;Institución universitaria/Escuela Tecnológica;"Bogotá, d. c.";"Bogotá, D.C.";No oficial;Hombre;DESERTORES;;;;;;;0;0;9;6;15;7;9;11;6;22;11;19;15;18;1;40;31;40;27;35;48;36;14;54;24;36;25;38;8;21;5;9;8;16;18;22;14;23;5;18;12;7;11;11;6;7;8;5
2736;Institución universitaria/Escuela Tecnológica;Antioquia;Medellín;No oficial;Mujer;DESERTORES;;;;;;;;;0;0;1;0;0;0;3;0;3;0;2;2;0;4;2;4;0;3;2;2;0;1;0;2;3;0;6;6;4;3;6;7;7;5;8;10;9;11;5;9;5;18;8;11;8;11
2736;Institución universitaria/Escuela Tecnológica;Antioquia;Medellín;No oficial;Hombre;DESERTORES;;;;;;;;;0;0;2;0;2;0;1;1;1;2;5;2;5;8;6;3;6;7;7;1;1;3;3;2;6;3;8;10;5;12;15;9;7;7;8;9;9;9;2;6;4;4;9;12;6;6
2737;Institución universitaria/Escuela Tecnológica;Risaralda;Pereira;No oficial;Mujer;DESERTORES;0;0;61;2;2;6;8;3;8;6;6;7;16;20;49;45;54;65;68;129;74;76;113;102;132;199;167;147;157;164;212;166;150;148;150;159;109;138;174;262;183;215;230;215;236;236;248;264;388;278;315;335;340;132
2737;Institución universitaria/Escuela Tecnológica;Risaralda;Pereira;No oficial;Sin informaci¿n;DESERTORES;;;;;;;;;;;;;;;;;;;;;;;;;;;0;0;;;;;;;;;0;1;0;0;0;0;0;0;0;0;;;;;;;;
2737;Institución universitaria/Escuela Tecnológica;Risaralda;Pereira;No oficial;Hombre;DESERTORES;0;0;0;0;2;0;0;1;2;7;2;3;10;7;16;22;10;28;26;53;47;43;56;52;86;95;95;83;85;117;124;94;101;117;133;136;120;127;171;195;146;184;224;148;156;160;126;133;158;81;95;73;77;53
2738;Institución universitaria/Escuela Tecnológica;"Bogotá, d. c.";"Bogotá, D.C.";No oficial;Mujer;DESERTORES;;;;;;;0;0;0;0;0;3;3;8;19;15;13;15;38;19;26;28;38;31;45;39;51;33;55;42;45;43;46;54;77;86;70;68;61;87;70;63;66;66;79;78;79;67;69;77;92;83;59;51
2738;Institución universitaria/Escuela Tecnológica;"Bogotá, d. c.";"Bogotá, D.C.";No oficial;Hombre;DESERTORES;;;;;;;0;0;0;0;1;10;3;6;27;11;10;31;27;37;18;32;40;20;50;39;40;45;50;44;49;48;44;60;63;70;73;73;76;86;47;56;62;46;79;49;67;27;28;25;18;22;9;9
2739;Institución universitaria/Escuela Tecnológica;Antioquia;Apartadó;No oficial;Mujer;DESERTORES;;;;;;;;;;;0;0;1;16;9;4;6;4;0;0;5;3;1;10;13;8;7;4;4;0;0;4;2;2;2;5;0;10;5;10;16;14;30;26;37;37;45;29;40;37;99;0;26;114
2739;Institución universitaria/Escuela Tecnológica;Antioquia;Apartadó;No oficial;Hombre;DESERTORES;;;;;;;;;;;0;0;8;6;1;0;3;0;0;0;4;0;1;5;5;4;2;5;2;0;0;1;3;2;1;2;1;7;9;6;23;19;20;21;19;17;8;14;8;10;10;0;;5
2740;Institución universitaria/Escuela Tecnológica;"Bogotá, d. c.";"Bogotá, D.C.";No oficial;Mujer;DESERTORES;;;;;;;;;;;;;0;0;5;1;11;4;4;0;5;13;9;1;10;12;5;3;11;7;8;5;12;7;4;5;7;5;10;10;4;8;8;7;14;13;12;6;12;16;8;10;9;7
2740;Institución universitaria/Escuela Tecnológica;"Bogotá, d. c.";"Bogotá, D.C.";No oficial;Hombre;DESERTORES;;;;;;;;;;;;;0;0;3;2;2;6;2;1;4;8;0;3;10;3;4;2;1;5;3;5;5;3;1;5;3;1;5;7;8;6;4;1;5;9;3;6;10;6;9;2;0;2
2741;Institución universitaria/Escuela Tecnológica;Tolima;Espinal;No oficial;Mujer;DESERTORES;;;;;;;;;;0;0;9;0;5;72;13;28;23;18;12;16;5;23;193;46;8;17;32;28;36;25;16;17;17;16;21;23;13;17;16;23;16;14;19;20;31;47;13;42;35;38;29;32;31
2741;Institución universitaria/Escuela Tecnológica;Tolima;Espinal;No oficial;Sin informaci¿n;DESERTORES;;;;;;;;;;0;0;0;0;;;;;;;;;;;;;;;;;;;;;;;;;0;1;0;0;0;0;0;0;0;0;;;0;;;;
2741;Institución universitaria/Escuela Tecnológica;Tolima;Espinal;No oficial;Hombre;DESERTORES;;;;;;;;;;0;0;1;0;0;10;9;22;13;16;6;4;2;11;71;13;11;14;20;23;12;14;13;5;8;15;8;26;14;13;17;19;13;9;9;15;7;17;8;12;11;21;5;8;6
2743;Universidad;Casanare;Yopal;Oficial;Mujer;DESERTORES;;;;;;;;;;;0;0;3;7;19;13;11;4;14;16;28;31;141;97;77;66;69;58;67;69;67;83;75;91;123;128;123;91;96;78;99;127;99;108;119;90;232;147;142;81;85;142;180;156
2743;Universidad;Casanare;Yopal;Oficial;Hombre;DESERTORES;;;;;;;;;;;0;0;2;6;13;13;6;6;3;5;31;28;138;98;87;63;81;51;86;67;85;96;91;78;120;141;127;75;124;119;112;77;71;78;70;58;91;65;59;33;42;56;46;18
2744;Institución tecnológica;Nariño;Pasto;No oficial;Mujer;DESERTORES;;;;;;;0;0;31;27;17;63;49;115;97;109;92;93;98;68;49;225;93;125;111;119;122;117;141;132;154;230;205;241;186;173;204;202;187;236;207;259;278;229;232;281;412;268;274;290;240;250;295;312
2744;Institución tecnológica;Nariño;Pasto;No oficial;Sin informaci¿n;DESERTORES;;;;;;;;;;;;;;;;;;;;;;;;;;;0;0;6;2;0;0;1;1;0;2;0;3;7;2;0;1;;;;2;;;;;;;;
2744;Institución tecnológica;Nariño;Pasto;No oficial;Hombre;DESERTORES;;;;;;;0;0;29;46;21;83;93;124;128;120;120;105;132;69;41;234;118;124;127;140;129;124;155;166;183;208;213;249;198;182;178;206;261;266;231;280;279;222;173;219;244;194;171;179;154;107;99;80
2745;Institución universitaria/Escuela Tecnológica;"Bogotá, d. c.";"Bogotá, D.C.";No oficial;Mujer;DESERTORES;;;;;;;;;;;;;;;;;;;0;0;202;259;292;444;350;371;379;442;497;378;537;382;454;513;594;582;574;428;441;435;477;490;471;431;370;427;433;331;387;464;593;679;747;955
2745;Institución universitaria/Escuela Tecnológica;"Bogotá, d. c.";"Bogotá, D.C.";No oficial;Hombre;DESERTORES;;;;;;;;;;;;;;;;;;;0;0;176;215;329;384;409;423;474;515;525;454;580;432;511;524;695;611;532;449;500;449;497;490;432;392;317;308;314;260;301;273;362;354;323;377
2746;Institución universitaria/Escuela Tecnológica;"Bogotá, d. c.";"Bogotá, D.C.";No oficial;Mujer;DESERTORES;;;;;;;;;;;;;;;;0;0;4;20;10;25;36;19;33;17;43;39;72;32;59;57;28;31;34;29;26;27;39;26;42;20;25;33;36;58;54;54;46;53;58;62;42;52;43
2746;Institución universitaria/Escuela Tecnológica;"Bogotá, d. c.";"Bogotá, D.C.";No oficial;Hombre;DESERTORES;;;;;;;;;;;;;;;;0;0;2;8;7;7;11;8;17;6;11;22;19;18;18;18;12;9;17;8;15;23;30;19;14;30;50;30;23;11;11;15;11;6;11;12;4;7;3
2747;Institución universitaria/Escuela Tecnológica;Antioquia;Medellín;No oficial;Mujer;DESERTORES;0;;0;0;105;82;94;553;85;58;79;48;72;68;74;90;127;107;75;104;125;123;158;113;128;156;160;153;167;218;220;221;188;212;199;152;12;268;151;125;150;164;185;139;218;204;268;136;184;128;155;152;144;142
2747;Institución universitaria/Escuela Tecnológica;Antioquia;Medellín;No oficial;Hombre;DESERTORES;;;0;0;64;54;93;254;53;49;38;39;61;62;63;54;98;87;63;75;109;95;128;97;99;102;133;126;128;187;181;180;181;184;161;113;8;254;135;125;151;117;125;112;122;110;122;79;74;47;39;35;35;25
2748;Institución universitaria/Escuela Tecnológica;Valle del Cauca;Cali;No oficial;Mujer;DESERTORES;;;;;;;;;;;;0;0;0;0;0;1;9;9;3;4;5;15;10;8;16;3;13;18;26;15;27;20;17;16;26;19;19;32;34;62;0;20;31;25;30;33;16;17;12;25;23;19;28
2748;Institución universitaria/Escuela Tecnológica;Valle del Cauca;Cali;No oficial;Hombre;DESERTORES;;;;;;;;;;;;0;0;0;0;0;7;11;7;4;12;7;16;16;11;57;13;30;40;41;24;32;46;30;32;29;33;27;28;45;57;4;27;21;31;39;33;23;27;17;13;16;9;32
2749;Institución universitaria/Escuela Tecnológica;Antioquia;Medellín;No oficial;Mujer;DESERTORES;0;0;47;14;27;21;28;20;28;20;16;13;21;35;27;33;45;22;41;45;56;55;80;75;91;117;98;143;144;180;170;154;174;203;253;218;217;249;238;291;261;218;259;252;232;257;309;158;229;214;254;229;208;188
2749;Institución universitaria/Escuela Tecnológica;Antioquia;Medellín;No oficial;Hombre;DESERTORES;0;0;11;3;36;22;37;30;32;28;28;21;43;46;42;42;53;51;75;72;98;66;86;69;104;101;140;137;181;170;200;177;184;196;200;219;236;241;232;229;252;207;197;217;171;224;178;129;126;161;126;126;101;73
2805;Universidad;Atlántico;Barranquilla;No oficial;Mujer;DESERTORES;0;0;979;745;3594;923;922;928;1251;1100;1281;1049;962;843;1782;631;714;508;569;512;901;702;699;678;868;716;885;678;1561;1025;603;973;683;638;697;588;586;704;742;661;617;492;568;510;548;638;731;339;487;449;579;673;713;706
2805;Universidad;Atlántico;Barranquilla;No oficial;Hombre;DESERTORES;0;0;111;139;929;157;244;295;435;395;464;478;494;402;919;350;397;336;338;329;696;378;442;388;524;468;582;419;1003;697;323;588;484;489;489;468;503;518;551;484;539;449;373;373;339;294;312;182;192;175;198;147;155;116
2810;Universidad;Atlántico;Barranquilla;No oficial;Mujer;DESERTORES;0;0;22;4;6;1;147;160;221;175;210;221;241;216;246;215;201;159;291;606;227;222;285;406;311;307;348;345;342;406;454;451;460;493;526;502;541;560;474;577;529;580;536;497;601;577;771;449;557;506;529;566;1456;722
2810;Universidad;Atlántico;Barranquilla;No oficial;Sin informaci¿n;DESERTORES;;;;;;0;;;;;;;;;;;;;;;;;;;;;;;;;;;;;;;;;;;;;;;;;;;;;;;;
2810;Universidad;Atlántico;Barranquilla;No oficial;Hombre;DESERTORES;0;0;6;1;4;2;203;226;321;306;338;306;368;326;312;285;275;200;267;427;282;268;360;444;381;334;374;354;453;461;494;496;572;562;534;488;604;527;481;607;575;550;483;491;412;429;468;302;266;318;255;221;251;238
2811;Universidad;"Bogotá, d. c.";"Bogotá, D.C.";No oficial;Mujer;DESERTORES;0;0;26;34;45;57;114;90;89;50;75;74;94;90;101;83;149;109;141;118;135;137;156;136;141;167;115;118;131;173;113;69;124;93;273;306;299;199;165;144;221;158;252;185;200;193;180;125;157;197;246;198;186;174
2811;Universidad;"Bogotá, d. c.";"Bogotá, D.C.";No oficial;Hombre;DESERTORES;0;0;94;99;190;194;303;243;258;156;215;237;258;269;288;260;288;194;261;226;268;352;308;268;326;331;275;243;346;348;266;223;336;225;284;242;156;130;218;213;176;119;92;91;76;63;21;37;30;29;29;19;22;14
2812;Universidad;"Bogotá, d. c.";"Bogotá, D.C.";No oficial;Mujer;DESERTORES;0;0;943;65;104;108;178;178;202;38;373;128;129;159;115;731;143;151;169;164;234;263;328;317;328;298;336;309;403;407;359;316;261;270;281;258;296;293;289;298;284;267;317;346;370;408;357;365;412;362;676;912;650;683
2812;Universidad;"Bogotá, d. c.";"Bogotá, D.C.";No oficial;Hombre;DESERTORES;0;0;98;65;66;101;133;122;169;13;203;119;117;93;90;286;119;118;137;122;175;184;223;211;257;216;218;210;231;230;281;241;185;247;198;215;226;260;268;237;229;234;236;253;261;294;193;234;214;159;265;351;229;217
2813;Universidad;Antioquia;Envigado;No oficial;Mujer;DESERTORES;0;0;0;19;15;12;17;9;14;6;36;4;16;10;23;12;28;34;38;26;36;44;40;38;49;25;43;24;48;34;43;35;38;30;40;27;51;39;76;49;71;35;67;74;84;53;55;68;106;122;130;96;62;77
2813;Universidad;Antioquia;Envigado;No oficial;Hombre;DESERTORES;0;0;1;22;11;10;23;20;19;5;17;8;18;11;23;23;33;27;56;40;49;49;75;36;74;41;57;43;44;37;51;68;65;39;48;38;54;29;59;49;53;33;25;20;20;6;6;6;10;10;3;2;3;4
2815;Institución universitaria/Escuela Tecnológica;Antioquia;Medellín;No oficial;Mujer;DESERTORES;0;0;36;13;29;39;46;193;41;34;88;44;69;32;39;52;58;46;39;33;53;41;54;33;56;86;48;41;55;44;45;48;58;70;63;39;49;52;62;88;57;51;53;67;75;66;74;85;63;75;75;75;97;102
2815;Institución universitaria/Escuela Tecnológica;Antioquia;Medellín;No oficial;Hombre;DESERTORES;0;0;72;5;22;27;39;151;25;43;67;45;65;39;27;81;44;33;40;42;67;48;58;58;60;99;47;49;57;46;67;61;69;93;42;46;65;67;66;63;42;58;48;60;39;53;30;42;21;34;27;29;17;20
2818;Institución universitaria/Escuela Tecnológica;Risaralda;Santa Rosa de Cabal;No oficial;Mujer;DESERTORES;;;;;;;;;0;0;226;16;57;34;27;23;71;43;38;47;62;38;48;86;52;203;102;112;52;85;53;39;60;129;57;73;60;89;96;70;48;31;44;48;77;69;76;73;101;74;77;64;70;70
2818;Institución universitaria/Escuela Tecnológica;Risaralda;Santa Rosa de Cabal;No oficial;Hombre;DESERTORES;;;;;;;;;0;0;221;21;53;37;64;33;83;45;46;52;63;57;67;79;76;200;132;158;80;104;93;86;92;134;85;91;59;68;104;75;53;37;27;37;44;32;37;24;41;31;28;10;16;23
2820;Institución universitaria/Escuela Tecnológica;Antioquia;Caldas;No oficial;Mujer;DESERTORES;0;0;9;17;36;41;5;22;19;32;31;55;30;40;35;25;29;23;54;60;45;45;44;33;43;42;81;42;43;50;83;67;77;62;77;51;68;17;150;63;81;56;90;107;101;72;84;73;100;110;161;136;148;125
2820;Institución universitaria/Escuela Tecnológica;Antioquia;Caldas;No oficial;Hombre;DESERTORES;0;0;13;20;26;50;11;36;46;48;68;72;59;96;61;70;52;76;89;113;78;62;67;55;66;67;115;76;51;48;92;72;62;67;80;37;53;28;148;53;77;50;60;49;65;34;28;37;35;25;33;39;22;23
2823;Institución universitaria/Escuela Tecnológica;Sucre;Sincelejo;No oficial;Mujer;DESERTORES;0;0;11;0;0;1;0;54;169;112;204;137;187;147;91;95;95;188;267;194;175;206;280;270;283;292;323;345;385;439;505;485;525;450;486;626;581;624;551;611;732;665;613;1129;868;1168;1007;680;706;551;569;644;625;602
2823;Institución universitaria/Escuela Tecnológica;Sucre;Sincelejo;No oficial;Hombre;DESERTORES;0;;;;;0;6;37;142;90;161;124;154;94;89;76;93;125;164;172;159;152;251;233;239;245;252;224;282;375;397;428;381;345;382;448;439;419;491;596;547;473;491;668;472;537;486;279;297;290;232;245;178;137
2824;Institución universitaria/Escuela Tecnológica;"Bogotá, d. c.";"Bogotá, D.C.";No oficial;Mujer;DESERTORES;;;;;;;;;;;;;;;;;;;0;0;46;124;143;126;221;135;11;267;60;74;70;71;185;68;122;206;46;147;121;3;40;38;31;35;16;19;30;21;12;11;;;;
2824;Institución universitaria/Escuela Tecnológica;"Bogotá, d. c.";"Bogotá, D.C.";No oficial;Hombre;DESERTORES;;;;;;;;;;;;;;;;;;;0;0;25;89;82;79;163;83;4;131;44;56;50;59;117;55;73;155;44;150;111;4;34;27;41;33;15;24;27;18;9;13;;;;
2825;Institución universitaria/Escuela Tecnológica;Bolívar;Cartagena de Indias;No oficial;Mujer;DESERTORES;0;0;146;117;103;140;136;140;242;82;98;214;304;446;343;378;333;316;295;322;283;382;341;322;299;271;273;337;223;362;238;292;300;457;263;326;236;223;217;227;249;298;242;222;214;223;390;112;150;171;140;185;179;174
2825;Institución universitaria/Escuela Tecnológica;Bolívar;Cartagena de Indias;No oficial;Hombre;DESERTORES;0;0;57;61;55;67;110;117;127;66;67;184;272;400;306;302;241;281;240;288;274;297;247;240;216;187;168;199;140;228;182;196;194;221;191;213;201;217;189;172;207;224;189;155;138;114;132;72;78;97;56;51;46;40
2827;Institución universitaria/Escuela Tecnológica;Meta;Villavicencio;No oficial;Mujer;DESERTORES;0;0;748;33;123;98;81;119;105;50;21;20;55;45;46;38;65;40;63;70;115;92;140;117;117;128;154;146;143;152;157;140;176;167;183;144;184;149;151;207;211;190;152;163;200;143;188;134;230;203;219;229;287;278
2827;Institución universitaria/Escuela Tecnológica;Meta;Villavicencio;No oficial;Hombre;DESERTORES;0;0;379;20;52;58;46;84;94;64;11;16;24;31;33;41;47;39;63;71;112;95;142;117;146;111;169;107;146;156;170;166;195;154;222;160;207;145;191;221;180;186;144;158;137;140;123;105;109;117;120;80;85;60
2828;Institución universitaria/Escuela Tecnológica;Huila;Neiva;No oficial;Mujer;DESERTORES;0;0;15;47;42;43;69;55;66;80;65;76;68;80;89;85;107;74;96;101;11;247;148;140;194;201;138;132;138;168;191;178;152;175;165;177;213;216;218;173;162;195;166;136;138;179;217;117;195;210;178;191;222;285
2828;Institución universitaria/Escuela Tecnológica;Huila;Neiva;No oficial;Hombre;DESERTORES;0;0;23;34;40;54;50;53;63;75;60;68;83;78;82;79;76;71;68;70;6;182;141;139;134;120;174;147;176;195;260;178;179;187;181;168;238;217;218;196;162;137;150;137;104;112;126;81;83;101;63;51;49;47
2829;Institución universitaria/Escuela Tecnológica;"Bogotá, d. c.";"Bogotá, D.C.";No oficial;Mujer;DESERTORES;0;0;8;29;28;30;33;33;68;81;92;230;241;224;278;368;541;453;586;465;318;208;737;795;968;866;1016;1113;1821;2387;3170;3326;3640;4464;5193;4818;5655;5524;7081;5328;5748;5441;6188;4754;5124;5175;6669;3759;5358;4819;5866;5427;7433;6599
2829;Institución universitaria/Escuela Tecnológica;"Bogotá, d. c.";"Bogotá, D.C.";No oficial;Sin informaci¿n;DESERTORES;;;;;;;;;;;;;;;;;;;;;;;0;;0;1;1;1;0;0;0;0;0;0;1;0;0;0;1;0;0;0;;1;0;0;0;;0;;;;;
2829;Institución universitaria/Escuela Tecnológica;"Bogotá, d. c.";"Bogotá, D.C.";No oficial;Hombre;DESERTORES;0;0;10;35;22;31;32;38;90;77;84;262;135;156;203;281;393;385;462;412;277;209;767;773;1052;917;1112;1173;1663;1852;2443;2331;2532;2993;3355;3319;3875;4104;4478;3964;4202;3898;4053;3036;3100;3014;3269;1878;2441;1993;2255;2010;2409;2169
2830;Institución universitaria/Escuela Tecnológica;"Bogotá, d. c.";"Bogotá, D.C.";No oficial;Mujer;DESERTORES;0;0;22;374;61;73;89;109;196;116;124;159;154;139;128;124;115;142;148;149;143;151;148;177;140;165;157;194;172;156;244;329;312;342;459;281;744;557;1338;1690;1344;1135;965;787;1110;1396;1085;1118;1336;1139;2120;1817;2787;1841
2830;Institución universitaria/Escuela Tecnológica;"Bogotá, d. c.";"Bogotá, D.C.";No oficial;Hombre;DESERTORES;0;0;201;931;13;28;16;23;17;25;29;35;30;28;25;35;23;38;57;43;58;40;42;67;49;50;48;64;55;75;70;91;62;88;139;99;293;266;483;531;509;395;330;316;452;607;461;551;489;447;771;595;885;593
2831;Institución universitaria/Escuela Tecnológica;"Bogotá, d. c.";"Bogotá, D.C.";No oficial;Mujer;DESERTORES;0;0;43;40;49;40;35;55;59;34;17;55;33;65;40;31;40;52;40;33;74;203;333;38;53;56;308;255;245;374;291;288;403;433;379;445;286;230;256;311;314;270;252;245;271;262;307;203;228;237;269;294;264;278
2831;Institución universitaria/Escuela Tecnológica;"Bogotá, d. c.";"Bogotá, D.C.";No oficial;Sin informaci¿n;DESERTORES;0;0;0;0;0;;;;;;;;;;;;;;;;;;;;;;;;;;;;;;;;;;;;;;;;;;;;;;;;;
2831;Institución universitaria/Escuela Tecnológica;"Bogotá, d. c.";"Bogotá, D.C.";No oficial;Hombre;DESERTORES;0;0;24;23;31;31;36;49;59;33;19;69;27;56;30;17;39;22;29;33;60;101;143;25;45;45;197;157;163;221;191;207;228;186;202;220;178;148;181;179;173;155;166;158;148;178;174;135;124;139;129;118;121;97
2832;Universidad;Santander;Bucaramanga;No oficial;Mujer;DESERTORES;0;0;6;1;0;1;0;128;186;170;262;201;284;256;335;270;212;168;212;268;217;260;273;344;437;398;406;483;504;517;541;382;713;455;424;445;373;445;567;629;493;342;340;424;379;361;524;359;381;479;417;459;446;576
2832;Universidad;Santander;Bucaramanga;No oficial;Hombre;DESERTORES;0;0;1;0;;0;1;67;99;82;133;97;182;169;217;228;186;144;156;167;129;134;190;250;364;324;379;340;381;399;420;311;498;336;392;435;342;453;538;542;513;337;304;331;281;222;262;164;144;182;135;126;81;110
2833;Institución universitaria/Escuela Tecnológica;Antioquia;Medellín;No oficial;Mujer;DESERTORES;;;;;;;0;0;64;118;145;156;181;193;167;196;147;148;172;162;197;221;220;219;168;163;640;418;2131;1106;1819;2161;2179;2207;1939;2048;1712;1260;1798;1427;1216;1697;1241;1182;1225;1355;1316;895;1267;1085;1342;1298;1291;1248
2833;Institución universitaria/Escuela Tecnológica;Antioquia;Medellín;No oficial;Sin informaci¿n;DESERTORES;;;;;;;;;;;;;;;;;;;;;;;;;;;;;;0;;;;0;1;;;;;;;;;;;;;;;;;;;
2833;Institución universitaria/Escuela Tecnológica;Antioquia;Medellín;No oficial;Hombre;DESERTORES;;;;;;;0;0;43;77;107;135;170;145;166;166;145;126;153;154;147;118;119;115;125;123;257;129;932;448;1002;1149;1285;1237;1275;1380;1261;885;1377;1644;1116;1420;901;761;796;896;740;526;719;562;590;535;509;418
2834;Institución universitaria/Escuela Tecnológica;"Bogotá, d. c.";"Bogotá, D.C.";No oficial;Mujer;DESERTORES;;;;0;0;70;2;0;0;1;5;3;8;2;45;8;74;12;27;38;60;39;118;109;59;94;80;138;142;197;239;250;266;371;333;399;459;458;437;530;425;458;562;479;443;456;536;353;423;421;513;482;587;456
2834;Institución universitaria/Escuela Tecnológica;"Bogotá, d. c.";"Bogotá, D.C.";No oficial;Hombre;DESERTORES;;;;0;0;3;0;0;0;1;0;1;1;2;13;1;22;12;20;15;32;27;64;62;63;41;78;124;140;220;300;271;385;388;373;396;418;390;425;473;338;419;330;372;391;330;276;244;263;219;185;180;151;92
2836;Institución universitaria/Escuela Tecnológica;Atlántico;Barranquilla;No oficial;Mujer;DESERTORES;;;;;;;0;0;1;0;133;8;46;19;26;30;73;27;36;37;78;75;86;72;61;68;68;40;27;41;63;57;59;42;71;67;68;68;70;85;87;72;73;74;47;40;56;16;48;39;65;18;20;35
2836;Institución universitaria/Escuela Tecnológica;Atlántico;Barranquilla;No oficial;Hombre;DESERTORES;;;;;;;0;0;0;0;131;17;63;15;27;20;76;37;42;53;86;78;79;79;57;71;55;44;29;40;74;48;66;57;64;66;58;62;55;67;66;59;56;49;41;45;39;12;18;28;19;5;7;9
2837;Institución universitaria/Escuela Tecnológica;"Bogotá, d. c.";"Bogotá, D.C.";No oficial;Mujer;DESERTORES;;;;;;;0;0;12;16;22;18;44;57;59;50;73;116;97;114;130;150;163;168;186;128;233;199;224;234;271;241;246;272;300;282;322;269;340;319;340;329;373;389;395;418;424;380;302;313;317;364;351;321
2837;Institución universitaria/Escuela Tecnológica;"Bogotá, d. c.";"Bogotá, D.C.";No oficial;Hombre;DESERTORES;;;;;;;0;0;24;26;39;27;59;70;59;55;76;88;85;112;136;128;128;125;145;143;177;199;224;190;267;200;252;254;251;243;276;281;326;304;313;371;281;320;275;312;249;271;198;212;251;210;180;152
2838;Institución universitaria/Escuela Tecnológica;Antioquia;Medellín;No oficial;Mujer;DESERTORES;;;;;;;0;0;94;23;31;45;37;1;6;28;3;5;16;36;52;46;45;58;43;47;54;30;47;60;47;45;36;32;44;33;36;31;24;26;27;27;25;21;30;29;56;30;41;23;44;23;35;42
2838;Institución universitaria/Escuela Tecnológica;Antioquia;Medellín;No oficial;Hombre;DESERTORES;;;;;;;0;0;25;4;8;17;8;3;2;13;1;1;7;15;17;17;23;26;18;17;29;12;31;24;32;21;21;32;29;29;31;33;29;19;34;24;15;21;13;11;11;5;6;5;6;4;2;3
2840;Institución universitaria/Escuela Tecnológica;Quindío;Armenia;No oficial;Mujer;DESERTORES;;;;;;;;0;0;0;4;9;5;2;9;17;9;5;10;5;18;12;5;11;4;6;5;12;30;34;26;37;29;50;24;38;34;34;34;48;44;45;48;45;42;45;39;37;51;56;52;98;69;80
2840;Institución universitaria/Escuela Tecnológica;Quindío;Armenia;No oficial;Hombre;DESERTORES;;;;;;;;0;0;1;6;5;3;5;12;7;5;2;9;3;4;5;7;6;7;10;6;20;17;10;12;18;26;22;31;34;17;30;29;44;36;52;37;29;14;22;9;13;12;13;12;13;9;15
2841;Institución universitaria/Escuela Tecnológica;Antioquia;Bello;No oficial;Mujer;DESERTORES;;;;;;;;;;;;;;0;0;9;34;7;20;13;17;12;24;28;45;48;64;60;58;81;72;74;104;138;160;141;123;184;154;151;111;137;117;121;130;141;160;105;153;155;129;191;161;191
2841;Institución universitaria/Escuela Tecnológica;Antioquia;Bello;No oficial;Hombre;DESERTORES;;;;;;;;;;;;;0;0;1;5;29;12;23;20;17;13;51;47;71;83;111;92;98;120;99;95;102;140;147;158;125;148;131;118;121;101;91;105;84;80;87;63;63;60;53;61;48;57
2842;Institución universitaria/Escuela Tecnológica;Atlántico;Barranquilla;No oficial;Mujer;DESERTORES;;;;;;;;;;;0;0;0;0;4;1;0;0;1;0;0;4;8;10;7;7;4;8;21;12;11;9;8;22;22;75;19;29;49;53;31;47;81;71;138;128;281;124;146;148;168;187;189;223
2842;Institución universitaria/Escuela Tecnológica;Atlántico;Barranquilla;No oficial;Hombre;DESERTORES;;;;;;;;;;;0;0;1;0;4;11;3;2;4;2;2;6;4;10;12;14;7;17;16;12;16;13;11;12;18;54;32;32;46;29;47;42;36;51;64;65;84;41;55;60;43;54;55;46
2847;Universidad;Santander;Bucaramanga;No oficial;Mujer;DESERTORES;0;0;0;50;79;58;52;188;76;71;75;68;109;100;86;61;77;177;110;104;70;127;148;112;194;210;186;296;252;348;308;339;446;318;415;514;452;466;431;494;639;499;467;436;511;461;735;343;383;463;472;495;609;538
2847;Universidad;Santander;Bucaramanga;No oficial;Sin informaci¿n;DESERTORES;;;;;;;;;0;;;;0;1;0;0;0;0;;;;;;;;;;;;;;;;;;;;;;;;;;;;;;;;;;;;
2847;Universidad;Santander;Bucaramanga;No oficial;Hombre;DESERTORES;0;0;1;78;104;78;110;217;109;130;142;116;137;121;151;84;132;226;132;128;105;128;178;136;205;274;178;257;286;340;352;342;381;307;376;448;399;342;401;463;212;265;228;229;199;225;253;130;132;141;142;136;135;111
2848;Institución universitaria/Escuela Tecnológica;"Bogotá, d. c.";"Bogotá, D.C.";No oficial;Mujer;DESERTORES;0;0;60;89;81;73;88;103;194;151;174;186;582;1168;1;1;8;6;4;10;56;100;165;384;138;175;175;178;178;187;173;199;221;208;214;227;203;207;201;202;176;267;219;209;193;193;283;163;224;230;226;223;;235
2848;Institución universitaria/Escuela Tecnológica;"Bogotá, d. c.";"Bogotá, D.C.";No oficial;Hombre;DESERTORES;0;0;47;83;94;95;119;111;174;138;170;204;549;1217;2;9;7;8;9;11;55;85;146;323;142;174;246;244;182;249;220;205;279;285;294;288;244;230;256;239;209;217;172;192;146;123;202;113;105;107;82;90;;70
2849;Institución universitaria/Escuela Tecnológica;Cauca;Popayán;No oficial;Mujer;DESERTORES;0;0;35;89;48;68;38;49;76;23;32;30;100;51;46;15;21;45;33;25;58;74;80;89;83;77;54;88;123;141;163;134;134;109;160;149;140;126;124;155;142;125;154;154;178;199;216;154;131;106;139;145;170;144
2849;Institución universitaria/Escuela Tecnológica;Cauca;Popayán;No oficial;Hombre;DESERTORES;0;0;30;64;45;57;41;23;38;11;19;11;47;33;32;15;7;41;28;25;49;83;78;92;97;72;78;84;95;126;147;134;113;96;157;129;126;143;122;154;152;133;121;111;130;123;151;103;71;93;96;62;48;35
2850;Institución universitaria/Escuela Tecnológica;Sucre;Sincelejo;No oficial;Mujer;DESERTORES;;;;;;;;;;;;;;;;0;0;1;0;0;1;7;9;8;4;12;16;23;11;29;16;14;57;55;96;114;183;212;333;161;177;212;192;209;236;396;462;211;395;272;345;404;429;545
2850;Institución universitaria/Escuela Tecnológica;Sucre;Sincelejo;No oficial;Hombre;DESERTORES;;;;;;;;;;;;;;;;0;0;3;5;4;8;6;6;5;15;13;17;10;33;26;27;10;26;19;82;82;151;132;153;142;154;169;155;157;163;229;242;145;227;158;159;111;128;132
2901;Institución universitaria/Escuela Tecnológica;"Bogotá, d. c.";"Bogotá, D.C.";Oficial;Mujer;DESERTORES;;;;;0;;0;0;0;;;;;;0;;0;;0;4;52;34;64;28;93;49;62;22;42;25;0;0;0;0;0;0;3;0;3;1;11;10;5;14;7;3;10;0;4;2;7;5;5;0
2901;Institución universitaria/Escuela Tecnológica;"Bogotá, d. c.";"Bogotá, D.C.";Oficial;Sin informaci¿n;DESERTORES;;;;;;;;;;;;;;;;;;;;;;;;;;;;;;;;0;;;;;;;;;;;;;;;;;;;;;;
2901;Institución universitaria/Escuela Tecnológica;"Bogotá, d. c.";"Bogotá, D.C.";Oficial;Hombre;DESERTORES;;;;;0;;0;;0;;;;0;;0;0;0;;0;2;77;24;52;88;69;175;106;47;60;96;0;0;0;0;0;0;8;3;7;5;15;13;8;13;21;13;20;7;13;11;5;7;13;2
2902;Institución universitaria/Escuela Tecnológica;"Bogotá, d. c.";"Bogotá, D.C.";Oficial;Mujer;DESERTORES;;;;;;;;;;;;;;;;;;;0;0;15;15;10;8;11;10;15;23;15;9;6;7;8;15;5;12;6;11;10;5;12;9;9;6;6;7;10;14;6;14;7;7;10;10
2902;Institución universitaria/Escuela Tecnológica;"Bogotá, d. c.";"Bogotá, D.C.";Oficial;Hombre;DESERTORES;;;;;;;;;;;;;;;;0;0;0;0;0;143;16;27;14;16;27;16;29;29;13;14;13;7;10;6;7;9;13;13;13;17;12;9;10;10;11;6;6;13;13;7;7;5;4
2903;Institución universitaria/Escuela Tecnológica;Cundinamarca;Facatativá;Oficial;Mujer;DESERTORES;;;;;;;;;;;;;;;0;0;0;0;1;0;1;2;5;11;25;0;0;1;8;6;3;5;4;7;14;10;14;3;6;3;11;5;3;1;5;4;;;;;;;;
2903;Institución universitaria/Escuela Tecnológica;Cundinamarca;Facatativá;Oficial;Hombre;DESERTORES;;;;;;;;;;;;;;;0;0;0;0;1;0;4;6;11;14;24;0;2;0;16;9;10;8;11;20;16;5;9;3;8;8;2;2;2;6;2;1;;;;;;;;
2905;Institución universitaria/Escuela Tecnológica;"Bogotá, d. c.";"Bogotá, D.C.";Oficial;Mujer;DESERTORES;;;;;;;;;;;;;;;;;;;0;0;0;4;4;1;22;0;3;5;3;6;0;0;0;0;3;1;7;9;10;2;8;15;4;4;13;10;10;5;3;15;79;3;11;2
2905;Institución universitaria/Escuela Tecnológica;"Bogotá, d. c.";"Bogotá, D.C.";Oficial;Hombre;DESERTORES;;;;;;;;;;;;;;;;;;;0;0;0;1;11;1;44;0;5;16;12;30;3;0;0;1;5;6;22;43;11;9;10;32;7;7;13;5;10;5;2;11;70;9;3;0
2906;Institución universitaria/Escuela Tecnológica;"Bogotá, d. c.";"Bogotá, D.C.";Oficial;Mujer;DESERTORES;;;;;;;;;;;;;;;;;;;;;0;;0;;12;;12;;13;;;;;;;;;;;;;;;;;;;;;;;;;
2906;Institución universitaria/Escuela Tecnológica;"Bogotá, d. c.";"Bogotá, D.C.";Oficial;Hombre;DESERTORES;;;;;;;;;;;;;;;;;;;;;0;;0;;39;;33;;38;;;;;;;;;;;;;;;;;;;;;;;;;
3102;Institución tecnológica;Norte de Santander;Pamplona;Oficial;Mujer;DESERTORES;0;0;143;42;31;181;44;47;6;60;37;1;38;213;52;84;22;;194;0;9;122;249;169;227;403;177;79;214;114;218;88;106;34;112;188;101;78;48;40;52;39;64;39;59;81;100;163;181;233;181;126;126;169
3102;Institución tecnológica;Norte de Santander;Pamplona;Oficial;Hombre;DESERTORES;0;0;4;4;4;11;3;7;0;4;10;0;9;43;14;50;7;;86;0;2;63;91;72;148;193;53;33;156;65;142;58;74;22;49;144;106;60;59;57;36;46;37;28;12;33;18;51;60;47;25;18;26;31
3103;Institución universitaria/Escuela Tecnológica;Bolívar;Cartagena de Indias;Oficial;Mujer;DESERTORES;0;0;50;66;85;71;77;252;129;166;45;75;66;105;102;89;66;69;60;62;83;82;74;76;80;106;72;97;117;128;133;158;75;77;121;118;124;99;96;79;67;89;95;126;79;76;80;77;98;200;330;215;242;281
3103;Institución universitaria/Escuela Tecnológica;Bolívar;Cartagena de Indias;Oficial;Hombre;DESERTORES;0;0;2;15;13;9;11;12;22;30;6;12;7;18;8;12;25;31;19;20;26;21;19;30;25;35;26;25;41;52;45;62;51;25;53;72;65;99;83;54;60;73;60;99;31;35;39;33;42;59;67;29;31;38
3104;Institución universitaria/Escuela Tecnológica;Cauca;Popayán;Oficial;Mujer;DESERTORES;0;0;13;19;20;47;35;16;33;0;73;29;53;18;36;40;91;73;33;44;56;47;43;45;33;51;42;54;81;70;70;115;48;66;74;73;79;95;99;97;89;84;91;88;83;105;75;85;72;131;132;107;107;131
3104;Institución universitaria/Escuela Tecnológica;Cauca;Popayán;Oficial;Hombre;DESERTORES;0;0;11;15;25;29;29;11;47;1;63;37;58;26;52;34;70;77;46;45;62;59;48;66;79;58;40;67;105;96;69;107;82;79;92;62;79;99;81;89;73;76;61;67;52;57;28;42;30;49;50;40;31;39
3107;Institución universitaria/Escuela Tecnológica;Antioquia;Medellín;Oficial;Mujer;DESERTORES;0;0;1;24;29;23;24;34;75;103;217;99;81;137;173;139;138;114;106;192;140;165;162;153;228;242;471;355;302;230;203;133;154;171;176;675;165;261;389;202;254;357;394;449;557;642;498;606;884;649;683;596;856;601
3107;Institución universitaria/Escuela Tecnológica;Antioquia;Medellín;Oficial;Hombre;DESERTORES;0;0;13;150;197;168;155;187;366;502;807;402;379;483;683;525;438;325;291;547;409;402;473;492;692;688;1000;779;854;888;715;494;646;696;511;1635;288;413;791;363;439;422;356;383;314;387;270;296;354;297;292;228;321;150
3114;Institución tecnológica;Atlántico;Barranquilla;Oficial;Mujer;DESERTORES;;;;;;;0;0;0;0;0;0;0;0;0;91;0;1;0;123;0;0;20;3;65;0;5;2;6;13;5;3;3;1;8;4;1;127;12;81;238;117;9;38;16;35;51;5;213;119;3;27;65;21
3114;Institución tecnológica;Atlántico;Barranquilla;Oficial;Hombre;DESERTORES;;;;;;;0;0;0;0;0;0;0;0;0;173;0;11;0;303;8;0;101;8;127;0;98;9;87;104;93;68;46;3;13;73;2;73;11;93;126;42;1;2;8;6;14;0;12;19;0;1;;0
3115;Institución universitaria/Escuela Tecnológica;Putumayo;Mocoa;Oficial;Mujer;DESERTORES;;;;;;;;;;;;;;;0;0;27;20;24;26;34;102;62;81;118;81;100;475;78;53;45;38;78;105;66;66;80;528;67;44;66;73;66;76;160;126;140;229;228;247;286;303;316;310
3115;Institución universitaria/Escuela Tecnológica;Putumayo;Mocoa;Oficial;Hombre;DESERTORES;;;;;;;;;;;;;;;0;0;43;27;29;17;56;88;67;71;103;62;91;56;73;49;33;34;76;104;60;57;70;86;79;80;66;60;53;50;63;68;60;85;83;99;84;76;86;64
3116;Institución universitaria/Escuela Tecnológica;Putumayo;Sibundoy;Oficial;Mujer;DESERTORES;;;;;;;;;;;;;;;;;;;;;0;0;17;25;27;18;19;43;8;16;10;16;21;16;12;15;17;1;;;;;;;;;;;;;;;;
3116;Institución universitaria/Escuela Tecnológica;Putumayo;Sibundoy;Oficial;Hombre;DESERTORES;;;;;;;;;;;;;;;;;;;;;0;0;22;27;40;25;26;44;12;12;5;15;17;12;20;20;20;1;;;;;;;;;;;;;;;;
3117;Institución universitaria/Escuela Tecnológica;Atlántico;Barranquilla;Oficial;Mujer;DESERTORES;;;;;;0;0;25;36;26;31;21;45;45;50;52;152;27;237;97;216;83;192;104;265;106;222;137;619;109;257;142;237;220;274;243;328;189;539;206;468;183;514;277;755;329;571;197;487;311;536;292;580;381
3117;Institución universitaria/Escuela Tecnológica;Atlántico;Barranquilla;Oficial;Hombre;DESERTORES;;;;;;0;0;30;66;47;77;84;97;97;134;98;293;48;458;178;438;168;383;223;570;262;520;305;1005;330;899;258;545;529;618;395;505;247;750;276;549;187;452;227;442;163;216;64;146;91;131;55;82;50
3201;Institución tecnológica;Santander;Bucaramanga;Oficial;Mujer;DESERTORES;0;0;3;8;8;24;146;196;262;260;354;514;528;514;633;590;608;719;760;729;1030;842;989;998;1401;945;742;957;1741;776;1003;1182;1556;1328;1071;1235;1781;1283;1564;1104;1297;1075;1294;1132;1458;1551;1258;922;1285;2079;2356;2618;2622;2338
3201;Institución tecnológica;Santander;Bucaramanga;Oficial;Sin informaci¿n;DESERTORES;0;0;0;0;1;2;5;5;3;1;6;4;8;9;2;1;4;1;2;0;2;1;0;;0;;0;1;;;;1;1;1;0;;;;;;;;;;;;;;;;;;;0
3201;Institución tecnológica;Santander;Bucaramanga;Oficial;Hombre;DESERTORES;0;0;28;27;30;184;387;330;515;458;594;689;757;664;783;726;766;875;1027;1038;1023;856;1161;1076;1497;983;945;1136;1818;1029;1391;1862;1920;1545;1251;1167;1748;1330;1668;1448;1341;1152;1094;924;995;944;748;535;560;687;761;690;635;420
3204;Institución universitaria/Escuela Tecnológica;Antioquia;Medellín;Oficial;Mujer;DESERTORES;0;0;50;95;137;157;218;122;247;193;170;169;197;182;298;315;285;338;303;294;482;362;337;331;438;665;508;613;361;845;566;513;392;429;462;418;488;435;426;399;426;393;389;376;546;653;773;723;721;1128;743;645;710;610
3204;Institución universitaria/Escuela Tecnológica;Antioquia;Medellín;Oficial;Hombre;DESERTORES;0;0;44;94;126;161;205;148;279;206;189;148;186;186;225;246;278;270;293;215;356;260;227;251;284;449;339;423;274;615;432;408;312;356;327;325;412;387;324;337;421;337;270;231;226;361;272;229;196;378;221;179;161;127
3301;Institución universitaria/Escuela Tecnológica;Valle del Cauca;Cali;Oficial;Mujer;DESERTORES;0;0;14;34;12;10;22;15;20;22;14;15;40;52;21;55;60;139;157;153;208;367;393;594;296;279;332;209;317;194;249;209;208;250;304;372;349;386;429;430;433;350;472;466;428;467;424;288;380;651;524;590;550;698
3301;Institución universitaria/Escuela Tecnológica;Valle del Cauca;Cali;Oficial;Hombre;DESERTORES;0;0;22;85;25;43;66;40;57;73;68;53;129;141;86;87;130;164;185;238;336;354;419;415;447;423;517;443;506;432;508;412;390;400;449;417;437;389;489;434;521;406;413;354;331;386;282;130;215;263;217;156;146;158
3302;Institución universitaria/Escuela Tecnológica;Antioquia;Medellín;Oficial;Mujer;DESERTORES;0;0;17;55;79;79;221;239;226;275;282;253;230;216;231;251;377;322;447;1036;380;456;674;545;735;1053;1045;1070;779;1091;749;1205;1108;3303;786;1011;897;1189;1238;1269;1267;1343;1593;1686;1775;1687;945;1536;2012;1848;2180;2220;2608;2626
3302;Institución universitaria/Escuela Tecnológica;Antioquia;Medellín;Oficial;Hombre;DESERTORES;0;0;41;86;154;150;289;325;330;442;387;421;371;366;391;431;649;589;739;1250;675;799;994;775;808;1190;1407;1532;1345;1544;1257;1888;1856;4196;1255;1484;1304;1543;1661;1756;1655;1686;1624;1482;1489;1300;608;868;1001;881;1070;913;899;870
3303;Institución tecnológica;Antioquia;Envigado;Oficial;Mujer;DESERTORES;;;;;;;;;;;;;;;;;;;;;;;;0;0;28;14;13;7;10;20;25;22;21;25;20;31;20;35;28;30;16;26;33;37;32;95;40;60;98;70;111;143;117
3303;Institución tecnológica;Antioquia;Envigado;Oficial;Hombre;DESERTORES;;;;;;;;;;;;;;;;;;;;;;;;0;0;70;29;26;32;37;37;48;45;69;40;43;58;48;63;46;54;38;45;29;40;22;45;15;12;40;29;29;36;36
3702;Institución tecnológica;"Bogotá, d. c.";"Bogotá, D.C.";No oficial;Mujer;DESERTORES;0;0;5;10;9;1;14;6;9;7;11;9;13;26;27;19;23;20;15;27;42;15;15;22;27;23;45;37;52;50;45;58;40;55;36;40;40;49;30;50;23;24;34;30;22;28;28;17;25;24;34;31;21;27
3702;Institución tecnológica;"Bogotá, d. c.";"Bogotá, D.C.";No oficial;Hombre;DESERTORES;0;0;3;2;12;4;17;3;5;7;5;11;10;9;15;11;13;21;23;17;20;11;25;15;16;12;38;56;52;43;40;71;55;49;40;32;36;46;39;20;25;28;19;22;9;8;10;8;7;8;18;4;5;7
3703;Institución universitaria/Escuela Tecnológica;Antioquia;Medellín;No oficial;Mujer;DESERTORES;0;0;72;54;123;253;29;11;109;59;87;50;70;33;51;58;133;88;27;41;91;68;65;71;83;68;59;52;83;93;145;102;108;122;110;82;104;163;121;109;102;75;85;79;103;116;116;84;83;70;88;79;77;71
3703;Institución universitaria/Escuela Tecnológica;Antioquia;Medellín;No oficial;Hombre;DESERTORES;0;0;14;10;47;132;4;1;30;32;44;28;32;21;21;35;39;44;33;17;38;31;47;39;42;37;49;45;63;58;82;57;69;71;65;53;84;81;87;71;81;61;70;56;69;77;66;39;37;47;53;47;32;50
3705;Institución universitaria/Escuela Tecnológica;Bolívar;Cartagena de Indias;No oficial;Mujer;DESERTORES;0;0;20;28;53;39;61;49;56;66;71;54;49;52;54;47;57;50;59;39;105;117;165;181;176;190;215;286;333;247;374;426;589;558;664;580;720;691;703;624;663;635;603;513;611;679;1094;298;405;381;370;494;637;725
3705;Institución universitaria/Escuela Tecnológica;Bolívar;Cartagena de Indias;No oficial;Sin informaci¿n;DESERTORES;0;0;;;;;;;;;;;0;1;1;0;0;;0;1;0;;;;;;;;;;;;;;;;;;;;;;;;;;;;;;;;;
3705;Institución universitaria/Escuela Tecnológica;Bolívar;Cartagena de Indias;No oficial;Hombre;DESERTORES;0;0;46;96;139;98;140;135;165;169;178;153;119;153;131;124;136;116;153;107;180;204;228;237;292;279;369;511;504;442;589;738;966;896;904;788;850;736;828;721;793;589;589;445;395;471;529;223;211;215;198;168;156;158
3706;Institución tecnológica;Valle del Cauca;Cali;No oficial;Mujer;DESERTORES;;;;;;;;;;;;0;0;60;95;130;122;160;319;308;180;259;147;315;246;276;243;281;245;227;239;209;212;65;163;174;143;169;186;227;156;175;268;237;229;243;336;144;179;159;163;132;121;109
3706;Institución tecnológica;Valle del Cauca;Cali;No oficial;Sin informaci¿n;DESERTORES;;;;;;;;;;;;;;;;0;0;0;;;;;0;1;0;0;0;;;;;;;;;;;;;;;;;;;;;;;;;;;
3706;Institución tecnológica;Valle del Cauca;Cali;No oficial;Hombre;DESERTORES;;;;;;;;;;;;0;0;105;211;230;212;256;503;358;265;327;240;401;362;334;315;341;386;325;322;330;268;65;173;205;177;159;249;265;272;244;233;208;209;203;227;75;68;76;59;50;44;32
3710;Institución universitaria/Escuela Tecnológica;Bolívar;Cartagena de Indias;No oficial;Mujer;DESERTORES;;;;;;0;0;23;80;65;93;86;110;109;91;56;90;106;133;78;86;99;215;150;206;256;223;298;228;319;321;519;363;460;660;568;334;371;1147;786;623;473;451;428;417;456;679;175;317;233;309;386;409;517
3710;Institución universitaria/Escuela Tecnológica;Bolívar;Cartagena de Indias;No oficial;Sin informaci¿n;DESERTORES;;;;;;;0;0;0;0;0;;;;;;;;;;;;;;;;;;;;;;;;;;;;;;;;;;;;;;;;;;;
3710;Institución universitaria/Escuela Tecnológica;Bolívar;Cartagena de Indias;No oficial;Hombre;DESERTORES;;;;;;0;0;30;138;71;177;124;194;186;172;101;119;139;176;130;108;108;302;201;194;319;280;293;251;294;399;458;431;511;553;577;251;338;1152;675;556;379;341;316;250;294;290;89;113;104;106;119;93;83
3712;Institución tecnológica;"Bogotá, d. c.";"Bogotá, D.C.";No oficial;Mujer;DESERTORES;;;;;;;;;;;;;;;;;;0;0;0;128;210;156;186;226;201;200;187;212;236;236;198;158;222;274;222;191;181;211;146;147;123;140;104;;;136;267;;;;;;
3712;Institución tecnológica;"Bogotá, d. c.";"Bogotá, D.C.";No oficial;Hombre;DESERTORES;;;;;;;;;;;;;;;;;;;0;0;177;212;231;285;332;270;241;268;296;328;363;266;301;344;352;318;228;289;315;215;222;166;139;116;;;143;248;;;;;;
3713;Institución universitaria/Escuela Tecnológica;"Bogotá, d. c.";"Bogotá, D.C.";No oficial;Mujer;DESERTORES;;;;;;;0;0;84;82;111;117;126;157;359;158;182;191;224;280;249;264;721;214;283;259;265;253;288;252;355;290;476;237;234;222;185;212;242;130;118;122;123;116;123;170;219;122;172;203;214;268;225;262
3713;Institución universitaria/Escuela Tecnológica;"Bogotá, d. c.";"Bogotá, D.C.";No oficial;Hombre;DESERTORES;;;;;;;0;0;88;93;87;102;150;117;149;149;199;162;194;253;247;255;524;173;212;185;209;168;203;201;246;214;294;166;182;124;154;178;246;127;122;125;99;76;71;102;135;56;86;80;66;61;55;60
3715;Institución tecnológica;Valle del Cauca;Cali;No oficial;Mujer;DESERTORES;0;0;11;20;3;13;10;25;32;;;;;;;;;;50;26;68;111;61;79;36;40;48;67;97;63;86;73;66;116;96;73;143;143;121;120;67;76;111;72;99;75;151;163;145;113;76;225;1;
3715;Institución tecnológica;Valle del Cauca;Cali;No oficial;Hombre;DESERTORES;0;0;28;29;7;6;9;16;31;;;;;;;;;;55;14;54;43;35;31;17;21;13;15;23;18;23;18;15;55;89;73;114;119;94;117;145;98;79;81;78;70;68;76;71;30;;25;65;
3716;Institución tecnológica;Santander;Bucaramanga;No oficial;Mujer;DESERTORES;;;;0;0;14;53;62;69;38;26;16;34;42;43;83;63;74;85;80;249;74;130;115;81;161;206;193;250;165;175;121;117;196;255;207;162;246;157;61;113;39;41;58;91;95;63;50;54;103;45;122;144;91
3716;Institución tecnológica;Santander;Bucaramanga;No oficial;Sin informaci¿n;DESERTORES;;;;;;;;;;;;;;;;;;;;;;;;;0;0;;0;;;;;0;;;;;;;;;;;;;;;;;;;;;
3716;Institución tecnológica;Santander;Bucaramanga;No oficial;Hombre;DESERTORES;;;;0;0;14;31;47;53;36;26;19;32;32;45;58;31;58;67;53;160;48;97;81;50;88;158;136;158;103;118;108;111;143;230;166;168;176;104;128;78;82;71;33;43;35;33;19;20;36;14;39;40;19
3718;Institución tecnológica;Norte de Santander;Cúcuta;No oficial;Mujer;DESERTORES;;0;0;1;51;1;19;15;18;36;37;66;30;12;32;19;28;35;49;80;21;46;68;45;52;137;119;398;143;95;120;121;141;126;119;126;112;115;108;126;119;101;130;107;122;146;199;73;84;79;126;146;172;198
3718;Institución tecnológica;Norte de Santander;Cúcuta;No oficial;Hombre;DESERTORES;;0;0;1;33;1;14;11;5;24;40;27;15;14;14;9;22;25;26;32;16;18;43;24;21;80;48;148;81;58;62;79;108;80;101;86;89;95;101;105;99;81;96;68;67;68;93;26;38;34;34;32;36;32
3719;Institución universitaria/Escuela Tecnológica;"Bogotá, d. c.";"Bogotá, D.C.";No oficial;Mujer;DESERTORES;0;0;74;69;56;59;32;36;20;25;16;2;14;26;19;33;36;37;41;46;63;61;60;77;91;90;122;71;55;56;58;66;61;42;35;30;25;24;54;36;31;24;32;35;51;50;60;33;53;50;39;39;41;43
3719;Institución universitaria/Escuela Tecnológica;"Bogotá, d. c.";"Bogotá, D.C.";No oficial;Sin informaci¿n;DESERTORES;0;0;2;1;2;1;;;0;;1;0;0;1;1;;0;1;;;;;;;;;;;;;;;;;;;;;;;0;0;;;;;;;;;;;;
3719;Institución universitaria/Escuela Tecnológica;"Bogotá, d. c.";"Bogotá, D.C.";No oficial;Hombre;DESERTORES;0;0;67;70;81;62;38;35;25;18;21;1;17;27;20;37;46;44;54;45;48;74;53;68;91;92;94;40;52;59;48;47;66;44;44;31;41;21;39;42;39;32;25;45;36;29;34;35;27;24;12;11;10;11
3720;Institución universitaria/Escuela Tecnológica;Antioquia;Medellín;No oficial;Mujer;DESERTORES;0;0;33;42;112;118;90;88;60;73;92;75;74;83;93;100;96;104;120;129;122;113;137;216;177;275;212;148;167;186;178;154;135;106;146;145;109;97;126;117;102;85;95;106;90;100;126;93;109;86;85;108;92;127
3720;Institución universitaria/Escuela Tecnológica;Antioquia;Medellín;No oficial;Hombre;DESERTORES;0;0;3;2;23;32;33;16;18;16;31;37;31;38;48;53;54;39;45;64;94;66;75;128;93;150;116;99;123;103;115;118;99;92;87;99;96;92;104;104;80;96;64;64;76;78;96;86;69;59;59;61;53;53
3724;Institución tecnológica;"Bogotá, d. c.";"Bogotá, D.C.";No oficial;Mujer;DESERTORES;;;;;;;0;;0;;0;2;0;3;2;2;0;3;1;0;0;0;;;;;;;;;0;0;13;0;24;16;12;24;3;12;8;2;;;;;;;;;;;;
3724;Institución tecnológica;"Bogotá, d. c.";"Bogotá, D.C.";No oficial;Hombre;DESERTORES;;;;;;;;;0;;0;1;0;7;0;2;1;5;1;0;0;0;;;;;;;;;0;0;3;0;4;5;7;13;1;5;1;0;;;;;;;;;;;;
3725;Institución tecnológica;"Bogotá, d. c.";"Bogotá, D.C.";No oficial;Mujer;DESERTORES;;;;;;;;;;;;;;;;0;0;81;20;16;27;17;16;18;13;7;27;16;2;35;9;15;15;14;17;16;13;3;44;18;23;27;24;26;48;31;65;26;46;23;34;21;23;25
3725;Institución tecnológica;"Bogotá, d. c.";"Bogotá, D.C.";No oficial;Hombre;DESERTORES;;;;;;;;;;;;;;;;0;0;48;10;1;15;10;12;13;8;8;18;17;1;25;3;8;16;4;9;9;13;8;42;16;13;17;17;20;28;18;9;12;3;2;5;6;4;2
3801;Institución tecnológica;Valle del Cauca;Cartago;No oficial;Mujer;DESERTORES;0;0;30;44;19;11;13;9;4;0;5;7;5;9;15;9;18;38;1;13;29;87;6;4;7;35;16;18;26;26;24;91;24;35;43;28;37;27;44;50;46;27;39;41;45;41;56;25;41;38;42;44;46;52
3801;Institución tecnológica;Valle del Cauca;Cartago;No oficial;Hombre;DESERTORES;0;0;25;29;17;8;8;7;3;0;7;6;3;8;9;10;;17;38;34;39;84;3;4;5;31;19;24;21;23;26;116;21;25;32;30;24;32;40;47;44;34;24;41;22;21;31;8;19;12;10;10;7;5
3802;Institución tecnológica;Antioquia;Medellín;No oficial;Mujer;DESERTORES;;;;;;;;;;;;;;0;0;;2;3;;;;;;;;;;;;;;;;;;;;;;;;;;;;;;;;;;;;
3802;Institución tecnológica;Antioquia;Medellín;No oficial;Hombre;DESERTORES;;;;;;;;;;;;;;0;0;;7;10;;;;;;;;;;;;;;;;;;;;;;;;;;;;;;;;;;;;
3803;Institución universitaria/Escuela Tecnológica;Valle del Cauca;Cali;No oficial;Mujer;DESERTORES;;;;;;;;;;;;;;;0;0;35;47;39;31;45;50;73;95;87;61;96;166;66;60;57;78;70;50;68;80;63;38;93;47;57;41;40;56;127;62;70;23;35;46;48;37;51;39
3803;Institución universitaria/Escuela Tecnológica;Valle del Cauca;Cali;No oficial;Hombre;DESERTORES;;;;;;;;;;;;;;0;0;1;25;40;44;52;40;46;78;60;74;65;81;99;78;55;56;49;55;63;57;85;61;48;82;73;80;54;45;45;108;56;46;29;20;41;19;22;16;20
3805;Institución tecnológica;Valle del Cauca;Cali;No oficial;Mujer;DESERTORES;0;0;1;0;0;2;0;1;3;9;4;0;1;1;2;1;22;26;5;42;2;0;1;0;26;10;1;19;2;1;3;3;9;10;15;7;5;6;;;;;;;;;;;;;;;;
3805;Institución tecnológica;Valle del Cauca;Cali;No oficial;Hombre;DESERTORES;;0;0;0;0;0;0;0;1;2;1;0;0;0;0;0;7;9;1;10;1;0;0;0;6;2;1;8;1;0;2;4;4;6;5;8;3;4;;;;;;;;;;;;;;;;
3806;Institución tecnológica;Valle del Cauca;Cali;No oficial;Mujer;DESERTORES;;;;;;;;;;;;;;;;;;;0;0;22;27;16;23;31;1;18;28;42;88;118;119;146;50;93;95;83;58;54;41;57;51;93;46;42;57;57;19;27;22;20;11;26;21
3806;Institución tecnológica;Valle del Cauca;Cali;No oficial;Hombre;DESERTORES;;;;;;;;;;;;;;;;;;;0;0;21;19;17;35;35;0;41;35;34;59;66;119;77;58;73;78;85;41;39;44;38;43;52;26;21;29;15;7;9;9;3;4;5;3
3807;Institución tecnológica;Antioquia;Medellín;No oficial;Mujer;DESERTORES;0;0;10;4;7;8;10;1;24;5;0;0;2;4;4;1;0;0;0;5;0;35;3;2;5;5;1;0;;0;0;3;5;7;2;0;4;15;10;11;8;19;31;24;22;18;111;70;40;54;10;;2;33
3807;Institución tecnológica;Antioquia;Medellín;No oficial;Hombre;DESERTORES;0;0;6;0;1;2;5;0;11;3;0;0;4;0;1;0;0;0;0;0;0;17;1;0;2;1;0;0;;0;0;3;1;3;1;0;2;4;4;10;4;13;11;13;8;9;48;21;17;22;4;;2;14
3808;Institución tecnológica;"Bogotá, d. c.";"Bogotá, D.C.";No oficial;Mujer;DESERTORES;0;0;8;13;15;3;26;18;27;23;17;28;38;22;22;17;35;14;30;84;38;30;19;59;56;44;52;39;55;53;59;49;69;76;64;61;86;47;35;41;37;21;30;26;40;25;16;6;26;18;20;12;18;15
3808;Institución tecnológica;"Bogotá, d. c.";"Bogotá, D.C.";No oficial;Hombre;DESERTORES;0;0;7;6;18;16;25;24;14;24;13;17;31;24;29;19;26;21;35;69;15;18;17;62;31;25;36;24;37;42;44;32;45;49;55;36;59;48;32;48;22;13;23;19;27;17;14;7;15;8;9;12;10;6
3809;Institución tecnológica;Cundinamarca;Fusagasugá;No oficial;Mujer;DESERTORES;0;0;3;17;4;4;3;1;8;0;9;6;0;0;7;15;18;54;7;52;46;6;0;21;23;11;30;24;27;19;42;25;17;24;21;6;12;3;10;6;7;4;4;9;3;7;11;11;9;15;11;14;10;14
3809;Institución tecnológica;Cundinamarca;Fusagasugá;No oficial;Hombre;DESERTORES;;;;;;;;;;;;;;;0;0;9;9;0;;;4;;1;;;;;;2;2;1;0;0;6;1;3;10;3;4;6;4;3;5;0;1;1;3;6;2;1;2;0;
3810;Institución tecnológica;Santander;Bucaramanga;No oficial;Mujer;DESERTORES;0;0;32;23;31;39;44;64;73;47;61;61;51;69;65;82;108;68;109;176;73;104;94;103;100;81;97;107;75;91;64;46;43;28;28;39;35;18;15;11;14;10;21;20;32;;;;;;;;;
3810;Institución tecnológica;Santander;Bucaramanga;No oficial;Hombre;DESERTORES;0;0;27;22;30;39;32;39;54;41;42;31;32;26;46;49;60;56;74;102;81;72;58;73;70;74;54;62;39;42;26;37;33;14;26;24;18;20;13;4;21;12;12;8;11;;;;;;;;;
3811;Institución tecnológica;Tolima;Honda;No oficial;Mujer;DESERTORES;;;;;;;0;0;4;4;9;8;9;61;22;12;10;16;25;17;27;27;34;63;34;43;31;36;25;32;36;22;39;53;27;34;26;46;27;12;21;32;35;32;30;34;18;36;39;28;;;35;212
3811;Institución tecnológica;Tolima;Honda;No oficial;Hombre;DESERTORES;;;;;;;0;0;5;5;17;6;13;25;14;18;13;15;17;12;23;15;14;37;23;31;23;34;41;53;39;19;28;53;42;21;26;28;38;23;20;25;11;25;12;31;6;12;6;8;;;6;32
3812;Institución universitaria/Escuela Tecnológica;Antioquia;Bello;No oficial;Mujer;DESERTORES;;;;;0;0;0;0;0;34;8;9;1;31;47;66;39;45;83;118;102;81;74;45;68;121;103;24;43;47;66;64;65;81;96;75;75;61;59;67;24;22;43;32;37;43;68;62;131;71;126;113;129;109
3812;Institución universitaria/Escuela Tecnológica;Antioquia;Bello;No oficial;Sin informaci¿n;DESERTORES;;;;;;;;;;;;;;;;;;;;;;;;;;;;;;;;;0;0;;;;;;;;;;;;;;;;;;;;
3812;Institución universitaria/Escuela Tecnológica;Antioquia;Bello;No oficial;Hombre;DESERTORES;;;;;0;0;0;0;0;43;15;2;0;8;47;32;14;35;55;70;65;66;31;50;47;73;45;34;43;45;37;30;23;42;43;37;46;30;47;52;28;19;36;24;30;21;22;34;43;44;64;39;46;44
3817;Institución universitaria/Escuela Tecnológica;Nariño;Pasto;No oficial;Mujer;DESERTORES;;;0;0;28;8;18;15;6;1;7;12;26;17;5;4;15;6;14;37;30;50;57;47;153;94;95;84;51;45;66;80;244;274;231;205;238;257;280;330;286;293;291;370;263;374;427;266;292;323;304;319;319;297
3817;Institución universitaria/Escuela Tecnológica;Nariño;Pasto;No oficial;Sin informaci¿n;DESERTORES;;;;;;;;;;;;;;;0;;;;0;;;;1;;;;;;;;;;;;;;;;;;;;;;;;;;;;;;;
3817;Institución universitaria/Escuela Tecnológica;Nariño;Pasto;No oficial;Hombre;DESERTORES;;;0;0;13;10;11;38;14;5;11;5;9;8;5;1;9;8;28;41;35;46;64;84;115;109;74;82;48;46;68;82;145;155;206;122;182;208;280;237;199;255;215;209;103;207;179;126;163;137;116;101;66;76
3819;Institución tecnológica;"Bogotá, d. c.";"Bogotá, D.C.";No oficial;Mujer;DESERTORES;0;0;7;29;11;23;20;15;22;6;14;7;11;3;7;5;12;16;6;7;1;5;11;13;9;13;9;22;36;35;25;35;49;21;89;39;64;61;85;71;79;58;76;60;101;106;158;63;87;87;99;102;91;327
3819;Institución tecnológica;"Bogotá, d. c.";"Bogotá, D.C.";No oficial;Hombre;DESERTORES;0;0;14;52;52;55;46;52;59;23;52;21;79;46;44;46;31;51;14;51;17;35;43;38;57;51;53;58;89;103;89;126;100;21;197;82;70;81;156;101;81;56;79;65;71;58;61;43;47;39;39;29;28;31
3820;Institución tecnológica;Antioquia;Medellín;No oficial;Mujer;DESERTORES;;;;;0;0;23;23;29;25;17;36;34;23;24;24;27;47;25;20;14;8;14;8;3;2;2;1;4;0;2;5;1;5;11;12;19;12;16;12;14;17;10;6;13;22;18;11;16;14;35;27;24;18
3820;Institución tecnológica;Antioquia;Medellín;No oficial;Hombre;DESERTORES;;;;;0;0;80;70;82;72;81;96;74;68;58;70;68;100;52;44;37;30;40;34;18;13;33;26;39;45;47;38;41;25;23;25;12;20;23;16;16;15;6;7;11;14;13;3;5;6;8;6;4;5
3821;Institución universitaria/Escuela Tecnológica;Atlántico;Barranquilla;No oficial;Mujer;DESERTORES;0;0;127;1;5;1;101;6;159;98;3;66;106;76;29;37;156;103;129;38;108;73;104;99;127;79;70;66;125;100;146;106;123;165;82;76;121;93;99;83;90;111;98;117;121;138;175;58;93;109;122;138;155;141
3821;Institución universitaria/Escuela Tecnológica;Atlántico;Barranquilla;No oficial;Hombre;DESERTORES;0;0;229;1;3;1;150;19;271;136;5;186;236;148;42;48;205;124;185;40;152;130;136;117;147;113;101;69;152;128;217;136;139;217;108;85;107;114;119;121;111;110;98;110;86;93;132;63;96;84;54;77;61;66
3822;Institución tecnológica;"Bogotá, d. c.";"Bogotá, D.C.";No oficial;Mujer;DESERTORES;0;0;2;1;3;0;4;0;0;2;1;0;4;2;1;2;6;4;1;0;2;0;5;0;6;0;2;;;;;;;;;;;;;0;1;2;3;2;4;4;13;5;13;;;;;
3822;Institución tecnológica;"Bogotá, d. c.";"Bogotá, D.C.";No oficial;Hombre;DESERTORES;0;0;1;1;4;0;0;0;1;1;0;1;0;0;2;0;9;1;5;1;3;3;9;1;7;2;1;;;;;;;;;;;;;0;0;2;2;4;10;4;5;6;6;;;;;
3823;Institución tecnológica;"Bogotá, d. c.";"Bogotá, D.C.";No oficial;Mujer;DESERTORES;;;;;;;;;;;;;;;;;;;0;;0;18;24;17;39;89;98;35;55;;;;;;;;40;;;;;;;;;;;;;;;;;
3823;Institución tecnológica;"Bogotá, d. c.";"Bogotá, D.C.";No oficial;Hombre;DESERTORES;;;;;;;;;;;;;;;;;;;0;;0;11;13;7;20;44;53;16;20;;;;;;;;23;;;;;;;;;;;;;;;;;
3824;Institución tecnológica;"Bogotá, d. c.";"Bogotá, D.C.";No oficial;Mujer;DESERTORES;0;0;13;16;10;39;4;26;11;23;2;13;12;9;12;10;16;0;9;11;23;22;22;24;25;28;18;47;29;40;49;25;29;35;42;49;51;45;37;43;;;;;;;;;;;;;;
3824;Institución tecnológica;"Bogotá, d. c.";"Bogotá, D.C.";No oficial;Hombre;DESERTORES;0;0;20;15;24;27;10;20;10;24;6;15;11;5;12;10;20;9;8;7;15;23;18;24;21;23;28;41;24;36;41;13;23;37;29;44;43;39;26;24;;;;;;;;;;;;;;
3826;Institución tecnológica;"Bogotá, d. c.";"Bogotá, D.C.";No oficial;Mujer;DESERTORES;0;0;17;41;32;38;42;65;155;23;33;44;38;97;20;192;93;152;55;67;147;182;127;120;108;160;117;126;203;574;191;163;89;105;89;58;79;62;64;46;76;49;49;43;62;62;111;104;125;205;170;137;134;113
3826;Institución tecnológica;"Bogotá, d. c.";"Bogotá, D.C.";No oficial;Hombre;DESERTORES;0;0;12;18;19;22;27;47;98;30;31;35;42;91;28;65;56;36;32;41;136;89;93;74;108;113;108;146;178;463;230;177;144;110;122;67;79;94;88;77;74;41;40;23;19;16;34;54;44;101;63;37;24;22
3827;Institución tecnológica;"Bogotá, d. c.";"Bogotá, D.C.";No oficial;Mujer;DESERTORES;0;0;30;9;90;24;20;101;7;30;16;6;16;26;11;5;6;4;7;11;7;3;8;10;20;;;;4;1;7;2;13;6;6;0;10;20;12;28;9;15;15;31;39;0;;;;1;;;;
3827;Institución tecnológica;"Bogotá, d. c.";"Bogotá, D.C.";No oficial;Hombre;DESERTORES;0;0;26;9;70;34;39;74;9;37;18;9;18;19;15;11;16;4;7;26;3;5;8;12;21;;;;2;4;14;3;21;9;11;0;8;11;18;43;3;17;19;16;16;0;;;;0;;;;
3828;Institución tecnológica;"Bogotá, d. c.";"Bogotá, D.C.";No oficial;Mujer;DESERTORES;;;;;;;;;;;;;;;;;;;;0;0;4;4;12;14;19;0;22;6;10;;;;20;26;0;3;3;3;11;58;48;28;13;8;10;3;0;5;0;;;;
3828;Institución tecnológica;"Bogotá, d. c.";"Bogotá, D.C.";No oficial;Hombre;DESERTORES;;;;;;;;;;;;;;;;;;;;0;0;2;7;6;8;20;0;16;8;1;;;;6;45;1;1;2;4;35;33;38;26;5;3;;6;;2;0;;;;
3829;Institución tecnológica;"Bogotá, d. c.";"Bogotá, D.C.";No oficial;Mujer;DESERTORES;0;;0;;5;;;1;1;3;4;4;9;10;5;1;7;3;1;0;26;33;46;25;15;17;36;20;18;36;8;;;;;;;;;;;;;;;;;;;;;;;
3829;Institución tecnológica;"Bogotá, d. c.";"Bogotá, D.C.";No oficial;Hombre;DESERTORES;0;;;0;3;1;3;4;2;2;9;3;17;10;10;14;8;7;0;1;34;50;57;33;30;27;56;29;18;28;15;13;2;0;;;;;;;;;;;;;;;;;;;;
3830;Institución tecnológica;"Bogotá, d. c.";"Bogotá, D.C.";No oficial;Mujer;DESERTORES;;;;;;;;;;;;;;;;;;;0;0;0;0;0;0;2;1;249;1513;73;1050;510;653;111;418;286;128;94;189;123;73;153;141;23;173;195;;0;0;22;0;148;45;306;56
3830;Institución tecnológica;"Bogotá, d. c.";"Bogotá, D.C.";No oficial;Hombre;DESERTORES;;;;;;;;;;;;;;;;;;;0;0;0;0;0;3;2;2;189;1261;82;996;373;456;60;287;218;105;70;158;112;73;144;111;24;105;125;;0;0;8;0;35;16;129;17
3831;Institución universitaria/Escuela Tecnológica;Cauca;Popayán;No oficial;Mujer;DESERTORES;;;;;;;;;0;0;13;18;16;34;53;45;88;53;30;27;70;82;79;53;54;183;706;154;247;129;144;148;96;114;155;140;124;163;190;127;139;144;192;155;173;221;317;206;202;203;201;214;213;210
3831;Institución universitaria/Escuela Tecnológica;Cauca;Popayán;No oficial;Hombre;DESERTORES;;;;;;;;;0;0;0;2;3;16;5;6;10;31;45;51;88;105;66;116;173;140;125;125;166;234;199;149;149;129;158;148;174;167;176;130;142;128;116;106;74;98;127;93;64;95;66;69;41;40
3833;Institución tecnológica;Antioquia;Copacabana;No oficial;Mujer;DESERTORES;;;;;;;;;;;0;0;0;0;0;1;0;3;0;0;0;3;0;;9;1;;;;;;;;;;;;;;;;;;;;;;;;;;;;
3833;Institución tecnológica;Antioquia;Copacabana;No oficial;Hombre;DESERTORES;;;;;;;;;;;0;0;0;0;0;0;0;3;1;0;1;1;0;;4;1;;;;;;;;;;;;;;;;;;;;;;;;;;;;
3834;Institución tecnológica;Antioquia;Santa Fé de Antioquia;No oficial;Mujer;DESERTORES;;;;;;;;;;;;;;;0;0;4;12;3;4;9;10;12;14;34;27;7;5;4;19;0;0;0;8;5;7;10;11;36;11;8;0;15;10;2;3;14;21;2;1;8;;3;
3834;Institución tecnológica;Antioquia;Santa Fé de Antioquia;No oficial;Hombre;DESERTORES;;;;;;;;;;;;;;;0;0;3;4;1;1;4;10;10;14;15;15;6;11;1;22;0;0;0;14;11;14;5;17;34;11;10;0;22;6;3;2;5;10;2;2;2;;0;
3901;Institución tecnológica;Sucre;Coveñas;Oficial;Mujer;DESERTORES;;;;;;;;;;;;;;;;;0;0;0;0;0;0;0;0;;0;0;0;1;0;3;0;0;4;1;10;6;0;0;33;0;2;4;12;1;22;29;1;3;25;18;17;21;20
3901;Institución tecnológica;Sucre;Coveñas;Oficial;Hombre;DESERTORES;;;;;;;;;;;;;;;;;0;0;0;0;0;0;0;0;0;0;0;0;11;0;7;22;13;18;11;5;3;0;0;23;0;8;4;8;0;0;13;1;1;1;0;0;0;1
3902;Institución tecnológica;Cundinamarca;Nilo;Oficial;Mujer;DESERTORES;;;;;;;;;;;;;;;;;;;0;0;1;0;0;37;10;3;4;22;11;13;6;3;4;5;46;46;63;23;49;31;29;32;34;55;25;51;8;28;59;59;75;38;60;37
3902;Institución tecnológica;Cundinamarca;Nilo;Oficial;Hombre;DESERTORES;;;;;;;;;;;;;;;;;;;0;0;4;1;1;217;58;43;24;67;70;71;41;37;30;75;66;57;44;15;79;59;30;21;25;17;9;7;1;5;18;6;10;3;1;4
4101;Institución técnica profesional;Valle del Cauca;Roldanillo;Oficial;Mujer;DESERTORES;0;0;22;47;59;88;71;78;61;62;58;111;84;80;65;65;92;71;122;131;109;179;231;124;192;76;127;209;78;61;80;53;110;86;85;88;103;223;186;169;136;125;229;214;250;259;266;221;507;307;461;259;441;455
4101;Institución técnica profesional;Valle del Cauca;Roldanillo;Oficial;Hombre;DESERTORES;0;0;12;42;36;47;69;46;61;59;47;79;55;64;49;49;55;54;108;132;86;132;173;103;122;72;124;81;85;59;88;83;82;86;96;72;75;108;175;155;115;109;87;79;74;133;70;82;80;75;70;57;56;64
4102;Institución técnica profesional;La Guajira;San Juan del Cesar;Oficial;Mujer;DESERTORES;;;;;;;;;;;;;;;0;0;9;26;43;25;48;55;45;46;44;28;78;91;44;55;83;142;146;69;1;108;97;64;88;38;52;46;52;79;73;109;122;83;167;255;179;217;150;167
4102;Institución técnica profesional;La Guajira;San Juan del Cesar;Oficial;Hombre;DESERTORES;;;;;;;;;;;;;;;0;0;15;31;52;32;52;56;63;63;57;68;112;90;71;79;87;190;171;84;1;144;92;73;101;39;38;31;28;53;25;35;22;27;36;48;32;18;15;17
4106;Institución técnica profesional;Archipiélago de San Andrés y Providencia;San Andrés;Oficial;Mujer;DESERTORES;0;0;42;21;26;23;53;27;33;14;42;1;54;16;42;4;17;3;23;3;21;30;81;51;68;39;74;247;43;31;60;66;114;74;53;23;17;21;9;8;11;13;13;8;14;24;34;18;287;175;74;65;26;41
4106;Institución técnica profesional;Archipiélago de San Andrés y Providencia;San Andrés;Oficial;Hombre;DESERTORES;0;0;9;8;20;13;33;13;34;10;34;1;23;13;21;1;10;0;15;3;19;18;34;21;42;23;43;29;21;17;39;27;3;33;19;8;6;9;4;7;7;17;4;7;5;8;3;7;67;36;21;10;8;10
4107;Institución técnica profesional;Valle del Cauca;Guadalajara de Buga;Oficial;Mujer;DESERTORES;;;;;;;;;0;0;0;0;0;0;0;0;0;0;0;0;90;49;10;35;9;7;34;21;37;21;43;60;108;56;58;9;4;44;22;34;78;30;20;98;233;441;94;107;101;97;112;153;187;377
4107;Institución técnica profesional;Valle del Cauca;Guadalajara de Buga;Oficial;Sin informaci¿n;DESERTORES;;;;;;;;;;;;;;;;;;;;;;;;0;0;;;;;;1;;;;;;;;;;;;;;;;;;;;;;;
4107;Institución técnica profesional;Valle del Cauca;Guadalajara de Buga;Oficial;Hombre;DESERTORES;;;;;;;;;;;;;;;;;;;0;0;33;15;2;30;7;31;39;33;42;23;35;36;53;60;33;13;6;68;12;18;103;26;24;37;20;14;25;42;29;34;23;27;24;27
4108;Institución universitaria/Escuela Tecnológica;"Bogotá, d. c.";"Bogotá, D.C.";Oficial;Mujer;DESERTORES;0;0;5;6;2;15;30;13;10;13;25;12;20;12;32;29;138;35;35;29;60;45;308;48;23;111;28;197;43;53;46;65;83;64;89;99;91;51;76;71;69;82;97;90;92;130;171;127;148;219;206;219;227;233
4108;Institución universitaria/Escuela Tecnológica;"Bogotá, d. c.";"Bogotá, D.C.";Oficial;Sin informaci¿n;DESERTORES;;;;;;;;;;;;;;0;;;;;;;;;;;;;;;;;;;;;;;;;;;;;;;;;;;;;;;;
4108;Institución universitaria/Escuela Tecnológica;"Bogotá, d. c.";"Bogotá, D.C.";Oficial;Hombre;DESERTORES;0;0;62;52;31;91;456;127;110;192;117;152;156;199;216;229;938;225;227;114;285;166;974;178;78;524;137;716;202;201;239;284;350;272;331;326;272;164;202;203;163;139;179;134;139;147;144;148;134;146;137;103;128;99
4109;Institución técnica profesional;Valle del Cauca;Cali;Oficial;Mujer;DESERTORES;;;;;;;;;;;;;;;;;;;0;0;206;71;85;64;188;289;177;127;228;146;51;308;225;267;352;144;217;116;220;86;85;160;103;107;207;160;193;116;157;521;318;284;250;279
4109;Institución técnica profesional;Valle del Cauca;Cali;Oficial;Sin informaci¿n;DESERTORES;;;;;;;;;;;;;;;;;;;;;;0;0;1;2;1;0;0;3;2;;;;;;;;;;;;;;;;;;;;;;;;
4109;Institución técnica profesional;Valle del Cauca;Cali;Oficial;Hombre;DESERTORES;;;;;;;;;;;;;;;;;;;0;0;86;46;46;39;120;128;101;81;139;92;28;196;110;137;236;97;147;106;176;72;109;148;55;50;72;47;75;41;30;104;83;49;42;38
4110;Institución técnica profesional;Tolima;Espinal;Oficial;Mujer;DESERTORES;0;0;46;35;46;23;48;71;61;38;84;54;80;54;78;27;40;24;35;19;56;21;61;30;123;114;150;336;242;213;278;233;126;287;161;124;217;178;197;228;228;196;205;176;187;209;343;252;309;308;282;261;363;409
4110;Institución técnica profesional;Tolima;Espinal;Oficial;Sin informaci¿n;DESERTORES;0;0;5;3;0;0;2;1;1;0;1;1;1;0;1;0;;1;1;0;0;0;0;2;0;;;;;0;0;0;;;;;1;0;1;2;1;0;0;0;0;2;0;1;;;;;;
4110;Institución técnica profesional;Tolima;Espinal;Oficial;Hombre;DESERTORES;0;0;59;24;35;15;65;58;73;38;80;52;76;40;52;14;28;14;25;20;28;18;63;19;111;87;113;197;223;203;241;219;152;293;163;128;194;153;195;247;194;189;159;95;102;100;135;97;134;111;83;54;81;53
4111;Institución universitaria/Escuela Tecnológica;Magdalena;Ciénaga;Oficial;Mujer;DESERTORES;0;0;23;20;33;33;49;1;3;3;27;6;13;53;53;23;40;42;60;31;40;82;88;59;59;68;67;52;84;75;88;62;114;77;87;58;103;76;72;109;123;66;120;148;78;67;180;177;290;472;296;235;390;434
4111;Institución universitaria/Escuela Tecnológica;Magdalena;Ciénaga;Oficial;Sin informaci¿n;DESERTORES;;0;;;;;;;;;;0;;;;;;;;;;;;;;;;;;;;;;;;;;;;;;;;;;;;;;;;;;
4111;Institución universitaria/Escuela Tecnológica;Magdalena;Ciénaga;Oficial;Hombre;DESERTORES;0;0;9;3;7;7;7;0;2;4;4;6;9;34;22;20;22;38;30;19;23;28;37;28;38;29;22;24;44;45;56;36;51;30;80;45;75;53;78;73;98;55;52;75;40;18;29;21;32;57;22;18;26;32
4112;Institución técnica profesional;Caldas;Pensilvania;Oficial;Mujer;DESERTORES;0;0;59;30;27;10;26;14;12;44;38;18;62;17;33;30;57;27;103;38;47;37;39;26;30;55;29;46;53;39;31;16;23;18;14;19;18;17;29;34;28;39;27;20;26;19;39;71;70;78;104;107;77;97
4112;Institución técnica profesional;Caldas;Pensilvania;Oficial;Sin informaci¿n;DESERTORES;0;0;0;0;0;0;1;;;;;;0;;;;1;1;0;0;;;;;;;;;;;;;;;;;;;;;;;;;;;;;;;;;;
4112;Institución técnica profesional;Caldas;Pensilvania;Oficial;Hombre;DESERTORES;0;0;12;24;8;7;27;6;12;12;21;11;24;7;24;8;29;13;30;17;22;18;26;20;22;31;19;28;34;20;26;17;15;18;17;8;20;12;20;28;33;23;3;13;4;11;6;8;6;11;4;2;4;4
4701;Institución técnica profesional;Valle del Cauca;Cali;No oficial;Mujer;DESERTORES;0;0;50;15;21;42;19;49;52;34;52;46;51;52;87;80;96;115;118;116;117;161;154;124;161;195;155;178;139;129;142;147;136;177;160;169;169;167;201;156;200;175;156;177;162;223;342;152;221;204;177;210;200;229
4701;Institución técnica profesional;Valle del Cauca;Cali;No oficial;Sin informaci¿n;DESERTORES;;;;;;;;;;;;;;;;;;;;;;0;;;;;0;1;0;;0;;;;1;;;;;;;;;;;;;;;;;;;
4701;Institución técnica profesional;Valle del Cauca;Cali;No oficial;Hombre;DESERTORES;0;0;51;15;31;28;48;53;52;56;55;53;64;88;96;92;109;146;155;154;161;206;225;203;221;225;171;203;202;187;187;183;192;211;191;193;147;152;203;179;205;150;130;135;108;140;163;56;72;54;30;59;28;29
4702;Institución tecnológica;"Bogotá, d. c.";"Bogotá, D.C.";No oficial;Mujer;DESERTORES;;;;;;;;;;;;;;;0;;;;0;3;357;1;188;180;370;620;1;0;85;62;84;51;118;28;145;87;87;55;427;176;176;177;480;519;252;400;245;509;755;1901;1579;1953;993;2591
4702;Institución tecnológica;"Bogotá, d. c.";"Bogotá, D.C.";No oficial;Hombre;DESERTORES;;;;;;;;;;;;;;;;;;;0;;0;414;204;165;;;356;579;95;62;91;43;175;49;132;83;81;64;377;151;176;145;224;148;160;179;114;455;594;1357;1289;1659;;756
4704;Institución técnica profesional;"Bogotá, d. c.";"Bogotá, D.C.";No oficial;Mujer;DESERTORES;;;;;0;;;0;;1;5;;;1;0;0;2;12;;1;4;72;0;1;;0;;;;;;;;;;;;0;;;;;;;;;;;;;;;;
4704;Institución técnica profesional;"Bogotá, d. c.";"Bogotá, D.C.";No oficial;Sin informaci¿n;DESERTORES;;;;;;;;;;;;;;;;0;;;;;;0;;;;;;;;;;;;;;;;;;;;;;;;;;;;;;;;
4704;Institución técnica profesional;"Bogotá, d. c.";"Bogotá, D.C.";No oficial;Hombre;DESERTORES;;;;;;0;;0;1;2;;1;;1;0;0;1;11;;1;11;32;1;0;;0;;;;;;;;;;;;0;;;;;;;;;;;;;;;;
4705;Institución técnica profesional;Cesar;Valledupar;No oficial;Mujer;DESERTORES;0;0;1;0;0;17;0;58;68;39;90;57;15;88;23;44;39;0;0;57;87;95;69;131;209;23;250;117;171;56;67;50;26;20;16;;;;;;;;;;;;;;;;;;;
4705;Institución técnica profesional;Cesar;Valledupar;No oficial;Hombre;DESERTORES;0;0;0;0;0;1;0;1;12;0;3;1;0;56;0;20;17;0;0;19;33;26;33;39;84;19;36;36;92;28;39;27;29;16;11;;;;;;;;;;;;;;;;;;;
4708;Institución técnica profesional;"Bogotá, d. c.";"Bogotá, D.C.";No oficial;Mujer;DESERTORES;0;0;72;40;72;44;32;20;21;21;21;21;26;22;19;30;17;12;29;129;9;18;17;21;28;13;36;22;22;11;;;13;80;8;8;3;;8;17;4;9;;;;;;;;;;;;
4708;Institución técnica profesional;"Bogotá, d. c.";"Bogotá, D.C.";No oficial;Sin informaci¿n;DESERTORES;;;;;0;0;;3;3;3;3;;;;;;;;;;;;;;;;;;;;;;;;;;;;;;;;;;;;;;;;;;;
4708;Institución técnica profesional;"Bogotá, d. c.";"Bogotá, D.C.";No oficial;Hombre;DESERTORES;0;0;18;15;14;11;11;4;9;3;2;7;6;8;6;13;6;5;12;58;2;15;4;5;8;5;7;3;5;2;;;2;15;2;3;5;;5;17;6;10;;;;;;;;;;;;
4709;Institución universitaria/Escuela Tecnológica;Quindío;Armenia;No oficial;Mujer;DESERTORES;0;0;57;167;109;122;117;114;137;90;94;74;65;64;70;60;62;65;84;160;66;103;104;68;90;103;111;98;50;82;93;72;68;97;111;72;145;76;107;90;87;66;95;84;113;64;79;51;85;61;60;71;86;108
4709;Institución universitaria/Escuela Tecnológica;Quindío;Armenia;No oficial;Hombre;DESERTORES;0;0;49;94;85;95;106;104;107;89;104;66;74;72;77;55;57;76;96;128;66;82;113;96;98;120;121;96;104;101;116;109;115;110;129;92;102;78;98;95;112;80;58;61;52;30;43;45;22;15;27;23;19;25
4710;Institución técnica profesional;"Bogotá, d. c.";"Bogotá, D.C.";No oficial;Mujer;DESERTORES;;;;;;;;;;;;;;;;;;;;;;;;;;;;;;;;;;;;0;0;15;36;3;2;0;0;0;;;0;2;0;1;3;224;81;268
4710;Institución técnica profesional;"Bogotá, d. c.";"Bogotá, D.C.";No oficial;Hombre;DESERTORES;;;;;;;;;;;;;;;;;;;;;;;;;;;;;;;;;;;;0;0;9;46;;;;;;;;2;1;0;0;0;16;11;18
4714;Institución técnica profesional;"Bogotá, d. c.";"Bogotá, D.C.";No oficial;Mujer;DESERTORES;0;0;0;0;8;1;8;0;3;0;3;0;2;0;19;0;17;1;4;2;1;2;1;4;4;3;1;1;3;2;0;32;1;1;9;4;16;18;9;12;10;8;13;14;13;13;28;10;26;24;30;29;45;53
4714;Institución técnica profesional;"Bogotá, d. c.";"Bogotá, D.C.";No oficial;Hombre;DESERTORES;0;0;11;9;88;16;65;4;77;13;39;5;31;1;108;0;387;3;23;13;27;8;38;22;34;37;21;39;31;5;0;323;11;4;14;7;12;13;14;14;9;13;12;19;13;8;14;2;7;11;7;11;16;19
4719;Institución técnica profesional;"Bogotá, d. c.";"Bogotá, D.C.";No oficial;Mujer;DESERTORES;;;;;;;;;;;;;0;0;0;1;9;4;3;6;27;50;35;52;52;38;76;57;171;175;217;19;22;18;17;9;88;18;19;38;81;66;64;61;45;71;62;43;19;30;21;30;242;162
4719;Institución técnica profesional;"Bogotá, d. c.";"Bogotá, D.C.";No oficial;Hombre;DESERTORES;;;;;;;;;;;;;0;0;0;0;4;5;9;2;28;36;42;32;41;39;52;44;176;144;130;24;29;18;10;2;86;17;20;37;58;80;35;24;14;19;19;12;11;5;4;7;64;46
4721;Institución universitaria/Escuela Tecnológica;"Bogotá, d. c.";"Bogotá, D.C.";No oficial;Mujer;DESERTORES;0;0;10;2;18;7;8;11;27;13;20;17;34;37;30;77;121;66;122;132;207;161;214;84;210;270;297;196;166;125;89;80;135;137;122;127;81;139;145;96;55;60;75;85;86;71;106;82;124;79;112;99;102;60
4721;Institución universitaria/Escuela Tecnológica;"Bogotá, d. c.";"Bogotá, D.C.";No oficial;Hombre;DESERTORES;0;0;8;7;10;13;13;6;20;17;15;6;32;36;43;62;109;87;151;129;222;147;237;100;214;216;298;253;194;153;108;98;146;164;135;210;100;266;134;85;60;60;47;63;47;42;67;44;72;37;43;47;44;20
4726;Institución universitaria/Escuela Tecnológica;"Bogotá, d. c.";"Bogotá, D.C.";No oficial;Mujer;DESERTORES;0;0;0;10;0;0;0;7;38;63;88;47;74;78;171;139;239;151;246;241;273;171;216;196;205;210;239;160;204;154;187;162;256;239;178;239;251;333;375;154;309;369;423;452;458;563;788;465;616;491;542;624;753;898
4726;Institución universitaria/Escuela Tecnológica;"Bogotá, d. c.";"Bogotá, D.C.";No oficial;Sin informaci¿n;DESERTORES;;;;;;;;;;;;0;0;;;0;2;;;;;;;;;;;;;;;;;;;;;;;;;;;;;;;;;;;;;
4726;Institución universitaria/Escuela Tecnológica;"Bogotá, d. c.";"Bogotá, D.C.";No oficial;Hombre;DESERTORES;0;0;0;11;0;0;0;5;27;51;65;41;59;71;135;110;208;151;264;191;209;183;293;228;222;234;261;210;242;187;251;258;329;356;273;251;235;348;453;464;505;411;362;316;287;343;381;250;317;208;226;246;238;239
4727;Institución tecnológica;"Bogotá, d. c.";"Bogotá, D.C.";No oficial;Mujer;DESERTORES;;;;;;;;;;;;;0;0;44;11;5;203;147;136;198;194;267;302;383;296;400;468;601;662;760;582;950;945;1175;841;1060;666;1155;956;855;1407;1310;1024;1288;1474;1641;629;1122;921;1456;980;1475;1382
4727;Institución tecnológica;"Bogotá, d. c.";"Bogotá, D.C.";No oficial;Sin informaci¿n;DESERTORES;;;;;;;;;;;;;;;;;;;;;;;;;;;;;;;;;;;;0;0;7;9;4;0;;;;;;0;;;;;;;
4727;Institución tecnológica;"Bogotá, d. c.";"Bogotá, D.C.";No oficial;Hombre;DESERTORES;;;;;;;;;;;;;0;0;9;3;5;43;39;28;105;140;215;187;271;219;251;344;505;510;543;447;740;698;1074;767;951;657;1089;803;616;1145;743;591;611;647;502;237;377;294;390;289;398;376
4801;Institución tecnológica;Antioquia;Medellín;No oficial;Mujer;DESERTORES;0;0;28;22;23;26;12;9;16;9;28;8;9;19;17;16;20;23;31;31;26;26;42;39;46;54;60;47;35;41;43;57;47;39;37;37;29;21;34;23;29;25;26;51;37;34;38;28;31;41;46;29;38;33
4801;Institución tecnológica;Antioquia;Medellín;No oficial;Hombre;DESERTORES;0;0;8;11;21;5;13;9;9;8;20;7;7;7;15;11;4;12;18;7;14;17;14;14;35;25;30;23;20;30;21;28;27;23;30;18;21;26;16;13;22;18;14;25;28;16;18;11;9;17;14;5;8;7
4803;Institución técnica profesional;"Bogotá, d. c.";"Bogotá, D.C.";No oficial;Mujer;DESERTORES;0;0;33;105;246;51;126;53;13;8;18;115;59;75;19;63;83;54;130;83;156;98;143;86;84;72;52;31;33;20;15;34;42;31;33;15;29;25;6;1;4;3;3;6;7;5;2;7;4;13;0;25;11;22
4803;Institución técnica profesional;"Bogotá, d. c.";"Bogotá, D.C.";No oficial;Sin informaci¿n;DESERTORES;0;0;1;;1;;;;;;;;;;;;;;;;;;;;;;;;;;;;;;;;;;;;;;;;;;;;;;;;;
4803;Institución técnica profesional;"Bogotá, d. c.";"Bogotá, D.C.";No oficial;Hombre;DESERTORES;0;0;16;59;126;47;149;39;12;4;8;89;50;44;14;57;71;52;110;54;121;58;86;65;72;41;30;29;16;20;8;21;19;18;18;10;16;16;7;2;2;1;1;1;4;0;1;4;0;2;0;2;4;6
4805;Institución técnica profesional;"Bogotá, d. c.";"Bogotá, D.C.";No oficial;Mujer;DESERTORES;;;;;;;;;;;;;;;;;;;0;0;6;5;4;3;;;;;;;3;11;0;0;0;0;0;16;;;;;;;;;;;;;;;;
4805;Institución técnica profesional;"Bogotá, d. c.";"Bogotá, D.C.";No oficial;Hombre;DESERTORES;;;;;;;;;;;;;;;;;;;0;0;6;2;8;4;;;;;;;13;6;0;0;0;0;0;5;;;;;;;;;;;;;;;;
4806;Institución técnica profesional;"Bogotá, d. c.";"Bogotá, D.C.";No oficial;Mujer;DESERTORES;0;0;3;;16;1;3;11;;1;11;1;15;18;13;16;11;14;4;7;55;5;29;2;25;61;1;1;20;18;22;23;7;12;10;12;13;12;16;5;5;5;3;3;1;6;5;5;1;6;4;7;18;6
4806;Institución técnica profesional;"Bogotá, d. c.";"Bogotá, D.C.";No oficial;Hombre;DESERTORES;0;0;;5;24;2;4;14;1;15;1;2;13;16;14;27;14;13;4;3;52;8;32;3;35;86;1;0;14;11;20;34;11;9;21;17;12;7;15;7;1;1;2;0;1;3;6;0;1;2;1;1;1;0
4808;Institución técnica profesional;Valle del Cauca;Cali;No oficial;Mujer;DESERTORES;;;;;;;;;;;;;;;;;;;0;0;2;18;5;2;2;7;10;22;9;2;12;55;63;78;19;14;3;29;22;;78;115;13;1;65;102;159;28;0;7;22;141;25;88
4808;Institución técnica profesional;Valle del Cauca;Cali;No oficial;Hombre;DESERTORES;;;;;;;;;;;;;;;;;;;0;0;0;15;4;7;1;3;12;16;2;0;8;19;12;38;18;9;3;26;20;;58;103;5;3;28;48;28;11;0;1;3;20;5;11
4810;Institución universitaria/Escuela Tecnológica;"Bogotá, d. c.";"Bogotá, D.C.";No oficial;Mujer;DESERTORES;0;0;60;97;20;17;20;88;51;29;38;25;19;35;19;23;9;11;15;33;13;20;26;13;41;17;24;37;23;24;45;28;29;3;42;30;46;47;73;117;105;111;104;90;108;83;164;73;75;65;65;53;40;45
4810;Institución universitaria/Escuela Tecnológica;"Bogotá, d. c.";"Bogotá, D.C.";No oficial;Hombre;DESERTORES;0;0;121;12;21;45;62;92;55;41;79;48;38;82;27;56;18;30;41;38;37;42;30;39;96;39;67;73;49;42;46;77;82;14;104;49;59;72;117;129;74;101;87;61;57;53;71;25;37;27;25;14;8;11
4811;Institución técnica profesional;Valle del Cauca;Cali;No oficial;Mujer;DESERTORES;;;;;;;;;;;;;;;;;;;;;;;;;;;0;0;0;0;;2;1;5;2;3;2;2;4;5;3;8;8;13;17;24;79;3;7;;8;0;11;11
4811;Institución técnica profesional;Valle del Cauca;Cali;No oficial;Hombre;DESERTORES;;;;;;;;;;;;;;;;;;;;;;;;;;;0;0;1;0;;1;0;5;1;1;3;4;3;15;8;9;8;4;5;10;21;0;5;;1;0;1;0
4812;Institución técnica profesional;"Bogotá, d. c.";"Bogotá, D.C.";No oficial;Mujer;DESERTORES;;;;;;;;;;;;;;;;;;;0;0;6;12;;18;27;2;2;20;35;23;89;83;97;92;77;58;50;21;163;162;63;;103;254;5;4;44;8;;;4;;1;25
4812;Institución técnica profesional;"Bogotá, d. c.";"Bogotá, D.C.";No oficial;Hombre;DESERTORES;;;;;;;;;;;;;;;;;;;0;0;10;17;;23;26;3;2;16;28;20;61;45;76;61;66;51;30;20;85;104;52;;63;;115;2;17;6;;;0;;0;8
4813;Institución técnica profesional;"Bogotá, d. c.";"Bogotá, D.C.";No oficial;Mujer;DESERTORES;0;0;0;0;979;0;460;441;227;210;811;731;821;720;1034;585;952;2322;1232;690;1472;1442;2563;2594;1433;2038;1918;2624;2762;2611;2172;1602;1985;2921;3636;2239;1755;3033;2254;2584;2492;2818;2367;2592;1118;5663;3626;3875;5024;6479;8021;7221;7620;9155
4813;Institución técnica profesional;"Bogotá, d. c.";"Bogotá, D.C.";No oficial;Sin informaci¿n;DESERTORES;;;;;;;;;;;;;;0;0;0;0;0;0;0;0;0;;0;0;;;0;0;1;0;0;0;0;0;4;;;;;;;;;;;;;;;;;;
4813;Institución técnica profesional;"Bogotá, d. c.";"Bogotá, D.C.";No oficial;Hombre;DESERTORES;0;0;0;0;157;0;302;334;302;264;585;496;634;549;771;575;867;1336;921;676;1194;1096;1832;2029;873;1386;1416;1489;2012;1387;1510;1109;1423;1877;2271;1398;1247;2503;1705;2045;1534;2067;1565;1671;725;3281;1826;1971;2239;2609;3289;2861;2849;3551
4817;Institución técnica profesional;Atlántico;Barranquilla;No oficial;Mujer;DESERTORES;0;0;37;69;56;123;117;235;187;191;198;134;229;283;234;284;330;200;131;149;249;220;296;237;288;147;214;206;334;96;261;130;243;194;325;347;210;300;190;66;88;87;117;100;96;122;84;53;88;130;266;234;229;303
4817;Institución técnica profesional;Atlántico;Barranquilla;No oficial;Sin informaci¿n;DESERTORES;;;;;;;;;;;;;;;;;;;;;;;;;;;;;;;0;0;1;0;1;;2;;;;;;;;;;;;;;;;;
4817;Institución técnica profesional;Atlántico;Barranquilla;No oficial;Hombre;DESERTORES;0;0;20;57;55;116;131;248;193;234;219;224;190;289;187;215;193;190;111;177;180;156;212;231;264;119;151;160;242;102;188;100;224;141;218;261;153;238;185;247;106;180;79;40;34;36;24;22;29;36;32;39;36;31
4818;Institución universitaria/Escuela Tecnológica;Atlántico;Barranquilla;No oficial;Mujer;DESERTORES;;;;;;;;0;0;4;25;42;191;263;41;4;364;341;443;236;215;224;305;345;200;237;347;571;343;387;368;239;381;326;347;306;290;324;331;356;286;276;496;444;447;453;715;260;373;392;386;347;441;518
4818;Institución universitaria/Escuela Tecnológica;Atlántico;Barranquilla;No oficial;Hombre;DESERTORES;;;;;;;0;0;1;4;12;22;116;197;16;9;289;287;309;231;206;164;234;232;195;218;281;282;260;298;294;248;307;260;349;247;246;261;297;333;317;267;344;264;296;278;303;177;192;186;170;147;130;153
4822;Institución universitaria/Escuela Tecnológica;"Bogotá, d. c.";"Bogotá, D.C.";No oficial;Mujer;DESERTORES;0;0;6;3;8;11;6;11;14;10;13;8;15;21;20;14;20;19;25;17;20;97;38;100;71;71;113;124;156;131;102;121;125;154;151;163;142;210;169;125;134;168;135;119;105;148;187;88;103;115;115;124;107;164
4822;Institución universitaria/Escuela Tecnológica;"Bogotá, d. c.";"Bogotá, D.C.";No oficial;Hombre;DESERTORES;0;0;4;2;3;3;5;3;4;5;6;5;12;12;12;7;9;11;16;15;31;112;60;125;97;108;107;134;139;144;145;147;160;169;150;205;188;203;156;146;167;152;119;95;64;87;100;34;37;51;33;43;33;30
4825;Institución técnica profesional;Risaralda;Pereira;No oficial;Mujer;DESERTORES;;;;;;;;;;;;;;;;;;;0;0;12;60;9;14;20;17;2;4;17;22;24;27;34;6;15;40;35;35;23;76;38;60;74;84;75;80;141;97;124;94;140;120;129;111
4825;Institución técnica profesional;Risaralda;Pereira;No oficial;Sin informaci¿n;DESERTORES;;;;;;;;;;;;;;;;;;;0;;;;;;;;;;;;;;;;;;;;;;;;;;;;;;;;;;;
4825;Institución técnica profesional;Risaralda;Pereira;No oficial;Hombre;DESERTORES;;;;;;;;;;;;;;;;;;;0;0;11;32;5;7;22;11;0;4;18;23;15;24;17;8;20;28;43;24;17;34;13;27;47;37;41;34;53;59;48;36;35;42;37;35
4826;Institución universitaria/Escuela Tecnológica;Bolívar;Cartagena de Indias;No oficial;Mujer;DESERTORES;;;;;;;;;;;;;;;;;;;0;0;161;232;335;103;266;83;125;;;64;806;114;113;149;114;92;60;159;28;1;22;440;5;1;1;;132;;32;35;;;;
4826;Institución universitaria/Escuela Tecnológica;Bolívar;Cartagena de Indias;No oficial;Hombre;DESERTORES;;;;;;;;;;;;;;;;;;;0;0;42;89;209;63;119;51;68;;;44;570;85;72;80;94;63;28;101;20;0;8;277;4;0;0;;52;;28;16;;;;
4827;Institución técnica profesional;Antioquia;Medellín;No oficial;Mujer;DESERTORES;;;0;0;14;11;14;10;20;25;21;17;15;16;13;13;11;12;6;11;8;11;21;32;32;36;25;24;21;28;17;9;11;4;;;;;;;;;;;;;;;;;;;;
4827;Institución técnica profesional;Antioquia;Medellín;No oficial;Hombre;DESERTORES;;;0;0;6;5;11;14;14;18;13;14;16;13;10;22;25;12;11;13;14;24;24;23;37;30;29;23;33;21;19;20;14;15;;;;;;;;;;;;;;;;;;;;
4829;Institución técnica profesional;Santander;Bucaramanga;No oficial;Mujer;DESERTORES;0;0;10;88;60;96;7;27;13;12;27;28;86;51;63;33;40;47;32;48;47;73;29;127;267;40;158;300;32;134;103;138;65;88;144;147;168;113;88;73;40;16;10;61;10;8;20;111;159;140;121;78;88;66
4829;Institución técnica profesional;Santander;Bucaramanga;No oficial;Sin informaci¿n;DESERTORES;;;0;;;;;;;;;;;;;;;;;;;;;;;;;;;;;;;;;;;;;;;;;;;;;;;;;;;
4829;Institución técnica profesional;Santander;Bucaramanga;No oficial;Hombre;DESERTORES;0;0;8;23;17;26;2;8;8;4;9;10;32;18;30;7;24;25;15;19;9;21;5;58;82;13;57;75;8;56;47;71;39;37;55;83;95;82;45;66;18;4;5;39;2;5;2;27;38;27;25;12;15;15
4832;Institución técnica profesional;"Bogotá, d. c.";"Bogotá, D.C.";No oficial;Mujer;DESERTORES;;;;;;0;0;2;0;1;0;0;;0;;3;1;1;1;1;27;6;96;106;239;202;372;255;513;330;460;219;408;427;363;18;159;52;250;76;181;32;108;129;73;106;158;79;151;71;182;90;73;67
4832;Institución técnica profesional;"Bogotá, d. c.";"Bogotá, D.C.";No oficial;Hombre;DESERTORES;;;;;;;;0;;;;0;5;2;1;1;0;0;2;1;20;5;80;84;179;163;244;208;352;226;289;198;294;347;321;15;142;42;228;49;127;40;67;69;47;27;34;26;29;8;32;11;13;9
4835;Institución universitaria/Escuela Tecnológica;"Bogotá, d. c.";"Bogotá, D.C.";No oficial;Mujer;DESERTORES;0;;;0;;1;20;2;48;64;68;46;60;12;22;270;47;40;15;3;38;48;40;30;48;27;34;48;50;50;71;52;50;33;41;27;32;22;24;26;26;24;25;18;21;24;54;29;38;42;47;54;73;57
4835;Institución universitaria/Escuela Tecnológica;"Bogotá, d. c.";"Bogotá, D.C.";No oficial;Hombre;DESERTORES;0;;;0;;;1;10;42;34;38;28;38;25;8;188;46;29;17;8;36;41;54;41;39;32;40;57;40;51;40;37;46;32;34;17;33;21;25;21;19;25;18;25;14;9;19;9;8;6;13;5;7;9
4837;Institución universitaria/Escuela Tecnológica;Atlántico;Barranquilla;No oficial;Mujer;DESERTORES;0;0;7;7;12;21;24;22;18;45;23;53;43;43;40;43;40;19;26;25;24;51;40;32;1;24;40;18;23;1;10;13;14;12;10;14;35;22;11;22;20;26;28;20;27;23;34;12;42;39;51;57;65;31
4837;Institución universitaria/Escuela Tecnológica;Atlántico;Barranquilla;No oficial;Hombre;DESERTORES;0;0;2;2;5;3;7;12;13;32;15;13;11;10;28;33;20;13;18;18;16;35;50;25;2;28;31;23;20;9;13;16;17;22;21;35;20;19;12;19;17;20;26;10;10;9;11;9;14;8;8;11;11;7
5801;Institución universitaria/Escuela Tecnológica;Santander;Bucaramanga;No oficial;Mujer;DESERTORES;;;;;;0;0;0;16;1;6;6;5;7;0;7;7;3;1;0;1;3;0;;;3;1;0;0;30;6;5;7;14;57;22;67;44;50;23;12;15;25;30;25;25;51;41;59;76;57;89;107;61
5801;Institución universitaria/Escuela Tecnológica;Santander;Bucaramanga;No oficial;Sin informaci¿n;DESERTORES;;;;;;;;;;;;;;;;;;;;;;;;;;0;0;0;0;0;0;0;;;;;;;;;;;;;;;;;;;;;;
5801;Institución universitaria/Escuela Tecnológica;Santander;Bucaramanga;No oficial;Hombre;DESERTORES;;;;;;0;0;0;5;5;7;1;4;3;0;1;1;4;2;1;0;0;;;;0;1;0;0;60;8;3;5;24;67;19;47;54;69;22;31;18;9;17;19;9;29;21;23;29;23;18;35;9
5802;Universidad;"Bogotá, d. c.";"Bogotá, D.C.";No oficial;Mujer;DESERTORES;0;0;70;95;240;0;215;286;343;166;282;244;305;854;167;112;410;355;426;310;374;386;497;422;498;573;616;640;726;744;630;553;673;1182;784;551;714;755;913;839;1177;1071;1070;913;1201;1403;1671;1048;1267;971;1403;1319;1299;1564
5802;Universidad;"Bogotá, d. c.";"Bogotá, D.C.";No oficial;Hombre;DESERTORES;0;0;14;41;97;0;126;186;266;178;267;243;417;1091;315;168;696;507;677;494;641;652;964;810;939;909;1001;1009;1176;1241;1066;910;1134;1515;1153;737;976;961;1224;1207;1297;1243;1030;863;997;1093;1067;718;611;561;620;479;403;465
9102;Institución tecnológica;Cundinamarca;Madrid;Oficial;Mujer;DESERTORES;0;0;0;3;11;1;0;1;0;0;0;2;0;0;0;1;0;1;0;1;0;0;0;0;0;0;0;1;0;0;0;0;0;0;4;0;11;2;8;1;7;3;8;1;6;3;10;3;32;27;31;;18;
9102;Institución tecnológica;Cundinamarca;Madrid;Oficial;Hombre;DESERTORES;0;0;0;6;44;14;8;41;2;17;0;46;3;12;5;13;1;14;0;17;0;8;0;3;12;4;1;2;11;4;3;5;1;2;4;3;3;4;11;2;4;3;4;3;8;2;2;0;11;4;4;;5;
9103;Institución universitaria/Escuela Tecnológica;Valle del Cauca;Cali;Oficial;Mujer;DESERTORES;0;0;7;8;2;3;3;1;5;1;3;2;2;6;2;0;5;4;6;1;6;1;3;2;5;2;1;7;5;7;2;3;6;4;15;16;19;26;6;2;16;10;48;18;25;10;18;2;9;27;27;;25;
9103;Institución universitaria/Escuela Tecnológica;Valle del Cauca;Cali;Oficial;Hombre;DESERTORES;0;0;22;14;17;11;16;9;25;19;18;17;12;14;12;14;9;20;20;15;29;13;59;18;19;8;24;25;29;32;15;30;27;31;22;20;6;15;15;17;12;13;10;7;6;5;0;1;0;0;0;;0;
9104;Institución universitaria/Escuela Tecnológica;"Bogotá, d. c.";"Bogotá, D.C.";Oficial;Mujer;DESERTORES;;;;;;;0;;;;;;;;;;0;0;0;0;19;24;14;6;2;2;0;1;9;15;8;13;13;12;44;25;26;32;59;46;39;45;26;15;47;50;27;7;39;56;52;62;58;37
9104;Institución universitaria/Escuela Tecnológica;"Bogotá, d. c.";"Bogotá, D.C.";Oficial;Hombre;DESERTORES;;;;;;;;;;;;;;;;;0;0;0;1;113;41;92;31;3;35;2;0;69;69;24;57;66;82;55;33;19;36;53;31;27;26;12;7;6;5;3;1;8;6;4;2;1;0
9105;Universidad;Bolívar;Cartagena de Indias;Oficial;Mujer;DESERTORES;0;0;3;3;3;1;8;2;2;0;7;5;7;12;2;4;7;11;4;3;3;9;3;1;3;5;4;6;4;1;3;5;9;2;29;17;27;52;22;10;32;25;35;11;27;21;25;33;34;100;81;51;75;62
9105;Universidad;Bolívar;Cartagena de Indias;Oficial;Hombre;DESERTORES;0;0;15;23;18;39;17;10;7;7;25;30;50;54;29;19;18;22;12;23;20;30;29;11;17;20;35;28;9;8;38;19;26;8;34;18;11;40;51;31;32;15;11;4;4;5;2;5;17;91;8;22;0;1
9107;Institución universitaria/Escuela Tecnológica;"Bogotá, d. c.";"Bogotá, D.C.";Oficial;Mujer;DESERTORES;;;;;;;;;0;0;0;0;;;;;0;0;0;0;11;16;4;43;27;25;20;35;13;55;40;73;65;77;92;22;43;57;20;29;34;19;16;33;21;13;12;28;28;23;24;30;22;32
9107;Institución universitaria/Escuela Tecnológica;"Bogotá, d. c.";"Bogotá, D.C.";Oficial;Hombre;DESERTORES;;;;;;;;;;;;;;;;;;;0;0;46;55;2;67;84;60;78;65;14;79;36;26;54;54;33;23;63;79;31;36;38;24;32;30;32;21;9;25;28;26;55;30;24;45
9110;Institución tecnológica;"Bogotá, d. c.";"Bogotá, D.C.";Oficial;Mujer;DESERTORES;;;;;;;;;;;;;;;;;;;;;;;;;0;0;74;467;890;3231;7099;4036;20409;16119;20483;11416;33216;36610;15824;34365;16324;40941;328;43357;664;48445;10168;48269;2258;62954;208;78441;126;61405
9110;Institución tecnológica;"Bogotá, d. c.";"Bogotá, D.C.";Oficial;Hombre;DESERTORES;;;;;;;;;;;;;;;;;;;;;;;;;0;0;59;355;670;2689;5262;3363;14348;10533;15171;8767;27344;32423;12599;30271;14046;35922;319;33303;237;30824;2006;20916;629;22829;74;27940;16;21518
9116;Institución universitaria/Escuela Tecnológica;Chocó;Quibdó;No oficial;Mujer;DESERTORES;;;;;;;;;;;;;;;;;;;;;0;0;7;12;26;49;55;43;98;83;42;64;45;60;87;79;87;119;105;116;150;0;13;446;147;161;173;162;224;247;217;182;196;182
9116;Institución universitaria/Escuela Tecnológica;Chocó;Quibdó;No oficial;Hombre;DESERTORES;;;;;;;;;;;;;;;;;;;;;0;0;8;14;16;27;19;18;31;21;11;13;9;25;33;55;38;80;73;63;88;1;3;197;45;60;64;59;57;83;63;55;54;46
9117;Institución técnica profesional;"Bogotá, d. c.";"Bogotá, D.C.";No oficial;Mujer;DESERTORES;;;;;;;;;;;;;;;;;;;0;0;9;8;5;9;5;6;10;12;4;10;14;8;6;8;4;5;3;3;4;3;5;8;4;7;7;3;3;0;5;2;0;2;2;2
9117;Institución técnica profesional;"Bogotá, d. c.";"Bogotá, D.C.";No oficial;Hombre;DESERTORES;;;;;;;;;;;;;;;;;;;0;;;;0;1;0;0;;;0;1;0;0;1;0;1;2;1;0;1;0;0;2;3;1;2;0;1;1;3;0;0;0;1;0
9119;Institución universitaria/Escuela Tecnológica;Atlántico;Barranquilla;No oficial;Mujer;DESERTORES;;;;;;;;;;;;;;;;;;;0;0;10;53;51;27;103;96;116;139;167;128;168;228;300;402;518;543;575;675;675;736;801;959;864;930;816;986;1111;706;922;960;1160;1215;1277;1459
9119;Institución universitaria/Escuela Tecnológica;Atlántico;Barranquilla;No oficial;Hombre;DESERTORES;;;;;;;;;;;;;;;;;;;0;0;10;45;38;30;87;90;77;103;101;110;167;164;174;257;390;415;395;503;500;543;642;716;525;602;531;556;591;455;496;537;550;525;465;522
9120;Institución universitaria/Escuela Tecnológica;Antioquia;Medellín;No oficial;Mujer;DESERTORES;;;;;;;;;;;;;;;;;;;;0;0;7;13;9;12;14;23;9;10;15;16;10;19;24;23;18;22;34;32;21;35;44;53;44;47;52;70;45;52;48;64;62;54;65
9120;Institución universitaria/Escuela Tecnológica;Antioquia;Medellín;No oficial;Hombre;DESERTORES;;;;;;;;;;;;;;;;;;;;0;0;9;10;8;12;9;23;19;18;17;15;22;38;26;36;17;28;34;43;51;37;28;32;41;46;32;49;22;29;31;21;25;18;13
9121;Institución universitaria/Escuela Tecnológica;Bolívar;Cartagena de Indias;No oficial;Mujer;DESERTORES;;;;;;;;;;;;;;;;;;;;0;0;1;2;3;9;16;24;22;61;56;78;49;160;173;181;145;141;156;164;265;157;135;160;148;208;251;350;83;147;191;167;208;189;287
9121;Institución universitaria/Escuela Tecnológica;Bolívar;Cartagena de Indias;No oficial;Hombre;DESERTORES;;;;;;;;;;;;;;;;;;;;0;0;1;5;0;10;16;12;10;34;24;26;31;46;60;107;100;92;104;141;165;127;105;117;116;130;108;130;60;66;67;71;51;47;57
9122;Universidad;Santander;Bucaramanga;No oficial;Mujer;DESERTORES;0;0;2;10;18;13;11;17;22;18;18;30;41;35;43;43;36;46;33;14;29;31;46;29;29;29;55;35;31;41;42;34;32;35;31;32;27;40;31;22;23;33;29;18;20;22;40;29;21;26;54;33;26;33
9122;Universidad;Santander;Bucaramanga;No oficial;Hombre;DESERTORES;0;0;1;3;6;6;2;6;4;8;10;12;17;17;12;15;15;17;6;8;11;16;17;10;16;16;42;28;29;23;21;22;19;17;18;12;23;33;31;14;29;28;14;24;15;22;21;10;10;8;7;17;18;5
9124;Institución tecnológica;Antioquia;Marinilla;No oficial;Mujer;DESERTORES;;;;;;;;;;;;;;;;;;;;;0;0;0;4;1;36;0;10;72;25;3;0;1;1;14;22;10;33;14;1;4;16;14;22;1;3;3;19;23;7;1;3;2;2
9124;Institución tecnológica;Antioquia;Marinilla;No oficial;Hombre;DESERTORES;;;;;;;;;;;;;;;;;;;;;0;0;0;2;1;25;0;6;43;19;4;2;2;4;11;10;16;37;14;8;5;12;5;8;0;0;0;6;4;0;1;1;1;0
9125;Universidad;Antioquia;Santa Fé de Antioquia;Oficial;Mujer;DESERTORES;;;;;;;;;;;;;;;;0;0;2;2;4;3;3;6;2;16;11;5;45;4;17;13;9;7;12;9;12;5;2;2;1;3;2;3;0;1;8;3;2;2;6;;;;
9125;Universidad;Antioquia;Santa Fé de Antioquia;Oficial;Hombre;DESERTORES;;;;;;;;;;;;;;;;0;0;5;2;3;3;0;5;2;5;12;3;19;3;9;5;4;4;6;9;5;2;5;3;4;0;3;0;1;0;0;1;0;0;2;;;;
9126;Institución tecnológica;Atlántico;Barranquilla;No oficial;Mujer;DESERTORES;;;;;;;;;;;;;;;;;;;;;;;;;0;0;0;0;0;3;1;0;1;2;17;15;31;57;30;22;38;28;46;28;40;40;91;30;45;51;52;43;58;43
9126;Institución tecnológica;Atlántico;Barranquilla;No oficial;Hombre;DESERTORES;;;;;;;;;;;;;;;;;;;;;;;;;0;0;0;0;2;3;4;3;2;9;18;16;38;34;74;94;66;55;34;54;35;28;24;27;17;13;12;8;15;7
9127;Institución universitaria/Escuela Tecnológica;Antioquia;Sabaneta;No oficial;Mujer;DESERTORES;;;;;;;;;;;;;;;;;;;;;;;0;0;92;91;48;47;31;38;25;31;61;40;52;64;87;100;94;76;98;80;166;53;66;53;76;70;69;55;59;83;60;82
9127;Institución universitaria/Escuela Tecnológica;Antioquia;Sabaneta;No oficial;Hombre;DESERTORES;;;;;;;;;;;;;;;;;;;;;;;0;0;21;25;21;28;12;17;21;21;21;30;62;51;52;57;80;57;85;61;71;35;41;37;29;35;34;33;23;28;31;25
9128;Institución tecnológica;"Bogotá, d. c.";"Bogotá, D.C.";No oficial;Mujer;DESERTORES;;;;;;;;;;;;;;;;;;;;;;;;0;0;0;34;80;87;95;66;163;66;102;74;95;49;90;113;75;81;81;76;94;45;118;128;74;39;107;71;143;65;166
9128;Institución tecnológica;"Bogotá, d. c.";"Bogotá, D.C.";No oficial;Hombre;DESERTORES;;;;;;;;;;;;;;;;;;;;;;;;0;0;0;14;28;25;44;36;41;25;45;51;49;35;66;87;54;83;57;34;60;28;63;56;26;18;19;18;26;17;22
9129;Institución universitaria/Escuela Tecnológica;"Bogotá, d. c.";"Bogotá, D.C.";No oficial;Mujer;DESERTORES;;;;;;;;;;;;;;;;;;;;;;;;;0;0;5;12;29;32;35;47;56;38;55;44;71;107;90;89;120;117;109;92;109;135;140;92;109;143;146;152;149;166
9129;Institución universitaria/Escuela Tecnológica;"Bogotá, d. c.";"Bogotá, D.C.";No oficial;Hombre;DESERTORES;;;;;;;;;;;;;;;;;;;;;;;;;0;0;2;12;22;44;71;90;59;73;58;56;83;102;106;127;89;95;81;73;54;73;78;55;67;51;45;65;56;52
9131;Institución universitaria/Escuela Tecnológica;"Bogotá, d. c.";"Bogotá, D.C.";No oficial;Mujer;DESERTORES;;;;;;;;;;;;;;;;;;;;;;;;;;;0;0;0;3;2;3;5;5;10;5;28;35;41;15;16;20;18;16;39;67;56;44;92;106;119;165;119;132
9131;Institución universitaria/Escuela Tecnológica;"Bogotá, d. c.";"Bogotá, D.C.";No oficial;Hombre;DESERTORES;;;;;;;;;;;;;;;;;;;;;;;;;;;0;0;5;16;7;12;8;23;7;13;39;43;37;41;32;37;17;28;35;38;25;25;32;29;31;49;45;32
9132;Institución universitaria/Escuela Tecnológica;"Bogotá, d. c.";"Bogotá, D.C.";No oficial;Mujer;DESERTORES;;;;;;;;;;;;;;;;;;;;;;;;;;;;;0;;;;;;;;;;;;;;;;;;;;;;;;;
9132;Institución universitaria/Escuela Tecnológica;"Bogotá, d. c.";"Bogotá, D.C.";No oficial;Hombre;DESERTORES;;;;;;;;;;;;;;;;;;;;;;;;;;;;;0;;;;;;;;;;;;;;;;;;;;;;;;;
9899;Institución universitaria/Escuela Tecnológica;"Bogotá, d. c.";"Bogotá, D.C.";No oficial;Mujer;DESERTORES;;;;;;;;;;;;;;;;;;;;;;;;;;;0;0;23;62;51;97;121;158;178;206;481;104;852;1;0;3;202;34;385;453;319;5;703;1;453;1;;446
9899;Institución universitaria/Escuela Tecnológica;"Bogotá, d. c.";"Bogotá, D.C.";No oficial;Hombre;DESERTORES;;;;;;;;;;;;;;;;;;;;;;;;;;;0;0;32;108;89;104;119;121;139;189;401;79;692;1;0;4;147;8;319;275;144;;1;;240;148;;117
9900;Institución universitaria/Escuela Tecnológica;Antioquia;Medellín;No oficial;Mujer;DESERTORES;;;;;;;;;;;;;;;;;;;;;;;;;;;;;;;0;0;3;2;3;15;20;18;26;18;40;28;31;33;61;45;36;24;28;28;35;46;61;64
9900;Institución universitaria/Escuela Tecnológica;Antioquia;Medellín;No oficial;Hombre;DESERTORES;;;;;;;;;;;;;;;;;;;;;;;;;;;;;;;0;0;4;3;5;12;20;11;24;28;29;25;32;35;29;33;32;16;19;18;18;19;30;20
9902;Institución universitaria/Escuela Tecnológica;Santander;Bucaramanga;No oficial;Mujer;DESERTORES;;;;;;;;;;;;;;;;;;;;;;;;;;;;;;;;0;0;0;3;0;6;20;15;15;14;15;19;29;20;35;34;25;37;29;31;42;42;32
9902;Institución universitaria/Escuela Tecnológica;Santander;Bucaramanga;No oficial;Hombre;DESERTORES;;;;;;;;;;;;;;;;;;;;;;;;;;;;;;;;0;0;0;6;2;9;24;11;14;11;18;11;23;22;17;31;23;23;18;24;23;23;19
9903;Institución tecnológica;"Bogotá, d. c.";"Bogotá, D.C.";No oficial;Mujer;DESERTORES;;;;;;;;;;;;;;;;;;;;;;;;;;;;0;0;6;37;27;35;66;262;76;219;16;4;118;70;45;145;77;118;103;73;9;24;37;46;51;71;75
9903;Institución tecnológica;"Bogotá, d. c.";"Bogotá, D.C.";No oficial;Sin informaci¿n;DESERTORES;;;;;;;;;;;;;;;;;;;;;;;;;;;;;;;;0;0;0;;;;;;;;;;;;;;;;;;;;
9903;Institución tecnológica;"Bogotá, d. c.";"Bogotá, D.C.";No oficial;Hombre;DESERTORES;;;;;;;;;;;;;;;;;;;;;;;;;;;;0;0;2;36;45;36;72;211;85;128;21;11;139;60;38;79;41;55;39;27;3;6;24;8;15;20;10
9904;Institución universitaria/Escuela Tecnológica;"Bogotá, d. c.";"Bogotá, D.C.";No oficial;Mujer;DESERTORES;;;;;;;;;;;;;;;;;;;;;;;;;;;;;0;0;1;4;11;11;13;32;60;80;112;179;171;133;166;173;246;254;356;174;254;232;223;188;235;581
9904;Institución universitaria/Escuela Tecnológica;"Bogotá, d. c.";"Bogotá, D.C.";No oficial;Sin informaci¿n;DESERTORES;;;;;;;;;;;;;;;;;;;;;;;;;;;;;;;;;;0;0;0;1;1;;0;2;;;;;;;;;;;;;
9904;Institución universitaria/Escuela Tecnológica;"Bogotá, d. c.";"Bogotá, D.C.";No oficial;Hombre;DESERTORES;;;;;;;;;;;;;;;;;;;;;;;;;;;;;0;0;6;7;29;14;26;53;91;81;102;164;157;129;119;116;120;135;184;60;102;93;87;67;75;142
9905;Institución universitaria/Escuela Tecnológica;Huila;Rivera;No oficial;Mujer;DESERTORES;;;;;;;;;;;;;;;;;;;;;;;;;;;;;;;0;0;2;2;1;21;37;29;50;39;56;39;58;38;32;53;79;49;60;88;57;90;59;71
9905;Institución universitaria/Escuela Tecnológica;Huila;Rivera;No oficial;Hombre;DESERTORES;;;;;;;;;;;;;;;;;;;;;;;;;;;;;;;0;0;0;3;1;13;31;27;48;44;46;34;26;34;18;27;42;33;35;61;35;36;20;20
9906;Institución universitaria/Escuela Tecnológica;Valle del Cauca;Cali;No oficial;Mujer;DESERTORES;;;;;;;;;;;;;;;;;;;;;;;;;;;;;;0;0;0;21;20;13;11;11;9;12;14;12;10;13;19;16;15;17;11;16;7;15;16;18;9
9906;Institución universitaria/Escuela Tecnológica;Valle del Cauca;Cali;No oficial;Hombre;DESERTORES;;;;;;;;;;;;;;;;;;;;;;;;;;;;;;0;0;0;17;18;18;4;12;7;10;8;12;9;17;7;3;9;4;4;5;6;2;6;4;4
9907;Institución universitaria/Escuela Tecnológica;Huila;Neiva;No oficial;Mujer;DESERTORES;;;;;;;;;;;;;;;;;;;;;;;;;;;;;;;;;0;0;3;20;30;37;38;47;51;62;96;107;87;131;141;58;88;147;84;106;104;132
9907;Institución universitaria/Escuela Tecnológica;Huila;Neiva;No oficial;Hombre;DESERTORES;;;;;;;;;;;;;;;;;;;;;;;;;;;;;;;;;0;0;4;24;25;41;39;66;74;57;74;55;49;85;69;25;25;58;36;21;33;30
9913;Institución universitaria/Escuela Tecnológica;"Bogotá, d. c.";"Bogotá, D.C.";No oficial;Mujer;DESERTORES;;;;;;;;;;;;;;;;;;;;;;;;;;;;;;;;;0;0;0;4;14;78;612;770;152;853;599;531;537;733;674;970;946;666;1056;457;940;743
9913;Institución universitaria/Escuela Tecnológica;"Bogotá, d. c.";"Bogotá, D.C.";No oficial;Hombre;DESERTORES;;;;;;;;;;;;;;;;;;;;;;;;;;;;;;;;;0;0;1;0;5;78;628;635;139;649;423;390;387;531;471;660;543;331;490;226;320;287
9914;Institución universitaria/Escuela Tecnológica;"Bogotá, d. c.";"Bogotá, D.C.";No oficial;Mujer;DESERTORES;;;;;;;;;;;;;;;;;;;;;;;;;;;;;;;;;;0;0;3;21;11;8;14;13;12;28;28;27;28;7;26;44;55;88;89;125;143
9914;Institución universitaria/Escuela Tecnológica;"Bogotá, d. c.";"Bogotá, D.C.";No oficial;Hombre;DESERTORES;;;;;;;;;;;;;;;;;;;;;;;;;;;;;;;;;;0;0;2;21;15;11;17;17;12;15;22;18;12;9;20;25;22;24;26;28;27
9915;Institución universitaria/Escuela Tecnológica;"Bogotá, d. c.";"Bogotá, D.C.";No oficial;Mujer;DESERTORES;;;;;;;;;;;;;;;;;;;;;;;;;;;;;;;;;;0;0;3;11;3;22;38;173;175;246;258;274;112;140;;177;417;198;153;256;225
9915;Institución universitaria/Escuela Tecnológica;"Bogotá, d. c.";"Bogotá, D.C.";No oficial;Sin informaci¿n;DESERTORES;;;;;;;;;;;;;;;;;;;;;;;;;;;;;;;;;;;;0;;;;;;;;;;;;;;;;;;
9915;Institución universitaria/Escuela Tecnológica;"Bogotá, d. c.";"Bogotá, D.C.";No oficial;Hombre;DESERTORES;;;;;;;;;;;;;;;;;;;;;;;;;;;;;;;;;;0;0;3;12;11;33;40;191;89;146;122;133;64;66;;91;188;83;63;107;101
9918;Institución universitaria/Escuela Tecnológica;Cundinamarca;Cota;Oficial;Mujer;DESERTORES;;;;;;;;;;;;;;;;;;;;;;;;;;;;;;;;;;;;0;;;;;;;;;;;;;;;;;;
9918;Institución universitaria/Escuela Tecnológica;Cundinamarca;Cota;Oficial;Hombre;DESERTORES;;;;;;;;;;;;;;;;;;;;;;;;;;;;;;;;;;;;0;;;;;;;;;;;;;;;;;;
9921;Institución universitaria/Escuela Tecnológica;Nariño;Pasto;No oficial;Mujer;DESERTORES;;;;;;;;;;;;;;;;;;;;;;;;;;;;;;;;;;;;;;;;0;0;3;5;3;2;3;0;3;4;4;3;6;7;4
9921;Institución universitaria/Escuela Tecnológica;Nariño;Pasto;No oficial;Hombre;DESERTORES;;;;;;;;;;;;;;;;;;;;;;;;;;;;;;;;;;;;;;;;0;0;1;2;1;1;2;1;1;0;1;1;2;0;0
9922;Institución universitaria/Escuela Tecnológica;Risaralda;Pereira;No oficial;Mujer;DESERTORES;;;;;;;;;;;;;;;;;;;;;;;;;;;;;;;;;;;;;;;0;0;44;37;55;60;91;68;63;51;88;75;73;78;86;194
9922;Institución universitaria/Escuela Tecnológica;Risaralda;Pereira;No oficial;Hombre;DESERTORES;;;;;;;;;;;;;;;;;;;;;;;;;;;;;;;;;;;;;;;0;0;23;24;30;34;43;48;43;26;37;40;29;34;27;41
9923;Institución universitaria/Escuela Tecnológica;"Bogotá, d. c.";"Bogotá, D.C.";No oficial;Mujer;DESERTORES;;;;;;;;;;;;;;;;;;;;;;;;;;;;;;;;;;;;;;;;;;;;;;0;0;0;0;0;0;;0;26
9923;Institución universitaria/Escuela Tecnológica;"Bogotá, d. c.";"Bogotá, D.C.";No oficial;Hombre;DESERTORES;;;;;;;;;;;;;;;;;;;;;;;;;;;;;;;;;;;;;;;;;;;;;;0;0;0;0;1;0;;0;7
9924;Institución universitaria/Escuela Tecnológica;"Bogotá, d. c.";"Bogotá, D.C.";No oficial;Mujer;DESERTORES;;;;;;;;;;;;;;;;;;;;;;;;;;;;;;;;;;;;;;;;;;;;;;0;0;0;11;12;21;41;35;34
9924;Institución universitaria/Escuela Tecnológica;"Bogotá, d. c.";"Bogotá, D.C.";No oficial;Hombre;DESERTORES;;;;;;;;;;;;;;;;;;;;;;;;;;;;;;;;;;;;;;;;;;;;;;0;0;2;5;10;15;18;18;10
9926;Institución universitaria/Escuela Tecnológica;"Bogotá, d. c.";"Bogotá, D.C.";No oficial;Mujer;DESERTORES;;;;;;;;;;;;;;;;;;;;;;;;;;;;;;;;;;;;;;;;;;;0;0;26;63;120;205;307;401;515;458;535;446
9926;Institución universitaria/Escuela Tecnológica;"Bogotá, d. c.";"Bogotá, D.C.";No oficial;Hombre;DESERTORES;;;;;;;;;;;;;;;;;;;;;;;;;;;;;;;;;;;;;;;;;;;0;0;50;57;111;138;168;211;204;174;199;171
9927;Institución universitaria/Escuela Tecnológica;Antioquia;Medellín;Oficial;Mujer;DESERTORES;;;;;;;;;;;;;;;;;;;;;;;;;;;;;;;;;;;;;;;;;;;0;0;42;133;77;193;496;747;751;1044;653;883
9927;Institución universitaria/Escuela Tecnológica;Antioquia;Medellín;Oficial;Hombre;DESERTORES;;;;;;;;;;;;;;;;;;;;;;;;;;;;;;;;;;;;;;;;;;;0;0;52;152;59;132;235;345;259;387;225;231
9928;Institución universitaria/Escuela Tecnológica;"Bogotá, d. c.";"Bogotá, D.C.";No oficial;Mujer;DESERTORES;;;;;;;;;;;;;;;;;;;;;;;;;;;;;;;;;;;;;;;;;;;;;0;0;2;2;2;10;22;34;18;9
9928;Institución universitaria/Escuela Tecnológica;"Bogotá, d. c.";"Bogotá, D.C.";No oficial;Hombre;DESERTORES;;;;;;;;;;;;;;;;;;;;;;;;;;;;;;;;;;;;;;;;;;;;;;0;0;1;0;1;5;5;0;1
9929;Universidad;Cauca;Popayán;Oficial;Mujer;DESERTORES;;;;;;;;;;;;;;;;;;;;;;;;;;;;;;;;;;;;;;;;;;;0;0;334;2;15;62;77;79;54;8;175;41
9929;Universidad;Cauca;Popayán;Oficial;Hombre;DESERTORES;;;;;;;;;;;;;;;;;;;;;;;;;;;;;;;;;;;;;;;;;;;0;0;172;5;10;29;18;22;5;1;32;16
9930;Institución universitaria/Escuela Tecnológica;"Bogotá, d. c.";"Bogotá, D.C.";Oficial;Mujer;DESERTORES;;;;;;;;;;;;;;;;;;;;;;;;;;;;;;;;;;;;;;;;;;;;;;0;0;2;10;2;9;4;7;8
9930;Institución universitaria/Escuela Tecnológica;"Bogotá, d. c.";"Bogotá, D.C.";Oficial;Hombre;DESERTORES;;;;;;;;;;;;;;;;;;;;;;;;;;;;;;;;;;;;;;;;;;;;;;0;0;1;2;0;4;3;2;0
9931;Institución universitaria/Escuela Tecnológica;"Bogotá, d. c.";"Bogotá, D.C.";No oficial;Mujer;DESERTORES;;;;;;;;;;;;;;;;;;;;;;;;;;;;;;;;;;;;;;;;;;;;;0;0;3;24;23;;;;;
9931;Institución universitaria/Escuela Tecnológica;"Bogotá, d. c.";"Bogotá, D.C.";No oficial;Hombre;DESERTORES;;;;;;;;;;;;;;;;;;;;;;;;;;;;;;;;;;;;;;;;;;;;;0;0;1;5;11;;;;;
9932;Institución universitaria/Escuela Tecnológica;"Bogotá, d. c.";"Bogotá, D.C.";No oficial;Mujer;DESERTORES;;;;;;;;;;;;;;;;;;;;;;;;;;;;;;;;;;;;;;;;;;;;;;;0;0;1;1;1;5;6;5
9932;Institución universitaria/Escuela Tecnológica;"Bogotá, d. c.";"Bogotá, D.C.";No oficial;Hombre;DESERTORES;;;;;;;;;;;;;;;;;;;;;;;;;;;;;;;;;;;;;;;;;;;;;;;0;0;1;0;0;0;1;0
9933;Universidad;Cesar;La Paz;Oficial;Mujer;DESERTORES;;;;;;;;;;;;;;;;;;;;;;;;;;;;;;;;;;;;;;;;;;;;0;0;19;7;15;26;37;35;65;62;61
9933;Universidad;Cesar;La Paz;Oficial;Hombre;DESERTORES;;;;;;;;;;;;;;;;;;;;;;;;;;;;;;;;;;;;;;;;;;;;0;0;0;1;1;6;7;4;5;2;6
9934;Institución universitaria/Escuela Tecnológica;"Bogotá, d. c.";"Bogotá, D.C.";Oficial;Mujer;DESERTORES;;;;;;;;;;;;;;;;;;;;;;;;;;;;;;;;;;;;;;;;;;;;;;;0;0;1;1;5;1;18;1
9934;Institución universitaria/Escuela Tecnológica;"Bogotá, d. c.";"Bogotá, D.C.";Oficial;Hombre;DESERTORES;;;;;;;;;;;;;;;;;;;;;;;;;;;;;;;;;;;;;;;;;;;;;;;0;0;0;0;0;1;8;2
9935;Institución tecnológica;Santander;Barrancabermeja;No oficial;Mujer;DESERTORES;;;;;;;;;;;;;;;;;;;;;;;;;;;;;;;;;;;;;;;;;;;;;;;0;0;5;5;13;9;26;
9935;Institución tecnológica;Santander;Barrancabermeja;No oficial;Hombre;DESERTORES;;;;;;;;;;;;;;;;;;;;;;;;;;;;;;;;;;;;;;;;;;;;;;;0;0;1;1;4;1;6;
9936;Institución universitaria/Escuela Tecnológica;Norte de Santander;Cúcuta;No oficial;Mujer;DESERTORES;;;;;;;;;;;;;;;;;;;;;;;;;;;;;;;;;;;;;;;;;;;;;;;0;0;1;6;5;19;14;16
9936;Institución universitaria/Escuela Tecnológica;Norte de Santander;Cúcuta;No oficial;Hombre;DESERTORES;;;;;;;;;;;;;;;;;;;;;;;;;;;;;;;;;;;;;;;;;;;;;;;0;0;2;1;1;6;7;3
9938;Institución universitaria/Escuela Tecnológica;Santander;Bucaramanga;No oficial;Mujer;DESERTORES;;;;;;;;;;;;;;;;;;;;;;;;;;;;;;;;;;;;;;;;;;;;;;;;;;;;;;0
9938;Institución universitaria/Escuela Tecnológica;Santander;Bucaramanga;No oficial;Hombre;DESERTORES;;;;;;;;;;;;;;;;;;;;;;;;;;;;;;;;;;;;;;;;;;;;;;;;;;;;;;0
1101;Universidad;"Bogotá, d. c.";"Bogotá, D.C.";Oficial;Mujer;MATRICULADOS;955;1832;2644;3419;4294;4957;5775;6435;7020;7704;7689;8477;8922;9044;9462;9196;9054;8938;9052;8869;8829;8735;8901;8899;8772;8742;8702;8717;8853;8794;8969;8864;9342;9581;10015;10178;10113;10434;10941;11268;12652;13013;14433;15552;16695;17581;19727;20425;21324;22390;23280;23500;21536;22300
1101;Universidad;"Bogotá, d. c.";"Bogotá, D.C.";Oficial;Sin informaci¿n;MATRICULADOS;;;;;;;1;1;1;1;1;1;1;1;1;;;;1;1;1;1;;;;;;;;;;1;2;3;3;4;5;3;3;2;2;2;2;2;1;;1;1;1;1;;;;
1101;Universidad;"Bogotá, d. c.";"Bogotá, D.C.";Oficial;Hombre;MATRICULADOS;1264;2286;3435;4515;5632;6549;7644;8453;9138;9893;9992;11471;12006;12412;12580;12237;12261;12106;12435;12332;12337;12386;12389;12530;12952;13090;13720;13725;14119;14393;14968;14974;14392;14460;14011;13812;13895;13706;13256;13059;12041;10939;10096;9373;8443;7714;7358;6591;5749;5156;4454;3630;3001;2603
1102;Universidad;Antioquia;Medellín;Oficial;Mujer;MATRICULADOS;283;246;715;876;1157;1364;1520;1635;1847;2062;1995;2341;2638;2744;3177;3195;3172;3408;3494;3430;3471;3644;3614;3606;3692;3620;3714;3708;3770;3641;3551;3535;3755;3966;4292;4422;4402;4475;4726;4830;5416;5808;6377;6912;1316;8013;8882;9142;9213;9491;9535;9331;8221;8647
1102;Universidad;Antioquia;Medellín;Oficial;Sin informaci¿n;MATRICULADOS;;;;;;;;;;;;1;1;1;1;1;1;1;1;1;1;1;1;;;;;;;;;1;1;1;1;1;1;1;1;1;1;1;1;;;;;;;;;;;
1102;Universidad;Antioquia;Medellín;Oficial;Hombre;MATRICULADOS;360;319;1022;1297;1670;2043;2321;2484;2799;3127;3036;3641;3921;4262;4547;4518;4622;4976;5159;5180;5259;5555;5638;5427;5708;5695;5978;6031;6137;6013;6079;6089;5870;5817;5637;5732;5653;5701;5438;5328;4838;4476;4027;3822;84;3275;3198;2822;2320;2079;1762;1404;1136;990
1103;Universidad;Caldas;Manizales;Oficial;Mujer;MATRICULADOS;135;325;450;585;784;898;1027;1183;1273;1417;1443;1496;1647;1597;1741;1596;1553;1493;1400;1386;1462;1350;1322;1327;1369;1334;1413;1411;1490;1541;1573;1601;1671;1796;2000;1997;2086;2089;2235;2292;2518;2664;2853;3006;3260;3352;3698;3777;4008;4140;4167;4166;3675;3856
1103;Universidad;Caldas;Manizales;Oficial;Hombre;MATRICULADOS;221;435;704;972;1205;1423;1605;1794;1977;2156;2146;2337;2461;2462;2534;2389;2393;2313;2292;2257;2337;2176;2163;2150;2304;2263;2389;2386;2572;2633;2751;2707;2595;2623;2585;2543;2621;2554;2465;2358;2100;1931;1734;1604;1434;1319;1195;966;795;669;563;446;363;309
1104;Universidad;Valle del Cauca;Palmira;Oficial;Mujer;MATRICULADOS;96;144;179;247;301;279;345;437;450;497;756;855;867;915;911;880;906;915;955;973;81;881;787;831;837;843;899;917;1006;1049;1106;1107;1101;1183;1216;1242;1304;1313;1323;1310;1355;1388;1468;1545;1668;1843;1978;2012;2038;2156;2133;2191;1994;2057
1104;Universidad;Valle del Cauca;Palmira;Oficial;Sin informaci¿n;MATRICULADOS;;;;;;;;;;;;;;;;;;;;;;;;;;;;;;;;;;;;;1;1;1;1;1;1;1;1;1;1;1;1;1;;;;;
1104;Universidad;Valle del Cauca;Palmira;Oficial;Hombre;MATRICULADOS;119;223;235;334;351;355;411;544;556;629;818;907;975;1021;995;983;988;989;1057;1046;55;994;862;940;985;997;1058;1107;1189;1273;1295;1313;1268;1384;1421;1450;1490;1469;1501;1435;1314;1247;1123;1092;995;933;833;721;634;537;462;402;332;267
1105;Universidad;"Bogotá, d. c.";"Bogotá, D.C.";Oficial;Mujer;MATRICULADOS;3484;3499;3600;3408;3346;3315;3315;3223;3188;3276;3260;3465;3716;3953;4113;4295;4443;4647;4775;5062;5259;5246;5107;5176;5251;5274;5153;5291;5320;5187;5168;5029;4787;4619;4488;4437;4280;4263;4182;4096;4416;4596;4852;5126;5161;5414;5637;6070;6232;6494;6751;6776;5980;6438
1105;Universidad;"Bogotá, d. c.";"Bogotá, D.C.";Oficial;Hombre;MATRICULADOS;295;366;530;659;808;968;1141;1222;1342;1508;1656;1895;2099;2287;2499;2640;2730;2922;2949;3150;3360;3411;3436;3566;3578;3696;3657;3745;3753;3706;3695;3680;3589;3685;3744;3872;3810;3892;3900;3997;3917;3879;3668;3460;3094;2947;2711;2519;2163;1909;1664;1413;1149;1138
1106;Universidad;Boyacá;Tunja;Oficial;Mujer;MATRICULADOS;584;955;2164;2919;2106;4055;4795;5412;5708;5749;5864;6108;6336;6375;6442;6682;6933;7338;9295;9652;9612;9674;9695;9841;9762;9675;10370;10790;10434;10541;10729;11130;11142;11350;11248;11770;11899;12133;12297;11170;11381;11915;12252;12755;13295;13791;14680;14887;15677;16324;16812;16955;15764;17067
1106;Universidad;Boyacá;Tunja;Oficial;Hombre;MATRICULADOS;475;824;1384;1704;680;2458;2888;3193;3465;3691;3922;4031;4075;4188;4307;4487;4790;4917;5607;5738;5883;5941;6013;6181;6287;6345;6869;7087;6889;7043;6878;7169;7292;7676;8026;8454;8908;9199;9405;9244;8774;8596;8010;7699;7080;6528;6244;5716;5164;5041;4427;3557;3145;3015
1107;Universidad;Boyacá;Duitama;Oficial;Mujer;MATRICULADOS;74;164;185;225;109;832;296;337;;95;186;252;291;334;519;561;577;687;1443;1432;1424;1383;1364;1389;1374;1333;1314;1405;1314;1344;1366;1421;1445;1384;1353;1394;1362;1291;1428;1417;1498;1573;1686;1773;1865;1887;1979;2033;2107;2183;2286;2206;2049;2231
1107;Universidad;Boyacá;Duitama;Oficial;Hombre;MATRICULADOS;119;214;266;328;128;905;404;455;1;120;242;318;350;395;602;620;671;801;1345;1357;1380;1395;1366;1414;1447;1398;1371;1444;1315;1305;1286;1298;1300;1310;1368;1312;1407;1476;1446;1476;1435;1394;1315;1280;1180;1083;1033;981;855;826;729;478;390;372
1108;Universidad;Boyacá;Sogamoso;Oficial;Mujer;MATRICULADOS;64;122;189;256;78;786;382;468;445;486;532;570;609;619;652;704;666;864;1301;1337;1333;920;1399;1398;1423;1371;1434;1419;1277;1330;1295;1333;1406;1491;1442;1555;1522;1555;1580;1565;1711;1843;1969;2099;2153;2273;2426;2510;2650;2748;2836;2862;2669;2833
1108;Universidad;Boyacá;Sogamoso;Oficial;Hombre;MATRICULADOS;88;208;292;347;133;900;533;574;630;663;721;777;810;854;838;876;901;1152;1338;1354;1346;1163;1375;1390;1404;1424;1493;1531;1339;1429;1445;1454;1517;1600;1564;1596;1628;1660;1659;1629;1551;1502;1413;1340;1191;1124;1051;948;813;771;677;428;367;329
1109;Universidad;Boyacá;Chiquinquirá;Oficial;Mujer;MATRICULADOS;97;121;155;135;87;158;271;127;134;147;177;227;258;289;355;383;427;466;525;547;554;559;571;578;583;544;590;613;608;625;623;653;637;583;534;533;515;465;475;457;467;491;493;519;515;539;626;552;546;567;592;567;526;574
1109;Universidad;Boyacá;Chiquinquirá;Oficial;Hombre;MATRICULADOS;32;37;53;45;26;72;120;68;83;77;83;108;133;148;196;207;235;260;283;292;295;306;298;289;302;303;321;348;335;331;323;323;317;336;371;369;375;388;354;372;378;389;362;354;328;316;341;272;234;219;196;138;126;117
1110;Universidad;Cauca;Popayán;Oficial;Mujer;MATRICULADOS;154;277;389;666;941;1318;1488;1792;;192;1948;2225;2600;2876;3080;3042;3417;3454;3747;3540;3886;3899;3970;3879;4195;4138;4139;4108;4184;4334;4765;4988;5064;5031;5343;5511;5882;5531;5577;5103;5544;5943;6852;7423;8127;;9044;9098;9901;10453;10980;11196;10373;11097
1110;Universidad;Cauca;Popayán;Oficial;Hombre;MATRICULADOS;168;337;536;953;1255;1609;1774;2155;;174;2280;2535;2924;3172;3269;3266;3635;3602;3909;3699;4009;3977;4128;4129;4550;4484;4533;4526;4560;4658;5037;5222;5398;5474;5734;5883;6262;5892;5973;5476;5374;5229;4936;4726;4482;;4372;3985;3797;3610;3158;2697;2366;2093
1111;Universidad;Risaralda;Pereira;Oficial;Mujer;MATRICULADOS;293;443;628;829;1082;1168;1559;1705;2071;;2436;2532;3000;3190;3679;3696;4055;4223;4567;4786;5100;5147;5334;5694;6130;6411;6202;6571;6275;6428;7165;7599;8456;7832;7794;7826;7432;6525;6976;7007;7592;7725;8248;8542;9357;10084;10691;11167;11653;11934;11994;12273;10594;11356
1111;Universidad;Risaralda;Pereira;Oficial;Hombre;MATRICULADOS;424;671;914;1195;1602;1748;2116;2246;2674;;3040;3109;3750;4017;4357;4342;4824;5028;5494;5683;6050;6243;6731;6778;7609;7573;7925;7880;8091;7918;8035;7764;8273;7890;8276;7817;8506;8351;8173;7891;7319;6926;6194;5743;5236;5126;4400;4049;3305;2842;2147;1929;1611;1457
1112;Universidad;Caldas;Manizales;Oficial;Mujer;MATRICULADOS;;;1;1;1;1;1;1;316;544;730;883;967;1010;1128;1095;1487;1640;2102;2438;2544;3006;3204;3466;3687;4178;4585;4998;5167;5271;5405;5717;5599;5459;6041;5886;6318;6041;6321;6888;7626;7849;8150;8323;8413;2519;8304;8383;8262;9029;9763;10794;9039;9590
1112;Universidad;Caldas;Manizales;Oficial;Hombre;MATRICULADOS;;;;;;;;;285;515;615;754;792;873;902;809;1107;1265;1622;1984;2141;2490;2748;3036;3333;3781;4151;4387;4631;4835;5051;5447;5384;5300;5580;5579;5733;5631;5834;6014;5738;5441;4985;4699;4274;1027;3877;3368;3068;2804;2353;2103;1703;1459
1113;Universidad;Córdoba;Montería;Oficial;Mujer;MATRICULADOS;989;861;1016;1076;1229;1288;1222;1264;1019;1289;1458;1838;1900;2028;2292;2265;2565;2669;3057;3179;3355;3434;3742;4014;4516;4534;4707;4957;5201;5425;6051;6307;6604;6652;6696;6643;6830;6397;6772;7176;8170;9117;9532;7591;10534;11530;12193;12347;12547;12694;12567;12331;11058;11251
1113;Universidad;Córdoba;Montería;Oficial;Hombre;MATRICULADOS;1071;966;1150;1268;1420;1469;1408;1373;1272;1365;1602;1866;1740;1903;2211;2158;2484;2638;3153;3359;3630;3664;4018;4265;4641;4763;4955;5054;5268;5417;5892;6149;6344;6376;6628;6689;6922;6344;6703;7209;6994;6749;5877;4254;4865;4651;4348;3712;3120;2442;1829;1422;1077;876
1114;Universidad;Huila;Neiva;Oficial;Mujer;MATRICULADOS;573;620;848;885;1133;1074;1373;1455;1709;1671;1790;1792;1897;1907;1945;2055;2156;2203;2415;2574;2783;3167;3606;3703;4051;4216;4528;4665;4904;5076;5186;5109;4822;4841;5140;5269;5360;5454;5739;5670;6290;6713;7410;7629;8465;9055;9766;9919;10822;10764;11485;11698;10374;10503
1114;Universidad;Huila;Neiva;Oficial;Hombre;MATRICULADOS;506;618;830;934;1225;1142;1399;1435;1735;1759;1854;1867;2042;2065;2209;2254;2353;2387;2619;2731;2891;3102;3355;3404;3621;3734;3881;4035;4212;4342;4457;4524;4323;4486;4896;5221;5383;5398;5704;5726;5458;5256;4807;4396;3871;3770;3350;2975;2823;2424;2115;1857;1571;1328
1115;Universidad;Caquetá;Florencia;Oficial;Mujer;MATRICULADOS;628;637;792;881;998;1082;1204;1161;1202;1213;1263;1273;1262;1428;1719;1787;1814;1520;1995;2350;2322;2627;2636;2537;2497;2471;2679;2733;2622;2737;2827;3130;3190;3341;3516;3712;3834;4093;4253;4297;4268;4448;4706;5102;4960;5452;5828;5851;6208;6414;6282;6186;5393;5660
1115;Universidad;Caquetá;Florencia;Oficial;Hombre;MATRICULADOS;545;558;694;760;837;924;1040;1002;1028;999;1060;1058;1081;1108;1437;1515;1531;1262;1491;1730;1651;1841;1850;1781;1776;1745;1904;1941;1977;2060;2150;2396;2509;2749;3090;3301;3529;3738;4029;4104;3762;3678;3436;3373;2802;2909;2868;2706;2520;2297;1773;1266;1005;904
1117;Universidad;"Bogotá, d. c.";"Bogotá, D.C.";Oficial;Mujer;MATRICULADOS;208;357;585;756;976;1170;1420;1675;1910;2143;2302;2484;2659;2781;2929;2971;3086;3238;3796;3671;4488;3682;4503;4627;4653;5247;4194;5248;5092;5424;5774;6146;6401;6430;6690;6771;7065;7151;7485;7145;7844;8106;9398;9450;10312;9986;11072;11537;12581;13011;13851;13779;12177;12951
1117;Universidad;"Bogotá, d. c.";"Bogotá, D.C.";Oficial;Sin informaci¿n;MATRICULADOS;;;;;;;;;;1;;1;1;1;1;1;1;1;1;1;1;;;;;;;;;;;;;;;;;;;;;;;;;;;;;;;;;
1117;Universidad;"Bogotá, d. c.";"Bogotá, D.C.";Oficial;Hombre;MATRICULADOS;272;469;701;830;1055;1191;1435;1627;1765;1980;2121;2308;2422;2513;2577;2643;2772;2824;3192;3223;3728;3427;3928;4345;4365;4709;4242;4860;4884;5236;5604;5905;6182;6259;6509;6654;7250;7278;7553;7277;6892;6355;6065;5663;5138;4669;4206;3797;3224;2845;2382;2060;1713;1673
1118;Universidad;Chocó;Quibdó;Oficial;Mujer;MATRICULADOS;;;;;;;;;;;;;;;;;249;244;1226;1323;1937;2224;2765;2804;3695;3699;4352;4131;4363;4458;4456;4250;4310;4366;4486;4178;4233;4512;4590;3835;4242;1302;5976;6058;6579;7375;8979;9691;10233;10597;11532;10774;9899;10095
1118;Universidad;Chocó;Quibdó;Oficial;Sin informaci¿n;MATRICULADOS;;;;;;;;;;;;;;;;;2;1;;;;;;;;;;;;;;;;;;;;;;;;;;;;;;;;;;;;
1118;Universidad;Chocó;Quibdó;Oficial;Hombre;MATRICULADOS;;;;;;;;;;;;;;;;;148;155;710;819;1145;1337;1726;1845;2418;2519;2940;2860;2960;3001;3091;2900;3105;3198;3515;3412;3470;3585;3934;3339;3219;476;3484;3327;3026;3097;3220;3193;2782;2565;2254;1838;1766;1622
1119;Universidad;Meta;Villavicencio;Oficial;Mujer;MATRICULADOS;154;319;492;646;826;823;966;1091;1320;1463;1521;1681;1778;1904;1977;2110;2212;2406;2756;2837;2930;3048;3045;3091;3043;3085;2959;2820;2714;2701;2626;2582;2592;2581;2558;2655;2691;2689;2833;2806;3018;3237;3354;3620;3842;;4383;4598;5009;5343;5763;6142;5518;5968
1119;Universidad;Meta;Villavicencio;Oficial;Hombre;MATRICULADOS;181;340;528;769;905;918;1058;1174;1308;1435;1566;1664;1774;1811;1858;1904;1939;1999;2396;2398;2487;2530;2445;2525;2525;2581;2516;2406;2354;2399;2406;2405;2428;2477;2559;2692;2823;2783;2852;2823;2738;2522;2257;2124;1977;;1784;1543;1359;1192;1015;874;689;544
1120;Universidad;Cesar;Valledupar;Oficial;Mujer;MATRICULADOS;392;768;1249;1428;1353;1495;2062;1923;2344;2406;2461;2499;2409;2287;2089;2194;1995;1744;2592;3174;3597;4032;4231;4571;4407;4598;4698;5096;5404;5663;5482;5822;6487;6222;6392;6536;6852;6994;7129;7010;7036;7418;7482;7747;8509;9147;9511;9754;10131;9970;10451;10710;9470;10540
1120;Universidad;Cesar;Valledupar;Oficial;Sin informaci¿n;MATRICULADOS;21;37;47;41;45;41;39;37;37;35;29;30;30;19;9;7;3;3;;;2;1;1;;1;1;2;1;;1;;;;;;;;;;1;;;;;;1;1;;;;;;;
1120;Universidad;Cesar;Valledupar;Oficial;Hombre;MATRICULADOS;241;496;901;1036;1025;1044;1454;1260;1470;1407;1578;1614;1671;1528;1284;1329;1145;1004;1931;2259;2559;2833;2931;3219;3043;3159;3357;3566;3790;3957;3966;4291;4902;4783;5070;5379;5804;5995;6160;6338;5959;5807;5211;4728;4584;4376;3953;3446;2997;2323;1909;1548;1112;944
1121;Universidad;"Bogotá, d. c.";"Bogotá, D.C.";Oficial;Mujer;MATRICULADOS;24;68;69;74;72;58;43;3;536;800;1327;1632;2007;2243;2392;2564;2675;2636;2940;2862;2857;2859;2918;2936;3023;3130;3162;3163;3142;3187;3254;3223;3126;3054;2955;2834;2821;2783;2665;2508;2551;2701;2972;3136;3376;3678;4043;4661;4943;5258;5517;5658;4975;5293
1121;Universidad;"Bogotá, d. c.";"Bogotá, D.C.";Oficial;Sin informaci¿n;MATRICULADOS;;;;;;;;;;;;;;;;;;;;;1;1;;;;;;;;;;;;;;;1;2;1;1;1;1;2;2;2;2;2;1;1;1;1;1;1;1
1121;Universidad;"Bogotá, d. c.";"Bogotá, D.C.";Oficial;Hombre;MATRICULADOS;;;1;1;;3;2;1;191;287;447;566;707;801;966;1053;1142;1210;1345;1305;1385;1419;1455;1480;1498;1564;1596;1605;1630;1616;1713;1664;1796;1910;2026;2179;2244;2296;2409;2479;2386;2294;2163;1978;1789;1663;1577;1478;1268;1090;942;841;691;651
1122;Universidad;Valle del Cauca;Buenaventura;Oficial;Mujer;MATRICULADOS;;;;;;84;156;189;215;252;316;364;321;398;395;452;517;542;732;950;872;968;793;751;730;893;782;745;659;494;581;722;724;781;887;1055;1087;1192;1148;1263;1509;1657;1683;1748;1808;1876;2110;1919;1957;1978;2183;2478;2114;2072
1122;Universidad;Valle del Cauca;Buenaventura;Oficial;Hombre;MATRICULADOS;;;;;;92;181;207;247;253;334;350;313;356;328;376;395;375;453;600;614;693;730;716;714;906;859;872;751;627;680;782;778;794;893;1058;1085;1140;1075;1075;1138;1071;976;925;841;811;714;613;509;461;414;392;340;290
1123;Universidad;Cesar;Aguachica;Oficial;Mujer;MATRICULADOS;223;243;235;244;188;167;276;140;148;150;166;130;202;206;229;187;222;222;235;251;244;318;392;462;582;559;501;452;437;400;348;380;307;282;328;377;517;548;713;694;959;1114;1394;1433;1547;1756;1915;2019;2162;2202;2333;2289;1935;2053
1123;Universidad;Cesar;Aguachica;Oficial;Sin informaci¿n;MATRICULADOS;;1;1;;;;1;;;;1;;;;;;;;;;;;;;;;;;;;;;;;;;;;;;;;;;;;;;;;;;;
1123;Universidad;Cesar;Aguachica;Oficial;Hombre;MATRICULADOS;125;136;129;137;109;106;194;103;109;106;130;102;193;208;232;205;229;255;268;247;252;273;329;307;385;351;340;306;324;295;284;314;243;259;370;390;513;527;684;646;703;717;702;672;650;663;597;549;494;406;330;260;200;166
1124;Universidad;Arauca;Arauca;Oficial;Mujer;MATRICULADOS;36;34;34;79;75;73;71;93;87;65;62;62;31;29;28;17;15;7;5;1;3;;;;;;;;;;;;;;;;;;;;;;;;;;;;;;;;;
1124;Universidad;Arauca;Arauca;Oficial;Hombre;MATRICULADOS;26;25;22;43;42;39;39;76;67;62;62;58;48;36;43;31;23;15;8;1;2;;;;;;;;;;;;;;;;;;;;;;;;;;;;;;;;;
1125;Universidad;Amazonas;Leticia;Oficial;Mujer;MATRICULADOS;;;;;17;15;13;13;13;13;12;12;12;12;5;3;;;;;;;;;;;;;;;;;;;;;;;;;;;;;;;;;;;;;;
1125;Universidad;Amazonas;Leticia;Oficial;Hombre;MATRICULADOS;;;;;10;8;6;6;6;6;6;6;5;5;2;1;;;;;;;;;;;;;;;;;;;;;;;;;;;;;;;;;;;;;;
1201;Universidad;Antioquia;Medellín;Oficial;Mujer;MATRICULADOS;1056;1023;2121;2748;3878;4073;5617;4831;7493;8482;9480;10271;7865;10729;9898;10940;12688;13013;12349;11657;12733;13176;13472;13639;13446;10399;12225;12235;14190;13582;14614;15269;15601;14737;15798;11824;15995;16059;16054;15878;16496;16646;16754;16766;18897;6917;20210;18624;21743;13491;23824;24930;22345;24594
1201;Universidad;Antioquia;Medellín;Oficial;Sin informaci¿n;MATRICULADOS;506;888;1590;1953;2304;2199;2696;2301;3096;3288;3341;3422;2292;3224;2863;2654;2947;2896;2460;1906;2153;2123;1988;1876;1699;1357;1321;1098;1374;1260;1198;1221;1147;1028;1063;781;1023;1008;858;716;637;536;444;384;371;117;346;280;284;154;227;212;176;169
1201;Universidad;Antioquia;Medellín;Oficial;Hombre;MATRICULADOS;621;543;1790;2406;3489;3954;5218;3854;6675;7566;8418;8999;6440;9917;9110;10113;11427;11928;11300;10670;11931;12449;12858;13127;13212;8377;12660;11647;14080;14063;14520;14939;15362;14796;15726;12709;16485;16792;16580;16724;15648;14852;12912;11982;11426;3649;10877;8620;8738;4957;7251;6728;5703;5308
1202;Universidad;Atlántico;Puerto Colombia;Oficial;Mujer;MATRICULADOS;476;716;976;1099;1561;1766;1573;2061;3125;3090;494;3376;4290;4296;5112;5004;5600;5279;5475;5240;5083;4991;5109;5537;6265;6973;7461;8247;8262;8878;9427;9910;10207;10221;10256;10661;10524;10931;10832;10978;11344;12246;12237;11353;12967;12645;14714;1;16128;16475;16861;17047;14835;15932
1202;Universidad;Atlántico;Puerto Colombia;Oficial;Sin informaci¿n;MATRICULADOS;;1;;;;;;;;;;;;;;;;;;;;;;;;;;;;;;;;;;;;;;;;;;;;;;;;;;;;
1202;Universidad;Atlántico;Puerto Colombia;Oficial;Hombre;MATRICULADOS;509;867;1089;1164;1620;1686;1353;1677;2395;2439;353;2571;3217;3351;3971;3915;4206;4035;4211;4065;3943;3945;3995;4273;5058;5760;6293;6905;7239;7870;7968;8504;8726;8960;9406;9693;9741;10064;10304;10422;9590;9098;7655;6097;6199;5613;5123;;4705;3747;2998;2427;1821;1499
1203;Universidad;Valle del Cauca;Cali;Oficial;Mujer;MATRICULADOS;56;726;626;1943;2061;3781;3982;5292;5301;6775;6448;8004;8487;9768;10343;11452;11076;11782;7035;8571;8936;10087;9010;9719;11345;11012;11964;10976;12024;11277;11882;11488;12107;11337;11914;11026;11997;12555;12212;12334;14204;14474;16277;16560;10631;20261;15749;21801;23157;23847;25722;25867;22757;23673
1203;Universidad;Valle del Cauca;Cali;Oficial;Hombre;MATRICULADOS;113;663;535;2245;2374;4190;4465;5800;5665;6978;6756;7919;8079;9325;9416;10013;9945;10728;6983;8153;8472;9162;8445;9014;9817;9548;10806;9642;10875;9944;10623;10278;10749;10000;10466;9837;11100;11265;11337;11406;11302;10549;9815;9064;4037;8618;5876;7274;6460;5796;5191;4373;3579;3035
1204;Universidad;Santander;Bucaramanga;Oficial;Mujer;MATRICULADOS;31;3;10;4;32;3;1205;2278;2309;3097;3604;4543;4628;4879;5844;6856;6717;6774;9486;9258;9596;9655;9782;9672;9759;9693;9548;9357;9431;9264;9569;9395;9598;9817;9504;9382;9216;9140;9442;9812;10383;10758;11186;11960;12732;13693;15055;15744;16316;16752;17203;18023;16069;17476
1204;Universidad;Santander;Bucaramanga;Oficial;Hombre;MATRICULADOS;11;2;4;3;29;4;905;1307;1997;2571;3219;3841;4478;4848;5435;5826;6491;7021;8710;8910;9288;9479;9824;9660;10022;10145;10148;9952;10245;9995;10071;9890;9723;9729;9345;9037;9183;8955;8871;8971;8492;7784;6753;6441;5664;5376;4868;4315;3557;3183;2584;2206;1770;1631
1205;Universidad;Bolívar;Cartagena de Indias;Oficial;Mujer;MATRICULADOS;796;1276;1527;1766;2434;2372;2382;2500;2835;3079;3174;3372;3602;3763;3850;3898;4300;4292;5576;5574;5620;5568;5901;6242;7775;7714;9214;9792;10878;11072;10872;10838;10777;10309;9794;9247;9235;9088;8745;8556;8960;9506;9825;10214;10854;12105;13441;6166;15335;16229;17067;17529;15426;16692
1205;Universidad;Bolívar;Cartagena de Indias;Oficial;Hombre;MATRICULADOS;621;1073;1324;1583;2182;2173;1984;1962;2359;2292;2647;2695;3031;3126;3329;3337;3614;3552;4170;4230;4378;4518;4547;4844;5583;5724;6397;6903;7401;7429;7357;7353;7412;7408;7376;7411;7389;7417;7475;7661;7407;7178;6487;5994;5417;5336;5060;2538;4651;4028;3427;2996;2383;2294
1206;Universidad;Nariño;Pasto;Oficial;Mujer;MATRICULADOS;54;128;171;225;226;248;626;582;659;714;771;807;741;804;795;886;632;1034;1988;2504;2432;3125;2822;3409;3378;3547;4233;4570;4690;4707;4654;4741;4910;4930;5289;5240;5517;5587;5763;5798;6354;6672;7342;7723;8373;8580;9609;9764;9893;10364;10801;10726;9729;10392
1206;Universidad;Nariño;Pasto;Oficial;Hombre;MATRICULADOS;38;68;82;110;132;167;167;234;236;312;299;383;332;490;453;529;478;567;2002;2506;2464;3408;3041;3845;3767;4012;4587;5033;4986;4976;5033;5161;5262;5288;5517;5460;5591;5566;5808;5889;5816;5729;5525;5362;4963;4689;4726;4394;3867;3615;3048;2546;2109;1897
1207;Universidad;Tolima;Ibagué;Oficial;Mujer;MATRICULADOS;266;380;596;722;906;1021;1868;1079;2058;2252;2507;2438;1930;1734;2143;2342;1958;1986;3664;4631;7060;7942;11505;10859;14944;11542;17232;13231;16867;13885;11192;10515;10721;11073;9767;8691;8781;8378;7254;7311;8069;9026;9881;10954;12126;14079;15261;16540;16982;16996;18023;18290;15698;17575
1207;Universidad;Tolima;Ibagué;Oficial;Sin informaci¿n;MATRICULADOS;;;;;;;26;1;19;18;14;13;12;10;9;7;5;3;3;2;;1;;1;2;1;1;;;;;;;;;;;;;;;;;;;1;;;;;;;;
1207;Universidad;Tolima;Ibagué;Oficial;Hombre;MATRICULADOS;254;419;632;769;928;1108;1803;1129;1874;2011;2145;1958;1710;1473;1441;1543;1209;1186;1937;2331;3172;3242;4423;4057;5620;5053;6478;5540;6701;5967;5306;5200;5566;5838;5356;5354;5574;5507;5237;5309;5522;5648;5384;5589;5631;6163;6304;6215;5425;4893;4546;4231;3482;3521
1208;Universidad;Quindío;Armenia;Oficial;Mujer;MATRICULADOS;1;1;1;1;341;615;907;1088;1512;1722;1906;2209;2550;2718;3157;3412;3271;3255;3417;3858;4735;5095;5467;6075;6323;6753;6880;7262;7587;8010;8195;8815;9210;9279;9671;10392;10434;9678;9260;10159;8576;8118;8245;8651;8996;9409;10210;10779;11494;11750;12094;12193;10694;11471
1208;Universidad;Quindío;Armenia;Oficial;Sin informaci¿n;MATRICULADOS;;;;;;1;1;1;1;1;1;;1;2;2;2;1;1;;1;1;;;;;;;1;1;1;1;1;;;;;;;;;;;;;;;;;;;;;;
1208;Universidad;Quindío;Armenia;Oficial;Hombre;MATRICULADOS;;;1;1;444;741;959;1076;1353;1622;1732;1974;2246;2501;2635;2770;2659;2549;2737;2911;3429;3612;3731;4055;4284;4349;4376;4542;4699;4847;5008;5329;5446;5578;5829;6336;6580;5948;5840;6516;5247;4814;4523;4471;4155;4032;3852;3716;3387;3125;2819;2634;2209;2165
1209;Universidad;Norte de Santander;Cúcuta;Oficial;Mujer;MATRICULADOS;920;1884;424;522;605;1335;1775;2165;2614;3065;3488;3773;4001;4924;5024;5626;5342;5696;4275;4283;4468;4904;5318;5474;6024;6635;6992;7009;7631;7191;7210;7581;7678;7928;8116;8358;8602;8469;8330;8073;8859;9135;9825;10458;10902;11725;12436;13104;13067;12508;13060;12820;11592;11681
1209;Universidad;Norte de Santander;Cúcuta;Oficial;Sin informaci¿n;MATRICULADOS;;;;16;6;5;5;3;5;2;1;3;2;2;2;1;1;1;2;2;1;1;;1;;1;;;;;;;;;;;;;;;;;;;;;;;;;;;;
1209;Universidad;Norte de Santander;Cúcuta;Oficial;Hombre;MATRICULADOS;318;607;452;584;665;1446;1876;2173;2646;2883;3318;3503;3622;4164;4263;4689;4358;4580;3665;3483;3677;3864;4220;4384;4813;5353;5501;5498;6028;5680;5812;6099;6340;6513;6903;7067;7667;7452;7611;7594;7208;6728;6234;5776;5189;5166;4740;4301;3568;2406;2065;1549;1284;1140
1210;Universidad;Norte de Santander;Ocaña;Oficial;Mujer;MATRICULADOS;186;300;491;631;772;876;890;391;297;449;1061;578;891;1084;1103;594;1111;919;723;800;922;972;1160;1154;1455;1451;1806;1845;1878;1906;2136;2273;2466;2589;2643;2804;2980;2974;2986;3051;3142;3176;3428;3573;3583;3848;4053;4133;4274;4286;4520;4622;4142;4452
1210;Universidad;Norte de Santander;Ocaña;Oficial;Hombre;MATRICULADOS;24;42;97;127;168;195;208;164;112;196;433;279;382;657;685;344;721;596;580;663;787;841;1067;1060;1357;1375;1670;1677;1803;1829;2056;2239;2440;2481;2604;2678;2789;2772;2827;2891;2795;2613;2539;2326;2047;2035;1903;1630;1447;1069;927;676;574;483
1212;Universidad;Norte de Santander;Pamplona;Oficial;Mujer;MATRICULADOS;3810;3513;4364;4872;6137;5783;6631;5544;6906;7113;8476;8886;9529;9662;10139;10646;12127;12835;17419;19007;22831;21365;21187;19871;18505;17457;17367;15761;14517;12644;10962;10134;10176;10212;11443;11173;12385;12684;13045;12911;13283;13496;13678;13986;14606;15805;16177;16673;16737;17090;18184;18266;16523;17564
1212;Universidad;Norte de Santander;Pamplona;Oficial;Sin informaci¿n;MATRICULADOS;171;65;70;77;94;103;95;29;78;71;61;53;43;35;25;23;22;5;6;7;4;3;3;2;2;2;3;3;3;2;3;2;2;2;2;1;;;;;;;;;;;;;;;;;;1
1212;Universidad;Norte de Santander;Pamplona;Oficial;Hombre;MATRICULADOS;1408;1202;1588;1936;2635;2731;3354;2861;3685;4077;5340;5497;6034;5945;6535;6738;7856;8160;10919;11387;13458;12179;12123;11178;10382;9616;9727;8864;8454;7848;7415;7278;7904;8347;9875;10138;11107;11413;11901;11923;11450;11066;10156;9517;8522;8113;7180;6417;5137;4294;3592;2977;2440;2255
1213;Universidad;Magdalena;Santa Marta;Oficial;Mujer;MATRICULADOS;107;99;378;491;761;855;1082;953;1337;1890;2109;2426;3002;3450;3978;4170;4474;4851;5259;5437;5916;7839;8175;8407;8275;9400;9791;10043;11213;12120;12302;13112;12156;11626;12746;11906;11039;10176;9941;9241;9674;9790;10611;11323;12362;13993;16072;17140;18217;19018;19381;20181;17296;19079
1213;Universidad;Magdalena;Santa Marta;Oficial;Hombre;MATRICULADOS;112;6;230;284;576;692;909;753;1082;1664;1808;2220;2708;3074;3357;3458;3709;3970;4159;4341;4642;5425;5600;5886;5956;6580;6862;7081;7719;8056;8239;8884;8547;8807;9799;9779;9668;9286;9323;8994;8450;8153;7693;7282;6788;7069;6710;6091;5596;5188;4342;3810;3093;3077
1214;Universidad;Cundinamarca;Fusagasugá;Oficial;Mujer;MATRICULADOS;1606;1237;1513;1522;1647;1625;1748;1825;1926;1965;2050;1982;2032;1983;1895;543;2041;2016;2927;3049;3083;3078;3214;3325;3247;3376;3539;3509;3621;3765;3932;4178;4470;4551;4880;4877;4956;5076;5277;5201;5508;5755;5978;6342;6701;7049;7404;7875;8036;8265;8359;8348;7147;7571
1214;Universidad;Cundinamarca;Fusagasugá;Oficial;Sin informaci¿n;MATRICULADOS;51;38;33;28;25;20;16;13;8;5;3;1;;;;;;1;;;;;;;;;;;;;;;;;;;;;;;;;;;;;;;;;;;;
1214;Universidad;Cundinamarca;Fusagasugá;Oficial;Hombre;MATRICULADOS;1475;1159;1432;1498;1604;1589;1828;1954;2069;2106;2214;2171;2248;2225;2231;662;2383;2376;2867;3117;3232;3201;3354;3402;3441;3511;3730;3679;3832;3927;4129;4343;4541;4524;4761;4759;4950;5103;5212;5148;4912;4693;4254;4091;3607;3379;3138;2883;2375;1932;1566;1229;978;848
1215;Universidad;Cundinamarca;Girardot;Oficial;Mujer;MATRICULADOS;642;635;909;974;1039;1074;1125;1111;1154;1106;1148;1070;1023;962;853;46;727;657;569;650;669;798;852;927;956;1020;1129;1135;1195;1256;1313;1410;1414;1386;1376;1294;1329;1264;1252;1165;1153;1134;1080;1146;1145;1203;1233;1256;1173;1242;1284;1288;1124;1151
1215;Universidad;Cundinamarca;Girardot;Oficial;Sin informaci¿n;MATRICULADOS;23;13;16;13;10;9;6;4;5;4;4;3;3;2;1;;1;1;;;;;1;1;1;;;;;;;;;;;;;;;;;;;;;;;;;;;;;
1215;Universidad;Cundinamarca;Girardot;Oficial;Hombre;MATRICULADOS;273;315;446;476;518;546;577;582;572;532;531;472;420;371;329;25;263;237;199;254;275;351;377;471;483;536;563;600;613;659;719;800;888;958;1016;1028;1051;1042;1119;1129;1082;1019;916;910;814;730;634;594;461;395;322;251;206;178
1216;Universidad;Cundinamarca;Villa de San Diego de Ubaté;Oficial;Mujer;MATRICULADOS;181;135;190;185;178;184;196;186;194;179;156;148;141;123;122;22;96;98;58;82;132;151;169;185;201;212;234;228;190;231;227;216;218;214;209;205;220;211;202;206;229;246;269;289;319;335;368;401;409;431;446;446;401;438
1216;Universidad;Cundinamarca;Villa de San Diego de Ubaté;Oficial;Sin informaci¿n;MATRICULADOS;3;2;2;1;1;1;1;1;;;;;;;;;;;;;;;;;;;;;;;;;;;;;;;;;;;;;;;;;;;;;;
1216;Universidad;Cundinamarca;Villa de San Diego de Ubaté;Oficial;Hombre;MATRICULADOS;115;93;122;130;129;138;154;161;155;139;122;122;100;92;92;14;70;67;52;63;93;108;131;159;165;158;167;174;150;184;201;198;202;205;205;210;201;206;220;218;212;203;194;199;178;171;165;161;145;140;134;111;89;76
1217;Universidad;Sucre;Sincelejo;Oficial;Mujer;MATRICULADOS;11;92;33;1;3;1;;;;;152;259;415;472;682;809;928;1039;1297;1443;1583;1665;1711;1858;1928;1917;1659;1906;1894;1973;1997;2157;2238;2313;2319;2369;2423;2482;2477;2461;2898;2885;3510;3691;4019;4286;4556;4794;5092;5274;5486;5564;5011;5243
1217;Universidad;Sucre;Sincelejo;Oficial;Sin informaci¿n;MATRICULADOS;;;;;;;;;;;;;;;;;;;;;;;;;;;;;;;;;;;;1;1;1;1;1;;;1;1;1;1;;;;;;;;
1217;Universidad;Sucre;Sincelejo;Oficial;Hombre;MATRICULADOS;;;;;;;;;;;92;172;348;428;602;695;846;946;1151;1360;1500;1627;1806;1919;2023;2080;1937;2161;2105;2313;2357;2522;2529;2580;2639;2638;2743;2749;2755;2702;2541;2137;2165;2026;1769;1673;1418;1217;889;725;528;410;304;257
1218;Universidad;La Guajira;Riohacha;Oficial;Mujer;MATRICULADOS;377;542;684;82;1962;374;707;837;1189;1320;1531;1787;2145;2194;2429;2460;2582;2504;2702;2652;3134;3169;3650;3915;4134;4246;4256;4258;4412;4561;4815;5703;6051;6275;6744;7211;7589;7680;7878;7756;7999;8511;8398;8014;9021;;9502;10319;10852;11815;12891;13376;11923;13018
1218;Universidad;La Guajira;Riohacha;Oficial;Hombre;MATRICULADOS;65;107;160;40;366;191;398;518;689;764;868;1040;1186;1168;1328;1289;1448;1406;1544;1427;1744;1723;1942;2255;2530;2603;2762;2669;2812;2882;3100;3704;4071;4473;5076;5540;5834;5918;6255;6420;6220;6056;5482;4753;4388;;3913;3504;3015;2529;2111;1723;1317;1253
1219;Universidad;Antioquia;El Carmen de Viboral;Oficial;Mujer;MATRICULADOS;;;;11;21;44;62;84;125;171;164;216;222;298;378;390;486;449;505;526;548;521;633;574;511;531;413;407;388;399;339;441;344;474;408;406;346;371;251;261;362;204;212;193;200;55;166;176;218;103;254;274;228;227
1219;Universidad;Antioquia;El Carmen de Viboral;Oficial;Hombre;MATRICULADOS;;;;8;18;41;47;58;80;87;94;103;112;204;292;303;373;340;375;385;412;380;444;392;330;305;222;226;229;244;211;260;263;381;335;348;269;296;182;229;264;173;160;132;118;22;69;59;65;45;59;40;31;27
1220;Universidad;Antioquia;Andes;Oficial;Mujer;MATRICULADOS;;;;13;26;36;38;27;53;77;85;80;104;108;133;133;157;158;159;168;173;216;227;194;214;279;233;176;204;206;200;205;188;216;218;176;156;164;148;151;173;154;185;134;173;153;135;145;175;158;176;;;
1220;Universidad;Antioquia;Andes;Oficial;Hombre;MATRICULADOS;;;;25;27;42;42;31;68;78;94;73;85;96;115;137;167;165;150;151;171;187;179;155;167;213;179;130;149;130;116;129;134;166;192;187;170;158;135;155;152;134;138;104;93;83;71;59;38;27;21;;;
1221;Universidad;Antioquia;Caucasia;Oficial;Mujer;MATRICULADOS;16;41;41;43;43;21;13;29;15;33;49;54;80;130;173;224;276;274;324;334;306;251;285;276;283;397;270;275;222;174;152;126;152;149;162;126;110;131;95;92;62;68;86;122;154;143;176;148;130;162;190;;;
1221;Universidad;Antioquia;Caucasia;Oficial;Hombre;MATRICULADOS;23;46;42;53;53;38;32;48;31;36;90;84;104;153;213;267;326;333;351;371;356;315;316;265;266;327;232;229;175;137;103;100;113;103;118;90;83;109;100;101;80;67;60;65;71;73;79;43;51;49;48;;;
1222;Universidad;Antioquia;Puerto Berrío;Oficial;Mujer;MATRICULADOS;5;9;6;9;8;8;;;7;30;46;48;51;55;54;62;78;82;90;100;110;98;102;91;65;123;100;92;113;102;106;118;109;91;54;50;48;45;39;48;65;30;29;43;67;58;55;54;51;53;57;;;
1222;Universidad;Antioquia;Puerto Berrío;Oficial;Hombre;MATRICULADOS;2;5;4;13;13;12;8;;19;28;52;58;55;54;48;85;99;108;119;107;105;92;103;97;80;83;48;40;41;39;45;47;43;36;28;24;24;21;18;27;24;12;12;14;16;16;16;15;15;12;8;;;
1223;Universidad;Antioquia;Turbo;Oficial;Mujer;MATRICULADOS;24;24;23;29;41;40;45;52;56;62;120;118;142;145;197;240;268;275;315;402;462;471;500;476;390;430;431;433;391;410;339;307;306;306;270;230;153;138;119;142;183;135;145;150;145;134;167;182;247;246;326;415;364;365
1223;Universidad;Antioquia;Turbo;Oficial;Hombre;MATRICULADOS;28;37;35;64;81;70;70;67;73;80;123;124;135;158;208;245;242;253;270;328;378;363;413;362;298;308;326;315;296;283;194;199;195;193;173;152;112;96;113;174;176;136;119;121;102;83;84;69;82;69;67;66;51;52
1301;Universidad;"Bogotá, d. c.";"Bogotá, D.C.";Oficial;Mujer;MATRICULADOS;701;1034;1532;1838;2329;2572;2953;3413;3927;4244;5614;4893;4995;5058;5660;5583;5617;5399;7369;7427;7580;7623;8468;8811;9008;8508;8261;8076;8108;8155;8110;7799;7841;8256;8512;8714;8843;8633;7825;6448;7929;9456;10033;10786;12767;13629;14587;14987;17192;19960;18905;17967;14653;15997
1301;Universidad;"Bogotá, d. c.";"Bogotá, D.C.";Oficial;Sin informaci¿n;MATRICULADOS;1;;1;5;3;2;2;3;2;1;2;2;1;;;;;;1;;;;;;;;;;;;;;;;;;;;;;;;;;;;;;;;;;;
1301;Universidad;"Bogotá, d. c.";"Bogotá, D.C.";Oficial;Hombre;MATRICULADOS;1039;1869;2514;3103;3994;4454;4977;5633;6340;6778;9306;7539;7815;7726;8050;7965;7998;7619;11209;11161;11383;11745;13381;13902;14652;14414;13882;13659;13493;13607;13764;12160;11017;11097;10309;9993;10504;10133;8680;6859;6977;7234;6181;5352;5340;5199;4168;4239;4034;4060;3161;2758;2319;2129
1701;Universidad;"Bogotá, d. c.";"Bogotá, D.C.";No oficial;Mujer;MATRICULADOS;861;1497;2332;2728;3492;3806;6413;6939;7463;8184;9603;7005;8370;7457;7623;7737;8006;7949;10827;11119;11361;10432;9882;9930;9664;10596;9846;9763;9931;9846;10032;10012;9971;9850;9840;9796;9874;9327;9508;9473;9970;10233;10907;11226;11774;11874;13171;13469;14429;14733;15256;15247;13665;13587
1701;Universidad;"Bogotá, d. c.";"Bogotá, D.C.";No oficial;Hombre;MATRICULADOS;723;1248;1983;2401;2898;3183;3826;4134;4763;5088;5608;5782;6170;6235;6305;6343;6538;6389;7849;7840;7958;7485;7473;7279;7310;7651;7076;7058;7109;7081;7230;7271;7651;7954;8322;8711;9015;8741;9192;8769;8211;7514;6788;5968;5114;4187;3531;2709;1957;1377;969;758;563;421
1702;Universidad;Valle del Cauca;Cali;No oficial;Mujer;MATRICULADOS;553;820;907;1132;1185;1396;1452;1732;1844;2159;2170;2337;2336;2437;2401;2513;2440;2566;2533;2582;2555;2669;2605;2550;2512;2601;2623;2764;2777;2858;2879;2933;2976;3083;3173;3169;3296;3257;3329;3473;3796;4096;4232;4473;4731;4864;5196;5327;5578;5811;5920;6057;5353;5562
1702;Universidad;Valle del Cauca;Cali;No oficial;Hombre;MATRICULADOS;342;636;794;975;1017;1314;1334;1624;1700;2013;2059;2281;2271;2385;2304;2383;2323;2441;2407;2475;2422;2466;2367;2377;2280;2358;2405;2499;2548;2582;2543;2632;2703;2771;2926;3044;3263;3316;3382;3199;2977;2672;2386;2117;1847;1532;1329;1012;748;536;419;304;227;187
1703;Universidad;"Bogotá, d. c.";"Bogotá, D.C.";No oficial;Mujer;MATRICULADOS;329;485;679;734;828;839;898;916;1114;1158;1203;1190;1130;1061;1101;1199;1242;1180;1116;1192;1317;1476;1580;1710;1932;1958;2082;2009;2077;2146;2063;2047;2163;2075;2083;1913;1814;1559;1412;1253;1161;1027;873;550;496;446;403;359;329;309;282;457;284;2725
1703;Universidad;"Bogotá, d. c.";"Bogotá, D.C.";No oficial;Hombre;MATRICULADOS;378;587;802;890;958;1014;1121;1111;1408;1498;1570;1574;1617;1474;1531;1713;1759;1658;1584;1599;1705;1800;2009;2014;2147;2115;2292;2148;2190;2209;2162;2085;2104;1971;2007;1830;1796;1505;1390;1227;1089;987;775;556;492;439;353;302;225;213;191;241;162;1908
1704;Universidad;"Bogotá, d. c.";"Bogotá, D.C.";No oficial;Mujer;MATRICULADOS;31;33;968;1379;1197;1071;1456;370;820;1022;1324;1351;1776;1860;2274;2376;2709;2872;3722;3965;4495;4627;4997;5171;5465;5309;5789;5756;6101;6292;6879;7107;8286;8022;9026;9106;9562;9099;9379;8913;9884;9806;10319;10033;10737;10281;11063;10873;11665;11386;11542;10753;9143;8851
1704;Universidad;"Bogotá, d. c.";"Bogotá, D.C.";No oficial;Sin informaci¿n;MATRICULADOS;;;;;;;;1;5;8;9;1;9;9;9;9;8;4;1;;;;;;;;;;;;;;;;5;5;3;3;2;2;1;1;;;;;;;;;;;;
1704;Universidad;"Bogotá, d. c.";"Bogotá, D.C.";No oficial;Hombre;MATRICULADOS;933;1394;1193;1054;1939;2205;2563;479;905;1122;1385;1330;1791;1864;2223;2367;2659;2699;3397;3576;4155;4147;4598;4738;4962;4782;5088;5028;5260;5367;5989;6155;7267;7034;8059;8095;8893;8476;8686;8287;8011;7581;6877;6215;5414;4849;4278;3594;2975;2455;2114;1739;1319;1103
1705;Universidad;Santander;Bucaramanga;No oficial;Mujer;MATRICULADOS;346;523;750;868;1129;1477;1733;1778;2231;2230;2072;2189;2271;2223;2396;2270;2445;2361;2585;2616;2997;2897;3047;3006;3186;3266;3198;3340;3312;3209;3205;3123;3002;2829;2896;2788;2708;2555;2597;2654;2709;2742;3220;3520;3849;3673;4003;4087;3706;4285;4376;4318;3686;3658
1705;Universidad;Santander;Bucaramanga;No oficial;Sin informaci¿n;MATRICULADOS;;;;;;;;;;;;;;;;;;;;;;;;;;;;1;1;1;;1;1;1;;;;;;;;;;;;;;;;;;;;
1705;Universidad;Santander;Bucaramanga;No oficial;Hombre;MATRICULADOS;280;432;624;752;1009;1056;1273;1296;1641;1712;1768;1778;1820;1779;1909;1821;1916;1839;1951;1934;2137;2084;2188;2098;2215;2305;2214;2319;2248;2231;2199;2139;2295;2231;2438;2415;2475;2357;2507;2576;2228;2084;1896;1830;1547;1308;1033;849;508;407;299;226;172;145
1706;Universidad;"Bogotá, d. c.";"Bogotá, D.C.";No oficial;Mujer;MATRICULADOS;490;392;852;1026;1377;1195;1750;1910;2287;2387;2854;2399;3071;2541;3303;3113;3100;3138;3559;3448;3633;3545;3648;3426;3481;3304;3421;3327;3221;3153;3358;3207;3082;2878;2857;2613;2843;2846;2721;2686;3219;3142;3481;3551;3989;3998;4415;4336;4634;4667;4792;4759;4061;3878
1706;Universidad;"Bogotá, d. c.";"Bogotá, D.C.";No oficial;Sin informaci¿n;MATRICULADOS;;;;;;;;;;;;;;;;;;;;;;;;;;;;;;;;;;;;;6;16;9;;;;;;;;;;;;;;;
1706;Universidad;"Bogotá, d. c.";"Bogotá, D.C.";No oficial;Hombre;MATRICULADOS;307;252;581;689;902;774;1089;1166;1449;1536;1891;1563;2106;1714;2366;2205;2175;2155;2282;2205;2260;2240;2288;2169;2152;2028;2109;2032;1962;1841;2012;1982;2228;2194;2470;2422;2547;2552;2689;2698;2502;2238;2003;1761;1435;1207;1029;774;501;297;223;192;129;106
1707;Universidad;"Bogotá, d. c.";"Bogotá, D.C.";No oficial;Mujer;MATRICULADOS;779;1223;1656;1803;2184;2251;2584;2804;3176;3452;3575;3646;3771;3776;3565;3377;3318;3165;4002;4007;4193;4198;4457;4571;4816;4959;5192;5123;5311;5263;5334;5155;5128;4836;5151;4892;4994;4901;4811;4431;4613;4464;4596;4444;4467;3788;4237;4159;4420;4511;4796;4980;4338;4469
1707;Universidad;"Bogotá, d. c.";"Bogotá, D.C.";No oficial;Sin informaci¿n;MATRICULADOS;10;10;13;13;10;12;13;16;17;15;13;11;11;11;8;5;1;;;;;;;;;;;;;;;;;;;;;;;;;;;;;;;;;;;;;
1707;Universidad;"Bogotá, d. c.";"Bogotá, D.C.";No oficial;Hombre;MATRICULADOS;733;1123;1466;1548;1845;1982;2224;2447;2811;3117;3333;3538;3686;3781;3678;3416;3366;3190;4022;3950;4028;3951;4252;4305;4499;4544;4782;4622;4781;4783;4684;4448;4516;4406;4739;4686;4943;4768;4753;4569;4242;3799;3358;2950;2494;1919;1657;1269;947;769;600;518;397;319
1708;Universidad;Bolívar;Cartagena de Indias;No oficial;Mujer;MATRICULADOS;630;615;597;560;514;460;430;410;447;418;410;418;437;412;441;408;444;431;552;531;596;593;621;612;643;594;538;504;443;384;397;365;300;290;248;230;216;198;182;146;187;171;188;174;193;160;146;119;100;89;;;;
1708;Universidad;Bolívar;Cartagena de Indias;No oficial;Sin informaci¿n;MATRICULADOS;59;57;51;43;30;20;14;9;7;7;3;4;4;4;2;1;2;;1;1;1;1;1;1;1;1;1;;1;1;1;1;1;;;;;;;;;;;;;;;;;;;;;
1708;Universidad;Bolívar;Cartagena de Indias;No oficial;Hombre;MATRICULADOS;473;452;432;409;390;345;322;310;359;360;351;336;373;338;376;358;400;395;457;467;529;544;550;532;547;521;502;458;406;347;335;293;265;246;237;212;211;206;183;159;175;152;144;114;116;87;66;54;42;31;;;;
1709;Universidad;"Bogotá, d. c.";"Bogotá, D.C.";No oficial;Mujer;MATRICULADOS;748;1044;1300;1420;1611;1677;1852;1857;2519;2594;2761;2726;2767;2770;2553;2597;2614;2635;1918;2258;2585;2856;3085;3248;3580;3650;3992;4061;4344;4651;4293;4290;4445;4487;4619;4637;4884;4983;5323;5312;5793;5603;5560;5353;5505;4723;5069;4835;5010;4857;5058;4804;4112;3935
1709;Universidad;"Bogotá, d. c.";"Bogotá, D.C.";No oficial;Sin informaci¿n;MATRICULADOS;;;1;1;;;1;2;1;;;;;;1;;1;;;;;;;;;;;;;;;;;;;;;;;;;;;;;;;;;;;;;
1709;Universidad;"Bogotá, d. c.";"Bogotá, D.C.";No oficial;Hombre;MATRICULADOS;754;1150;1514;1699;1914;2037;2271;2212;2951;3031;3284;3231;3204;3063;2987;3014;3070;3080;2790;3055;3395;3615;3836;3842;3984;4086;4329;4347;4649;4906;4770;4835;4880;4885;5080;5091;5279;5291;5622;5503;5271;4898;4454;4036;3635;2973;2827;2350;2042;1617;1351;1118;937;763
1710;Universidad;Antioquia;Medellín;No oficial;Mujer;MATRICULADOS;2442;812;1410;1386;2076;2014;2600;2870;3241;3398;3547;3483;3872;3756;3935;3848;4046;3851;4593;4656;5002;4915;5535;5417;5694;5654;5935;5922;6194;6032;6715;6468;6800;6572;6677;6300;6808;6921;7007;6791;7388;7333;7686;7480;7981;7472;8057;8171;8053;7809;8037;7864;6967;6745
1710;Universidad;Antioquia;Medellín;No oficial;Sin informaci¿n;MATRICULADOS;;;;;;;;;;1;;;;;;;;1;;;;;;;;;;;;;;;;;;;;;;;;;;;;;;;;;;;;
1710;Universidad;Antioquia;Medellín;No oficial;Hombre;MATRICULADOS;901;812;1517;1402;2111;1970;2669;3007;3121;3187;3349;3208;3693;3612;3768;3619;3804;3534;4023;3939;4246;3922;4264;4117;4281;4092;4378;4204;4473;4335;4814;4670;5127;4987;5483;5291;5916;5866;6262;6182;5925;5607;5123;4620;4094;3491;3024;2643;1943;1507;1158;953;721;575
1711;Universidad;Cundinamarca;Chía;No oficial;Mujer;MATRICULADOS;606;948;1504;1777;2178;2308;2679;2809;3110;3248;3380;3583;3694;3633;3643;3532;3530;3354;3537;3588;3967;4014;4334;4320;4474;4520;4754;4765;4974;5000;5187;5021;5038;4901;4986;4769;5541;5292;5219;5107;5787;5847;6264;6551;7111;7320;7757;8025;8463;8565;8776;8617;7775;7668
1711;Universidad;Cundinamarca;Chía;No oficial;Sin informaci¿n;MATRICULADOS;;1;1;1;1;1;1;1;1;1;1;1;;;;;;;;;;;;;;;;;;;;;;;;;;;;;;;;;;;;;;;;;;
1711;Universidad;Cundinamarca;Chía;No oficial;Hombre;MATRICULADOS;324;528;833;1011;1250;1316;1505;1568;1758;1749;1887;2123;2238;2241;2446;2351;2393;2245;2410;2435;2641;2737;2951;2988;3076;3028;3153;3133;3234;3165;3299;3257;3593;3725;4129;4073;4854;4835;5039;4813;4535;4204;3736;3359;2932;2463;1946;1570;1035;716;504;364;239;147
1712;Universidad;Antioquia;Medellín;No oficial;Mujer;MATRICULADOS;501;662;1052;1232;1325;1458;1830;1868;2223;2423;2735;2667;2930;2728;2892;2783;2874;2646;3425;3415;3711;3571;3760;3588;3879;3805;4041;3896;4088;3927;4106;3969;4226;4112;4489;4390;4667;4565;4831;4818;5335;5273;5687;5625;6132;6017;6563;6469;7113;7208;7580;7359;6816;6859
1712;Universidad;Antioquia;Medellín;No oficial;Hombre;MATRICULADOS;453;564;1003;1084;1333;1412;1845;1850;2239;2387;2740;2662;2876;2708;2874;2701;2871;2650;3523;3429;3768;3582;3706;3609;3783;3698;3992;3815;4052;3896;4109;3969;4096;4056;4323;4215;4678;4485;4635;4455;4153;3747;3379;2951;2574;2172;1768;1368;1011;739;544;411;304;244
1713;Universidad;Atlántico;Barranquilla;No oficial;Mujer;MATRICULADOS;;;;;;;;;873;1097;1604;1847;2246;2371;2773;2844;3141;3143;3257;3268;3316;3208;3222;3118;3290;3157;3299;3212;3214;3127;3441;3539;3943;3893;4655;4684;5472;5567;5924;6171;7359;7762;8579;8834;9401;9129;10056;10155;10675;10531;10493;10347;8882;8788
1713;Universidad;Atlántico;Barranquilla;No oficial;Hombre;MATRICULADOS;;;;;;;;;984;1094;1652;1808;2180;2208;2562;2595;2808;2730;2859;2862;2962;2793;2851;2634;2800;2702;2802;2680;2829;2730;3049;3145;3711;3730;4391;4474;5354;5461;5875;5849;5399;5067;4381;4024;3293;2734;2159;1670;1005;640;431;276;156;115
1714;Universidad;"Bogotá, d. c.";"Bogotá, D.C.";No oficial;Mujer;MATRICULADOS;;;290;494;761;876;1409;1598;1956;2186;2614;2807;2940;2847;3014;3044;3313;3407;3883;3957;4167;4081;4156;4183;4480;4555;4782;4834;4653;4565;4759;4830;5118;4902;4653;4689;4606;4347;4507;4813;4996;5329;5703;5599;5967;5983;6609;6929;7304;7581;7920;7577;6705;6591
1714;Universidad;"Bogotá, d. c.";"Bogotá, D.C.";No oficial;Sin informaci¿n;MATRICULADOS;;;;;1;;;;;;;;;;;;;;;;;;;;;;;;;;;;;;;;;;;;;;;;;;;;;;;;;
1714;Universidad;"Bogotá, d. c.";"Bogotá, D.C.";No oficial;Hombre;MATRICULADOS;;;168;278;395;481;631;731;900;1027;1275;1367;1536;1526;1680;1710;1955;2040;2353;2386;2575;2586;2758;2772;3097;3053;3580;3361;3661;3392;3193;2925;2829;3143;3730;3536;4089;4488;4678;4604;4201;4224;3950;3611;3271;2601;2268;1801;1280;887;610;414;305;246
1715;Universidad;"Bogotá, d. c.";"Bogotá, D.C.";No oficial;Mujer;MATRICULADOS;435;232;375;446;584;664;791;889;1046;1150;1195;1223;1248;1296;1367;1391;1435;1448;1418;1405;1450;1427;1475;1498;1533;1556;1623;1660;1693;1737;1797;1826;1965;1942;2022;2022;2079;1968;1999;1809;1831;1669;1751;1601;1695;1727;1843;1736;1797;1733;1823;1689;1459;1400
1715;Universidad;"Bogotá, d. c.";"Bogotá, D.C.";No oficial;Hombre;MATRICULADOS;244;377;651;730;931;1046;1232;1399;1594;1691;1801;1827;1771;1806;1770;1758;1850;1835;1838;1795;1811;1803;1836;1810;1857;1828;1885;1880;2019;1999;2144;2125;2141;2075;2081;1974;2213;2105;2087;1899;1690;1503;1330;1140;990;890;757;565;437;316;240;180;120;89
1716;Universidad;Valle del Cauca;Cali;No oficial;Mujer;MATRICULADOS;2973;3323;3134;3100;2824;2746;2513;2518;2429;2415;2320;2222;2105;2017;1948;1841;1736;1699;1676;1703;1753;1986;2106;2341;2465;2550;2540;2677;2677;2689;2574;2652;2570;2513;2579;2619;2699;2544;2368;2411;2362;2242;2496;2527;2641;2557;2833;2837;3226;3293;3491;3514;2944;2980
1716;Universidad;Valle del Cauca;Cali;No oficial;Hombre;MATRICULADOS;1888;2139;2125;2171;2080;1978;1846;1846;1786;1828;1732;1657;1578;1535;1434;1399;1345;1288;1261;1294;1324;1472;1505;1673;1730;1795;1853;1935;1924;1899;1878;2004;2002;2065;2189;2220;2402;2357;2347;2276;1967;1668;1648;1445;1247;985;865;678;632;497;394;342;211;180
1717;Universidad;Antioquia;Medellín;No oficial;Mujer;MATRICULADOS;;;3496;3011;2789;2403;2274;1912;1928;1764;1619;1468;1530;1463;1659;1851;2159;2289;2510;2624;2818;2698;2826;2755;2744;2694;2730;2530;2633;2626;2767;2710;2817;2721;2837;2751;2924;2918;2896;2670;2699;2590;2661;2492;2654;2328;2494;2386;2571;2495;2539;2442;2148;1996
1717;Universidad;Antioquia;Medellín;No oficial;Hombre;MATRICULADOS;;;286;325;366;341;407;415;451;450;485;479;580;573;682;776;925;974;1192;1190;1368;1364;1483;1464;1555;1545;1688;1591;1753;1773;1897;1902;2128;2107;2183;2181;2402;2381;2457;2350;2304;2108;1902;1691;1508;1199;1087;886;716;603;478;397;317;269
1718;Universidad;"Bogotá, d. c.";"Bogotá, D.C.";No oficial;Mujer;MATRICULADOS;;;;;;;247;382;617;696;922;964;1140;1258;1483;1584;1613;1597;1994;1913;2162;2121;2250;2132;2403;2338;2139;2102;2255;2096;2307;2405;2291;915;1206;1279;1411;1387;1361;1313;1500;1425;1571;1541;1684;1485;1596;1656;1881;1965;2064;2325;2049;2071
1718;Universidad;"Bogotá, d. c.";"Bogotá, D.C.";No oficial;Hombre;MATRICULADOS;;;;;;;504;585;891;892;1062;1068;1212;1262;1408;1403;1429;1305;1297;1227;1358;1287;1304;1177;1315;1264;1288;1279;1410;1290;1472;1499;1527;1360;1438;1466;1628;1557;1397;1310;1183;1067;959;848;772;635;539;465;351;295;244;210;170;167
1719;Universidad;"Bogotá, d. c.";"Bogotá, D.C.";No oficial;Mujer;MATRICULADOS;775;1147;1673;2004;2406;2830;3414;3856;4317;4720;4845;4898;4847;4710;4990;4774;4949;5010;4928;4912;4917;4948;5711;4874;4967;4946;5006;5041;5044;4848;4879;4899;4817;4749;4759;4642;4755;4753;4748;4645;4890;4744;5053;4996;5409;4794;5200;5154;5411;5295;5156;4895;4161;3858
1719;Universidad;"Bogotá, d. c.";"Bogotá, D.C.";No oficial;Sin informaci¿n;MATRICULADOS;;;;;;;;;;;;;;;;;;;;;;;;;;;;1;1;1;2;2;2;2;2;2;2;1;1;1;;;;;;;;;;;;;;
1719;Universidad;"Bogotá, d. c.";"Bogotá, D.C.";No oficial;Hombre;MATRICULADOS;826;1250;1871;2314;2711;3017;3506;3763;4275;4527;4605;4614;4572;4461;4669;4435;4531;4594;4429;4410;4512;4608;5357;4567;4651;4575;4588;4654;4717;4703;4659;4668;4795;4647;4840;4737;4845;4954;4954;4905;4447;4067;3670;3311;2955;2551;2374;1998;1532;1274;1049;824;655;515
1720;Universidad;Nariño;Pasto;No oficial;Mujer;MATRICULADOS;;;18;44;316;437;312;546;821;1077;1257;1467;1574;2085;1846;2197;2386;2349;2762;2799;3147;3095;2883;3117;3537;3840;3662;3596;3527;3543;3553;3660;3826;3796;3868;3695;3748;3526;3715;3418;3670;3557;3892;3720;4041;3841;4163;4245;4502;4800;5225;5335;4624;4646
1720;Universidad;Nariño;Pasto;No oficial;Sin informaci¿n;MATRICULADOS;;;;;;;;;;;;;;;;;;;;;;;;;;;;1;;;;;;;;;;;;;;;;;;;;;;;;;;
1720;Universidad;Nariño;Pasto;No oficial;Hombre;MATRICULADOS;;;7;15;97;144;154;180;261;337;441;469;605;748;757;840;981;989;1145;1184;1345;1380;1381;1465;1569;1815;1810;1828;1826;1872;1921;2094;2260;2439;2727;2857;2989;3071;3324;3336;3379;3163;3050;2648;2306;1912;1764;1512;1313;1048;908;768;589;491
1722;Universidad;Caldas;Manizales;No oficial;Mujer;MATRICULADOS;435;750;1092;1238;1475;1562;1786;1839;1940;2022;2173;2193;2194;2124;2179;2151;2217;2216;2267;2220;2257;2255;2342;2286;2250;2217;2199;2189;2398;2346;2345;2221;2303;2435;2610;2671;2988;3055;3520;3614;3829;3839;4039;3996;3620;3756;3694;4085;3814;4176;4158;4064;3344;3505
1722;Universidad;Caldas;Manizales;No oficial;Hombre;MATRICULADOS;100;223;396;501;640;705;837;870;972;1063;1175;1182;1232;1221;1274;1224;1245;1238;1285;1264;1301;1304;1364;1344;1323;1286;1336;1314;1327;1256;1281;1251;1375;1469;1757;1872;2131;2262;2421;2475;2331;2323;2151;2058;1845;1674;1483;1349;1154;1100;947;847;692;664
1723;Universidad;Santander;Bucaramanga;No oficial;Mujer;MATRICULADOS;590;343;612;550;813;752;1033;995;1219;1161;1384;1370;1430;1444;1493;1559;1499;1540;1690;1723;1782;1802;1956;1995;2147;2175;2373;2322;2508;2476;2671;2602;2748;2607;2751;2619;2673;2528;2535;2338;2637;2456;2819;2655;2999;2693;3098;2940;3232;3173;3436;3202;2950;2689
1723;Universidad;Santander;Bucaramanga;No oficial;Hombre;MATRICULADOS;264;203;475;419;669;613;866;798;1135;1056;1289;1256;1266;1249;1334;1360;1351;1336;1483;1544;1693;1673;1874;1889;2070;2024;2216;2181;2374;2289;2500;2430;2572;2452;2647;2526;2685;2507;2564;2418;2291;1989;1808;1543;1331;1090;938;702;551;362;269;212;175;130
1724;Universidad;Bolívar;Cartagena de Indias;No oficial;Mujer;MATRICULADOS;1274;170;330;101;1928;1904;2155;2025;2163;1952;2029;1860;1799;1597;1493;1341;1263;1139;1189;1123;1154;1027;977;979;1250;1216;1287;1311;1332;1316;1440;1476;1531;1408;1272;1249;1174;1035;1123;1044;1384;1479;1938;2040;2479;2240;2791;2955;3315;3492;3634;3640;3163;3146
1724;Universidad;Bolívar;Cartagena de Indias;No oficial;Sin informaci¿n;MATRICULADOS;;;;;1;1;1;1;;;;;;;;;;;;;;;;;;;;;;;;;;;;;;;;;;;;;;;;;;;;;;
1724;Universidad;Bolívar;Cartagena de Indias;No oficial;Hombre;MATRICULADOS;646;96;150;65;980;911;1046;949;1064;957;981;846;862;767;752;699;674;627;661;604;622;572;617;597;793;765;882;808;971;894;907;818;907;912;1066;992;1108;1107;1213;1229;1269;1250;1193;1084;939;795;738;626;514;424;306;226;182;142
1725;Universidad;"Bogotá, d. c.";"Bogotá, D.C.";No oficial;Mujer;MATRICULADOS;243;384;612;756;961;1180;1451;1652;1837;1960;2115;2175;2218;2331;2353;2431;2465;2502;2692;2719;2840;2933;3082;2995;2867;2952;3037;3115;3287;3143;3308;3279;3334;3209;837;3099;3165;2909;2867;2323;2582;2280;1997;1218;1363;952;880;729;548;440;417;246;292;
1725;Universidad;"Bogotá, d. c.";"Bogotá, D.C.";No oficial;Sin informaci¿n;MATRICULADOS;;;;;;;;;;;;;;;;;;;1;;;;;;;;;;;;;;;;;;;;;;;;;;;;;;;;;;;
1725;Universidad;"Bogotá, d. c.";"Bogotá, D.C.";No oficial;Hombre;MATRICULADOS;297;456;644;802;1001;1241;1540;1698;1911;2044;2186;2236;2270;2390;2468;2519;2558;2546;2654;2715;2788;2848;3082;3031;2868;2923;3027;3058;3201;3035;3182;3045;3093;2952;835;2833;2973;2745;2752;2234;2395;2140;1782;1028;1093;777;657;524;385;292;248;146;162;
1726;Universidad;Antioquia;Rionegro;No oficial;Mujer;MATRICULADOS;380;594;754;882;954;988;1084;1102;1160;1176;1268;1295;1279;1173;1217;1153;1157;1231;1279;1209;1238;1288;1275;1182;1222;1256;1351;1403;1836;2183;2114;2375;2811;3071;3111;2728;2724;2623;2576;2416;2661;2631;2790;2674;2851;2611;2854;2809;3078;3031;3244;3097;2631;2660
1726;Universidad;Antioquia;Rionegro;No oficial;Hombre;MATRICULADOS;269;361;548;600;686;695;788;796;900;869;952;958;980;977;950;879;924;992;1057;999;1053;1027;1079;1049;1117;1084;1167;1123;1477;1592;1707;1803;2246;2395;2438;2356;2527;2411;2414;2362;2334;2189;1990;1793;1649;1511;1383;1210;1059;942;848;715;553;454
1727;Universidad;Córdoba;Montería;No oficial;Mujer;MATRICULADOS;445;349;461;436;590;561;728;690;855;807;945;869;966;907;956;909;856;823;908;931;947;943;951;909;893;888;846;900;949;923;963;877;971;946;1013;1000;1084;1010;1131;1102;1210;1227;1660;1683;2134;2104;2511;2562;2910;3038;3465;3425;3165;3073
1727;Universidad;Córdoba;Montería;No oficial;Hombre;MATRICULADOS;400;278;414;396;617;574;750;667;845;767;998;869;989;895;984;917;897;833;988;981;1030;995;1008;928;951;926;871;940;985;981;1071;1010;1075;1020;1077;1062;1160;1100;1162;1129;1038;964;913;824;716;642;555;482;350;265;221;175;142;119
1728;Universidad;"Bogotá, d. c.";"Bogotá, D.C.";No oficial;Mujer;MATRICULADOS;192;153;326;191;950;1005;1279;1476;1512;1551;1617;1604;1614;1641;1650;1625;1730;1796;2048;2089;2317;2322;2407;2475;2566;2662;2647;2717;2682;2764;3023;3278;3633;3438;3507;3517;3604;3559;4156;3834;4233;4296;4890;5067;5551;5226;5786;5877;6477;6755;6413;6132;5281;5241
1728;Universidad;"Bogotá, d. c.";"Bogotá, D.C.";No oficial;Hombre;MATRICULADOS;108;87;199;118;571;646;812;956;1058;1060;1233;1231;1299;1314;1418;1407;1493;1549;1768;1883;1989;2045;2222;2268;2388;2346;2581;2424;2898;2771;2645;2592;2540;2730;3092;3078;3624;3512;3301;3150;3077;2940;2737;2510;2174;1761;1495;1249;1027;845;637;510;380;321
1729;Universidad;"Bogotá, d. c.";"Bogotá, D.C.";No oficial;Mujer;MATRICULADOS;170;261;360;455;721;870;1172;1431;1538;1893;1817;1977;1995;2077;2335;2387;2352;2396;2573;2647;2907;3047;3224;3328;3580;3715;3888;4142;4098;4363;4902;5224;5686;5468;5230;5510;5453;5101;5183;5070;5522;5696;6169;6335;6923;6804;7640;8017;8624;8538;9134;9139;8105;8316
1729;Universidad;"Bogotá, d. c.";"Bogotá, D.C.";No oficial;Hombre;MATRICULADOS;140;298;418;489;722;989;1086;1136;1289;1401;1471;1527;1564;1595;1804;1820;1813;1769;1903;1897;2039;2069;2207;2186;2368;2353;2583;2517;3047;2978;2931;2824;2892;3316;3997;3992;4642;4943;4997;5012;4931;4782;4583;4228;3688;3228;2817;2340;1827;1384;1122;881;666;587
1730;Universidad;Valle del Cauca;Palmira;No oficial;Mujer;MATRICULADOS;;;;;;;;;18;31;36;49;46;64;61;94;78;89;132;138;142;134;116;136;130;130;139;139;142;147;140;138;142;144;144;139;146;158;156;154;161;174;203;226;231;228;240;254;271;297;340;341;287;272
1730;Universidad;Valle del Cauca;Palmira;No oficial;Hombre;MATRICULADOS;;;;;;;;;1;10;15;21;20;27;26;42;36;44;60;68;59;57;49;56;54;54;62;67;69;63;68;75;102;121;140;150;157;168;188;180;170;162;142;139;102;96;79;72;52;46;38;28;17;16
1731;Universidad;Cundinamarca;Chía;No oficial;Mujer;MATRICULADOS;;;;;;;;;;;73;109;196;198;264;241;261;221;25;39;140;53;42;32;;;;;;;;;;;;;;;;;;;;;;;;;;;;;;
1731;Universidad;Cundinamarca;Chía;No oficial;Hombre;MATRICULADOS;;;;;;;;;;;137;226;413;396;480;433;466;428;45;76;261;98;69;43;;;;;;;;;;;;;;;;;;;;;;;;;;;;;;
1732;Universidad;Boyacá;Tunja;No oficial;Mujer;MATRICULADOS;235;253;325;368;440;460;494;490;492;488;485;496;450;416;217;239;478;462;512;518;600;581;653;624;729;834;814;887;895;888;1072;1059;1159;1167;1249;1264;1369;1403;1469;1422;1596;1794;2096;2151;2434;2259;2653;2802;3117;3465;3671;3486;3290;3268
1732;Universidad;Boyacá;Tunja;No oficial;Hombre;MATRICULADOS;192;206;310;380;465;462;524;498;553;544;546;552;498;438;256;294;519;494;563;553;609;614;719;704;788;944;904;1023;1018;1090;1212;1223;1290;1301;1353;1389;1476;1484;1490;1472;1263;1271;1162;1049;879;727;603;513;380;298;216;171;114;95
1733;Universidad;Magdalena;Santa Marta;No oficial;Mujer;MATRICULADOS;8;13;22;18;93;106;139;155;220;242;301;336;431;431;451;427;464;488;545;553;657;666;723;707;802;771;853;813;915;935;931;856;867;812;808;790;828;831;789;786;887;956;1204;1250;1462;1376;1599;1594;1817;1928;2036;2002;1763;1766
1733;Universidad;Magdalena;Santa Marta;No oficial;Hombre;MATRICULADOS;7;7;17;13;62;67;92;98;124;151;192;208;296;294;310;301;331;337;403;439;536;526;579;578;596;588;621;598;625;614;611;585;623;612;666;644;675;671;708;733;710;700;641;607;526;464;438;383;318;258;219;163;105;74
1734;Universidad;Boyacá;Tunja;No oficial;Mujer;MATRICULADOS;1814;575;831;932;1252;1296;1808;1871;2130;2127;2264;2112;1990;1855;1804;1676;1624;1553;1709;1740;1803;1818;1987;1920;2039;2081;2324;2413;2632;2812;3039;2993;2989;2925;2960;2836;2975;2952;2896;2685;2726;2674;2871;2853;3079;2741;3075;3146;3561;3810;4160;4203;3716;3761
1734;Universidad;Boyacá;Tunja;No oficial;Hombre;MATRICULADOS;426;369;510;599;785;866;1162;1181;1346;1301;1369;1292;1178;1085;1066;977;956;838;927;950;1073;1084;1139;1175;1292;1259;1428;1502;1648;1731;1896;1906;2087;2182;2419;2502;2597;2605;2730;2743;2589;2422;2183;1947;1765;1422;1375;1202;987;796;634;514;399;301
1735;Universidad;"Bogotá, d. c.";"Bogotá, D.C.";No oficial;Mujer;MATRICULADOS;403;727;1027;1142;1381;1577;1734;1739;2078;2050;2158;2399;2523;2402;2489;2453;2410;2428;2657;2932;3070;3065;3243;3355;3530;3422;3704;3977;4244;4390;4922;5236;5101;4990;4472;4379;4134;3603;3919;3570;3693;3325;3687;3558;3874;3284;3481;3836;4203;4360;5191;5162;4314;4625
1735;Universidad;"Bogotá, d. c.";"Bogotá, D.C.";No oficial;Sin informaci¿n;MATRICULADOS;;;;;;;;;;;;;;;;;;;;;;;;;;;;;;1;;;;;;;;;;;;;;;;;;;;;;;;
1735;Universidad;"Bogotá, d. c.";"Bogotá, D.C.";No oficial;Hombre;MATRICULADOS;150;268;394;444;591;684;743;729;1023;1025;1087;1538;1604;1547;1703;1731;1688;1695;1832;1869;1961;1907;1961;1965;2042;1926;2206;2293;2760;2638;2623;2684;2466;2809;3406;3127;3756;3992;3867;3509;3383;3081;2899;2651;2459;2026;1501;1461;1295;1172;1104;1001;740;823
1801;Universidad;"Bogotá, d. c.";"Bogotá, D.C.";No oficial;Mujer;MATRICULADOS;1095;680;1251;1028;1440;1181;1884;1757;2065;1954;2340;2182;2387;1689;2654;2745;2927;3121;3282;3608;3965;4192;4390;4644;4618;4940;4925;5325;5167;5855;6311;6705;7026;6474;6241;6658;6296;5683;5527;5517;5302;4954;5129;5315;5608;4532;5066;5144;5048;5085;4780;4896;4097;3808
1801;Universidad;"Bogotá, d. c.";"Bogotá, D.C.";No oficial;Sin informaci¿n;MATRICULADOS;;;;;;;;;;;;;;;;;;;;;1;;;;;;;;;;;;;;;;;;;;;;;;;;;;;;;;;
1801;Universidad;"Bogotá, d. c.";"Bogotá, D.C.";No oficial;Hombre;MATRICULADOS;840;747;1068;1049;1282;1197;1695;1628;2079;2040;2313;2048;2273;1615;2311;2381;2518;2707;2807;2957;3234;3509;3905;4028;4406;4478;5000;4888;5608;5622;5372;5123;4932;5310;5772;5385;5823;5717;5625;5558;5103;4919;4557;4228;3748;2951;2853;2502;2097;1790;1480;1307;1042;863
1802;Universidad;Quindío;Armenia;No oficial;Mujer;MATRICULADOS;164;145;229;234;352;313;538;545;744;766;919;896;975;941;997;988;953;999;969;1027;1278;1115;1194;1156;1256;1206;1230;1215;1173;1264;1328;1399;1402;1321;1376;1295;1380;1119;1120;1069;1107;1039;1153;1117;1336;1240;1400;1324;1432;1514;1680;1663;1403;1390
1802;Universidad;Quindío;Armenia;No oficial;Hombre;MATRICULADOS;128;118;178;196;330;312;510;484;684;678;777;784;890;853;937;896;893;921;859;886;1104;960;1076;1029;1139;1070;1166;1087;1195;1175;1130;1134;1066;1146;1401;1189;1513;1320;1319;1258;1205;1152;1066;979;848;766;639;511;401;368;286;254;206;178
1803;Universidad;"Bogotá, d. c.";"Bogotá, D.C.";No oficial;Mujer;MATRICULADOS;332;715;1168;1539;1950;2328;2899;3281;3892;4466;4979;4956;4965;5046;4741;4779;4929;5114;5808;5975;6201;6385;6688;6707;6984;7045;7391;7556;7705;7769;7935;7827;7683;7399;7692;7571;7575;7094;6860;6270;6350;6105;6306;6094;6006;5766;5867;5804;6105;6161;6390;6402;5657;5728
1803;Universidad;"Bogotá, d. c.";"Bogotá, D.C.";No oficial;Sin informaci¿n;MATRICULADOS;2;5;12;17;18;18;20;24;25;28;28;29;27;23;19;11;13;12;14;12;11;5;6;5;4;5;4;4;5;2;1;2;;1;2;3;1;1;;;;;;;;1;;;;;;;;
1803;Universidad;"Bogotá, d. c.";"Bogotá, D.C.";No oficial;Hombre;MATRICULADOS;250;501;800;1083;1369;1643;2015;2277;2717;3162;3369;3404;3453;3545;3319;3257;3359;3456;4028;4193;4360;4511;4814;4906;5161;5180;5514;5684;5922;5909;5937;5823;6077;6006;6487;6542;6722;6359;6437;6089;5679;5225;4629;4157;3289;2844;2326;1977;1493;1136;955;798;638;571
1804;Universidad;Atlántico;Barranquilla;No oficial;Mujer;MATRICULADOS;875;1188;1810;1922;2453;2612;3000;3044;3528;3577;3606;3590;3660;3480;3542;3419;3655;3553;3874;3930;4227;4174;4358;4259;4384;4206;4661;4488;4751;4636;4514;4347;4747;4683;4729;4725;4832;4686;4564;4398;4788;4057;4320;4060;4178;3264;4095;3922;4686;4509;5056;4763;4082;4061
1804;Universidad;Atlántico;Barranquilla;No oficial;Sin informaci¿n;MATRICULADOS;;;;;;;;;;;;;;;;;1;1;1;;;;1;1;1;1;;;;;;;;;;;;;;;;;;;;;;;;;;;;
1804;Universidad;Atlántico;Barranquilla;No oficial;Hombre;MATRICULADOS;866;1325;2037;2195;2839;2894;3469;3532;4138;4316;4653;4486;4751;4550;4508;4330;4622;4446;4798;4788;4933;4747;4886;4692;4875;4679;5209;5166;5486;5353;5345;5137;5375;5353;5329;5148;5239;5018;4987;4777;4168;3415;3206;2663;2357;1755;1817;1335;1080;930;729;616;474;430
1805;Universidad;Valle del Cauca;Cali;No oficial;Mujer;MATRICULADOS;876;2271;2722;3679;3802;4440;4531;4458;4754;5173;4999;4936;4563;4200;3898;3786;3692;3703;4175;4613;4738;4905;4828;5154;5202;5517;5367;4974;5163;5208;5174;5197;5351;5115;5673;5679;6199;6581;6758;6707;7231;7441;8397;9292;9767;8668;11011;11898;13447;14051;15384;15763;13828;14898
1805;Universidad;Valle del Cauca;Cali;No oficial;Sin informaci¿n;MATRICULADOS;;24;41;45;51;61;65;65;55;62;55;53;43;35;32;29;23;21;17;17;13;10;5;5;2;2;2;2;1;1;1;;;;;;;;;;;;;;;;;;;;;;1;1
1805;Universidad;Valle del Cauca;Cali;No oficial;Hombre;MATRICULADOS;501;1232;1621;2202;2386;2845;2868;2831;3045;3399;3364;3271;3181;2932;2767;2626;2537;2516;2733;3028;3029;3187;3080;3225;3246;3384;3383;3108;3217;3304;3393;3483;3679;3721;4374;4684;5382;5758;6055;5922;5624;5245;5036;4942;4535;3783;3817;3484;3113;2776;2421;2123;1756;1617
1806;Universidad;"Bogotá, d. c.";"Bogotá, D.C.";No oficial;Mujer;MATRICULADOS;4466;1368;2112;1480;1632;1400;2484;1491;2726;1852;3023;1857;2115;2791;3356;3763;4135;3924;4580;4642;5027;5000;5230;5248;5687;5740;5813;5091;5690;5557;5411;5185;5293;5058;5052;4813;4733;4551;4343;4036;4223;4244;4432;4396;4650;4352;4728;4768;5219;5319;5564;5814;5079;4975
1806;Universidad;"Bogotá, d. c.";"Bogotá, D.C.";No oficial;Hombre;MATRICULADOS;3033;943;1729;1146;1439;1252;2218;1412;2487;1660;2843;1451;1962;2624;3227;3512;3829;3690;4312;4291;4573;4558;4703;4706;4881;4867;4980;4652;4794;4700;4667;4508;4614;4470;4677;4574;4591;4375;4317;4077;3839;3582;3151;2826;2397;2065;1701;1503;1166;959;763;684;505;428
1807;Universidad;Valle del Cauca;Cali;No oficial;Mujer;MATRICULADOS;170;466;451;666;747;682;488;1184;1154;1416;1379;1365;1456;1463;1536;1196;1407;1454;1762;1823;2173;2255;2061;2121;2074;2086;2017;2180;2413;2520;2652;2695;2602;2668;2709;2695;2975;3076;3207;3066;2800;2988;3025;3025;3131;3009;3047;3131;3519;3600;3671;3687;3242;3159
1807;Universidad;Valle del Cauca;Cali;No oficial;Sin informaci¿n;MATRICULADOS;;2;4;6;4;3;4;12;5;7;9;8;6;2;2;;2;2;1;1;1;1;1;;1;1;1;;;;;;;;;;;;;;;;;;;;;;;;;;;
1807;Universidad;Valle del Cauca;Cali;No oficial;Hombre;MATRICULADOS;77;253;243;376;443;349;282;712;710;929;836;835;925;920;805;743;862;878;983;1069;1127;1119;988;986;973;1018;1037;1114;1253;1375;1470;1596;1754;1856;2021;2084;2320;2435;2596;2586;2280;2237;2015;1861;1691;1507;1300;1132;1001;798;718;610;466;402
1808;Universidad;Atlántico;Barranquilla;No oficial;Mujer;MATRICULADOS;465;709;1322;1205;1727;1622;2045;1738;2437;1872;2466;1845;2385;1733;2140;1570;1951;1606;1876;1789;1727;1636;1690;1734;1812;1760;1851;1897;2082;2227;2443;2487;2551;2531;2585;2652;2752;2657;2205;1656;2579;2684;3105;3190;3574;3444;3869;3957;4322;4438;4576;4553;3938;3882
1808;Universidad;Atlántico;Barranquilla;No oficial;Sin informaci¿n;MATRICULADOS;;;;20;16;42;;3;;4;1;2;2;2;2;2;2;5;2;;1;;;;;;;;;1;;;;;;;;;;;;;;;;;;;;;;;;
1808;Universidad;Atlántico;Barranquilla;No oficial;Hombre;MATRICULADOS;299;445;778;590;980;816;1111;758;1251;864;1289;789;1212;761;1172;763;1134;882;1182;1089;1053;1042;1025;1035;1026;1022;1065;1107;1217;1254;1398;1428;1676;1733;1983;2115;2241;2202;1955;1564;2176;2064;1794;1657;1388;1217;1065;923;631;504;348;254;196;146
1809;Universidad;Risaralda;Pereira;No oficial;Mujer;MATRICULADOS;1382;1511;1713;1232;1749;1198;1717;1169;1683;1223;1787;1167;1630;1066;1611;967;1457;880;1511;1493;1635;1488;1727;1742;1495;1655;1715;1766;1848;1856;1951;1967;1884;1866;1901;1894;1959;1790;1661;1593;1717;1749;1884;1907;2158;2065;2178;2214;2355;2449;2460;2370;2028;1991
1809;Universidad;Risaralda;Pereira;No oficial;Hombre;MATRICULADOS;731;790;1039;620;1051;621;1078;589;1028;641;1149;625;1097;618;1191;598;1133;552;1092;1052;1142;1031;1222;1242;1009;1178;1312;1369;1502;1525;1556;1527;1606;1604;1774;1778;1809;1604;1598;1587;1387;1312;1134;1038;933;828;706;622;446;379;290;240;185;165
1810;Universidad;Norte de Santander;Cúcuta;No oficial;Mujer;MATRICULADOS;193;240;385;285;479;481;582;570;763;753;799;766;782;753;825;756;851;869;823;821;823;837;807;831;829;828;767;773;725;765;948;1009;1129;1078;1024;1080;1042;961;1058;1015;991;961;957;961;1091;1030;1107;1112;1190;1241;1254;1227;1010;985
1810;Universidad;Norte de Santander;Cúcuta;No oficial;Hombre;MATRICULADOS;174;186;316;264;447;429;555;534;623;613;660;627;663;627;709;646;699;684;635;634;670;695;693;699;710;662;728;735;839;815;790;769;690;767;911;874;988;1022;928;902;824;810;732;669;514;472;362;319;232;214;169;157;124;105
1811;Universidad;Santander;Socorro;No oficial;Mujer;MATRICULADOS;169;185;214;240;289;277;328;330;350;323;347;340;337;335;367;361;403;409;474;505;534;585;582;583;561;559;524;533;509;525;591;641;727;716;678;687;680;637;754;721;683;644;643;607;680;651;698;694;660;655;640;613;500;457
1811;Universidad;Santander;Socorro;No oficial;Hombre;MATRICULADOS;83;97;142;157;249;226;283;280;254;285;286;261;266;273;306;302;300;303;335;337;386;428;429;441;413;402;443;443;527;509;457;437;423;515;626;629;700;682;601;585;547;528;495;431;323;297;213;184;131;109;92;89;58;47
1812;Universidad;Antioquia;Medellín;No oficial;Mujer;MATRICULADOS;3217;2760;3253;3240;3575;3471;4003;3869;4139;4089;4258;4331;4597;4458;4617;4507;4705;4622;5041;4915;5203;5120;5617;5507;6000;5793;6241;6051;6377;6168;6430;6174;6169;5852;5945;5624;5897;5502;5377;4938;5156;4949;5247;4972;5112;4920;5203;4956;5239;5078;5282;4964;4389;4129
1812;Universidad;Antioquia;Medellín;No oficial;Hombre;MATRICULADOS;1606;1768;2236;2162;2462;2454;2876;2756;3043;2956;3217;3181;3350;3258;3435;3399;3500;3414;3729;3633;3882;3749;4159;4167;4484;4429;4760;4577;4935;4767;4946;4784;5028;4926;5344;5175;5499;5237;5358;5007;4602;4162;3713;3327;2833;2538;2070;1678;1259;948;747;564;457;376
1813;Universidad;"Bogotá, d. c.";"Bogotá, D.C.";No oficial;Mujer;MATRICULADOS;3461;3142;3195;3093;3215;3197;3343;3365;3563;3653;4014;4130;4464;4579;4968;4972;5269;5336;5500;5604;5707;5794;5902;5810;5758;5761;5841;6817;5860;6128;6302;6602;7003;6851;7082;7320;7294;7076;7124;7368;7683;8107;8638;9004;9698;10214;10901;11337;11559;12103;12231;12853;11508;11778
1813;Universidad;"Bogotá, d. c.";"Bogotá, D.C.";No oficial;Hombre;MATRICULADOS;4345;4003;4151;3941;4107;3889;4122;4060;4440;4436;4842;4837;5198;5171;5350;5209;5529;5479;5713;5735;5965;6118;6280;6134;6232;6260;6481;7476;6552;6384;6425;6147;6085;5989;6389;6055;6474;6792;6741;6363;5940;5404;4837;4165;3445;2759;2154;1471;931;664;434;303;217;148
1814;Universidad;Antioquia;Medellín;No oficial;Mujer;MATRICULADOS;220;213;511;497;701;669;938;899;901;867;761;710;661;646;656;644;567;562;666;653;821;492;740;914;1112;1224;1376;1331;1595;1769;1948;2082;2130;2196;2267;2204;2268;2306;2181;2144;2312;2206;2421;2365;2529;2391;2468;2345;2459;2273;2269;2104;1809;1714
1814;Universidad;Antioquia;Medellín;No oficial;Hombre;MATRICULADOS;190;187;368;360;503;485;642;619;577;555;487;458;409;394;390;375;347;347;336;328;397;255;490;627;752;824;948;912;1139;1244;1392;1469;1620;1717;1802;1767;1883;1898;1890;1889;1778;1670;1504;1364;1263;1153;1008;904;747;626;539;476;385;351
1815;Universidad;"Bogotá, d. c.";"Bogotá, D.C.";No oficial;Mujer;MATRICULADOS;154;368;635;793;997;1142;1442;1629;2242;2480;3185;3444;3346;3155;3104;3033;2873;2712;2731;2941;3252;2998;2817;3085;3055;3248;3245;3376;3289;3453;3544;3660;3757;3326;3102;3179;2967;3355;2978;2744;2868;2627;2668;2608;2833;2411;2807;2759;2908;2920;3040;2913;2508;2579
1815;Universidad;"Bogotá, d. c.";"Bogotá, D.C.";No oficial;Sin informaci¿n;MATRICULADOS;;;;1;1;1;1;1;1;;;;1;1;1;1;1;1;1;1;;1;;;;;;;;;;;;;;;;;;;;;;;;;;;;;;;;
1815;Universidad;"Bogotá, d. c.";"Bogotá, D.C.";No oficial;Hombre;MATRICULADOS;147;376;633;782;997;1111;1407;1581;2110;2370;3135;3262;3266;2990;2828;2750;2779;2546;2897;2735;2651;2781;2982;2952;3285;3112;3438;3320;3567;3303;3174;2964;2748;2858;3244;2835;3232;3557;2917;2701;2489;2221;2120;1916;1612;1243;1067;799;620;532;423;405;295;306
1816;Universidad;Antioquia;Medellín;No oficial;Mujer;MATRICULADOS;413;344;632;780;839;1295;1210;1211;1308;1507;1456;1601;1642;1665;1573;1586;1904;1600;1424;1172;1334;1420;1788;1982;1739;2197;2042;2066;2156;2126;2319;2401;2495;2414;2471;2341;2416;2358;2254;2329;2364;2333;2465;2515;2752;2645;2908;2913;2976;3034;3106;3174;2766;2967
1816;Universidad;Antioquia;Medellín;No oficial;Hombre;MATRICULADOS;444;259;405;386;417;509;574;519;602;655;657;644;689;660;617;594;793;642;620;559;642;629;867;926;816;1023;974;996;1125;1144;1284;1367;1515;1500;1659;1647;1753;1750;1752;1937;1866;1790;1722;1641;1541;1376;1288;1125;973;862;765;658;553;473
1817;Universidad;Santander;Bucaramanga;No oficial;Mujer;MATRICULADOS;1066;1574;1712;1976;2326;2455;2541;2751;2808;2762;2594;2505;2415;2243;2253;2158;2202;2107;2256;2380;1924;2557;2615;2657;2746;2796;2905;2867;2935;2899;2814;2655;2608;2480;2435;2174;2211;2230;2126;1965;2013;1962;2067;2031;2221;1906;2219;2316;2513;2628;2773;2858;2465;2598
1817;Universidad;Santander;Bucaramanga;No oficial;Hombre;MATRICULADOS;251;420;485;632;833;911;976;1088;1227;1215;1268;1219;1238;1197;1255;1229;1241;1218;1307;1298;1167;1329;1352;1341;1374;1372;1399;1425;1486;1446;1448;1358;1403;1417;1612;1555;1643;1735;1776;1797;1760;1651;1525;1364;1188;986;940;794;665;550;494;456;365;314
1818;Universidad;"Bogotá, d. c.";"Bogotá, D.C.";No oficial;Mujer;MATRICULADOS;3035;4094;5269;5451;6526;6888;7890;7907;8887;8961;9211;8731;9010;8548;9002;8624;8732;8578;8614;8638;9562;10850;11718;11713;13331;13502;12212;13128;14482;15577;16856;17560;17798;18159;18419;18082;17986;17993;17696;17122;16871;16547;16956;16705;17238;14933;16342;16351;17167;17171;17395;17430;15267;15695
1818;Universidad;"Bogotá, d. c.";"Bogotá, D.C.";No oficial;Hombre;MATRICULADOS;796;1198;1611;1863;2368;2564;3143;3336;3880;4022;4341;4195;4593;4502;4976;4936;5153;5202;5503;5586;6136;7096;7769;7798;8991;9197;8684;9411;10345;11198;12140;12488;13244;13945;14753;14870;15148;15228;15531;15290;14450;13609;12460;11491;10187;8309;7698;6656;5409;4556;3722;3048;2517;2126
1819;Universidad;Santander;Barrancabermeja;No oficial;Mujer;MATRICULADOS;89;86;162;215;303;327;439;433;509;571;629;590;700;625;545;541;517;475;494;494;555;604;670;664;760;788;847;792;843;823;902;824;848;816;852;777;826;778;739;681;656;647;623;574;583;470;476;420;407;391;383;378;305;342
1819;Universidad;Santander;Barrancabermeja;No oficial;Hombre;MATRICULADOS;23;22;57;82;105;123;156;151;185;198;227;223;246;218;193;209;202;197;157;166;208;221;251;253;283;286;294;261;304;295;320;315;376;368;452;430;486;467;492;449;432;414;381;328;287;212;166;126;91;76;61;39;27;21
1820;Universidad;Magdalena;Santa Marta;No oficial;Mujer;MATRICULADOS;753;562;777;646;993;1363;1070;1036;1115;1362;1199;1079;1028;871;937;873;897;994;1320;1526;1395;1412;1587;1671;1755;1970;1841;1880;2012;2084;2274;2251;2296;2261;2279;2312;2341;2279;2265;2153;2162;2193;2330;2399;2643;2384;2698;2817;3070;3198;3275;3269;2929;3067
1820;Universidad;Magdalena;Santa Marta;No oficial;Hombre;MATRICULADOS;148;142;237;201;355;447;391;378;376;493;442;385;449;397;498;491;527;615;831;923;908;938;1015;1035;1034;1144;1116;1191;1257;1317;1404;1419;1520;1580;1655;1732;1802;1779;1846;1882;1835;1756;1650;1514;1382;1111;1008;873;732;601;495;388;316;257
1822;Universidad;Cundinamarca;Girardot;No oficial;Mujer;MATRICULADOS;5;17;35;45;69;87;139;152;184;210;244;245;237;227;233;235;217;203;202;197;233;229;237;226;241;249;256;265;353;364;447;453;540;526;612;598;678;665;680;620;671;658;716;670;739;628;660;653;784;780;817;818;705;710
1822;Universidad;Cundinamarca;Girardot;No oficial;Sin informaci¿n;MATRICULADOS;;;;;;;;;;;;;;;;;;;;;;;;1;1;1;1;1;1;;;;;;;;;;;;;;;;;;;;;;;;;
1822;Universidad;Cundinamarca;Girardot;No oficial;Hombre;MATRICULADOS;2;22;54;65;90;132;204;216;255;294;337;310;321;288;291;283;268;248;251;210;255;254;296;279;306;314;402;408;518;541;640;634;693;653;715;715;770;721;712;645;584;506;484;453;408;336;271;215;168;132;98;112;75;75
1823;Universidad;Santander;Bucaramanga;No oficial;Mujer;MATRICULADOS;5361;47;648;797;741;739;698;1207;808;2394;2065;1797;1558;1362;1248;1092;896;765;1387;1494;1919;2120;2683;2869;4079;4275;4367;4466;4562;4773;5182;5271;5260;5064;5316;5150;5382;5427;5538;5298;5576;5611;5984;5958;6285;5965;6249;6177;6242;6294;6468;6398;5510;5699
1823;Universidad;Santander;Bucaramanga;No oficial;Hombre;MATRICULADOS;507;820;796;1056;2756;2135;2347;2121;2068;2343;2206;2003;1827;1578;1310;1028;766;616;975;1002;1226;1327;1603;1738;2483;2605;2566;2648;2558;2640;2846;2830;3141;3091;3555;3566;3933;4164;4445;4381;4173;3971;3666;3360;3046;2641;2344;1960;1585;1343;1144;956;720;674
1824;Universidad;Atlántico;Barranquilla;No oficial;Mujer;MATRICULADOS;491;650;1026;1171;1701;1844;2308;2587;2852;3123;3585;3289;3172;3058;2965;2923;2892;2717;3096;3417;3367;3173;3140;3087;3075;2919;2990;3078;3011;2696;1542;3019;2972;2700;2507;2465;2564;2585;2419;2237;2373;2319;2567;2770;2902;2621;3053;3337;3717;3982;4163;4229;3901;4074
1824;Universidad;Atlántico;Barranquilla;No oficial;Hombre;MATRICULADOS;151;246;368;431;568;635;768;865;942;1103;1212;1140;1136;1164;1195;1202;1221;1156;1287;1376;1399;1366;1380;1344;1301;1274;1336;1338;1392;1332;681;1387;1568;1574;1768;1900;1970;2014;2179;2219;2093;1882;1771;1616;1435;1203;1105;934;762;608;476;355;224;184
1825;Universidad;Caldas;Manizales;No oficial;Mujer;MATRICULADOS;1130;321;417;408;434;433;612;496;829;585;789;832;766;768;871;973;1005;1039;1268;1316;1432;1387;1574;1552;1696;1795;1934;2031;2002;1999;2086;2099;2213;2236;2277;2334;2642;2610;2680;2463;2836;2762;3004;2887;3036;2706;2846;2851;2931;2797;2980;2707;2024;1914
1825;Universidad;Caldas;Manizales;No oficial;Hombre;MATRICULADOS;729;179;278;265;354;345;530;477;863;655;826;844;785;759;845;927;956;938;1116;1111;1169;1132;1252;1296;1337;1394;1470;1462;1480;1446;1545;1537;1688;1762;1861;1929;2168;2158;2189;2059;1956;1816;1659;1488;1277;1091;972;803;659;478;383;332;260;203
1826;Universidad;"Bogotá, d. c.";"Bogotá, D.C.";No oficial;Mujer;MATRICULADOS;;;;;;;6;19;8;2523;569;1003;1368;1564;1872;2207;2651;3088;5655;5397;7181;7474;7569;7701;7761;7748;7661;7394;7636;7534;7724;7702;8058;7820;8030;8048;8311;8544;7965;7805;7722;7557;8180;8131;8677;7853;8675;9075;9843;10333;10593;10660;9393;9414
1826;Universidad;"Bogotá, d. c.";"Bogotá, D.C.";No oficial;Sin informaci¿n;MATRICULADOS;;;;;;;;;;;;;;;;;;;;;;1;;;;;;;;;;;;;;;;;;;;;;;;;;;;;;;;
1826;Universidad;"Bogotá, d. c.";"Bogotá, D.C.";No oficial;Hombre;MATRICULADOS;;;;;;;;1;;470;360;608;903;1033;1280;1444;1671;1902;2950;2965;4207;4418;4586;4799;4852;4974;5028;5172;5534;5648;6136;6385;6980;7008;7445;7651;7895;8107;7817;7719;7259;6730;6353;5849;5315;4547;4151;3639;3166;2694;2376;2027;1588;1360
1827;Universidad;Caldas;Manizales;No oficial;Mujer;MATRICULADOS;249;424;521;626;721;726;815;807;822;918;960;977;974;1016;962;984;1015;994;1077;1121;1186;1214;1261;1266;1267;1316;1513;1301;1635;1593;1657;1570;1561;1370;1395;1393;1465;1349;1413;1346;1510;1380;1533;1483;1601;1591;1533;1489;1522;1525;1661;1660;1302;1287
1827;Universidad;Caldas;Manizales;No oficial;Hombre;MATRICULADOS;102;153;214;279;348;343;391;371;364;381;414;380;382;385;387;370;369;353;386;415;469;494;529;527;591;634;717;715;785;788;735;650;660;723;835;831;1204;1300;1311;1311;1104;1000;777;706;567;484;406;334;273;196;146;111;78;62
1828;Universidad;Valle del Cauca;Cali;No oficial;Mujer;MATRICULADOS;68;269;329;199;493;633;629;742;784;870;896;1003;988;1045;1039;1245;1241;1469;1565;1949;1797;2004;2024;2192;2192;2339;2327;2494;2449;2557;2557;2638;2631;2646;2721;2712;2792;2843;2948;3089;3312;3427;3547;3735;3935;4104;4247;4333;4577;4790;4773;4933;4439;4609
1828;Universidad;Valle del Cauca;Cali;No oficial;Hombre;MATRICULADOS;61;273;326;177;451;576;571;689;706;838;841;950;926;1044;988;1112;1143;1399;1450;1777;1610;1819;1810;1950;1918;2060;2025;2171;2166;2210;2165;2150;2072;2284;2579;2509;2846;2892;3025;2815;2593;2389;2218;1987;1663;1389;1081;820;510;304;200;121;89;60
1829;Universidad;Valle del Cauca;Palmira;No oficial;Mujer;MATRICULADOS;;;;;;;;;;;;43;68;95;99;186;219;259;331;374;420;526;525;603;682;751;748;826;934;634;652;625;610;568;469;468;510;502;524;548;602;585;832;1018;1136;1179;1333;1404;1569;1749;1842;1797;1601;1682
1829;Universidad;Valle del Cauca;Palmira;No oficial;Hombre;MATRICULADOS;;;;;;;;;;;;25;45;66;66;88;106;114;147;175;214;254;293;343;417;467;477;536;593;377;402;400;374;357;301;363;418;463;501;519;490;475;513;525;519;490;472;394;392;354;285;246;183;166
1830;Universidad;Valle del Cauca;Cali;No oficial;Mujer;MATRICULADOS;325;696;808;941;1027;1298;1409;1588;1673;1888;1968;2128;2150;2185;2146;2177;2118;2242;1999;2174;2250;2482;2553;2771;2839;2864;2914;3127;3252;3342;3464;3677;3796;3882;4185;4368;4677;4774;4884;4973;5196;5433;5629;5673;5828;5501;5530;5394;5611;5687;5655;5761;4908;5285
1830;Universidad;Valle del Cauca;Cali;No oficial;Sin informaci¿n;MATRICULADOS;;;;;;;1;1;1;1;1;1;1;2;2;2;2;1;1;2;1;;1;1;1;1;;1;1;;;1;1;1;;;;;;;;;;;;;;;;;;;;
1830;Universidad;Valle del Cauca;Cali;No oficial;Hombre;MATRICULADOS;546;999;1223;1351;1450;1875;2027;2220;2240;2569;2638;2813;2838;2907;2842;2884;2645;2762;2638;2774;2799;2997;2979;3063;3188;3256;3363;3494;3599;3669;3778;3984;4038;4056;4428;4558;4924;5024;5154;4944;4562;4181;3789;3240;2807;2228;1917;1485;1117;904;783;621;447;530
1831;Universidad;Tolima;Ibagué;No oficial;Mujer;MATRICULADOS;254;369;565;617;774;842;971;982;1171;1290;1456;1441;1616;1594;1684;1621;1807;1821;2053;2067;2358;2372;2699;2652;2989;2912;3168;3148;3275;3121;3323;3287;3383;3251;3444;3371;3605;3425;3472;3207;3438;3269;3650;3499;3769;3424;3751;3592;3970;3894;4135;3938;3532;3318
1831;Universidad;Tolima;Ibagué;No oficial;Hombre;MATRICULADOS;244;341;524;560;718;762;932;969;1151;1225;1448;1454;1552;1519;1666;1640;1808;1760;1892;1894;2171;2176;2475;2414;2771;2745;2986;2992;3180;2977;3195;3185;3342;3305;3523;3450;3737;3596;3518;3232;2835;2583;2427;2120;1701;1501;1331;1064;791;559;417;318;264;209
1832;Universidad;Bolívar;Cartagena de Indias;No oficial;Mujer;MATRICULADOS;977;884;861;754;752;711;768;699;774;739;822;754;804;737;784;697;701;591;687;701;802;677;945;959;1361;1505;1911;1847;1960;1666;1785;1735;2039;1934;2483;2372;2641;2707;3267;3060;3523;3410;3653;3488;3877;3538;4065;4105;4398;4446;4784;4601;4032;3898
1832;Universidad;Bolívar;Cartagena de Indias;No oficial;Hombre;MATRICULADOS;1427;1302;1338;1233;1235;1168;1263;1191;1242;1187;1273;1160;1215;1098;1046;927;937;726;798;806;904;753;1125;1080;1524;1574;2146;2064;2423;2152;2059;1916;1943;1827;2283;2016;2641;2988;2702;2607;2366;2170;1944;1674;1420;1152;998;737;526;441;305;216;154;117
1833;Universidad;Córdoba;Montería;No oficial;Mujer;MATRICULADOS;971;941;1494;1523;2056;2055;2574;2521;2598;2571;2646;2487;2249;2115;2170;2107;2015;1924;1999;1979;2105;2029;2097;2097;2201;2123;2113;2063;2164;2314;2625;2662;2918;2827;2883;3116;3162;3090;3305;3337;3780;3917;4595;4866;5483;5335;6291;6540;7166;7490;7915;8074;7232;7408
1833;Universidad;Córdoba;Montería;No oficial;Sin informaci¿n;MATRICULADOS;;1;1;1;1;1;1;1;1;1;1;;1;;1;1;1;1;;;;;;;;;;;;;;;;;;;;;;;;;;;;;;;;;;;;
1833;Universidad;Córdoba;Montería;No oficial;Hombre;MATRICULADOS;297;286;771;844;1262;1353;1769;1675;1886;1854;1902;1787;1639;1534;1551;1436;1458;1407;1446;1426;1470;1451;1538;1606;1752;1716;1831;1774;2052;2078;2103;2088;2227;2376;2936;2947;3512;3780;3908;4023;3849;3716;3515;3268;2993;2585;2290;1939;1634;1414;1148;868;660;527
1834;Universidad;Bolívar;Cartagena de Indias;No oficial;Mujer;MATRICULADOS;;;114;110;236;229;311;341;423;466;544;596;642;646;678;662;711;711;764;805;902;924;1021;1042;1113;1158;1301;1327;1395;1358;1419;1458;1544;1512;1509;1555;1612;1620;1725;1834;2201;2342;2919;3127;3484;2816;3476;3773;4211;4479;4815;4913;4330;4424
1834;Universidad;Bolívar;Cartagena de Indias;No oficial;Sin informaci¿n;MATRICULADOS;;;;;;;;;;;;;;;;;;;;;;;;;;;;;;;;;;;;;1;1;1;1;1;1;1;;1;1;1;;;;;;;
1834;Universidad;Bolívar;Cartagena de Indias;No oficial;Hombre;MATRICULADOS;;;83;75;167;163;241;268;303;335;407;422;456;430;459;443;469;482;490;504;485;510;552;563;608;629;706;722;770;777;821;849;983;1101;1229;1330;1384;1419;1595;1790;1864;1837;1822;1788;1696;1312;1369;1271;1097;963;832;669;512;428
1835;Universidad;"Bogotá, d. c.";"Bogotá, D.C.";No oficial;Mujer;MATRICULADOS;358;387;463;443;616;685;831;909;1063;1066;1145;1155;1263;1244;1299;1357;1414;1412;1561;1446;1634;1387;1577;1776;1959;1980;2169;2243;2376;475;2633;2657;2796;2739;2761;2616;2671;2611;2611;2468;2455;2485;2661;2656;2735;2439;3020;3164;3377;3643;3827;4056;3587;3662
1835;Universidad;"Bogotá, d. c.";"Bogotá, D.C.";No oficial;Hombre;MATRICULADOS;347;390;523;482;621;638;754;798;1003;1006;1109;1134;1230;1182;1228;1238;1296;1307;1372;1321;1417;1244;1421;1498;1710;1722;1900;1930;2036;331;2178;2247;2406;2460;2583;2512;2656;2524;2489;2485;2318;2243;2036;1878;1591;1276;1308;1137;887;768;628;579;422;388
2102;Universidad;"Bogotá, d. c.";"Bogotá, D.C.";Oficial;Mujer;MATRICULADOS;1624;3174;4029;4725;6652;7607;9507;8925;11943;12819;12988;13476;14242;14505;9889;8742;11150;12956;13896;18772;19591;20576;23618;22352;23275;23383;25811;25463;28314;28428;29997;30104;29732;27999;28108;26930;30361;28506;32394;27679;33195;32229;38640;40176;43525;49542;60875;66650;77573;79479;94042;99939;85957;100941
2102;Universidad;"Bogotá, d. c.";"Bogotá, D.C.";Oficial;Sin informaci¿n;MATRICULADOS;;;;;;;;;;1;;;1;2;;1;2;2;2;2;2;3;3;3;2;2;2;2;1;3;1;3;5;4;4;4;4;3;2;2;2;1;1;1;1;1;1;1;;;;;;
2102;Universidad;"Bogotá, d. c.";"Bogotá, D.C.";Oficial;Hombre;MATRICULADOS;1039;2074;2617;2870;4189;4330;5996;5549;7239;7559;7483;7695;7999;8135;5322;4325;6199;7498;7751;11851;12051;12743;15648;14930;15987;15903;18564;18209;20858;20849;21858;21894;22137;21091;22288;21361;25002;22926;26436;22338;26283;25100;27155;27132;28068;30691;32761;34488;35752;35367;37341;35654;31077;34586
2104;Institución universitaria/Escuela Tecnológica;"Bogotá, d. c.";"Bogotá, D.C.";Oficial;Mujer;MATRICULADOS;171;366;573;731;871;979;1004;1030;1017;1153;1100;1217;1287;1308;1278;1186;1109;1180;410;933;1433;2051;3049;4344;4630;5577;5793;2061;4855;4513;4769;1837;4431;3851;3958;3694;4513;5268;5356;5761;6190;6936;7112;7015;7649;8519;10895;11341;10448;10522;9827;8421;7608;7494
2104;Institución universitaria/Escuela Tecnológica;"Bogotá, d. c.";"Bogotá, D.C.";Oficial;Sin informaci¿n;MATRICULADOS;;;;;;;;;;;;;;;;1;;;;;;;;;;;;;;;;;;;;;;;;;;;;;;;;;;;;;;
2104;Institución universitaria/Escuela Tecnológica;"Bogotá, d. c.";"Bogotá, D.C.";Oficial;Hombre;MATRICULADOS;186;411;614;787;887;971;995;971;992;1148;1082;1189;1244;1228;1217;1124;1054;1136;406;580;840;1104;1529;2172;2280;2816;2988;1564;2372;2289;2450;1340;2496;2298;2517;2598;3224;3734;3673;3969;4226;4510;4565;4345;4650;5086;5972;5808;5209;5150;4700;3956;3556;3508
2106;Institución universitaria/Escuela Tecnológica;"Bogotá, d. c.";"Bogotá, D.C.";Oficial;Mujer;MATRICULADOS;;;;;;;;;;;;;;;;;;;639;983;1320;1180;1469;991;1997;1305;2712;2520;896;1479;1362;1966;1080;1895;1110;1;2046;2185;2591;2778;2995;2758;4469;5620;5424;2497;7906;6629;5197;4585;7956;8928;4886;10257
2106;Institución universitaria/Escuela Tecnológica;"Bogotá, d. c.";"Bogotá, D.C.";Oficial;Sin informaci¿n;MATRICULADOS;;;;;;;;;;;;;;;;;;;;;;;1;1;;;;;;;;;;;;;;;;;;;;;;;;;;;;;;
2106;Institución universitaria/Escuela Tecnológica;"Bogotá, d. c.";"Bogotá, D.C.";Oficial;Hombre;MATRICULADOS;1;1;1;1;1;1;;;;;1;1;1;1;;4;1;1;4508;5272;5873;6260;6402;5373;8267;5672;5634;6321;2585;5116;3422;4319;3683;5617;1430;1;2258;2836;2225;2079;2163;2127;3045;3119;2572;1427;2663;2304;1543;1572;1580;9714;9239;6905
2110;Institución universitaria/Escuela Tecnológica;Antioquia;Medellín;Oficial;Mujer;MATRICULADOS;275;507;506;530;692;818;855;833;930;947;978;963;980;987;973;886;1010;839;792;975;1007;1051;1245;1356;1500;1566;1661;1711;1721;1775;1811;1931;1920;2006;1992;2317;2175;2091;2061;2061;2442;2768;3152;3474;3424;3656;3805;3814;3703;3638;3721;3713;3075;3501
2110;Institución universitaria/Escuela Tecnológica;Antioquia;Medellín;Oficial;Hombre;MATRICULADOS;34;65;89;106;142;169;179;197;228;229;266;231;253;253;278;287;307;252;258;285;299;322;454;526;628;621;713;728;813;821;895;937;1016;1149;1249;1288;1465;1597;1664;1791;1918;2020;1942;2050;1832;1837;1729;1578;1329;1141;933;854;646;684
2114;Institución universitaria/Escuela Tecnológica;Valle del Cauca;Cali;Oficial;Mujer;MATRICULADOS;24;95;151;276;309;367;367;294;263;203;206;183;242;352;312;339;353;378;420;484;530;573;652;534;685;648;743;681;626;651;676;792;1015;1131;1216;1359;1421;1540;1688;1804;1843;1994;2039;2182;2269;2406;2541;2713;2827;2952;2915;2948;2529;2766
2114;Institución universitaria/Escuela Tecnológica;Valle del Cauca;Cali;Oficial;Hombre;MATRICULADOS;18;49;55;93;115;125;159;152;142;170;103;105;212;327;327;359;371;400;466;471;494;509;612;531;658;621;757;677;770;770;894;978;990;1096;1130;1258;1319;1417;1513;1591;1505;1469;1370;1269;1129;996;910;819;715;589;476;395;302;290
2206;Institución universitaria/Escuela Tecnológica;Valle del Cauca;Cali;Oficial;Mujer;MATRICULADOS;21;51;73;106;121;146;154;181;186;196;194;229;231;248;248;240;244;261;260;288;293;318;293;312;335;351;345;338;332;317;309;306;294;295;279;270;255;268;268;287;276;315;391;417;414;494;471;496;508;548;545;608;562;608
2206;Institución universitaria/Escuela Tecnológica;Valle del Cauca;Cali;Oficial;Hombre;MATRICULADOS;18;57;70;100;113;139;145;176;189;207;207;233;220;225;220;210;219;249;245;272;284;296;287;319;334;360;345;350;338;350;328;325;345;352;325;339;341;333;348;352;332;348;397;353;326;337;307;263;240;225;190;203;168;168
2207;Institución universitaria/Escuela Tecnológica;Santander;Barrancabermeja;Oficial;Mujer;MATRICULADOS;595;487;567;540;545;641;710;685;741;763;794;720;733;932;467;496;442;790;778;832;881;969;1062;1079;1230;1197;1389;1371;1387;1354;1609;1607;1744;1834;1953;1917;2147;2042;2145;1931;2171;2069;2248;2247;2449;2532;2867;2978;3132;3299;3629;3722;3183;3444
2207;Institución universitaria/Escuela Tecnológica;Santander;Barrancabermeja;Oficial;Sin informaci¿n;MATRICULADOS;;;;;;;;;;;;;;;;;;1;;;;;;;;;;;;;;;;;;;;;;;;;;;;;;;;;;;;
2207;Institución universitaria/Escuela Tecnológica;Santander;Barrancabermeja;Oficial;Hombre;MATRICULADOS;912;753;820;770;796;980;1048;990;1045;1092;1126;1040;1017;1265;572;609;456;823;692;700;769;827;889;955;1056;1037;1121;1093;1138;1074;1177;1154;1348;1363;1585;1602;1810;1754;1924;1769;1705;1567;1443;1276;1140;1060;970;905;694;621;522;447;397;391
2208;Institución universitaria/Escuela Tecnológica;Tolima;Ibagué;Oficial;Mujer;MATRICULADOS;8;12;17;21;28;29;40;37;53;55;55;54;58;51;54;55;66;71;71;76;68;80;87;94;95;101;90;82;82;85;88;87;94;90;101;97;98;91;110;113;121;141;158;175;213;263;292;329;391;413;469;462;417;427
2208;Institución universitaria/Escuela Tecnológica;Tolima;Ibagué;Oficial;Hombre;MATRICULADOS;3;5;11;17;23;27;58;61;73;78;97;108;126;118;134;127;143;152;158;166;169;224;226;244;260;259;225;231;216;242;220;213;189;179;175;159;158;150;150;151;150;143;137;119;114;140;125;122;110;100;89;69;58;52
2209;Institución universitaria/Escuela Tecnológica;Antioquia;Medellín;Oficial;Mujer;MATRICULADOS;6514;6555;6396;6498;6129;5555;4843;4610;4241;4425;4399;4554;4192;4698;4457;4645;4926;5245;6594;3780;5603;3767;6528;6413;6335;6593;6845;6877;6420;6748;6370;6929;7055;7319;6998;7163;6785;6847;6611;6827;6861;7040;7646;7529;8031;7711;8209;8063;7852;7943;8033;7913;6643;7159
2209;Institución universitaria/Escuela Tecnológica;Antioquia;Medellín;Oficial;Sin informaci¿n;MATRICULADOS;;;;;;;;;;;;;;;;;;;1;1;1;1;;;;;;;;;;;;;;;;;;;;;;;;;;;;;;;;
2209;Institución universitaria/Escuela Tecnológica;Antioquia;Medellín;Oficial;Hombre;MATRICULADOS;5379;5378;5377;5617;5335;4875;4383;4235;4159;4454;4320;4480;4311;4669;4459;4542;5034;5232;5790;3841;5227;3789;6041;6155;6220;6599;7025;7185;6656;7240;7032;7515;7493;7973;7243;7344;7357;7486;6999;7199;6436;6030;5663;5193;4686;4314;3939;3543;3098;2815;2465;2185;1751;1709
2211;Institución universitaria/Escuela Tecnológica;Bolívar;Cartagena de Indias;Oficial;Mujer;MATRICULADOS;;;;;;;;30;70;73;128;142;111;114;156;145;159;138;149;142;171;178;200;200;212;226;253;260;250;276;309;332;361;332;319;388;366;336;499;569;661;722;850;899;1001;1050;1137;1118;1188;1221;1308;1306;1129;1245
2211;Institución universitaria/Escuela Tecnológica;Bolívar;Cartagena de Indias;Oficial;Hombre;MATRICULADOS;;;;;;;;58;84;90;146;185;154;167;178;160;186;179;188;175;211;221;259;276;316;315;368;368;428;400;393;369;337;337;386;354;459;575;511;467;477;458;422;414;370;341;297;265;214;189;175;140;102;87
2301;Institución universitaria/Escuela Tecnológica;Valle del Cauca;Tuluá;Oficial;Mujer;MATRICULADOS;56;7;32;6;35;33;102;210;470;505;707;755;936;903;1088;937;1177;1184;1646;1651;1822;1734;1831;1824;1922;1754;1969;1856;2068;1984;2129;2041;1989;1981;2026;2054;2066;2142;2174;2201;2277;2176;2242;2276;2563;2734;3127;3571;3917;4197;4565;4827;4463;4950
2301;Institución universitaria/Escuela Tecnológica;Valle del Cauca;Tuluá;Oficial;Hombre;MATRICULADOS;8;2;11;6;32;25;38;36;216;270;407;435;579;570;629;626;716;798;1119;1168;1271;1304;1359;1347;1393;1301;1542;1484;1645;1630;1728;1691;1679;1693;1806;1857;1936;1965;2026;2087;1959;1779;1582;1448;1321;1217;1118;1057;911;779;670;579;499;467
2302;Institución universitaria/Escuela Tecnológica;Antioquia;Envigado;Oficial;Mujer;MATRICULADOS;178;195;370;307;449;343;464;386;660;502;735;604;799;670;1032;1035;1219;1123;1456;1544;1185;1701;2028;1974;2051;1780;1878;1856;1861;1778;1982;2003;1997;1750;1745;1686;1756;1664;1714;1652;1884;1813;2346;2303;2743;2722;3194;3486;3791;3930;4039;4120;3563;3898
2302;Institución universitaria/Escuela Tecnológica;Antioquia;Envigado;Oficial;Hombre;MATRICULADOS;177;203;396;336;502;354;493;426;669;537;758;583;814;662;1026;931;1140;985;1333;1360;998;1420;1670;1715;1746;1490;1729;1575;1694;1608;1697;1667;1641;1533;1700;1630;1765;1618;1531;1441;1445;1359;1362;1296;1172;1065;993;1036;946;838;723;668;547;545
2701;Institución universitaria/Escuela Tecnológica;"Bogotá, d. c.";"Bogotá, D.C.";No oficial;Mujer;MATRICULADOS;670;744;793;910;983;1953;2093;2006;1864;1792;1499;1437;1269;1141;1018;908;828;730;730;596;515;389;325;316;380;420;477;524;632;663;685;799;822;863;853;888;958;854;827;771;776;794;928;990;1106;1074;1235;1229;1385;1373;1486;1491;1107;1420
2701;Institución universitaria/Escuela Tecnológica;"Bogotá, d. c.";"Bogotá, D.C.";No oficial;Sin informaci¿n;MATRICULADOS;;;;;;;;;;;;;;;;;;;;;;;;;1;;;;;;;;;;;;;;;;;;;;;;;;;;;;;
2701;Institución universitaria/Escuela Tecnológica;"Bogotá, d. c.";"Bogotá, D.C.";No oficial;Hombre;MATRICULADOS;45;66;71;83;93;265;298;298;384;368;319;317;295;261;241;239;221;209;202;178;161;120;131;129;176;182;216;224;271;283;296;364;447;493;530;552;560;484;614;615;576;525;479;438;410;370;309;254;219;181;144;129;86;108
2702;Institución universitaria/Escuela Tecnológica;"Bogotá, d. c.";"Bogotá, D.C.";No oficial;Mujer;MATRICULADOS;446;514;678;821;979;1019;1127;1082;1064;1051;1087;1132;1156;1160;1110;1132;1172;1124;1184;1179;1159;1232;1032;1196;1297;1267;1374;1393;1440;1428;1503;1547;1555;1453;1383;1322;1272;1267;1178;1130;1165;1208;1324;1427;1638;1668;1919;2143;2443;2485;2903;3155;2632;2780
2702;Institución universitaria/Escuela Tecnológica;"Bogotá, d. c.";"Bogotá, D.C.";No oficial;Hombre;MATRICULADOS;38;54;76;109;142;164;206;219;235;245;264;269;279;290;325;360;370;376;368;360;332;360;322;364;411;412;420;437;442;460;468;490;660;719;898;973;986;1007;1112;1177;1118;1051;951;866;778;708;662;610;526;475;435;383;304;274
2704;Institución universitaria/Escuela Tecnológica;"Bogotá, d. c.";"Bogotá, D.C.";No oficial;Mujer;MATRICULADOS;35;55;81;106;120;153;160;187;200;213;214;217;214;223;245;221;220;215;256;222;267;300;299;314;330;335;349;403;376;435;510;570;643;625;635;680;651;627;641;641;647;644;661;719;743;895;926;1034;1011;1117;1102;1175;1083;1137
2704;Institución universitaria/Escuela Tecnológica;"Bogotá, d. c.";"Bogotá, D.C.";No oficial;Hombre;MATRICULADOS;36;63;88;110;135;129;156;174;187;204;216;210;214;228;247;230;238;233;263;234;281;307;334;327;361;374;399;411;474;441;435;433;389;432;481;463;516;502;489;480;453;412;369;302;252;200;152;81;42;19;12;6;4;1
2707;Institución universitaria/Escuela Tecnológica;"Bogotá, d. c.";"Bogotá, D.C.";No oficial;Mujer;MATRICULADOS;34;24;69;43;216;171;347;398;415;518;526;564;600;589;786;636;777;689;850;708;749;767;692;808;741;859;817;914;861;963;984;1067;1100;1049;1024;1015;1001;990;979;952;950;963;1012;1063;1124;1165;1306;1427;1527;1626;1725;1798;1656;1671
2707;Institución universitaria/Escuela Tecnológica;"Bogotá, d. c.";"Bogotá, D.C.";No oficial;Hombre;MATRICULADOS;10;7;42;16;138;100;208;150;261;228;347;275;385;375;525;424;588;491;673;606;580;647;597;607;668;685;701;691;702;677;659;603;596;650;706;739;729;756;781;861;807;796;788;770;749;667;567;490;413;358;300;196;132;107
2708;Universidad;Antioquia;Medellín;No oficial;Mujer;MATRICULADOS;232;228;294;291;376;361;376;402;413;443;513;505;625;578;688;717;817;840;849;888;1001;1016;998;1044;1038;1157;1118;1291;1233;1336;1404;1444;1494;1447;1501;1476;1744;1820;1950;1952;2210;2338;2651;2785;3080;3249;3554;3697;3940;4033;4186;4171;3674;3721
2708;Universidad;Antioquia;Medellín;No oficial;Hombre;MATRICULADOS;80;78;109;107;147;130;176;156;215;243;279;270;325;287;407;435;522;565;660;651;682;728;797;752;877;872;1018;984;1146;1172;1123;1145;1269;1303;1513;1611;1716;1769;2010;2066;2006;1917;1759;1644;1444;1299;1113;970;759;552;449;331;269;219
2709;Institución universitaria/Escuela Tecnológica;"Bogotá, d. c.";"Bogotá, D.C.";No oficial;Mujer;MATRICULADOS;1427;253;450;414;360;190;401;303;438;234;329;206;304;221;320;206;247;235;3849;4745;5434;6167;7035;7938;8936;9612;10766;11583;12407;12547;13011;12990;10159;8741;4929;4196;4145;3460;2820;2253;1992;1848;2116;2402;2777;2928;3544;4008;4634;5194;5680;5960;5396;5555
2709;Institución universitaria/Escuela Tecnológica;"Bogotá, d. c.";"Bogotá, D.C.";No oficial;Sin informaci¿n;MATRICULADOS;;;;;;;;;;;;;;;;1;;;1;;;;;;;;;;;;;;;;;;;;;;;;;;;;;;;;;;;
2709;Institución universitaria/Escuela Tecnológica;"Bogotá, d. c.";"Bogotá, D.C.";No oficial;Hombre;MATRICULADOS;563;242;305;290;271;154;308;263;343;207;275;147;233;156;210;169;138;142;1946;2319;2680;3106;3601;4044;4732;5071;5796;6120;6762;6870;7280;7012;5342;4563;2529;2167;2146;1750;1508;1204;1103;988;989;990;990;968;1008;1036;1059;1074;1030;916;752;640
2710;Institución universitaria/Escuela Tecnológica;"Bogotá, d. c.";"Bogotá, D.C.";No oficial;Mujer;MATRICULADOS;155;262;351;438;886;916;932;904;990;996;1070;1023;999;1035;1125;1118;1134;1089;1195;1312;1303;1306;1330;1349;1380;1422;1438;1479;1534;1520;1602;1583;1541;1411;1314;1210;1145;1118;1051;921;975;952;1038;1035;1102;1073;1142;1117;1112;1182;1198;1312;1112;1026
2710;Institución universitaria/Escuela Tecnológica;"Bogotá, d. c.";"Bogotá, D.C.";No oficial;Hombre;MATRICULADOS;1;2;6;6;20;24;32;41;48;56;70;70;70;73;110;130;141;165;189;233;229;228;255;255;266;271;311;341;402;403;464;434;492;520;596;640;658;690;784;764;731;697;613;574;509;423;390;348;282;260;241;225;163;160
2711;Universidad;Risaralda;Pereira;No oficial;Mujer;MATRICULADOS;185;237;382;434;507;529;672;688;842;849;956;983;1115;1176;1177;1147;1250;1216;1307;1246;1340;1274;1305;1190;1298;1179;1197;1159;1318;1222;1329;1314;1414;1353;1443;1440;1416;1490;1465;1360;1471;1377;1626;1571;1689;1463;1829;1782;1956;1973;2153;2068;1791;1713
2711;Universidad;Risaralda;Pereira;No oficial;Hombre;MATRICULADOS;74;113;196;235;340;377;451;461;521;560;606;685;827;855;862;877;997;951;1032;964;1049;999;1051;982;1016;940;944;905;963;937;1037;1051;1164;1176;1303;1285;1406;1419;1492;1401;1321;1127;1063;878;750;587;580;437;323;264;202;179;132;105
2712;Institución universitaria/Escuela Tecnológica;"Bogotá, d. c.";"Bogotá, D.C.";No oficial;Mujer;MATRICULADOS;163;311;442;550;715;798;870;965;1107;1174;1328;1327;1322;1270;1228;1231;1231;1223;1156;1105;1193;1163;1299;1311;1379;1360;1441;1544;1660;1786;1943;2021;2134;1990;1857;1844;1757;1566;1623;1467;1581;1566;1768;1854;2047;1988;2185;2261;2458;2545;2817;2965;2589;2493
2712;Institución universitaria/Escuela Tecnológica;"Bogotá, d. c.";"Bogotá, D.C.";No oficial;Hombre;MATRICULADOS;36;77;106;142;176;210;232;281;299;337;376;384;426;434;477;479;490;484;527;494;561;578;630;650;688;688;731;724;892;829;875;867;952;1144;1446;1404;1666;1761;1760;1744;1661;1617;1510;1367;1144;1040;839;677;499;405;320;302;231;202
2713;Institución universitaria/Escuela Tecnológica;"Bogotá, d. c.";"Bogotá, D.C.";No oficial;Mujer;MATRICULADOS;1108;55;998;180;951;923;617;1291;826;871;973;1084;1134;1300;1422;1379;2324;2722;2979;3230;3356;3836;4014;4305;4818;5067;5432;5609;5827;5823;6059;6047;5941;5923;6172;6113;6135;5785;5173;4702;4481;4106;3986;3775;3890;3181;3656;3621;4070;4156;4661;4856;4042;4096
2713;Institución universitaria/Escuela Tecnológica;"Bogotá, d. c.";"Bogotá, D.C.";No oficial;Sin informaci¿n;MATRICULADOS;1;;1;;;;;;;;;;;;;1;1;2;1;2;1;1;;;1;;;;;;;;;;;;1;1;1;;;;;;;;;;;;;;;
2713;Institución universitaria/Escuela Tecnológica;"Bogotá, d. c.";"Bogotá, D.C.";No oficial;Hombre;MATRICULADOS;787;42;514;90;530;627;369;818;457;497;590;738;681;685;846;836;1277;1459;1837;2073;2374;2782;2878;3342;3773;4028;4593;4751;5162;5078;5352;5062;5205;5109;5351;5141;5266;5025;4676;4356;3988;3571;3156;2756;2473;1973;1803;1551;1295;1138;994;897;696;633
2715;Institución universitaria/Escuela Tecnológica;Cauca;Popayán;No oficial;Mujer;MATRICULADOS;;;;65;84;132;148;205;254;257;272;285;282;244;227;198;175;165;190;202;222;262;343;421;536;656;853;1009;1071;1354;1690;1974;2137;2367;2586;2649;2847;2951;2956;3112;3294;3445;3719;3624;4257;3842;4198;4253;4622;4687;4711;4690;4082;3982
2715;Institución universitaria/Escuela Tecnológica;Cauca;Popayán;No oficial;Sin informaci¿n;MATRICULADOS;;;;;;;;;;;;;;;;;;;;;;;;;;;1;1;1;1;1;1;1;1;1;;;;;;;;;;;;;;;;;;;
2715;Institución universitaria/Escuela Tecnológica;Cauca;Popayán;No oficial;Hombre;MATRICULADOS;;;;87;106;133;175;227;269;278;307;329;351;316;306;261;233;230;251;277;308;379;395;447;506;549;743;852;915;1093;1337;1480;1683;1869;2169;2311;2450;2540;2678;2826;2752;2725;2546;2322;2404;2088;1935;1722;1524;1332;1174;1062;836;760
2719;Universidad;Antioquia;Medellín;No oficial;Mujer;MATRICULADOS;1074;1762;2500;2941;3625;4132;4782;5128;5577;5717;5616;5257;5199;4860;4936;5036;5282;5360;5696;5731;5752;5705;5707;5872;6099;6203;6482;6700;7338;7562;8058;8252;8559;8703;8803;8913;9389;9343;9106;8993;9320;9219;9701;9673;10323;9665;9989;9996;10604;10555;10698;10453;9285;9257
2719;Universidad;Antioquia;Medellín;No oficial;Hombre;MATRICULADOS;109;261;354;458;621;692;859;992;1134;1232;1357;1345;1401;1380;1538;1577;1745;1796;1924;1991;2187;2300;2510;2582;2747;2827;2933;3094;3407;3603;3931;4008;4560;4851;5469;5767;6186;6251;6603;6672;6604;6414;6027;5685;5213;4645;4109;3745;3214;2789;2392;2087;1757;1545
2720;Institución universitaria/Escuela Tecnológica;Boyacá;Tunja;No oficial;Mujer;MATRICULADOS;81;128;111;111;139;139;2;1;22;29;30;22;117;141;171;191;225;241;350;388;288;357;405;454;524;543;712;746;891;908;1029;1101;930;1040;1178;1217;1400;1410;1359;1510;1466;1567;1779;1899;2145;1787;2049;2070;2277;2230;2272;2179;1900;1777
2720;Institución universitaria/Escuela Tecnológica;Boyacá;Tunja;No oficial;Sin informaci¿n;MATRICULADOS;;;;;;;;;1;1;;;1;1;;1;;;;;;;;;;;;;;;;;;;;;;;;;;;;;;;;;;;;;;
2720;Institución universitaria/Escuela Tecnológica;Boyacá;Tunja;No oficial;Hombre;MATRICULADOS;46;54;49;55;86;107;2;;54;53;49;56;206;216;233;244;279;270;349;363;267;331;447;481;513;518;692;687;826;833;917;1005;866;967;1144;1211;1459;1445;1433;1555;1387;1392;1359;1314;1202;966;917;795;654;513;430;330;251;193
2721;Institución universitaria/Escuela Tecnológica;Antioquia;Medellín;No oficial;Mujer;MATRICULADOS;747;735;517;571;606;572;612;672;724;818;886;961;794;964;779;969;850;958;1195;1587;1641;1728;1878;2059;1887;1999;1760;2128;1834;2105;2209;2304;2444;2091;1890;1992;1778;1504;1619;1600;1691;1689;1821;1963;2157;2169;2484;2597;2727;2749;2716;2661;2271;2245
2721;Institución universitaria/Escuela Tecnológica;Antioquia;Medellín;No oficial;Hombre;MATRICULADOS;94;78;74;79;92;89;108;113;138;152;193;196;217;218;235;259;270;297;390;543;549;568;682;723;651;659;633;747;809;804;804;739;733;848;1172;1161;1304;1447;1491;1581;1571;1545;1535;1423;1310;1148;1120;959;807;664;514;437;335;285
2722;Institución universitaria/Escuela Tecnológica;Cauca;Puerto Tejada;No oficial;Mujer;MATRICULADOS;;;;;;;;;;;;;;;;;;;15;11;37;68;;61;61;19;;;;;;;;;;;;;;;;;;;;;;;;;;;;
2722;Institución universitaria/Escuela Tecnológica;Cauca;Puerto Tejada;No oficial;Hombre;MATRICULADOS;;;;;;;;;;;;;;;;;;;3;1;10;13;;23;16;4;;;;;;;;;;;;;;;;;;;;;;;;;;;;
2723;Institución universitaria/Escuela Tecnológica;"Bogotá, d. c.";"Bogotá, D.C.";No oficial;Mujer;MATRICULADOS;437;564;672;693;744;761;755;717;719;707;668;617;750;736;810;846;899;921;983;996;1245;1354;1425;1211;1397;1367;1453;1439;1587;1584;1529;1483;1575;1548;1697;1745;1744;1702;1759;1636;1769;1751;1856;1858;1969;1730;1908;1870;1989;2079;2171;2416;2083;2309
2723;Institución universitaria/Escuela Tecnológica;"Bogotá, d. c.";"Bogotá, D.C.";No oficial;Hombre;MATRICULADOS;103;181;253;265;309;352;436;460;513;563;534;542;648;622;628;637;661;695;768;795;1096;1235;1398;1256;1461;1504;1571;1577;1769;1833;1860;1871;1920;1934;2044;2115;2148;2072;2095;1997;1791;1644;1482;1380;1246;1005;950;818;670;575;460;421;327;297
2724;Institución universitaria/Escuela Tecnológica;Santander;San Gil;No oficial;Mujer;MATRICULADOS;251;275;416;425;564;588;633;580;658;692;740;782;901;879;948;855;977;1033;1248;1410;1575;1536;1732;1762;1885;1876;2290;2277;2508;2507;2697;2582;2715;2587;2558;2473;2615;2498;2410;2272;2373;2193;2313;2169;2210;1940;1984;1876;1981;1943;1983;1920;1663;1638
2724;Institución universitaria/Escuela Tecnológica;Santander;San Gil;No oficial;Hombre;MATRICULADOS;62;80;145;149;213;233;293;268;294;328;360;369;438;449;508;469;551;577;718;806;904;930;1128;1092;1192;1120;1374;1402;1588;1558;1739;1741;1835;1795;1957;1877;2050;2018;2090;1963;1889;1772;1637;1480;1350;1103;962;803;671;545;462;384;297;244
2725;Institución universitaria/Escuela Tecnológica;"Bogotá, d. c.";"Bogotá, D.C.";No oficial;Mujer;MATRICULADOS;4004;3729;3742;3431;3340;3198;3418;3285;3251;3277;3414;3365;3297;3194;3178;3131;3029;3061;3288;3672;4462;5065;5590;6026;6712;6922;6959;7257;8153;9059;10943;11669;13585;15454;16746;18520;21068;22688;24294;25582;26822;27782;29901;29564;30246;28362;29880;28501;30132;29832;30990;31091;24199;26335
2725;Institución universitaria/Escuela Tecnológica;"Bogotá, d. c.";"Bogotá, D.C.";No oficial;Sin informaci¿n;MATRICULADOS;1;1;;1;;;1;1;1;1;;;;;;;;;;;;;;;;1;;;;1;1;1;;;;;;;;;;;;;;;;;;;;;;
2725;Institución universitaria/Escuela Tecnológica;"Bogotá, d. c.";"Bogotá, D.C.";No oficial;Hombre;MATRICULADOS;2625;2499;2731;2789;2968;2908;2847;2808;2895;2913;3057;3020;3032;2977;3065;3078;2994;2870;2708;3036;3582;3883;4201;4511;4862;4936;4955;4965;5375;5985;7249;7730;8760;9924;10838;12173;14377;15631;17618;18345;19077;19298;20472;19891;19989;18659;18460;16671;16509;15867;15627;15113;11328;11659
2727;Institución universitaria/Escuela Tecnológica;Antioquia;Sabaneta;No oficial;Mujer;MATRICULADOS;214;260;374;534;496;692;780;805;765;776;726;752;647;673;794;460;354;271;112;161;168;207;328;337;436;442;620;566;905;884;1197;1351;1632;1737;2097;2231;2468;2339;2296;2433;2552;2820;2947;3078;3087;2835;2927;2986;3051;3123;2951;3090;2301;2488
2727;Institución universitaria/Escuela Tecnológica;Antioquia;Sabaneta;No oficial;Hombre;MATRICULADOS;162;175;262;352;307;419;470;481;443;447;381;420;368;390;336;261;180;163;61;97;74;133;155;163;198;219;323;253;396;438;615;743;986;1107;1314;1432;1650;1577;1531;1586;1611;1724;1669;1689;1536;1419;1337;1295;1189;1142;981;978;702;724
2728;Institución universitaria/Escuela Tecnológica;"Bogotá, d. c.";"Bogotá, D.C.";No oficial;Mujer;MATRICULADOS;434;714;1028;1344;1594;1700;1838;1860;2102;2014;2179;2279;2396;2353;2499;2486;2486;2491;2199;2262;2502;2427;2494;2466;2934;2866;3529;3351;3985;4005;4593;4850;5540;6166;6981;7284;8362;8976;9832;10292;11026;11618;12987;14240;15892;15049;17513;16487;18770;19342;20566;21074;16737;18910
2728;Institución universitaria/Escuela Tecnológica;"Bogotá, d. c.";"Bogotá, D.C.";No oficial;Sin informaci¿n;MATRICULADOS;;;;;;;;;;;;;;;1;1;1;1;1;;;;;;;;;;;;;;;;;;;;;;;;;;;;;;;;;;;
2728;Institución universitaria/Escuela Tecnológica;"Bogotá, d. c.";"Bogotá, D.C.";No oficial;Hombre;MATRICULADOS;107;171;218;282;327;341;399;442;525;547;579;589;687;678;781;856;909;899;703;754;971;999;1140;1064;1554;1354;1896;1652;2213;2139;2651;2773;3355;3801;4358;4684;5733;6272;7193;7959;8211;8263;8419;8821;9157;8385;8703;7250;7262;6877;6461;6247;4546;4790
2730;Institución universitaria/Escuela Tecnológica;"Bogotá, d. c.";"Bogotá, D.C.";No oficial;Mujer;MATRICULADOS;272;290;340;373;433;485;517;514;490;477;470;442;397;397;333;346;272;249;255;266;275;258;247;260;274;279;325;324;355;378;416;420;442;436;421;424;437;422;382;370;383;389;442;461;504;477;587;660;709;750;797;894;793;818
2730;Institución universitaria/Escuela Tecnológica;"Bogotá, d. c.";"Bogotá, D.C.";No oficial;Hombre;MATRICULADOS;3;6;10;12;12;18;18;19;23;23;25;22;24;22;22;28;24;21;17;19;21;23;28;31;32;38;41;43;44;38;40;52;83;111;167;186;217;227;259;286;292;272;258;242;216;186;185;157;120;107;100;97;87;66
2731;Institución universitaria/Escuela Tecnológica;Valle del Cauca;Cali;No oficial;Mujer;MATRICULADOS;32;31;30;34;41;45;63;38;64;63;70;82;102;163;204;323;589;491;724;741;760;825;811;685;574;364;501;515;665;551;743;787;922;868;1053;1277;1412;1507;1558;2046;2393;2524;2842;2937;2815;2309;2080;2263;2304;2316;2258;1957;1550;1402
2731;Institución universitaria/Escuela Tecnológica;Valle del Cauca;Cali;No oficial;Hombre;MATRICULADOS;18;20;30;42;49;53;78;52;73;73;70;69;110;139;142;255;376;360;521;558;592;652;710;575;481;334;473;457;506;419;503;535;737;659;924;1105;1191;1236;1278;1676;1862;1806;1825;1784;1510;1224;1091;1129;934;832;709;574;409;354
2732;Institución universitaria/Escuela Tecnológica;Antioquia;Santa Rosa de Osos;No oficial;Mujer;MATRICULADOS;;;;;1;1;;1;1;1;447;366;327;308;267;229;221;181;118;162;420;540;761;691;755;738;596;979;1103;1199;1385;1551;1925;1835;1783;1712;1700;1731;1702;1484;1742;1751;1710;1735;1766;1950;2364;2468;2747;2666;2832;2796;2513;2450
2732;Institución universitaria/Escuela Tecnológica;Antioquia;Santa Rosa de Osos;No oficial;Sin informaci¿n;MATRICULADOS;;;;;;;;;;;;;;;;;;;;;;;;;;;1;1;1;1;1;1;1;1;1;1;;;;;;;;;;;;1;1;1;1;;;
2732;Institución universitaria/Escuela Tecnológica;Antioquia;Santa Rosa de Osos;No oficial;Hombre;MATRICULADOS;;;;;;;;;;;304;298;320;348;369;304;333;236;150;187;367;461;649;645;678;699;690;955;1049;1146;1343;1448;1589;1528;1532;1429;1466;1495;1413;1255;1332;1292;1261;1196;1182;1283;1328;1295;1314;1195;1234;1150;993;925
2733;Institución universitaria/Escuela Tecnológica;"Bogotá, d. c.";"Bogotá, D.C.";No oficial;Mujer;MATRICULADOS;;;;;;;1;3;5;4;9;7;11;14;26;22;35;33;32;37;36;33;48;52;87;74;117;105;135;146;172;164;123;140;123;129;156;87;180;176;158;153;106;92;113;97;105;90;116;93;109;114;91;80
2733;Institución universitaria/Escuela Tecnológica;"Bogotá, d. c.";"Bogotá, D.C.";No oficial;Hombre;MATRICULADOS;;;;;;;23;17;43;34;46;39;53;56;66;55;79;67;106;115;147;134;135;113;195;131;189;175;163;139;157;127;90;91;60;67;93;141;149;124;96;107;89;79;77;67;82;54;56;41;45;39;25;29
2736;Institución universitaria/Escuela Tecnológica;Antioquia;Medellín;No oficial;Mujer;MATRICULADOS;;;;;;;;;7;6;9;9;18;15;27;24;49;47;56;55;58;55;44;49;43;38;27;28;26;25;25;23;36;31;29;35;45;52;63;61;78;75;78;88;94;109;113;115;104;112;112;119;99;110
2736;Institución universitaria/Escuela Tecnológica;Antioquia;Medellín;No oficial;Hombre;MATRICULADOS;;;;;;;;;12;10;25;22;54;53;67;66;91;83;97;91;89;81;66;77;74;64;63;64;62;56;64;63;79;84;82;90;94;80;80;84;86;74;70;66;63;73;68;70;71;69;62;65;53;52
2737;Institución universitaria/Escuela Tecnológica;Risaralda;Pereira;No oficial;Mujer;MATRICULADOS;153;178;253;340;401;426;511;559;610;639;736;814;885;877;833;871;876;827;950;980;1164;1258;1510;1611;1872;1877;2089;2143;2345;2339;2460;2513;2560;2631;2694;2687;2753;2738;2695;2625;2752;2737;2926;2966;3214;3147;3432;3410;3682;3741;3796;3716;3168;3270
2737;Institución universitaria/Escuela Tecnológica;Risaralda;Pereira;No oficial;Sin informaci¿n;MATRICULADOS;;;;;;;;;;;;;;;;;;;;;;;;;;;1;1;;;;;;;;;1;1;1;1;1;1;1;1;1;1;;;;;;;;
2737;Institución universitaria/Escuela Tecnológica;Risaralda;Pereira;No oficial;Hombre;MATRICULADOS;24;36;56;68;90;102;138;151;160;165;203;214;237;270;266;287;279;284;364;379;497;528;686;725;874;887;1019;1077;1186;1186;1269;1335;1565;1675;1898;2015;2124;2104;2223;2260;2162;1938;1749;1601;1440;1297;1196;1042;988;903;825;747;614;587
2738;Institución universitaria/Escuela Tecnológica;"Bogotá, d. c.";"Bogotá, D.C.";No oficial;Mujer;MATRICULADOS;;;;;;;5;21;30;45;55;90;117;134;164;190;231;223;276;275;333;328;416;429;478;447;514;461;558;529;616;648;701;693;686;615;657;626;632;578;607;592;693;625;634;560;642;591;657;607;722;812;776;746
2738;Institución universitaria/Escuela Tecnológica;"Bogotá, d. c.";"Bogotá, D.C.";No oficial;Hombre;MATRICULADOS;;;;;;;21;31;40;64;62;93;113;115;147;172;191;198;205;202;241;230;293;297;354;344;347;344;390;356;407;409;469;477;578;555;616;575;577;535;507;435;429;335;285;194;172;136;109;85;68;65;57;49
2739;Institución universitaria/Escuela Tecnológica;Antioquia;Apartadó;No oficial;Mujer;MATRICULADOS;;;;;;;;;;;34;41;34;25;27;16;15;16;29;24;24;39;46;39;44;39;36;29;33;33;25;18;16;10;18;48;55;73;81;97;163;178;221;218;266;224;254;232;253;172;264;264;2;118
2739;Institución universitaria/Escuela Tecnológica;Antioquia;Apartadó;No oficial;Hombre;MATRICULADOS;;;;;;;;;;;19;12;10;9;13;7;10;10;15;10;10;17;22;21;26;24;18;16;17;14;12;9;4;4;19;38;56;68;80;93;104;112;96;100;85;77;59;55;37;34;39;29;;12
2740;Institución universitaria/Escuela Tecnológica;"Bogotá, d. c.";"Bogotá, D.C.";No oficial;Mujer;MATRICULADOS;;;;;;;;;;;;;16;24;41;40;51;61;76;86;94;93;103;101;93;94;94;91;89;86;92;89;86;79;82;82;80;78;80;81;84;90;94;89;99;100;107;102;103;106;105;108;94;90
2740;Institución universitaria/Escuela Tecnológica;"Bogotá, d. c.";"Bogotá, D.C.";No oficial;Hombre;MATRICULADOS;;;;;;;;;;;;;8;7;15;23;24;30;37;39;36;46;55;44;46;45;46;50;53;55;51;49;51;57;55;54;67;64;73;71;66;68;68;64;55;54;47;39;33;20;13;15;11;12
2741;Institución universitaria/Escuela Tecnológica;Tolima;Espinal;No oficial;Mujer;MATRICULADOS;;;;;;;;;;27;22;48;74;35;50;41;37;40;55;68;203;222;95;87;196;208;329;321;330;302;302;276;259;237;232;197;200;202;218;198;252;260;323;340;430;369;435;413;478;493;533;507;434;403
2741;Institución universitaria/Escuela Tecnológica;Tolima;Espinal;No oficial;Sin informaci¿n;MATRICULADOS;;;;;;;;;;1;1;1;1;;;;;;;;;;;;;;;;;;;;;;;;;1;1;1;1;1;1;1;1;1;1;;;1;;;;
2741;Institución universitaria/Escuela Tecnológica;Tolima;Espinal;No oficial;Hombre;MATRICULADOS;;;;;;;;;;3;4;6;11;10;27;15;18;16;18;22;72;75;25;37;74;64;134;111;107;102;92;87;130;116;167;156;134;142;178;177;178;194;192;176;189;156;158;139;121;114;105;89;70;65
2743;Universidad;Casanare;Yopal;Oficial;Mujer;MATRICULADOS;;;;;;;;;;;25;58;99;90;95;87;103;95;203;219;641;570;608;598;637;611;685;695;724;771;870;896;1010;914;929;913;992;900;1020;988;1038;1005;1073;1020;1428;1217;1535;1550;1927;2077;2172;2371;2030;2488
2743;Universidad;Casanare;Yopal;Oficial;Hombre;MATRICULADOS;;;;;;;;;;;26;46;67;71;61;60;69;70;195;218;597;523;582;561;660;632;785;728;883;868;875;808;858;828;905;801;917;911;810;787;764;696;670;620;617;529;538;458;484;444;368;291;254;212
2744;Institución tecnológica;Nariño;Pasto;No oficial;Mujer;MATRICULADOS;;;;;;;119;169;242;410;440;553;574;602;555;493;523;533;672;897;917;1123;1235;1366;1458;1532;1683;1712;1884;2003;2061;2122;2207;2298;2461;2561;2790;2941;3058;3068;3205;3294;3589;3739;4080;3669;4078;4116;4411;4649;4882;4886;4314;4250
2744;Institución tecnológica;Nariño;Pasto;No oficial;Sin informaci¿n;MATRICULADOS;;;;;;;;;;;;;;;;;;;;;;;;;;;18;23;20;21;21;21;20;20;18;18;13;5;3;3;2;1;;;;1;;;;;;;;
2744;Institución tecnológica;Nariño;Pasto;No oficial;Hombre;MATRICULADOS;;;;;;;128;229;286;440;503;599;585;658;622;525;586;588;729;1010;1019;1144;1288;1401;1476;1573;1784;1852;2027;2137;2310;2327;2465;2534;2720;2820;3074;3169;3207;3197;3104;2914;2682;2523;2277;1947;1724;1518;1236;1053;866;709;578;486
2745;Institución universitaria/Escuela Tecnológica;"Bogotá, d. c.";"Bogotá, D.C.";No oficial;Mujer;MATRICULADOS;;;;;;;;;;;;;;;;;;;674;869;1270;1496;1724;1865;2091;2392;2721;2533;2689;2365;3082;3566;4046;4067;4102;3558;3634;3412;3561;3597;3703;3689;3953;4056;4197;3939;4307;4485;5146;5450;5805;5924;4320;4910
2745;Institución universitaria/Escuela Tecnológica;"Bogotá, d. c.";"Bogotá, D.C.";No oficial;Hombre;MATRICULADOS;;;;;;;;;;;;;;;;;;;508;631;990;1154;1502;1742;1949;2150;2299;2095;2228;1974;2646;3087;3594;3437;3502;3139;3454;3426;3574;3660;3515;3430;3278;3180;3042;2812;2784;2631;2640;2430;2294;2143;1520;1618
2746;Institución universitaria/Escuela Tecnológica;"Bogotá, d. c.";"Bogotá, D.C.";No oficial;Mujer;MATRICULADOS;;;;;;;;;;;;;;;;63;129;188;271;331;396;460;527;600;634;697;677;730;724;736;764;791;795;731;700;721;661;616;592;583;590;640;725;729;775;807;900;959;1011;1042;1082;1106;987;1012
2746;Institución universitaria/Escuela Tecnológica;"Bogotá, d. c.";"Bogotá, D.C.";No oficial;Hombre;MATRICULADOS;;;;;;;;;;;;;;;;31;58;79;101;121;143;169;174;197;243;241;269;277;302;284;282;285;277;371;476;495;557;606;686;719;693;638;576;545;494;454;388;318;285;228;191;145;102;82
2747;Institución universitaria/Escuela Tecnológica;Antioquia;Medellín;No oficial;Mujer;MATRICULADOS;1;;909;839;820;772;276;217;253;206;275;289;360;349;553;534;651;634;981;903;976;859;1042;1188;1505;1670;2130;2361;2503;2593;2694;2657;2637;2520;2406;2658;2286;2246;2328;2289;2404;2388;2615;2515;2626;2253;2479;2412;2452;2460;2445;2356;2064;2002
2747;Institución universitaria/Escuela Tecnológica;Antioquia;Medellín;No oficial;Hombre;MATRICULADOS;;;445;409;445;384;156;146;138;144;193;209;243;223;452;438;503;520;831;706;716;646;698;746;915;1021;1268;1414;1440;1476;1510;1414;1482;1483;1586;1844;1624;1596;1769;1761;1806;1735;1648;1522;1379;1171;1028;892;735;650;517;410;320;238
2748;Institución universitaria/Escuela Tecnológica;Valle del Cauca;Cali;No oficial;Mujer;MATRICULADOS;;;;;;;;;;;;5;13;16;26;35;36;37;47;48;55;44;40;45;41;86;113;158;167;155;161;158;177;148;157;169;184;175;216;48;174;184;176;175;157;145;145;138;157;147;142;147;110;95
2748;Institución universitaria/Escuela Tecnológica;Valle del Cauca;Cali;No oficial;Hombre;MATRICULADOS;;;;;;;;;;;;3;16;24;48;58;56;54;74;88;106;105;91;128;94;188;247;222;228;224;262;228;226;186;203;200;245;249;250;70;205;192;198;188;154;142;124;111;101;105;90;108;76;63
2749;Institución universitaria/Escuela Tecnológica;Antioquia;Medellín;No oficial;Mujer;MATRICULADOS;222;181;207;183;196;178;186;211;237;241;294;307;330;328;376;394;491;519;612;628;718;747;954;1056;1220;1379;1553;1622;1683;1782;1948;2050;2232;2202;2308;2344;2370;2392;2308;2092;2148;2055;2038;2001;1963;1650;1845;1791;1846;1814;1738;1610;1333;1280
2749;Institución universitaria/Escuela Tecnológica;Antioquia;Medellín;No oficial;Hombre;MATRICULADOS;68;69;170;156;195;191;224;236;268;274;344;349;381;373;434;451;550;564;660;629;753;764;1000;1074;1282;1379;1545;1553;1695;1692;1816;1847;1917;1912;1968;1990;1995;1985;1914;1741;1700;1648;1470;1428;1279;1100;1009;922;816;768;631;525;409;373
2805;Universidad;Atlántico;Barranquilla;No oficial;Mujer;MATRICULADOS;5960;6660;8201;5887;6772;6584;8710;8575;8634;8101;7738;7173;7104;5785;5752;5407;5377;5355;5832;5872;6252;6104;6609;6668;7023;6900;7599;6275;5700;7838;7131;8038;8135;7793;7684;7694;7903;7658;7393;6942;7667;7930;9270;9496;10839;9712;11643;11841;13392;13516;14319;14190;12328;12460
2805;Universidad;Atlántico;Barranquilla;No oficial;Hombre;MATRICULADOS;582;788;1525;1027;1668;1869;2765;2917;3209;3201;3245;3015;3127;2536;2674;2504;2583;2608;2935;2684;3061;2989;3342;3327;3609;3563;4090;3464;2708;4195;3872;4388;5009;5027;5594;5732;5905;5791;6326;6338;5967;5705;5204;4636;4298;3688;3448;2884;2355;1873;1561;1221;926;759
2810;Universidad;Atlántico;Barranquilla;No oficial;Mujer;MATRICULADOS;22;4;6;1;554;1125;1201;1248;1490;1486;1615;1594;1681;1598;1690;1647;1916;1870;1737;1887;2464;2626;2775;2839;3116;3178;3415;3501;3846;3799;4115;4220;4627;4642;5012;4978;5135;5228;5543;5571;6141;6264;7129;7009;8018;7058;8220;8131;8931;8879;10518;9935;8715;8097
2810;Universidad;Atlántico;Barranquilla;No oficial;Sin informaci¿n;MATRICULADOS;;;;;;1;;;;;;;;;;;;;;;;;;;;;;;;;;;;;;;;;;;;;;;;;;;;;;;;
2810;Universidad;Atlántico;Barranquilla;No oficial;Hombre;MATRICULADOS;6;1;4;5;709;1659;1793;1860;2081;2007;2149;2030;2120;2051;2035;1895;2105;2099;2125;2194;2553;2667;2885;2874;3241;3308;3672;3712;4097;4145;4557;4567;4835;4866;5237;5099;5431;5595;5781;5692;5381;5135;4687;4308;3872;3266;2947;2515;1961;1578;1521;1369;1084;750
2811;Universidad;"Bogotá, d. c.";"Bogotá, D.C.";No oficial;Mujer;MATRICULADOS;272;385;564;609;755;710;825;848;1051;1083;1246;1249;1301;1232;1313;1199;1208;1098;1198;1173;1179;1077;1115;1015;1003;946;1038;943;1028;987;1144;1126;1636;1571;1954;1897;2107;2113;2605;2476;2944;2850;3177;3082;3306;2994;3209;3190;3304;3190;3269;3224;2764;2733
2811;Universidad;"Bogotá, d. c.";"Bogotá, D.C.";No oficial;Hombre;MATRICULADOS;532;738;1113;1226;1520;1446;1624;1672;2059;2183;2445;2487;2579;2400;2341;2095;2186;2040;2172;2128;2095;1915;2011;1830;1892;1703;1956;1774;1952;1862;2145;2008;2071;1942;2012;1937;2656;2604;2659;2444;2243;2042;1838;1695;1478;1350;1107;925;608;470;294;233;142;118
2812;Universidad;"Bogotá, d. c.";"Bogotá, D.C.";No oficial;Mujer;MATRICULADOS;1071;342;540;650;849;979;1192;1277;1550;1385;1524;1595;1541;1803;1171;1144;1232;1178;1798;1895;1994;2021;2101;2095;2165;2221;2463;2523;2626;2687;2644;2678;2773;2764;3033;2963;3200;3174;3331;3214;3547;3560;3800;3959;4034;4162;4920;5198;6167;6538;6799;6876;5896;6146
2812;Universidad;"Bogotá, d. c.";"Bogotá, D.C.";No oficial;Hombre;MATRICULADOS;308;412;501;589;686;737;877;910;1026;1003;1005;1013;958;971;845;820;940;923;1209;1271;1301;1283;1360;1269;1367;1370;1508;1495;1597;1603;1660;1783;1852;1958;2302;2443;2718;2706;2927;2946;2898;2831;2665;2516;2281;2281;2140;1988;1933;1879;1599;1507;1200;1157
2813;Universidad;Antioquia;Envigado;No oficial;Mujer;MATRICULADOS;95;95;184;168;265;245;300;299;369;338;421;381;466;409;524;472;541;501;586;553;631;576;655;576;621;554;636;567;595;547;567;535;654;624;802;750;835;773;930;893;1019;1055;1151;1139;1349;1408;1577;1606;1772;1735;1794;1846;1651;1740
2813;Universidad;Antioquia;Envigado;No oficial;Hombre;MATRICULADOS;128;126;183;172;260;231;280;265;329;317;399;345;463;422;517;490;596;532;678;637;767;690;794;709;738;686;756;705;753;697;725;654;705;653;754;695;815;761;825;767;696;640;571;518;437;385;312;246;170;109;79;60;40;24
2815;Institución universitaria/Escuela Tecnológica;Antioquia;Medellín;No oficial;Mujer;MATRICULADOS;85;73;204;301;398;372;226;239;300;273;382;288;366;339;413;311;448;389;531;525;614;530;620;615;625;599;687;661;709;692;783;764;784;720;741;698;740;699;663;627;678;708;811;806;907;855;948;922;1010;1016;1066;1028;859;840
2815;Institución universitaria/Escuela Tecnológica;Antioquia;Medellín;No oficial;Hombre;MATRICULADOS;120;51;151;215;349;340;168;188;218;193;323;226;341;310;409;320;487;431;626;583;692;616;682;646;649;622;662;629;731;662;740;699;670;639;696;663;683;654;634;646;613;575;539;520;464;418;376;347;303;281;218;208;162;153
2818;Institución universitaria/Escuela Tecnológica;Risaralda;Santa Rosa de Cabal;No oficial;Mujer;MATRICULADOS;;;;;;;;;412;154;229;208;225;188;247;225;219;191;322;298;430;443;569;742;572;513;500;532;524;592;683;708;608;549;599;574;536;510;494;467;478;504;535;523;546;674;783;737;817;721;845;723;530;687
2818;Institución universitaria/Escuela Tecnológica;Risaralda;Santa Rosa de Cabal;No oficial;Hombre;MATRICULADOS;;;;;;;;;499;249;322;322;360;282;330;317;336;298;429;433;525;535;688;832;726;682;620;641;686;719;765;807;703;615;672;616;608;541;498;457;403;424;378;351;329;345;352;308;273;240;224;168;93;152
2820;Institución universitaria/Escuela Tecnológica;Antioquia;Caldas;No oficial;Mujer;MATRICULADOS;135;235;359;383;53;413;423;430;450;379;370;314;305;295;309;315;410;381;443;454;527;550;598;597;619;584;612;638;708;684;746;732;795;771;843;828;936;751;791;726;847;820;836;812;969;937;1227;1223;1428;1459;1567;1507;1299;1321
2820;Institución universitaria/Escuela Tecnológica;Antioquia;Caldas;No oficial;Hombre;MATRICULADOS;75;139;214;241;103;306;358;365;418;418;444;439;424;402;409;404;480;428;438;411;475;470;526;513;510;490;465;448;528;486;551;536;588;574;668;688;776;625;709;659;631;598;546;500;480;455;436;383;341;312;253;211;164;150
2823;Institución universitaria/Escuela Tecnológica;Sucre;Sincelejo;No oficial;Mujer;MATRICULADOS;12;1;2;3;2;254;886;922;1317;1208;1399;1331;1323;1361;1543;1554;1650;1439;1725;1909;2365;2548;3007;3145;3617;3676;4430;4750;5668;6109;6462;6342;6482;6284;6341;6474;6623;6189;5993;5334;5805;6336;6565;6704;7241;6395;6860;6627;6928;7139;6725;6354;5252;5121
2823;Institución universitaria/Escuela Tecnológica;Sucre;Sincelejo;No oficial;Hombre;MATRICULADOS;6;;;;;192;632;648;913;871;990;924;962;981;1087;1112;1200;1113;1298;1379;1767;1796;2038;2111;2449;2529;3048;3287;3832;4123;4182;4115;4299;4220;4392;4436;4679;4502;4418;4063;4002;3850;3461;3302;3051;2557;2431;2203;1874;1673;1276;1054;787;695
2824;Institución universitaria/Escuela Tecnológica;"Bogotá, d. c.";"Bogotá, D.C.";No oficial;Mujer;MATRICULADOS;;;;;;;;;;;;;;;;;;;91;156;349;348;367;222;39;454;163;185;155;189;267;170;376;382;277;269;210;3;216;165;183;160;111;99;83;63;44;35;23;15;;;;
2824;Institución universitaria/Escuela Tecnológica;"Bogotá, d. c.";"Bogotá, D.C.";No oficial;Hombre;MATRICULADOS;;;;;;;;;;;;;;;;;;;46;104;207;213;245;139;28;230;98;121;94;120;156;120;276;307;264;272;198;5;198;153;178;150;110;99;72;55;40;34;20;9;;;;
2825;Institución universitaria/Escuela Tecnológica;Bolívar;Cartagena de Indias;No oficial;Mujer;MATRICULADOS;426;482;839;1059;1365;1417;1700;1438;2030;2251;2623;2532;2473;2401;2259;2109;2057;1891;2127;2284;2492;2330;2377;2321;2402;2271;2304;2323;2579;2670;2813;2856;2783;2796;2780;2770;2804;2780;2757;2641;2619;2689;3132;3175;3516;2836;3431;3525;3727;3931;4061;4031;3515;3459
2825;Institución universitaria/Escuela Tecnológica;Bolívar;Cartagena de Indias;No oficial;Hombre;MATRICULADOS;180;254;569;735;1041;1121;1299;1230;1563;1737;1988;1899;1780;1696;1595;1556;1482;1360;1617;1629;1656;1537;1418;1328;1364;1300;1319;1304;1440;1532;1573;1539;1728;1816;2086;2198;2209;2149;2379;2451;2271;2125;2037;1854;1669;1353;1316;1137;921;806;672;540;415;322
2827;Institución universitaria/Escuela Tecnológica;Meta;Villavicencio;No oficial;Mujer;MATRICULADOS;938;73;178;142;138;212;241;182;207;183;550;517;571;588;702;678;761;784;980;1011;1068;1077;1124;1102;1222;1181;1282;1354;1531;1536;1659;1682;1761;1727;1803;1719;1719;1683;1601;1460;1442;1368;1544;1433;1656;1537;1854;1725;1874;1889;1995;1905;1595;1560
2827;Institución universitaria/Escuela Tecnológica;Meta;Villavicencio;No oficial;Hombre;MATRICULADOS;479;42;80;91;105;177;188;139;127;109;361;353;405;431;505;467;553;599;737;735;807;794;869;848;993;972;1193;1244;1489;1529;1673;1692;1795;1753;1861;1803;1805;1772;1678;1602;1413;1279;1180;1048;941;841;758;649;518;430;357;309;245;203
2828;Institución universitaria/Escuela Tecnológica;Huila;Neiva;No oficial;Mujer;MATRICULADOS;102;209;289;339;435;473;561;604;627;668;689;715;748;721;731;693;783;795;975;1227;1277;1309;1597;1588;1791;1886;2106;2256;2555;2469;2450;2448;2542;2504;2493;2367;2299;2128;2086;1979;2044;2003;2128;2107;2214;1937;2178;2154;2258;2281;2363;2278;1820;1748
2828;Institución universitaria/Escuela Tecnológica;Huila;Neiva;No oficial;Hombre;MATRICULADOS;81;147;209;252;317;350;404;411;438;464;491;497;516;486;487;484;522;567;750;985;1082;1091;1302;1331;1655;1730;2016;2078;2349;2244;2239;2321;2468;2455;2566;2463;2370;2199;2207;2120;2012;1843;1631;1432;1194;938;853;707;547;416;330;261;185;148
2829;Institución universitaria/Escuela Tecnológica;"Bogotá, d. c.";"Bogotá, D.C.";No oficial;Mujer;MATRICULADOS;178;188;269;260;289;313;362;394;474;503;1372;1408;1786;2181;2803;2518;3251;3003;3320;3408;6244;6531;7398;7573;8949;9758;13981;18232;25441;29287;37590;42316;50356;51756;59968;60376;67931;66168;69982;67811;71506;63663;65565;62223;64272;55147;60422;55565;58812;55583;60977;58276;49204;48713
2829;Institución universitaria/Escuela Tecnológica;"Bogotá, d. c.";"Bogotá, D.C.";No oficial;Sin informaci¿n;MATRICULADOS;;;;;;;;;;;;;;;;;;;;;;;1;;2;1;1;1;1;1;1;1;3;2;2;2;2;1;1;1;2;1;;1;1;1;1;;1;;;;;
2829;Institución universitaria/Escuela Tecnológica;"Bogotá, d. c.";"Bogotá, D.C.";No oficial;Hombre;MATRICULADOS;46;75;85;107;123;134;232;232;316;351;631;698;984;1215;1634;1595;1931;1824;1909;2003;4371;4543;5504;5601;6799;7389;9671;11028;14101;15119;17674;19479;23936;25513;31033;33065;37008;37004;41224;41567;42529;37971;36996;34197;32490;27296;27207;23321;21392;18264;17909;16020;12940;11816
2830;Institución universitaria/Escuela Tecnológica;"Bogotá, d. c.";"Bogotá, D.C.";No oficial;Mujer;MATRICULADOS;154;566;256;393;532;644;894;965;1116;1275;1339;1331;1434;1468;1505;1549;1657;1700;1835;1924;2048;2033;2210;2180;2212;2218;2262;2230;2453;2655;3089;3257;3952;4024;5184;5649;8172;9461;8888;8627;7264;6464;6929;7219;7270;7045;8621;8572;11554;11051;13693;12156;10613;11023
2830;Institución universitaria/Escuela Tecnológica;"Bogotá, d. c.";"Bogotá, D.C.";No oficial;Hombre;MATRICULADOS;1406;1177;46;79;77;98;102;116;155;172;179;185;186;216;251;323;361;385;432;458;518;544;601;588;607;614;624;605;610;640;645;675;927;1038;1539;1821;2547;2950;3177;3212;2994;2782;2895;3073;3009;2996;3280;3173;3850;3471;4109;3509;2992;3004
2831;Institución universitaria/Escuela Tecnológica;"Bogotá, d. c.";"Bogotá, D.C.";No oficial;Mujer;MATRICULADOS;58;81;131;128;159;187;170;142;146;189;183;177;137;111;105;82;108;102;137;588;465;120;184;215;1916;1774;2209;2356;2463;2775;3166;3149;3035;2815;2565;2256;2298;2269;2112;1914;1768;1725;1737;1596;1653;1427;1628;1636;1677;1637;1655;1549;1268;1369
2831;Institución universitaria/Escuela Tecnológica;"Bogotá, d. c.";"Bogotá, D.C.";No oficial;Sin informaci¿n;MATRICULADOS;1;1;1;1;1;;;;;;;;;;;;;;;;;;;;;;;;;;;;;;;;;;;;;;;;;;;;;;;;;
2831;Institución universitaria/Escuela Tecnológica;"Bogotá, d. c.";"Bogotá, D.C.";No oficial;Hombre;MATRICULADOS;41;61;100;108;135;159;150;123;124;172;145;144;98;75;83;44;99;99;119;240;212;86;120;141;763;719;935;1031;1167;1238;1397;1340;1377;1295;1310;1187;1267;1251;1230;1183;1160;1090;1056;976;947;828;822;779;726;663;618;552;465;473
2832;Universidad;Santander;Bucaramanga;No oficial;Mujer;MATRICULADOS;9;3;4;5;4;383;795;934;1274;1258;1617;1668;1902;1817;1767;1569;1696;1472;1682;1861;2354;2759;3274;3425;3847;3946;4236;4110;4307;4206;4613;4319;4424;4382;4370;4454;4628;4721;4525;4486;4813;5054;5523;5635;6458;5930;6853;7074;7657;8016;8486;8647;7636;7684
2832;Universidad;Santander;Bucaramanga;No oficial;Hombre;MATRICULADOS;2;1;1;1;;240;446;498;669;669;939;1032;1179;1128;1055;933;895;805;885;996;1467;1791;2233;2335;2647;2655;2909;2884;3038;2988;3222;3048;3435;3516;3782;4015;4001;4075;4265;4344;4113;4110;3759;3350;3147;2596;2414;2134;1761;1433;1118;918;688;579
2833;Institución universitaria/Escuela Tecnológica;Antioquia;Medellín;No oficial;Mujer;MATRICULADOS;;;;;;;288;670;1005;1099;1321;1354;1426;1721;1621;1698;1653;1403;1779;1740;1855;1807;1651;1593;10446;10224;10032;10375;12026;12531;12764;12869;12629;12872;11932;10820;11826;11998;10702;10545;9582;9450;10434;10236;10496;9948;11600;11552;12632;12412;12625;12078;10209;10337
2833;Institución universitaria/Escuela Tecnológica;Antioquia;Medellín;No oficial;Sin informaci¿n;MATRICULADOS;;;;;;;;;;;;;;;;;;;;;;;;;;;;;;1;;;;2;4;;;;;;;;;;;;;;;;;;;
2833;Institución universitaria/Escuela Tecnológica;Antioquia;Medellín;No oficial;Hombre;MATRICULADOS;;;;;;;157;407;714;793;929;896;1016;984;927;884;890;826;965;888;946;888;868;833;4083;3987;3991;4409;5516;5955;6373;6468;6580;7125;7235;6578;8571;9346;8216;8053;6999;6769;7193;6777;6462;5941;6179;5682;5456;5016;4566;4022;3294;2889
2834;Institución universitaria/Escuela Tecnológica;"Bogotá, d. c.";"Bogotá, D.C.";No oficial;Mujer;MATRICULADOS;;;;71;6;8;56;452;390;385;389;400;441;356;409;240;326;317;480;487;611;552;978;1164;1537;1834;2216;2463;2902;3067;3471;3732;4014;3914;3964;4040;3842;3633;3500;3327;3584;3316;3677;3743;4317;3769;4333;4397;4832;4784;4908;4638;4010;3778
2834;Institución universitaria/Escuela Tecnológica;"Bogotá, d. c.";"Bogotá, D.C.";No oficial;Hombre;MATRICULADOS;;;;3;3;4;11;90;98;103;109;112;119;102;169;122;155;161;239;262;352;412;633;737;971;1229;1639;1900;2323;2286;2625;2619;2754;2870;3385;3183;3558;3383;3366;3278;3086;2892;2645;2317;2105;1743;1542;1256;1046;873;716;584;442;423
2836;Institución universitaria/Escuela Tecnológica;Atlántico;Barranquilla;No oficial;Mujer;MATRICULADOS;;;;;;;29;61;171;44;106;78;82;156;254;199;253;259;504;499;487;406;371;331;287;206;176;174;263;296;398;447;574;531;481;446;413;360;349;304;299;267;262;241;277;200;314;299;320;267;277;270;221;189
2836;Institución universitaria/Escuela Tecnológica;Atlántico;Barranquilla;No oficial;Hombre;MATRICULADOS;;;;;;;20;52;172;51;121;62;94;155;275;215;259;259;456;433;412;345;324;290;247;197;159;163;261;265;348;356;401;390;353;321;324;341;331;283;283;246;222;193;174;125;141;108;85;60;67;65;42;38
2837;Institución universitaria/Escuela Tecnológica;"Bogotá, d. c.";"Bogotá, D.C.";No oficial;Mujer;MATRICULADOS;;;;;;;72;115;177;223;333;397;475;516;612;689;744;801;945;1013;1152;1201;1346;1377;1667;1678;1843;1886;2016;2034;2158;2243;2380;2417;2504;2458;2604;2528;2535;2469;2668;2639;2822;2777;3011;2789;2843;2775;2753;2683;2618;2409;2053;1935
2837;Institución universitaria/Escuela Tecnológica;"Bogotá, d. c.";"Bogotá, D.C.";No oficial;Hombre;MATRICULADOS;;;;;;;100;133;188;223;309;344;379;394;487;515;607;680;759;758;811;853;939;959;1098;1220;1401;1435;1631;1578;1735;1762;1881;1990;2146;2185;2292;2279;2312;2327;2200;2161;2052;2022;1927;1775;1625;1471;1368;1170;1067;955;811;705
2838;Institución universitaria/Escuela Tecnológica;Antioquia;Medellín;No oficial;Mujer;MATRICULADOS;;;;;;;155;90;106;134;170;155;180;220;236;289;386;440;599;578;631;611;610;616;603;567;571;537;519;515;527;498;502;454;419;400;408;391;384;360;388;381;439;446;497;441;512;493;556;548;619;611;532;524
2838;Institución universitaria/Escuela Tecnológica;Antioquia;Medellín;No oficial;Hombre;MATRICULADOS;;;;;;;45;25;33;47;45;51;60;77;98;122;146;166;208;210;231;236;222;226;255;228;235;213;221;210;208;207;240;253;327;344;351;349;388;382;367;333;289;243;202;165;141;113;92;75;58;42;38;26
2840;Institución universitaria/Escuela Tecnológica;Quindío;Armenia;No oficial;Mujer;MATRICULADOS;;;;;;;;22;48;44;55;63;86;77;66;58;70;62;94;67;89;93;89;85;85;145;237;257;320;368;497;538;575;611;623;606;631;653;627;595;607;608;679;700;787;808;931;993;1133;1239;1362;1418;1253;1339
2840;Institución universitaria/Escuela Tecnológica;Quindío;Armenia;No oficial;Hombre;MATRICULADOS;;;;;;;;16;36;30;33;37;53;41;47;40;53;52;63;57;65;55;77;66;65;68;86;78;107;131;191;197;290;363;427;479;529;537;577;612;550;486;424;398;371;338;298;256;224;210;189;159;126;107
2841;Institución universitaria/Escuela Tecnológica;Antioquia;Bello;No oficial;Mujer;MATRICULADOS;;;;;;;;;;;;;;34;81;23;70;66;93;107;182;197;304;398;458;509;646;765;900;998;1166;1273;1368;1398;1387;1440;1503;1447;1420;1358;1422;1445;1520;1497;1548;1323;1489;1472;1595;1683;1905;1960;1711;1680
2841;Institución universitaria/Escuela Tecnológica;Antioquia;Bello;No oficial;Hombre;MATRICULADOS;;;;;;;;;;;;;2;19;57;25;56;58;92;110;258;275;415;461;548;543;642;669;715;712;770;812;869;921;967;1014;1023;992;1055;1066;1037;1063;985;918;846;686;684;595;540;494;473;437;369;331
2842;Institución universitaria/Escuela Tecnológica;Atlántico;Barranquilla;No oficial;Mujer;MATRICULADOS;;;;;;;;;;;4;6;13;10;15;16;22;19;31;32;43;45;49;46;48;54;63;43;55;56;70;161;301;303;264;322;341;322;340;372;531;578;1053;1204;1807;1464;1993;2022;2334;2399;2470;2454;2085;1981
2842;Institución universitaria/Escuela Tecnológica;Atlántico;Barranquilla;No oficial;Hombre;MATRICULADOS;;;;;;;;;;;14;13;29;33;28;24;28;22;31;35;29;37;40;39;32;41;39;29;72;68;64;85;141;179;223;220;313;362;405;406;439;484;533;558;629;498;572;523;516;505;454;393;297;305
2847;Universidad;Santander;Bucaramanga;No oficial;Mujer;MATRICULADOS;184;273;433;416;430;396;302;307;394;375;534;501;516;456;526;505;405;355;442;545;660;739;1011;1113;1287;1560;1787;1962;2144;2430;2535;2774;3274;3472;3755;3958;4269;4248;5196;4674;4791;4461;4787;4554;4936;3803;4440;4443;4889;4964;5343;5081;4396;4363
2847;Universidad;Santander;Bucaramanga;No oficial;Sin informaci¿n;MATRICULADOS;;;;;;;;;1;;;;1;1;1;1;1;1;;;;;;;;;;;;;;;;;;;;;;;;;;;;;;;;;;;;
2847;Universidad;Santander;Bucaramanga;No oficial;Hombre;MATRICULADOS;228;378;542;551;610;556;499;513;608;533;712;658;704;639;687;636;501;470;605;615;733;764;993;1129;1286;1458;1679;1722;1884;1935;1863;1901;1974;2024;2116;1936;2202;2179;1821;2028;2090;2021;1947;1817;1725;1355;1407;1326;1199;1080;941;816;627;590
2848;Institución universitaria/Escuela Tecnológica;"Bogotá, d. c.";"Bogotá, D.C.";No oficial;Mujer;MATRICULADOS;284;485;628;734;944;1040;1244;1232;1374;1401;1465;1168;8;19;45;50;57;68;382;589;820;940;938;1090;1279;1381;1554;1607;1724;1764;1981;1994;2029;1865;1729;1727;1681;1529;1620;1605;1534;1506;1589;1549;1618;1355;1765;1795;1932;1888;1759;1637;;1185
2848;Institución universitaria/Escuela Tecnológica;"Bogotá, d. c.";"Bogotá, D.C.";No oficial;Hombre;MATRICULADOS;238;422;535;610;707;732;918;969;1168;1288;1442;1217;15;40;50;62;76;94;331;549;720;831;903;1099;1322;1396;1520;1621;1765;1754;1935;1846;1783;1729;1711;1503;1671;1729;1460;1481;1410;1375;1272;1115;1086;841;855;789;684;606;496;439;;242
2849;Institución universitaria/Escuela Tecnológica;Cauca;Popayán;No oficial;Mujer;MATRICULADOS;35;90;51;68;105;49;77;23;33;30;101;51;55;36;126;187;263;296;449;570;689;743;877;939;1006;1067;1184;1156;1192;1150;1168;1154;1291;1215;1204;1213;1289;1287;1317;1338;1407;1502;1597;1658;1648;1446;1448;1397;1480;1536;1590;1583;1339;1356
2849;Institución universitaria/Escuela Tecnológica;Cauca;Popayán;No oficial;Hombre;MATRICULADOS;30;66;48;57;78;23;38;12;19;11;47;33;32;28;28;126;167;206;317;416;487;522;631;657;740;778;897;939;986;969;1018;1016;1155;1084;1086;1149;1185;1218;1252;1206;1176;1129;1068;981;845;700;590;517;437;346;260;214;159;140
2850;Institución universitaria/Escuela Tecnológica;Sucre;Sincelejo;No oficial;Mujer;MATRICULADOS;;;;;;;;;;;;;;;;9;18;20;30;80;123;121;126;177;193;223;214;296;274;265;493;600;857;1009;1285;1539;1721;1622;1761;1819;2030;2156;2642;2971;3454;2905;3584;3473;3788;3864;4009;3959;3326;3343
2850;Institución universitaria/Escuela Tecnológica;Sucre;Sincelejo;No oficial;Hombre;MATRICULADOS;;;;;;;;;;;;;;;;48;78;86;132;106;79;96;153;136;181;142;209;168;206;172;249;286;520;665;989;1066;1275;1289;1519;1645;1645;1650;1726;1708;1670;1338;1343;1059;882;753;684;578;439;369
2901;Institución universitaria/Escuela Tecnológica;"Bogotá, d. c.";"Bogotá, D.C.";Oficial;Mujer;MATRICULADOS;;;;;1;;1;2;1;;;;;;1;;4;;56;37;65;28;93;52;64;23;43;33;16;18;22;6;7;14;13;11;32;34;73;66;32;36;18;26;31;20;27;21;22;24;16;19;15;31
2901;Institución universitaria/Escuela Tecnológica;"Bogotá, d. c.";"Bogotá, D.C.";Oficial;Sin informaci¿n;MATRICULADOS;;;;;;;;;;;;;;;;;;;;;;;;;;;;;;;;1;;;;;;;;;;;;;;;;;;;;;;
2901;Institución universitaria/Escuela Tecnológica;"Bogotá, d. c.";"Bogotá, D.C.";Oficial;Hombre;MATRICULADOS;;;;;11;;13;;15;;;;9;;7;4;2;;110;39;87;99;124;187;159;69;104;108;44;43;10;33;37;79;59;67;66;75;145;113;75;78;55;67;83;85;92;68;40;39;52;56;45;15
2902;Institución universitaria/Escuela Tecnológica;"Bogotá, d. c.";"Bogotá, D.C.";Oficial;Mujer;MATRICULADOS;;;;;;;;;;;;;;;;;;;51;56;75;89;127;116;150;154;125;112;118;120;122;114;99;97;88;83;76;63;77;81;71;64;75;71;82;79;78;79;69;67;62;45;33;57
2902;Institución universitaria/Escuela Tecnológica;"Bogotá, d. c.";"Bogotá, D.C.";Oficial;Hombre;MATRICULADOS;;;;;;;;;;;;;;;;1;1;1;202;85;104;107;122;115;217;169;151;124;127;132;125;124;102;103;99;99;88;79;92;85;81;78;75;78;68;52;68;54;48;35;33;21;13;39
2903;Institución universitaria/Escuela Tecnológica;Cundinamarca;Facatativá;Oficial;Mujer;MATRICULADOS;;;;;;;;;;;;;;;4;4;26;34;41;67;50;68;98;78;80;69;57;78;78;100;107;98;148;109;127;80;60;59;69;56;51;47;56;50;73;71;;;;;;;;
2903;Institución universitaria/Escuela Tecnológica;Cundinamarca;Facatativá;Oficial;Hombre;MATRICULADOS;;;;;;;;;;;;;;;12;12;37;36;67;65;58;73;180;166;213;168;179;112;148;148;126;89;79;86;101;93;143;157;169;147;130;134;110;107;87;61;;;;;;;;
2905;Institución universitaria/Escuela Tecnológica;"Bogotá, d. c.";"Bogotá, D.C.";Oficial;Mujer;MATRICULADOS;;;;;;;;;;;;;;;;;;;1;4;29;19;573;5;11;17;18;18;33;19;25;46;61;44;48;39;24;37;76;83;107;117;123;141;137;147;175;201;190;23;133;130;103;116
2905;Institución universitaria/Escuela Tecnológica;"Bogotá, d. c.";"Bogotá, D.C.";Oficial;Hombre;MATRICULADOS;;;;;;;;;;;;;;;;;;;13;2;53;22;96;33;64;63;94;47;78;40;113;80;138;118;120;91;89;97;111;147;114;116;89;81;88;100;98;95;104;9;17;20;13;19
2906;Institución universitaria/Escuela Tecnológica;"Bogotá, d. c.";"Bogotá, D.C.";Oficial;Mujer;MATRICULADOS;;;;;;;;;;;;;;;;;;;;;16;;16;;22;;4;;37;;;;;;;;;;;;;;;;;;;;;;;;;
2906;Institución universitaria/Escuela Tecnológica;"Bogotá, d. c.";"Bogotá, D.C.";Oficial;Hombre;MATRICULADOS;;;;;;;;;;;;;;;;;;;;;49;;42;;51;;29;;142;;;;;;;;;;;;;;;;;;;;;;;;;
3102;Institución tecnológica;Norte de Santander;Pamplona;Oficial;Mujer;MATRICULADOS;934;458;855;836;581;509;380;429;243;36;483;442;342;220;317;302;47;;402;411;626;698;747;832;664;173;785;622;786;433;534;534;587;408;324;286;258;239;326;330;455;473;639;770;1032;1151;1257;1256;1211;1065;997;976;714;1158
3102;Institución tecnológica;Norte de Santander;Pamplona;Oficial;Hombre;MATRICULADOS;25;17;40;40;59;75;94;96;106;23;163;141;140;98;124;118;13;;169;172;240;304;350;341;229;91;392;240;362;218;276;259;364;292;271;229;253;240;305;336;335;324;311;328;279;297;257;215;173;143;120;101;58;108
3103;Institución universitaria/Escuela Tecnológica;Bolívar;Cartagena de Indias;Oficial;Mujer;MATRICULADOS;238;389;541;636;727;803;774;723;789;920;914;867;975;835;792;770;777;753;825;849;1018;1039;1031;1035;1025;985;1080;958;1012;936;914;826;834;853;854;725;822;750;771;841;950;958;1029;1259;1634;1692;2042;2513;3043;2865;2991;3335;2545;2790
3103;Institución universitaria/Escuela Tecnológica;Bolívar;Cartagena de Indias;Oficial;Hombre;MATRICULADOS;25;50;57;72;82;93;110;102;113;105;124;122;120;117;164;195;211;209;235;256;277;250;239;224;205;207;262;255;297;285;277;225;337;469;574;587;622;578;651;772;695;659;533;584;587;518;475;496;449;307;262;243;178;163
3104;Institución universitaria/Escuela Tecnológica;Cauca;Popayán;Oficial;Mujer;MATRICULADOS;65;104;149;178;197;104;274;302;341;277;299;177;327;298;347;273;233;240;286;213;227;257;323;379;532;637;768;788;846;772;744;823;874;943;966;1015;1015;1013;1030;1010;1064;1097;1202;1247;1321;1382;1473;1624;1731;1825;1967;2092;1804;2025
3104;Institución universitaria/Escuela Tecnológica;Cauca;Popayán;Oficial;Hombre;MATRICULADOS;49;78;123;131;158;111;211;213;272;236;257;174;267;257;297;262;187;213;262;207;212;213;286;309;375;466;590;603;642;675;722;767;825;838;911;953;954;974;991;977;935;918;897;866;793;773;709;722;637;569;508;444;348;314
3107;Institución universitaria/Escuela Tecnológica;Antioquia;Medellín;Oficial;Mujer;MATRICULADOS;8;84;130;153;238;279;418;479;667;555;561;634;665;616;701;702;733;1119;1150;1150;1093;1015;1004;1293;1708;1418;1156;1065;1045;949;1024;1115;1309;1572;1233;1573;1837;1609;1958;2224;2641;3059;3667;3996;4243;4558;4961;4835;4828;4970;5486;5239;4454;5420
3107;Institución universitaria/Escuela Tecnológica;Antioquia;Medellín;Oficial;Hombre;MATRICULADOS;53;600;850;1065;1284;1568;1997;2238;2470;2068;1978;1977;2016;1796;1705;1679;1743;2692;2698;2829;2936;3054;3447;3939;4380;4067;3942;3806;3659;3317;3729;3895;3504;3674;2162;2300;3064;2616;2699;2766;2747;2863;2738;2823;2537;2490;2424;2241;1974;1834;1823;1535;1252;1368
3114;Institución tecnológica;Atlántico;Barranquilla;Oficial;Mujer;MATRICULADOS;;;;;;;87;87;87;94;117;117;119;119;48;48;171;171;24;68;117;96;95;16;28;15;35;25;17;12;13;17;53;85;157;265;181;224;282;117;97;126;380;414;463;354;474;232;243;491;521;513;415;423
3114;Institución tecnológica;Atlántico;Barranquilla;Oficial;Hombre;MATRICULADOS;;;;;;;124;124;124;134;248;248;295;295;262;262;327;327;142;97;410;302;468;157;425;260;619;451;515;368;381;412;383;407;264;233;161;206;147;42;19;11;90;82;80;45;50;22;1;6;1;1;;3
3115;Institución universitaria/Escuela Tecnológica;Putumayo;Mocoa;Oficial;Mujer;MATRICULADOS;;;;;;;;;;;;;;;76;72;136;137;194;207;149;118;200;117;135;554;199;154;182;247;421;493;494;481;538;1028;536;636;693;729;807;863;1387;1402;1644;1791;1952;1908;2089;2015;2026;1960;1521;1735
3115;Institución universitaria/Escuela Tecnológica;Putumayo;Mocoa;Oficial;Hombre;MATRICULADOS;;;;;;;;;;;;;;;95;81;128;129;200;199;160;128;191;123;144;114;165;130;133;182;340;395;378;392;486;485;522;639;627;657;654;669;792;764;715;760;710;639;531;462;388;316;226;221
3116;Institución universitaria/Escuela Tecnológica;Putumayo;Sibundoy;Oficial;Mujer;MATRICULADOS;;;;;;;;;;;;;;;;;;;;;49;67;87;74;88;77;29;30;52;49;54;57;58;44;54;33;66;50;;;;;;;;;;;;;;;;
3116;Institución universitaria/Escuela Tecnológica;Putumayo;Sibundoy;Oficial;Hombre;MATRICULADOS;;;;;;;;;;;;;;;;;;;;;56;69;116;94;116;99;51;43;59;66;68;71;76;65;84;61;87;59;;;;;;;;;;;;;;;;
3117;Institución universitaria/Escuela Tecnológica;Atlántico;Barranquilla;Oficial;Mujer;MATRICULADOS;;;;;;72;112;124;176;221;284;309;331;312;393;161;549;119;620;396;583;456;731;478;779;546;1040;279;740;456;878;719;1057;838;1327;1054;1497;822;1680;1222;2301;1782;3040;2358;3109;2401;3702;3357;4250;3729;5062;4698;3910;6298
3117;Institución universitaria/Escuela Tecnológica;Atlántico;Barranquilla;Oficial;Hombre;MATRICULADOS;;;;;;101;213;258;404;508;657;722;889;815;916;232;1161;211;1240;786;1200;892;1557;1104;1689;1308;2141;982;1959;1077;2212;1802;2075;1436;1859;1373;2148;1233;1944;1254;1757;1158;1440;926;1021;759;934;725;766;537;594;479;381;614
3201;Institución tecnológica;Santander;Bucaramanga;Oficial;Mujer;MATRICULADOS;25;64;121;231;628;1011;1617;1982;2689;3249;3677;3867;4261;4546;5008;5268;5492;5721;6158;5894;6357;6050;5309;5561;5501;5832;6858;3944;6412;6289;7369;7462;7195;7985;9207;8691;9007;8077;8309;7741;8336;8051;9839;10735;12525;12411;14832;16763;17008;17461;17950;18589;15074;17172
3201;Institución tecnológica;Santander;Bucaramanga;Oficial;Sin informaci¿n;MATRICULADOS;1;2;4;9;13;15;17;15;25;28;29;28;19;18;18;11;9;12;5;2;1;1;1;;1;;1;2;;;;2;1;1;1;;;;;;;;;;;;;;;;;;;1
3201;Institución tecnológica;Santander;Bucaramanga;Oficial;Hombre;MATRICULADOS;158;296;484;933;1462;1758;2621;2747;3396;3660;4013;3950;4394;4515;4950;5199;5567;5451;5685;5541;6232;5900;5805;5604;5777;6097;6957;4789;6915;6666;7353;7163;6658;7426;8891;8086;9120;8545;8316;7583;7039;6271;5928;5503;5121;4481;4568;4808;4292;3823;3311;2876;2182;2355
3204;Institución universitaria/Escuela Tecnológica;Antioquia;Medellín;Oficial;Mujer;MATRICULADOS;411;755;1166;1520;1926;1988;2322;2162;2133;1910;1853;2111;2705;2752;3048;3204;3365;3587;4435;4250;4049;4103;4788;5814;5586;6206;6479;6862;6390;5387;5361;5364;5014;4799;4958;4760;4766;4815;4948;4929;5216;5227;6186;6816;8490;8432;9327;9800;9059;9126;9474;9280;7988;11823
3204;Institución universitaria/Escuela Tecnológica;Antioquia;Medellín;Oficial;Hombre;MATRICULADOS;265;495;781;1075;1392;1544;1819;1649;1535;1381;1358;1449;1734;1770;1917;1883;2007;1936;2371;2119;2008;2057;2333;2862;2678;3022;3175;3424;3257;2759;2639;2638;2553;2654;3113;3267;3283;3365;3872;3818;3677;3634;3618;3821;3595;3349;3298;3308;2621;2258;2053;1810;1567;2314
3301;Institución universitaria/Escuela Tecnológica;Valle del Cauca;Cali;Oficial;Mujer;MATRICULADOS;42;60;49;57;71;65;84;100;96;113;172;207;186;246;314;545;790;962;1429;1984;2243;2302;2076;2075;2148;1859;2008;1827;1927;1794;2282;2621;3187;3171;3136;3479;3330;3109;3222;3261;3570;3671;4053;4833;5458;5534;6640;8144;8595;9230;9915;10660;9464;10713
3301;Institución universitaria/Escuela Tecnológica;Valle del Cauca;Cali;Oficial;Hombre;MATRICULADOS;106;149;121;160;204;161;263;302;284;277;476;522;485;527;648;790;1030;1230;1463;1766;2056;2328;2443;2541;2624;2365;2680;2600;2779;2601;2631;2586;2639;2897;3340;3167;3616;3901;3960;3855;3846;3640;3557;3502;3124;2836;2724;2961;2671;2450;2316;2150;1797;1712
3302;Institución universitaria/Escuela Tecnológica;Antioquia;Medellín;Oficial;Mujer;MATRICULADOS;165;331;527;678;1257;1501;1818;2127;2173;2207;2171;2167;2120;1997;2140;1830;1670;1566;1196;1439;2172;2652;3962;4773;4897;5044;5296;6179;6366;7598;7845;8325;6632;7252;7870;8593;8759;8818;9291;9772;10572;11023;11477;11665;12347;13877;15024;15245;15410;15352;16369;16016;12848;15572
3302;Institución universitaria/Escuela Tecnológica;Antioquia;Medellín;Oficial;Hombre;MATRICULADOS;210;561;882;1100;1723;2025;2390;2757;2773;2983;3050;3073;3123;3127;3247;2807;2562;2446;2058;2256;3154;3722;4813;5724;6333;6752;7146;8093;8399;9976;10553;10929;8643;9284;9589;10266;10910;10919;10849;11277;10698;10259;9564;9050;8386;8881;8812;8345;7705;6953;6369;5684;4515;4764
3303;Institución tecnológica;Antioquia;Envigado;Oficial;Mujer;MATRICULADOS;;;;;;;;;;;;;;;;;;;;;;;;101;36;28;56;64;103;103;104;103;125;118;147;151;164;152;179;186;210;241;371;386;543;452;606;702;767;797;927;925;719;833
3303;Institución tecnológica;Antioquia;Envigado;Oficial;Hombre;MATRICULADOS;;;;;;;;;;;;;;;;;;;;;;;;179;83;98;153;156;203;226;246;267;240;246;286;261;299;269;282;244;233;213;230;201;216;150;152;212;194;174;173;159;109;137
3702;Institución tecnológica;"Bogotá, d. c.";"Bogotá, D.C.";No oficial;Mujer;MATRICULADOS;35;47;51;48;67;57;68;70;87;100;107;137;140;136;154;159;168;173;179;127;112;127;125;117;280;320;421;429;440;456;400;397;360;329;313;297;257;258;230;205;229;216;199;181;182;163;203;228;266;248;242;259;198;197
3702;Institución tecnológica;"Bogotá, d. c.";"Bogotá, D.C.";No oficial;Hombre;MATRICULADOS;20;34;41;37;47;30;37;38;37;42;51;62;77;74;75;98;110;112;110;88;97;76;69;78;190;231;283;290;320;342;294;274;234;206;219;232;212;197;200;191;153;139;104;90;83;64;60;82;87;57;59;72;56;51
3703;Institución universitaria/Escuela Tecnológica;Antioquia;Medellín;No oficial;Mujer;MATRICULADOS;122;136;254;261;30;13;238;259;248;185;219;186;195;213;308;294;369;343;795;783;817;778;761;694;647;580;697;716;795;762;862;947;1038;1060;1309;1361;1194;1383;1301;1123;1174;1140;1127;1035;962;818;796;756;760;732;693;703;569;658
3703;Institución universitaria/Escuela Tecnológica;Antioquia;Medellín;No oficial;Hombre;MATRICULADOS;43;71;133;136;4;2;132;149;207;171;188;167;165;180;210;238;258;203;326;310;355;324;333;318;291;286;371;338;385;361;427;457;546;587;736;757;719;802;801;706;716;685;689;647;604;518;515;469;439;373;371;361;284;312
3705;Institución universitaria/Escuela Tecnológica;Bolívar;Cartagena de Indias;No oficial;Mujer;MATRICULADOS;49;106;171;170;256;264;324;311;365;316;322;310;265;217;204;160;141;146;680;918;1364;1575;2021;2139;2409;2401;2740;2728;3344;3574;4307;4329;4956;4899;5124;4881;5167;5142;5092;4671;4854;4623;5239;5077;5544;3740;4922;4968;5895;6357;7380;7444;6032;6192
3705;Institución universitaria/Escuela Tecnológica;Bolívar;Cartagena de Indias;No oficial;Sin informaci¿n;MATRICULADOS;1;1;;;;;;;;;;;1;1;1;1;1;;1;1;1;;;;;;;;;;;;;;;;;;;;;;;;;;;;;;;;;
3705;Institución universitaria/Escuela Tecnológica;Bolívar;Cartagena de Indias;No oficial;Hombre;MATRICULADOS;125;261;417;437;639;672;812;723;845;737;788;753;698;572;497;381;330;260;913;1143;1565;1807;2449;2670;3063;3062;3367;3333;4136;4406;5139;4968;5377;5010;5213;4822;5122;4918;4794;4217;3931;3489;3229;2934;2591;1750;1790;1643;1493;1342;1213;1090;793;697
3706;Institución tecnológica;Valle del Cauca;Cali;No oficial;Mujer;MATRICULADOS;;;;;;;;;;;;241;497;669;797;975;1277;1314;1441;1585;1586;1944;1906;1802;1731;1656;1483;1369;1378;1256;1233;1137;1476;1330;1173;1444;1254;1133;1229;1455;1885;1791;2040;2120;2117;1669;1612;1489;1373;1200;1106;1074;858;757
3706;Institución tecnológica;Valle del Cauca;Cali;No oficial;Sin informaci¿n;MATRICULADOS;;;;;;;;;;;;;;;;1;1;1;;;;;1;1;1;1;1;;;;;;;;;;;;;;;;;;;;;;;;;;;
3706;Institución tecnológica;Valle del Cauca;Cali;No oficial;Hombre;MATRICULADOS;;;;;;;;;;;;356;720;900;1034;1176;1495;1451;1592;1686;1627;1954;1887;1745;1747;1665;1580;1423;1357;1286;1112;952;1200;1458;1710;1601;2008;2437;2504;2289;2105;1996;1667;1306;1040;699;601;505;399;315;264;211;154;131
3710;Institución universitaria/Escuela Tecnológica;Bolívar;Cartagena de Indias;No oficial;Mujer;MATRICULADOS;;;;;;50;199;184;297;284;361;346;341;295;363;359;401;347;514;522;743;679;1019;1052;1287;1321;1811;1869;2258;2590;2456;2435;2773;2533;2743;2946;3426;3253;2751;2329;2268;1955;2029;1723;1871;995;1550;1544;2003;2145;2489;2521;1965;1917
3710;Institución universitaria/Escuela Tecnológica;Bolívar;Cartagena de Indias;No oficial;Sin informaci¿n;MATRICULADOS;;;;;;;1;1;1;1;1;;;;;;;;;;;;;;;;;;;;;;;;;;;;;;;;;;;;;;;;;;;
3710;Institución universitaria/Escuela Tecnológica;Bolívar;Cartagena de Indias;No oficial;Hombre;MATRICULADOS;;;;;;67;278;251;488;437;577;578;555;459;505;507;554;474;685;653;926;788;1097;1153;1272;1242;1647;1694;2033;2072;2070;1975;2252;2012;2265;2487;2979;2537;2228;1858;1590;1323;1124;888;701;357;394;413;434;432;395;335;266;228
3712;Institución tecnológica;"Bogotá, d. c.";"Bogotá, D.C.";No oficial;Mujer;MATRICULADOS;;;;;;;;;;;;;;;;;;1;484;618;745;801;969;1043;1187;1122;1172;1209;1236;1137;1142;1253;1264;1078;1030;932;883;694;612;516;589;497;468;327;;;7;4;;;;;;
3712;Institución tecnológica;"Bogotá, d. c.";"Bogotá, D.C.";No oficial;Hombre;MATRICULADOS;;;;;;;;;;;;;;;;;;;559;706;986;1062;1229;1227;1394;1361;1518;1546;1631;1458;1548;1713;1698;1505;1438;1366;1350;1095;925;744;655;530;434;285;;;11;11;;;;;;
3713;Institución universitaria/Escuela Tecnológica;"Bogotá, d. c.";"Bogotá, D.C.";No oficial;Mujer;MATRICULADOS;;;;;;;324;496;767;864;1216;1412;1601;1389;1581;1638;1895;1864;1995;1868;2239;1459;2291;2135;2238;2109;2129;1923;1874;1988;2304;1982;1947;1810;1610;1606;1418;1133;1109;1054;1162;1228;1274;1345;1413;1057;1306;1506;1833;2082;2025;1993;1476;1680
3713;Institución universitaria/Escuela Tecnológica;"Bogotá, d. c.";"Bogotá, D.C.";No oficial;Hombre;MATRICULADOS;;;;;;;308;391;555;661;843;919;1112;1098;1283;1278;1460;1506;1484;1324;1481;884;1340;1257;1284;1196;1222;1109;1094;1139;1284;1119;1125;1124;1238;1224;1271;1094;1034;1009;943;877;887;883;808;575;586;563;520;518;505;456;319;329
3715;Institución tecnológica;Valle del Cauca;Cali;No oficial;Mujer;MATRICULADOS;37;44;26;36;39;58;49;50;26;;;;;;;;;;228;288;244;266;208;217;242;290;427;351;342;385;398;551;657;627;690;808;698;683;528;582;671;599;692;674;738;664;669;577;567;598;1;391;285;
3715;Institución tecnológica;Valle del Cauca;Cali;No oficial;Hombre;MATRICULADOS;77;59;29;27;33;64;51;55;14;;;;;;;;;;190;157;125;80;64;69;66;85;123;126;143;182;183;296;377;461;715;658;819;982;950;803;629;598;504;373;313;261;231;175;133;165;;89;56;
3716;Institución tecnológica;Santander;Bucaramanga;No oficial;Mujer;MATRICULADOS;;;;81;223;243;243;203;192;179;246;279;301;295;278;350;436;405;591;471;615;606;821;1057;1310;1039;1005;693;763;621;505;419;434;406;350;685;476;356;351;175;290;354;373;342;214;182;246;275;249;520;617;409;391;279
3716;Institución tecnológica;Santander;Bucaramanga;No oficial;Sin informaci¿n;MATRICULADOS;;;;;;;;;;;;;;;;;;;;;;;;;1;1;;1;;;;;1;;;;;;;;;;;;;;;;;;;;;
3716;Institución tecnológica;Santander;Bucaramanga;No oficial;Hombre;MATRICULADOS;;;;67;131;148;160;139;138;128;157;198;229;208;187;233;302;267;365;282;362;322;461;579;804;620;577;379;429;392;372;255;355;307;382;394;384;481;393;324;262;216;193;142;100;77;84;83;70;133;134;86;75;50
3718;Institución tecnológica;Norte de Santander;Cúcuta;No oficial;Mujer;MATRICULADOS;;1;51;83;78;81;123;216;217;221;168;136;175;133;163;140;146;108;60;77;122;100;466;575;895;919;658;598;737;705;744;718;759;727;750;732;795;801;840;775;840;787;879;868;1009;724;921;920;1107;1237;1345;1272;935;935
3718;Institución tecnológica;Norte de Santander;Cúcuta;No oficial;Hombre;MATRICULADOS;;1;34;24;50;36;51;118;122;104;83;71;78;59;85;75;61;45;28;30;61;50;203;245;377;385;322;331;417;434;505;520;589;530;612;597;653;630;660;632;606;531;512;456;408;258;249;222;169;199;183;159;109;99
3719;Institución universitaria/Escuela Tecnológica;"Bogotá, d. c.";"Bogotá, D.C.";No oficial;Mujer;MATRICULADOS;405;333;310;273;212;169;134;95;72;52;53;92;104;133;159;163;163;283;379;393;430;435;460;437;453;353;377;367;358;337;352;318;311;298;277;301;276;204;218;209;219;271;287;279;297;256;318;303;324;311;328;280;205;167
3719;Institución universitaria/Escuela Tecnológica;"Bogotá, d. c.";"Bogotá, D.C.";No oficial;Sin informaci¿n;MATRICULADOS;13;7;5;2;2;1;;;1;;1;1;1;1;1;;1;1;;;;;;;;;;;;;;;;;;;;;;;1;1;;;;;;;;;;;;
3719;Institución universitaria/Escuela Tecnológica;"Bogotá, d. c.";"Bogotá, D.C.";No oficial;Hombre;MATRICULADOS;272;243;215;185;137;107;83;70;66;31;64;77;88;126;154;154;155;202;270;298;303;289;327;275;285;223;268;262;250;236;247;218;228;212;229;207;224;219;217;227;211;236;228;232;235;200;200;165;153;127;116;84;46;43
3720;Institución universitaria/Escuela Tecnológica;Antioquia;Medellín;No oficial;Mujer;MATRICULADOS;1471;1459;1528;1406;1319;1195;1114;1020;967;829;850;809;909;881;957;978;1125;1090;1624;1694;1719;1820;2008;1802;1784;1671;1724;1621;1614;1510;1494;1462;1499;1466;1354;1276;1279;1167;1118;1055;1080;1016;1021;994;1031;851;900;886;1009;1001;1008;1044;751;736
3720;Institución universitaria/Escuela Tecnológica;Antioquia;Medellín;No oficial;Hombre;MATRICULADOS;85;130;206;223;258;263;303;300;333;320;323;324;401;396;450;438;525;540;707;701;752;806;859;857;860;850;890;839;890;827;838;798;819;828;825;786;851;791;798;759;706;675;663;654;643;503;476;452;460;446;415;433;297;288
3724;Institución tecnológica;"Bogotá, d. c.";"Bogotá, D.C.";No oficial;Mujer;MATRICULADOS;;;;;;;4;;15;;17;18;10;9;7;8;9;4;3;3;3;3;;;;;;;;;17;16;35;25;39;26;13;28;16;8;19;12;;;;;;;;;;;;
3724;Institución tecnológica;"Bogotá, d. c.";"Bogotá, D.C.";No oficial;Hombre;MATRICULADOS;;;;;;;;;11;;19;26;16;17;17;14;18;8;7;6;6;6;;;;;;;;;8;7;13;15;21;14;14;14;8;7;13;6;;;;;;;;;;;;
3725;Institución tecnológica;"Bogotá, d. c.";"Bogotá, D.C.";No oficial;Mujer;MATRICULADOS;;;;;;;;;;;;;;;;156;91;121;156;131;110;111;104;140;175;169;180;186;138;136;140;123;118;113;132;126;203;144;155;152;169;168;226;213;248;170;219;183;179;140;182;185;147;144
3725;Institución tecnológica;"Bogotá, d. c.";"Bogotá, D.C.";No oficial;Hombre;MATRICULADOS;;;;;;;;;;;;;;;;94;44;64;92;76;84;83;89;72;85;84;176;183;157;159;167;58;65;135;185;175;223;131;141;130;111;102;100;79;66;51;48;33;31;21;12;12;10;7
3801;Institución tecnológica;Valle del Cauca;Cartago;No oficial;Mujer;MATRICULADOS;123;97;77;57;53;18;7;4;20;20;21;26;28;23;62;81;1;66;29;87;9;12;21;56;65;125;163;209;227;271;216;248;258;239;239;213;220;230;236;211;258;257;313;321;321;263;327;327;360;365;400;385;285;272
3801;Institución tecnológica;Valle del Cauca;Cartago;No oficial;Hombre;MATRICULADOS;81;61;44;32;26;12;3;4;18;13;13;20;21;20;52;72;;73;42;85;3;7;10;43;72;108;136;179;213;238;167;184;182;177;178;200;231;255;241;220;206;204;168;166;144;117;109;83;90;73;68;59;44;43
3802;Institución tecnológica;Antioquia;Medellín;No oficial;Mujer;MATRICULADOS;;;;;;;;;;;;;;2;3;;10;25;;;;;;;;;;;;;;;;;;;;;;;;;;;;;;;;;;;;
3802;Institución tecnológica;Antioquia;Medellín;No oficial;Hombre;MATRICULADOS;;;;;;;;;;;;;;7;10;;24;26;;;;;;;;;;;;;;;;;;;;;;;;;;;;;;;;;;;;
3803;Institución universitaria/Escuela Tecnológica;Valle del Cauca;Cali;No oficial;Mujer;MATRICULADOS;;;;;;;;;;;;;;;75;104;106;117;162;238;327;400;404;377;438;432;364;400;452;471;490;467;531;544;552;649;632;552;599;580;549;501;517;469;447;355;383;365;354;320;358;366;305;307
3803;Institución universitaria/Escuela Tecnológica;Valle del Cauca;Cali;No oficial;Hombre;MATRICULADOS;;;;;;;;;;;;;;1;66;119;132;130;134;182;227;253;303;298;308;288;280;258;292;310;359;387;405;479;553;563;650;649;652;584;561;483;482;418;402;297;288;270;210;194;196;189;137;124
3805;Institución tecnológica;Valle del Cauca;Cali;No oficial;Mujer;MATRICULADOS;13;35;45;59;79;98;101;133;133;155;155;154;161;125;136;115;82;69;10;9;15;19;47;33;21;29;14;16;23;29;41;42;39;31;23;19;10;5;;;;;;;;;;;;;;;;
3805;Institución tecnológica;Valle del Cauca;Cali;No oficial;Hombre;MATRICULADOS;;7;9;17;15;21;23;25;20;19;24;26;27;24;32;34;20;14;3;2;3;8;11;8;7;8;4;4;6;8;18;21;25;26;20;15;12;9;;;;;;;;;;;;;;;;
3806;Institución tecnológica;Valle del Cauca;Cali;No oficial;Mujer;MATRICULADOS;;;;;;;;;;;;;;;;;;;57;52;53;82;78;73;64;137;113;145;151;244;311;273;427;396;367;286;230;176;203;159;238;224;249;248;261;161;180;168;152;143;186;178;143;132
3806;Institución tecnológica;Valle del Cauca;Cali;No oficial;Hombre;MATRICULADOS;;;;;;;;;;;;;;;;;;;46;48;66;100;88;91;96;80;97;125;116;221;258;283;389;348;322;236;214;168;173;124;141;116;102;102;85;56;61;39;30;26;20;18;13;16
3807;Institución tecnológica;Antioquia;Medellín;No oficial;Mujer;MATRICULADOS;60;40;49;49;51;30;43;28;30;18;20;14;18;9;5;4;22;26;28;68;29;33;71;78;49;28;17;5;;15;23;20;20;16;24;41;52;64;77;115;173;160;175;178;162;70;40;54;20;6;46;;17;23
3807;Institución tecnológica;Antioquia;Medellín;No oficial;Hombre;MATRICULADOS;25;18;21;17;17;10;19;13;9;6;10;6;11;6;3;2;10;14;22;38;13;21;60;68;38;26;24;18;;9;10;8;10;10;15;24;39;50;58;62;82;75;75;78;74;21;17;22;8;4;33;;16;14
3808;Institución tecnológica;"Bogotá, d. c.";"Bogotá, D.C.";No oficial;Mujer;MATRICULADOS;38;55;67;79;109;117;147;152;175;195;223;210;227;209;218;191;203;192;139;142;169;212;283;267;263;247;257;297;340;314;378;397;397;415;439;390;345;332;268;209;200;149;144;126;117;101;146;131;161;167;179;181;139;132
3808;Institución tecnológica;"Bogotá, d. c.";"Bogotá, D.C.";No oficial;Hombre;MATRICULADOS;21;29;55;63;92;85;92;111;127;138;160;147;161;138;135;120;130;110;73;80;110;133;168;154;173;156;157;177;199;189;227;235;277;285;339;323;291;274;235;179;187;132;122;101;98;89;114;92;97;85;77;62;45;31
3809;Institución tecnológica;Cundinamarca;Fusagasugá;No oficial;Mujer;MATRICULADOS;15;17;17;9;36;40;39;32;14;11;10;1;36;51;57;55;42;52;47;21;3;83;61;69;97;96;123;118;152;115;109;101;64;44;34;20;34;38;39;45;70;79;74;84;104;93;105;98;95;79;83;81;46;43
3809;Institución tecnológica;Cundinamarca;Fusagasugá;No oficial;Hombre;MATRICULADOS;;;;;;;;;;;;;;;14;9;2;4;1;;;2;;2;;;;;;1;1;1;16;13;24;26;21;21;29;38;39;36;25;25;19;20;20;7;4;3;1;1;1;
3810;Institución tecnológica;Santander;Bucaramanga;No oficial;Mujer;MATRICULADOS;98;141;200;213;248;241;306;274;293;268;329;343;372;352;464;394;595;535;494;503;507;443;347;369;380;424;374;326;282;236;232;203;221;205;160;117;111;67;71;57;92;87;145;142;133;;;;;;;;;
3810;Institución tecnológica;Santander;Bucaramanga;No oficial;Hombre;MATRICULADOS;77;101;142;149;145;125;156;134;124;95;132;124;160;145;228;212;341;321;338;318;317;299;265;241;201;200;175;153;134;117;113;85;110;101;107;87;84;53;76;60;57;50;53;58;39;;;;;;;;;
3811;Institución tecnológica;Tolima;Honda;No oficial;Mujer;MATRICULADOS;;;;;;;21;33;54;52;91;101;73;94;118;135;176;162;206;188;228;221;214;194;199;208;174;177;199;183;226;208;186;170;174;177;143;110;184;179;185;199;198;190;169;207;232;197;251;212;;;73;161
3811;Institución tecnológica;Tolima;Honda;No oficial;Hombre;MATRICULADOS;;;;;;;21;33;61;47;68;67;56;81;83;88;101;89;126;99;130;140;175;150;179;196;199;190;195;166;208;207;183;144;153;141;148;122;164;161;117;131;102;94;42;49;41;37;37;32;;;4;14
3812;Institución universitaria/Escuela Tecnológica;Antioquia;Bello;No oficial;Mujer;MATRICULADOS;;;;;103;54;157;157;188;236;285;375;432;385;404;397;404;330;357;379;422;461;594;657;544;335;417;390;510;520;607;598;522;433;349;257;256;234;220;234;292;272;308;317;415;362;530;501;679;731;764;698;572;510
3812;Institución universitaria/Escuela Tecnológica;Antioquia;Bello;No oficial;Sin informaci¿n;MATRICULADOS;;;;;;;;;;;;;;;;;;;;;;;;;;;;;;;;;1;1;;;;;;;;;;;;;;;;;;;;
3812;Institución universitaria/Escuela Tecnológica;Antioquia;Bello;No oficial;Hombre;MATRICULADOS;;;;;52;30;81;81;67;57;96;142;186;157;167;185;203;188;243;230;243;265;325;328;270;184;210;190;203;183;203;215;217;181;216;191;205;188;188;183;188;167;174;173;185;184;226;236;298;308;308;294;236;196
3817;Institución universitaria/Escuela Tecnológica;Nariño;Pasto;No oficial;Mujer;MATRICULADOS;;;45;27;33;46;33;25;29;26;37;29;15;12;20;10;39;99;113;149;172;155;260;191;188;183;186;169;243;290;760;724;1065;1063;1672;1805;1935;1992;2171;2367;2525;2861;3018;3151;3274;2843;2986;2817;2827;2742;2709;2595;2093;1981
3817;Institución universitaria/Escuela Tecnológica;Nariño;Pasto;No oficial;Sin informaci¿n;MATRICULADOS;;;;;;;;;;;;;;;1;;;;1;;;;2;;;;;;;;;;;;;;;;;;;;;;;;;;;;;;;
3817;Institución universitaria/Escuela Tecnológica;Nariño;Pasto;No oficial;Hombre;MATRICULADOS;;;21;39;29;78;41;28;28;22;24;20;11;8;17;11;57;92;105;136;188;222;248;252;226;234;248;259;333;357;637;579;877;836;1234;1387;1478;1441;1656;1806;1705;1789;1713;1771;1621;1336;1313;1120;958;839;676;596;459;378
3819;Institución tecnológica;"Bogotá, d. c.";"Bogotá, D.C.";No oficial;Mujer;MATRICULADOS;25;51;50;66;65;63;70;49;55;32;49;46;47;46;37;36;10;24;24;35;66;59;69;62;52;66;107;115;154;138;206;185;282;133;273;256;275;250;332;338;440;413;516;512;587;410;532;529;647;640;756;795;316;433
3819;Institución tecnológica;"Bogotá, d. c.";"Bogotá, D.C.";No oficial;Hombre;MATRICULADOS;56;134;170;187;189;222;266;244;292;222;337;306;275;239;192;180;38;174;169;206;266;291;310;268;242;269;362;381;447;363;453;465;580;272;386;361;454;421;434;462;467;417;381;363;320;270;282;253;239;213;202;169;87;89
3820;Institución tecnológica;Antioquia;Medellín;No oficial;Mujer;MATRICULADOS;;;;;126;164;188;159;183;189;169;149;154;131;141;131;143;119;97;80;55;23;8;6;6;4;9;6;12;14;11;36;59;55;68;81;92;87;105;106;84;63;92;92;96;73;94;104;157;141;145;132;108;96
3820;Institución tecnológica;Antioquia;Medellín;No oficial;Hombre;MATRICULADOS;;;;;342;384;455;433;514;487;455;411;403;378;379;352;367;315;290;266;259;197;169;163;192;173;195;167;191;181;169;137;107;96;89;74;96;85;94;89;59;48;52;46;36;19;27;26;29;20;18;20;15;20
3821;Institución universitaria/Escuela Tecnológica;Atlántico;Barranquilla;No oficial;Mujer;MATRICULADOS;127;1;5;1;158;56;166;99;4;67;106;76;29;38;161;108;131;70;110;292;347;318;343;310;326;393;616;619;726;738;844;860;905;941;1084;1125;1133;1127;1128;1112;1139;1156;1313;1280;1377;1062;1335;1353;1525;1642;1759;1723;1270;1291
3821;Institución universitaria/Escuela Tecnológica;Atlántico;Barranquilla;No oficial;Hombre;MATRICULADOS;229;1;3;1;232;89;284;136;5;186;236;148;42;48;205;125;186;77;157;372;392;326;382;357;410;386;720;726;839;813;925;941;858;846;960;1056;1119;1144;1151;1120;1093;1107;1130;1082;1117;896;933;861;822;827;811;765;557;500
3822;Institución tecnológica;"Bogotá, d. c.";"Bogotá, D.C.";No oficial;Mujer;MATRICULADOS;15;22;23;20;21;17;17;21;20;29;29;34;31;41;40;40;32;33;22;24;24;24;24;16;16;9;7;;;;;;;;;;;;;9;12;11;5;10;27;33;24;36;12;;;;;
3822;Institución tecnológica;"Bogotá, d. c.";"Bogotá, D.C.";No oficial;Hombre;MATRICULADOS;23;22;22;18;18;23;24;21;20;18;17;29;29;39;38;43;34;43;37;33;29;23;22;11;10;5;4;;;;;;;;;;;;;4;3;10;18;7;17;15;10;5;2;;;;;
3823;Institución tecnológica;"Bogotá, d. c.";"Bogotá, D.C.";No oficial;Mujer;MATRICULADOS;;;;;;;;;;;;;;;;;;;18;;24;56;141;191;161;113;258;143;255;;;;;;;;40;;;;;;;;;;;;;;;;;
3823;Institución tecnológica;"Bogotá, d. c.";"Bogotá, D.C.";No oficial;Hombre;MATRICULADOS;;;;;;;;;;;;;;;;;;;11;;16;16;59;68;75;48;115;76;116;;;;;;;;32;;;;;;;;;;;;;;;;;
3824;Institución tecnológica;"Bogotá, d. c.";"Bogotá, D.C.";No oficial;Mujer;MATRICULADOS;101;128;124;139;119;123;101;88;54;55;45;64;71;82;101;90;118;120;144;157;146;162;165;162;170;182;175;234;289;246;279;297;327;324;323;268;206;157;77;50;;;;;;;;;;;;;;
3824;Institución tecnológica;"Bogotá, d. c.";"Bogotá, D.C.";No oficial;Hombre;MATRICULADOS;121;132;124;114;100;91;72;75;59;54;48;60;69;63;85;78;89;88;111;128;131;144;148;159;161;151;160;191;218;181;195;197;230;239;236;194;150;117;74;42;;;;;;;;;;;;;;
3826;Institución tecnológica;"Bogotá, d. c.";"Bogotá, D.C.";No oficial;Mujer;MATRICULADOS;97;190;219;247;309;326;339;173;194;188;162;148;125;319;323;573;692;829;1253;1523;1368;1228;958;1115;1056;908;1684;1757;1326;1180;1061;998;680;532;463;473;396;321;304;223;268;225;288;272;378;388;619;685;814;692;927;869;685;654
3826;Institución tecnológica;"Bogotá, d. c.";"Bogotá, D.C.";No oficial;Hombre;MATRICULADOS;44;84;116;134;178;206;215;130;124;120;137;110;109;106;154;138;162;193;402;358;344;291;334;427;508;449;853;1020;876;754;729;609;558;461;481;431;434;380;329;234;212;174;124;129;176;230;317;363;284;255;211;229;148;183
3827;Institución tecnológica;"Bogotá, d. c.";"Bogotá, D.C.";No oficial;Mujer;MATRICULADOS;73;42;145;34;112;119;27;47;33;24;38;43;27;16;14;9;12;14;13;9;14;14;26;6;1;;;;20;22;32;19;23;17;38;46;43;54;19;49;48;60;58;59;59;58;;;;143;;;;
3827;Institución tecnológica;"Bogotá, d. c.";"Bogotá, D.C.";No oficial;Hombre;MATRICULADOS;55;31;118;40;121;93;30;50;36;32;42;45;40;33;26;12;12;27;9;12;18;21;28;7;5;;;;29;31;45;29;30;19;28;37;55;72;12;49;45;40;28;32;32;32;;;;30;;;;
3828;Institución tecnológica;"Bogotá, d. c.";"Bogotá, D.C.";No oficial;Mujer;MATRICULADOS;;;;;;;;;;;;;;;;;;;;7;15;23;45;46;52;50;28;22;20;26;;;;12;43;42;38;45;104;93;68;42;29;21;12;2;15;5;45;13;;;;
3828;Institución tecnológica;"Bogotá, d. c.";"Bogotá, D.C.";No oficial;Hombre;MATRICULADOS;;;;;;;;;;;;;;;;;;;;9;12;9;30;41;33;30;19;8;7;45;;;;4;60;59;39;66;70;71;55;28;24;21;3;;4;;8;2;;;;
3829;Institución tecnológica;"Bogotá, d. c.";"Bogotá, D.C.";No oficial;Mujer;MATRICULADOS;5;;1;;1;;;3;4;4;9;10;5;1;7;3;8;4;102;117;129;101;107;121;115;100;98;72;26;17;2;;;;;;;;;;;;;;;;;;;;;;;
3829;Institución tecnológica;"Bogotá, d. c.";"Bogotá, D.C.";No oficial;Hombre;MATRICULADOS;3;;;1;3;4;2;2;9;3;17;10;10;14;8;7;11;16;151;153;164;128;145;169;154;109;95;72;38;21;2;2;2;2;;;;;;;;;;;;;;;;;;;;
3830;Institución tecnológica;"Bogotá, d. c.";"Bogotá, D.C.";No oficial;Mujer;MATRICULADOS;;;;;;;;;;;;;;;;;;;146;263;549;893;2059;2474;2973;2717;1403;1390;1738;1250;315;621;525;357;320;334;289;151;370;570;411;379;195;16;16;;76;55;409;592;643;132;3;234
3830;Institución tecnológica;"Bogotá, d. c.";"Bogotá, D.C.";No oficial;Hombre;MATRICULADOS;;;;;;;;;;;;;;;;;;;147;253;537;867;1816;2106;2562;2372;1298;1251;1201;836;233;435;367;269;228;306;235;152;324;385;261;231;125;27;27;;18;13;141;268;223;47;1;91
3831;Institución universitaria/Escuela Tecnológica;Cauca;Popayán;No oficial;Mujer;MATRICULADOS;;;;;;;;;45;86;111;176;248;290;369;264;232;199;199;291;393;351;390;770;1512;672;983;819;942;933;894;952;1168;1233;1408;1452;1479;1377;1258;1315;1447;1387;1558;1593;1840;1534;1796;1835;2108;2281;2541;2608;2355;2481
3831;Institución universitaria/Escuela Tecnológica;Cauca;Popayán;No oficial;Hombre;MATRICULADOS;;;;;;;;;5;6;8;32;31;37;52;136;222;252;494;464;409;568;891;818;889;889;1058;1007;1010;970;967;974;1199;1243;1456;1387;1410;1316;1212;1199;1085;1047;924;901;842;660;626;601;565;549;514;476;435;427
3833;Institución tecnológica;Antioquia;Copacabana;No oficial;Mujer;MATRICULADOS;;;;;;;;;;;4;6;11;12;20;20;33;32;54;54;43;43;23;;6;5;;;;;;;;;;;;;;;;;;;;;;;;;;;;
3833;Institución tecnológica;Antioquia;Copacabana;No oficial;Hombre;MATRICULADOS;;;;;;;;;;;5;7;13;13;20;20;18;17;23;22;15;15;11;;5;3;;;;;;;;;;;;;;;;;;;;;;;;;;;;
3834;Institución tecnológica;Antioquia;Santa Fé de Antioquia;No oficial;Mujer;MATRICULADOS;;;;;;;;;;;;;;;27;42;43;46;73;64;73;104;133;110;98;95;74;77;36;36;36;32;27;33;29;55;84;36;61;58;95;73;51;67;59;63;32;30;53;31;39;;27;
3834;Institución tecnológica;Antioquia;Santa Fé de Antioquia;No oficial;Hombre;MATRICULADOS;;;;;;;;;;;;;;;16;20;41;41;68;64;82;95;100;91;87;86;70;83;42;42;42;47;35;41;28;65;92;51;75;66;82;50;34;29;22;23;11;9;9;3;4;;2;
3901;Institución tecnológica;Sucre;Coveñas;Oficial;Mujer;MATRICULADOS;;;;;;;;;;;;;;;;;13;24;24;25;16;9;6;5;;5;15;2;9;4;6;13;23;47;65;57;74;106;92;140;167;233;271;312;323;286;284;255;274;304;301;277;200;253
3901;Institución tecnológica;Sucre;Coveñas;Oficial;Hombre;MATRICULADOS;;;;;;;;;;;;;;;;;81;165;171;178;196;210;203;105;13;98;133;116;91;214;257;228;144;144;114;95;100;140;115;122;101;94;79;64;82;58;25;23;17;8;6;6;3;9
3902;Institución tecnológica;Cundinamarca;Nilo;Oficial;Mujer;MATRICULADOS;;;;;;;;;;;;;;;;;;;180;332;460;599;603;560;475;389;261;238;233;202;165;146;342;565;918;1243;1224;1206;1293;1367;1605;1796;1986;2196;1693;1866;1955;2003;2473;2129;1884;1691;1190;1062
3902;Institución tecnológica;Cundinamarca;Nilo;Oficial;Hombre;MATRICULADOS;;;;;;;;;;;;;;;;;;;800;1624;2486;3340;3305;3326;2886;2537;2264;2000;2433;2434;2437;2334;1681;1627;1476;1369;1385;1267;1196;1140;925;788;719;632;450;332;290;183;198;120;82;49;22;18
4101;Institución técnica profesional;Valle del Cauca;Roldanillo;Oficial;Mujer;MATRICULADOS;101;252;324;424;442;475;437;445;465;479;416;390;359;338;363;340;477;526;646;715;744;825;800;621;708;579;463;417;446;376;499;462;480;481;598;801;883;899;1029;1039;1562;1552;1842;1815;1635;1755;2637;2428;3006;2688;3270;3252;2022;2408
4101;Institución técnica profesional;Valle del Cauca;Roldanillo;Oficial;Hombre;MATRICULADOS;69;170;204;252;290;283;286;287;263;291;245;250;233;211;225;232;371;385;384;506;545;486;500;419;455;381;424;349;453;383;429;421;440;419;521;630;765;735;831;794;713;715;730;723;605;649;705;675;681;627;625;630;383;425
4102;Institución técnica profesional;La Guajira;San Juan del Cesar;Oficial;Mujer;MATRICULADOS;;;;;;;;;;;;;;;59;98;154;166;248;272;283;253;209;227;314;313;264;268;328;399;369;317;65;342;301;186;171;110;152;151;184;230;336;400;596;501;812;771;770;737;694;701;492;747
4102;Institución técnica profesional;La Guajira;San Juan del Cesar;Oficial;Hombre;MATRICULADOS;;;;;;;;;;;;;;;65;101;184;202;264;286;313;300;287;309;391;350;350;354;393;457;447;341;12;350;250;183;178;92;107;98;99;111;88;100;105;106;127;119;95;66;54;64;37;52
4106;Institución técnica profesional;Archipiélago de San Andrés y Providencia;San Andrés;Oficial;Mujer;MATRICULADOS;97;83;109;105;155;101;125;96;128;69;150;76;87;34;49;14;48;26;117;140;219;151;161;106;158;298;100;55;115;141;193;142;112;56;43;28;15;22;40;38;49;48;78;100;157;166;729;468;349;284;181;210;140;144
4106;Institución técnica profesional;Archipiélago de San Andrés y Providencia;San Andrés;Oficial;Hombre;MATRICULADOS;27;31;49;43;74;45;76;47;63;23;58;33;37;13;23;3;23;11;66;62;97;80;92;70;79;49;56;39;57;42;37;53;41;19;16;13;8;12;30;28;22;21;28;32;39;71;163;105;75;55;39;43;33;32
4107;Institución técnica profesional;Valle del Cauca;Guadalajara de Buga;Oficial;Mujer;MATRICULADOS;;;;;;;;;3;4;4;1;2;91;2;53;2;95;113;52;11;95;63;59;92;74;153;112;174;174;257;203;152;42;96;89;156;144;294;176;326;390;862;725;419;443;443;418;438;804;944;1038;576;1018
4107;Institución técnica profesional;Valle del Cauca;Guadalajara de Buga;Oficial;Sin informaci¿n;MATRICULADOS;;;;;;;;;;;;;;;;;;;;;;;;1;1;;;;;;1;;;;;;;;;;;;;;;;;;;;;;;
4107;Institución técnica profesional;Valle del Cauca;Guadalajara de Buga;Oficial;Hombre;MATRICULADOS;;;;;;;;;;;;;;;;;;;36;17;3;93;66;93;119;108;129;83;126;138;195;169;111;60;102;90;89;153;298;148;161;134;140;138;172;174;151;143;109;112;118;123;81;147
4108;Institución universitaria/Escuela Tecnológica;"Bogotá, d. c.";"Bogotá, D.C.";Oficial;Mujer;MATRICULADOS;12;10;22;28;32;34;27;77;49;109;128;122;146;146;164;35;61;69;267;326;358;136;107;505;452;495;367;434;563;611;629;555;533;552;565;613;635;624;664;725;749;781;845;983;1232;1263;1424;1641;1826;2032;2263;2308;1960;2219
4108;Institución universitaria/Escuela Tecnológica;"Bogotá, d. c.";"Bogotá, D.C.";Oficial;Sin informaci¿n;MATRICULADOS;;;;;;;;;;;;;;1;;;;;;;;;;;;;;;;;;;;;;;;;;;;;;;;;;;;;;;;
4108;Institución universitaria/Escuela Tecnológica;"Bogotá, d. c.";"Bogotá, D.C.";Oficial;Hombre;MATRICULADOS;122;157;317;320;468;243;267;712;326;906;995;1030;1083;1103;1122;225;362;257;1147;1134;1176;444;421;1589;1424;1500;1174;1346;1927;2106;2201;1886;1778;1676;1554;1487;1599;1625;1608;1563;1526;1375;1387;1390;1394;1415;1372;1376;1300;1228;1160;1011;787;811
4109;Institución técnica profesional;Valle del Cauca;Cali;Oficial;Mujer;MATRICULADOS;;;;;;;;;;;;;;;;;;;297;236;349;350;528;782;915;705;864;725;884;1143;1053;1086;1231;806;929;599;551;279;265;359;382;438;688;634;695;679;894;1456;1438;1394;1485;1522;985;1023
4109;Institución técnica profesional;Valle del Cauca;Cali;Oficial;Sin informaci¿n;MATRICULADOS;;;;;;;;;;;;;;;;;;;;;;1;2;1;12;11;15;12;10;9;;;;;;;;;;;;;;;;;;;;;;;;
4109;Institución técnica profesional;Valle del Cauca;Cali;Oficial;Hombre;MATRICULADOS;;;;;;;;;;;;;;;;;;;129;125;186;167;281;348;446;335;424;379;460;557;438;494;703;491;636;453;609;451;444;480;350;291;291;240;218;190;204;345;321;279;234;196;112;109
4110;Institución técnica profesional;Tolima;Espinal;Oficial;Mujer;MATRICULADOS;175;197;261;240;367;358;356;316;410;378;437;404;424;310;311;221;279;237;331;286;347;300;611;537;812;996;1125;1021;1270;1080;874;973;949;866;1173;1180;1426;1368;1521;1493;1786;1820;2190;2344;2738;2601;2925;3027;3325;3438;3763;3806;2607;2644
4110;Institución técnica profesional;Tolima;Espinal;Oficial;Sin informaci¿n;MATRICULADOS;9;8;7;7;8;9;6;6;5;4;3;2;2;1;2;1;;3;4;3;4;5;2;1;1;;;;;1;2;1;;;;;5;7;5;4;4;4;4;3;1;1;1;1;;;;;;
4110;Institución técnica profesional;Tolima;Espinal;Oficial;Hombre;MATRICULADOS;142;115;195;184;299;284;302;261;312;259;320;257;256;180;223;164;230;229;273;246;311;235;451;378;545;632;831;756;924;817;773;804;818;803;1079;1090;1444;1446;1586;1587;1532;1444;1367;1357;1253;1155;1088;1012;855;743;678;586;411;376
4111;Institución universitaria/Escuela Tecnológica;Magdalena;Ciénaga;Oficial;Mujer;MATRICULADOS;25;26;43;49;81;31;48;43;57;33;28;75;78;65;124;119;189;172;268;262;267;234;247;252;284;284;384;385;389;390;433;416;413;384;391;373;384;438;383;307;376;420;526;523;894;867;1639;2006;2472;2351;2560;2607;1618;2323
4111;Institución universitaria/Escuela Tecnológica;Magdalena;Ciénaga;Oficial;Sin informaci¿n;MATRICULADOS;;1;;;;;;;;;;1;;;;;;;;;;;;;;;;;;;;;;;;;;;;;;;;;;;;;;;;;;
4111;Institución universitaria/Escuela Tecnológica;Magdalena;Ciénaga;Oficial;Hombre;MATRICULADOS;17;5;21;22;30;23;31;34;24;22;20;46;38;35;55;64;73;66;100;102;92;79;87;66;86;113;179;161;184;166;168;161;240;234;305;303;332;298;276;226;166;185;143;111;122;120;149;192;194;174;156;184;112;206
4112;Institución técnica profesional;Caldas;Pensilvania;Oficial;Mujer;MATRICULADOS;153;113;117;101;114;75;83;101;97;69;135;72;120;126;176;153;265;166;159;120;206;197;257;245;201;189;182;138;152;114;120;107;111;91;107;111;229;204;237;218;184;215;260;228;436;489;586;554;628;657;513;660;324;363
4112;Institución técnica profesional;Caldas;Pensilvania;Oficial;Sin informaci¿n;MATRICULADOS;2;3;3;3;3;2;2;;;;;;1;;;;1;1;1;1;;;;;;;;;;;;;;;;;;;;;;;;;;;;;;;;;;
4112;Institución técnica profesional;Caldas;Pensilvania;Oficial;Hombre;MATRICULADOS;53;71;51;55;75;38;45;41;51;40;58;41;67;47;76;69;121;89;91;74;94;80;91;91;79;85;106;83;94;69;75;66;60;43;72;59;126;110;159;130;87;105;73;67;57;51;44;36;25;24;14;19;9;10
4701;Institución técnica profesional;Valle del Cauca;Cali;No oficial;Mujer;MATRICULADOS;246;171;192;215;232;276;295;294;323;381;436;499;596;637;694;732;777;814;840;932;977;944;998;1024;1009;1027;1029;1033;1164;1162;1233;1284;1245;1222;1138;1113;1086;1100;1070;1026;1133;1201;1292;1326;1372;965;1215;1176;1237;1271;1315;1311;1007;1011
4701;Institución técnica profesional;Valle del Cauca;Cali;No oficial;Sin informaci¿n;MATRICULADOS;;;;;;;;;;;;;;;;;;;;;;1;;;;;1;1;1;;1;;;;1;;;;;;;;;;;;;;;;;;;
4701;Institución técnica profesional;Valle del Cauca;Cali;No oficial;Hombre;MATRICULADOS;235;181;223;230;260;298;297;332;362;455;536;637;703;782;835;913;930;954;1012;1124;1173;1123;1119;1111;1110;1148;1162;1189;1272;1241;1248;1233;1205;1178;1082;1063;1068;1064;1030;936;880;779;691;592;475;255;286;224;202;219;171;166;125;119
4702;Institución tecnológica;"Bogotá, d. c.";"Bogotá, D.C.";No oficial;Mujer;MATRICULADOS;;;;;;;;;;;;;;;3;;;;556;1;556;592;817;621;2;2;325;213;178;108;208;85;531;453;424;369;915;664;702;1157;1646;1350;1192;1076;1017;1025;1165;2303;3132;3440;3196;5775;1;3016
4702;Institución tecnológica;"Bogotá, d. c.";"Bogotá, D.C.";No oficial;Hombre;MATRICULADOS;;;;;;;;;;;;;;;;;;;550;;466;458;721;580;;;318;207;171;106;263;92;469;372;328;266;727;543;594;590;791;705;710;629;571;816;820;1656;2617;2996;2614;4359;;2109
4704;Institución técnica profesional;"Bogotá, d. c.";"Bogotá, D.C.";No oficial;Mujer;MATRICULADOS;;;;;1;;;5;;1;1;;;5;2;14;1;4;;73;2;13;1;5;;73;;;;;;;;;;;;7;;;;;;;;;;;;;;;;
4704;Institución técnica profesional;"Bogotá, d. c.";"Bogotá, D.C.";No oficial;Sin informaci¿n;MATRICULADOS;;;;;;;;;;;;;;;;1;;;;;;1;;;;;;;;;;;;;;;;;;;;;;;;;;;;;;;;
4704;Institución técnica profesional;"Bogotá, d. c.";"Bogotá, D.C.";No oficial;Hombre;MATRICULADOS;;;;;;1;;2;1;1;;1;;2;2;12;2;11;;33;1;11;2;11;;33;;;;;;;;;;;;16;;;;;;;;;;;;;;;;
4705;Institución técnica profesional;Cesar;Valledupar;No oficial;Mujer;MATRICULADOS;81;148;279;320;375;428;398;327;299;215;132;205;59;78;70;78;133;185;244;214;226;238;294;71;417;125;197;76;83;58;33;22;58;27;49;;;;;;;;;;;;;;;;;;;
4705;Institución técnica profesional;Cesar;Valledupar;No oficial;Hombre;MATRICULADOS;15;25;45;49;52;43;37;17;18;12;9;65;7;23;20;29;52;68;73;74;99;77;100;30;77;41;105;36;46;31;35;19;22;11;31;;;;;;;;;;;;;;;;;;;
4708;Institución técnica profesional;"Bogotá, d. c.";"Bogotá, D.C.";No oficial;Mujer;MATRICULADOS;256;212;237;178;157;135;146;131;136;120;120;110;120;117;113;119;142;131;39;53;77;94;113;95;135;115;127;91;106;110;;;52;44;32;33;48;;37;37;42;41;;;;;;;;;;;;
4708;Institución técnica profesional;"Bogotá, d. c.";"Bogotá, D.C.";No oficial;Sin informaci¿n;MATRICULADOS;;;;;3;3;;3;3;3;3;;;;;;;;;;;;;;;;;;;;;;;;;;;;;;;;;;;;;;;;;;;
4708;Institución técnica profesional;"Bogotá, d. c.";"Bogotá, D.C.";No oficial;Hombre;MATRICULADOS;55;41;37;33;26;28;33;23;22;31;34;33;30;34;36;49;60;58;11;22;19;23;25;23;26;23;24;18;19;22;;;14;18;25;26;33;;47;46;39;36;;;;;;;;;;;;
4709;Institución universitaria/Escuela Tecnológica;Quindío;Armenia;No oficial;Mujer;MATRICULADOS;481;605;609;650;705;672;682;569;530;448;410;376;372;317;346;326;391;367;381;484;585;606;700;655;693;683;734;750;756;700;686;698;734;728;879;704;770;736;835;741;848;761;834;751;847;728;808;750;826;789;898;837;660;631
4709;Institución universitaria/Escuela Tecnológica;Quindío;Armenia;No oficial;Hombre;MATRICULADOS;304;412;484;512;586;585;601;546;505;445;418;382;385;317;336;317;365;294;337;417;556;597;659;680;766;774;865;834;856;806;845;793;826;761;852;764;867;843;849;741;683;597;518;440;409;331;259;207;177;133;120;110;77;70
4710;Institución técnica profesional;"Bogotá, d. c.";"Bogotá, D.C.";No oficial;Mujer;MATRICULADOS;;;;;;;;;;;;;;;;;;;;;;;;;;;;;;;;;;;;38;42;7;4;2;2;2;2;2;;;1;1;671;790;1321;2020;1763;1401
4710;Institución técnica profesional;"Bogotá, d. c.";"Bogotá, D.C.";No oficial;Hombre;MATRICULADOS;;;;;;;;;;;;;;;;;;;;;;;;;;;;;;;;;;;;31;49;3;1;;;;;;;;1;1;11;29;104;115;96;110
4714;Institución técnica profesional;"Bogotá, d. c.";"Bogotá, D.C.";No oficial;Mujer;MATRICULADOS;3;6;29;22;26;18;23;21;23;20;23;21;27;23;29;34;37;33;37;38;39;44;42;40;37;36;38;39;38;38;2;2;17;11;40;50;48;48;59;56;54;39;41;49;55;28;57;68;98;108;148;164;82;87
4714;Institución técnica profesional;"Bogotá, d. c.";"Bogotá, D.C.";No oficial;Hombre;MATRICULADOS;106;124;263;198;284;231;302;268;307;302;344;351;400;593;628;337;380;362;404;402;440;444;454;439;407;400;373;353;358;364;17;6;29;24;53;53;71;73;64;65;56;48;31;24;24;12;21;22;25;27;29;32;12;17
4719;Institución técnica profesional;"Bogotá, d. c.";"Bogotá, D.C.";No oficial;Mujer;MATRICULADOS;;;;;;;;;;;;;3;8;16;13;19;27;109;122;158;190;206;141;262;219;410;447;374;84;126;65;90;49;136;85;78;85;208;180;220;227;228;226;194;141;97;94;113;119;375;305;79;326
4719;Institución técnica profesional;"Bogotá, d. c.";"Bogotá, D.C.";No oficial;Hombre;MATRICULADOS;;;;;;;;;;;;;1;2;5;10;27;31;96;100;133;124;156;113;165;150;346;301;223;57;93;39;67;38;176;70;117;168;157;180;123;114;90;95;65;52;37;29;29;25;84;79;9;77
4721;Institución universitaria/Escuela Tecnológica;"Bogotá, d. c.";"Bogotá, D.C.";No oficial;Mujer;MATRICULADOS;10;2;18;7;8;12;27;13;21;17;34;37;30;80;121;67;127;148;250;247;302;308;573;570;571;357;401;362;272;384;550;512;543;573;525;589;540;438;417;456;474;492;514;402;572;527;650;490;630;508;427;296;195;161
4721;Institución universitaria/Escuela Tecnológica;"Bogotá, d. c.";"Bogotá, D.C.";No oficial;Hombre;MATRICULADOS;8;7;10;13;13;6;20;17;15;6;32;36;43;64;110;88;161;141;259;217;301;319;508;486;578;408;402;362;246;374;514;502;519;764;647;693;541;411;364;363;318;319;325;252;360;313;342;243;275;226;179;118;79;62
4726;Institución universitaria/Escuela Tecnológica;"Bogotá, d. c.";"Bogotá, D.C.";No oficial;Mujer;MATRICULADOS;15;10;1;7;16;26;86;132;194;170;279;379;573;599;770;737;958;896;1022;912;948;904;1020;1011;1059;927;971;922;1150;1161;1392;1418;1281;1282;1356;1744;1894;1658;2157;2208;2560;2665;2687;3035;3222;2612;2977;3019;3512;3730;4078;4089;2802;2875
4726;Institución universitaria/Escuela Tecnológica;"Bogotá, d. c.";"Bogotá, D.C.";No oficial;Sin informaci¿n;MATRICULADOS;;;;;;;;;;;;1;2;;;1;2;;;;;;;;;;;;;;;;;;;;;;;;;;;;;;;;;;;;;
4726;Institución universitaria/Escuela Tecnológica;"Bogotá, d. c.";"Bogotá, D.C.";No oficial;Hombre;MATRICULADOS;14;11;8;12;14;20;54;94;152;144;232;295;437;452;620;604;831;806;926;916;1003;932;997;1014;1039;932;1019;988;1292;1380;1602;1606;1358;1315;1586;1771;2332;2476;2308;2081;1939;1877;1753;1885;1813;1539;1522;1421;1466;1427;1193;1095;683;615
4727;Institución tecnológica;"Bogotá, d. c.";"Bogotá, D.C.";No oficial;Mujer;MATRICULADOS;;;;;;;;;;;;;44;45;137;505;684;671;1027;1070;1364;1347;1636;1532;2017;2013;2730;2774;3385;2835;3628;3462;4068;3352;4058;3409;4202;3709;4140;4301;4426;3793;4551;3949;3802;2289;4083;3610;4589;3810;4607;4107;2315;3477
4727;Institución tecnológica;"Bogotá, d. c.";"Bogotá, D.C.";No oficial;Sin informaci¿n;MATRICULADOS;;;;;;;;;;;;;;;;;;;;;;;;;;;;;;;;;;;;8;14;5;1;1;1;;;;;;1;;;;;;;
4727;Institución tecnológica;"Bogotá, d. c.";"Bogotá, D.C.";No oficial;Hombre;MATRICULADOS;;;;;;;;;;;;;9;13;67;163;217;209;489;607;817;786;1032;1001;1265;1304;1744;1769;2005;1799;2482;2441;3425;2945;3861;3451;4082;3353;3579;3618;2713;2238;1978;1521;1148;744;1217;1039;1144;979;1132;1068;579;846
4801;Institución tecnológica;Antioquia;Medellín;No oficial;Mujer;MATRICULADOS;252;221;231;187;176;144;178;162;180;140;177;174;195;199;220;201;227;207;187;165;222;226;316;284;314;270;270;252;235;227;239;230;225;195;164;148;144;139;130;133;156;182;173;185;210;180;208;198;215;189;201;174;130;116
4801;Institución tecnológica;Antioquia;Medellín;No oficial;Hombre;MATRICULADOS;109;115;128;104;115;101;105;93;87;60;61;59;64;47;55;64;70;67;81;72;80;82;172;156;175;164;153;146;136;148;133;132;140;124;124;122;104;110;111;102;97;103;99;89;78;59;56;54;45;35;29;27;20;16
4803;Institución técnica profesional;"Bogotá, d. c.";"Bogotá, D.C.";No oficial;Mujer;MATRICULADOS;88;107;452;73;149;77;199;276;396;380;266;173;91;111;166;140;337;265;379;327;432;305;301;240;186;154;179;120;111;123;194;157;145;125;117;79;36;16;15;6;13;18;25;18;13;18;10;33;15;55;46;50;19;72
4803;Institución técnica profesional;"Bogotá, d. c.";"Bogotá, D.C.";No oficial;Sin informaci¿n;MATRICULADOS;2;1;1;;1;;;;;;;;;;;;;;;;;;;;;;;;;;;;;;;;;;;;;;;;;;;;;;;;;
4803;Institución técnica profesional;"Bogotá, d. c.";"Bogotá, D.C.";No oficial;Hombre;MATRICULADOS;47;64;337;58;165;50;101;151;236;237;149;105;56;95;136;120;209;135;212;157;223;173;150;131;105;93;86;59;46;50;92;84;82;78;74;52;33;19;20;5;7;7;8;4;6;9;6;11;4;13;13;14;7;9
4805;Institución técnica profesional;"Bogotá, d. c.";"Bogotá, D.C.";No oficial;Mujer;MATRICULADOS;;;;;;;;;;;;;;;;;;;27;32;25;21;15;12;;;;;;;12;19;24;31;31;36;51;46;;;;;;;;;;;;;;;;
4805;Institución técnica profesional;"Bogotá, d. c.";"Bogotá, D.C.";No oficial;Hombre;MATRICULADOS;;;;;;;;;;;;;;;;;;;28;44;35;32;19;6;;;;;;;1;2;11;17;17;22;30;27;;;;;;;;;;;;;;;;
4806;Institución técnica profesional;"Bogotá, d. c.";"Bogotá, D.C.";No oficial;Mujer;MATRICULADOS;17;16;1;;22;22;1;11;;2;15;19;13;16;11;14;24;21;101;5;60;2;86;61;21;7;86;85;84;69;63;70;88;86;78;70;64;48;42;34;19;11;5;12;18;18;22;30;43;64;68;54;43;22
4806;Institución técnica profesional;"Bogotá, d. c.";"Bogotá, D.C.";No oficial;Hombre;MATRICULADOS;21;25;;2;26;28;1;16;1;2;13;16;14;27;14;13;17;15;107;17;57;10;105;86;5;9;66;69;64;66;57;64;82;65;58;55;44;37;26;21;16;7;5;4;7;1;3;4;4;4;4;6;5;3
4808;Institución técnica profesional;Valle del Cauca;Cali;No oficial;Mujer;MATRICULADOS;;;;;;;;;;;;;;;;;;;20;22;10;13;19;28;33;66;114;158;186;193;159;102;21;22;38;62;94;103;115;;15;3;277;305;200;46;12;40;93;150;85;142;73;180
4808;Institución técnica profesional;Valle del Cauca;Cali;No oficial;Hombre;MATRICULADOS;;;;;;;;;;;;;;;;;;;11;15;10;10;13;14;25;17;16;37;76;80;63;54;21;12;36;52;88;83;103;;5;3;103;99;41;13;1;7;12;20;8;14;6;14
4810;Institución universitaria/Escuela Tecnológica;"Bogotá, d. c.";"Bogotá, D.C.";No oficial;Mujer;MATRICULADOS;137;98;133;165;191;206;156;145;172;170;153;147;114;106;92;90;89;83;66;71;81;63;78;68;88;112;104;114;132;119;120;112;189;190;287;369;439;493;577;621;728;782;853;819;884;672;677;654;621;618;577;550;465;667
4810;Institución universitaria/Escuela Tecnológica;"Bogotá, d. c.";"Bogotá, D.C.";No oficial;Hombre;MATRICULADOS;134;12;189;192;268;295;285;318;356;333;293;281;203;194;159;158;144;117;123;142;145;154;194;151;190;241;240;249;263;325;331;333;435;403;476;515;607;625;633;687;629;594;559;508;465;350;316;272;216;186;135;124;123;170
4811;Institución técnica profesional;Valle del Cauca;Cali;No oficial;Mujer;MATRICULADOS;;;;;;;;;;;;;;;;;;;;;;;;;;;2;2;8;7;;5;6;5;6;5;11;14;31;57;83;106;173;207;219;111;122;96;42;;68;71;49;68
4811;Institución técnica profesional;Valle del Cauca;Cali;No oficial;Hombre;MATRICULADOS;;;;;;;;;;;;;;;;;;;;;;;;;;;6;4;8;7;;5;3;3;13;12;29;51;43;57;69;60;73;81;81;41;45;28;8;;6;8;7;14
4812;Institución técnica profesional;"Bogotá, d. c.";"Bogotá, D.C.";No oficial;Mujer;MATRICULADOS;;;;;;;;;;;;;;;;;;;25;32;36;37;;9;2;38;66;68;151;134;204;209;221;166;149;163;292;187;99;185;255;;5;5;58;12;22;3;;;25;;1;8
4812;Institución técnica profesional;"Bogotá, d. c.";"Bogotá, D.C.";No oficial;Hombre;MATRICULADOS;;;;;;;;;;;;;;;;;;;32;33;39;31;;6;2;23;52;44;92;83;144;124;154;117;101;123;162;119;87;104;115;;2;;25;10;14;4;;;8;;1;1
4813;Institución técnica profesional;"Bogotá, d. c.";"Bogotá, D.C.";No oficial;Mujer;MATRICULADOS;31;90;1059;59;626;727;650;1622;2271;1912;2085;2245;2126;1836;2264;3927;3556;2744;7413;7496;8978;8782;5097;11186;12060;12955;13489;13058;13494;13104;15265;16858;19492;18219;19066;19975;19737;20656;20375;19139;17450;17537;18104;19459;18397;17626;20642;23903;28995;30106;33155;33573;22154;30502
4813;Institución técnica profesional;"Bogotá, d. c.";"Bogotá, D.C.";No oficial;Sin informaci¿n;MATRICULADOS;;;;;;;;;;;;;;1;1;1;1;1;1;1;1;1;;1;1;;;2;1;1;1;1;1;4;3;4;;;;;;;;;;;;;;;;;;
4813;Institución técnica profesional;"Bogotá, d. c.";"Bogotá, D.C.";No oficial;Hombre;MATRICULADOS;2;3;159;1;428;536;593;1004;1359;1153;1447;1528;1551;1431;1759;2390;2234;1798;4842;4734;5541;5418;2855;6174;6592;6450;7375;6514;7021;6555;7519;8039;9069;8233;8969;9819;9534;11360;10332;10631;9869;9813;9954;10756;9340;9164;9630;10460;11862;12087;12284;12712;8139;10454
4817;Institución técnica profesional;Atlántico;Barranquilla;No oficial;Mujer;MATRICULADOS;199;333;467;616;825;964;793;711;795;664;857;835;845;769;566;514;446;580;990;882;978;810;869;579;700;638;766;540;839;622;764;772;1031;910;686;595;400;207;310;288;487;370;314;245;195;174;389;809;2222;2124;2066;2178;888;275
4817;Institución técnica profesional;Atlántico;Barranquilla;No oficial;Sin informaci¿n;MATRICULADOS;;;;;;;;;;;;;;;;;;;;;;;;;;;;;;;1;1;2;3;1;;1;;;;;;;;;;;;;;;;;
4817;Institución técnica profesional;Atlántico;Barranquilla;No oficial;Hombre;MATRICULADOS;143;262;411;568;770;912;773;732;757;656;674;670;615;546;348;386;298;421;618;564;649;574;615;366;430;438;548;376;553;410;563;494;685;741;811;703;713;601;375;326;192;117;85;63;50;61;108;115;99;119;127;154;108;70
4818;Institución universitaria/Escuela Tecnológica;Atlántico;Barranquilla;No oficial;Mujer;MATRICULADOS;;;;;;;;6;28;45;204;281;338;216;1322;1163;1300;1149;1225;1145;1248;1055;1140;1247;1727;1759;1894;2102;2245;2120;2559;2572;3050;2844;2722;2843;2679;2380;2520;2467;2717;2708;2909;2938;3452;2586;3239;3232;3567;3593;3853;3661;3036;2862
4818;Institución universitaria/Escuela Tecnológica;Atlántico;Barranquilla;No oficial;Hombre;MATRICULADOS;;;;;;;1;4;12;22;117;197;199;169;978;873;919;825;898;769;868;782;883;925;1135;1112;1323;1447;1699;1576;1678;1524;1688;1736;1927;1889;2170;2138;2092;1988;1978;1853;1836;1636;1597;1183;1282;1135;1028;920;817;694;515;429
4822;Institución universitaria/Escuela Tecnológica;"Bogotá, d. c.";"Bogotá, D.C.";No oficial;Mujer;MATRICULADOS;22;13;28;31;37;45;65;62;75;74;78;101;100;101;104;100;108;77;151;303;328;415;568;643;806;838;986;1000;1079;1133;1265;1350;1491;1456;1534;1663;1581;1447;1540;1457;1354;1223;1191;1129;1125;803;986;945;983;930;919;834;615;546
4822;Institución universitaria/Escuela Tecnológica;"Bogotá, d. c.";"Bogotá, D.C.";No oficial;Hombre;MATRICULADOS;16;9;11;10;19;20;30;36;44;45;51;59;72;61;61;58;58;46;154;285;331;418;563;616;739;811;974;1008;1053;1058;1132;1108;1139;1189;1305;1257;1251;1292;1158;1069;978;879;758;674;599;405;407;358;306;243;200;167;115;100
4825;Institución técnica profesional;Risaralda;Pereira;No oficial;Mujer;MATRICULADOS;;;;;;;;;;;;;;;;;;;49;65;45;31;61;39;6;7;56;71;93;106;143;162;150;141;102;127;168;217;271;258;385;355;405;408;747;627;737;679;784;771;875;1101;660;822
4825;Institución técnica profesional;Risaralda;Pereira;No oficial;Sin informaci¿n;MATRICULADOS;;;;;;;;;;;;;;;;;;;1;;;;;;;;;;;;;;;;;;;;;;;;;;;;;;;;;;;
4825;Institución técnica profesional;Risaralda;Pereira;No oficial;Hombre;MATRICULADOS;;;;;;;;;;;;;;;;;;;32;34;29;18;41;29;2;8;56;64;85;98;122;148;139;116;91;82;67;103;86;112;167;184;183;178;327;299;296;265;256;267;278;275;205;207
4826;Institución universitaria/Escuela Tecnológica;Bolívar;Cartagena de Indias;No oficial;Mujer;MATRICULADOS;;;;;;;;;;;;;;;;;;;259;276;451;171;446;277;344;312;828;;;257;261;335;244;150;99;188;42;15;220;454;19;15;3;264;161;;135;;88;29;;;;
4826;Institución universitaria/Escuela Tecnológica;Bolívar;Cartagena de Indias;No oficial;Hombre;MATRICULADOS;;;;;;;;;;;;;;;;;;;71;110;262;85;216;160;202;185;572;;;172;157;192;161;95;63;119;22;2;123;279;6;3;1;121;89;;69;;47;19;;;;
4827;Institución técnica profesional;Antioquia;Medellín;No oficial;Mujer;MATRICULADOS;;;77;105;141;150;201;218;254;241;237;224;216;194;189;163;151;146;186;208;234;254;281;255;240;206;196;186;168;112;104;63;48;17;;;;;;;;;;;;;;;;;;;;
4827;Institución técnica profesional;Antioquia;Medellín;No oficial;Hombre;MATRICULADOS;;;47;67;102;116;152;170;197;185;191;192;206;205;204;167;179;185;209;223;204;225;270;233;225;204;191;174;167;133;113;79;41;26;;;;;;;;;;;;;;;;;;;;
4829;Institución técnica profesional;Santander;Bucaramanga;No oficial;Mujer;MATRICULADOS;41;242;198;130;33;75;79;83;79;73;155;115;130;97;95;74;60;57;97;78;57;226;320;89;207;347;90;176;127;186;121;115;273;342;390;341;289;198;100;83;70;120;36;327;299;317;445;410;351;293;231;136;58;33
4829;Institución técnica profesional;Santander;Bucaramanga;No oficial;Sin informaci¿n;MATRICULADOS;;;1;;;;;;;;;;;;;;;;;;;;;;;;;;;;;;;;;;;;;;;;;;;;;;;;;;;
4829;Institución técnica profesional;Santander;Bucaramanga;No oficial;Hombre;MATRICULADOS;18;65;52;39;16;27;33;35;34;32;60;45;61;36;47;38;27;21;19;22;11;93;100;24;68;92;27;70;65;101;59;45;111;158;212;199;162;110;55;43;49;52;8;84;74;88;110;69;67;54;44;26;7;5
4832;Institución técnica profesional;"Bogotá, d. c.";"Bogotá, D.C.";No oficial;Mujer;MATRICULADOS;;;;;;2;1;1;1;2;2;5;;1;;1;2;2;63;61;288;355;727;985;1385;1074;1822;1252;1283;925;997;877;779;143;598;441;536;213;359;156;412;349;276;290;371;202;374;169;426;251;245;258;92;187
4832;Institución técnica profesional;"Bogotá, d. c.";"Bogotá, D.C.";No oficial;Hombre;MATRICULADOS;;;;;;;;5;;;;2;1;1;1;1;2;2;23;17;177;245;497;644;832;643;1035;745;778;601;638;615;590;96;496;387;448;149;299;151;236;179;104;80;88;51;68;26;62;34;35;20;9;24
4835;Institución universitaria/Escuela Tecnológica;"Bogotá, d. c.";"Bogotá, D.C.";No oficial;Mujer;MATRICULADOS;1;;;20;;2;85;103;98;90;104;100;83;312;60;50;59;52;289;295;293;299;328;321;350;347;352;331;302;236;221;203;184;173;169;141;149;154;161;151;191;183;241;301;393;363;480;512;597;673;820;822;729;756
4835;Institución universitaria/Escuela Tecnológica;"Bogotá, d. c.";"Bogotá, D.C.";No oficial;Hombre;MATRICULADOS;1;;;10;;;42;34;38;35;38;49;37;194;46;29;43;38;213;222;243;220;226;231;245;253;230;202;177;143;130;115;121;128;144;122;141;145;141;133;128;110;98;94;107;92;88;79;72;65;60;58;47;43
4837;Institución universitaria/Escuela Tecnológica;Atlántico;Barranquilla;No oficial;Mujer;MATRICULADOS;74;108;148;177;207;219;179;157;158;200;206;191;193;151;129;81;76;57;75;93;64;58;61;76;170;124;121;106;133;128;145;149;173;184;239;239;236;278;297;314;300;307;309;300;328;336;489;550;635;668;700;683;601;654
4837;Institución universitaria/Escuela Tecnológica;Atlántico;Barranquilla;No oficial;Hombre;MATRICULADOS;22;33;62;85;107;110;105;100;76;82;97;106;131;113;85;67;66;41;51;70;73;46;72;101;145;147;164;170;213;222;245;265;279;263;275;268;248;262;268;281;251;210;188;161;148;126;149;143;131;133;120;98;75;66
5801;Institución universitaria/Escuela Tecnológica;Santander;Bucaramanga;No oficial;Mujer;MATRICULADOS;;;;;;8;31;13;35;28;48;42;45;45;34;20;8;6;7;6;3;4;1;;;1;35;49;35;23;18;16;57;111;154;254;259;213;198;181;225;271;316;367;425;427;447;421;409;449;431;403;324;259
5801;Institución universitaria/Escuela Tecnológica;Santander;Bucaramanga;No oficial;Sin informaci¿n;MATRICULADOS;;;;;;;;;;;;;;;;;;;;;;;;;;1;2;3;3;2;2;1;;;;;;;;;;;;;;;;;;;;;;
5801;Institución universitaria/Escuela Tecnológica;Santander;Bucaramanga;No oficial;Hombre;MATRICULADOS;;;;;;2;19;15;22;14;19;14;14;14;9;9;5;2;1;1;1;1;;;;5;67;81;43;29;28;31;67;85;191;262;306;190;159;143;155;182;180;178;205;171;173;163;141;123;107;84;62;52
5802;Universidad;"Bogotá, d. c.";"Bogotá, D.C.";No oficial;Mujer;MATRICULADOS;281;478;729;816;815;1283;1368;973;1495;1412;1634;1685;1113;1317;1796;1694;1858;1503;2204;2351;2783;2871;3596;3851;4123;4188;4360;4456;4668;4771;5166;5475;5110;4525;6248;6564;7360;7652;8309;7992;8988;8917;10101;10217;10792;8907;10697;10628;12636;12772;13357;13249;10975;10375
5802;Universidad;"Bogotá, d. c.";"Bogotá, D.C.";No oficial;Hombre;MATRICULADOS;73;157;326;489;489;998;1255;1090;1641;1777;2249;2407;1893;2105;2679;2400;2741;2294;3420;3648;4383;4343;5183;5164;5561;5596;6041;6161;6493;6488;7086;7248;6619;5530;7518;7778;8791;9000;9356;9146;8753;8229;7979;7564;6756;5440;5203;4557;4281;3723;3241;2857;2178;1776
9102;Institución tecnológica;Cundinamarca;Madrid;Oficial;Mujer;MATRICULADOS;182;74;109;97;168;168;180;127;132;132;44;44;21;21;39;39;68;68;60;60;45;45;16;16;14;14;14;13;10;10;11;11;54;50;154;142;209;157;256;227;281;220;370;347;450;399;541;485;506;474;518;;288;
9102;Institución tecnológica;Cundinamarca;Madrid;Oficial;Hombre;MATRICULADOS;256;256;366;321;337;333;403;402;432;432;419;416;330;325;317;314;311;311;321;320;327;327;369;355;377;376;444;432;466;467;428;426;348;339;246;243;216;124;225;198;228;156;198;175;189;153;140;120;91;86;40;;9;
9103;Institución universitaria/Escuela Tecnológica;Valle del Cauca;Cali;Oficial;Mujer;MATRICULADOS;20;13;18;16;22;19;29;20;21;18;23;21;28;26;59;54;77;71;92;86;101;96;87;82;78;77;73;68;58;56;118;112;187;172;225;206;199;192;227;210;276;227;295;270;368;351;461;450;525;494;552;;369;
9103;Institución universitaria/Escuela Tecnológica;Valle del Cauca;Cali;Oficial;Hombre;MATRICULADOS;91;69;129;110;178;160;278;211;263;245;262;250;347;333;344;334;342;319;381;352;415;351;390;367;423;389;425;395;449;431;434;407;367;344;286;280;274;259;190;176;158;148;127;121;49;49;24;24;13;13;3;;2;
9104;Institución universitaria/Escuela Tecnológica;"Bogotá, d. c.";"Bogotá, D.C.";Oficial;Mujer;MATRICULADOS;;;;;;;155;;;;;;;;;;78;152;207;238;249;251;330;188;247;232;250;246;222;210;242;248;308;334;460;554;641;631;647;709;833;917;1140;1259;1402;1313;1541;1670;1701;1670;1591;1510;1226;1326
9104;Institución universitaria/Escuela Tecnológica;"Bogotá, d. c.";"Bogotá, D.C.";Oficial;Hombre;MATRICULADOS;;;;;;;;;;;;;;;;;334;442;931;1075;1463;1542;1439;1534;1374;1332;1209;1150;1050;1062;1228;1298;1197;1043;1120;1038;1012;725;607;535;484;462;440;428;327;252;212;164;94;56;38;15;13;4
9105;Universidad;Bolívar;Cartagena de Indias;Oficial;Mujer;MATRICULADOS;17;13;26;24;43;36;52;50;59;53;53;47;47;45;82;84;82;76;99;95;111;120;102;109;101;97;92;88;83;68;67;80;159;167;233;265;263;276;378;414;413;423;520;586;668;746;751;787;798;796;818;698;521;478
9105;Universidad;Bolívar;Cartagena de Indias;Oficial;Hombre;MATRICULADOS;146;137;226;223;288;271;354;348;359;337;353;342;355;344;333;312;302;281;299;250;307;319;351;385;348;340;324;315;287;262;230;218;234;227;223;238;269;264;281;271;227;199;214;210;187;208;179;156;54;42;39;31;6;5
9107;Institución universitaria/Escuela Tecnológica;"Bogotá, d. c.";"Bogotá, D.C.";Oficial;Mujer;MATRICULADOS;;;;;;;;;1;46;1;46;;;;;11;5;60;71;94;123;126;125;109;200;201;280;232;325;378;409;380;281;327;310;292;316;306;285;273;267;248;230;231;243;241;228;228;236;236;246;196;193
9107;Institución universitaria/Escuela Tecnológica;"Bogotá, d. c.";"Bogotá, D.C.";Oficial;Hombre;MATRICULADOS;;;;;;;;;;;;;;;;;;;101;94;9;138;191;155;217;205;172;209;212;166;184;152;119;114;217;238;236;254;260;251;282;281;299;303;323;341;353;327;359;322;314;319;248;235
9110;Institución tecnológica;"Bogotá, d. c.";"Bogotá, D.C.";Oficial;Mujer;MATRICULADOS;;;;;;;;;;;;;;;;;;;;;;;;;4981;6220;44338;69393;94923;126771;149755;184645;181179;194144;208426;208136;175469;201523;185125;219457;189075;245216;203207;248341;211794;275381;248837;302333;251128;311518;230989;296334;190353;256272
9110;Institución tecnológica;"Bogotá, d. c.";"Bogotá, D.C.";Oficial;Hombre;MATRICULADOS;;;;;;;;;;;;;;;;;;;;;;;;;3519;4318;31153;49092;66665;89669;108267;139045;143989;158891;176525;181299;153936;176621;162292;185959;139175;161792;108936;122661;72411;96175;79800;98323;71983;88739;60322;81202;48517;65896
9116;Institución universitaria/Escuela Tecnológica;Chocó;Quibdó;No oficial;Mujer;MATRICULADOS;;;;;;;;;;;;;;;;;;;;;92;99;186;266;306;383;498;561;532;556;514;563;674;677;837;939;1089;1087;1209;1313;1611;1958;1595;1911;2127;2173;2568;2515;2604;2486;2498;2356;2006;1865
9116;Institución universitaria/Escuela Tecnológica;Chocó;Quibdó;No oficial;Hombre;MATRICULADOS;;;;;;;;;;;;;;;;;;;;;35;36;59;64;61;72;103;98;90;94;89;115;167;228;353;458;550;584;678;716;789;891;702;725;745;710;733;678;627;591;533;487;376;360
9117;Institución técnica profesional;"Bogotá, d. c.";"Bogotá, D.C.";No oficial;Mujer;MATRICULADOS;;;;;;;;;;;;;;;;;;;18;18;54;70;86;99;62;74;59;71;81;71;69;60;44;37;28;20;25;20;24;24;23;20;17;13;12;6;10;15;10;8;4;7;5;5
9117;Institución técnica profesional;"Bogotá, d. c.";"Bogotá, D.C.";No oficial;Hombre;MATRICULADOS;;;;;;;;;;;;;;;;;;;1;;;;1;1;1;2;;;1;2;2;2;6;9;12;14;14;13;16;18;15;11;5;5;9;5;9;5;4;5;3;4;4;3
9119;Institución universitaria/Escuela Tecnológica;Atlántico;Barranquilla;No oficial;Mujer;MATRICULADOS;;;;;;;;;;;;;;;;;;;34;119;120;174;394;672;1027;1216;1532;1644;2117;2567;3397;3816;4865;5081;5703;6054;6443;6644;6948;6974;7239;7217;7408;7196;7452;6438;7387;7755;9374;9591;9404;9642;7054;6755
9119;Institución universitaria/Escuela Tecnológica;Atlántico;Barranquilla;No oficial;Hombre;MATRICULADOS;;;;;;;;;;;;;;;;;;;33;93;103;132;286;389;525;638;835;893;1167;1385;1871;2149;2955;3097;3585;3803;4125;4301;4676;4658;4520;4500;4272;4110;4027;3505;3683;3478;3259;3112;2835;2741;2100;1944
9120;Institución universitaria/Escuela Tecnológica;Antioquia;Medellín;No oficial;Mujer;MATRICULADOS;;;;;;;;;;;;;;;;;;;;58;80;79;128;133;173;161;192;196;217;204;233;223;239;263;282;305;291;262;303;300;349;344;382;389;444;381;427;436;497;514;521;504;421;390
9120;Institución universitaria/Escuela Tecnológica;Antioquia;Medellín;No oficial;Hombre;MATRICULADOS;;;;;;;;;;;;;;;;;;;;68;95;90;145;161;215;207;222;216;233;244;283;257;282;283;340;356;353;298;313;299;309;304;285;248;248;200;190;158;134;109;91;80;59;55
9121;Institución universitaria/Escuela Tecnológica;Bolívar;Cartagena de Indias;No oficial;Mujer;MATRICULADOS;;;;;;;;;;;;;;;;;;;;1;11;23;50;59;82;153;484;530;727;832;1031;1013;1029;1037;1161;1167;1197;1191;1094;1016;1267;1267;1410;1395;1588;1116;1431;1695;1868;2044;2226;2199;1818;1784
9121;Institución universitaria/Escuela Tecnológica;Bolívar;Cartagena de Indias;No oficial;Hombre;MATRICULADOS;;;;;;;;;;;;;;;;;;;;7;17;16;38;47;55;104;208;236;325;386;441;452;598;622;773;846;939;891;976;914;952;879;816;743;686;477;498;459;394;334;288;250;187;155
9122;Universidad;Santander;Bucaramanga;No oficial;Mujer;MATRICULADOS;75;131;190;203;232;253;289;301;376;380;430;413;444;428;439;433;443;414;468;425;452;426;429;416;465;443;476;470;516;518;550;539;525;484;456;445;424;361;353;300;310;329;386;396;434;388;410;399;491;464;486;459;424;483
9122;Universidad;Santander;Bucaramanga;No oficial;Hombre;MATRICULADOS;21;31;41;39;49;52;56;62;79;80;103;94;99;101;120;126;131;129;142;152;150;147;167;155;190;166;183;164;191;185;178;171;193;205;262;276;291;264;304;321;313;329;310;282;245;219;205;168;128;114;91;60;50;45
9124;Institución tecnológica;Antioquia;Marinilla;No oficial;Mujer;MATRICULADOS;;;;;;;;;;;;;;;;;;;;;52;66;62;195;212;255;233;156;46;43;57;37;85;140;160;185;192;157;130;129;154;130;81;81;35;68;98;66;62;68;78;100;61;58
9124;Institución tecnológica;Antioquia;Marinilla;No oficial;Hombre;MATRICULADOS;;;;;;;;;;;;;;;;;;;;;40;48;46;100;97;123;109;71;25;22;37;27;61;113;159;180;187;154;125;101;87;73;40;36;6;18;12;6;7;12;11;12;11;10
9125;Universidad;Antioquia;Santa Fé de Antioquia;Oficial;Mujer;MATRICULADOS;;;;;;;;;;;;;;;;39;37;47;56;63;75;49;72;56;59;86;91;113;129;129;130;155;131;125;109;104;84;44;20;16;12;9;20;19;45;43;40;52;68;62;;;;
9125;Universidad;Antioquia;Santa Fé de Antioquia;Oficial;Hombre;MATRICULADOS;;;;;;;;;;;;;;;;20;15;21;25;28;37;26;36;44;43;49;49;55;55;51;56;55;51;47;37;37;22;13;6;9;6;6;6;6;13;12;12;17;18;11;;;;
9126;Institución tecnológica;Atlántico;Barranquilla;No oficial;Mujer;MATRICULADOS;;;;;;;;;;;;;;;;;;;;;;;;;3;3;5;5;2;4;10;13;75;66;92;191;146;123;148;131;180;146;164;179;227;132;220;223;256;245;299;298;211;198
9126;Institución tecnológica;Atlántico;Barranquilla;No oficial;Hombre;MATRICULADOS;;;;;;;;;;;;;;;;;;;;;;;;;9;10;16;15;14;18;16;20;33;50;162;122;281;328;289;246;215;200;151;124;91;71;64;59;59;61;65;51;33;36
9127;Institución universitaria/Escuela Tecnológica;Antioquia;Sabaneta;No oficial;Mujer;MATRICULADOS;;;;;;;;;;;;;;;;;;;;;;;366;313;231;314;325;387;411;464;594;670;716;728;879;962;1061;1085;1096;1004;885;780;775;719;700;654;630;590;624;609;601;573;485;297
9127;Institución universitaria/Escuela Tecnológica;Antioquia;Sabaneta;No oficial;Hombre;MATRICULADOS;;;;;;;;;;;;;;;;;;;;;;;94;84;64;121;128;147;197;223;291;358;412;432;512;568;667;685;716;650;567;540;502;457;410;374;310;268;229;211;175;140;118;51
9128;Institución tecnológica;"Bogotá, d. c.";"Bogotá, D.C.";No oficial;Mujer;MATRICULADOS;;;;;;;;;;;;;;;;;;;;;;;;115;191;467;484;558;572;722;555;673;576;577;460;545;505;455;417;472;476;529;460;568;487;413;445;617;611;783;692;846;508;637
9128;Institución tecnológica;"Bogotá, d. c.";"Bogotá, D.C.";No oficial;Hombre;MATRICULADOS;;;;;;;;;;;;;;;;;;;;;;;;52;73;183;187;226;215;251;205;263;252;289;295;388;422;418;428;446;403;424;312;321;217;160;103;125;100;100;79;71;42;42
9129;Institución universitaria/Escuela Tecnológica;"Bogotá, d. c.";"Bogotá, D.C.";No oficial;Mujer;MATRICULADOS;;;;;;;;;;;;;;;;;;;;;;;;;17;67;185;223;301;374;499;531;641;610;609;704;672;641;693;660;730;765;920;976;1087;987;1107;1110;1148;1128;1277;1330;1031;1038
9129;Institución universitaria/Escuela Tecnológica;"Bogotá, d. c.";"Bogotá, D.C.";No oficial;Hombre;MATRICULADOS;;;;;;;;;;;;;;;;;;;;;;;;;10;64;178;227;339;383;386;409;391;428;525;510;639;643;682;689;661;625;594;589;542;440;423;351;305;326;306;333;265;258
9131;Institución universitaria/Escuela Tecnológica;"Bogotá, d. c.";"Bogotá, D.C.";No oficial;Mujer;MATRICULADOS;;;;;;;;;;;;;;;;;;;;;;;;;;;10;10;21;27;34;29;61;77;288;304;153;109;109;100;91;87;172;286;431;471;758;807;994;1058;1154;1127;971;887
9131;Institución universitaria/Escuela Tecnológica;"Bogotá, d. c.";"Bogotá, D.C.";No oficial;Hombre;MATRICULADOS;;;;;;;;;;;;;;;;;;;;;;;;;;;45;38;58;49;57;58;51;80;530;510;456;335;251;186;135;127;134;162;154;183;221;226;273;289;322;300;270;216
9132;Institución universitaria/Escuela Tecnológica;"Bogotá, d. c.";"Bogotá, D.C.";No oficial;Mujer;MATRICULADOS;;;;;;;;;;;;;;;;;;;;;;;;;;;;;18;;;;;;;;;;;;;;;;;;;;;;;;;
9132;Institución universitaria/Escuela Tecnológica;"Bogotá, d. c.";"Bogotá, D.C.";No oficial;Hombre;MATRICULADOS;;;;;;;;;;;;;;;;;;;;;;;;;;;;;11;;;;;;;;;;;;;;;;;;;;;;;;;
9899;Institución universitaria/Escuela Tecnológica;"Bogotá, d. c.";"Bogotá, D.C.";No oficial;Mujer;MATRICULADOS;;;;;;;;;;;;;;;;;;;;;;;;;;;77;183;305;500;749;892;951;1023;1196;1080;1484;695;694;784;783;635;479;784;463;106;755;1;456;2;515;315;;393
9899;Institución universitaria/Escuela Tecnológica;"Bogotá, d. c.";"Bogotá, D.C.";No oficial;Hombre;MATRICULADOS;;;;;;;;;;;;;;;;;;;;;;;;;;;118;269;425;610;778;836;865;930;970;779;1147;515;514;589;572;457;377;334;225;36;290;;148;;151;107;;98
9900;Institución universitaria/Escuela Tecnológica;Antioquia;Medellín;No oficial;Mujer;MATRICULADOS;;;;;;;;;;;;;;;;;;;;;;;;;;;;;;;20;29;57;79;96;170;174;203;276;349;433;457;519;502;498;434;442;436;450;411;470;494;376;383
9900;Institución universitaria/Escuela Tecnológica;Antioquia;Medellín;No oficial;Hombre;MATRICULADOS;;;;;;;;;;;;;;;;;;;;;;;;;;;;;;;10;9;18;117;237;220;314;339;370;414;406;380;381;370;324;283;256;230;223;185;207;203;165;159
9902;Institución universitaria/Escuela Tecnológica;Santander;Bucaramanga;No oficial;Mujer;MATRICULADOS;;;;;;;;;;;;;;;;;;;;;;;;;;;;;;;;18;32;41;59;65;65;73;117;122;125;165;169;182;193;173;178;169;174;184;187;187;149;170
9902;Institución universitaria/Escuela Tecnológica;Santander;Bucaramanga;No oficial;Hombre;MATRICULADOS;;;;;;;;;;;;;;;;;;;;;;;;;;;;;;;;15;27;33;50;50;58;70;89;105;98;136;134;133;143;123;116;105;116;109;111;100;77;88
9903;Institución tecnológica;"Bogotá, d. c.";"Bogotá, D.C.";No oficial;Mujer;MATRICULADOS;;;;;;;;;;;;;;;;;;;;;;;;;;;;18;104;81;347;410;437;121;241;19;118;171;80;68;145;77;120;105;80;26;102;277;369;358;418;422;314;306
9903;Institución tecnológica;"Bogotá, d. c.";"Bogotá, D.C.";No oficial;Sin informaci¿n;MATRICULADOS;;;;;;;;;;;;;;;;;;;;;;;;;;;;;;;;1;1;3;;;;;;;;;;;;;;;;;;;;
9903;Institución tecnológica;"Bogotá, d. c.";"Bogotá, D.C.";No oficial;Hombre;MATRICULADOS;;;;;;;;;;;;;;;;;;;;;;;;;;;;8;114;103;289;300;317;132;158;22;149;181;65;56;80;42;55;39;27;8;24;110;102;103;122;123;103;101
9904;Institución universitaria/Escuela Tecnológica;"Bogotá, d. c.";"Bogotá, D.C.";No oficial;Mujer;MATRICULADOS;;;;;;;;;;;;;;;;;;;;;;;;;;;;;10;14;30;37;57;138;282;389;527;565;680;738;883;965;1178;1151;1185;745;1042;910;910;862;1145;1174;540;901
9904;Institución universitaria/Escuela Tecnológica;"Bogotá, d. c.";"Bogotá, D.C.";No oficial;Sin informaci¿n;MATRICULADOS;;;;;;;;;;;;;;;;;;;;;;;;;;;;;;;;;;1;1;2;1;2;;1;1;;;;;;;;;;;;;
9904;Institución universitaria/Escuela Tecnológica;"Bogotá, d. c.";"Bogotá, D.C.";No oficial;Hombre;MATRICULADOS;;;;;;;;;;;;;;;;;;;;;;;;;;;;;19;22;69;72;119;209;331;393;514;534;566;548;547;588;595;574;548;307;406;345;341;292;342;333;174;248
9905;Institución universitaria/Escuela Tecnológica;Huila;Rivera;No oficial;Mujer;MATRICULADOS;;;;;;;;;;;;;;;;;;;;;;;;;;;;;;;17;29;56;87;144;169;237;250;303;324;392;377;416;438;533;462;531;531;532;537;576;631;435;468
9905;Institución universitaria/Escuela Tecnológica;Huila;Rivera;No oficial;Hombre;MATRICULADOS;;;;;;;;;;;;;;;;;;;;;;;;;;;;;;;11;16;46;89;168;188;272;278;289;278;296;289;289;313;298;283;299;301;239;211;185;185;138;129
9906;Institución universitaria/Escuela Tecnológica;Valle del Cauca;Cali;No oficial;Mujer;MATRICULADOS;;;;;;;;;;;;;;;;;;;;;;;;;;;;;;33;64;64;70;67;79;79;86;89;89;78;96;105;109;108;116;124;133;124;124;113;104;70;47;51
9906;Institución universitaria/Escuela Tecnológica;Valle del Cauca;Cali;No oficial;Hombre;MATRICULADOS;;;;;;;;;;;;;;;;;;;;;;;;;;;;;;25;54;61;61;58;68;66;73;74;84;71;76;62;49;54;50;47;44;44;32;25;27;19;11;9
9907;Institución universitaria/Escuela Tecnológica;Huila;Neiva;No oficial;Mujer;MATRICULADOS;;;;;;;;;;;;;;;;;;;;;;;;;;;;;;;;;43;95;140;269;327;431;564;633;823;1021;1254;1337;1431;1307;1432;1524;1474;1490;1582;1590;1304;1346
9907;Institución universitaria/Escuela Tecnológica;Huila;Neiva;No oficial;Hombre;MATRICULADOS;;;;;;;;;;;;;;;;;;;;;;;;;;;;;;;;;30;195;351;418;554;625;771;813;848;895;898;854;794;711;643;634;492;417;371;326;220;190
9913;Institución universitaria/Escuela Tecnológica;"Bogotá, d. c.";"Bogotá, D.C.";No oficial;Mujer;MATRICULADOS;;;;;;;;;;;;;;;;;;;;;;;;;;;;;;;;;8;14;500;1046;1869;2152;2407;2957;3197;3391;3660;3464;3317;3112;3053;2689;3463;2607;3463;3103;2352;3011
9913;Institución universitaria/Escuela Tecnológica;"Bogotá, d. c.";"Bogotá, D.C.";No oficial;Hombre;MATRICULADOS;;;;;;;;;;;;;;;;;;;;;;;;;;;;;;;;;4;10;508;933;1838;1992;2133;2449;2471;2596;2714;2512;2332;2135;1826;1450;1686;1301;1484;1392;1115;1319
9914;Institución universitaria/Escuela Tecnológica;"Bogotá, d. c.";"Bogotá, D.C.";No oficial;Mujer;MATRICULADOS;;;;;;;;;;;;;;;;;;;;;;;;;;;;;;;;;;23;79;84;87;93;99;100;126;145;150;142;114;130;179;212;323;360;499;569;425;579
9914;Institución universitaria/Escuela Tecnológica;"Bogotá, d. c.";"Bogotá, D.C.";No oficial;Hombre;MATRICULADOS;;;;;;;;;;;;;;;;;;;;;;;;;;;;;;;;;;24;74;72;78;91;92;85;98;102;101;97;87;101;116;115;131;123;141;141;116;139
9915;Institución universitaria/Escuela Tecnológica;"Bogotá, d. c.";"Bogotá, D.C.";No oficial;Mujer;MATRICULADOS;;;;;;;;;;;;;;;;;;;;;;;;;;;;;;;;;;4;12;10;32;61;379;435;578;564;568;427;510;561;682;;591;557;803;821;526;513
9915;Institución universitaria/Escuela Tecnológica;"Bogotá, d. c.";"Bogotá, D.C.";No oficial;Sin informaci¿n;MATRICULADOS;;;;;;;;;;;;;;;;;;;;;;;;;;;;;;;;;;;;1;;;;;;;;;;;;;;;;;;
9915;Institución universitaria/Escuela Tecnológica;"Bogotá, d. c.";"Bogotá, D.C.";No oficial;Hombre;MATRICULADOS;;;;;;;;;;;;;;;;;;;;;;;;;;;;;;;;;;8;27;23;93;120;352;262;338;290;308;238;268;271;309;;254;240;366;355;233;250
9918;Institución universitaria/Escuela Tecnológica;Cundinamarca;Cota;Oficial;Mujer;MATRICULADOS;;;;;;;;;;;;;;;;;;;;;;;;;;;;;;;;;;;;9;;;;;;;;;;;;;;;;;;
9918;Institución universitaria/Escuela Tecnológica;Cundinamarca;Cota;Oficial;Hombre;MATRICULADOS;;;;;;;;;;;;;;;;;;;;;;;;;;;;;;;;;;;;12;;;;;;;;;;;;;;;;;;
9921;Institución universitaria/Escuela Tecnológica;Nariño;Pasto;No oficial;Mujer;MATRICULADOS;;;;;;;;;;;;;;;;;;;;;;;;;;;;;;;;;;;;;;;;23;31;47;60;72;91;99;113;108;147;178;204;234;216;245
9921;Institución universitaria/Escuela Tecnológica;Nariño;Pasto;No oficial;Hombre;MATRICULADOS;;;;;;;;;;;;;;;;;;;;;;;;;;;;;;;;;;;;;;;;11;19;20;25;26;29;33;37;33;35;39;37;40;37;46
9922;Institución universitaria/Escuela Tecnológica;Risaralda;Pereira;No oficial;Mujer;MATRICULADOS;;;;;;;;;;;;;;;;;;;;;;;;;;;;;;;;;;;;;;;232;308;474;506;716;678;731;724;802;778;815;769;982;943;600;578
9922;Institución universitaria/Escuela Tecnológica;Risaralda;Pereira;No oficial;Hombre;MATRICULADOS;;;;;;;;;;;;;;;;;;;;;;;;;;;;;;;;;;;;;;;134;215;286;297;331;324;341;302;329;304;293;263;248;225;160;143
9923;Institución universitaria/Escuela Tecnológica;"Bogotá, d. c.";"Bogotá, D.C.";No oficial;Mujer;MATRICULADOS;;;;;;;;;;;;;;;;;;;;;;;;;;;;;;;;;;;;;;;;;;;;;;7;23;46;80;124;175;;149;261
9923;Institución universitaria/Escuela Tecnológica;"Bogotá, d. c.";"Bogotá, D.C.";No oficial;Hombre;MATRICULADOS;;;;;;;;;;;;;;;;;;;;;;;;;;;;;;;;;;;;;;;;;;;;;;2;6;15;35;43;52;;45;151
9924;Institución universitaria/Escuela Tecnológica;"Bogotá, d. c.";"Bogotá, D.C.";No oficial;Mujer;MATRICULADOS;;;;;;;;;;;;;;;;;;;;;;;;;;;;;;;;;;;;;;;;;;;;;;3;24;25;45;83;89;83;51;56
9924;Institución universitaria/Escuela Tecnológica;"Bogotá, d. c.";"Bogotá, D.C.";No oficial;Hombre;MATRICULADOS;;;;;;;;;;;;;;;;;;;;;;;;;;;;;;;;;;;;;;;;;;;;;;7;19;21;33;39;36;27;21;24
9926;Institución universitaria/Escuela Tecnológica;"Bogotá, d. c.";"Bogotá, D.C.";No oficial;Mujer;MATRICULADOS;;;;;;;;;;;;;;;;;;;;;;;;;;;;;;;;;;;;;;;;;;;44;116;322;677;1201;1572;1982;2212;2522;2441;1983;2340
9926;Institución universitaria/Escuela Tecnológica;"Bogotá, d. c.";"Bogotá, D.C.";No oficial;Hombre;MATRICULADOS;;;;;;;;;;;;;;;;;;;;;;;;;;;;;;;;;;;;;;;;;;;92;146;277;422;644;778;848;912;985;944;744;819
9927;Institución universitaria/Escuela Tecnológica;Antioquia;Medellín;Oficial;Mujer;MATRICULADOS;;;;;;;;;;;;;;;;;;;;;;;;;;;;;;;;;;;;;;;;;;;134;332;811;1718;2384;3323;3160;4247;4182;5281;4184;5998
9927;Institución universitaria/Escuela Tecnológica;Antioquia;Medellín;Oficial;Hombre;MATRICULADOS;;;;;;;;;;;;;;;;;;;;;;;;;;;;;;;;;;;;;;;;;;;161;365;498;1002;1282;1618;1422;1747;1667;1881;1550;2038
9928;Institución universitaria/Escuela Tecnológica;"Bogotá, d. c.";"Bogotá, D.C.";No oficial;Mujer;MATRICULADOS;;;;;;;;;;;;;;;;;;;;;;;;;;;;;;;;;;;;;;;;;;;;;13;24;71;126;191;197;213;210;205;278
9928;Institución universitaria/Escuela Tecnológica;"Bogotá, d. c.";"Bogotá, D.C.";No oficial;Hombre;MATRICULADOS;;;;;;;;;;;;;;;;;;;;;;;;;;;;;;;;;;;;;;;;;;;;;;5;6;11;19;20;13;16;14;27
9929;Universidad;Cauca;Popayán;Oficial;Mujer;MATRICULADOS;;;;;;;;;;;;;;;;;;;;;;;;;;;;;;;;;;;;;;;;;;;524;127;313;359;426;557;516;542;680;561;525;575
9929;Universidad;Cauca;Popayán;Oficial;Hombre;MATRICULADOS;;;;;;;;;;;;;;;;;;;;;;;;;;;;;;;;;;;;;;;;;;;240;56;106;124;141;173;160;166;200;172;159;178
9930;Institución universitaria/Escuela Tecnológica;"Bogotá, d. c.";"Bogotá, D.C.";Oficial;Mujer;MATRICULADOS;;;;;;;;;;;;;;;;;;;;;;;;;;;;;;;;;;;;;;;;;;;;;;100;87;81;93;86;82;82;63;67
9930;Institución universitaria/Escuela Tecnológica;"Bogotá, d. c.";"Bogotá, D.C.";Oficial;Hombre;MATRICULADOS;;;;;;;;;;;;;;;;;;;;;;;;;;;;;;;;;;;;;;;;;;;;;;32;56;74;58;62;40;37;35;30
9931;Institución universitaria/Escuela Tecnológica;"Bogotá, d. c.";"Bogotá, D.C.";No oficial;Mujer;MATRICULADOS;;;;;;;;;;;;;;;;;;;;;;;;;;;;;;;;;;;;;;;;;;;;;17;24;23;28;17;;;;;
9931;Institución universitaria/Escuela Tecnológica;"Bogotá, d. c.";"Bogotá, D.C.";No oficial;Hombre;MATRICULADOS;;;;;;;;;;;;;;;;;;;;;;;;;;;;;;;;;;;;;;;;;;;;;3;5;11;11;7;;;;;
9932;Institución universitaria/Escuela Tecnológica;"Bogotá, d. c.";"Bogotá, D.C.";No oficial;Mujer;MATRICULADOS;;;;;;;;;;;;;;;;;;;;;;;;;;;;;;;;;;;;;;;;;;;;;;;2;3;14;18;29;36;29;35
9932;Institución universitaria/Escuela Tecnológica;"Bogotá, d. c.";"Bogotá, D.C.";No oficial;Hombre;MATRICULADOS;;;;;;;;;;;;;;;;;;;;;;;;;;;;;;;;;;;;;;;;;;;;;;;1;1;1;2;5;5;5;5
9933;Universidad;Cesar;La Paz;Oficial;Mujer;MATRICULADOS;;;;;;;;;;;;;;;;;;;;;;;;;;;;;;;;;;;;;;;;;;;;174;344;491;655;785;941;1066;1127;1163;1118;1105
9933;Universidad;Cesar;La Paz;Oficial;Hombre;MATRICULADOS;;;;;;;;;;;;;;;;;;;;;;;;;;;;;;;;;;;;;;;;;;;;26;38;60;73;72;69;74;75;76;75;66
9934;Institución universitaria/Escuela Tecnológica;"Bogotá, d. c.";"Bogotá, D.C.";Oficial;Mujer;MATRICULADOS;;;;;;;;;;;;;;;;;;;;;;;;;;;;;;;;;;;;;;;;;;;;;;;12;19;47;49;74;65;38;52
9934;Institución universitaria/Escuela Tecnológica;"Bogotá, d. c.";"Bogotá, D.C.";Oficial;Hombre;MATRICULADOS;;;;;;;;;;;;;;;;;;;;;;;;;;;;;;;;;;;;;;;;;;;;;;;2;3;13;14;22;15;5;6
9935;Institución tecnológica;Santander;Barrancabermeja;No oficial;Mujer;MATRICULADOS;;;;;;;;;;;;;;;;;;;;;;;;;;;;;;;;;;;;;;;;;;;;;;;24;33;81;91;92;76;59;
9935;Institución tecnológica;Santander;Barrancabermeja;No oficial;Hombre;MATRICULADOS;;;;;;;;;;;;;;;;;;;;;;;;;;;;;;;;;;;;;;;;;;;;;;;6;8;16;15;19;16;11;
9936;Institución universitaria/Escuela Tecnológica;Norte de Santander;Cúcuta;No oficial;Mujer;MATRICULADOS;;;;;;;;;;;;;;;;;;;;;;;;;;;;;;;;;;;;;;;;;;;;;;;4;22;67;111;134;168;150;169
9936;Institución universitaria/Escuela Tecnológica;Norte de Santander;Cúcuta;No oficial;Hombre;MATRICULADOS;;;;;;;;;;;;;;;;;;;;;;;;;;;;;;;;;;;;;;;;;;;;;;;3;13;21;38;42;48;47;46
9938;Institución universitaria/Escuela Tecnológica;Santander;Bucaramanga;No oficial;Mujer;MATRICULADOS;;;;;;;;;;;;;;;;;;;;;;;;;;;;;;;;;;;;;;;;;;;;;;;;;;;;;;43
9938;Institución universitaria/Escuela Tecnológica;Santander;Bucaramanga;No oficial;Hombre;MATRICULADOS;;;;;;;;;;;;;;;;;;;;;;;;;;;;;;;;;;;;;;;;;;;;;;;;;;;;;;7
