SEXO;INGRESO_FAMILIA;NUMERO_PERSONAS_FAMILIA;ESTRATO;TIPO;1998-1;1998-2;1999-1;1999-2;2000-1;2000-2;2001-1;2001-2;2002-1;2002-2;2003-1;2003-2;2004-1;2004-2;2005-1;2005-2;2006-1;2006-2;2007-1;2007-2;2008-1;2008-2;2009-1;2009-2;2010-1;2010-2;2011-1;2011-2;2012-1;2012-2;2013-1;2013-2;2014-1;2014-2;2015-1;2015-2;2016-1;2016-2;2017-1;2017-2;2018-1;2018-2;2019-1;2019-2;2020-1;2020-2;2021-1;2021-2;2022-1;2022-2;2023-1;2023-2;2024-1;2024-2
Mujer;Sin informaci¿n;Sin informaci¿n;Sin informaci¿n;DESERTORES;0;0;21629;10106;12700;9116;10582;10657;10716;8933;9666;10628;9616;10276;9611;11078;9083;9325;8936;12306;11626;13116;18276;18555;18150;18187;18086;20157;17478;18466;18712;17566;21454;20443;21274;16591;19560;20360;18953;18439;14689;19517;27348;45079;43298;71352;71463;78056;69262;118250;88202;150003;109381;152061
Mujer;Sin informaci¿n;Sin informaci¿n;Estrato 1;DESERTORES;0;0;1;3;6;1;10;18;23;31;33;26;62;50;87;120;832;1116;1740;2269;3315;4175;4705;4750;4042;4192;3543;3747;3661;3388;3572;3459;3479;3677;3484;3030;3185;3451;3014;3020;2209;2602;1651;2333;1472;2342;1283;1670;1255;1934;1212;2143;1076;1679
Mujer;Sin informaci¿n;Sin informaci¿n;Estrato 2;DESERTORES;0;0;10;10;21;10;18;55;83;96;161;148;198;216;387;795;3649;4349;6236;8967;11235;13146;14752;15070;12891;13446;11942;13598;12297;12550;12020;11876;11716;11978;10943;9679;10427;10321;9872;9171;6944;7766;5061;7338;4332;7094;3991;5055;3578;5909;3723;6237;3226;5021
Mujer;Sin informaci¿n;Sin informaci¿n;Estrato 3;DESERTORES;0;0;4;4;1;0;5;44;94;81;248;235;213;205;394;465;2129;2264;3511;4929;5973;6651;7730;7686;6411;6698;6232;6961;5968;6548;5931;5774;5374;5448;4821;4449;4318;4280;4005;3812;2838;3121;2202;2957;1867;2640;1615;1960;1451;2236;1407;2294;1222;1932
Mujer;Sin informaci¿n;Sin informaci¿n;Estrato 4;DESERTORES;;0;;0;1;0;0;7;15;23;38;37;48;37;44;47;218;255;230;359;407;472;571;543;483;484;487;444;456;441;364;365;342;303;268;260;222;208;208;167;142;145;120;137;91;121;81;88;78;104;70;95;44;72
Mujer;Sin informaci¿n;Sin informaci¿n;Estrato 5;DESERTORES;;;;;0;0;1;8;4;9;18;22;14;10;18;22;123;151;171;286;262;288;317;247;264;271;244;216;213;226;195;156;137;123;91;91;100;80;61;59;45;41;44;57;33;33;22;28;14;30;20;32;18;21
Mujer;Sin informaci¿n;Sin informaci¿n;Estrato 6;DESERTORES;;;;;;0;0;1;0;3;5;5;2;3;9;17;35;129;106;117;100;173;139;149;140;103;117;97;99;158;81;64;46;54;42;24;25;21;26;29;18;11;13;10;10;9;8;9;5;11;10;6;6;5
Mujer;Sin informaci¿n;Sin informaci¿n;Hogares no clasificados;DESERTORES;;;;;;;;;;;;;;;;;;;;;;;;;;;;;;;;;;;;;0;0;0;1;1;0;0;1;0;0;0;1;1;1;0;0;0;1
Mujer;Sin informaci¿n;1;Sin informaci¿n;DESERTORES;0;0;1;4;2;2;5;3;1;3;2;1;3;1;2;3;0;1;1;4;0;1;0;2;7;2;3;4;1;1;2;4;5;9;2;3;4;1;2;3;2;2;0;3;1;0;1;0;0;0;1;2;1;0
Mujer;Sin informaci¿n;1;Estrato 1;DESERTORES;;;;;;;;;;;;;;;;;;;;;;;;;0;0;0;2;13;14;20;16;20;36;44;40;74;95;78;147;108;169;71;140;72;135;70;91;71;111;62;91;73;80
Mujer;Sin informaci¿n;1;Estrato 2;DESERTORES;0;0;0;0;0;0;0;;0;0;0;0;0;0;;;;;;;;0;1;2;0;2;1;5;10;15;22;26;24;34;41;37;58;74;55;90;75;99;55;86;50;72;40;59;37;66;33;49;44;36
Mujer;Sin informaci¿n;1;Estrato 3;DESERTORES;;0;0;0;1;0;0;0;2;0;0;0;0;0;;0;2;0;1;0;0;0;1;1;0;2;0;2;9;22;8;18;10;21;21;33;29;61;59;49;51;57;33;37;29;38;32;31;24;35;21;21;14;23
Mujer;Sin informaci¿n;1;Estrato 4;DESERTORES;;;0;;;;;;;;;;;;;0;1;;0;0;;;0;1;0;0;0;5;5;3;9;2;3;3;4;9;7;7;11;13;15;10;10;11;9;9;5;3;4;8;4;3;4;3
Mujer;Sin informaci¿n;1;Estrato 5;DESERTORES;;;;;;;;;;;;;;;;;;;;;;;;;;;0;0;0;0;0;4;1;2;3;2;1;4;4;6;2;3;0;5;1;3;4;1;1;0;4;3;2;4
Mujer;Sin informaci¿n;1;Estrato 6;DESERTORES;;;;;;;;;;;;;;;;;;;;;;;;;;0;;0;1;1;0;0;1;0;1;0;0;2;1;2;0;3;2;1;0;1;3;1;0;2;0;2;0;0
Mujer;Sin informaci¿n;1;Hogares no clasificados;DESERTORES;;;;;;;;;;;;;;;;;;;;;;;;;;;;;;;;0;0;0;1;0;;;;;;;;;;;;;;;;;;
Mujer;Sin informaci¿n;2;Sin informaci¿n;DESERTORES;0;0;29;36;52;48;48;31;39;23;25;35;34;32;32;28;25;18;22;17;14;14;17;68;62;58;50;34;33;56;37;38;42;56;47;43;49;44;26;35;17;23;16;16;12;16;11;13;9;17;15;13;5;15
Mujer;Sin informaci¿n;2;Estrato 1;DESERTORES;;;;;0;0;1;2;0;0;;;;0;1;1;0;0;0;0;;;0;1;1;3;3;15;85;123;140;129;156;180;254;273;437;525;570;720;563;885;426;737;365;690;406;534;382;574;373;489;313;405
Mujer;Sin informaci¿n;2;Estrato 2;DESERTORES;0;;;;0;;1;3;;;;;;;0;1;0;0;0;0;1;0;0;1;2;1;2;31;198;270;252;235;273;367;472;475;836;980;1038;1263;1079;1404;834;1203;676;1195;709;760;629;871;621;814;523;607
Mujer;Sin informaci¿n;2;Estrato 3;DESERTORES;0;0;0;0;0;0;0;1;0;0;0;0;0;1;0;0;0;0;0;1;1;0;0;1;0;1;2;28;146;240;182;178;198;244;383;399;637;782;746;934;781;899;627;759;543;742;491;493;468;559;422;503;326;368
Mujer;Sin informaci¿n;2;Estrato 4;DESERTORES;0;0;0;0;0;0;2;0;0;1;1;0;0;0;0;0;0;0;;;1;1;0;0;0;0;2;8;39;48;52;38;52;71;106;130;155;191;209;206;235;223;173;189;146;174;108;123;118;127;88;95;71;72
Mujer;Sin informaci¿n;2;Estrato 5;DESERTORES;;;;0;;0;0;;;;;;;;;;;;0;1;0;0;0;0;0;1;0;2;11;17;15;15;13;30;40;37;51;57;71;52;65;54;49;47;44;43;33;27;32;38;26;24;21;17
Mujer;Sin informaci¿n;2;Estrato 6;DESERTORES;;;;;;;;;;;;;;;;;;;;;;;;;;0;0;2;6;12;4;5;5;4;15;26;22;34;29;30;37;34;19;26;17;25;19;17;19;13;13;12;4;9
Mujer;Sin informaci¿n;3;Sin informaci¿n;DESERTORES;0;0;114;123;176;184;187;180;132;132;97;120;136;129;135;145;76;72;54;65;69;54;55;211;202;159;167;153;112;122;136;126;132;174;141;122;105;122;122;80;74;64;51;63;40;68;31;42;30;37;37;42;19;36
Mujer;Sin informaci¿n;3;Estrato 1;DESERTORES;;;;;0;0;;;0;2;0;0;0;1;0;1;0;0;1;;0;2;0;0;1;0;5;33;355;419;407;402;524;558;841;900;1401;1838;1848;2487;2039;2990;1550;2460;1374;2509;1478;1702;1285;1838;1287;1826;1105;1486
Mujer;Sin informaci¿n;3;Estrato 2;DESERTORES;0;0;0;0;0;1;1;1;1;0;0;1;0;1;1;3;1;0;0;1;1;0;0;0;2;1;6;85;654;822;771;764;904;1049;1555;1593;2636;3161;3257;3990;3357;4462;2602;3624;2323;3675;2376;2607;2016;2626;1879;2459;1591;2032
Mujer;Sin informaci¿n;3;Estrato 3;DESERTORES;0;0;1;0;0;0;0;2;0;0;1;0;0;2;1;0;1;0;1;1;0;2;0;1;2;3;9;78;521;694;630;582;611;788;1315;1312;2118;2412;2583;2829;2536;3000;2037;2495;1760;2429;1724;1688;1465;1780;1333;1560;1062;1190
Mujer;Sin informaci¿n;3;Estrato 4;DESERTORES;0;0;1;0;0;0;0;0;0;0;1;0;0;0;0;1;1;;;;0;1;0;1;0;1;0;16;113;169;148;145;102;177;354;373;526;561;662;624;617;641;559;561;415;490;407;366;366;386;294;290;232;220
Mujer;Sin informaci¿n;3;Estrato 5;DESERTORES;;;;;;;;;;;;;;;;;;;0;;;;;;0;1;0;11;50;64;49;46;39;62;117;126;194;206;245;194;230;203;192;176;158;169;103;113;100;106;87;83;52;59
Mujer;Sin informaci¿n;3;Estrato 6;DESERTORES;;;;;;;;;;;;;;;;;;;;;;;;;;0;0;2;17;16;11;18;20;43;53;70;78;78;107;110;85;96;80;69;59;60;46;51;34;31;30;24;26;21
Mujer;Sin informaci¿n;3;Hogares no clasificados;DESERTORES;;;;;;;;;;;;;;;;;;;;;;;;;;;0;0;0;0;0;0;0;0;0;0;;;0;1;0;0;0;0;0;0;0;0;;;;;;
Mujer;Sin informaci¿n;4;Sin informaci¿n;DESERTORES;0;0;304;303;503;534;429;408;375;330;280;323;316;314;350;307;253;154;140;177;115;124;130;329;311;300;253;259;194;251;196;204;235;275;234;167;215;204;184;166;118;115;75;109;58;87;58;69;50;66;49;78;35;48
Mujer;Sin informaci¿n;4;Estrato 1;DESERTORES;;0;0;0;0;0;0;1;0;;0;1;0;0;0;0;0;0;0;1;0;1;0;0;2;1;10;84;687;877;769;758;989;1070;1655;1656;2809;3323;3629;4742;3688;5464;2804;4612;2595;4571;2674;3097;2317;3403;2300;3240;2026;2675
Mujer;Sin informaci¿n;4;Estrato 2;DESERTORES;0;0;1;0;3;0;1;2;2;1;1;1;1;1;1;0;0;1;0;2;0;2;1;2;1;5;8;141;1232;1572;1481;1405;1730;1978;2893;2950;4865;5678;5694;7092;5952;7643;4608;6603;4126;6531;4376;4561;3606;4656;3321;4587;2957;3565
Mujer;Sin informaci¿n;4;Estrato 3;DESERTORES;0;0;1;1;1;0;0;0;1;1;0;0;0;1;0;1;0;0;1;0;1;1;1;2;1;4;8;106;897;1169;1059;996;1094;1290;2186;2315;3510;4057;4216;4637;4234;4790;3281;4023;2976;4014;2798;2681;2427;2882;2125;2527;1803;1903
Mujer;Sin informaci¿n;4;Estrato 4;DESERTORES;;;0;0;0;0;0;0;0;0;0;1;0;2;;0;;;;;;;0;1;0;2;1;31;246;293;240;246;198;276;521;639;872;952;1085;1056;1075;1094;879;867;753;806;646;620;571;592;474;503;358;351
Mujer;Sin informaci¿n;4;Estrato 5;DESERTORES;;;;;;;;;;;0;0;0;0;0;0;0;0;0;0;;;;;;0;1;12;66;83;63;58;64;115;183;229;329;308;360;349;366;401;328;283;236;264;207;175;193;173;126;129;90;84
Mujer;Sin informaci¿n;4;Estrato 6;DESERTORES;;;;;;;;;;;;;;;;;;;;;;;;;0;0;0;7;37;36;29;39;27;63;105;125;178;169;197;189;156;176;151;127;105;112;100;86;66;74;57;48;35;31
Mujer;Sin informaci¿n;4;Hogares no clasificados;DESERTORES;;;;;;;;;;;;;;;;;;;;;;;0;;;;;0;1;0;0;0;0;0;0;1;0;0;1;;1;;;;;0;1;1;0;0;0;0;0;0
Mujer;Sin informaci¿n;5;Sin informaci¿n;DESERTORES;0;0;323;279;504;455;448;420;355;306;300;329;373;346;334;315;236;199;125;210;135;119;142;277;264;265;199;189;206;184;197;180;193;225;182;159;177;189;159;145;91;107;81;99;53;93;48;55;52;84;32;67;40;74
Mujer;Sin informaci¿n;5;Estrato 1;DESERTORES;0;;0;1;0;0;1;1;1;0;;;0;;1;1;1;0;1;0;0;2;0;2;0;4;9;90;692;853;775;782;1004;1078;1567;1539;2631;3119;3193;4437;3382;5198;2494;4239;2295;4286;2344;2839;2083;3048;2119;3101;1885;2642
Mujer;Sin informaci¿n;5;Estrato 2;DESERTORES;0;0;1;0;0;0;1;1;1;1;0;0;0;0;2;1;0;1;1;0;1;0;0;0;3;7;8;125;968;1312;1219;1201;1382;1643;2178;2124;3560;4346;4088;5284;4241;5793;3229;4860;2880;4771;3085;3274;2559;3576;2482;3513;2069;2713
Mujer;Sin informaci¿n;5;Estrato 3;DESERTORES;0;0;0;0;0;2;0;1;1;1;0;0;0;1;0;1;2;2;1;0;0;0;4;1;1;3;4;79;641;815;726;725;753;894;1372;1367;2093;2479;2529;2817;2513;2951;1991;2531;1804;2375;1769;1744;1463;1871;1294;1695;1137;1236
Mujer;Sin informaci¿n;5;Estrato 4;DESERTORES;;;;;;;;;;;;;;;;;;;0;0;0;1;0;0;2;1;1;15;163;182;141;140;98;160;318;312;480;484;541;504;490;531;439;464;368;417;299;331;307;290;220;212;173;158
Mujer;Sin informaci¿n;5;Estrato 5;DESERTORES;;;;;;;;;;;;;;;;;;;;;;;;;0;0;2;10;43;53;40;46;31;82;115;128;196;184;224;197;194;196;160;161;147;137;107;104;105;107;78;79;77;60
Mujer;Sin informaci¿n;5;Estrato 6;DESERTORES;;;;;;;;;;;;;;;;;;;;;;;;;;0;0;3;34;27;23;22;19;33;63;75;93;106;114;114;83;88;93;66;76;67;60;47;50;44;43;30;28;12
Mujer;Sin informaci¿n;5;Hogares no clasificados;DESERTORES;;;;;;;;;;;;;;;;;;;;;;;;;;0;0;0;0;0;0;0;0;1;;;0;1;0;0;;0;0;0;0;0;0;;;;;0;0;
Mujer;Sin informaci¿n;6;Sin informaci¿n;DESERTORES;0;0;138;136;225;207;179;185;176;145;147;188;188;151;146;152;107;97;82;99;78;73;76;122;110;108;103;123;106;77;97;78;109;122;96;85;99;97;85;62;61;57;37;73;28;48;26;42;20;52;22;31;21;34
Mujer;Sin informaci¿n;6;Estrato 1;DESERTORES;0;0;0;0;0;1;0;1;1;0;0;0;0;0;0;2;0;0;;;1;1;0;0;2;3;3;60;443;518;506;489;588;686;955;954;1509;1788;1801;2400;1804;2835;1303;2230;1207;2332;1245;1566;1098;1601;1157;1729;1011;1458
Mujer;Sin informaci¿n;6;Estrato 2;DESERTORES;;;0;;0;1;0;;1;1;0;0;0;1;1;0;1;0;0;0;0;0;1;1;2;3;7;59;432;588;562;587;709;795;973;990;1623;1893;1813;2329;1802;2556;1391;2055;1240;2150;1312;1414;1129;1537;1073;1550;881;1160
Mujer;Sin informaci¿n;6;Estrato 3;DESERTORES;0;0;0;0;0;;;0;0;0;0;0;0;0;0;0;1;0;0;0;0;1;2;0;0;3;5;34;266;377;345;285;348;417;531;583;875;1021;1039;1112;1045;1187;733;1003;661;979;717;690;578;701;521;632;453;499
Mujer;Sin informaci¿n;6;Estrato 4;DESERTORES;;0;;;;;;0;1;;;;;;;;;;;;;0;1;1;2;1;1;12;51;73;60;57;62;67;103;101;146;156;188;183;142;169;130;123;134;157;112;93;88;105;69;104;61;58
Mujer;Sin informaci¿n;6;Estrato 5;DESERTORES;;;;;;;;;;;;;;;;;;;;;;;;0;0;0;1;9;14;26;18;15;12;17;28;36;63;42;62;46;47;43;44;44;33;42;35;36;24;30;24;30;17;20
Mujer;Sin informaci¿n;6;Estrato 6;DESERTORES;;;;;;;;;;;;;;;;;;;;;;;;;;0;0;0;13;7;12;6;10;12;25;32;28;36;41;40;27;31;36;24;23;26;19;17;12;24;13;10;7;7
Mujer;Sin informaci¿n;6;Hogares no clasificados;DESERTORES;;;;;;;;;;;;;;;;;;;;;;;;;;;;;;;;;;0;0;0;0;0;0;0;0;0;0;0;0;0;0;0;;1;0;0;0;2
Mujer;Sin informaci¿n;7;Sin informaci¿n;DESERTORES;0;0;57;52;88;71;79;85;80;60;72;59;74;72;59;61;49;49;39;47;38;39;38;57;68;53;40;49;53;47;47;44;45;50;43;42;40;38;31;39;28;28;21;22;19;17;16;21;20;17;10;22;8;15
Mujer;Sin informaci¿n;7;Estrato 1;DESERTORES;;;0;;;;;;;;;;0;1;0;0;;0;;;;;1;1;0;0;2;24;189;276;228;220;332;367;495;413;709;838;839;1179;862;1415;652;1140;567;1123;594;741;502;808;561;898;467;693
Mujer;Sin informaci¿n;7;Estrato 2;DESERTORES;0;0;0;0;0;0;0;3;1;0;0;0;0;0;0;0;0;;;;1;1;0;1;0;2;4;20;215;264;265;225;303;378;419;408;727;804;780;1032;801;1093;587;917;520;917;574;614;517;683;470;637;425;532
Mujer;Sin informaci¿n;7;Estrato 3;DESERTORES;0;0;0;0;0;0;0;1;0;0;0;0;0;;0;;;;;;;;;0;0;1;1;15;125;132;126;116;134;164;196;211;310;374;361;451;416;476;329;403;281;426;297;284;206;310;214;266;174;233
Mujer;Sin informaci¿n;7;Estrato 4;DESERTORES;;;;;;;;;;;;;;;;;;;;;;0;0;0;0;0;0;4;18;24;14;16;14;22;31;34;57;50;58;44;65;57;40;46;54;56;29;22;34;31;33;38;27;31
Mujer;Sin informaci¿n;7;Estrato 5;DESERTORES;;;;;;;;;;;;;;;;;;;;;;;;;;0;0;0;5;8;5;3;1;9;13;13;18;28;15;16;16;21;12;17;12;19;12;10;8;9;7;6;10;9
Mujer;Sin informaci¿n;7;Estrato 6;DESERTORES;;;;;;;;;;;;;;;;;;;;;;;;;;;0;0;2;4;2;7;3;6;8;6;6;10;12;18;15;10;11;10;10;7;7;4;6;2;0;7;3;1
Mujer;Sin informaci¿n;7;Hogares no clasificados;DESERTORES;;;;;;;;;;;;;;;;;;;;;;;;;;;0;0;0;0;0;0;0;;;;;;;;;;;;;;;;;;;;;
Mujer;Sin informaci¿n;8;Sin informaci¿n;DESERTORES;0;0;24;28;38;43;31;40;33;24;24;31;29;33;18;25;22;20;20;19;12;15;21;31;51;41;30;26;29;30;16;26;27;31;20;20;25;24;24;20;20;16;9;20;7;17;6;11;4;14;3;20;4;17
Mujer;Sin informaci¿n;8;Estrato 1;DESERTORES;;;;;;;;;;;;;;;;;;;;;;0;0;1;0;1;2;16;128;145;140;168;172;222;272;255;415;516;421;616;460;779;336;624;310;576;300;371;283;431;319;415;248;379
Mujer;Sin informaci¿n;8;Estrato 2;DESERTORES;;;;;0;;;;;;;;;;;;;;;;;0;1;0;1;0;1;14;83;147;134;131;148;187;238;193;335;385;384;502;346;534;284;443;255;490;283;309;228;340;223;335;201;278
Mujer;Sin informaci¿n;8;Estrato 3;DESERTORES;;;;0;0;0;0;1;0;0;0;0;0;0;0;;;;;;0;0;1;0;1;0;2;3;59;63;70;51;74;85;119;125;166;201;206;273;209;250;142;212;127;192;145;120;123;160;102;140;83;114
Mujer;Sin informaci¿n;8;Estrato 4;DESERTORES;;;;;;;;;;;;;;;;;;;;;;;;;;0;0;1;11;8;10;11;9;8;20;15;22;23;26;17;24;27;19;27;23;23;13;18;24;14;15;21;9;11
Mujer;Sin informaci¿n;8;Estrato 5;DESERTORES;;;;;;;;;;;;;;;;;;;;;;;;;;0;0;1;3;5;1;0;1;1;7;1;6;7;7;6;5;3;7;10;4;6;5;3;1;3;5;4;1;2
Mujer;Sin informaci¿n;8;Estrato 6;DESERTORES;;;;;;;;;;;;;;;;;;;;;;;;;;;0;0;2;0;1;1;1;3;1;4;0;6;5;2;0;7;6;1;3;0;0;1;2;0;0;2;0;0
Mujer;Sin informaci¿n;8;Hogares no clasificados;DESERTORES;;;;;;;;;;;;;;;;;;;;;;;;;;;;;;;;;;0;0;0;0;0;0;0;0;0;0;0;;;;;;;;;;
Mujer;Sin informaci¿n;9;Sin informaci¿n;DESERTORES;0;0;10;10;17;28;20;22;22;12;11;24;15;20;24;40;46;21;14;27;42;27;18;29;33;27;23;16;18;22;19;24;16;26;14;25;18;19;10;15;9;12;14;10;8;8;8;7;3;10;4;4;2;5
Mujer;Sin informaci¿n;9;Estrato 1;DESERTORES;;;;;;;;;;;;;;;;;;;;;;0;0;0;0;0;1;5;39;68;73;68;87;76;127;109;207;219;187;266;172;319;135;250;117;276;110;176;118;206;156;191;98;160
Mujer;Sin informaci¿n;9;Estrato 2;DESERTORES;;;;;;;;;;;;;;;;;;;;;;;0;0;0;1;2;5;58;77;71;53;82;83;100;92;180;183;148;213;168;272;120;231;113;199;145;144;100;144;91;150;96;143
Mujer;Sin informaci¿n;9;Estrato 3;DESERTORES;;;;;;;;;;;;;;;;;;;;;;;;0;;0;2;3;20;37;33;36;45;32;52;59;67;80;82;115;81;98;58;85;55;100;57;54;48;65;47;66;47;39
Mujer;Sin informaci¿n;9;Estrato 4;DESERTORES;;;;;;;;;;;;;;;;;;;;;;;;;;;0;0;1;3;5;3;2;2;4;5;9;11;7;7;7;12;6;7;5;8;5;5;4;3;5;5;0;5
Mujer;Sin informaci¿n;9;Estrato 5;DESERTORES;;;;;;;;;;;;;;;;;;;;;;;;;;;0;0;0;1;1;1;2;0;4;2;3;5;2;2;3;5;2;2;1;4;0;0;0;1;0;1;1;0
Mujer;Sin informaci¿n;9;Estrato 6;DESERTORES;;;;;;;;;;;;;;;;;;;;;;;;;;0;0;0;0;0;0;2;1;0;0;1;1;1;2;0;2;0;2;0;0;0;1;0;0;3;;;;
Mujer;Sin informaci¿n;10;Sin informaci¿n;DESERTORES;;;;;;;;;;;;;;;;;;;;;0;0;0;2;0;1;0;1;2;0;0;2;1;0;0;3;1;1;0;0;0;0;1;2;;0;0;0;0;0;0;0;0;2
Mujer;Sin informaci¿n;10;Estrato 1;DESERTORES;;;;;;;;;;;;;;;;;;;;;;;0;0;0;0;0;8;27;47;44;42;60;58;90;75;132;152;133;186;126;232;103;192;86;160;99;105;81;144;88;125;77;116
Mujer;Sin informaci¿n;10;Estrato 2;DESERTORES;;;;;;;;;;;;;;;0;0;0;0;0;0;0;0;0;1;1;0;1;5;36;47;39;46;58;57;82;75;98;123;115;165;116;177;77;125;64;133;86;99;57;91;68;79;71;82
Mujer;Sin informaci¿n;10;Estrato 3;DESERTORES;;;;;;;;;;;;;;;;;;;;;;;;;0;0;0;0;24;22;24;20;19;23;42;31;51;63;57;83;49;84;33;65;45;55;45;34;33;48;33;49;17;25
Mujer;Sin informaci¿n;10;Estrato 4;DESERTORES;;;;;;;;;;;;;;;;;;;;;;;;;;0;0;0;2;1;0;0;2;3;3;8;4;4;10;3;3;4;5;8;2;3;4;3;1;1;2;4;2;5
Mujer;Sin informaci¿n;10;Estrato 5;DESERTORES;;;;;;;;;;;;;;;;;;;;;;;;;;;0;0;0;0;1;0;2;1;0;0;2;1;3;1;0;3;2;0;3;0;1;3;2;3;0;1;1;1
Mujer;Sin informaci¿n;10;Estrato 6;DESERTORES;;;;;;;;;;;;;;;;;;;;;;;;;;;0;0;0;0;0;1;0;0;0;1;0;0;1;2;0;0;2;0;0;0;0;0;;;;;;
Mujer;Sin informaci¿n;11;Sin informaci¿n;DESERTORES;;;;;;;;;;;;;;;;;;;;;0;0;2;6;7;3;7;1;3;2;3;2;8;3;4;2;2;4;1;2;3;1;0;2;1;3;2;0;0;1;3;1;1;1
Mujer;Sin informaci¿n;11;Estrato 1;DESERTORES;;;;;;;;;;;;;;;;;;;;;;;;;0;0;0;2;20;22;17;20;36;31;38;34;52;54;62;76;55;94;50;71;57;88;39;52;43;59;31;57;37;49
Mujer;Sin informaci¿n;11;Estrato 2;DESERTORES;;;;;;;;;;;;;;;;;;;;;;;;;0;0;0;0;21;16;24;23;24;21;26;26;44;62;46;69;37;81;34;76;24;55;26;51;29;54;35;43;26;27
Mujer;Sin informaci¿n;11;Estrato 3;DESERTORES;;;0;0;;;;;;;;;;;;;;;;;;;;;;0;1;2;3;10;7;11;11;19;15;18;24;31;31;27;31;28;20;32;11;23;15;16;20;18;18;18;3;16
Mujer;Sin informaci¿n;11;Estrato 4;DESERTORES;;;;;;;;;;;;;;;;;;;;;;;;;0;0;;0;1;1;1;1;0;1;2;1;4;1;0;1;2;2;3;1;1;0;3;3;0;1;2;0;3;0
Mujer;Sin informaci¿n;11;Estrato 5;DESERTORES;;;;;;;;;;;;;;;;;;;;;;;;;;;0;0;0;0;0;0;0;0;0;0;1;1;0;1;0;1;0;0;0;1;0;0;0;1;;0;0;0
Mujer;Sin informaci¿n;11;Estrato 6;DESERTORES;;;;;;;;;;;;;;;;;;;;;;;;;;;0;0;0;;0;1;;;0;1;0;1;0;0;0;0;0;0;0;0;0;0;0;0;0;0;0;0
Mujer;Sin informaci¿n;12;Sin informaci¿n;DESERTORES;;;;;;;;;;;;;;;;;;;;;0;0;1;4;6;5;0;3;4;2;3;2;0;4;5;2;6;10;3;6;2;5;2;3;1;0;1;2;1;1;0;1;2;1
Mujer;Sin informaci¿n;12;Estrato 1;DESERTORES;;;;;;;;;;;;;;;;;;;;;;;;;0;0;1;3;28;37;32;27;33;50;50;51;87;107;95;100;82;121;47;110;60;68;58;80;47;75;34;75;42;46
Mujer;Sin informaci¿n;12;Estrato 2;DESERTORES;;;;;;;;;;;;;;;;;;;;;;;;;0;0;0;1;35;39;50;35;40;77;78;66;111;124;93;124;85;115;58;101;39;107;61;68;45;83;40;86;48;69
Mujer;Sin informaci¿n;12;Estrato 3;DESERTORES;;;;;;;;;;;;;;;;;;;;;;;;;0;0;1;3;19;24;18;26;16;17;45;49;56;81;60;66;56;53;25;44;31;39;35;25;29;38;22;35;15;24
Mujer;Sin informaci¿n;12;Estrato 4;DESERTORES;;;;;;;;;;;;;;;;;;;;;;;;;;;0;0;0;1;3;2;0;4;4;5;8;7;10;5;4;5;5;4;3;7;4;3;2;5;5;3;2;7
Mujer;Sin informaci¿n;12;Estrato 5;DESERTORES;;;;;;;;;;;;;;;;;;;;;;;;;;;0;0;0;1;0;0;0;0;0;3;1;1;3;2;4;0;2;0;1;2;1;0;0;1;3;;;
Mujer;Sin informaci¿n;12;Estrato 6;DESERTORES;;;;;;;;;;;;;;;;;;;;;;;;;;;;0;0;1;0;1;0;0;0;1;0;0;0;1;0;1;0;0;1;1;0;0;;;;;;
Mujer;Sin informaci¿n;13;Estrato 1;DESERTORES;;;;;;;;;;;;;;;;;;;;;;;;;;;;;;;;;;;;;0;0;0;5;15;37;17;25;22;40;13;22;11;20;20;11;9;19
Mujer;Sin informaci¿n;13;Estrato 2;DESERTORES;;;;;;;;;;;;;;;;;;;;;;;;;;;0;0;0;0;0;0;0;1;0;0;0;0;0;2;22;35;22;21;9;37;15;18;21;18;10;18;14;14
Mujer;Sin informaci¿n;13;Estrato 3;DESERTORES;;;;;;;;;;;;;;;;;;;;;;;;;;;;0;0;0;;;;;0;1;0;0;0;3;15;20;16;15;5;20;10;9;7;10;9;9;5;11
Mujer;Sin informaci¿n;13;Estrato 4;DESERTORES;;;;;;;;;;;;;;;;;;;;;;;;;;;;;;;;;;;;;;0;0;0;1;1;2;0;0;2;0;0;0;0;1;1;2;0
Mujer;Sin informaci¿n;13;Estrato 5;DESERTORES;;;;;;;;;;;;;;;;;;;;;;;;;;;;;;;;;;;;;;;0;0;2;0;1;0;0;0;0;0;0;0;0;0;0;0
Mujer;Sin informaci¿n;13;Estrato 6;DESERTORES;;;;;;;;;;;;;;;;;;;;;;;;;;;;;;;;;;;;;;;;;;;;;0;0;;;;;;;;
Mujer;Menos de un salario mínimo;Sin informaci¿n;Sin informaci¿n;DESERTORES;0;0;12;22;33;27;51;51;54;46;42;49;55;50;50;66;47;50;50;59;36;69;70;76;57;80;43;65;45;51;60;60;67;57;48;47;48;40;45;57;36;60;42;48;19;44;16;37;15;35;16;26;18;27
Mujer;Menos de un salario mínimo;Sin informaci¿n;Estrato 1;DESERTORES;0;0;1;2;0;0;7;34;129;242;298;381;520;678;797;995;857;782;735;1112;777;952;1019;990;901;1036;863;887;871;845;870;815;866;835;869;764;840;921;804;790;535;719;379;616;386;634;311;436;274;557;304;547;269;412
Mujer;Menos de un salario mínimo;Sin informaci¿n;Estrato 2;DESERTORES;0;0;2;0;1;3;12;66;225;349;469;614;872;1059;1234;1408;1264;1199;1102;1811;1282;1454;1483;1520;1495;1571;1377;1528;1461;1353;1368;1291;1420;1455;1414;1180;1386;1409;1392;1301;921;1147;704;1086;587;1038;584;761;506;857;516;898;443;724
Mujer;Menos de un salario mínimo;Sin informaci¿n;Estrato 3;DESERTORES;;;;;0;0;0;12;42;74;102;110;167;223;240;277;249;252;212;359;256;270;299;308;273;322;252;317;301;279;276;315;315;304;281;277;312;314;283;280;188;239;150;241;142;246;130;167;110;182;123;177;86;150
Mujer;Menos de un salario mínimo;Sin informaci¿n;Estrato 4;DESERTORES;;;;;0;0;0;2;2;6;5;8;4;11;18;18;11;8;10;14;9;8;16;12;14;10;14;3;9;7;10;8;18;2;16;13;8;10;8;11;8;4;7;8;5;10;2;4;3;6;3;2;6;4
Mujer;Menos de un salario mínimo;Sin informaci¿n;Estrato 5;DESERTORES;;;;;;0;0;1;2;1;3;1;2;2;1;1;4;3;0;4;3;1;1;3;1;4;2;9;2;0;2;4;5;5;2;4;2;1;4;2;2;2;1;3;2;0;3;1;0;2;1;2;1;3
Mujer;Menos de un salario mínimo;Sin informaci¿n;Estrato 6;DESERTORES;;;;;;;;;0;0;0;0;0;0;2;1;1;0;0;0;1;1;0;0;3;0;0;0;0;1;0;0;0;0;1;0;2;;0;0;;;;;0;1;0;0;0;0;;;;
Mujer;Menos de un salario mínimo;1;Sin informaci¿n;DESERTORES;0;0;3;2;2;0;2;2;6;6;5;2;9;6;3;3;1;2;5;5;2;4;4;5;6;9;6;2;3;6;4;5;3;6;4;4;5;1;3;1;6;3;1;7;2;4;2;2;2;6;1;5;2;3
Mujer;Menos de un salario mínimo;2;Sin informaci¿n;DESERTORES;0;0;14;18;32;23;34;43;32;38;38;42;55;38;52;68;50;53;35;62;36;48;52;56;49;61;46;34;36;52;39;47;51;45;48;48;41;318;121;1070;1280;846;785;604;490;590;582;295;221;196;153;120;104;78
Mujer;Menos de un salario mínimo;3;Sin informaci¿n;DESERTORES;0;0;33;56;73;220;158;200;491;104;121;116;109;97;93;121;105;93;73;140;105;93;203;202;178;189;162;181;143;166;131;190;184;147;179;144;155;144;129;168;104;114;83;101;67;105;55;62;54;77;44;65;42;67
Mujer;Menos de un salario mínimo;4;Sin informaci¿n;DESERTORES;0;0;56;92;107;91;141;175;146;161;155;160;150;184;154;201;169;121;136;214;158;168;202;152;174;179;174;195;152;171;166;411;335;292;318;254;309;267;237;446;623;482;303;303;212;229;136;149;104;144;69;128;67;106
Mujer;Menos de un salario mínimo;5;Sin informaci¿n;DESERTORES;0;0;58;91;127;112;154;202;210;182;168;206;180;219;170;201;205;169;174;232;194;195;233;233;198;213;195;212;163;188;232;222;205;241;182;187;214;199;211;200;136;166;97;175;93;135;80;95;81;132;70;98;63;102
Mujer;Menos de un salario mínimo;6;Sin informaci¿n;DESERTORES;0;0;42;85;102;93;128;162;159;146;155;136;138;159;160;180;115;147;118;177;142;151;168;163;162;168;132;138;147;168;166;149;158;153;149;123;171;180;168;147;101;129;81;133;62;140;63;84;57;103;57;114;54;83
Mujer;Menos de un salario mínimo;7;Sin informaci¿n;DESERTORES;0;0;33;53;64;47;84;106;93;77;96;85;99;97;92;106;88;79;66;127;78;95;119;112;115;127;93;107;95;102;117;94;96;118;113;87;108;109;119;94;71;80;52;76;34;82;53;42;33;63;22;52;34;56
Mujer;Menos de un salario mínimo;8;Sin informaci¿n;DESERTORES;0;0;17;27;46;38;37;52;42;54;48;48;48;56;55;51;58;55;48;75;46;70;53;81;71;70;69;47;76;68;73;70;65;65;59;57;62;61;77;47;44;55;37;49;23;58;28;33;21;36;21;35;25;37
Mujer;Menos de un salario mínimo;9;Sin informaci¿n;DESERTORES;0;0;22;25;25;25;32;45;33;41;34;38;39;41;46;51;33;37;24;37;31;41;33;47;55;55;37;42;36;34;53;35;48;45;46;45;53;38;36;52;32;37;21;37;19;40;17;12;23;34;11;29;12;25
Mujer;Entre 1 y menos de 2 salarios mínimos;Sin informaci¿n;Sin informaci¿n;DESERTORES;0;0;37;70;91;72;112;108;91;101;104;107;124;91;115;147;106;98;106;123;93;123;120;130;118;111;108;121;105;101;99;119;111;119;104;88;108;109;117;89;80;92;57;87;39;75;40;64;30;64;40;74;27;52
Mujer;Entre 1 y menos de 2 salarios mínimos;Sin informaci¿n;Estrato 1;DESERTORES;0;0;4;4;6;4;13;66;248;378;471;525;729;858;1139;1099;988;927;883;1199;836;1030;1019;1020;998;972;813;791;849;788;789;715;725;784;754;673;722;782;730;676;451;559;346;558;298;531;271;379;273;422;282;479;231;341
Mujer;Entre 1 y menos de 2 salarios mínimos;Sin informaci¿n;Estrato 2;DESERTORES;0;0;9;14;13;9;38;231;883;1336;1901;2085;2977;3625;3987;4540;4108;3763;3432;5961;3749;4232;4337;4155;3713;4072;3550;3907;3385;3212;3239;3127;3115;3271;3029;2789;3015;3052;2966;2690;1945;2263;1454;2262;1245;2201;1169;1642;1058;1829;1078;1878;976;1533
Mujer;Entre 1 y menos de 2 salarios mínimos;Sin informaci¿n;Estrato 3;DESERTORES;0;0;2;2;0;2;8;89;380;449;647;727;1100;1389;1458;1459;1352;1359;1186;1983;1396;1380;1508;1441;1274;1329;1156;1323;1115;1169;1164;1103;1166;1109;1063;939;1061;1083;1060;983;769;810;517;801;463;748;374;520;351;654;378;646;348;469
Mujer;Entre 1 y menos de 2 salarios mínimos;Sin informaci¿n;Estrato 4;DESERTORES;;;0;0;0;0;1;4;14;31;27;31;62;66;60;72;59;54;54;65;68;51;50;44;50;35;38;40;50;28;26;37;30;46;32;31;36;34;23;29;18;19;13;25;13;21;17;10;12;19;6;22;9;14
Mujer;Entre 1 y menos de 2 salarios mínimos;Sin informaci¿n;Estrato 5;DESERTORES;;;;;0;0;1;2;5;5;8;11;6;10;13;10;10;12;10;18;7;9;11;7;7;5;5;4;9;11;3;6;6;8;11;5;3;3;4;4;6;4;4;6;2;7;1;7;5;4;3;5;1;6
Mujer;Entre 1 y menos de 2 salarios mínimos;Sin informaci¿n;Estrato 6;DESERTORES;;;;;;0;0;0;0;0;2;2;1;3;3;5;0;3;4;3;3;1;0;1;3;1;1;1;2;1;3;2;0;0;4;4;1;1;1;0;1;1;1;2;0;1;0;1;0;0;1;1;0;1
Mujer;Entre 1 y menos de 2 salarios mínimos;1;Sin informaci¿n;DESERTORES;0;0;9;10;11;7;9;15;11;8;8;12;9;7;10;11;9;7;8;9;5;9;9;6;12;5;8;2;6;5;10;7;7;7;8;5;8;4;1;6;2;5;3;7;3;4;1;4;2;2;6;2;1;0
Mujer;Entre 1 y menos de 2 salarios mínimos;1;Estrato 1;DESERTORES;;;;;;;;;;;;;;;;;;;;;0;0;0;3;25;21;33;35;24;20;20;24;38;51;51;40;51;44;34;38;35;23;20;25;13;30;22;14;22;24;16;23;11;20
Mujer;Entre 1 y menos de 2 salarios mínimos;1;Estrato 2;DESERTORES;;;;;;;;;;0;;0;0;;;;;;;;0;1;0;0;4;3;9;11;9;8;7;9;22;14;23;12;17;13;17;8;9;10;7;9;9;14;11;7;7;11;5;9;3;7
Mujer;Entre 1 y menos de 2 salarios mínimos;1;Estrato 3;DESERTORES;;;;;;;0;0;0;0;;;;;;;;;;;;0;1;1;3;0;4;2;1;3;6;3;7;6;6;6;6;7;4;1;2;1;0;2;5;7;0;2;1;1;3;1;2;2
Mujer;Entre 1 y menos de 2 salarios mínimos;1;Estrato 4;DESERTORES;;;;;;;;;;;;;;;;;;;;;;;0;0;0;1;1;1;2;0;0;0;0;2;2;0;0;0;0;2;1;0;1;0;0;1;0;;;;;;;
Mujer;Entre 1 y menos de 2 salarios mínimos;1;Estrato 5;DESERTORES;;;;;;;;;;;;;;;;;;;;;;;0;0;0;1;1;0;0;0;0;0;0;0;1;1;0;0;1;0;;;;;0;1;0;0;0;0;0;0;0;
Mujer;Entre 1 y menos de 2 salarios mínimos;1;Estrato 6;DESERTORES;;;;;;;;;;;;;;;;;;;;;;;;;;;0;;0;;;;;0;;;;;1;;;;;;;;;;;;;;;
Mujer;Entre 1 y menos de 2 salarios mínimos;2;Sin informaci¿n;DESERTORES;0;0;50;67;103;83;143;142;138;140;149;131;135;156;131;132;110;98;89;137;111;101;111;105;97;108;96;107;84;105;104;95;97;103;89;70;106;81;91;77;66;86;44;75;49;63;43;41;43;55;32;54;32;46
Mujer;Entre 1 y menos de 2 salarios mínimos;2;Estrato 1;DESERTORES;;;;;;;;;;;;;;;;;;0;;;;0;1;3;40;43;65;69;58;74;86;109;156;149;187;165;213;202;163;173;143;159;93;149;64;159;72;104;74;96;68;129;71;97
Mujer;Entre 1 y menos de 2 salarios mínimos;2;Estrato 2;DESERTORES;;;;;;;;;;;;;;;;;;;;;;0;0;8;50;61;64;82;66;78;143;120;152;183;203;192;206;180;158;188;142;138;82;132;93;138;64;101;71;98;74;104;63;79
Mujer;Entre 1 y menos de 2 salarios mínimos;2;Estrato 3;DESERTORES;0;0;0;0;0;0;0;0;0;0;0;0;0;;0;0;0;0;;;0;1;1;2;12;15;24;32;33;40;36;37;48;67;53;54;59;61;49;51;38;37;31;35;28;36;26;32;16;29;24;30;17;24
Mujer;Entre 1 y menos de 2 salarios mínimos;2;Estrato 4;DESERTORES;;;;;;;;;;;;;;;;;;;;;;;0;0;1;2;4;3;2;5;4;1;3;6;5;6;6;2;4;0;2;0;1;2;0;1;3;3;2;3;1;0;1;1
Mujer;Entre 1 y menos de 2 salarios mínimos;2;Estrato 5;DESERTORES;;;;;;;;;;;;;;;;;;;;;;;0;0;0;0;;;1;1;0;0;1;0;0;0;0;1;0;1;0;0;0;0;0;1;0;0;0;0;0;2;;
Mujer;Entre 1 y menos de 2 salarios mínimos;2;Estrato 6;DESERTORES;;;;;;;;;;;;;;;;;;;;;;;;;;;0;0;;;;;;;;0;1;0;0;1;0;0;0;;0;;0;0;0;0;0;;;
Mujer;Entre 1 y menos de 2 salarios mínimos;3;Sin informaci¿n;DESERTORES;0;0;148;214;323;289;394;436;401;359;353;402;387;374;331;431;315;251;255;405;287;316;350;308;267;344;305;431;355;346;343;352;366;336;361;348;502;396;293;456;309;287;232;313;150;235;138;153;114;205;106;194;67;139
Mujer;Entre 1 y menos de 2 salarios mínimos;3;Estrato 1;DESERTORES;;;;;;;;;;;;;;;;;;;;;0;0;0;12;137;150;203;216;213;225;343;368;544;605;633;539;688;624;494;615;441;532;339;422;304;431;245;273;225;321;208;397;232;317
Mujer;Entre 1 y menos de 2 salarios mínimos;3;Estrato 2;DESERTORES;;;;;;0;0;0;;;;0;1;0;0;0;1;;;0;1;0;2;7;105;134;190;219;218;234;340;273;471;512;526;452;519;535;432;464;360;439;233;363;230;341;197;223;190;311;178;279;137;213
Mujer;Entre 1 y menos de 2 salarios mínimos;3;Estrato 3;DESERTORES;;;;;;;;;;;;;;0;;;;;;;;0;1;2;35;41;62;72;62;69;88;95;119;166;154;130;152;132;135;135;85;93;62;91;56;79;56;55;45;67;47;66;34;63
Mujer;Entre 1 y menos de 2 salarios mínimos;3;Estrato 4;DESERTORES;;;;;;;;;;;;;;;;;;;;;;0;0;1;0;4;13;10;4;6;6;6;6;11;5;9;6;9;1;6;4;4;4;2;0;7;5;2;4;2;2;5;0;4
Mujer;Entre 1 y menos de 2 salarios mínimos;3;Estrato 5;DESERTORES;;;;;;;;;;;;;;;;;;;;;;0;0;0;0;1;0;1;2;1;1;1;1;0;1;0;1;0;2;2;1;3;1;0;0;1;0;2;0;0;0;0;0;1
Mujer;Entre 1 y menos de 2 salarios mínimos;3;Estrato 6;DESERTORES;;;;;;;;;;;;;;;;;;;;;;;0;0;0;1;1;0;0;0;0;0;0;1;0;1;0;0;0;0;;;;1;1;0;0;0;;0;2;0;;
Mujer;Entre 1 y menos de 2 salarios mínimos;4;Sin informaci¿n;DESERTORES;0;0;262;387;575;530;674;838;723;697;695;703;759;737;681;725;595;527;523;767;539;608;630;627;559;582;571;600;542;522;551;547;520;495;509;468;561;489;493;456;318;377;245;402;225;385;165;285;206;311;182;329;143;251
Mujer;Entre 1 y menos de 2 salarios mínimos;4;Estrato 1;DESERTORES;;;;;0;0;;;;;;;;;;;;1;;;2;1;1;32;200;243;320;373;420;428;640;637;889;1046;1128;964;1200;1185;966;1065;799;1011;565;753;485;751;498;494;361;637;411;717;354;599
Mujer;Entre 1 y menos de 2 salarios mínimos;4;Estrato 2;DESERTORES;;;;;;;;;;;;;;;;;;;0;0;0;0;0;22;153;183;304;330;304;311;541;512;657;750;781;699;816;805;594;685;553;593;410;521;324;526;315;307;251;414;264;424;246;312
Mujer;Entre 1 y menos de 2 salarios mínimos;4;Estrato 3;DESERTORES;;;;;;0;;;;;;;;;;;;;;;;0;1;2;41;45;78;84;85;73;108;107;159;192;171;162;183;167;156;169;116;121;89;100;70;121;65;70;61;76;60;65;55;53
Mujer;Entre 1 y menos de 2 salarios mínimos;4;Estrato 4;DESERTORES;;;;;;;;;;;;;;;;;;;;;;0;0;0;5;3;6;6;6;5;5;9;12;10;5;7;13;8;11;14;5;10;5;8;6;10;3;3;2;4;3;7;3;6
Mujer;Entre 1 y menos de 2 salarios mínimos;4;Estrato 5;DESERTORES;;;;;;;;;;;;;;;;;;;;;;;0;0;1;1;0;1;0;1;0;1;0;1;4;0;1;2;0;1;2;1;0;1;1;1;0;0;1;0;0;2;0;0
Mujer;Entre 1 y menos de 2 salarios mínimos;4;Estrato 6;DESERTORES;;;;;;;;;;;;;;;;;;;;;;;;0;0;2;0;4;1;0;2;2;0;1;1;2;2;0;2;0;0;0;1;0;0;0;0;2;0;1;1;0;0;0
Mujer;Entre 1 y menos de 2 salarios mínimos;5;Sin informaci¿n;DESERTORES;0;0;332;443;620;509;762;936;790;758;807;877;813;844;748;871;764;650;626;896;683;660;683;731;701;744;646;625;658;741;704;748;707;741;715;624;722;736;661;814;666;661;449;546;355;514;303;383;246;399;248;384;196;327
Mujer;Entre 1 y menos de 2 salarios mínimos;5;Estrato 1;DESERTORES;;;;;;0;;;;;;0;;;;;;;;;1;1;0;20;195;223;384;396;420;388;678;663;974;1046;1212;1022;1291;1285;952;1098;778;942;552;785;471;798;469;538;417;619;428;683;352;597
Mujer;Entre 1 y menos de 2 salarios mínimos;5;Estrato 2;DESERTORES;;;;;;0;;;;;;;;;;;;;;;0;1;1;17;125;173;236;290;237;307;444;383;493;631;707;609;702;695;539;603;512;538;349;437;287;457;265;308;232;357;233;376;215;324
Mujer;Entre 1 y menos de 2 salarios mínimos;5;Estrato 3;DESERTORES;0;0;0;0;0;0;0;0;0;0;0;0;;;;;;;;;0;0;0;4;24;36;39;48;54;62;90;67;118;132;117;132;117;142;106;121;91;107;72;94;54;76;42;68;42;70;41;74;49;56
Mujer;Entre 1 y menos de 2 salarios mínimos;5;Estrato 4;DESERTORES;;;;;;;;;;;;;;;;;;;;;;0;0;0;4;2;3;5;5;5;2;4;6;7;8;7;6;3;7;1;2;2;5;4;2;6;2;5;3;2;2;2;2;2
Mujer;Entre 1 y menos de 2 salarios mínimos;5;Estrato 5;DESERTORES;;;;;;;;;;;;;;;;;;;;;;;0;0;1;1;2;2;0;0;2;1;0;0;0;1;4;1;0;3;1;0;2;0;1;0;0;2;0;0;0;1;0;0
Mujer;Entre 1 y menos de 2 salarios mínimos;5;Estrato 6;DESERTORES;;;;;;;;;;;;;;;;;;;;;;;0;0;0;0;0;0;0;1;0;1;0;0;1;1;1;0;0;1;1;0;1;1;0;0;0;0;;;0;;;
Mujer;Entre 1 y menos de 2 salarios mínimos;6;Sin informaci¿n;DESERTORES;0;0;214;305;405;337;486;602;544;533;447;516;569;555;512;531;483;384;381;581;413;481;505;562;436;643;497;557;525;510;518;501;482;485;518;477;512;549;459;470;374;417;260;362;205;355;195;224;158;272;138;283;160;208
Mujer;Entre 1 y menos de 2 salarios mínimos;6;Estrato 1;DESERTORES;;;;;;;;;;;;;;;;;;;;0;0;1;0;9;136;149;208;260;273;272;438;412;628;750;764;685;898;859;629;724;524;614;369;511;314;533;287;332;285;417;246;457;255;371
Mujer;Entre 1 y menos de 2 salarios mínimos;6;Estrato 2;DESERTORES;;;;;;;;;;;;;;;;;;0;;;0;1;0;9;83;98;143;158;180;182;275;209;284;349;381;319;374;395;298;330;248;331;196;238;174;255;135;209;144;192;135;200;109;177
Mujer;Entre 1 y menos de 2 salarios mínimos;6;Estrato 3;DESERTORES;;;;;;;;;;;;0;;;;;;;;;0;1;0;0;16;18;38;28;37;31;51;40;55;59;76;63;66;65;56;57;35;56;39;42;33;36;32;28;22;28;24;29;16;20
Mujer;Entre 1 y menos de 2 salarios mínimos;6;Estrato 4;DESERTORES;;;;;;;;;;;;;;;;;;;;;;;0;0;0;0;0;3;2;3;2;3;2;5;1;3;3;4;3;4;1;3;2;2;0;1;0;0;2;1;0;1;0;4
Mujer;Entre 1 y menos de 2 salarios mínimos;6;Estrato 5;DESERTORES;;;;;;;;;;;;;;;;;;;;;;;0;0;1;0;2;0;1;1;1;0;0;0;0;1;0;1;2;1;1;1;;;;0;1;0;1;1;0;0;;
Mujer;Entre 1 y menos de 2 salarios mínimos;6;Estrato 6;DESERTORES;;;;;;;;;;;;;;;;;;;;;;;0;0;0;0;0;0;0;0;1;0;0;0;0;1;0;0;0;1;0;0;0;;;1;0;0;;1;1;0;0;0
Mujer;Entre 1 y menos de 2 salarios mínimos;7;Sin informaci¿n;DESERTORES;0;0;117;164;222;174;240;337;284;290;242;312;255;285;249;305;232;236;207;287;198;250;275;272;228;285;238;285;248;252;221;241;236;250;234;219;248;214;238;215;174;200;118;208;94;203;107;126;89;170;73;155;68;110
Mujer;Entre 1 y menos de 2 salarios mínimos;7;Estrato 1;DESERTORES;;;;;;;;;;;;;;;;;;;;;0;0;1;5;79;104;135;164;143;130;259;257;330;351;423;357;463;497;357;396;330;351;206;266;187;337;184;220;152;227;190;282;140;216
Mujer;Entre 1 y menos de 2 salarios mínimos;7;Estrato 2;DESERTORES;;;;;;;;;;;;;;;;;;;;;;0;0;3;28;46;69;95;81;78;116;116;138;145;191;135;191;173;123;172;126;136;79;126;84;124;71;85;71;103;57;95;45;75
Mujer;Entre 1 y menos de 2 salarios mínimos;7;Estrato 3;DESERTORES;;;;;;;;;;;;;;;;;;;;;;0;0;1;6;5;15;13;18;8;19;13;27;41;30;24;27;31;21;25;20;25;9;16;11;20;12;14;8;18;8;14;14;11
Mujer;Entre 1 y menos de 2 salarios mínimos;7;Estrato 4;DESERTORES;;;;;;;;;;;;;;;;;;;;;;0;0;0;1;1;3;0;2;2;0;2;3;2;0;0;3;3;1;0;2;0;1;1;0;1;0;0;0;1;1;0;0;
Mujer;Entre 1 y menos de 2 salarios mínimos;7;Estrato 5;DESERTORES;;;;;;;;;;;;;;;;;;;;;;;;;;0;0;0;0;0;0;0;0;0;1;0;0;1;0;0;1;1;1;1;1;0;0;0;0;0;0;0;0;0
Mujer;Entre 1 y menos de 2 salarios mínimos;7;Estrato 6;DESERTORES;;;;;;;;;;;;;;;;;;;;;;;;;;0;;0;1;0;1;0;2;0;2;0;0;2;;1;;;;1;1;0;0;0;;0;;;;
Mujer;Entre 1 y menos de 2 salarios mínimos;8;Sin informaci¿n;DESERTORES;0;0;49;75;110;83;143;141;128;123;140;129;138;136;135;174;139;114;101;149;107;125;158;145;140;140;132;122;134;109;148;120;125;142;130;113;111;131;129;114;92;96;61;117;55;102;55;64;50;90;50;89;41;73
Mujer;Entre 1 y menos de 2 salarios mínimos;8;Estrato 1;DESERTORES;;;;;;;;;;;;;;;;;;;;;0;0;0;1;54;74;73;101;90;107;164;156;190;242;268;208;297;298;218;246;180;208;128;163;111;149;94;118;78;142;118;149;93;122
Mujer;Entre 1 y menos de 2 salarios mínimos;8;Estrato 2;DESERTORES;;;;;;;;;;;;;;;;;;;;;0;0;0;0;17;25;39;48;45;48;68;67;92;111;105;88;118;95;94;104;57;89;54;59;51;56;45;40;41;53;32;64;38;46
Mujer;Entre 1 y menos de 2 salarios mínimos;8;Estrato 3;DESERTORES;;;;;;;;;;;;;;;;;;;;;;0;0;0;8;4;11;11;9;8;16;11;13;16;19;19;19;19;21;21;14;13;10;19;11;16;11;6;8;8;2;10;3;9
Mujer;Entre 1 y menos de 2 salarios mínimos;8;Estrato 4;DESERTORES;;;;;;;;;;;;;;;;;;;;;;;0;0;0;0;0;0;0;0;0;0;1;1;0;1;1;1;0;1;0;1;1;2;1;1;0;0;0;1;1;;;
Mujer;Entre 1 y menos de 2 salarios mínimos;8;Estrato 5;DESERTORES;;;;;;;;;;;;;;;;;;;;;;;;;;;;;0;0;0;0;1;;0;1;1;0;0;0;;;;;;;;;;;;;;
Mujer;Entre 1 y menos de 2 salarios mínimos;8;Estrato 6;DESERTORES;;;;;;;;;;;;;;;;;;;;;;;;;;;;;;;;;;;;;;;;;;;;;;;;;;;;0;0;0
Mujer;Entre 1 y menos de 2 salarios mínimos;9;Sin informaci¿n;DESERTORES;0;0;36;57;67;62;75;88;98;80;87;86;65;95;92;89;73;58;64;107;69;87;91;91;104;128;85;102;86;87;93;98;82;76;84;65;77;82;94;80;61;82;44;57;34;64;33;38;28;42;22;40;27;37
Mujer;Entre 1 y menos de 2 salarios mínimos;9;Estrato 1;DESERTORES;;;;;;;;;;;;;;;;;;;;;0;0;2;3;21;24;44;51;53;40;56;80;87;103;111;104;137;127;118;105;76;92;72;88;45;103;47;56;39;63;55;75;40;61
Mujer;Entre 1 y menos de 2 salarios mínimos;9;Estrato 2;DESERTORES;;;;;;;;;;;;;;;;;;;;;;0;0;1;14;17;21;25;29;29;25;32;44;46;57;34;50;59;47;54;33;39;23;17;21;31;16;22;15;35;11;17;14;31
Mujer;Entre 1 y menos de 2 salarios mínimos;9;Estrato 3;DESERTORES;;;;;;;;;;;;;;;;;;;;;;;0;0;2;5;1;3;7;4;2;5;11;11;4;7;14;7;7;5;8;6;8;11;7;7;3;2;2;1;4;1;4;3
Mujer;Entre 1 y menos de 2 salarios mínimos;9;Estrato 4;DESERTORES;;;;;;;;;;;;;;;;;;;;;;0;;;0;1;2;0;0;0;0;0;0;0;0;0;1;2;1;0;1;1;0;1;0;1;1;0;0;1;1;0;1;0
Mujer;Entre 1 y menos de 2 salarios mínimos;9;Estrato 5;DESERTORES;;;;;;;;;;;;;;;;;;;;;;;;;;;;;;;;;0;0;0;0;;;0;;;;;;;;;;;;;;;
Mujer;Entre 1 y menos de 2 salarios mínimos;9;Estrato 6;DESERTORES;;;;;;;;;;;;;;;;;;;;;;;0;0;0;0;0;0;0;0;0;0;0;0;0;0;1;0;1;0;0;;;;;;;;;;;;;
Mujer;Entre 1 y menos de 2 salarios mínimos;10;Sin informaci¿n;DESERTORES;;;;;;;;;;;;;;;;;;;;;;;0;0;0;1;1;0;1;0;0;1;2;0;1;0;2;0;0;4;1;2;1;2;1;1;0;0;1;1;0;0;1;0
Mujer;Entre 1 y menos de 2 salarios mínimos;10;Estrato 1;DESERTORES;;;;;;;;;;;;;;;;;;;;;;0;0;1;21;20;27;30;20;28;45;47;67;56;86;81;82;95;66;77;63;52;30;56;27;56;29;29;32;44;35;50;30;33
Mujer;Entre 1 y menos de 2 salarios mínimos;10;Estrato 2;DESERTORES;;;;;;;;;;;;;;;;;;;;;;0;0;0;8;15;10;17;16;17;31;25;21;31;31;23;37;46;36;47;25;28;21;25;18;31;13;13;11;25;12;32;19;11
Mujer;Entre 1 y menos de 2 salarios mínimos;10;Estrato 3;DESERTORES;;;;;;;;;;;;;;;;;;;;;0;;0;1;1;2;2;2;1;5;4;3;5;4;13;4;7;12;15;10;7;9;6;8;0;13;5;0;5;3;5;3;2;3
Mujer;Entre 1 y menos de 2 salarios mínimos;10;Estrato 4;DESERTORES;;;;;;;;;;;;;;;;;;;;;;;0;0;0;0;2;0;0;0;2;1;0;0;0;0;0;0;0;0;0;0;0;;1;;0;0;0;0;;;;0
Mujer;Entre 1 y menos de 2 salarios mínimos;10;Estrato 5;DESERTORES;;;;;;;;;;;;;;;;;;;;;;;0;0;0;0;1;0;0;1;0;0;1;0;;0;0;1;;;;;;;0;1;0;0;0;0;;;;
Mujer;Entre 1 y menos de 2 salarios mínimos;11;Sin informaci¿n;DESERTORES;;;;;;;;;;;;;;;;;;;;;;;0;0;1;0;1;0;1;1;0;0;0;0;0;0;0;0;2;1;0;;1;;;0;1;0;0;0;;;;
Mujer;Entre 1 y menos de 2 salarios mínimos;11;Estrato 1;DESERTORES;;;;;;;;;;;;;;;;;;;;;;0;0;1;11;5;14;13;15;24;19;18;25;22;32;34;39;42;28;33;22;30;15;30;15;17;14;16;9;24;16;22;3;13
Mujer;Entre 1 y menos de 2 salarios mínimos;11;Estrato 2;DESERTORES;;;;;;;;;;;;;;;;;;;;;;0;0;0;4;3;5;8;3;7;12;13;17;17;17;17;22;24;14;17;12;11;8;8;7;13;4;4;5;14;2;4;4;2
Mujer;Entre 1 y menos de 2 salarios mínimos;11;Estrato 3;DESERTORES;;;;;;;;;;;;;;;;;;;;;;;0;0;0;1;1;0;1;2;2;5;3;3;2;2;5;2;3;4;5;0;4;7;1;2;0;1;2;5;0;4;1;0
Mujer;Entre 1 y menos de 2 salarios mínimos;11;Estrato 4;DESERTORES;;;;;;;;;;;;;;;;;;;;;;;0;0;0;0;0;0;;0;0;0;0;0;0;0;0;0;0;0;0;0;;;;0;2;0;0;1;0;1;0;0
Mujer;Entre 1 y menos de 2 salarios mínimos;11;Estrato 5;DESERTORES;;;;;;;;;;;;;;;;;;;;;;;;;;;0;0;0;;0;;;;;;;;;;0;1;0;0;;0;0;;;;;;;
Mujer;Entre 1 y menos de 2 salarios mínimos;12;Sin informaci¿n;DESERTORES;;;;;;;;;;;;;;;;;;;;;;;;0;0;1;1;3;0;0;1;0;1;1;1;0;1;1;0;1;1;1;0;1;1;0;0;0;1;1;1;0;1;0
Mujer;Entre 1 y menos de 2 salarios mínimos;12;Estrato 1;DESERTORES;;;;;;;;;;;;;;;;;;;;;;0;0;1;5;19;15;19;25;19;26;36;37;43;57;50;58;67;60;64;44;43;17;34;17;42;17;32;24;40;26;27;17;25
Mujer;Entre 1 y menos de 2 salarios mínimos;12;Estrato 2;DESERTORES;0;;;;;;;;;;;;;;;;;;;;;0;1;0;3;4;11;9;18;16;19;15;24;23;33;22;34;37;21;38;28;28;15;27;11;25;17;11;15;18;15;21;5;16
Mujer;Entre 1 y menos de 2 salarios mínimos;12;Estrato 3;DESERTORES;;;;;;;;;;;;;;;;;;;;;;;0;0;2;8;3;3;6;4;7;5;9;15;9;5;6;18;2;9;8;10;7;11;4;12;5;5;5;4;4;6;0;5
Mujer;Entre 1 y menos de 2 salarios mínimos;12;Estrato 4;DESERTORES;;;;;;;;;;;;;;;;;;;;;;;;;0;;0;1;0;0;1;0;;;;;;;1;0;0;0;0;0;0;0;1;1;0;0;0;0;0;1
Mujer;Entre 1 y menos de 2 salarios mínimos;12;Estrato 5;DESERTORES;;;;;;;;;;;;;;;;;;;;;;;;;;;;;;;;0;0;0;0;0;;;;;;;;;;;0;0;;;;;;
Mujer;Entre 1 y menos de 2 salarios mínimos;12;Estrato 6;DESERTORES;;;;;;;;;;;;;;;;;;;;;;;0;0;0;0;0;0;0;0;0;0;0;0;0;;;;;;;;0;1;0;0;0;0;0;;;;;
Mujer;Entre 2 y menos de 3 salarios mínimos;Sin informaci¿n;Sin informaci¿n;DESERTORES;0;0;33;44;51;48;73;87;73;91;78;78;85;88;91;100;71;61;71;96;52;77;86;71;60;66;56;62;81;58;64;55;55;60;64;49;58;77;54;44;36;43;23;48;28;34;18;19;16;35;16;31;13;20
Mujer;Entre 2 y menos de 3 salarios mínimos;Sin informaci¿n;Estrato 1;DESERTORES;0;0;1;3;1;2;8;27;127;144;207;218;345;343;430;406;384;330;324;460;320;335;333;352;254;307;261;275;225;255;204;202;194;213;193;169;204;203;204;167;135;143;95;153;95;138;79;95;94;120;68;110;66;90
Mujer;Entre 2 y menos de 3 salarios mínimos;Sin informaci¿n;Estrato 2;DESERTORES;0;0;8;8;11;12;21;173;522;715;1044;1280;1681;1897;2203;2402;2201;1928;1830;3119;1808;2009;1985;1939;1575;1736;1579;1604;1364;1320;1319;1305;1259;1183;1084;1024;1056;1132;1057;958;721;833;565;784;501;753;402;567;409;615;378;635;347;563
Mujer;Entre 2 y menos de 3 salarios mínimos;Sin informaci¿n;Estrato 3;DESERTORES;0;0;4;2;1;8;12;140;637;708;952;1097;1480;1585;1651;1695;1563;1446;1306;2232;1478;1421;1435;1380;1134;1178;1090;1078;914;937;849;826;825;817;785;635;716;703;713;586;515;547;345;483;332;473;247;373;266;402;226;435;248;314
Mujer;Entre 2 y menos de 3 salarios mínimos;Sin informaci¿n;Estrato 4;DESERTORES;;;;;0;0;0;7;19;25;46;52;73;81;85;66;70;65;71;104;75;70;73;59;50;40;37;39;25;37;32;24;32;33;22;23;36;36;35;22;15;19;20;19;14;21;8;18;13;20;9;11;6;11
Mujer;Entre 2 y menos de 3 salarios mínimos;Sin informaci¿n;Estrato 5;DESERTORES;0;;0;;0;1;0;0;2;8;11;17;16;21;22;18;14;21;14;29;14;9;16;13;13;7;7;11;9;8;9;4;9;4;7;8;7;7;3;8;1;5;5;5;1;4;3;2;3;8;3;2;2;1
Mujer;Entre 2 y menos de 3 salarios mínimos;Sin informaci¿n;Estrato 6;DESERTORES;;;;;;0;0;0;1;2;3;2;3;3;3;1;3;4;5;4;6;1;5;3;5;3;0;4;1;0;2;2;2;1;0;0;3;1;0;1;1;0;0;1;0;0;0;1;1;0;0;0;2;0
Mujer;Entre 2 y menos de 3 salarios mínimos;1;Sin informaci¿n;DESERTORES;0;0;1;6;3;7;5;3;3;7;3;7;9;4;5;5;4;0;3;2;3;4;1;3;3;3;2;3;2;2;3;4;2;1;3;3;5;4;1;3;0;1;0;4;2;3;1;0;0;3;1;1;1;0
Mujer;Entre 2 y menos de 3 salarios mínimos;1;Estrato 1;DESERTORES;0;0;0;0;0;0;0;0;0;0;0;0;;;;0;;;;;;0;1;3;11;11;18;13;19;18;23;23;20;27;19;24;26;20;22;21;27;14;10;16;9;23;8;15;12;11;17;13;9;17
Mujer;Entre 2 y menos de 3 salarios mínimos;1;Estrato 2;DESERTORES;;;;;;;;;;;;;;;;;;;;;;0;0;2;14;14;11;15;7;11;14;14;21;26;23;20;26;19;20;15;15;20;9;12;12;17;5;10;5;9;3;11;7;7
Mujer;Entre 2 y menos de 3 salarios mínimos;1;Estrato 3;DESERTORES;;;;;;;;;;;;;;;;;0;0;0;0;0;0;0;2;9;4;10;8;6;7;1;6;15;8;12;8;12;7;11;12;5;10;2;8;2;5;2;4;4;6;1;3;0;5
Mujer;Entre 2 y menos de 3 salarios mínimos;1;Estrato 4;DESERTORES;;;;;;;;;;;;;;;;;;;;;;0;0;0;1;2;1;3;0;0;0;0;3;1;5;1;0;1;2;2;0;2;1;1;0;0;1;1;0;1;0;1;;
Mujer;Entre 2 y menos de 3 salarios mínimos;1;Estrato 5;DESERTORES;;;;;;;;;;;;;;;;;;;;;;;;;;0;0;0;0;0;0;0;0;0;0;1;0;0;0;;;0;0;0;0;0;0;1;0;0;0;;;
Mujer;Entre 2 y menos de 3 salarios mínimos;1;Estrato 6;DESERTORES;;;;;;;;;;;;;;;;;;;;;;0;0;;;0;1;0;;0;1;0;0;0;0;0;0;;;;;;;;;;;;;;;;;
Mujer;Entre 2 y menos de 3 salarios mínimos;2;Sin informaci¿n;DESERTORES;0;0;50;63;89;90;106;96;103;94;90;81;84;100;69;93;71;52;52;77;58;59;50;52;59;66;60;46;48;43;47;55;36;47;39;36;43;43;35;33;22;29;24;40;17;24;16;31;11;27;9;33;11;19
Mujer;Entre 2 y menos de 3 salarios mínimos;2;Estrato 1;DESERTORES;;;;;;;;;;;;;;;;;;;;;0;0;0;5;38;32;56;49;59;54;111;86;128;146;163;121;177;156;126;110;113;108;82;99;50;97;63;74;54;73;52;79;44;66
Mujer;Entre 2 y menos de 3 salarios mínimos;2;Estrato 2;DESERTORES;;;;;;0;;;;;;;;;;;;;0;1;0;1;0;13;91;139;185;185;189;195;246;260;331;420;388;351;379;399;313;349;252;262;216;246;153;246;155;166;119;194;124;170;105;152
Mujer;Entre 2 y menos de 3 salarios mínimos;2;Estrato 3;DESERTORES;;0;0;0;0;0;;;;0;1;0;0;0;0;0;0;0;0;0;0;0;0;3;55;93;137;162;125;120;179;192;247;260;243;217;229;235;193;219;136;173;101;151;111;117;68;82;80;89;66;86;50;77
Mujer;Entre 2 y menos de 3 salarios mínimos;2;Estrato 4;DESERTORES;;;;;;;;;;;;;;;;;;;;;0;0;1;0;10;20;18;23;21;22;22;19;25;34;23;21;23;16;22;22;14;21;7;9;10;15;8;6;6;7;5;1;2;4
Mujer;Entre 2 y menos de 3 salarios mínimos;2;Estrato 5;DESERTORES;;;;;;;;;;;;;;;;;;;;;;;0;0;1;4;1;5;4;1;1;3;4;9;8;7;4;2;6;3;3;6;1;1;1;4;2;0;3;0;2;2;1;0
Mujer;Entre 2 y menos de 3 salarios mínimos;2;Estrato 6;DESERTORES;;;;;;;;;;;;;;;;;;;;;;0;0;0;0;0;1;1;1;0;2;2;0;1;0;1;1;0;1;0;0;3;1;3;0;1;1;0;0;0;1;2;0;0
Mujer;Entre 2 y menos de 3 salarios mínimos;3;Sin informaci¿n;DESERTORES;0;0;185;186;309;259;346;388;337;307;296;342;310;351;264;313;239;214;201;265;215;196;198;200;171;204;197;204;196;183;180;175;179;204;183;159;177;238;166;153;2111;1906;1116;1042;633;1507;366;278;261;396;236;187;138;173
Mujer;Entre 2 y menos de 3 salarios mínimos;3;Estrato 1;DESERTORES;;;;;;;;;;;;;;;;;0;0;1;;0;1;3;14;172;165;256;253;235;249;422;367;528;602;568;519;617;580;504;565;388;484;306;367;250;421;249;249;202;321;218;309;195;264
Mujer;Entre 2 y menos de 3 salarios mínimos;3;Estrato 2;DESERTORES;;;0;;;0;;;;;;1;;;;;;2;2;1;0;0;4;39;301;410;560;663;578;631;873;865;1166;1395;1307;1163;1264;1258;1117;1223;906;946;690;890;540;810;486;553;439;637;385;641;354;496
Mujer;Entre 2 y menos de 3 salarios mínimos;3;Estrato 3;DESERTORES;;0;0;0;0;0;0;0;0;0;0;1;0;1;0;;1;0;0;1;0;0;1;34;170;248;394;437;395;370;552;497;719;791;750;644;732;693;534;656;489;530;346;457;318;418;260;305;218;280;189;305;156;227
Mujer;Entre 2 y menos de 3 salarios mínimos;3;Estrato 4;DESERTORES;;;;;;;;;;;;;;;;;;;;;0;0;0;2;19;21;29;42;43;41;69;54;78;68;74;67;63;55;52;46;34;48;34;52;24;31;12;17;17;34;15;10;9;18
Mujer;Entre 2 y menos de 3 salarios mínimos;3;Estrato 5;DESERTORES;;;;;;;;;;;;;;;;;;;;0;0;0;0;1;1;6;6;7;5;9;12;12;10;16;6;4;4;6;9;9;6;2;1;8;3;5;6;1;3;0;4;4;1;1
Mujer;Entre 2 y menos de 3 salarios mínimos;3;Estrato 6;DESERTORES;;;;;;;;;;;;;;;;;;;;;;;0;0;0;0;3;2;0;1;4;1;2;2;2;2;4;2;3;1;3;2;0;0;1;0;0;1;2;3;0;1;0;2
Mujer;Entre 2 y menos de 3 salarios mínimos;4;Sin informaci¿n;DESERTORES;0;0;357;386;593;541;734;812;711;683;632;689;683;737;577;639;526;459;404;610;438;426;429;459;388;405;387;399;364;364;342;341;329;332;322;309;306;334;331;299;205;245;154;258;138;227;110;172;121;196;111;208;92;153
Mujer;Entre 2 y menos de 3 salarios mínimos;4;Estrato 1;DESERTORES;;0;0;0;0;0;1;0;;;;;0;;;;;1;1;;1;1;4;25;250;329;527;511;479;488;780;744;1011;1277;1204;1108;1263;1257;969;1076;827;1060;630;788;504;800;497;509;418;589;425;610;357;477
Mujer;Entre 2 y menos de 3 salarios mínimos;4;Estrato 2;DESERTORES;0;0;0;;0;2;0;1;0;0;0;0;1;0;0;0;1;0;0;1;1;1;5;70;530;691;1059;1098;1094;1162;1714;1555;2203;2789;2385;2339;2444;2473;2196;2364;1750;1926;1335;1713;1102;1571;918;1109;814;1149;750;1206;659;892
Mujer;Entre 2 y menos de 3 salarios mínimos;4;Estrato 3;DESERTORES;;;;;;;;;;;0;0;;;;;1;2;0;2;1;1;4;42;309;407;586;615;573;595;849;800;1108;1298;1185;1060;1098;1056;1028;1074;817;851;620;716;519;636;431;425;399;516;342;439;292;352
Mujer;Entre 2 y menos de 3 salarios mínimos;4;Estrato 4;DESERTORES;;;;;;;;;;;;;;;;;0;0;0;;0;1;0;3;35;46;59;53;55;41;71;95;86;85;92;81;77;77;59;80;55;57;39;59;30;37;22;26;19;32;23;26;15;21
Mujer;Entre 2 y menos de 3 salarios mínimos;4;Estrato 5;DESERTORES;;;;;;;;;;;;;;;;;;;;;;0;0;1;8;7;11;6;5;6;11;14;17;13;21;17;14;15;10;17;7;9;6;17;4;7;1;4;4;6;4;2;0;5
Mujer;Entre 2 y menos de 3 salarios mínimos;4;Estrato 6;DESERTORES;;;;;;;;;;;;;;;;;;;;;;0;0;0;0;0;0;1;5;3;3;5;3;4;2;4;3;4;1;1;3;1;2;2;0;2;2;2;2;0;2;2;1;1
Mujer;Entre 2 y menos de 3 salarios mínimos;5;Sin informaci¿n;DESERTORES;0;0;370;470;637;596;766;887;806;738;673;791;799;786;729;772;684;555;514;677;453;594;539;522;446;500;435;504;481;369;412;424;384;398;421;352;357;349;380;328;227;289;215;290;167;300;121;188;142;219;139;216;144;189
Mujer;Entre 2 y menos de 3 salarios mínimos;5;Estrato 1;DESERTORES;;;;;;;0;0;1;;;;0;1;0;1;0;0;0;2;0;0;3;30;279;332;537;535;532;505;788;797;1106;1230;1253;1153;1329;1346;1041;1141;914;1042;611;865;548;797;495;566;440;640;408;655;377;545
Mujer;Entre 2 y menos de 3 salarios mínimos;5;Estrato 2;DESERTORES;;;;;;;;;;;;0;;;;;;0;2;1;0;0;4;40;434;630;871;991;1034;1023;1401;1263;1720;2111;2067;1911;1976;2092;1759;1931;1385;1606;1031;1320;934;1331;846;886;682;1008;703;1024;580;818
Mujer;Entre 2 y menos de 3 salarios mínimos;5;Estrato 3;DESERTORES;;;;;;;0;0;0;;;0;;;;;1;1;0;0;0;1;2;25;190;261;409;470;441;440;551;583;733;942;905;780;829;758;737;764;537;613;436;547;378;510;321;343;258;345;272;379;218;293
Mujer;Entre 2 y menos de 3 salarios mínimos;5;Estrato 4;DESERTORES;;;;;;;;;;;;;;;;;;;;;;0;0;2;24;19;39;34;42;38;36;49;59;80;55;52;53;60;56;52;44;51;30;21;23;27;17;23;22;22;13;16;7;22
Mujer;Entre 2 y menos de 3 salarios mínimos;5;Estrato 5;DESERTORES;;;;;;;;;;;;;;;;;;;;;0;0;0;2;6;2;8;8;6;8;8;3;8;7;15;6;9;10;14;3;6;5;6;3;0;7;1;1;0;2;2;5;3;2
Mujer;Entre 2 y menos de 3 salarios mínimos;5;Estrato 6;DESERTORES;;;;;;;;;;;;;;;;;;;;;;0;0;0;0;2;7;2;2;4;6;2;4;4;2;3;0;3;0;1;4;4;0;1;0;3;0;0;0;0;0;1;0;1
Mujer;Entre 2 y menos de 3 salarios mínimos;6;Sin informaci¿n;DESERTORES;0;0;243;274;396;336;473;567;516;470;432;462;459;511;469;457;393;354;297;426;346;297;379;365;297;316;293;327;290;262;277;273;516;513;440;432;444;406;305;614;691;1080;614;528;366;370;247;232;193;218;140;214;127;157
Mujer;Entre 2 y menos de 3 salarios mínimos;6;Estrato 1;DESERTORES;;;;;;;;;;;;0;;;;;;;;;0;1;1;15;164;198;265;322;310;298;477;494;610;736;703;645;855;817;630;717;499;678;360;489;333;466;308;324;252;388;266;441;252;333
Mujer;Entre 2 y menos de 3 salarios mínimos;6;Estrato 2;DESERTORES;0;;;0;1;0;0;0;0;0;0;0;;;;0;0;0;0;;0;1;4;28;230;306;446;491;515;493;649;629;853;1092;1040;924;1074;1017;845;1019;662;815;543;658;472;708;413;458;345;583;363;566;304;445
Mujer;Entre 2 y menos de 3 salarios mínimos;6;Estrato 3;DESERTORES;0;;0;;0;0;0;;;;;;;;;;;;;;0;1;1;18;73;137;187;210;206;203;322;314;350;423;373;364;407;410;341;347;252;292;201;261;170;231;129;147;107;169;136;205;106;124
Mujer;Entre 2 y menos de 3 salarios mínimos;6;Estrato 4;DESERTORES;;;;;;;;;;;;;;;;;;;;;;0;0;1;8;14;14;21;20;16;26;23;25;53;26;19;36;17;28;29;23;29;12;12;12;14;14;9;6;12;6;13;7;15
Mujer;Entre 2 y menos de 3 salarios mínimos;6;Estrato 5;DESERTORES;;;;;;;;;;;;;;;;;;;;;0;0;1;0;3;1;2;4;4;5;3;3;5;4;4;7;4;10;7;4;2;3;0;5;4;6;3;3;1;2;0;2;2;2
Mujer;Entre 2 y menos de 3 salarios mínimos;6;Estrato 6;DESERTORES;;;;;;;;;;;;;;;;;;;;;;0;0;0;1;2;1;4;5;1;1;0;2;2;1;0;0;3;2;1;0;2;1;2;0;0;1;1;0;1;1;1;1;0
Mujer;Entre 2 y menos de 3 salarios mínimos;7;Sin informaci¿n;DESERTORES;0;0;115;144;213;177;222;283;209;256;209;225;247;254;210;235;253;199;167;255;183;224;205;200;176;180;177;178;203;164;184;148;187;152;374;364;325;293;182;802;713;588;561;826;540;391;289;249;173;166;120;172;105;116
Mujer;Entre 2 y menos de 3 salarios mínimos;7;Estrato 1;DESERTORES;;;;;;;;;;;;;;;;;;;;;0;0;1;7;90;91;158;177;182;151;222;220;290;369;367;307;379;421;297;366;278;297;199;281;166;222;153;180;115;212;153;216;119;171
Mujer;Entre 2 y menos de 3 salarios mínimos;7;Estrato 2;DESERTORES;;;;0;0;;;;;;;;;;;;;;;;0;1;0;16;105;137;214;226;197;206;316;265;354;491;372;393;502;469;389;412;328;385;215;336;191;310;183;240;159;243;160;232;179;238
Mujer;Entre 2 y menos de 3 salarios mínimos;7;Estrato 3;DESERTORES;;;;;;;;;;;;;;;;;;;;;0;0;1;6;35;54;70;75;98;101;116;129;148;172;171;146;164;174;137;151;112;118;100;116;72;113;77;76;60;72;58;71;43;68
Mujer;Entre 2 y menos de 3 salarios mínimos;7;Estrato 4;DESERTORES;;;;;;;;;;;;;;;;;;;;;;0;0;0;3;9;8;6;10;2;10;10;15;13;7;6;11;3;10;15;8;6;11;13;7;6;5;6;2;3;0;6;2;2
Mujer;Entre 2 y menos de 3 salarios mínimos;7;Estrato 5;DESERTORES;;;;;;;;;;;;;;;;;;;;;;0;0;1;0;3;5;0;1;0;0;0;2;3;0;0;1;1;0;2;1;0;0;2;0;2;0;0;2;0;0;0;1;1
Mujer;Entre 2 y menos de 3 salarios mínimos;7;Estrato 6;DESERTORES;;;;;;;;;;;;;;;;;;;;;;;0;0;1;;0;1;1;0;0;0;1;1;1;1;2;0;1;0;0;1;0;0;1;0;0;0;0;0;;;;0
Mujer;Entre 2 y menos de 3 salarios mínimos;8;Sin informaci¿n;DESERTORES;0;0;45;65;98;87;109;123;114;105;98;108;119;135;125;112;97;81;82;117;64;97;100;93;75;75;84;89;89;71;83;74;74;85;86;62;57;86;85;54;49;67;42;68;29;53;25;45;29;51;33;42;19;36
Mujer;Entre 2 y menos de 3 salarios mínimos;8;Estrato 1;DESERTORES;;;;;;0;;0;;;;;;;;;;1;;;1;1;0;5;49;55;88;79;82;85;136;132;152;209;210;174;237;222;145;188;153;164;103;147;87;125;77;95;54;96;78;110;48;105
Mujer;Entre 2 y menos de 3 salarios mínimos;8;Estrato 2;DESERTORES;;;;;;;;;;;;;;;;;;;;;;0;0;4;43;69;88;104;99;125;158;155;202;251;237;188;250;249;243;232;186;179;119;149;92;159;96;111;82;127;81;130;59;107
Mujer;Entre 2 y menos de 3 salarios mínimos;8;Estrato 3;DESERTORES;;;;;;;;;;;;;;;;;;;;;0;0;1;2;26;25;32;43;46;46;61;64;74;104;89;82;74;82;64;70;54;63;54;62;40;42;36;47;33;38;30;37;25;45
Mujer;Entre 2 y menos de 3 salarios mínimos;8;Estrato 4;DESERTORES;;;;;;;;;;;;;;;;;;;;;;;0;0;0;2;4;3;1;3;8;4;6;7;10;4;5;6;6;3;6;3;5;6;1;2;2;0;1;1;3;0;0;3
Mujer;Entre 2 y menos de 3 salarios mínimos;8;Estrato 5;DESERTORES;;;;;;;;;;;;;;;;;;;;;;0;0;0;0;0;1;0;0;0;1;2;1;0;2;0;1;2;2;1;3;1;1;0;0;0;0;1;0;1;0;1;0;1
Mujer;Entre 2 y menos de 3 salarios mínimos;8;Estrato 6;DESERTORES;;;;;;;;;;;;;;;;;;;;;;;0;0;0;0;1;1;0;1;2;0;0;1;0;1;0;0;0;1;2;1;0;0;0;0;0;0;;0;1;0;0;0
Mujer;Entre 2 y menos de 3 salarios mínimos;9;Sin informaci¿n;DESERTORES;0;0;37;32;51;47;61;73;76;63;62;63;56;62;69;69;64;45;50;64;49;53;58;51;35;59;39;56;48;36;42;58;49;56;47;53;41;47;47;49;29;35;17;40;14;34;25;25;16;15;16;32;16;32
Mujer;Entre 2 y menos de 3 salarios mínimos;9;Estrato 1;DESERTORES;;;;;;;;;;;;;;;0;0;;;;;0;1;1;4;21;31;40;48;42;39;67;60;82;90;87;73;127;106;67;87;98;91;53;64;38;68;49;52;32;54;35;64;25;53
Mujer;Entre 2 y menos de 3 salarios mínimos;9;Estrato 2;DESERTORES;;;;;;;;;;;;;;;;;;;;;;0;0;2;28;35;37;41;63;50;67;62;88;91;105;93;123;114;109;96;82;96;59;89;45;75;39;51;27;69;45;54;22;52
Mujer;Entre 2 y menos de 3 salarios mínimos;9;Estrato 3;DESERTORES;;;;;;;;;;;;;;;;;;;;;0;0;1;2;12;11;16;13;22;32;30;27;37;52;39;39;48;42;30;37;17;33;19;28;22;31;16;12;18;29;9;13;14;21
Mujer;Entre 2 y menos de 3 salarios mínimos;9;Estrato 4;DESERTORES;;;;;;;;;;;;;;;;;;;;;;;0;0;0;1;1;1;2;2;1;0;1;3;4;0;1;2;2;3;2;1;0;2;0;2;0;1;1;0;1;2;0;0
Mujer;Entre 2 y menos de 3 salarios mínimos;9;Estrato 5;DESERTORES;;;;;;;;;;;;;;;;;;;;;;;0;0;0;1;0;0;1;0;0;1;1;1;4;2;0;1;3;1;0;1;0;0;1;0;0;0;0;1;0;0;0;1
Mujer;Entre 2 y menos de 3 salarios mínimos;9;Estrato 6;DESERTORES;;;;;;;;;;;;;;;;;;;;;;;;;0;0;0;0;0;0;0;0;1;0;0;0;0;0;1;1;0;0;;;;;;;;;;;;
Mujer;Entre 2 y menos de 3 salarios mínimos;10;Sin informaci¿n;DESERTORES;;;;;;;;;;;;;;;;;;;;;;;0;0;0;1;0;0;0;1;0;0;0;0;0;0;0;0;0;;;;;;;0;0;;0;0;0;0;0;0
Mujer;Entre 2 y menos de 3 salarios mínimos;10;Estrato 1;DESERTORES;;;;;;;;;;;;;;;;;;;;;0;0;0;3;16;19;30;27;26;26;43;52;51;58;57;59;73;86;46;54;40;64;29;42;27;40;26;36;27;31;22;39;20;34
Mujer;Entre 2 y menos de 3 salarios mínimos;10;Estrato 2;DESERTORES;;;;;;;;;;;;;;;;;;;;;0;0;0;1;13;26;36;35;32;32;52;41;78;70;89;84;78;82;77;72;59;64;27;51;30;57;30;40;25;43;26;42;19;29
Mujer;Entre 2 y menos de 3 salarios mínimos;10;Estrato 3;DESERTORES;;;;;;;;;;;;;;;;;;;;;;0;0;2;6;11;11;15;16;15;23;12;18;26;34;22;21;31;22;31;20;27;19;19;6;12;20;12;7;12;8;17;10;8
Mujer;Entre 2 y menos de 3 salarios mínimos;10;Estrato 4;DESERTORES;;;;;;;;;;;;;;;;;;;;;;;0;0;0;0;0;0;2;0;2;0;2;0;1;1;2;0;3;1;0;3;0;2;1;2;0;1;0;2;0;0;2;0
Mujer;Entre 2 y menos de 3 salarios mínimos;10;Estrato 5;DESERTORES;;;;;;;;;;;;;;;;;;;;;;0;0;0;0;0;0;0;0;1;0;0;0;1;1;0;0;0;0;0;0;0;0;0;1;0;;;0;0;;;;
Mujer;Entre 2 y menos de 3 salarios mínimos;10;Estrato 6;DESERTORES;;;;;;;;;;;;;;;;;;;;;;;;;;;;;;0;0;0;0;0;0;0;0;0;0;0;0;0;0;0;0;0;0;0;0;1;0;0;;
Mujer;Entre 2 y menos de 3 salarios mínimos;11;Sin informaci¿n;DESERTORES;;;;;;;;;;;;;;;;;;;;;;;;;;;;;;;;0;0;0;0;0;0;0;0;;;0;1;;;;;;;;;;;
Mujer;Entre 2 y menos de 3 salarios mínimos;11;Estrato 1;DESERTORES;;;;;;;;;;;;;0;;;;;;;;;0;1;0;6;4;16;13;12;16;17;10;22;35;30;31;28;31;14;32;15;25;12;20;15;28;9;12;7;11;9;27;7;15
Mujer;Entre 2 y menos de 3 salarios mínimos;11;Estrato 2;DESERTORES;;;;;;;;;;;;;;;;;;;;;;0;0;1;9;9;15;23;19;26;25;27;28;38;39;36;41;35;26;44;30;24;21;32;19;28;14;26;11;28;13;18;10;20
Mujer;Entre 2 y menos de 3 salarios mínimos;11;Estrato 3;DESERTORES;;;;;;;;;;;;;;;;;;;;;;;0;0;3;7;2;10;9;7;16;13;7;16;15;20;17;13;18;17;7;10;12;8;7;10;8;3;7;9;2;11;2;4
Mujer;Entre 2 y menos de 3 salarios mínimos;11;Estrato 4;DESERTORES;;;;;;;;;;;;;;;;;;;;;;;0;0;0;1;0;1;0;0;0;0;1;4;0;1;1;1;2;1;1;1;0;1;2;1;0;1;0;;1;1;0;
Mujer;Entre 2 y menos de 3 salarios mínimos;11;Estrato 5;DESERTORES;;;;;;;;;;;;;;;;;;;;;;;0;0;;;;;;;;;;;;;;;;;;;;;;;;;;;;;;
Mujer;Entre 2 y menos de 3 salarios mínimos;11;Estrato 6;DESERTORES;;;;;;;;;;;;;;;;;;;;;;;;;0;0;0;;0;1;0;0;0;0;0;1;0;1;0;1;1;0;0;0;0;0;0;0;0;0;0;0;;
Mujer;Entre 2 y menos de 3 salarios mínimos;12;Sin informaci¿n;DESERTORES;;;;;;;;;;;;;;;;;;;;;;;;;0;0;0;2;1;0;1;0;0;1;2;0;1;1;1;1;0;0;1;0;0;0;0;;1;3;0;0;0;0
Mujer;Entre 2 y menos de 3 salarios mínimos;12;Estrato 1;DESERTORES;;;;;;;;;;;;;;;;;;;;;;0;0;1;11;20;18;17;24;17;24;34;52;33;64;45;53;58;47;57;36;57;23;38;33;45;20;19;20;38;22;25;20;27
Mujer;Entre 2 y menos de 3 salarios mínimos;12;Estrato 2;DESERTORES;;;;;;;;;;;;;;;;;;;;;;0;0;1;12;25;20;22;42;47;57;37;67;83;76;60;97;95;58;83;60;67;37;43;37;60;43;38;25;49;21;47;18;44
Mujer;Entre 2 y menos de 3 salarios mínimos;12;Estrato 3;DESERTORES;;;;;;;;;;;;;;;;;;;;;;0;0;0;4;4;16;27;12;20;20;11;20;40;30;25;41;42;24;25;25;25;19;19;17;29;17;21;8;14;10;23;8;9
Mujer;Entre 2 y menos de 3 salarios mínimos;12;Estrato 4;DESERTORES;;;;;;;;;;;;;;;;;;;;;;;0;0;2;0;0;0;3;0;0;2;1;1;1;2;0;0;1;5;0;1;0;1;0;0;0;1;0;1;;1;2;
Mujer;Entre 2 y menos de 3 salarios mínimos;12;Estrato 5;DESERTORES;;;;;;;;;;;;;;;;;;;;;;;;;0;0;1;0;0;0;;0;0;0;1;1;0;1;0;0;0;1;0;0;0;0;0;0;0;;;;;
Mujer;Entre 2 y menos de 3 salarios mínimos;12;Estrato 6;DESERTORES;;;;;;;;;;;;;;;;;;;;;;;;0;0;0;0;;;;;0;1;0;0;0;0;;;0;;;0;1;;;0;;;;;;;
Mujer;Entre 3 y menos de 5 salarios mínimos;Sin informaci¿n;Sin informaci¿n;DESERTORES;0;0;28;30;55;39;52;59;59;45;56;52;63;50;50;44;48;31;27;48;42;38;33;47;37;32;36;29;31;31;32;25;34;24;28;24;25;39;34;31;16;29;22;26;18;25;8;15;10;23;8;12;15;11
Mujer;Entre 3 y menos de 5 salarios mínimos;Sin informaci¿n;Estrato 1;DESERTORES;0;0;0;1;2;0;5;17;39;62;69;91;136;148;175;125;126;117;114;142;107;139;104;122;97;98;90;96;79;64;59;62;68;62;53;62;56;73;42;48;40;50;27;36;25;50;25;25;19;30;19;25;23;21
Mujer;Entre 3 y menos de 5 salarios mínimos;Sin informaci¿n;Estrato 2;DESERTORES;0;0;3;5;11;6;13;110;335;389;612;645;873;957;1168;1024;961;917;834;1411;756;894;828;837;671;678;566;557;522;481;471;432;435;435;420;373;367;326;352;307;229;280;221;272;136;242;134;170;122;184;118;209;113;155
Mujer;Entre 3 y menos de 5 salarios mínimos;Sin informaci¿n;Estrato 3;DESERTORES;0;0;5;2;2;4;13;132;673;723;1045;1048;1487;1554;1659;1743;1530;1527;1262;2195;1324;1337;1386;1236;1086;961;883;845;695;729;646;602;517;523;475;451;460;434;468;394;326;327;249;316;176;306;151;223;141;220;152;249;135;213
Mujer;Entre 3 y menos de 5 salarios mínimos;Sin informaci¿n;Estrato 4;DESERTORES;;;;;0;0;2;8;38;25;44;46;81;81;89;108;66;80;65;100;97;79;62;70;50;47;39;40;33;38;22;30;29;26;21;16;15;10;18;19;13;15;15;16;6;16;4;12;8;12;6;9;4;8
Mujer;Entre 3 y menos de 5 salarios mínimos;Sin informaci¿n;Estrato 5;DESERTORES;;;;;;0;0;2;13;9;15;16;32;32;36;24;28;32;15;30;23;26;19;13;17;12;11;16;9;9;6;12;8;4;6;4;7;1;7;3;3;5;2;5;0;2;0;1;1;2;2;2;1;2
Mujer;Entre 3 y menos de 5 salarios mínimos;Sin informaci¿n;Estrato 6;DESERTORES;;;;;;0;0;1;0;0;4;3;3;7;5;5;10;4;5;2;5;3;3;4;6;2;2;2;2;5;3;2;3;1;0;2;1;1;0;0;0;1;1;0;0;0;1;0;;1;0;0;1;0
Mujer;Entre 3 y menos de 5 salarios mínimos;1;Sin informaci¿n;DESERTORES;0;0;0;2;4;3;4;6;2;3;4;3;3;2;3;3;1;5;2;1;1;2;0;1;1;2;2;1;0;1;2;1;2;1;1;2;2;0;1;2;1;0;0;0;0;0;0;1;0;0;;;;
Mujer;Entre 3 y menos de 5 salarios mínimos;1;Estrato 1;DESERTORES;;;;;;;;;;;;;;;;;;;;;;;0;0;3;0;5;3;3;2;3;3;1;4;5;6;3;4;1;4;2;1;5;3;0;3;5;3;1;1;1;1;0;2
Mujer;Entre 3 y menos de 5 salarios mínimos;1;Estrato 2;DESERTORES;;;;;;;;;;;;;;;;;;;;;;0;0;1;4;3;4;5;5;2;1;6;3;7;3;4;4;3;3;5;3;3;0;3;3;1;1;5;4;2;0;1;0;0
Mujer;Entre 3 y menos de 5 salarios mínimos;1;Estrato 3;DESERTORES;;;;;;;;;;;;;;;;;;;;;;0;0;2;1;4;2;6;8;2;2;6;7;6;3;0;5;6;4;4;5;3;0;3;1;3;0;3;3;2;3;2;0;0
Mujer;Entre 3 y menos de 5 salarios mínimos;1;Estrato 4;DESERTORES;;;;;;;;;;;;;;;;;;;;;0;0;0;2;0;0;0;2;0;2;1;2;2;0;0;1;0;1;0;0;1;0;1;0;0;1;0;2;0;0;1;;0;0
Mujer;Entre 3 y menos de 5 salarios mínimos;1;Estrato 5;DESERTORES;;;;;;;;;;;;;;;;;;;;;;;;0;0;0;0;1;0;0;1;0;0;0;1;1;;;0;;;;;;;;;;1;1;0;1;0;0
Mujer;Entre 3 y menos de 5 salarios mínimos;2;Sin informaci¿n;DESERTORES;0;0;61;63;61;64;117;85;97;72;61;84;72;79;61;61;56;45;37;60;35;26;22;31;24;27;28;27;19;29;30;26;21;26;20;17;26;18;22;19;21;17;9;12;8;19;5;14;7;15;8;10;6;10
Mujer;Entre 3 y menos de 5 salarios mínimos;2;Estrato 1;DESERTORES;;;;;;;;;;;;;;;;;;;;;;0;0;1;7;12;8;12;10;10;15;11;13;23;21;20;17;17;13;12;15;15;13;9;9;20;7;10;12;10;7;6;1;4
Mujer;Entre 3 y menos de 5 salarios mínimos;2;Estrato 2;DESERTORES;0;0;0;;;;;;;;;;;;;;;;0;0;0;0;2;3;28;30;58;68;41;49;71;69;77;94;88;105;83;75;74;85;47;75;44;42;41;46;28;47;18;37;29;49;20;25
Mujer;Entre 3 y menos de 5 salarios mínimos;2;Estrato 3;DESERTORES;;;;0;0;0;0;0;0;0;0;0;0;;;;;;0;;;0;1;6;41;49;87;75;79;82;112;75;122;132;111;107;127;119;78;86;88;79;58;68;57;50;29;40;30;34;21;37;22;23
Mujer;Entre 3 y menos de 5 salarios mínimos;2;Estrato 4;DESERTORES;;0;0;0;0;;;;;;;;;0;;;;;;;;1;1;1;14;17;26;16;22;18;19;26;35;35;32;33;25;22;27;30;21;12;13;15;11;8;5;8;6;7;5;7;4;3
Mujer;Entre 3 y menos de 5 salarios mínimos;2;Estrato 5;DESERTORES;;;;;;;;;;;;;;;;;;;;;;0;0;2;2;1;3;5;7;5;11;6;6;8;10;7;8;8;4;7;5;4;0;2;2;4;0;3;0;2;2;0;1;1
Mujer;Entre 3 y menos de 5 salarios mínimos;2;Estrato 6;DESERTORES;;;;;;;;;;;;;;;;;;;;;;;0;0;1;0;1;3;2;1;1;1;0;1;3;1;3;0;1;1;0;1;1;0;;0;0;;0;1;;0;0;
Mujer;Entre 3 y menos de 5 salarios mínimos;3;Sin informaci¿n;DESERTORES;0;0;175;197;261;243;320;304;295;240;206;244;248;229;192;211;173;161;153;181;149;127;113;117;113;96;93;120;76;97;89;103;93;74;88;75;71;72;87;61;41;64;29;60;42;54;22;48;29;42;23;37;24;35
Mujer;Entre 3 y menos de 5 salarios mínimos;3;Estrato 1;DESERTORES;;;;;;;;;;;;;;;;;;;;;0;0;0;1;15;27;39;40;34;30;51;61;65;116;67;83;86;88;78;78;52;61;47;49;29;47;40;27;34;34;22;29;26;27
Mujer;Entre 3 y menos de 5 salarios mínimos;3;Estrato 2;DESERTORES;0;0;0;0;;;;;;;;;;;;;;0;;;0;1;1;11;119;146;249;267;226;224;297;322;387;469;445;365;403;375;353;354;261;297;218;251;180;220;129;161;91;154;121;157;98;138
Mujer;Entre 3 y menos de 5 salarios mínimos;3;Estrato 3;DESERTORES;0;0;0;0;0;0;0;0;0;0;0;0;0;0;0;0;1;0;0;;0;1;2;22;149;161;304;295;283;284;366;412;488;588;433;442;410;440;401;377;305;316;249;306;197;227;155;151;124;160;119;140;83;114
Mujer;Entre 3 y menos de 5 salarios mínimos;3;Estrato 4;DESERTORES;;;;;;;;;;;;;;;;;;;;;0;0;0;5;32;31;69;61;61;63;65;64;106;100;60;91;71;79;76;81;51;72;39;38;33;39;20;23;22;19;19;14;12;12
Mujer;Entre 3 y menos de 5 salarios mínimos;3;Estrato 5;DESERTORES;0;;;;;;;;;;;;;;;;;;;;;0;1;1;8;13;21;18;14;17;17;15;25;16;20;26;12;18;18;13;12;13;9;10;3;5;6;5;7;3;1;5;4;6
Mujer;Entre 3 y menos de 5 salarios mínimos;3;Estrato 6;DESERTORES;;;;;;;;;;;;;;;;;;;;;;0;0;3;2;4;3;2;4;7;5;1;7;9;4;5;3;4;6;1;4;0;1;1;2;2;1;0;2;1;1;0;1;0
Mujer;Entre 3 y menos de 5 salarios mínimos;4;Sin informaci¿n;DESERTORES;0;0;400;374;582;531;706;684;609;624;490;549;569;594;514;511;432;360;326;418;274;301;341;271;241;280;216;253;212;229;235;212;217;178;184;173;162;172;204;151;123;132;91;156;77;121;66;88;61;99;65;97;60;80
Mujer;Entre 3 y menos de 5 salarios mínimos;4;Estrato 1;DESERTORES;;;;;;;;;;;;;;;;;;0;;;0;1;0;7;52;66;107;102;99;81;138;117;182;205;198;192;207;196;176;202;144;151;119;133;92;120;81;72;58;80;51;100;55;69
Mujer;Entre 3 y menos de 5 salarios mínimos;4;Estrato 2;DESERTORES;;;;0;0;;0;;;;0;1;1;1;0;0;0;0;1;1;0;1;4;33;226;350;492;527;493;497;662;679;904;1088;994;876;892;841;828;879;667;669;491;550;372;520;376;344;260;425;287;403;213;311
Mujer;Entre 3 y menos de 5 salarios mínimos;4;Estrato 3;DESERTORES;0;0;0;0;1;0;1;0;1;0;0;0;0;0;0;0;0;0;1;0;0;0;4;40;309;352;566;603;560;564;710;756;921;1051;930;854;810;799;741;777;564;626;500;524;353;472;267;266;232;339;197;282;169;212
Mujer;Entre 3 y menos de 5 salarios mínimos;4;Estrato 4;DESERTORES;;;;;;0;;;;;;;;;;;;0;;;;1;1;7;40;63;101;127;122;95;129;119;153;198;153;133;115;119;115;124;105;109;79;66;57;61;42;30;38;34;19;31;32;18
Mujer;Entre 3 y menos de 5 salarios mínimos;4;Estrato 5;DESERTORES;;;;;;;;;;;;;;;;;0;;0;0;;0;0;4;11;17;30;27;24;21;26;33;25;39;27;19;24;22;21;22;15;18;11;14;13;13;7;9;9;5;9;5;3;6
Mujer;Entre 3 y menos de 5 salarios mínimos;4;Estrato 6;DESERTORES;;;;;;;;;;;;;;;;;;;;;;0;0;0;3;2;6;9;3;3;8;6;4;4;5;8;6;3;3;5;2;3;2;1;2;0;1;1;1;2;2;0;2;1
Mujer;Entre 3 y menos de 5 salarios mínimos;5;Sin informaci¿n;DESERTORES;0;0;454;387;621;508;711;814;653;595;567;694;663;640;598;580;473;414;364;488;362;347;358;316;295;320;259;265;272;261;220;225;224;456;419;393;384;279;273;538;575;516;781;546;371;337;194;213;152;189;142;144;110;134
Mujer;Entre 3 y menos de 5 salarios mínimos;5;Estrato 1;DESERTORES;;;;;;;;;;;;;;0;;;;0;1;;0;0;2;4;62;82;98;118;107;90;135;159;189;240;259;196;219;208;201;161;158;182;126;135;102;110;83;88;69;114;76;107;56;74
Mujer;Entre 3 y menos de 5 salarios mínimos;5;Estrato 2;DESERTORES;;;0;;;;;;;;;;0;;;;;;1;1;0;0;0;24;199;290;430;450;443;397;574;566;707;882;855;769;794;791;700;735;538;587;411;502;336;459;291;313;254;326;227;338;209;287
Mujer;Entre 3 y menos de 5 salarios mínimos;5;Estrato 3;DESERTORES;0;0;0;0;0;1;0;0;1;0;0;0;0;0;;0;;;0;1;1;1;2;22;229;272;417;411;427;403;479;492;661;788;670;642;593;591;566;643;424;461;324;407;270;366;216;228;192;254;145;228;165;198
Mujer;Entre 3 y menos de 5 salarios mínimos;5;Estrato 4;DESERTORES;;;;;0;0;0;1;;;;;;;;;;;;;0;1;1;7;40;39;64;73;70;54;80;74;95;109;105;102;82;73;73;78;70;70;45;63;43;56;28;31;31;24;20;23;13;21
Mujer;Entre 3 y menos de 5 salarios mínimos;5;Estrato 5;DESERTORES;;;;;;;;;;;;;;;;;;;;;;0;0;0;4;11;11;7;10;15;18;20;19;27;28;16;18;6;11;11;10;12;12;5;6;5;1;5;2;6;3;4;3;3
Mujer;Entre 3 y menos de 5 salarios mínimos;5;Estrato 6;DESERTORES;;;;;;;;;;;;;;;;;;;;0;;0;1;1;2;1;3;2;6;1;3;3;0;4;3;3;6;3;3;0;2;3;2;2;1;2;1;0;0;1;0;0;;1
Mujer;Entre 3 y menos de 5 salarios mínimos;6;Sin informaci¿n;DESERTORES;0;0;252;213;355;287;377;414;405;351;331;366;344;370;322;347;270;259;205;285;183;202;240;211;172;202;185;190;159;142;166;149;127;115;144;100;138;134;142;109;87;94;69;110;60;93;43;83;52;86;55;87;48;62
Mujer;Entre 3 y menos de 5 salarios mínimos;6;Estrato 1;DESERTORES;;;;;;;;;;;;;;;;;;;;;0;0;0;8;43;46;66;63;71;67;79;80;119;134;130;111;116;132;110;129;95;109;65;83;59;88;36;50;35;72;46;68;39;49
Mujer;Entre 3 y menos de 5 salarios mínimos;6;Estrato 2;DESERTORES;;;;;;;;;;;;;;;;0;;;;;0;1;1;6;92;123;217;204;202;197;284;270;329;454;336;348;333;367;312;310;239;275;186;237;148;241;129;155;132;196;124;197;118;147
Mujer;Entre 3 y menos de 5 salarios mínimos;6;Estrato 3;DESERTORES;;;0;0;0;;;;;0;1;0;0;0;0;0;0;0;0;;0;0;1;6;87;125;188;186;174;188;242;224;258;325;287;295;283;275;241;269;200;225;147;157;135;144;113;121;88;113;103;123;68;78
Mujer;Entre 3 y menos de 5 salarios mínimos;6;Estrato 4;DESERTORES;;;;;;;;;;;;;;;;;;;;;;0;0;2;12;14;33;26;34;37;32;36;31;45;31;42;34;25;40;34;22;23;20;22;12;15;15;20;12;8;9;13;9;12
Mujer;Entre 3 y menos de 5 salarios mínimos;6;Estrato 5;DESERTORES;;;;;;;;;;;;;;;;;;;;;;0;0;0;1;3;1;8;8;4;4;9;5;2;10;12;4;5;3;5;3;3;5;1;5;5;1;2;2;2;2;1;4;0
Mujer;Entre 3 y menos de 5 salarios mínimos;6;Estrato 6;DESERTORES;;;;;;;;;;;;;;;;;;;;;;0;0;0;1;0;4;2;2;1;0;1;4;3;1;3;4;0;2;0;1;1;0;3;0;0;1;0;0;1;1;0;0;0
Mujer;Entre 3 y menos de 5 salarios mínimos;7;Sin informaci¿n;DESERTORES;0;0;95;94;150;141;175;189;170;177;163;187;163;156;162;171;129;119;84;144;91;110;100;84;90;114;69;87;74;81;76;67;76;67;81;63;67;65;74;52;34;47;38;59;29;57;31;43;23;28;29;39;19;38
Mujer;Entre 3 y menos de 5 salarios mínimos;7;Estrato 1;DESERTORES;;;;;;;;;;;;;;;;;;;;;0;0;1;1;23;26;32;26;52;35;29;32;59;58;59;55;62;68;55;83;41;63;37;47;26;43;29;25;14;23;27;34;25;32
Mujer;Entre 3 y menos de 5 salarios mínimos;7;Estrato 2;DESERTORES;;;;;;;;;;;;;;;;;;0;0;;0;1;0;3;60;70;91;84;111;93;130;115;176;178;173;184;162;155;154;158;105;148;86;123;83;90;60;68;64;77;55;93;50;74
Mujer;Entre 3 y menos de 5 salarios mínimos;7;Estrato 3;DESERTORES;;;;;;;;;;;;;;;;;;;0;;0;1;0;8;37;43;73;84;63;80;94;91;123;124;110;112;108;110;99;105;84;65;75;62;42;83;22;60;38;63;39;50;28;26
Mujer;Entre 3 y menos de 5 salarios mínimos;7;Estrato 4;DESERTORES;;;;;;;;;;;;;;;;;;;;;;0;0;0;8;6;13;13;17;10;15;16;17;22;16;17;8;13;16;16;8;13;7;4;6;5;4;2;4;7;6;6;1;3
Mujer;Entre 3 y menos de 5 salarios mínimos;7;Estrato 5;DESERTORES;;;;;;;;;;;;;;;;;;;;;;0;0;0;1;6;4;3;5;0;1;4;2;2;4;2;2;3;0;4;0;1;1;0;2;1;2;0;1;1;0;0;1;0
Mujer;Entre 3 y menos de 5 salarios mínimos;7;Estrato 6;DESERTORES;;;;;;;;;;;;;;;;;;;;;;;0;0;0;0;0;0;0;0;0;1;0;0;1;0;0;0;2;0;0;0;2;1;;0;0;0;0;0;0;1;0;
Mujer;Entre 3 y menos de 5 salarios mínimos;8;Sin informaci¿n;DESERTORES;0;0;45;66;70;56;79;74;88;77;59;80;74;86;65;81;58;53;44;63;42;47;51;53;38;41;45;37;36;30;36;38;39;30;36;29;39;32;52;42;31;28;26;23;14;21;14;17;14;20;11;23;8;19
Mujer;Entre 3 y menos de 5 salarios mínimos;8;Estrato 1;DESERTORES;;;;;;;;;;;;;;;;;;;;;;0;0;0;13;13;14;21;22;19;39;27;29;40;39;27;33;46;30;37;33;32;19;21;22;24;16;11;10;19;13;15;10;18
Mujer;Entre 3 y menos de 5 salarios mínimos;8;Estrato 2;DESERTORES;;;;;;0;0;0;0;0;0;0;0;0;0;0;;;;;;0;0;3;20;27;49;59;44;50;66;61;63;97;79;89;83;77;84;78;76;74;46;45;39;54;32;40;17;45;24;48;22;38
Mujer;Entre 3 y menos de 5 salarios mínimos;8;Estrato 3;DESERTORES;;;;;;;;;;;;;;;;;;;;;;0;0;1;15;23;42;38;39;26;38;52;50;63;59;64;60;59;56;55;34;41;22;26;26;40;17;21;17;14;14;32;9;26
Mujer;Entre 3 y menos de 5 salarios mínimos;8;Estrato 4;DESERTORES;;;;;;;;;;;;;;;;;;;;;;;0;0;5;6;4;6;5;4;7;7;8;10;2;5;9;5;10;3;2;3;3;7;3;2;4;1;1;1;4;4;1;2
Mujer;Entre 3 y menos de 5 salarios mínimos;8;Estrato 5;DESERTORES;;;;;;;;;;;;;;;;;;;;;;;0;0;2;1;1;0;2;0;1;1;1;1;1;0;2;0;0;1;0;1;0;0;0;2;0;0;0;0;0;0;;
Mujer;Entre 3 y menos de 5 salarios mínimos;8;Estrato 6;DESERTORES;;;;;;;;;;;;;;;;;;;;;;;0;0;0;0;0;0;0;1;1;1;0;0;0;0;1;0;1;0;0;;;;;;;1;;;;0;1;0
Mujer;Entre 3 y menos de 5 salarios mínimos;9;Sin informaci¿n;DESERTORES;0;0;30;31;42;36;33;56;52;41;45;50;49;44;80;56;48;42;39;79;42;45;45;36;44;32;32;34;31;32;36;29;30;34;24;33;33;24;22;29;33;27;24;26;12;32;12;15;12;19;13;11;3;5
Mujer;Entre 3 y menos de 5 salarios mínimos;9;Estrato 1;DESERTORES;;;;;;;;;;;;;;;;;;;;;;0;0;0;6;5;12;12;9;10;15;13;14;18;14;15;15;14;13;17;10;20;11;11;5;8;12;5;6;9;5;10;7;4
Mujer;Entre 3 y menos de 5 salarios mínimos;9;Estrato 2;DESERTORES;;;;;;;;;;;;;;;;;;;;;;0;0;0;12;18;22;21;25;27;33;24;28;55;43;36;33;37;36;45;31;34;21;25;13;25;12;8;8;17;10;21;6;18
Mujer;Entre 3 y menos de 5 salarios mínimos;9;Estrato 3;DESERTORES;;;;;;;;;;;0;;;;;;;0;1;0;;0;1;2;8;7;15;13;18;17;23;22;24;38;22;32;31;23;21;21;14;21;15;14;11;13;8;17;14;16;8;12;6;7
Mujer;Entre 3 y menos de 5 salarios mínimos;9;Estrato 4;DESERTORES;;;;;;;;;;;;;;;;;;;;;;;0;0;0;2;3;0;2;1;2;1;3;4;4;3;1;1;0;0;1;3;2;3;0;0;1;0;0;0;1;0;0;0
Mujer;Entre 3 y menos de 5 salarios mínimos;9;Estrato 5;DESERTORES;;;;;;;;;;;;;;;;;;;;;;;0;0;0;0;0;0;1;2;1;0;0;3;0;2;1;1;0;0;0;0;1;0;1;0;0;0;0;0;0;0;1;
Mujer;Entre 3 y menos de 5 salarios mínimos;9;Estrato 6;DESERTORES;;;;;;;;;;;;;;;;;;;;;;;;;;;;;;;;;0;0;;;;0;;;;;;;;;;;;;;;;
Mujer;Entre 3 y menos de 5 salarios mínimos;10;Sin informaci¿n;DESERTORES;;;;;;;;;;;;;;;;;;;;;;;;;;;;;;;;;;;;;;;;;;;;;;;;;;;;;;0
Mujer;Entre 3 y menos de 5 salarios mínimos;10;Estrato 1;DESERTORES;;;;;;;;;;;;;;;;;;;;;;0;0;0;3;2;5;6;12;7;7;9;8;8;17;6;14;14;6;9;11;10;4;8;3;13;3;1;5;7;3;8;5;6
Mujer;Entre 3 y menos de 5 salarios mínimos;10;Estrato 2;DESERTORES;;;;;;;;;;;;;;;;;;;;;;0;0;3;4;7;18;18;16;19;25;25;16;38;31;32;27;22;26;26;22;16;13;28;13;19;11;8;13;15;11;24;12;17
Mujer;Entre 3 y menos de 5 salarios mínimos;10;Estrato 3;DESERTORES;;;;;;;;;;;;;;;;;;;;;;0;0;0;4;5;15;13;10;11;14;15;16;16;20;23;23;11;12;20;8;13;8;15;12;9;6;11;3;6;4;10;7;1
Mujer;Entre 3 y menos de 5 salarios mínimos;10;Estrato 4;DESERTORES;;;;;;;;;;;;;;;;;;;;;;;0;0;0;0;3;1;0;0;1;2;2;1;3;4;0;0;3;2;1;1;2;0;0;1;1;0;0;0;1;1;0;0
Mujer;Entre 3 y menos de 5 salarios mínimos;10;Estrato 5;DESERTORES;;;;;;;;;;;;;;;;;;;;;;;0;0;0;0;0;0;0;1;0;0;2;0;0;0;0;0;0;0;1;;;;0;0;1;0;0;0;0;;;
Mujer;Entre 3 y menos de 5 salarios mínimos;10;Estrato 6;DESERTORES;;;;;;;;;;;;;;;;;;;;;;;0;0;0;0;0;0;0;0;0;;;;;;;;;;;;;;;;;;;;;;;
Mujer;Entre 3 y menos de 5 salarios mínimos;11;Estrato 1;DESERTORES;;;;;;;;;;;;;;;;;;;;;;;0;0;2;1;2;1;4;0;3;2;5;5;5;5;6;12;7;7;6;3;2;6;3;1;3;4;1;6;2;5;0;0
Mujer;Entre 3 y menos de 5 salarios mínimos;11;Estrato 2;DESERTORES;;;;;;;;;;;;;;;;;;;;;;;0;0;4;4;10;7;7;8;7;7;12;17;15;12;9;23;10;12;5;13;4;9;8;5;5;5;3;10;3;4;9;6
Mujer;Entre 3 y menos de 5 salarios mínimos;11;Estrato 3;DESERTORES;;;;;;;;;;;;;;;;;;;;;;0;0;0;3;0;2;9;2;5;5;6;7;8;7;10;8;9;9;6;5;9;4;9;4;5;3;3;3;1;3;7;2;2
Mujer;Entre 3 y menos de 5 salarios mínimos;11;Estrato 4;DESERTORES;;;;;;;;;;;;;;;;;;;;;;;;0;0;0;0;0;0;0;0;0;0;0;0;1;0;0;0;0;0;0;0;0;1;0;0;0;0;0;0;;;
Mujer;Entre 3 y menos de 5 salarios mínimos;11;Estrato 5;DESERTORES;;;;;;;;;;;;;;;;;;;;;;;0;0;0;0;0;0;0;0;0;2;0;0;0;1;0;0;0;0;0;;;;;;;;;;;;;
Mujer;Entre 3 y menos de 5 salarios mínimos;11;Estrato 6;DESERTORES;;;;;;;;;;;;;;;;;;;;;;;0;0;0;0;0;0;0;0;0;0;;;;;;;;;;;;;;;;;;;;;;
Mujer;Entre 3 y menos de 5 salarios mínimos;12;Sin informaci¿n;DESERTORES;;;;;;;;;;;;;;;;;;;;;;;0;0;0;0;;0;0;0;0;0;0;0;0;;0;0;;;0;1;;0;1;0;0;;0;;;;;
Mujer;Entre 3 y menos de 5 salarios mínimos;12;Estrato 1;DESERTORES;;;;;;;;;;;;;;;;;;;;;;;0;0;2;1;1;6;5;1;5;7;4;12;14;9;14;11;8;12;8;4;1;6;4;4;7;5;2;2;2;5;3;3
Mujer;Entre 3 y menos de 5 salarios mínimos;12;Estrato 2;DESERTORES;;;;;;;;;;;;;;;;;;;;;;0;0;0;3;5;17;16;17;17;14;18;22;31;19;26;30;28;28;24;19;19;9;15;15;21;10;13;10;14;10;21;8;12
Mujer;Entre 3 y menos de 5 salarios mínimos;12;Estrato 3;DESERTORES;;;;;;;;;;;;;;;;;;;;;;0;0;0;5;4;11;9;11;14;4;11;15;14;19;15;20;13;17;10;14;16;4;14;8;7;9;11;4;10;5;5;6;7
Mujer;Entre 3 y menos de 5 salarios mínimos;12;Estrato 4;DESERTORES;;;;;;;;;;;;;;;;;;;;;;;0;0;0;0;2;0;1;0;1;1;2;2;0;1;2;0;0;0;0;0;1;2;0;1;0;0;1;0;0;;;1
Mujer;Entre 3 y menos de 5 salarios mínimos;12;Estrato 5;DESERTORES;;;;;;;;;;;;;;;;;;;;;;;;;0;0;1;0;0;0;2;0;0;1;0;0;0;0;0;0;0;0;0;0;0;0;0;1;;;;;;0
Mujer;Entre 3 y menos de 5 salarios mínimos;12;Estrato 6;DESERTORES;;;;;;;;;;;;;;;;;;;;;;;;;;0;0;;;0;1;0;1;0;0;0;0;0;0;0;;;;;;;;0;;;;;;
Mujer;Entre 5 y menos de 7 salarios mínimos;Sin informaci¿n;Sin informaci¿n;DESERTORES;0;0;13;14;24;15;21;35;22;23;30;22;15;20;30;24;17;16;15;22;26;11;20;14;9;12;11;20;16;11;17;9;15;12;12;11;13;13;17;8;9;12;6;9;7;11;3;5;6;6;4;11;6;4
Mujer;Entre 5 y menos de 7 salarios mínimos;Sin informaci¿n;Estrato 1;DESERTORES;;;;;0;0;2;2;12;15;11;16;29;21;40;30;37;27;23;39;21;26;21;28;14;20;15;14;15;6;9;14;15;10;6;11;6;11;13;9;7;9;3;10;4;7;1;6;4;1;2;3;4;2
Mujer;Entre 5 y menos de 7 salarios mínimos;Sin informaci¿n;Estrato 2;DESERTORES;0;0;0;0;2;1;7;30;93;100;160;169;200;260;272;223;234;233;195;311;167;204;158;153;135;148;114;118;85;99;107;71;64;94;68;71;71;81;72;50;43;61;28;44;30;45;27;23;30;44;22;29;32;42
Mujer;Entre 5 y menos de 7 salarios mínimos;Sin informaci¿n;Estrato 3;DESERTORES;0;0;1;2;2;2;3;83;415;378;557;564;799;789;902;881;731;792;664;1060;665;653;634;615;492;439;413;377;315;282;246;255;217;205;182;176;151;164;167;148;107;115;82;138;69;119;54;76;49;77;67;94;55;61
Mujer;Entre 5 y menos de 7 salarios mínimos;Sin informaci¿n;Estrato 4;DESERTORES;0;0;;;0;1;1;3;19;20;55;57;71;69;69;71;62;63;66;94;61;48;40;55;51;40;37;36;24;25;25;20;16;11;15;15;15;13;6;5;12;10;9;6;6;3;2;5;8;7;5;4;3;8
Mujer;Entre 5 y menos de 7 salarios mínimos;Sin informaci¿n;Estrato 5;DESERTORES;;;;;;0;0;1;8;10;13;18;22;15;30;23;24;17;13;30;14;13;21;16;14;11;4;15;2;5;6;5;9;2;7;2;1;2;2;5;3;2;0;2;0;2;1;1;0;4;4;4;1;1
Mujer;Entre 5 y menos de 7 salarios mínimos;Sin informaci¿n;Estrato 6;DESERTORES;;;;;;0;0;0;3;1;5;6;5;7;4;12;4;6;3;8;9;4;4;5;0;4;3;5;0;4;1;2;0;1;0;2;3;1;1;1;;0;0;0;;0;0;0;0;0;0;0;1;0
Mujer;Entre 5 y menos de 7 salarios mínimos;1;Sin informaci¿n;DESERTORES;0;0;3;1;2;0;2;0;1;0;0;2;0;2;1;1;0;0;0;;1;1;1;1;2;0;1;0;1;;0;2;0;0;0;0;2;0;0;0;0;0;0;0;1;0;;;;;;;;
Mujer;Entre 5 y menos de 7 salarios mínimos;1;Estrato 1;DESERTORES;;;;;;;;;;;;;;;;;;;;;;;;;;;;;0;0;2;1;0;0;0;0;2;0;3;0;0;1;0;0;0;1;0;0;0;0;0;0;0;2
Mujer;Entre 5 y menos de 7 salarios mínimos;1;Estrato 2;DESERTORES;;;;;;;;;;;;;;;;;;;;;;;0;0;0;0;1;0;0;3;3;0;0;2;1;2;2;1;0;0;0;0;0;0;0;0;0;2;1;0;1;0;0;1
Mujer;Entre 5 y menos de 7 salarios mínimos;1;Estrato 3;DESERTORES;;;;;;;;;;;;;;;;;;;;;;0;0;0;2;0;1;0;1;0;0;0;3;2;3;2;3;1;6;1;0;0;0;0;0;0;0;0;1;1;2;2;0;1
Mujer;Entre 5 y menos de 7 salarios mínimos;1;Estrato 4;DESERTORES;;;;;;;;;;;;;;;;;;;;;;0;0;0;1;2;0;2;2;1;3;2;2;1;0;1;1;1;1;0;1;0;0;0;0;0;1;0;0;2;0;1;0;0
Mujer;Entre 5 y menos de 7 salarios mínimos;1;Estrato 5;DESERTORES;;;;;;;;;;;;;;;;;;;;;;;0;0;0;0;0;0;1;0;2;1;0;0;0;0;2;0;0;1;1;1;0;;;;;;;;;;;
Mujer;Entre 5 y menos de 7 salarios mínimos;2;Sin informaci¿n;DESERTORES;0;0;27;24;33;44;41;53;37;25;37;46;37;39;30;29;27;16;21;15;9;89;61;70;39;35;112;38;31;46;56;62;52;39;36;42;41;16;13;60;23;23;14;19;21;13;9;7;7;10;9;9;5;8
Mujer;Entre 5 y menos de 7 salarios mínimos;2;Estrato 1;DESERTORES;;;;;;0;;;;;;;;;;;;;;;;;0;1;1;3;3;2;3;1;1;3;5;6;4;1;1;5;5;2;5;5;2;0;1;3;2;1;0;3;2;2;2;0
Mujer;Entre 5 y menos de 7 salarios mínimos;2;Estrato 2;DESERTORES;0;;0;1;0;0;0;0;0;0;;;;;;;;;;;;0;0;0;9;9;16;18;24;15;27;23;21;28;21;19;27;25;17;21;15;14;10;15;9;15;6;10;8;7;12;6;4;7
Mujer;Entre 5 y menos de 7 salarios mínimos;2;Estrato 3;DESERTORES;;;;;0;0;0;0;0;0;0;0;0;0;0;0;0;0;1;0;0;0;1;4;32;36;56;38;40;40;48;61;73;60;81;66;52;54;52;56;45;34;32;27;26;25;21;16;13;19;9;18;16;17
Mujer;Entre 5 y menos de 7 salarios mínimos;2;Estrato 4;DESERTORES;;;;;;;;;;;;;;;;;0;0;0;;;0;1;5;18;18;28;29;28;22;35;32;48;37;37;45;30;23;29;28;29;19;17;17;10;17;7;8;6;11;6;3;3;5
Mujer;Entre 5 y menos de 7 salarios mínimos;2;Estrato 5;DESERTORES;;;;;;;;;;;;;;;;;;;;;;0;0;0;5;5;12;13;12;9;14;8;8;17;10;7;7;5;8;9;3;6;11;1;3;3;1;3;1;3;2;1;2;0
Mujer;Entre 5 y menos de 7 salarios mínimos;2;Estrato 6;DESERTORES;;;;;;;;;;;;;;;;;;;;;;;0;0;2;1;1;8;3;4;2;4;6;6;6;3;1;2;6;1;4;4;1;2;1;1;3;0;0;0;0;0;;2
Mujer;Entre 5 y menos de 7 salarios mínimos;3;Sin informaci¿n;DESERTORES;0;0;105;101;143;128;155;157;131;114;121;119;109;134;98;103;95;77;60;77;51;55;54;51;39;42;36;45;48;34;36;35;46;31;24;24;28;39;22;24;16;23;15;10;15;20;12;14;19;15;12;17;14;11
Mujer;Entre 5 y menos de 7 salarios mínimos;3;Estrato 1;DESERTORES;;;;;;;;;;;;;;;;;;;;;;0;0;0;5;6;7;8;7;8;12;8;19;21;13;22;10;14;13;14;6;13;9;7;4;5;3;4;2;3;2;7;1;12
Mujer;Entre 5 y menos de 7 salarios mínimos;3;Estrato 2;DESERTORES;0;0;0;0;0;0;0;0;0;0;;;;;;;;0;;;0;1;0;6;34;52;71;80;66;61;88;101;94;137;114;99;91;98;84;97;67;76;57;64;44;51;27;42;33;40;21;34;25;32
Mujer;Entre 5 y menos de 7 salarios mínimos;3;Estrato 3;DESERTORES;0;0;0;0;1;0;0;0;0;0;0;0;0;0;0;0;0;;1;;0;1;0;17;99;127;236;197;168;156;218;246;308;329;262;287;249;237;211;234;181;179;128;142;110;125;77;91;53;67;63;84;49;55
Mujer;Entre 5 y menos de 7 salarios mínimos;3;Estrato 4;DESERTORES;;;;;;;;;;;;;;;;;;0;;;;0;1;15;40;50;98;93;83;61;99;118;124;136;104;101;90;106;96;79;65;62;56;47;29;33;31;24;21;24;13;17;11;18
Mujer;Entre 5 y menos de 7 salarios mínimos;3;Estrato 5;DESERTORES;;;;;;;;;;;;;;;;;;;;;;0;0;3;9;16;29;33;14;28;37;31;53;44;31;35;41;41;30;24;15;15;10;17;10;6;4;3;8;8;8;5;1;1
Mujer;Entre 5 y menos de 7 salarios mínimos;3;Estrato 6;DESERTORES;;;;;;;;;;;;;;;;;;;;;;0;0;1;6;3;7;10;6;8;8;6;4;9;10;8;11;10;8;4;5;6;3;5;2;5;3;2;1;2;0;2;0;0
Mujer;Entre 5 y menos de 7 salarios mínimos;4;Sin informaci¿n;DESERTORES;0;0;305;212;335;330;396;389;314;320;262;322;297;275;255;269;224;174;167;182;133;130;132;131;97;109;89;104;74;77;92;65;75;66;67;62;73;66;87;54;54;44;30;35;33;49;26;36;31;49;22;48;22;13
Mujer;Entre 5 y menos de 7 salarios mínimos;4;Estrato 1;DESERTORES;;;;;;;;;;;;;;;;;;;;;;0;0;1;13;18;26;21;24;26;31;48;43;53;47;43;37;24;44;33;33;33;19;23;28;25;18;19;13;17;10;19;5;12
Mujer;Entre 5 y menos de 7 salarios mínimos;4;Estrato 2;DESERTORES;0;0;0;0;0;0;0;0;;;;;;;;;;;0;1;0;1;1;5;97;106;156;180;154;156;223;192;250;328;271;258;246;236;228;209;179;198;145;158;118;127;94;85;75;103;57;85;53;78
Mujer;Entre 5 y menos de 7 salarios mínimos;4;Estrato 3;DESERTORES;0;0;0;0;0;1;0;0;0;0;0;0;0;0;0;0;0;0;0;0;0;0;0;34;183;229;370;392;316;363;429;421;571;645;595;557;488;507;437;482;347;388;289;263;199;232;159;165;132;173;120;143;98;130
Mujer;Entre 5 y menos de 7 salarios mínimos;4;Estrato 4;DESERTORES;;;;;;;;;;;;;;;;;;;0;;0;1;0;14;87;117;184;160;151;145;181;189;206;256;192;206;149;162;160;171;129;118;93;85;63;74;52;39;42;41;36;35;26;21
Mujer;Entre 5 y menos de 7 salarios mínimos;4;Estrato 5;DESERTORES;;;;;;;;;;;;;;;;;;0;0;0;0;0;1;7;25;26;40;49;39;45;47;57;51;63;66;43;54;43;26;54;36;31;23;20;17;13;11;8;9;8;12;6;7;3
Mujer;Entre 5 y menos de 7 salarios mínimos;4;Estrato 6;DESERTORES;;;;;;;;;;;;;;;;;;;;;;0;0;2;4;12;10;18;11;13;12;13;20;17;11;18;13;12;14;12;9;12;6;8;6;8;3;1;4;2;2;0;1;3
Mujer;Entre 5 y menos de 7 salarios mínimos;5;Sin informaci¿n;DESERTORES;0;0;299;229;336;279;403;406;354;313;314;343;305;338;287;320;210;194;178;208;164;167;140;131;125;139;107;124;92;106;89;86;101;91;92;66;66;73;84;59;53;64;34;63;38;58;29;49;21;44;28;41;31;32
Mujer;Entre 5 y menos de 7 salarios mínimos;5;Estrato 1;DESERTORES;;;;;;0;;;;;;;;;;;;;;;0;1;1;0;17;19;28;34;27;29;36;33;44;55;57;39;41;39;44;36;34;40;27;33;25;31;23;20;17;19;9;14;10;13
Mujer;Entre 5 y menos de 7 salarios mínimos;5;Estrato 2;DESERTORES;;;;;;0;0;0;0;0;;;0;1;0;0;0;0;1;;;0;0;8;78;93;157;140;171;154;150;149;219;242;253;225;219;196;200;189;164;169;107;132;87;99;68;82;63;74;52;76;52;66
Mujer;Entre 5 y menos de 7 salarios mínimos;5;Estrato 3;DESERTORES;0;;0;1;0;0;0;0;0;0;0;0;0;0;0;0;0;0;0;1;0;0;0;18;150;179;253;306;259;215;304;299;340;467;385;342;319;311;314;307;241;271;206;208;131;166;111;109;77;110;81;110;57;88
Mujer;Entre 5 y menos de 7 salarios mínimos;5;Estrato 4;DESERTORES;;;;;;;;;;;;;;;;;;;;;;0;0;8;59;65;115;107;74;82;95;100;137;148;121;128;112;106;99;84;63;85;56;58;54;32;19;32;23;29;20;28;17;14
Mujer;Entre 5 y menos de 7 salarios mínimos;5;Estrato 5;DESERTORES;;;;;;;;;;;;;;;;;;;;;;0;0;5;20;21;29;35;35;30;29;22;40;44;35;37;22;32;36;17;17;10;14;15;10;7;7;2;4;9;5;3;1;4
Mujer;Entre 5 y menos de 7 salarios mínimos;5;Estrato 6;DESERTORES;;;;;;;;;;;;;;;;;;0;0;0;0;0;0;2;4;3;8;6;10;8;5;11;10;7;4;11;8;5;8;7;4;3;4;5;1;2;2;1;2;0;3;3;0;0
Mujer;Entre 5 y menos de 7 salarios mínimos;6;Sin informaci¿n;DESERTORES;0;0;175;137;189;191;195;221;215;185;166;211;170;175;150;174;132;106;112;134;91;92;93;96;80;86;79;74;66;64;70;50;65;55;56;45;49;46;52;39;45;43;34;34;17;35;13;31;15;38;14;18;14;25
Mujer;Entre 5 y menos de 7 salarios mínimos;6;Estrato 1;DESERTORES;;;;;;;;;;;;;;;;;;;;;;0;0;1;8;10;16;11;13;16;17;20;18;22;27;14;24;22;30;25;20;15;17;15;8;10;14;10;3;9;10;11;15;14
Mujer;Entre 5 y menos de 7 salarios mínimos;6;Estrato 2;DESERTORES;;;;;;;;;;;;;;;;;;;;;;0;0;2;42;47;59;75;76;79;81;80;108;119;125;105;104;96;97;103;69;90;66;58;41;67;25;38;25;46;32;36;24;36
Mujer;Entre 5 y menos de 7 salarios mínimos;6;Estrato 3;DESERTORES;0;;0;1;0;0;0;0;0;0;0;0;;;0;1;0;0;;0;0;1;1;11;40;84;99;100;106;80;109;136;146;189;163;148;149;126;130;151;112;122;77;89;65;69;48;33;43;60;33;51;29;35
Mujer;Entre 5 y menos de 7 salarios mínimos;6;Estrato 4;DESERTORES;;;;;;0;0;1;0;0;0;;0;;;0;1;;;;0;1;0;2;15;26;34;29;34;28;34;46;55;52;45;54;39;45;41;33;33;19;24;27;23;14;8;10;9;13;8;13;12;10
Mujer;Entre 5 y menos de 7 salarios mínimos;6;Estrato 5;DESERTORES;;;;;;;;;;;;;;;;;;;;;;0;0;4;2;12;10;17;15;14;10;16;13;24;11;9;13;12;14;12;7;6;8;4;5;8;3;5;5;4;0;0;3;2
Mujer;Entre 5 y menos de 7 salarios mínimos;6;Estrato 6;DESERTORES;;;;;;;;;;;;;;;;;;;;;;0;0;1;2;3;2;1;2;0;3;7;2;6;2;6;1;2;4;3;2;5;1;1;3;1;0;2;;0;;;;0
Mujer;Entre 5 y menos de 7 salarios mínimos;7;Sin informaci¿n;DESERTORES;0;0;67;52;76;76;89;95;65;79;67;88;85;72;68;66;60;46;53;48;34;44;29;27;33;33;36;32;35;31;28;27;29;33;32;21;22;20;28;16;14;25;9;19;13;21;9;13;14;11;10;16;5;10
Mujer;Entre 5 y menos de 7 salarios mínimos;7;Estrato 1;DESERTORES;;;;;;;;;;;;;;;;;;;;;;0;0;0;3;3;11;11;9;7;8;7;16;10;19;12;10;22;12;13;11;16;2;12;3;13;6;7;7;6;9;9;3;5
Mujer;Entre 5 y menos de 7 salarios mínimos;7;Estrato 2;DESERTORES;;;;;;;;;;;;;;;;;;;;;;0;0;2;23;26;33;49;30;36;33;46;45;62;55;41;51;44;52;51;31;39;24;30;25;27;16;26;13;28;13;21;11;14
Mujer;Entre 5 y menos de 7 salarios mínimos;7;Estrato 3;DESERTORES;;;;;;;;;;;;;;;0;0;0;0;0;;1;1;1;6;22;31;49;46;41;44;59;47;80;65;65;56;61;69;61;53;40;59;24;37;32;35;29;21;23;24;23;26;15;15
Mujer;Entre 5 y menos de 7 salarios mínimos;7;Estrato 4;DESERTORES;;;;;;;;;;;;;;;;;;;;0;0;0;0;1;5;12;13;18;14;17;11;14;18;19;21;9;22;12;20;11;13;13;10;6;3;10;3;5;5;6;6;5;3;5
Mujer;Entre 5 y menos de 7 salarios mínimos;7;Estrato 5;DESERTORES;;;;;;;;;;;;;;;;;;;;;;0;0;0;1;2;8;3;1;4;5;4;3;7;5;3;2;2;4;1;3;3;1;1;1;4;2;0;2;1;2;3;0;0
Mujer;Entre 5 y menos de 7 salarios mínimos;7;Estrato 6;DESERTORES;;;;;;;;;;;;;;;;;;;;;;0;0;0;0;3;1;2;1;2;1;3;2;1;1;1;2;2;0;0;0;0;1;1;0;;1;2;;;0;1;;
Mujer;Entre 5 y menos de 7 salarios mínimos;8;Sin informaci¿n;DESERTORES;0;0;29;19;36;24;32;37;39;40;31;38;31;26;21;33;29;22;13;26;19;21;13;20;15;13;15;14;8;12;15;15;13;12;7;9;13;22;13;11;7;9;2;8;9;4;3;5;3;8;3;8;7;4
Mujer;Entre 5 y menos de 7 salarios mínimos;8;Estrato 1;DESERTORES;;;;;;;;;;;;;;;;;;;;;;;0;0;4;3;2;4;5;7;13;6;3;7;7;3;11;10;7;3;6;9;3;2;5;4;1;2;2;5;4;3;3;4
Mujer;Entre 5 y menos de 7 salarios mínimos;8;Estrato 2;DESERTORES;;;;;;;;;;;;;;;;;;;;;;0;0;0;3;9;11;25;18;17;24;19;13;26;20;13;20;26;24;16;15;26;7;8;10;16;10;14;7;11;9;14;13;8
Mujer;Entre 5 y menos de 7 salarios mínimos;8;Estrato 3;DESERTORES;;;;;;;;;;;;;;;;;;;;;;0;0;1;4;17;18;19;17;15;17;27;28;37;35;27;33;33;32;27;29;21;10;26;16;18;9;11;14;13;11;10;6;12
Mujer;Entre 5 y menos de 7 salarios mínimos;8;Estrato 4;DESERTORES;;;;;;;;;;;;;;;;;;;;;;0;0;1;3;3;2;6;6;3;14;4;3;6;10;9;5;10;11;10;2;8;5;7;4;2;2;2;1;4;3;2;3;2
Mujer;Entre 5 y menos de 7 salarios mínimos;8;Estrato 5;DESERTORES;;;;;;;;;;;;;;;;;;;;;;0;0;1;3;0;2;5;3;2;1;0;0;3;2;3;3;2;3;1;0;3;1;0;1;3;0;0;0;1;0;0;0;0
Mujer;Entre 5 y menos de 7 salarios mínimos;8;Estrato 6;DESERTORES;;;;;;;;;;;;;;;;;;;;;;0;0;0;0;0;0;0;0;0;0;0;0;3;1;0;0;1;0;1;0;0;0;1;0;0;1;0;0;0;0;0;0;0
Mujer;Entre 5 y menos de 7 salarios mínimos;9;Sin informaci¿n;DESERTORES;0;0;22;14;20;19;26;29;10;17;14;21;17;14;23;18;10;11;8;18;9;12;8;11;14;11;9;5;10;7;8;8;7;8;4;6;10;7;7;10;4;8;3;3;2;7;2;5;3;4;5;7;2;8
Mujer;Entre 5 y menos de 7 salarios mínimos;9;Estrato 1;DESERTORES;;;;;;;;;;;;;;;;;;;;;;;0;0;1;2;3;1;1;1;4;1;3;3;3;4;6;5;1;5;3;2;0;3;0;4;1;1;0;1;2;1;2;1
Mujer;Entre 5 y menos de 7 salarios mínimos;9;Estrato 2;DESERTORES;;;;;;;;;;;;;;;;;;;;;0;0;0;1;3;1;9;8;8;7;9;13;11;12;23;12;14;15;18;9;14;9;4;12;9;5;7;10;5;9;4;5;5;7
Mujer;Entre 5 y menos de 7 salarios mínimos;9;Estrato 3;DESERTORES;;;;;;;;;;;;;;;;;;;;;;0;0;0;5;8;5;9;6;10;12;9;8;19;15;13;18;9;8;7;9;12;6;8;7;6;7;10;4;4;3;3;3;4
Mujer;Entre 5 y menos de 7 salarios mínimos;9;Estrato 4;DESERTORES;;;;;;;;;;;;;;;;;;;;;;;0;0;2;0;3;3;0;2;3;3;3;2;1;1;2;1;2;3;5;1;3;2;0;2;0;0;0;1;0;1;2;0
Mujer;Entre 5 y menos de 7 salarios mínimos;9;Estrato 5;DESERTORES;;;;;;;;;;;;;;;;;;;;;;;;0;0;1;0;0;0;0;0;1;0;0;0;0;1;0;0;0;0;0;0;0;0;0;;;;;;;;
Mujer;Entre 5 y menos de 7 salarios mínimos;10;Estrato 1;DESERTORES;;;;;;;;;;;;;;;;;;;;;;;0;0;2;2;0;1;2;5;5;1;0;2;6;3;2;4;3;1;2;3;1;3;3;1;1;3;1;5;0;3;2;2
Mujer;Entre 5 y menos de 7 salarios mínimos;10;Estrato 2;DESERTORES;;;;;;;;;;;;;;;;;;;;;;;0;0;1;3;4;5;6;5;8;4;5;9;11;13;18;6;11;8;9;9;3;8;1;4;7;4;2;6;2;7;3;4
Mujer;Entre 5 y menos de 7 salarios mínimos;10;Estrato 3;DESERTORES;;;;;;;;;;;;;;;;;;;;;;0;0;1;2;7;9;8;7;2;5;5;4;9;12;11;15;11;7;9;6;4;4;8;6;3;2;3;4;8;6;2;1;2
Mujer;Entre 5 y menos de 7 salarios mínimos;10;Estrato 4;DESERTORES;;;;;;;;;;;;;;;;;;;;;;;0;0;2;0;1;1;4;0;1;3;0;3;2;1;1;0;0;0;0;1;1;1;0;1;0;1;0;1;1;0;0;1
Mujer;Entre 5 y menos de 7 salarios mínimos;10;Estrato 5;DESERTORES;;;;;;;;;;;;;;;;;;;;;;;;0;0;1;0;0;1;0;1;1;0;3;0;1;3;0;1;0;0;0;0;0;0;;0;1;0;0;0;0;0;0
Mujer;Entre 5 y menos de 7 salarios mínimos;10;Estrato 6;DESERTORES;;;;;;;;;;;;;;;;;;;;;;;0;0;;;;;;;;;;;;;;;;;;;;;;;;;;;;;;
Mujer;Entre 5 y menos de 7 salarios mínimos;11;Sin informaci¿n;DESERTORES;;;;;;;;;;;;;;;;;;;;;;;;;;;;;;;;;;0;;0;0;0;0;0;0;0;0;0;0;0;0;0;0;0;0;;;
Mujer;Entre 5 y menos de 7 salarios mínimos;11;Estrato 1;DESERTORES;;;;;;;;;;;;;;;;;;;;;;;;;0;0;0;0;0;1;1;2;0;1;2;0;1;1;1;2;1;1;0;0;1;1;0;2;1;2;0;2;0;1
Mujer;Entre 5 y menos de 7 salarios mínimos;11;Estrato 2;DESERTORES;;;;;;;;;;;;;;;;;;;;;;;0;0;3;2;2;4;2;2;5;5;3;5;6;8;6;5;7;5;2;2;0;0;6;2;6;4;2;2;0;4;0;4
Mujer;Entre 5 y menos de 7 salarios mínimos;11;Estrato 3;DESERTORES;;;;;;;;;;;;;;;;;;;;;;;0;0;0;5;2;3;7;9;2;3;4;10;4;2;4;3;1;10;3;5;2;3;1;2;0;4;0;2;1;1;3;0
Mujer;Entre 5 y menos de 7 salarios mínimos;11;Estrato 4;DESERTORES;;;;;;;;;;;;;;;;;;;;;;;;0;0;0;1;0;1;0;1;0;0;0;0;1;0;1;0;0;0;0;0;0;0;0;0;0;0;0;;;;
Mujer;Entre 5 y menos de 7 salarios mínimos;11;Estrato 5;DESERTORES;;;;;;;;;;;;;;;;;;;;;;;;0;0;0;0;;0;1;0;0;0;2;0;0;0;0;1;1;0;0;0;0;0;0;;;;;0;0;0;0
Mujer;Entre 5 y menos de 7 salarios mínimos;11;Estrato 6;DESERTORES;;;;;;;;;;;;;;;;;;;;;;;;0;;0;0;;;;;;;;;;;;;;;;;;;;;;;;;;;
Mujer;Entre 5 y menos de 7 salarios mínimos;12;Estrato 1;DESERTORES;;;;;;;;;;;;;;;;;;;;;;;0;0;2;0;4;4;3;2;2;1;3;2;3;2;5;2;4;6;1;0;1;1;2;2;4;1;1;1;1;4;2;0
Mujer;Entre 5 y menos de 7 salarios mínimos;12;Estrato 2;DESERTORES;;;;;;;;;;;;;;;;;;;;;;0;0;0;4;5;5;4;8;6;13;3;6;5;12;11;12;8;13;6;9;5;4;5;5;9;5;3;3;5;3;6;2;4
Mujer;Entre 5 y menos de 7 salarios mínimos;12;Estrato 3;DESERTORES;;;;;;;;;;;;;;;;;;;;;;;0;0;3;3;6;4;4;2;7;9;9;15;10;8;9;8;11;8;9;5;3;8;7;8;1;4;4;1;2;5;2;3
Mujer;Entre 5 y menos de 7 salarios mínimos;12;Estrato 4;DESERTORES;;;;;;;;;;;;;;;;;;;;;;;0;0;1;1;0;1;2;0;1;0;1;0;0;0;1;2;0;0;1;0;0;2;0;0;1;0;0;0;;;;1
Mujer;Entre 5 y menos de 7 salarios mínimos;12;Estrato 5;DESERTORES;;;;;;;;;;;;;;;;;;;;;;;0;0;0;0;1;0;0;0;0;0;0;1;0;0;0;1;0;1;0;0;;2;;1;1;0;0;0;0;0;0;0
Mujer;Entre 5 y menos de 7 salarios mínimos;12;Estrato 6;DESERTORES;;;;;;;;;;;;;;;;;;;;;;;;;;;;;0;0;0;0;0;0;0;0;0;;;;;;;;;;;;;;;;;
Mujer;Entre 7 y menos de 9 salarios mínimos;Sin informaci¿n;Sin informaci¿n;DESERTORES;0;0;6;6;4;1;5;5;5;6;4;5;3;3;5;5;2;4;3;2;2;1;2;1;0;2;1;3;5;1;1;2;0;1;2;0;4;2;3;0;1;1;0;1;1;0;0;1;1;0;1;3;2;2
Mujer;Entre 7 y menos de 9 salarios mínimos;Sin informaci¿n;Estrato 1;DESERTORES;;;;;;0;0;1;1;2;7;6;8;7;9;9;7;6;5;7;3;4;7;7;6;1;4;6;3;5;4;2;3;2;1;1;7;3;7;1;3;2;3;3;0;2;1;2;0;1;0;0;0;5
Mujer;Entre 7 y menos de 9 salarios mínimos;Sin informaci¿n;Estrato 2;DESERTORES;0;0;0;0;1;0;1;6;29;21;45;49;57;60;48;54;38;49;33;71;39;43;40;42;34;20;27;25;27;23;20;19;16;13;13;15;13;8;14;5;13;6;6;6;7;6;3;7;4;3;6;10;1;3
Mujer;Entre 7 y menos de 9 salarios mínimos;Sin informaci¿n;Estrato 3;DESERTORES;0;0;0;1;0;0;0;32;146;173;191;198;253;277;238;243;229;213;185;276;152;178;148;119;137;143;71;84;62;72;56;51;65;36;45;37;49;35;47;26;32;41;15;24;14;22;15;14;12;20;12;20;7;12
Mujer;Entre 7 y menos de 9 salarios mínimos;Sin informaci¿n;Estrato 4;DESERTORES;;;;;;0;0;11;56;55;56;62;113;76;90;95;72;75;58;93;60;72;58;49;39;32;23;28;19;25;21;21;7;20;15;14;6;5;11;10;5;8;4;5;5;3;7;5;3;4;5;2;4;4
Mujer;Entre 7 y menos de 9 salarios mínimos;Sin informaci¿n;Estrato 5;DESERTORES;;;;;;0;0;1;6;4;3;10;9;6;13;8;13;15;6;14;5;7;8;5;5;5;5;2;1;4;1;5;1;0;2;0;1;4;2;2;0;0;1;1;1;2;0;1;0;0;0;0;0;0
Mujer;Entre 7 y menos de 9 salarios mínimos;Sin informaci¿n;Estrato 6;DESERTORES;;;;;;0;0;0;3;3;3;5;5;8;9;5;4;2;4;6;9;4;4;3;1;3;4;0;2;2;;;1;1;0;1;0;0;1;0;0;0;0;0;2;0;0;0;0;0;0;;;
Mujer;Entre 7 y menos de 9 salarios mínimos;1;Sin informaci¿n;DESERTORES;0;0;1;1;1;2;2;0;0;0;0;1;0;0;0;0;0;0;0;0;;;;;;;;;;;;0;;;;;;;;0;1;0;0;0;;;;;;;;;;
Mujer;Entre 7 y menos de 9 salarios mínimos;1;Estrato 1;DESERTORES;;;;;;;;;;;;;;;;;;;;;;;;;0;0;0;0;0;0;0;0;0;0;0;0;0;0;0;0;0;0;0;0;0;0;0;0;1;0;0;0;;1
Mujer;Entre 7 y menos de 9 salarios mínimos;1;Estrato 2;DESERTORES;;;;;;;;;;;;;;;;;;;;;;;;;;0;0;0;0;;1;0;0;0;0;1;;;;;;;;;;;;;;;;;;
Mujer;Entre 7 y menos de 9 salarios mínimos;1;Estrato 3;DESERTORES;;;;;;;;;;;;;;;;;;;;;;;;0;0;;0;;1;;0;1;0;1;0;0;0;0;0;0;0;1;0;0;0;;;;;;;;;
Mujer;Entre 7 y menos de 9 salarios mínimos;1;Estrato 4;DESERTORES;;;;;;;;;;;;;;;;;;;;;;0;0;1;1;0;2;2;0;1;1;0;1;0;0;0;0;;;0;1;0;1;0;0;1;0;1;1;0;0;0;1;0
Mujer;Entre 7 y menos de 9 salarios mínimos;1;Estrato 5;DESERTORES;;;;;;;;;;;;;;;;;;;;;;;;;;;;;0;0;1;0;1;0;1;;0;0;0;0;0;0;0;;;1;1;0;0;1;0;1;0;
Mujer;Entre 7 y menos de 9 salarios mínimos;1;Estrato 6;DESERTORES;;;;;;;;;;;;;;;;;;;;;;;;;;0;0;0;1;0;0;0;0;0;0;0;0;0;;;;;;;;;;;;;;;;
Mujer;Entre 7 y menos de 9 salarios mínimos;2;Sin informaci¿n;DESERTORES;0;0;12;5;8;7;11;16;11;10;10;7;8;8;8;11;2;3;11;9;5;3;3;3;8;6;2;4;1;4;0;1;3;2;2;1;0;1;1;2;0;0;2;2;2;1;1;1;0;2;0;2;1;0
Mujer;Entre 7 y menos de 9 salarios mínimos;2;Estrato 1;DESERTORES;;;;;;;;;;;;;;;;;;;;;;;0;0;0;0;2;0;0;1;0;1;0;0;0;0;0;1;0;0;1;0;0;0;0;0;1;0;;;;;;
Mujer;Entre 7 y menos de 9 salarios mínimos;2;Estrato 2;DESERTORES;;;;;;;;;;;;;;;;;;;;;;;0;0;1;3;2;6;2;2;2;5;2;7;1;2;6;6;4;3;4;2;0;2;2;1;0;0;1;1;1;1;1;1
Mujer;Entre 7 y menos de 9 salarios mínimos;2;Estrato 3;DESERTORES;;;;;;;;;;;;;;;;;;;0;;;0;1;0;6;16;15;16;8;17;13;12;17;23;18;18;16;14;14;10;10;5;7;9;6;3;4;2;5;4;3;2;3;2
Mujer;Entre 7 y menos de 9 salarios mínimos;2;Estrato 4;DESERTORES;;;;;;;;;;;;;;;;;;;;;;0;0;2;13;6;15;15;9;11;18;9;14;29;20;14;13;22;7;15;8;9;7;6;4;2;3;0;1;3;4;2;1;1
Mujer;Entre 7 y menos de 9 salarios mínimos;2;Estrato 5;DESERTORES;;;;;;;;;;;;;;;;;;;;;;0;0;0;4;6;4;10;8;7;6;9;7;8;4;10;6;7;4;3;4;6;3;1;3;1;0;0;4;2;1;0;2;0
Mujer;Entre 7 y menos de 9 salarios mínimos;2;Estrato 6;DESERTORES;;;;;;;;;;;;;;;;;;;;;;0;0;0;4;3;4;3;4;0;2;5;7;2;2;4;5;0;2;3;4;5;2;0;0;1;0;1;1;2;1;1;0;1
Mujer;Entre 7 y menos de 9 salarios mínimos;3;Sin informaci¿n;DESERTORES;0;0;46;16;24;19;48;37;33;40;34;34;24;21;23;26;18;17;19;18;14;15;11;7;6;9;11;9;10;5;18;3;8;5;10;9;7;7;5;7;5;4;2;6;3;7;3;4;5;5;2;6;4;7
Mujer;Entre 7 y menos de 9 salarios mínimos;3;Estrato 1;DESERTORES;;;;;;;;;;;;;;;;;;;;;;;0;0;0;1;3;1;1;2;4;4;3;2;6;2;1;3;1;3;2;1;0;2;1;3;2;2;0;1;0;0;3;0
Mujer;Entre 7 y menos de 9 salarios mínimos;3;Estrato 2;DESERTORES;;;;;;;;;;;;;;;;;;;;;;0;0;0;6;4;5;13;8;16;12;18;14;21;23;20;23;13;13;18;10;13;8;9;5;15;4;3;2;14;6;9;5;4
Mujer;Entre 7 y menos de 9 salarios mínimos;3;Estrato 3;DESERTORES;;;;;;;;;;;;;;;;;;;;;0;0;0;4;22;37;57;52;50;34;76;64;87;94;66;82;67;53;67;49;46;46;43;29;27;29;22;16;21;13;10;15;10;14
Mujer;Entre 7 y menos de 9 salarios mínimos;3;Estrato 4;DESERTORES;;;;;;;;;;;;;;;;;;;;;;0;0;7;23;32;51;50;38;48;73;57;78;58;66;72;46;44;55;35;33;37;28;18;22;19;11;15;9;14;9;17;9;9
Mujer;Entre 7 y menos de 9 salarios mínimos;3;Estrato 5;DESERTORES;;;;;;;;;;;;;;;0;;;;;;;0;1;4;7;12;24;31;14;25;23;30;32;34;22;28;20;30;19;21;17;18;14;9;9;4;6;4;5;4;4;3;1;3
Mujer;Entre 7 y menos de 9 salarios mínimos;3;Estrato 6;DESERTORES;;;;;;;;;;;;;;;;;;;;;;0;0;3;6;9;10;11;10;6;10;18;8;7;14;6;9;9;8;9;3;3;2;4;0;3;2;4;0;2;1;0;2;1
Mujer;Entre 7 y menos de 9 salarios mínimos;4;Sin informaci¿n;DESERTORES;0;0;98;48;49;43;95;94;90;86;81;69;62;68;52;65;57;55;36;62;41;35;23;28;18;23;16;25;20;14;16;14;10;11;14;10;16;21;11;11;5;8;8;8;5;12;3;2;3;8;8;7;4;10
Mujer;Entre 7 y menos de 9 salarios mínimos;4;Estrato 1;DESERTORES;;;;;;;;;;;;;;;;;;;;;;0;0;0;0;1;2;4;4;2;4;5;4;6;7;6;5;5;3;2;3;3;1;2;3;3;1;4;1;0;2;4;2;2
Mujer;Entre 7 y menos de 9 salarios mínimos;4;Estrato 2;DESERTORES;0;;;;;;;;;;;;;;;;;;;;;0;0;1;17;17;37;28;32;26;29;34;43;52;41;41;35;33;33;42;25;32;25;30;15;20;16;5;12;12;5;11;6;6
Mujer;Entre 7 y menos de 9 salarios mínimos;4;Estrato 3;DESERTORES;0;0;0;0;0;0;0;;;;;;;;;;;;;;;0;0;9;44;56;107;114;71;83;128;127;170;176;158;148;117;123;111;115;105;97;74;80;60;48;26;39;30;27;38;28;10;28
Mujer;Entre 7 y menos de 9 salarios mínimos;4;Estrato 4;DESERTORES;;;;;;;;;;;;;;;;;;;;;;0;0;6;35;63;93;108;86;88;118;105;126;127;105;111;108;102;108;81;73;65;47;56;29;29;20;34;16;19;23;7;15;11
Mujer;Entre 7 y menos de 9 salarios mínimos;4;Estrato 5;DESERTORES;;;;;;;;;;;;;;;;;;;;;0;0;0;8;10;29;44;42;43;35;49;64;55;56;51;59;43;36;47;26;22;29;16;22;14;19;9;8;11;4;6;12;5;9
Mujer;Entre 7 y menos de 9 salarios mínimos;4;Estrato 6;DESERTORES;;;;;;;;;;;;;;;;;;;;;0;0;0;4;11;12;16;15;13;25;14;30;20;25;16;12;5;13;15;5;10;5;6;6;6;4;3;3;6;1;0;0;2;2
Mujer;Entre 7 y menos de 9 salarios mínimos;5;Sin informaci¿n;DESERTORES;0;0;129;41;55;52;113;108;89;199;118;132;102;89;92;79;75;68;89;79;58;60;45;47;43;31;35;37;36;21;15;21;29;21;26;16;20;21;24;21;23;14;12;17;12;10;5;8;6;7;3;13;8;11
Mujer;Entre 7 y menos de 9 salarios mínimos;5;Estrato 1;DESERTORES;;;;;;;;;;;;;;;;;;;;;;;0;0;1;1;6;4;4;5;3;1;3;8;6;8;6;7;6;6;1;7;7;3;4;3;5;4;1;2;3;2;0;1
Mujer;Entre 7 y menos de 9 salarios mínimos;5;Estrato 2;DESERTORES;;;;;;;;;;;;;;;;;;;;;;0;0;0;9;9;22;23;25;19;23;25;44;42;43;29;31;33;35;25;31;46;14;22;16;12;15;8;8;11;5;7;5;11
Mujer;Entre 7 y menos de 9 salarios mínimos;5;Estrato 3;DESERTORES;;;;;;;;;;;;;;;;;;;;0;0;1;0;6;46;47;84;79;74;56;97;92;90;129;104;126;76;95;94;95;53;72;50;58;39;32;23;21;24;30;18;21;15;19
Mujer;Entre 7 y menos de 9 salarios mínimos;5;Estrato 4;DESERTORES;;;;;;;;;;;;;;0;;;;;;;;0;1;6;35;28;59;54;48;38;49;61;64;69;65;64;54;55;53;57;55;43;36;29;18;30;15;17;9;9;11;14;6;18
Mujer;Entre 7 y menos de 9 salarios mínimos;5;Estrato 5;DESERTORES;;;;;;;;;;;;;;;;;;;;;;0;0;1;13;20;28;32;22;26;32;32;32;47;34;23;19;27;20;15;19;13;18;9;7;15;3;1;10;6;4;3;5;6
Mujer;Entre 7 y menos de 9 salarios mínimos;5;Estrato 6;DESERTORES;;;;;;;;;;;;;;;;;;;;;;0;0;1;5;7;9;13;11;11;11;15;15;14;12;8;12;10;8;3;6;4;4;3;3;4;1;3;2;1;0;3;3;1
Mujer;Entre 7 y menos de 9 salarios mínimos;6;Sin informaci¿n;DESERTORES;0;0;65;20;292;184;120;137;587;61;71;60;50;67;73;56;51;34;28;43;26;25;31;20;14;17;20;13;16;16;7;11;19;11;15;12;12;9;14;13;12;11;6;9;5;6;3;4;2;8;3;5;4;4
Mujer;Entre 7 y menos de 9 salarios mínimos;6;Estrato 1;DESERTORES;;;;;;;;;;;;;;;;;;;;;;;0;0;3;0;1;0;2;1;1;2;2;5;4;3;1;6;2;3;3;3;3;0;2;4;1;0;0;2;2;0;1;1
Mujer;Entre 7 y menos de 9 salarios mínimos;6;Estrato 2;DESERTORES;;;;;;;;;;;;;;;;;;;;;;0;0;0;7;2;10;9;12;9;13;13;24;27;21;23;9;16;8;17;14;17;12;11;13;10;8;7;6;11;6;5;2;7
Mujer;Entre 7 y menos de 9 salarios mínimos;6;Estrato 3;DESERTORES;;;;;;;;;;;;;;;;;;;;;;0;0;1;17;19;23;32;23;27;38;37;37;55;47;42;45;33;29;34;20;31;32;19;11;13;8;16;10;16;6;19;6;9
Mujer;Entre 7 y menos de 9 salarios mínimos;6;Estrato 4;DESERTORES;;;;;;;;;;;;;;;;;;;;;;0;0;1;7;8;24;21;17;20;16;19;21;19;27;24;17;16;19;15;7;15;7;8;4;7;6;7;4;1;5;6;1;4
Mujer;Entre 7 y menos de 9 salarios mínimos;6;Estrato 5;DESERTORES;;;;;;;;;;;;;;;;;;;;;;0;0;3;6;5;10;10;15;10;8;9;18;14;12;8;6;15;4;10;9;13;3;4;5;5;1;3;0;3;1;0;2;3
Mujer;Entre 7 y menos de 9 salarios mínimos;6;Estrato 6;DESERTORES;;;;;;;;;;;;;;;;;;;;;;0;0;0;5;3;1;8;6;4;9;8;6;4;8;6;3;5;4;7;0;5;7;1;2;0;0;2;1;0;0;2;1;0
Mujer;Entre 7 y menos de 9 salarios mínimos;7;Sin informaci¿n;DESERTORES;0;0;36;11;19;9;19;29;25;18;11;28;17;12;14;11;11;12;9;12;6;12;12;2;7;14;6;3;5;5;4;7;6;4;9;4;6;5;7;4;6;1;4;7;4;3;1;4;2;3;0;2;2;3
Mujer;Entre 7 y menos de 9 salarios mínimos;7;Estrato 1;DESERTORES;;;;;;;;;;;;;;;;;;;;;;;0;0;2;2;1;0;0;1;1;3;3;1;3;1;5;2;1;1;2;0;0;1;0;0;0;1;1;1;0;0;0;0
Mujer;Entre 7 y menos de 9 salarios mínimos;7;Estrato 2;DESERTORES;;;;;;;;;;;;;;;;;;;;;;;0;0;2;2;11;12;6;3;7;2;9;11;9;11;3;4;7;7;3;3;3;6;3;4;3;1;3;3;3;5;1;0
Mujer;Entre 7 y menos de 9 salarios mínimos;7;Estrato 3;DESERTORES;;;;;;;;;;;;;;;;;;;;;;0;0;0;7;10;22;7;11;10;13;17;16;19;17;24;15;14;12;13;10;9;3;9;7;9;4;2;3;4;1;6;0;4
Mujer;Entre 7 y menos de 9 salarios mínimos;7;Estrato 4;DESERTORES;;;;;;;;;;;;;;;;;;;;;;0;0;0;1;2;3;3;5;9;3;4;4;6;9;6;4;2;3;6;4;3;4;3;2;2;2;1;0;1;2;0;1;2
Mujer;Entre 7 y menos de 9 salarios mínimos;7;Estrato 5;DESERTORES;;;;;;;;;;;;;;;;;;;;;;;0;0;1;1;7;5;4;6;4;2;3;1;4;4;2;5;3;4;0;4;2;1;2;1;1;2;1;0;0;1;0;0
Mujer;Entre 7 y menos de 9 salarios mínimos;7;Estrato 6;DESERTORES;;;;;;;;;;;;;;;;;;;;;;;0;0;4;0;0;2;4;0;6;2;2;5;2;2;1;1;0;1;3;1;0;1;0;0;0;;0;;0;0;0;0
Mujer;Entre 7 y menos de 9 salarios mínimos;8;Sin informaci¿n;DESERTORES;0;0;6;9;5;4;4;5;14;5;5;8;8;6;6;12;5;2;2;3;4;2;5;4;3;8;4;2;3;3;5;3;0;0;2;2;2;2;1;3;1;4;1;1;1;1;1;1;0;0;0;1;0;2
Mujer;Entre 7 y menos de 9 salarios mínimos;8;Estrato 1;DESERTORES;;;;;;;;;;;;;;;;;;;;;;;;0;0;0;1;2;1;0;0;3;1;2;1;1;2;0;0;1;3;1;0;0;1;1;0;1;0;3;0;0;1;1
Mujer;Entre 7 y menos de 9 salarios mínimos;8;Estrato 2;DESERTORES;;;;;;;;;;;;;;;;;;;;;;0;0;0;4;3;3;2;4;1;5;2;8;7;3;1;3;5;6;9;2;2;1;4;3;2;1;6;0;1;1;1;0;1
Mujer;Entre 7 y menos de 9 salarios mínimos;8;Estrato 3;DESERTORES;;;;;;;;;;;;;;;0;;0;0;;;;0;1;0;5;4;3;8;9;2;3;3;6;10;3;6;5;4;1;7;2;4;2;3;2;5;2;3;0;1;2;1;2;0
Mujer;Entre 7 y menos de 9 salarios mínimos;8;Estrato 4;DESERTORES;;;;;;;;;;;;;;;;;;;;;;0;0;0;1;1;1;4;1;1;1;2;4;6;3;1;3;6;2;4;1;3;2;3;0;1;1;0;1;2;1;1;1;0
Mujer;Entre 7 y menos de 9 salarios mínimos;8;Estrato 5;DESERTORES;;;;;;;;;;;;;;;;;;;;;;0;0;1;0;0;0;4;0;2;0;1;0;0;1;1;1;1;0;2;1;1;0;0;2;0;0;1;0;0;1;0;0;0
Mujer;Entre 7 y menos de 9 salarios mínimos;8;Estrato 6;DESERTORES;;;;;;;;;;;;;;;;;;;;;;;0;0;1;0;0;1;1;0;0;0;1;2;1;1;3;0;0;1;0;0;0;1;;;;;;;;;;
Mujer;Entre 7 y menos de 9 salarios mínimos;9;Sin informaci¿n;DESERTORES;0;0;4;4;7;2;8;3;6;7;4;6;4;5;4;2;1;3;2;2;5;4;2;3;0;3;3;1;1;2;5;0;2;0;1;1;2;5;3;0;3;1;0;3;0;0;0;1;0;0;0;1;1;0
Mujer;Entre 7 y menos de 9 salarios mínimos;9;Estrato 1;DESERTORES;;;;;;;;;;;;;;;;;;;;;;;;0;0;;;0;1;0;0;0;0;1;0;1;1;1;1;0;0;0;0;0;0;0;;;;;;0;;
Mujer;Entre 7 y menos de 9 salarios mínimos;9;Estrato 2;DESERTORES;;;;;;;;;;;;;;;;;;;;;;;0;0;1;0;4;1;2;2;1;2;3;1;2;1;2;0;3;0;2;2;1;2;0;0;0;0;2;2;0;2;0;2
Mujer;Entre 7 y menos de 9 salarios mínimos;9;Estrato 3;DESERTORES;;;;;;;;;;;;;;;;;;;;;;;0;0;1;0;4;6;1;0;4;1;2;5;2;5;2;1;3;1;2;1;1;1;0;0;0;1;1;1;1;1;0;0
Mujer;Entre 7 y menos de 9 salarios mínimos;9;Estrato 4;DESERTORES;;;;;;;;;;;;;;;;;;;;;;;0;0;0;1;2;0;0;0;2;1;1;1;1;0;1;0;0;2;0;0;0;1;0;0;;;1;0;0;0;0;0
Mujer;Entre 7 y menos de 9 salarios mínimos;9;Estrato 5;DESERTORES;;;;;;;;;;;;;;;;;;;;;;;0;0;0;0;1;0;0;0;0;0;1;0;0;1;0;1;0;0;1;0;1;0;0;0;0;0;0;0;;0;0;
Mujer;Entre 7 y menos de 9 salarios mínimos;9;Estrato 6;DESERTORES;;;;;;;;;;;;;;;;;;;;;;;0;0;1;0;1;0;0;1;1;1;2;0;1;0;1;1;0;0;1;0;0;0;;;;;;;;;;
Mujer;Entre 7 y menos de 9 salarios mínimos;10;Estrato 1;DESERTORES;;;;;;;;;;;;;;;;;;;;;;;;0;0;0;0;0;0;0;0;0;0;0;0;0;0;0;0;0;1;0;0;0;0;0;0;1;0;1;;;;
Mujer;Entre 7 y menos de 9 salarios mínimos;10;Estrato 2;DESERTORES;;;;;;;;;;;;;;;;;;;;;;0;0;0;2;2;2;0;1;2;3;0;1;5;1;2;1;0;3;1;0;1;1;0;1;2;;1;2;;1;;;
Mujer;Entre 7 y menos de 9 salarios mínimos;10;Estrato 3;DESERTORES;;;;;;;;;;;;;;;;;;;;;;;0;0;1;2;3;3;0;1;1;3;2;3;1;3;4;5;0;1;1;3;2;3;1;1;1;1;0;1;0;3;1;1
Mujer;Entre 7 y menos de 9 salarios mínimos;10;Estrato 4;DESERTORES;;;;;;;;;;;;;;;;;;;;;;;0;0;0;0;0;0;0;0;1;1;2;0;0;0;1;0;0;0;2;0;0;0;0;0;0;0;0;;0;1;;
Mujer;Entre 7 y menos de 9 salarios mínimos;10;Estrato 5;DESERTORES;;;;;;;;;;;;;;;;;;;;;;;0;;0;1;0;0;0;0;0;0;0;1;1;1;0;0;0;0;0;1;0;0;;;;;;;;;;
Mujer;Entre 7 y menos de 9 salarios mínimos;10;Estrato 6;DESERTORES;;;;;;;;;;;;;;;;;;;;;;;0;0;0;0;0;0;0;0;0;0;0;0;;;;;;;;;;;;;;;;;;;;
Mujer;Entre 7 y menos de 9 salarios mínimos;11;Estrato 1;DESERTORES;;;;;;;;;;;;;;;;;;;;;;;;0;;0;1;0;0;0;0;0;0;0;0;0;1;0;1;0;0;0;0;;;;;;0;1;0;1;0;
Mujer;Entre 7 y menos de 9 salarios mínimos;11;Estrato 2;DESERTORES;;;;;;;;;;;;;;;;;;;;;;;;;0;0;2;0;0;0;0;3;1;0;2;0;0;2;1;4;0;2;0;0;1;0;0;0;1;0;0;0;1;1
Mujer;Entre 7 y menos de 9 salarios mínimos;11;Estrato 3;DESERTORES;;;;;;;;;;;;;;;;;;;;;;;0;0;1;0;0;1;1;2;1;1;1;1;1;5;2;2;4;2;1;2;2;2;1;1;1;0;0;1;0;;;1
Mujer;Entre 7 y menos de 9 salarios mínimos;11;Estrato 4;DESERTORES;;;;;;;;;;;;;;;;;;;;;;;0;0;0;0;0;0;0;0;0;1;2;0;0;0;0;0;1;0;0;0;0;0;0;0;0;0;0;;;;;
Mujer;Entre 7 y menos de 9 salarios mínimos;11;Estrato 5;DESERTORES;;;;;;;;;;;;;;;;;;;;;;0;0;0;0;0;0;0;0;0;0;0;0;1;0;0;0;0;0;;;;;;;;;;;;;;;
Mujer;Entre 7 y menos de 9 salarios mínimos;11;Estrato 6;DESERTORES;;;;;;;;;;;;;;;;;;;;;;0;;0;1;0;0;0;0;0;0;1;0;0;1;0;0;;;;;;;;;;;;;;;;;
Mujer;Entre 7 y menos de 9 salarios mínimos;12;Estrato 1;DESERTORES;;;;;;;;;;;;;;;;;;;;;;;0;0;0;1;0;3;1;0;0;2;0;2;1;2;2;2;0;1;1;0;1;0;1;0;0;0;0;1;0;0;;
Mujer;Entre 7 y menos de 9 salarios mínimos;12;Estrato 2;DESERTORES;;;;;;;;;;;;;;;;;;;;;;;0;0;1;0;2;2;0;2;1;2;2;3;2;4;4;2;2;4;3;5;1;4;2;2;3;0;2;2;0;2;2;0
Mujer;Entre 7 y menos de 9 salarios mínimos;12;Estrato 3;DESERTORES;;;;;;;;;;;;;;;;;;;;;;;0;0;1;1;0;0;0;1;1;2;0;2;1;1;2;1;2;2;2;1;1;1;0;1;0;1;0;1;0;1;0;2
Mujer;Entre 7 y menos de 9 salarios mínimos;12;Estrato 4;DESERTORES;;;;;;;;;;;;;;;;;;;;;;;0;0;0;0;0;0;0;0;0;0;;0;;;;;;;;;;;;;;;;;;;;
Mujer;Entre 7 y menos de 9 salarios mínimos;12;Estrato 5;DESERTORES;;;;;;;;;;;;;;;;;;;;;;;;;;;;0;0;1;0;0;0;;0;0;0;0;0;0;0;0;1;1;1;;;;;;;;;
Mujer;Entre 9 y menos de 11 salarios mínimos;Sin informaci¿n;Sin informaci¿n;DESERTORES;0;0;4;4;1;1;2;4;6;2;2;3;2;1;2;3;0;2;5;3;4;0;2;0;0;2;0;1;0;0;0;2;0;0;0;1;0;1;1;0;1;4;0;0;0;1;0;1;0;0;0;0;0;0
Mujer;Entre 9 y menos de 11 salarios mínimos;Sin informaci¿n;Estrato 1;DESERTORES;;;;;;0;0;0;0;1;5;0;4;5;6;3;8;2;3;5;2;4;7;2;1;3;5;2;2;1;3;1;2;1;0;1;1;1;0;4;2;1;0;2;1;5;1;1;1;0;1;1;1;1
Mujer;Entre 9 y menos de 11 salarios mínimos;Sin informaci¿n;Estrato 2;DESERTORES;;0;;;0;1;1;3;11;7;23;30;18;32;27;24;19;22;14;26;22;26;19;18;11;9;13;20;5;6;5;12;5;6;7;10;1;5;7;7;6;6;0;4;2;4;1;1;4;3;0;5;2;3
Mujer;Entre 9 y menos de 11 salarios mínimos;Sin informaci¿n;Estrato 3;DESERTORES;;;0;0;0;0;0;17;65;80;91;72;124;108;120;116;96;117;106;128;76;94;72;60;52;46;46;41;34;40;26;30;19;29;20;15;24;14;20;14;7;12;4;17;11;10;6;9;6;11;6;16;3;4
Mujer;Entre 9 y menos de 11 salarios mínimos;Sin informaci¿n;Estrato 4;DESERTORES;;;;;;0;0;3;70;72;82;68;110;112;136;110;79;121;86;102;75;77;85;68;60;43;35;21;18;37;20;21;5;10;9;6;13;11;12;14;4;3;7;10;2;5;1;4;4;3;3;7;3;4
Mujer;Entre 9 y menos de 11 salarios mínimos;Sin informaci¿n;Estrato 5;DESERTORES;;;;;;0;0;12;14;19;21;16;28;22;21;25;16;21;29;17;14;9;19;8;12;5;3;5;3;1;4;3;2;3;3;2;2;2;0;1;2;2;2;0;1;3;0;1;0;0;2;1;1;0
Mujer;Entre 9 y menos de 11 salarios mínimos;Sin informaci¿n;Estrato 6;DESERTORES;;;;;0;0;0;1;0;1;3;4;4;4;5;15;17;8;12;11;9;7;6;7;13;9;9;8;1;5;0;4;0;0;2;1;2;1;0;3;1;0;0;0;0;1;1;0;1;1;0;1;0;
Mujer;Entre 9 y menos de 11 salarios mínimos;1;Sin informaci¿n;DESERTORES;;;0;0;0;0;0;1;0;0;0;1;0;0;1;0;0;;;;;;;;;;;;;;;;;;;;;;;;;;;;;;;;;;;;;
Mujer;Entre 9 y menos de 11 salarios mínimos;1;Estrato 1;DESERTORES;;;;;;;;;;;;;;;;;;;;;;;;;;;;;;;0;0;0;1;0;0;0;0;0;0;0;0;;;;;;;;;;;;
Mujer;Entre 9 y menos de 11 salarios mínimos;1;Estrato 2;DESERTORES;;;;;;;;;;;;;;;;;;;;;;;;;;;;;;;;;;;;;;0;0;0;0;;;;;;0;1;0;0;0;0;;
Mujer;Entre 9 y menos de 11 salarios mínimos;1;Estrato 3;DESERTORES;;;;;;;;;;;;;;;;;;;;;;;;0;0;;;;;;;;;;;;0;;;1;;;;;1;;;;1;1;;;;0
Mujer;Entre 9 y menos de 11 salarios mínimos;1;Estrato 4;DESERTORES;;;;;;;;;;;;;;;;;;;;;;;0;0;;1;;;;;;;;;;;;;;;;;;;;;;;;;;;;
Mujer;Entre 9 y menos de 11 salarios mínimos;1;Estrato 5;DESERTORES;;;;;;;;;;;;;;;;;;;;;;;0;;0;1;1;0;0;0;0;0;1;1;1;1;1;0;0;0;0;1;0;0;0;0;0;;;0;;;;
Mujer;Entre 9 y menos de 11 salarios mínimos;2;Sin informaci¿n;DESERTORES;0;0;3;2;3;4;3;2;5;5;2;3;5;4;2;3;1;2;2;3;2;4;3;1;0;1;0;2;2;1;4;0;1;0;1;1;1;1;1;0;0;1;0;0;0;0;0;2;0;1;;;;
Mujer;Entre 9 y menos de 11 salarios mínimos;2;Estrato 1;DESERTORES;;;;;;;;;;;;;;;;;;;;;;;;;;;0;0;0;0;0;0;0;1;1;1;0;0;0;0;0;;;;;;;;;0;;;;
Mujer;Entre 9 y menos de 11 salarios mínimos;2;Estrato 2;DESERTORES;;;;;;;;;;;;;;;;;;;;;;;0;0;0;2;0;2;0;1;3;0;3;1;2;3;1;1;2;1;2;1;1;1;1;2;0;0;1;2;0;0;0;0
Mujer;Entre 9 y menos de 11 salarios mínimos;2;Estrato 3;DESERTORES;;;;;;;;;;;;;;;;;;;;;;0;0;0;2;3;3;3;5;2;7;5;9;11;3;5;3;2;4;5;7;3;1;1;3;1;2;1;1;3;2;2;0;0
Mujer;Entre 9 y menos de 11 salarios mínimos;2;Estrato 4;DESERTORES;;;;;;;;;;;;;;;;;;;;;;0;0;0;6;11;6;14;4;5;9;10;13;17;6;11;9;9;9;9;4;5;8;4;5;3;3;2;2;1;1;0;0;1
Mujer;Entre 9 y menos de 11 salarios mínimos;2;Estrato 5;DESERTORES;;;;;;;;;;;;;;;;;;;;;;0;0;1;1;3;2;6;3;3;3;6;8;5;6;4;4;3;6;3;2;2;2;3;0;4;1;1;1;0;1;1;0;1
Mujer;Entre 9 y menos de 11 salarios mínimos;2;Estrato 6;DESERTORES;;;;;;;;;;;;;;;;;;;;;0;0;1;0;2;3;3;5;1;1;3;2;2;3;6;1;1;1;4;2;0;1;0;1;1;0;;0;1;;;;;
Mujer;Entre 9 y menos de 11 salarios mínimos;3;Sin informaci¿n;DESERTORES;0;0;28;15;14;5;29;27;19;22;15;18;13;18;16;16;7;11;6;5;10;5;3;4;5;6;2;6;4;8;2;6;1;3;4;4;6;0;5;3;2;3;3;3;2;2;0;4;2;5;3;4;2;0
Mujer;Entre 9 y menos de 11 salarios mínimos;3;Estrato 1;DESERTORES;;;;;;;;;;;;;;;;;;;;;;;;;0;0;1;0;0;0;0;0;0;2;0;0;1;0;1;2;0;2;0;0;0;0;0;1;0;0;2;0;;
Mujer;Entre 9 y menos de 11 salarios mínimos;3;Estrato 2;DESERTORES;;;;;;;;;;;;;;;;;;;;;;0;0;1;1;5;1;1;4;2;4;6;4;4;2;10;5;7;2;3;3;3;1;5;3;3;1;2;2;1;2;1;1;0
Mujer;Entre 9 y menos de 11 salarios mínimos;3;Estrato 3;DESERTORES;;;;;;;;;;;;;;;;;;;;;;0;0;1;9;16;25;27;13;17;28;24;23;45;26;28;17;19;18;8;20;19;8;16;8;15;3;4;4;2;7;3;2;1
Mujer;Entre 9 y menos de 11 salarios mínimos;3;Estrato 4;DESERTORES;;;;;;;;;;;;;;;;;;;;;;0;0;3;11;21;26;27;16;20;21;49;38;36;39;37;31;19;31;23;26;25;15;23;5;7;6;6;6;9;5;3;2;3
Mujer;Entre 9 y menos de 11 salarios mínimos;3;Estrato 5;DESERTORES;;;;;;;;;;;;;;;;;;;;;;0;0;3;9;13;18;14;14;18;27;21;21;29;29;23;17;15;20;7;8;7;7;12;2;4;3;6;0;2;1;1;1;2
Mujer;Entre 9 y menos de 11 salarios mínimos;3;Estrato 6;DESERTORES;;0;;;;;;;;;;;;;;;;;;;;0;0;1;1;6;13;8;10;10;17;6;10;16;11;3;9;14;5;6;4;7;6;3;2;3;1;2;1;1;2;0;1;0
Mujer;Entre 9 y menos de 11 salarios mínimos;4;Sin informaci¿n;DESERTORES;0;0;74;35;26;22;68;55;51;70;38;51;40;38;38;47;30;38;17;28;19;14;21;12;15;13;9;7;7;10;9;7;6;6;6;11;9;4;7;3;6;5;1;4;2;4;2;5;2;4;2;5;2;4
Mujer;Entre 9 y menos de 11 salarios mínimos;4;Estrato 1;DESERTORES;;;;;;;;;;;;;;;;;;;;;;;0;0;0;0;1;1;1;1;0;1;1;2;4;2;4;1;2;2;4;5;0;2;1;4;0;1;0;0;0;1;0;1
Mujer;Entre 9 y menos de 11 salarios mínimos;4;Estrato 2;DESERTORES;;;;;;;;;;;;;;;;;;;;;;0;0;1;6;5;11;5;8;4;9;13;11;10;10;16;14;6;16;4;12;3;7;5;7;5;5;6;5;1;3;3;2;2
Mujer;Entre 9 y menos de 11 salarios mínimos;4;Estrato 3;DESERTORES;;;;;;;;;;;;;;;;;;;;;;0;0;3;17;18;40;39;31;34;50;43;64;67;50;68;47;43;39;56;27;37;29;31;25;13;21;21;8;12;9;11;5;13
Mujer;Entre 9 y menos de 11 salarios mínimos;4;Estrato 4;DESERTORES;;;;;;;;;;;;;;;;;;;;;;0;0;5;17;25;62;54;45;56;53;69;94;89;71;73;59;61;70;61;43;49;32;31;24;17;14;13;12;17;2;8;7;8
Mujer;Entre 9 y menos de 11 salarios mínimos;4;Estrato 5;DESERTORES;;;;;;;;;;;;;;;;;;;;;0;0;0;6;18;23;41;39;39;33;51;27;59;59;43;52;27;34;40;25;22;22;18;14;11;9;8;8;3;7;1;2;7;3
Mujer;Entre 9 y menos de 11 salarios mínimos;4;Estrato 6;DESERTORES;;;;;;;;;;;;;;;;;;;;;;0;0;6;7;15;16;26;27;18;23;31;32;21;22;28;19;18;14;9;13;9;6;6;1;2;4;1;2;1;3;2;1;1
Mujer;Entre 9 y menos de 11 salarios mínimos;5;Sin informaci¿n;DESERTORES;0;0;58;16;34;29;69;63;68;47;39;57;46;37;38;48;39;35;26;32;23;12;18;15;15;11;9;9;5;13;4;10;12;18;6;5;5;7;9;7;5;3;7;11;1;4;1;2;4;4;2;6;2;6
Mujer;Entre 9 y menos de 11 salarios mínimos;5;Estrato 1;DESERTORES;;;;;;;;;;;;;;;;;;;;;;;0;0;0;0;4;2;2;1;1;1;1;2;2;1;2;1;0;1;0;1;0;0;0;0;1;2;0;0;1;1;0;1
Mujer;Entre 9 y menos de 11 salarios mínimos;5;Estrato 2;DESERTORES;;;;;;;;;;;;;;;;;;;;;;;0;0;1;2;12;5;5;3;10;8;13;14;11;11;9;10;7;10;8;2;3;6;4;5;4;4;1;1;3;2;1;4
Mujer;Entre 9 y menos de 11 salarios mínimos;5;Estrato 3;DESERTORES;;;;;;0;0;0;0;0;0;0;0;0;0;0;0;;;;;0;0;0;24;17;21;31;17;12;25;41;34;57;36;37;37;28;28;49;21;21;28;19;19;9;10;5;6;13;6;5;7;7
Mujer;Entre 9 y menos de 11 salarios mínimos;5;Estrato 4;DESERTORES;;;;;;;;;;;;;;;;;;;;;0;0;1;1;24;19;35;34;23;24;40;34;49;65;43;43;36;40;39;30;32;34;17;14;11;18;9;10;8;13;4;12;1;3
Mujer;Entre 9 y menos de 11 salarios mínimos;5;Estrato 5;DESERTORES;;;;;;;;;;;;;;;;;;;;;;0;0;6;11;12;22;21;16;11;28;13;32;23;32;28;20;16;7;10;15;17;6;7;7;4;6;3;2;2;3;1;1;0
Mujer;Entre 9 y menos de 11 salarios mínimos;5;Estrato 6;DESERTORES;;;;;;;;;;;;;;;;;;;;;0;0;0;3;4;14;12;16;13;9;11;20;18;29;16;16;10;9;6;9;8;6;5;3;3;2;2;3;1;3;1;1;3;1
Mujer;Entre 9 y menos de 11 salarios mínimos;6;Sin informaci¿n;DESERTORES;0;0;37;14;12;13;34;31;34;16;30;28;24;18;21;25;18;15;11;16;14;13;8;10;7;9;6;11;7;4;1;10;1;2;7;3;2;3;6;3;4;6;5;4;5;1;1;1;2;4;2;4;2;2
Mujer;Entre 9 y menos de 11 salarios mínimos;6;Estrato 1;DESERTORES;;;;;;;;;;;;;;;;;;;;;;;0;0;0;1;0;0;2;0;0;1;0;0;3;0;0;0;0;0;0;1;0;0;1;1;0;1;1;0;0;0;0;0
Mujer;Entre 9 y menos de 11 salarios mínimos;6;Estrato 2;DESERTORES;;;;;;;;;;;;;;;;;;;;;;0;0;0;2;0;1;0;5;0;4;4;2;2;6;3;0;4;2;8;2;3;1;3;2;1;1;1;0;3;2;2;2;1
Mujer;Entre 9 y menos de 11 salarios mínimos;6;Estrato 3;DESERTORES;;;;;;;;;;;;;;;;;;;;;;0;0;1;5;10;17;14;7;7;10;12;19;20;19;16;9;11;13;13;12;11;6;5;5;9;4;4;0;3;2;3;2;2
Mujer;Entre 9 y menos de 11 salarios mínimos;6;Estrato 4;DESERTORES;0;0;;;;;;;;;;;;;;;;;;;;0;0;1;3;2;9;10;8;8;10;18;10;11;15;19;10;13;11;8;5;10;5;8;7;3;3;3;1;5;1;6;2;4
Mujer;Entre 9 y menos de 11 salarios mínimos;6;Estrato 5;DESERTORES;;;;;;;;;;;;;;;;;;;;;;0;0;1;8;6;11;1;9;7;6;9;6;12;10;14;13;9;8;11;5;3;7;2;2;2;3;1;4;3;0;0;1;1
Mujer;Entre 9 y menos de 11 salarios mínimos;6;Estrato 6;DESERTORES;;;;;;;;;;;;;;;;;;;;;;0;0;3;1;3;3;5;3;3;5;13;7;6;5;3;7;1;2;3;4;2;0;0;3;0;0;0;1;0;0;0;0;0
Mujer;Entre 9 y menos de 11 salarios mínimos;7;Sin informaci¿n;DESERTORES;0;0;14;8;4;9;14;5;8;12;6;10;7;8;6;14;9;4;6;9;8;10;5;5;4;9;4;11;2;2;2;6;2;2;2;2;2;3;3;3;2;1;3;2;1;1;1;0;1;0;0;1;0;0
Mujer;Entre 9 y menos de 11 salarios mínimos;7;Estrato 1;DESERTORES;;;;;;;;;;;;;;;;;;;;;;;;;;;;;0;0;1;0;0;1;0;2;1;1;1;0;0;0;0;0;0;0;0;0;0;0;1;0;0;1
Mujer;Entre 9 y menos de 11 salarios mínimos;7;Estrato 2;DESERTORES;;;;;;;;;;;;;;;;;;;;;;;0;0;0;0;1;2;0;3;1;1;3;2;4;0;5;3;1;4;3;3;0;2;1;1;2;1;0;2;0;1;1;0
Mujer;Entre 9 y menos de 11 salarios mínimos;7;Estrato 3;DESERTORES;;;;;;;;;;;;;;;;;;;;;;0;0;0;2;2;2;2;1;4;7;5;6;8;2;1;4;1;5;5;3;2;1;2;1;2;3;2;1;2;1;3;2;2
Mujer;Entre 9 y menos de 11 salarios mínimos;7;Estrato 4;DESERTORES;;;;;;;;;;;;;;;;;;;;;;0;0;1;7;2;4;6;3;4;6;2;4;7;5;3;7;3;2;2;1;3;1;4;0;1;0;2;0;0;0;0;0;0
Mujer;Entre 9 y menos de 11 salarios mínimos;7;Estrato 5;DESERTORES;;;;;;;;;;;;;;;;;;;;;;0;0;1;2;1;3;0;2;3;8;3;3;6;1;4;2;2;1;7;1;2;0;4;0;1;1;1;2;0;0;1;0;0
Mujer;Entre 9 y menos de 11 salarios mínimos;7;Estrato 6;DESERTORES;;;;;;;;;;;;;;;;;;;;;;0;0;0;1;1;0;1;1;1;0;2;0;2;2;1;1;3;1;1;1;2;3;0;1;0;0;0;0;;;;;
Mujer;Entre 9 y menos de 11 salarios mínimos;8;Sin informaci¿n;DESERTORES;0;0;6;1;5;0;11;8;4;2;3;1;5;5;5;3;5;2;4;3;0;2;3;3;1;1;2;3;0;0;0;2;0;2;3;1;2;1;1;3;1;1;1;1;0;1;0;0;0;5;0;1;0;0
Mujer;Entre 9 y menos de 11 salarios mínimos;8;Estrato 1;DESERTORES;;;;;;;;;;;;;;;;;;;;;;;0;0;0;0;0;0;0;1;0;1;0;0;0;0;1;0;0;1;;0;0;0;1;1;0;0;0;0;0;1;0;1
Mujer;Entre 9 y menos de 11 salarios mínimos;8;Estrato 2;DESERTORES;;;;;;;;;;;;;;;;;;;;;;;0;0;0;0;0;0;0;2;0;0;2;0;1;4;0;1;0;0;0;1;2;0;0;1;0;0;0;1;1;0;0;0
Mujer;Entre 9 y menos de 11 salarios mínimos;8;Estrato 3;DESERTORES;;;;;;;;;;;;;;;;;;;;;;;0;0;1;1;0;4;1;0;3;5;1;4;3;1;1;2;2;0;1;0;2;1;0;1;0;1;0;1;1;1;1;0
Mujer;Entre 9 y menos de 11 salarios mínimos;8;Estrato 4;DESERTORES;;;;;;;;;;;;;;;;;;;0;0;0;0;0;1;0;0;3;0;0;2;3;0;0;1;2;2;2;0;0;3;2;1;1;1;;1;0;0;0;0;0;1;;0
Mujer;Entre 9 y menos de 11 salarios mínimos;8;Estrato 5;DESERTORES;;;;;;;;;;;;;;;;;;;;;;0;;0;1;0;0;0;0;0;0;0;0;1;0;0;0;2;2;0;1;1;0;0;1;1;2;0;0;0;;;;
Mujer;Entre 9 y menos de 11 salarios mínimos;8;Estrato 6;DESERTORES;;;;;;;;;;;;;;;;;;;;;;0;0;0;0;0;1;2;0;0;1;0;1;0;0;0;0;2;0;0;0;0;0;0;;;;;;;;;;
Mujer;Entre 9 y menos de 11 salarios mínimos;9;Sin informaci¿n;DESERTORES;0;0;4;1;0;0;4;3;3;2;4;1;3;2;1;1;0;1;0;1;2;2;4;3;0;2;1;1;0;1;1;1;0;1;1;0;0;0;2;2;0;4;0;0;0;0;1;0;1;1;0;2;1;0
Mujer;Entre 9 y menos de 11 salarios mínimos;9;Estrato 1;DESERTORES;;;;;;;;;;;;;;;;;;;;;;;;0;0;0;0;0;0;0;0;1;0;0;0;0;1;0;1;0;0;0;0;;;;0;;;;;;;
Mujer;Entre 9 y menos de 11 salarios mínimos;9;Estrato 2;DESERTORES;;;;;;;;;;;;;;;;;;;;;;;;0;0;1;1;0;0;0;0;2;0;1;0;1;0;1;0;2;1;0;0;0;0;0;0;0;1;0;0;;;
Mujer;Entre 9 y menos de 11 salarios mínimos;9;Estrato 3;DESERTORES;;;;;;;;;;;;;;;;;;;;;;;0;0;1;0;0;2;0;0;1;0;0;3;2;0;3;1;3;2;2;3;0;0;0;0;0;1;0;1;1;0;0;0
Mujer;Entre 9 y menos de 11 salarios mínimos;9;Estrato 4;DESERTORES;;;;;;;;;;;;;;;;;;;;;;;0;0;0;0;1;0;1;0;0;1;1;0;0;1;2;0;0;0;1;;;;1;;;;1;0;0;0;;
Mujer;Entre 9 y menos de 11 salarios mínimos;9;Estrato 5;DESERTORES;;;;;;;;;;;;;;;;;;;;;;;0;0;1;0;0;1;0;0;0;0;1;0;0;0;0;;1;0;0;0;;;1;1;;;;;;;;
Mujer;Entre 9 y menos de 11 salarios mínimos;10;Estrato 1;DESERTORES;;;;;;;;;;;;;;;;;;;;;;;;;;;;;;;;;;;;;;;;;;;;;;;0;0;0;0;0;0;;
Mujer;Entre 9 y menos de 11 salarios mínimos;10;Estrato 2;DESERTORES;;;;;;;;;;;;;;;;;;;;;;;;;;;;;0;0;2;0;0;1;0;0;2;0;0;1;1;0;0;0;;0;0;0;0;;;;;
Mujer;Entre 9 y menos de 11 salarios mínimos;10;Estrato 3;DESERTORES;;;;;;;;;;;;;;;;;;;;;;;0;0;0;0;0;0;1;3;2;2;1;1;1;0;0;4;1;1;1;1;1;1;0;1;0;0;0;1;0;1;0;0
Mujer;Entre 9 y menos de 11 salarios mínimos;10;Estrato 4;DESERTORES;;;;;;;;;;;;;;;;;;;;;;;;;0;0;0;0;0;0;0;1;1;0;1;0;1;1;0;0;0;0;0;0;1;;;;0;;;;;
Mujer;Entre 9 y menos de 11 salarios mínimos;10;Estrato 5;DESERTORES;;;;;;;;;;;;;;;;;;;;;;;0;0;0;1;0;0;1;1;0;0;0;0;1;0;0;0;0;0;0;0;0;0;;;;;;;;;;
Mujer;Entre 9 y menos de 11 salarios mínimos;10;Estrato 6;DESERTORES;;;;;;;;;;;;;;;;;;;;;;;0;0;0;0;0;0;0;0;;;;;;1;0;0;0;0;0;0;;;;;;;;;;;;
Mujer;Entre 9 y menos de 11 salarios mínimos;11;Estrato 1;DESERTORES;;;;;;;;;;;;;;;;;;;;;;;0;;;;;;;;0;1;1;0;0;0;0;1;0;0;0;0;0;1;0;;0;0;0;0;0;0;;
Mujer;Entre 9 y menos de 11 salarios mínimos;11;Estrato 2;DESERTORES;;;;;;;;;;;;;;;;;;;;;;;;0;0;1;0;0;1;;0;0;0;1;0;0;0;;;;;;;;0;0;1;0;0;0;0;0;0;0
Mujer;Entre 9 y menos de 11 salarios mínimos;11;Estrato 3;DESERTORES;;;;;;;;;;;;;;;;;;;;;;;0;0;0;0;0;0;0;1;1;0;3;4;0;0;1;3;0;1;0;0;1;2;0;;0;0;0;0;0;0;2;0
Mujer;Entre 9 y menos de 11 salarios mínimos;11;Estrato 4;DESERTORES;;;;;;;;;;;;;;;;;;;;;;;0;0;0;0;0;0;0;0;0;0;0;;;;;;;;;;;;;0;0;0;;0;;;;
Mujer;Entre 9 y menos de 11 salarios mínimos;11;Estrato 6;DESERTORES;;;;;;;;;;;;;;;;;;;;;;;;;;;;;;;;0;0;1;0;0;0;0;0;0;;;;;;;;;;;;;;
Mujer;Entre 9 y menos de 11 salarios mínimos;12;Estrato 1;DESERTORES;;;;;;;;;;;;;;;;;;;;;;;;;0;0;0;0;0;0;0;0;0;0;0;;;;;;;;;;;;;0;0;0;0;0;0;0
Mujer;Entre 9 y menos de 11 salarios mínimos;12;Estrato 2;DESERTORES;;;;;;;;;;;;;;;;;;;;;;;0;0;0;0;0;1;0;0;0;3;1;1;3;0;0;2;0;1;1;0;0;2;0;0;0;1;0;0;0;0;;
Mujer;Entre 9 y menos de 11 salarios mínimos;12;Estrato 3;DESERTORES;;;;;;;;;;;;;;;;;;;;;;;0;0;0;1;0;2;0;0;4;0;0;1;1;0;3;0;0;2;0;1;0;0;0;0;0;0;0;0;0;0;;0
Mujer;Entre 9 y menos de 11 salarios mínimos;12;Estrato 4;DESERTORES;;;;;;;;;;;;;;;;;;;;;;;;;0;0;0;1;0;1;0;0;0;0;1;1;0;0;0;0;0;1;0;0;0;;;;;;;;;
Mujer;Entre 9 y menos de 11 salarios mínimos;12;Estrato 5;DESERTORES;;;;;;;;;;;;;;;;;;;;;;;;;;;;0;0;0;0;0;0;0;0;0;0;;;;;;;;;;;;;;;;;
Mujer;Entre 9 y menos de 11 salarios mínimos;12;Estrato 6;DESERTORES;;;;;;;;;;;;;;;;;;;;;;;0;0;;0;;;;;;;;;;;;;;;;;;;;;;;;;;;;
Mujer;Entre 11 y menos de 13 salarios mínimos;Sin informaci¿n;Sin informaci¿n;DESERTORES;0;0;4;1;4;2;1;0;2;4;0;1;3;1;2;1;2;0;1;2;2;1;0;0;0;0;1;0;0;0;0;0;1;0;0;;;0;1;0;;;;;;;;;0;1;0;0;0;0
Mujer;Entre 11 y menos de 13 salarios mínimos;Sin informaci¿n;Estrato 1;DESERTORES;;;;;;0;0;0;1;1;3;3;1;0;0;0;1;0;1;4;1;0;0;0;1;1;0;0;0;0;0;0;0;1;0;0;0;0;0;1;0;0;0;0;0;0;0;;;1;0;0;0;0
Mujer;Entre 11 y menos de 13 salarios mínimos;Sin informaci¿n;Estrato 2;DESERTORES;;;;;;0;0;0;2;3;4;8;2;12;12;10;5;8;3;7;8;3;12;10;7;5;4;4;3;2;5;4;4;1;5;1;0;3;2;4;2;3;2;0;0;0;0;1;1;4;0;0;1;1
Mujer;Entre 11 y menos de 13 salarios mínimos;Sin informaci¿n;Estrato 3;DESERTORES;;;;0;;0;1;3;16;15;19;23;43;40;27;37;29;29;31;29;20;39;18;26;10;11;10;9;6;4;9;14;4;5;8;6;6;6;3;2;5;1;3;2;0;1;1;6;0;2;1;4;2;1
Mujer;Entre 11 y menos de 13 salarios mínimos;Sin informaci¿n;Estrato 4;DESERTORES;0;0;0;0;0;0;0;9;40;48;61;53;92;80;78;73;65;76;60;72;53;69;49;47;37;35;27;31;20;19;15;6;15;9;9;8;12;10;6;7;6;4;4;5;4;5;4;5;6;2;2;7;1;2
Mujer;Entre 11 y menos de 13 salarios mínimos;Sin informaci¿n;Estrato 5;DESERTORES;;;;;;0;0;4;8;23;13;23;17;13;16;15;22;13;11;7;21;21;10;11;9;8;3;3;1;4;2;2;1;1;0;1;2;1;1;0;1;1;0;0;0;3;0;0;2;0;0;;;1
Mujer;Entre 11 y menos de 13 salarios mínimos;Sin informaci¿n;Estrato 6;DESERTORES;;;;;;0;0;2;1;1;2;1;4;3;9;16;23;11;12;13;8;3;10;3;9;7;7;5;3;3;2;1;1;5;0;0;0;0;0;0;0;0;;;;;;;;1;1;0;;
Mujer;Entre 11 y menos de 13 salarios mínimos;1;Sin informaci¿n;DESERTORES;;;;0;;;;;;;;;;;;;;0;2;0;0;0;0;0;1;0;;;;;;;;;;;;;;;;;;;;;;;;;;;;
Mujer;Entre 11 y menos de 13 salarios mínimos;1;Estrato 1;DESERTORES;;;;;;;;;;;;;;;;;;;;;;;;;;0;0;;0;1;0;0;0;1;0;0;;0;0;0;;0;;;;0;;;;;;;;1
Mujer;Entre 11 y menos de 13 salarios mínimos;1;Estrato 3;DESERTORES;;;;;;;;;;;;;;;;;;;;;;;;;;;;;0;0;0;;0;;1;;;1;1;1;0;0;0;0;0;0;0;0;;;;;;
Mujer;Entre 11 y menos de 13 salarios mínimos;1;Estrato 4;DESERTORES;;;;;;;;;;;;;;;;;;;;;;;;;;;;;;;0;0;0;0;0;0;0;0;0;;;;;;;;;;;;;;;
Mujer;Entre 11 y menos de 13 salarios mínimos;1;Estrato 5;DESERTORES;;;;;;;;;;;;;;;;;;;;;;0;0;0;0;0;0;0;0;0;0;0;0;0;0;0;;;;;;;;;;;;;;;;;;
Mujer;Entre 11 y menos de 13 salarios mínimos;1;Estrato 6;DESERTORES;;;;;;;;;;;;;;;;;;;;;;;;0;;0;0;0;1;1;0;0;1;0;0;0;0;;;;;;;;;;;;;;;;;
Mujer;Entre 11 y menos de 13 salarios mínimos;2;Sin informaci¿n;DESERTORES;0;0;7;0;2;2;4;3;2;1;3;2;2;3;1;2;3;1;0;1;1;1;1;1;1;1;0;1;3;0;0;2;0;1;0;0;1;1;0;0;0;1;0;1;0;0;0;1;;0;;;;
Mujer;Entre 11 y menos de 13 salarios mínimos;2;Estrato 1;DESERTORES;;;;;;;;;;;;;;;;;;;;;;;;;;;;;;0;0;1;1;0;0;0;1;0;1;0;1;1;0;0;0;0;0;0;0;;;;;
Mujer;Entre 11 y menos de 13 salarios mínimos;2;Estrato 2;DESERTORES;;;;;;;;;;;;;;;;;;;;;;;0;0;0;0;0;1;0;1;0;1;2;1;3;2;0;0;1;0;1;0;0;0;;0;;;;0;2;0;0;1
Mujer;Entre 11 y menos de 13 salarios mínimos;2;Estrato 3;DESERTORES;;;;;;;;;;;;;;;;;;;;;;0;0;0;2;1;1;1;1;0;4;3;5;3;2;1;1;5;1;5;3;2;1;2;1;2;0;0;0;0;1;0;0;0
Mujer;Entre 11 y menos de 13 salarios mínimos;2;Estrato 4;DESERTORES;;;;;;;;;;;;;;;;;;;;;;0;0;0;2;4;4;5;3;5;6;5;11;10;9;9;7;5;4;5;3;4;6;1;3;2;2;1;1;0;1;1;;
Mujer;Entre 11 y menos de 13 salarios mínimos;2;Estrato 5;DESERTORES;;;;;;;;;;;;;;;;;;;;;;0;0;2;2;0;7;6;2;3;2;5;5;10;10;5;4;6;8;6;2;6;1;1;3;2;0;2;1;1;;;0;2
Mujer;Entre 11 y menos de 13 salarios mínimos;2;Estrato 6;DESERTORES;;;;;;;;;;;;;;;;;;;;;;0;0;2;4;8;7;7;13;11;10;8;6;10;7;8;4;6;4;6;4;6;2;1;4;2;2;2;2;0;0;1;1;0
Mujer;Entre 11 y menos de 13 salarios mínimos;3;Sin informaci¿n;DESERTORES;0;0;18;6;8;8;21;15;16;10;9;9;14;3;7;11;14;5;5;9;3;3;4;1;3;1;3;4;1;1;5;4;1;4;1;2;3;1;2;1;0;1;0;1;1;2;0;0;2;2;1;2;0;0
Mujer;Entre 11 y menos de 13 salarios mínimos;3;Estrato 1;DESERTORES;;;;;;;;;;;;;;;;;;;;;;;;0;0;0;0;0;0;0;1;0;0;1;2;1;1;0;1;1;2;1;2;0;1;1;0;2;0;1;0;1;1;0
Mujer;Entre 11 y menos de 13 salarios mínimos;3;Estrato 2;DESERTORES;;;;;;;;;;;;;;;;;;;;;;;0;0;0;2;0;1;0;0;1;3;1;2;4;2;5;1;2;3;0;0;1;2;0;1;1;1;2;0;0;1;0;1
Mujer;Entre 11 y menos de 13 salarios mínimos;3;Estrato 3;DESERTORES;;;;;;;;;;;;;;;;;;;;;;0;0;0;3;6;3;13;20;9;12;13;14;16;18;12;15;9;13;9;6;7;4;7;3;5;4;2;0;3;1;2;2;0
Mujer;Entre 11 y menos de 13 salarios mínimos;3;Estrato 4;DESERTORES;;;;;;;;;;;;;;;;;;;;;;0;0;3;15;14;28;28;34;23;21;34;35;22;41;34;26;24;26;19;22;24;11;10;6;5;4;2;6;4;6;1;2;2
Mujer;Entre 11 y menos de 13 salarios mínimos;3;Estrato 5;DESERTORES;;;;;;;;;;;;;;;;;;;;;;0;0;5;13;25;25;22;15;22;27;39;30;27;32;31;20;21;23;13;10;8;13;12;5;4;2;5;1;5;2;3;1;4
Mujer;Entre 11 y menos de 13 salarios mínimos;3;Estrato 6;DESERTORES;;;;;;;;;;;;;;;;;;;;;;0;0;7;15;20;22;28;21;32;32;49;35;41;36;19;22;18;22;10;17;10;10;14;4;4;3;2;2;4;4;3;2;0
Mujer;Entre 11 y menos de 13 salarios mínimos;4;Sin informaci¿n;DESERTORES;0;0;45;23;14;15;31;38;31;41;24;31;25;24;24;19;22;12;11;14;16;7;14;10;11;8;12;7;6;6;7;5;6;7;4;3;5;5;4;1;1;4;7;6;4;3;2;3;1;4;5;5;2;1
Mujer;Entre 11 y menos de 13 salarios mínimos;4;Estrato 1;DESERTORES;;;;;;;;;;;;;;;;;;;;;;;0;0;0;0;3;0;0;2;0;0;1;1;2;1;1;1;1;1;0;0;1;2;;0;0;0;0;1;0;1;0;1
Mujer;Entre 11 y menos de 13 salarios mínimos;4;Estrato 2;DESERTORES;;;;;;;;;;;;;;;;;;;;;;0;0;0;3;2;0;4;1;2;5;2;6;6;5;4;4;3;4;2;2;7;4;2;5;1;0;0;2;1;1;1;1;2
Mujer;Entre 11 y menos de 13 salarios mínimos;4;Estrato 3;DESERTORES;;;;;;;;;;;;;;;;;;;;;;0;0;2;7;16;22;27;19;21;25;27;34;33;30;33;15;17;22;16;22;16;13;15;12;10;6;9;6;6;7;2;4;5
Mujer;Entre 11 y menos de 13 salarios mínimos;4;Estrato 4;DESERTORES;0;0;;;0;1;0;0;0;0;;;;;;;;;;;0;0;1;3;29;38;64;37;42;49;49;73;96;89;60;68;63;49;64;50;46;34;24;15;14;13;11;12;10;6;4;8;3;4
Mujer;Entre 11 y menos de 13 salarios mínimos;4;Estrato 5;DESERTORES;;;;;;;;;;;;;;;;;;;;;;0;0;8;29;32;40;54;39;57;63;74;62;92;60;65;51;41;46;36;35;20;30;21;14;13;9;19;9;8;6;7;7;6
Mujer;Entre 11 y menos de 13 salarios mínimos;4;Estrato 6;DESERTORES;;;;;;;;;;;;;;;;;;;;;;0;0;18;20;34;57;69;50;64;81;93;115;74;71;58;52;49;37;40;31;29;14;14;10;7;10;3;4;5;6;2;2;0
Mujer;Entre 11 y menos de 13 salarios mínimos;5;Sin informaci¿n;DESERTORES;0;0;42;22;8;14;41;37;33;42;25;33;21;22;20;28;23;17;15;16;9;11;8;8;11;10;8;6;7;5;2;6;4;2;5;3;2;2;5;1;1;4;1;1;1;7;1;4;0;2;2;3;0;5
Mujer;Entre 11 y menos de 13 salarios mínimos;5;Estrato 1;DESERTORES;;;;;;;;;;;;;;;;;;;;;;;0;0;1;1;0;1;0;0;2;2;0;1;1;2;1;2;2;0;1;1;0;1;0;1;0;0;1;0;0;1;2;0
Mujer;Entre 11 y menos de 13 salarios mínimos;5;Estrato 2;DESERTORES;;;;;;;;;;;;;;;;;;;;;;0;0;0;2;1;3;5;5;2;5;1;8;5;4;4;8;5;8;4;5;3;2;3;2;1;1;2;2;0;0;3;3;1
Mujer;Entre 11 y menos de 13 salarios mínimos;5;Estrato 3;DESERTORES;;;;;;;;;;;;;;;;;;;;;;0;0;1;7;7;9;14;12;18;18;13;17;34;26;21;16;18;10;16;10;9;7;5;6;6;4;3;3;2;6;2;1;5
Mujer;Entre 11 y menos de 13 salarios mínimos;5;Estrato 4;DESERTORES;;;;;;;;;;;;;;;;;;;;;0;0;0;1;10;13;41;37;24;32;30;42;40;42;30;43;20;35;27;28;24;29;19;13;9;12;4;9;9;5;9;5;4;3
Mujer;Entre 11 y menos de 13 salarios mínimos;5;Estrato 5;DESERTORES;;;;;;;;;;;;;;;;;;;;;;0;0;7;19;27;35;32;29;38;43;53;51;51;54;39;42;38;41;24;20;14;11;8;12;4;5;3;5;5;3;8;3;1
Mujer;Entre 11 y menos de 13 salarios mínimos;5;Estrato 6;DESERTORES;;;;;;;;;;;;;;;;;;;;;0;0;0;4;19;33;42;47;42;70;63;87;61;83;52;60;42;30;45;31;24;29;16;9;7;8;5;6;5;4;2;0;4;3
Mujer;Entre 11 y menos de 13 salarios mínimos;6;Sin informaci¿n;DESERTORES;0;0;22;11;9;7;21;16;15;11;10;12;12;10;1;6;7;12;10;9;8;4;4;4;6;4;5;5;1;6;3;1;4;3;2;2;4;6;3;1;2;4;0;3;2;1;0;1;1;2;0;0;0;2
Mujer;Entre 11 y menos de 13 salarios mínimos;6;Estrato 1;DESERTORES;;;;;;;;;;;;;;;;;;;;;;;;;;0;;;0;1;0;1;0;0;0;1;1;2;1;0;0;0;0;0;0;1;0;0;1;2;0;1;0;1
Mujer;Entre 11 y menos de 13 salarios mínimos;6;Estrato 2;DESERTORES;;;;;;;;;;;;;;;;;;;;;;;0;0;0;0;1;0;3;0;1;0;1;1;2;5;1;0;0;2;2;1;1;0;0;0;0;0;0;1;1;0;1;0
Mujer;Entre 11 y menos de 13 salarios mínimos;6;Estrato 3;DESERTORES;;;;;;;;;;;;;;;;;;;;;;0;0;0;3;5;4;9;4;4;4;2;5;6;8;4;8;2;3;4;4;5;2;4;3;1;0;0;1;1;0;2;0;0
Mujer;Entre 11 y menos de 13 salarios mínimos;6;Estrato 4;DESERTORES;;;;;;;;;;;;;;;;;;;;;;0;0;3;2;8;6;24;12;14;13;16;16;19;15;11;13;10;9;12;8;4;6;5;4;2;1;1;1;0;3;2;1;0
Mujer;Entre 11 y menos de 13 salarios mínimos;6;Estrato 5;DESERTORES;;;;;;;;;;;;;;;;;;;;;;0;0;0;4;8;9;8;11;15;13;14;22;14;13;19;9;5;6;8;10;3;3;9;3;7;1;1;3;4;0;1;0;0
Mujer;Entre 11 y menos de 13 salarios mínimos;6;Estrato 6;DESERTORES;;;;;;;;;;;;;;;;;;;;;;0;0;5;10;18;24;23;18;26;25;32;29;21;27;20;24;20;21;13;11;8;5;3;4;2;2;5;2;0;0;0;0;3
Mujer;Entre 11 y menos de 13 salarios mínimos;7;Sin informaci¿n;DESERTORES;0;0;8;4;5;1;5;2;6;4;5;8;5;5;2;4;5;3;1;6;2;3;3;1;4;3;1;2;0;0;3;1;3;3;2;4;0;1;3;1;0;2;1;1;0;0;0;1;1;0;1;1;2;1
Mujer;Entre 11 y menos de 13 salarios mínimos;7;Estrato 1;DESERTORES;;;;;;;;;;;;;;;;;;;;;;;;;;0;0;0;0;0;0;0;0;0;0;0;0;0;0;0;;;;;;;;;;0;0;0;0;0
Mujer;Entre 11 y menos de 13 salarios mínimos;7;Estrato 2;DESERTORES;;;;;;;;;;;;;;;;;;;;;;;0;0;0;0;0;0;2;1;0;0;0;1;1;1;0;2;2;1;0;1;1;2;1;0;0;0;0;0;0;2;0;2
Mujer;Entre 11 y menos de 13 salarios mínimos;7;Estrato 3;DESERTORES;;;;;;;;;;;;;;;;;;;;;;;0;0;0;1;2;1;6;0;4;2;2;1;2;5;3;2;1;6;0;1;1;2;1;2;0;2;0;0;0;0;2;1
Mujer;Entre 11 y menos de 13 salarios mínimos;7;Estrato 4;DESERTORES;;;;;;;;;;;;;;;;;;;;;;0;0;1;4;0;5;2;3;0;1;2;7;2;4;1;4;2;4;1;1;1;1;0;0;1;0;0;0;0;1;1;0;0
Mujer;Entre 11 y menos de 13 salarios mínimos;7;Estrato 5;DESERTORES;;;;;;;;;;;;;;;;;;;;;;0;0;1;3;3;3;5;5;4;4;6;2;4;3;3;2;5;2;2;1;2;2;1;0;0;0;0;0;;1;0;;
Mujer;Entre 11 y menos de 13 salarios mínimos;7;Estrato 6;DESERTORES;;;;;;;;;;;;;;;;;;;;;;0;0;2;2;6;3;3;9;8;7;11;7;3;8;7;5;4;4;5;3;3;2;3;1;0;1;1;0;0;1;0;1;0
Mujer;Entre 11 y menos de 13 salarios mínimos;8;Sin informaci¿n;DESERTORES;0;0;6;3;3;2;6;5;3;1;2;5;1;1;3;3;1;0;1;5;2;1;2;4;3;1;2;2;0;1;0;0;1;4;0;0;2;0;0;0;1;1;1;0;0;2;0;1;0;0;2;0;1;0
Mujer;Entre 11 y menos de 13 salarios mínimos;8;Estrato 1;DESERTORES;;;;;;;;;;;;;;;;;;;;;;;;0;;;;;;0;1;0;1;0;1;0;0;0;1;0;0;0;0;0;;;;;;1;;1;1;0
Mujer;Entre 11 y menos de 13 salarios mínimos;8;Estrato 2;DESERTORES;;;;;;;;;;;;;;;;;;;;;;;;;;;;0;0;0;0;0;0;0;0;0;1;0;0;0;0;0;0;0;;;;0;;;;;;
Mujer;Entre 11 y menos de 13 salarios mínimos;8;Estrato 3;DESERTORES;;;;;;;;;;;;;;;;;;;;;;;0;0;0;1;2;0;1;0;3;0;1;0;2;0;0;1;1;0;2;1;0;0;2;0;0;0;1;0;;;;
Mujer;Entre 11 y menos de 13 salarios mínimos;8;Estrato 4;DESERTORES;;;;;;;;;;;;;;;;;;;;;;;0;0;0;0;0;1;2;0;0;1;0;0;0;1;1;0;1;0;1;3;1;0;0;0;0;1;0;0;0;0;;0
Mujer;Entre 11 y menos de 13 salarios mínimos;8;Estrato 5;DESERTORES;;;;;;;;;;;;;;;;;;;;;;0;0;0;0;1;1;1;0;1;1;2;0;0;1;0;1;0;0;0;1;0;0;0;;0;;;;;;;;
Mujer;Entre 11 y menos de 13 salarios mínimos;8;Estrato 6;DESERTORES;;;;;;;;;;;;;;;;;;;;;;0;0;0;1;0;4;3;6;3;2;6;5;4;5;1;2;3;1;2;2;0;1;1;0;1;0;1;;;;;;
Mujer;Entre 11 y menos de 13 salarios mínimos;9;Sin informaci¿n;DESERTORES;0;0;1;1;3;3;1;2;2;2;0;2;6;1;2;1;1;0;0;0;0;1;0;1;1;0;0;;0;2;0;0;0;0;0;0;0;0;0;0;0;0;;;;;0;1;0;0;;;;
Mujer;Entre 11 y menos de 13 salarios mínimos;9;Estrato 1;DESERTORES;;;;;;;;;;;;;;;;;;;;;;;;;;0;0;1;0;0;0;0;1;1;0;0;1;1;0;0;;1;;;1;2;0;0;1;1;0;0;0;0
Mujer;Entre 11 y menos de 13 salarios mínimos;9;Estrato 2;DESERTORES;;;;;;;;;;;;;;;;;;;;;;;0;0;0;1;0;0;0;0;0;0;0;1;0;0;0;2;;;;;0;1;0;0;0;0;0;;;;;
Mujer;Entre 11 y menos de 13 salarios mínimos;9;Estrato 3;DESERTORES;;;;;;;;;;;;;;;;;;;;;;;;0;0;0;0;0;1;1;0;1;1;0;1;1;0;0;0;0;0;0;0;0;0;;;;;;;;;
Mujer;Entre 11 y menos de 13 salarios mínimos;9;Estrato 4;DESERTORES;;;;;;;;;;;;;;;;;;;;;;;0;0;0;0;0;0;0;0;0;0;0;1;0;1;1;0;0;2;0;0;;;;;;;;0;0;0;;0
Mujer;Entre 11 y menos de 13 salarios mínimos;9;Estrato 5;DESERTORES;;;;;;;;;;;;;;;;;;;;;;;0;0;0;0;0;0;2;0;0;0;2;1;2;0;0;1;0;0;0;1;2;0;;;;;;0;;;;
Mujer;Entre 11 y menos de 13 salarios mínimos;9;Estrato 6;DESERTORES;;;;;;;;;;;;;;;;;;;;;;0;0;0;0;2;1;0;1;2;1;2;1;2;1;0;2;0;0;0;0;1;0;0;;;;;;;;;;
Mujer;Entre 11 y menos de 13 salarios mínimos;10;Estrato 1;DESERTORES;;;;;;;;;;;;;;;;;;;;;;;;;;;;;0;0;0;0;0;1;0;0;;;;0;0;0;0;0;0;0;1;0;0;;;;;
Mujer;Entre 11 y menos de 13 salarios mínimos;10;Estrato 2;DESERTORES;;;;;;;;;;;;;;;;;;;;;;0;0;0;0;0;0;0;0;0;0;0;0;;0;;;;;;;;0;;;;;;;;;;;1
Mujer;Entre 11 y menos de 13 salarios mínimos;10;Estrato 3;DESERTORES;;;;;;;;;;;;;;;;;;;;;;;0;0;0;0;0;0;0;1;0;0;0;0;0;0;1;3;0;1;0;1;0;1;1;0;0;0;1;0;0;0;0;1
Mujer;Entre 11 y menos de 13 salarios mínimos;10;Estrato 4;DESERTORES;;;;;;;;;;;;;;;;;;;;;;;;;;0;0;0;0;0;1;0;0;1;0;1;0;0;1;0;0;0;0;0;0;1;;;;0;0;0;;
Mujer;Entre 11 y menos de 13 salarios mínimos;10;Estrato 5;DESERTORES;;;;;;;;;;;;;;;;;;;;;;;0;0;0;1;0;0;0;0;0;0;0;0;0;0;0;0;0;;;;;;;;;;;;;;;
Mujer;Entre 11 y menos de 13 salarios mínimos;10;Estrato 6;DESERTORES;;;;;;;;;;;;;;;;;;;;;;;0;;0;2;1;1;1;1;0;0;1;0;0;0;0;0;0;0;0;1;;;;;;;;;;;;
Mujer;Entre 11 y menos de 13 salarios mínimos;11;Estrato 2;DESERTORES;;;;;;;;;;;;;;;;;;;;;;;0;0;1;;;;;;0;1;;0;0;0;0;0;0;0;;;;;;;;;;;;;;0
Mujer;Entre 11 y menos de 13 salarios mínimos;11;Estrato 3;DESERTORES;;;;;;;;;;;;;;;;;;;;;;;;;;;;;;;0;0;1;1;0;0;;;;;;;;;;;;;;;;;;
Mujer;Entre 11 y menos de 13 salarios mínimos;11;Estrato 4;DESERTORES;;;;;;;;;;;;;;;;;;;;;;;;0;0;0;0;0;0;0;1;;0;0;;1;;;;;;;;;1;;;;;;;;;
Mujer;Entre 11 y menos de 13 salarios mínimos;11;Estrato 5;DESERTORES;;;;;;;;;;;;;;;;;;;;;;;;0;0;0;0;;0;0;;1;1;0;0;0;0;0;0;0;0;0;0;;;;;;;;;;;
Mujer;Entre 11 y menos de 13 salarios mínimos;11;Estrato 6;DESERTORES;;;;;;;;;;;;;;;;;;;;;;;;;;;;0;0;1;0;0;1;0;0;0;0;1;0;0;0;0;0;0;0;0;0;0;;;;;;
Mujer;Entre 11 y menos de 13 salarios mínimos;12;Estrato 1;DESERTORES;;;;;;;;;;;;;;;;;;;;;;;;;;;;;;0;0;1;0;;0;0;0;0;0;0;0;0;0;1;1;0;0;0;;;;;;
Mujer;Entre 11 y menos de 13 salarios mínimos;12;Estrato 2;DESERTORES;;;;;;;;;;;;;;;;;;;;;;;0;0;0;0;0;2;1;0;0;0;2;0;0;1;0;1;2;2;0;1;1;2;0;1;2;1;1;1;0;1;1;0
Mujer;Entre 11 y menos de 13 salarios mínimos;12;Estrato 3;DESERTORES;;;;;;;;;;;;;;;;;;;;;;0;;;0;1;1;0;0;0;0;0;1;2;2;0;1;0;0;1;0;1;2;1;0;1;0;0;;1;0;1;;0
Mujer;Entre 11 y menos de 13 salarios mínimos;12;Estrato 4;DESERTORES;;;;;;;;;;;;;;;;;;;;;;;;0;0;0;1;0;1;0;4;1;0;0;0;1;1;0;0;0;0;1;;;0;1;;0;0;;;;;
Mujer;Entre 11 y menos de 13 salarios mínimos;12;Estrato 5;DESERTORES;;;;;;;;;;;;;;;;;;;;;;;;0;0;0;1;0;0;0;1;0;0;2;0;;;;;;;;;;;;;;;;;;;
Mujer;Entre 11 y menos de 13 salarios mínimos;12;Estrato 6;DESERTORES;;;;;;;;;;;;;;;;;;;;;;;;;0;0;;;;;;;;;0;1;0;0;0;0;0;0;0;;;;0;0;1;;0;1;0;0
Mujer;Entre 13 y menos de 15 salarios mínimos;Sin informaci¿n;Sin informaci¿n;DESERTORES;0;0;1;0;0;1;1;0;2;2;3;3;1;1;1;3;0;1;0;3;0;0;1;1;1;0;0;1;0;0;1;0;1;;0;1;0;;;;;;;;;;;;;0;2;0;;
Mujer;Entre 13 y menos de 15 salarios mínimos;Sin informaci¿n;Estrato 1;DESERTORES;;;;;;;0;0;0;0;1;0;0;3;1;2;1;2;0;3;0;1;0;0;0;1;2;1;;0;0;1;1;0;0;0;1;0;0;0;0;1;0;1;0;1;0;0;0;0;0;0;;
Mujer;Entre 13 y menos de 15 salarios mínimos;Sin informaci¿n;Estrato 2;DESERTORES;;;;;;0;0;1;3;2;5;4;10;3;10;1;6;5;5;4;2;3;6;3;2;5;3;2;0;2;1;6;1;0;3;1;2;2;1;2;3;0;2;3;0;0;0;1;1;0;1;1;0;0
Mujer;Entre 13 y menos de 15 salarios mínimos;Sin informaci¿n;Estrato 3;DESERTORES;;;;;0;0;1;2;10;8;17;27;26;23;15;15;15;20;22;22;17;23;18;14;9;10;6;10;6;6;7;2;4;5;5;4;1;6;2;2;2;0;2;4;1;2;0;2;0;1;0;2;0;0
Mujer;Entre 13 y menos de 15 salarios mínimos;Sin informaci¿n;Estrato 4;DESERTORES;;;;;;0;0;7;41;58;51;45;77;74;75;68;56;74;49;64;48;48;53;29;28;29;18;11;15;23;11;19;5;7;7;11;6;3;8;5;2;4;2;3;6;2;1;0;1;1;1;5;1;3
Mujer;Entre 13 y menos de 15 salarios mínimos;Sin informaci¿n;Estrato 5;DESERTORES;;;;;0;0;1;19;12;15;14;20;23;20;22;25;28;17;10;19;14;11;7;11;7;5;8;9;3;2;4;2;2;0;1;2;2;0;1;1;2;1;1;0;0;0;0;1;1;2;0;1;0;0
Mujer;Entre 13 y menos de 15 salarios mínimos;Sin informaci¿n;Estrato 6;DESERTORES;;;;;;0;0;0;2;2;1;5;7;3;5;16;21;10;8;12;9;2;8;6;7;4;2;1;2;2;1;1;1;0;1;0;1;0;0;1;0;1;0;1;1;0;1;0;0;0;0;0;0;0
Mujer;Entre 13 y menos de 15 salarios mínimos;1;Sin informaci¿n;DESERTORES;;;;;;;;;;;;;;;0;0;;;;0;1;0;0;0;0;0;;;;;;;;;;;;;;;;;;;;;;;;;;;;
Mujer;Entre 13 y menos de 15 salarios mínimos;2;Sin informaci¿n;DESERTORES;0;0;3;1;4;2;1;1;6;3;1;1;1;1;2;2;0;2;0;2;1;2;0;0;0;1;2;0;1;0;0;0;0;;1;1;0;0;0;1;1;0;0;0;0;0;;;;;;;;0
Mujer;Entre 13 y menos de 15 salarios mínimos;3;Sin informaci¿n;DESERTORES;0;0;10;4;6;10;6;12;7;13;13;6;7;7;8;5;7;1;3;5;6;3;4;4;1;2;3;0;2;3;0;1;2;0;0;1;0;1;0;1;0;0;2;1;1;2;0;0;0;1;0;0;1;0
Mujer;Entre 13 y menos de 15 salarios mínimos;4;Sin informaci¿n;DESERTORES;0;0;25;9;18;9;29;29;22;29;24;24;15;18;14;22;22;10;17;9;9;6;8;5;3;8;7;2;5;3;1;5;6;7;3;3;3;2;4;1;0;0;3;1;2;4;5;0;1;1;1;1;1;2
Mujer;Entre 13 y menos de 15 salarios mínimos;5;Sin informaci¿n;DESERTORES;0;0;48;14;16;10;29;21;27;21;23;17;25;8;16;24;15;23;15;15;11;4;7;9;7;4;9;6;5;4;6;5;7;3;3;3;2;3;6;0;1;2;2;3;1;1;2;2;2;4;0;1;1;3
Mujer;Entre 13 y menos de 15 salarios mínimos;6;Sin informaci¿n;DESERTORES;0;0;21;8;4;5;12;13;11;15;8;8;12;12;9;8;5;9;1;4;3;3;7;5;5;1;1;4;0;4;0;2;3;1;3;0;0;0;2;1;0;1;1;0;0;0;0;1;0;0;0;1;0;0
Mujer;Entre 13 y menos de 15 salarios mínimos;7;Sin informaci¿n;DESERTORES;0;0;5;0;0;3;3;2;4;3;5;5;4;2;0;5;0;1;1;1;2;4;0;2;1;1;1;1;1;0;1;1;1;0;1;1;0;0;0;2;0;0;1;0;0;1;1;0;1;1;0;1;;
Mujer;Entre 13 y menos de 15 salarios mínimos;8;Sin informaci¿n;DESERTORES;0;0;2;0;1;0;2;3;0;1;2;1;1;0;0;1;0;0;0;1;2;0;1;1;0;;1;;1;1;0;0;0;0;0;1;0;2;0;;;;;0;0;0;0;0;1;0;0;0;0;1
Mujer;Entre 13 y menos de 15 salarios mínimos;9;Sin informaci¿n;DESERTORES;0;0;1;1;1;1;2;1;0;3;1;1;1;1;0;3;0;1;2;1;;;;;;;;0;;4;2;0;1;0;0;0;1;0;1;1;1;0;0;0;0;0;;;;1;;0;1;0
Mujer;15 o más salarios mínimos;Sin informaci¿n;Sin informaci¿n;DESERTORES;0;0;3;3;3;1;2;4;1;2;2;1;1;6;10;8;10;9;8;5;2;9;7;4;3;5;2;2;2;2;5;3;3;3;1;5;0;0;2;0;1;2;1;1;0;1;0;1;1;0;0;0;0;0
Mujer;15 o más salarios mínimos;Sin informaci¿n;Estrato 1;DESERTORES;;;;;;;0;0;0;1;1;0;1;0;1;0;0;1;1;0;1;0;0;0;0;1;0;1;0;0;1;1;1;0;1;0;0;0;0;1;0;0;0;1;0;1;0;0;0;;0;0;0;0
Mujer;15 o más salarios mínimos;Sin informaci¿n;Estrato 2;DESERTORES;;;;;;0;0;1;1;0;3;6;9;16;23;18;15;14;10;16;11;8;13;9;7;21;16;20;5;8;7;4;6;10;6;5;3;8;4;8;3;0;8;2;1;8;1;3;5;6;1;4;2;2
Mujer;15 o más salarios mínimos;Sin informaci¿n;Estrato 3;DESERTORES;;;0;0;0;0;1;3;8;21;24;27;35;34;28;28;32;22;18;22;26;21;16;14;18;16;6;11;5;10;5;7;7;9;5;4;2;0;3;6;3;1;4;1;1;4;2;1;0;4;1;2;0;2
Mujer;15 o más salarios mínimos;Sin informaci¿n;Estrato 4;DESERTORES;;;;0;;0;1;12;71;75;109;74;121;102;116;110;75;84;79;85;66;73;60;45;37;29;26;27;23;13;15;16;8;12;10;8;7;1;8;4;6;7;2;5;2;4;3;3;4;3;2;3;2;4
Mujer;15 o más salarios mínimos;Sin informaci¿n;Estrato 5;DESERTORES;;;;;;0;0;47;39;53;38;46;55;47;41;44;59;48;43;21;25;28;30;12;22;8;11;9;6;13;5;8;5;6;4;7;4;3;2;1;2;1;3;0;0;1;0;0;2;1;2;0;0;1
Mujer;15 o más salarios mínimos;Sin informaci¿n;Estrato 6;DESERTORES;;;;;0;0;1;6;4;5;5;9;13;5;10;41;43;26;32;27;14;18;20;6;22;13;12;9;8;9;5;2;4;0;4;3;4;2;1;0;0;1;1;2;0;2;4;1;1;1;0;1;1;0
Mujer;15 o más salarios mínimos;1;Sin informaci¿n;DESERTORES;0;;;;;;;;;;;;;;;;;;;;;;;;;;;;;;;;;;;;;;;;;;0;;;;;;;;;;;
Mujer;15 o más salarios mínimos;2;Sin informaci¿n;DESERTORES;0;0;5;4;4;4;5;2;1;1;4;2;2;4;3;2;1;6;2;1;1;0;0;1;1;0;0;0;0;0;0;0;0;1;0;0;0;0;0;0;0;2;0;1;3;1;0;0;0;1;1;0;0;0
Mujer;15 o más salarios mínimos;3;Sin informaci¿n;DESERTORES;0;0;29;12;17;10;18;20;15;17;14;18;9;8;11;13;10;13;7;5;2;6;3;4;2;5;2;3;2;4;4;4;2;2;6;1;0;1;0;5;1;1;2;0;2;1;0;2;1;1;1;1;4;0
Mujer;15 o más salarios mínimos;4;Sin informaci¿n;DESERTORES;0;0;92;36;53;49;71;49;62;59;39;40;41;26;41;45;23;17;21;15;12;11;6;11;7;4;8;7;7;9;5;4;4;9;8;5;7;4;5;3;1;5;1;4;3;3;2;1;1;5;2;2;1;5
Mujer;15 o más salarios mínimos;5;Sin informaci¿n;DESERTORES;0;0;104;30;42;27;71;63;68;44;60;42;41;29;34;32;26;20;22;21;20;12;17;13;13;14;10;7;7;6;6;8;6;8;1;7;5;7;7;2;3;2;1;4;3;7;3;5;0;10;3;3;3;4
Mujer;15 o más salarios mínimos;6;Sin informaci¿n;DESERTORES;0;0;47;27;20;19;26;25;20;19;20;16;13;15;10;9;17;9;14;9;7;8;3;7;5;7;4;2;3;0;8;6;4;3;5;3;2;5;1;1;0;2;0;4;2;0;2;2;4;2;0;1;0;0
Mujer;15 o más salarios mínimos;7;Sin informaci¿n;DESERTORES;0;0;13;7;6;7;13;7;4;8;7;13;5;7;4;8;4;4;3;6;2;1;0;2;3;1;4;4;0;1;1;2;1;1;1;0;2;2;2;2;0;1;0;0;0;0;2;0;1;1;2;2;1;0
Mujer;15 o más salarios mínimos;8;Sin informaci¿n;DESERTORES;0;0;4;3;1;3;6;5;5;0;4;2;2;3;0;1;4;0;2;1;0;2;2;0;0;1;0;3;1;0;2;0;0;0;2;0;0;1;2;0;1;1;0;0;1;1;1;;;;0;1;1;0
Mujer;15 o más salarios mínimos;9;Sin informaci¿n;DESERTORES;0;0;0;0;1;0;3;1;1;0;3;1;2;1;2;0;0;0;0;0;1;0;0;0;2;0;0;0;0;3;0;0;;;;;1;0;1;0;;;;2;1;0;0;1;0;0;0;1;0;0
Sin informaci¿n;Sin informaci¿n;Sin informaci¿n;Sin informaci¿n;DESERTORES;0;0;129;128;217;309;313;298;427;282;418;403;362;475;327;387;385;287;347;513;344;217;230;254;234;255;225;175;193;149;173;160;114;139;166;130;153;88;115;221;93;52;59;37;45;33;22;11;37;10;16;15;14;13
Sin informaci¿n;Sin informaci¿n;Sin informaci¿n;Estrato 1;DESERTORES;;;;;;;;;;;;;;0;0;0;1;1;0;0;0;0;2;0;0;0;1;0;0;0;0;0;0;0;0;1;0;1;0;0;0;0;0;0;0;;0;0;0;;;;;
Sin informaci¿n;Sin informaci¿n;Sin informaci¿n;Estrato 2;DESERTORES;;;;;;;;;;;;;;;0;0;2;7;4;8;6;4;3;5;5;11;7;1;4;2;4;10;3;5;3;2;4;1;2;7;0;1;3;1;0;1;0;0;0;0;0;0;;2
Sin informaci¿n;Sin informaci¿n;Sin informaci¿n;Estrato 3;DESERTORES;;;;;;;;;;;;;;;0;0;0;0;1;1;3;1;1;1;0;0;1;1;1;1;1;0;0;0;0;0;0;;;;;;;;;;;;;;;;;
Sin informaci¿n;Sin informaci¿n;Sin informaci¿n;Estrato 4;DESERTORES;;;;;;;;;;;;;;;0;0;0;0;0;2;0;1;1;0;1;0;1;0;0;0;0;0;0;0;0;;0;0;0;0;;;;;;;;;;;;;;
Sin informaci¿n;Sin informaci¿n;Sin informaci¿n;Estrato 5;DESERTORES;;;;;;;;;;;;;;;;;;;;;;0;0;0;0;;0;0;0;0;0;0;0;0;0;;;;;;;;;;;;;;;;;;;
Sin informaci¿n;Sin informaci¿n;3;Estrato 2;DESERTORES;;;;;;;;;;;;;;;;;;;;;;;;;;;;;;;;;;;0;0;0;0;0;2;0;;;1;;;;;;;;;;
Sin informaci¿n;Sin informaci¿n;3;Estrato 3;DESERTORES;;;;;;;;;;;;;;;;;;;;;;;;;;;;;;;;;;0;0;0;0;0;0;0;0;1;0;0;0;0;0;0;0;;;;;
Sin informaci¿n;Sin informaci¿n;4;Estrato 1;DESERTORES;;;;;;;;;;;;;;;;;;;;;;;;;;;;;;;;;;;;;0;0;;;;;;;;;;;;;;;;
Sin informaci¿n;Sin informaci¿n;4;Estrato 2;DESERTORES;;;;;;;;;;;;;;;;;;;;;;;;;;;;;;;;;;0;;;;;;;;;;;;;;;;;;;;
Sin informaci¿n;Sin informaci¿n;4;Estrato 3;DESERTORES;;;;;;;;;;;;;;;;;;;;;;;;;;;;;;;;;;;;;;0;0;0;0;0;0;0;;;;0;1;;;;;
Sin informaci¿n;Sin informaci¿n;5;Estrato 1;DESERTORES;;;;;;;;;;;;;;;;;;;;;;;;;;;;;;;;;;;;;0;;;;;;;;;;;;;;;;;
Sin informaci¿n;Sin informaci¿n;5;Estrato 3;DESERTORES;;;;;;;;;;;;;;;;;;;;;;;;;;;;;;;;;;;0;;0;1;0;0;0;0;0;0;0;;0;0;;;;;;
Sin informaci¿n;Sin informaci¿n;6;Estrato 1;DESERTORES;;;;;;;;;;;;;;;;;;;;;;;;;;;;;;;;;;;;;;0;0;;;;;;;;;;;;;;;
Sin informaci¿n;Sin informaci¿n;8;Estrato 3;DESERTORES;;;;;;;;;;;;;;;;;;;;;;;;;;;;;;;;;0;;;;;;;;;;;;;;;;;;;;;
Sin informaci¿n;Menos de un salario mínimo;Sin informaci¿n;Estrato 1;DESERTORES;;;;;;;;;;;;;;;0;;;;;;;0;1;;;;0;1;0;;;;;;;;;;;;;;;;;;;;;;;;;
Sin informaci¿n;Menos de un salario mínimo;Sin informaci¿n;Estrato 2;DESERTORES;;;;;;;;;;;;;0;0;0;2;1;0;0;1;0;0;1;0;1;0;0;0;0;0;0;0;0;2;1;0;0;1;1;0;0;2;0;0;0;;0;0;0;;0;1;0;0
Sin informaci¿n;Menos de un salario mínimo;Sin informaci¿n;Estrato 3;DESERTORES;;;;;;;;;;;;;;;0;;0;;;;;0;1;;;;;;;;;;;;;;;;;;;;;;;;;;;;;;;
Sin informaci¿n;Entre 1 y menos de 2 salarios mínimos;Sin informaci¿n;Sin informaci¿n;DESERTORES;;;;;;;;;;;;;;;;;;;;;;;0;0;0;;0;1;0;0;0;0;;;0;1;0;0;0;;;;;;;;0;1;0;;0;0;;
Sin informaci¿n;Entre 1 y menos de 2 salarios mínimos;Sin informaci¿n;Estrato 1;DESERTORES;;;;;;;;;;;;;;;;;;;;;0;;;;;;;;;;;;;;;;;;;;;;;;;;;;;;;;;
Sin informaci¿n;Entre 1 y menos de 2 salarios mínimos;Sin informaci¿n;Estrato 2;DESERTORES;;;;;;;;;;;;;0;0;6;2;2;2;5;7;2;1;1;1;1;3;3;3;0;1;1;2;2;1;1;0;2;2;3;2;0;0;0;0;2;;0;0;0;1;0;;0;0
Sin informaci¿n;Entre 1 y menos de 2 salarios mínimos;Sin informaci¿n;Estrato 3;DESERTORES;;;;;;;;;;;;;0;0;0;1;0;0;1;1;0;1;1;;;1;0;1;0;0;;;;;;;;;;;;;;;;;;;;;;;;
Sin informaci¿n;Entre 2 y menos de 3 salarios mínimos;Sin informaci¿n;Sin informaci¿n;DESERTORES;;;;;;;;;;;;;;0;;;;;;;;;;;;;;;;;;;;;;;;;;;;;;;;;;;;;;;;
Sin informaci¿n;Entre 2 y menos de 3 salarios mínimos;Sin informaci¿n;Estrato 1;DESERTORES;;;;;;;;;;;;;0;0;0;0;0;0;0;0;0;0;0;;;;;;;;;;;;;;;;;;;;;;;;;;;;;;;
Sin informaci¿n;Entre 2 y menos de 3 salarios mínimos;Sin informaci¿n;Estrato 2;DESERTORES;;;;;;;;;;;;;0;0;0;2;0;1;0;1;1;1;0;2;2;0;2;0;0;1;1;0;0;0;1;0;0;0;1;1;0;0;0;0;;;;;;;;;;
Sin informaci¿n;Entre 2 y menos de 3 salarios mínimos;Sin informaci¿n;Estrato 3;DESERTORES;;;;;;;;;;;;;0;0;1;1;0;1;0;0;2;0;0;1;0;1;0;0;0;0;0;0;0;0;0;0;0;0;;;;0;1;0;;;;;;;;;;
Sin informaci¿n;Entre 3 y menos de 5 salarios mínimos;Sin informaci¿n;Sin informaci¿n;DESERTORES;;;;;;;;;;;;;0;0;;0;0;0;0;1;0;0;0;;;;;;;;;;;;;0;0;0;0;0;0;0;0;0;0;;0;0;0;;0;0;0;0
Sin informaci¿n;Entre 3 y menos de 5 salarios mínimos;Sin informaci¿n;Estrato 2;DESERTORES;;;;;;;;;;;;;0;0;1;0;1;0;0;3;1;0;1;0;0;0;0;0;0;0;0;;;;;;;;;;;;;;;;;;;;;;;
Sin informaci¿n;Entre 3 y menos de 5 salarios mínimos;Sin informaci¿n;Estrato 3;DESERTORES;;;;;;;;;;;;;0;0;0;0;1;0;1;0;1;1;0;0;0;0;1;0;0;0;0;0;0;;;0;;;;;;;;;;;;;;;;;;
Sin informaci¿n;Entre 5 y menos de 7 salarios mínimos;Sin informaci¿n;Estrato 2;DESERTORES;;;;;;;;;;;;;;;;0;0;;0;;;;;;;;;;;;;;0;;;;;;;;;;;;;;;;;;;;;
Sin informaci¿n;Entre 5 y menos de 7 salarios mínimos;Sin informaci¿n;Estrato 3;DESERTORES;;;;;;;;;;;;;0;0;0;0;0;0;0;0;1;0;0;0;0;0;;0;0;0;0;0;0;0;0;1;0;0;0;;;;;;;;;;;;0;;;
Sin informaci¿n;Entre 7 y menos de 9 salarios mínimos;Sin informaci¿n;Estrato 2;DESERTORES;;;;;;;;;;;;;;;;;0;;;;;;;;;;;;;;;;;;;;;;;;;;;;;;;;;;;;;
Sin informaci¿n;Entre 13 y menos de 15 salarios mínimos;Sin informaci¿n;Estrato 3;DESERTORES;;;;;;;;;;;;;;;;;;;;;;0;0;0;0;;;;;;;;;;;;;;;;;;;;;;;;;;;;;
Hombre;Sin informaci¿n;Sin informaci¿n;Sin informaci¿n;DESERTORES;0;0;7796;5547;6374;5779;6176;7236;6806;6349;6061;6052;6387;6190;5888;7143;6194;5569;5738;8197;4682;5677;11169;10666;10799;9588;9252;9025;8006;8170;7634;7621;7322;7326;6924;6473;6134;6016;6824;5656;4082;3707;2638;2969;2024;2513;1567;1771;1175;1687;1097;1561;948;1317
Hombre;Sin informaci¿n;Sin informaci¿n;Estrato 1;DESERTORES;0;0;2;2;2;3;10;21;34;30;45;44;73;76;107;164;734;928;1771;2275;3416;4148;4753;4489;3898;3864;3418;3607;3615;3512;3494;3209;3430;3716;3301;2984;3168;3274;3031;2846;2094;2688;1502;2271;1528;2347;1286;1805;1142;1925;1158;2103;1088;1850
Hombre;Sin informaci¿n;Sin informaci¿n;Estrato 2;DESERTORES;0;0;9;5;11;10;12;55;88;129;193;191;250;229;517;856;3305;4034;6458;8982;11917;13631;15639;14522;12857;12931;11713;12800;11856;12342;12201;11244;11871;11299;10654;9699;10082;10031;9565;9066;7013;7737;5035;7277;4390;7167;3907;5389;3426;5765;3545;6106;3012;4951
Hombre;Sin informaci¿n;Sin informaci¿n;Estrato 3;DESERTORES;0;0;3;6;2;5;4;46;115;126;315;323;315;314;550;580;1997;2116;3841;5102;6803;7162;8415;7765;6521;6670;6134;6370;5935;6380;5862;5525;5551;5309;4747;4308;4520;4304;4038;3731;2809;3178;2082;2873;1881;2734;1567;2063;1404;2123;1281;2191;1179;1827
Hombre;Sin informaci¿n;Sin informaci¿n;Estrato 4;DESERTORES;;;;;0;0;1;5;38;39;51;33;49;35;53;64;193;218;236;350;496;494;627;570;506;490;458;426;425;401;377;353;324;288;290;262;246;245;222;186;154;155;102;118;105;115;87;102;77;108;59;101;58;74
Hombre;Sin informaci¿n;Sin informaci¿n;Estrato 5;DESERTORES;;;;;;0;0;4;13;6;21;15;7;9;19;14;102;152;193;327;336;328;327;329;278;250;225;230;208;248;211;158;174;137;120;106;106;97;84;60;61;60;34;46;32;34;22;25;29;22;11;26;28;26
Hombre;Sin informaci¿n;Sin informaci¿n;Estrato 6;DESERTORES;;0;0;0;0;0;1;0;2;0;3;1;3;3;11;18;36;139;106;133;122;220;179;175;148;139;143;115;90;197;93;88;73;74;53;50;43;44;39;32;16;21;11;28;17;21;10;14;16;15;1;10;4;13
Hombre;Sin informaci¿n;Sin informaci¿n;Hogares no clasificados;DESERTORES;;;;;;;;;;;;;;;;;;;;;;;;;;;;;;;;;;;;;0;0;0;1;1;0;0;0;0;1;0;0;1;0;1;2;1;0
Hombre;Sin informaci¿n;1;Sin informaci¿n;DESERTORES;0;0;2;4;5;3;5;8;5;2;5;1;2;4;0;2;2;0;1;1;2;3;2;5;7;2;6;6;5;7;5;3;5;10;1;6;3;3;6;7;2;3;5;3;5;3;1;2;2;3;2;1;4;0
Hombre;Sin informaci¿n;1;Estrato 1;DESERTORES;;;;;;0;0;0;0;0;0;0;0;0;0;0;;;;;0;0;0;0;0;0;0;5;19;28;28;13;34;27;49;47;81;85;108;118;116;142;75;142;76;156;77;78;72;102;58;104;53;86
Hombre;Sin informaci¿n;1;Estrato 2;DESERTORES;;;;;;;0;0;0;0;0;0;0;1;0;0;0;0;0;;;0;0;1;2;1;1;11;24;33;39;30;41;35;49;35;70;67;72;87;69;69;52;71;44;68;43;45;48;51;31;57;28;40
Hombre;Sin informaci¿n;1;Estrato 3;DESERTORES;;0;0;0;0;0;0;0;0;0;1;0;0;0;1;0;;0;;;;;;0;1;0;1;6;21;18;25;28;27;35;33;25;33;50;36;69;45;45;29;44;26;38;16;36;17;29;20;29;12;23
Hombre;Sin informaci¿n;1;Estrato 4;DESERTORES;0;;;;;0;;;;1;;;;;;1;0;;1;;;;;;0;1;1;4;4;8;2;7;7;7;5;6;6;18;8;12;13;7;8;14;8;9;7;4;6;4;5;6;2;3
Hombre;Sin informaci¿n;1;Estrato 5;DESERTORES;;;;;;;;;;;;;;;;;;;;;;;;;;0;0;1;1;2;1;0;0;1;2;1;0;3;2;2;6;4;3;3;0;2;2;4;2;2;1;3;0;1
Hombre;Sin informaci¿n;1;Estrato 6;DESERTORES;;;;;;;;;;;;;;;;;;;;;;;;;;0;0;0;0;1;1;1;1;1;0;0;1;0;1;0;2;1;0;0;1;1;0;1;0;1;2;0;1;0
Hombre;Sin informaci¿n;1;Hogares no clasificados;DESERTORES;;;;;;;;;;;;;;;;;;;;;;;;;;;;;;;;;;0;0;0;0;0;0;;;;;;;;;;;;;;;
Hombre;Sin informaci¿n;2;Sin informaci¿n;DESERTORES;0;0;28;29;65;68;64;41;41;35;35;30;34;30;29;27;33;32;21;24;16;20;28;82;84;73;55;39;59;62;46;62;61;61;45;40;47;36;36;28;35;23;20;23;16;26;13;18;8;13;16;17;11;12
Hombre;Sin informaci¿n;2;Estrato 1;DESERTORES;0;0;0;0;0;0;0;0;0;;1;;0;;;1;;;1;1;0;1;0;0;0;0;4;23;108;142;115;105;133;160;239;282;455;506;559;736;581;858;475;704;372;725;399;495;379;589;375;558;372;449
Hombre;Sin informaci¿n;2;Estrato 2;DESERTORES;;;0;0;0;0;2;1;2;0;0;0;0;1;0;0;0;2;2;2;1;0;0;2;1;0;5;27;252;292;286;298;361;368;515;471;759;860;1010;1191;1088;1373;810;1181;710;1123;711;785;607;933;625;805;550;699
Hombre;Sin informaci¿n;2;Estrato 3;DESERTORES;0;0;1;0;0;0;1;1;0;0;0;0;0;1;0;1;0;0;0;0;0;0;0;0;0;1;6;32;225;271;268;236;254;281;369;379;537;623;761;880;731;823;606;745;518;723;449;464;414;499;380;447;312;309
Hombre;Sin informaci¿n;2;Estrato 4;DESERTORES;;;;0;0;0;0;0;0;0;0;0;0;0;0;;0;0;0;;;0;1;0;0;1;1;10;64;68;47;69;61;69;79;116;135;144;181;186;184;166;157;148;112;131;90;83;85;101;67;93;59;64
Hombre;Sin informaci¿n;2;Estrato 5;DESERTORES;;;;;;;;;;;;;;;;;;0;0;0;0;0;0;0;1;1;1;4;21;28;17;15;17;21;31;30;44;53;67;53;73;69;57;40;41;47;27;35;29;33;22;15;16;22
Hombre;Sin informaci¿n;2;Estrato 6;DESERTORES;;;;;;;;;;;;;;;;;;;;;;;;;;0;0;1;9;8;7;10;8;10;8;19;21;18;27;19;17;26;24;18;12;12;9;13;6;11;2;7;6;4
Hombre;Sin informaci¿n;2;Hogares no clasificados;DESERTORES;;;;;;;;;;;;;;;;;;;;;;;;;;;;;;;;0;0;0;0;0;0;0;0;;0;;;;;;;;;;;;;1
Hombre;Sin informaci¿n;3;Sin informaci¿n;DESERTORES;0;0;76;135;210;209;222;199;152;132;114;142;130;127;105;132;112;101;78;99;87;71;86;285;253;215;191;166;156;166;177;165;188;181;146;137;133;126;123;121;87;79;55;74;40;66;45;63;43;42;25;60;27;55
Hombre;Sin informaci¿n;3;Estrato 1;DESERTORES;;;;;;;;;;;;0;0;;;;0;;;;0;2;1;1;3;1;4;44;365;425;425;406;482;531;849;905;1463;1833;1889;2507;2032;3017;1562;2435;1355;2485;1434;1657;1270;1886;1320;1823;1101;1501
Hombre;Sin informaci¿n;3;Estrato 2;DESERTORES;0;0;1;1;0;0;0;1;1;0;0;1;2;2;0;0;3;2;1;0;4;1;0;2;5;5;7;96;750;964;941;853;1085;1039;1552;1495;2484;2809;3187;4024;3232;4166;2500;3662;2311;3486;2208;2384;1867;2682;1914;2564;1580;1940
Hombre;Sin informaci¿n;3;Estrato 3;DESERTORES;0;0;0;0;1;0;3;2;1;0;1;0;0;3;0;2;2;0;1;2;0;0;1;2;1;5;6;77;666;824;765;756;792;816;1175;1240;1771;1986;2497;2789;2314;2736;1855;2281;1623;2222;1536;1428;1245;1729;1282;1472;915;1070
Hombre;Sin informaci¿n;3;Estrato 4;DESERTORES;0;0;0;1;0;0;0;0;1;0;1;0;0;0;0;0;0;0;0;1;0;;;0;1;1;1;22;206;201;175;191;145;181;315;303;436;438;605;577;541;617;473;477;401;488;316;298;304;371;246;252;185;171
Hombre;Sin informaci¿n;3;Estrato 5;DESERTORES;0;0;0;0;0;0;1;0;1;1;0;0;0;0;0;0;0;0;0;;;0;;;1;2;1;6;64;67;73;58;45;64;109;121;161;149;203;190;183;182;167;170;129;134;110;84;98;93;65;50;51;54
Hombre;Sin informaci¿n;3;Estrato 6;DESERTORES;;;;;;;;;;;;;;;;;;;;;;0;0;1;0;0;1;5;24;25;26;24;20;31;44;65;63;106;101;75;95;96;76;65;58;53;38;51;39;38;26;28;13;16
Hombre;Sin informaci¿n;3;Hogares no clasificados;DESERTORES;;;;;;;;;;;;;;;;;;;;;;;;;;0;0;0;0;0;;0;;;;;;;;;;;;;;;;;;;;;;
Hombre;Sin informaci¿n;4;Sin informaci¿n;DESERTORES;0;0;707;1363;661;711;611;571;997;414;341;353;378;365;371;350;311;269;222;237;181;193;184;399;394;377;325;300;256;289;270;270;283;283;264;239;224;250;230;182;165;154;109;147;86;113;87;83;66;122;56;74;57;79
Hombre;Sin informaci¿n;4;Estrato 1;DESERTORES;;;0;;0;;;;;;;;;;;1;1;;0;1;1;0;0;1;3;4;4;91;731;899;837;768;970;1066;1562;1620;2765;3410;3449;4751;3594;5475;2886;4583;2607;4559;2603;2887;2309;3491;2511;3270;2161;2817
Hombre;Sin informaci¿n;4;Estrato 2;DESERTORES;0;0;0;0;1;2;3;2;1;1;1;1;0;0;0;0;0;0;1;3;4;0;1;2;2;6;16;158;1544;1856;1700;1614;1966;1994;2746;2708;4249;5187;5544;6899;5481;7282;4474;6374;4064;6364;4143;4174;3410;4675;3359;4438;2718;3585
Hombre;Sin informaci¿n;4;Estrato 3;DESERTORES;0;0;0;0;0;0;1;2;0;1;3;0;2;0;2;1;0;1;1;2;3;0;2;5;2;9;7;142;1182;1551;1369;1303;1366;1383;1971;2052;2994;3283;3976;4303;3772;4380;3021;3812;2725;3622;2585;2400;2160;2754;2027;2367;1567;1820
Hombre;Sin informaci¿n;4;Estrato 4;DESERTORES;0;0;1;1;0;0;0;1;0;0;0;0;0;0;0;0;0;0;1;0;0;1;1;0;1;1;3;43;356;369;320;328;322;324;501;583;710;758;1030;945;996;980;745;797;646;779;545;490;522;518;404;422;271;260
Hombre;Sin informaci¿n;4;Estrato 5;DESERTORES;;;;;;;;;0;0;0;0;0;0;0;0;0;0;0;0;0;0;0;0;0;5;2;8;103;113;95;87;85;111;177;191;232;264;347;325;340;342;295;257;208;234;176;158;149;141;123;124;65;69
Hombre;Sin informaci¿n;4;Estrato 6;DESERTORES;;;;;;;;;;;;;;;;;;;;;;;;;0;0;0;5;40;36;35;32;27;78;78;121;163;171;182;135;143;136;135;126;110;98;77;67;51;76;55;36;36;28
Hombre;Sin informaci¿n;4;Hogares no clasificados;DESERTORES;;;;;;;;;;;;;;;;;;;;;;;;;;;;0;0;0;0;0;0;1;0;1;0;1;0;0;0;0;0;0;0;0;0;0;0;0;0;0;0;0
Hombre;Sin informaci¿n;5;Sin informaci¿n;DESERTORES;0;0;296;299;615;607;620;545;495;392;370;418;400;405;393;380;298;241;229;264;220;207;198;307;315;291;256;247;245;266;239;236;259;270;198;207;196;193;208;174;128;127;101;110;67;129;52;86;64;94;43;113;59;90
Hombre;Sin informaci¿n;5;Estrato 1;DESERTORES;;;;;;0;;;;;;;;;;;;0;1;0;0;1;1;0;1;5;4;86;761;840;792;818;890;1066;1505;1563;2686;3209;3341;4311;3307;5175;2712;4254;2378;4438;2469;2779;2223;3030;2166;3190;1949;2667
Hombre;Sin informaci¿n;5;Estrato 2;DESERTORES;0;0;1;1;0;1;3;0;1;0;0;0;0;0;0;1;0;0;2;1;3;0;3;0;2;9;5;144;1176;1465;1341;1333;1535;1557;2178;1981;3175;4038;4113;5222;3985;5436;3198;4656;2928;4607;2994;3111;2472;3492;2564;3412;1986;2654
Hombre;Sin informaci¿n;5;Estrato 3;DESERTORES;0;0;3;0;0;2;0;2;1;0;2;2;0;1;0;1;0;1;1;0;2;1;1;0;0;1;7;85;800;1020;946;859;880;960;1284;1350;1809;2168;2442;2751;2294;2802;1809;2482;1792;2311;1559;1488;1238;1712;1254;1596;1062;1179
Hombre;Sin informaci¿n;5;Estrato 4;DESERTORES;;;;;;;;;;;;;0;0;0;0;1;0;0;0;0;0;0;1;0;2;1;21;207;218;206;183;176;179;271;299;385;430;545;458;463;505;413;446;324;406;267;247;264;299;222;218;175;169
Hombre;Sin informaci¿n;5;Estrato 5;DESERTORES;;;;;;;;;;;;;;;;;0;0;0;0;0;0;0;0;0;0;0;15;70;74;63;55;62;65;90;120;139;152;185;173;174;153;142;164;124;113;91;92;91;74;73;70;46;51
Hombre;Sin informaci¿n;5;Estrato 6;DESERTORES;;;;;;;;;;;;;;;;;;;;;;;;;;0;0;4;35;40;37;19;23;44;71;71;90;103;136;87;112;102;92;69;64;65;41;34;50;46;33;29;10;18
Hombre;Sin informaci¿n;5;Hogares no clasificados;DESERTORES;;;;;;;;;;;;;;;;;;;;;;;;;;;;;;0;0;0;1;0;0;0;1;2;0;0;0;0;0;0;0;0;0;0;0;;;;;0
Hombre;Sin informaci¿n;6;Sin informaci¿n;DESERTORES;0;0;123;122;254;228;277;216;206;181;173;166;202;169;154;178;149;122;103;107;89;87;95;162;160;138;120;126;119;139;123;113;100;136;105;87;117;120;101;87;71;79;62;72;43;60;34;58;33;56;39;49;30;42
Hombre;Sin informaci¿n;6;Estrato 1;DESERTORES;;0;0;0;0;0;0;;2;0;0;0;;0;0;0;0;1;0;0;1;0;2;0;0;4;5;50;383;489;481;426;567;642;874;891;1498;1926;1751;2401;1805;2959;1383;2405;1195;2398;1333;1468;1136;1741;1231;1805;1102;1494
Hombre;Sin informaci¿n;6;Estrato 2;DESERTORES;0;0;0;0;1;0;0;1;0;0;0;0;2;0;0;0;1;1;0;;1;1;0;2;0;1;6;68;510;612;623;586;737;735;979;989;1463;1909;1801;2264;1830;2545;1361;2086;1272;2056;1326;1409;1120;1556;1084;1560;930;1230
Hombre;Sin informaci¿n;6;Estrato 3;DESERTORES;;;0;0;;;;;;0;2;0;;;;0;1;1;0;;;;1;1;0;2;2;27;315;415;360;338;428;382;511;486;777;878;970;1091;893;1090;751;956;651;944;626;656;553;691;535;677;414;487
Hombre;Sin informaci¿n;6;Estrato 4;DESERTORES;;0;0;0;0;0;0;0;0;0;0;1;0;0;0;0;0;1;0;;0;;0;1;0;0;0;8;67;88;54;70;67;57;105;99;126;128;192;174;150;161;151;159;121;138;115;88;90;104;83;75;55;42
Hombre;Sin informaci¿n;6;Estrato 5;DESERTORES;;;;;;;;;;;;;;;;0;0;1;0;0;0;0;0;0;0;0;0;4;19;29;22;19;22;21;31;28;40;48;54;56;51;51;34;39;38;38;27;24;32;22;24;26;17;18
Hombre;Sin informaci¿n;6;Estrato 6;DESERTORES;;;;;;;;;;;;;;;;;;;;;;;;;;0;0;4;11;17;13;18;12;25;23;29;16;36;36;33;31;27;25;22;19;13;8;18;15;11;12;8;7;7
Hombre;Sin informaci¿n;6;Hogares no clasificados;DESERTORES;;;;;;;;;;;;;;;;;;;;;;;;;;;;0;0;0;0;1;0;0;2;0;0;0;0;0;;;;;;;;;;;;;;
Hombre;Sin informaci¿n;7;Sin informaci¿n;DESERTORES;0;0;47;47;107;93;102;101;82;78;70;69;99;68;62;61;66;48;51;48;43;36;54;77;81;61;50;63;57;54;57;65;61;55;44;61;45;52;57;34;44;45;24;44;14;32;16;27;8;21;19;26;17;21
Hombre;Sin informaci¿n;7;Estrato 1;DESERTORES;;;;;;;;;;;;;;;;;;;;;0;0;0;0;0;1;2;18;189;230;251;228;263;338;436;438;777;968;823;1172;866;1417;624;1222;597;1102;659;744;568;922;553;892;528;743
Hombre;Sin informaci¿n;7;Estrato 2;DESERTORES;;;;;;;;;;;;0;0;0;;;1;1;0;0;0;0;0;2;0;2;1;20;223;296;239;268;333;346;383;381;615;773;696;916;736;1077;518;880;529;856;533;536;444;671;514;707;373;511
Hombre;Sin informaci¿n;7;Estrato 3;DESERTORES;0;0;0;0;0;0;0;0;0;1;0;0;;;;;0;;0;1;;;;0;1;1;0;12;132;169;123;157;161;154;202;182;341;370;350;445;321;419;281;385;271;382;262;260;224;310;207;257;175;209
Hombre;Sin informaci¿n;7;Estrato 4;DESERTORES;0;;;;;;;;;;;;;;;;;;;;;;;;0;0;0;3;16;33;26;17;22;24;27;38;44;47;69;58;49;47;36;57;33;49;37;39;33;31;18;31;18;24
Hombre;Sin informaci¿n;7;Estrato 5;DESERTORES;;;;;;;;;;;;;;;;;;;;;;;;;;0;0;0;9;5;3;7;7;10;8;4;9;13;16;20;17;18;9;7;9;21;5;4;5;10;3;8;5;2
Hombre;Sin informaci¿n;7;Estrato 6;DESERTORES;;;;;;;;;;;;;;;;;;;;;;;;;;;0;0;0;4;4;6;1;2;9;6;6;12;15;11;14;9;7;11;7;5;3;5;7;1;5;3;2;2
Hombre;Sin informaci¿n;7;Hogares no clasificados;DESERTORES;;;;;;;;;;;;;;;;;;;;;;;;;;;;0;0;0;0;0;0;0;1;0;0;0;;0;1;0;0;0;0;0;0;0;0;0;0;0;0;0
Hombre;Sin informaci¿n;8;Sin informaci¿n;DESERTORES;0;0;12;17;35;27;39;38;60;36;33;32;33;30;30;34;29;19;20;20;27;18;22;50;43;26;34;35;36;38;37;39;28;33;29;33;27;18;42;22;21;25;17;15;10;18;10;11;4;10;9;21;9;13
Hombre;Sin informaci¿n;8;Estrato 1;DESERTORES;;;;;;0;;;;;;;0;;;;;;;;;1;1;0;0;3;1;13;114;126;129;114;129;182;251;243;452;518;469;688;446;803;344;638;309;654;338;403;314;455;326;463;309;445
Hombre;Sin informaci¿n;8;Estrato 2;DESERTORES;0;0;;;;;;;;;0;1;;;;;;;0;;;;1;1;0;0;0;13;129;144;146;127;181;152;231;204;340;379;372;468;391;536;251;483;285;437;300;310;260;326;253;321;207;282
Hombre;Sin informaci¿n;8;Estrato 3;DESERTORES;;;;;;;;;;;;;;;;;;;;;;;;;0;0;0;10;66;65;72;73;84;75;113;96;183;192;181;248;154;223;150;194;123;196;121;132;102;147;104;126;101;102
Hombre;Sin informaci¿n;8;Estrato 4;DESERTORES;;;;;;;;;;;;;;;;;;;;;;;;;;0;0;3;4;13;6;10;10;9;12;18;19;12;23;20;22;25;16;25;15;17;16;10;9;16;10;11;14;2
Hombre;Sin informaci¿n;8;Estrato 5;DESERTORES;;;;;;;;;;;;;;;;;;;;;;;;;;;0;0;5;6;4;4;4;3;4;7;4;8;5;6;8;5;7;9;5;8;2;1;0;0;5;1;2;0
Hombre;Sin informaci¿n;8;Estrato 6;DESERTORES;;;;;;;;;;;;;;;;;;;;;;;;;0;0;0;0;2;3;2;1;0;2;3;0;2;2;4;0;4;3;5;2;2;2;1;4;0;3;1;2;1;0
Hombre;Sin informaci¿n;8;Hogares no clasificados;DESERTORES;;;;;;;;;;;;;;;;;;;;;;;;;;;;0;0;0;0;0;0;0;0;0;;;;;;;;;;;;;;;;0;1;0
Hombre;Sin informaci¿n;9;Sin informaci¿n;DESERTORES;0;0;9;15;15;15;16;22;17;16;11;24;18;13;17;18;15;23;9;13;7;8;11;18;15;14;22;16;14;11;14;15;17;20;13;10;17;14;18;24;14;12;5;10;4;14;6;5;7;11;3;7;5;2
Hombre;Sin informaci¿n;9;Estrato 1;DESERTORES;;;;;;;;;0;;;;0;;1;;;;0;;;;;;1;1;0;5;55;52;54;63;77;78;127;108;184;220;198;266;208;332;133;258;145;274;135;196;114;211;138;211;149;194
Hombre;Sin informaci¿n;9;Estrato 2;DESERTORES;;;;;;;;;;;;;;;;;;;;0;0;;0;0;0;1;0;8;41;59;52;58;72;85;95;85;128;193;158;203;164;230;104;209;103;180;116;125;106;134;108;174;75;112
Hombre;Sin informaci¿n;9;Estrato 3;DESERTORES;;;;;;;;;;;;;;;;;;;;;;;0;0;;0;1;1;41;31;25;34;37;36;50;43;72;98;76;90;91;93;80;69;65;88;55;56;60;67;51;52;33;58
Hombre;Sin informaci¿n;9;Estrato 4;DESERTORES;;;;;;;;;;;;;;;;;;;;;;;;;;0;0;0;2;4;4;2;5;0;4;10;8;10;10;11;6;7;10;5;5;4;4;3;5;3;6;6;0;2
Hombre;Sin informaci¿n;9;Estrato 5;DESERTORES;;;;;;;;;;;;;;;;;;;;;;;;;;0;0;0;0;2;1;1;0;1;2;0;1;2;1;3;1;3;0;2;3;2;1;2;1;1;1;1;1;0
Hombre;Sin informaci¿n;9;Estrato 6;DESERTORES;;;;;;;;;;;;;;;;;;;;;;;;;;;0;0;1;1;0;1;1;0;1;0;1;2;2;0;3;3;1;1;0;1;2;1;2;1;1;2;;0
Hombre;Sin informaci¿n;10;Sin informaci¿n;DESERTORES;;;;;;;;;;;;;;;;;;;;;;0;0;2;2;1;0;0;2;2;1;3;0;1;1;1;1;4;1;1;1;0;1;0;1;1;0;0;1;2;1;2;0;0
Hombre;Sin informaci¿n;10;Estrato 1;DESERTORES;;;;;;;;;;;;;;;;;;;;;;;;;0;0;0;9;39;44;37;40;50;54;78;80;133;172;122;202;117;213;97;201;103;210;81;112;95;153;100;139;81;119
Hombre;Sin informaci¿n;10;Estrato 2;DESERTORES;;;;;;;;;;;;;;;;;;;;;;;0;0;0;0;0;9;48;71;47;48;62;52;77;76;115;135;112;154;98;160;90;127;98;122;97;89;65;86;81;103;58;82
Hombre;Sin informaci¿n;10;Estrato 3;DESERTORES;;;;;;;;;;;;;;;;;;;;;;;;;0;0;1;1;28;22;27;16;24;18;37;33;61;55;68;64;43;78;42;59;32;49;38;36;19;41;37;49;20;37
Hombre;Sin informaci¿n;10;Estrato 4;DESERTORES;;;;;;;;;;;;;;;;;;;;;;;;;;0;0;0;1;5;8;2;4;5;1;3;3;6;4;4;5;1;2;3;6;9;5;0;0;4;4;3;2;2
Hombre;Sin informaci¿n;10;Estrato 5;DESERTORES;;;;;;;;;;;;;;;;;;;;;;;;;;;0;0;0;0;1;0;0;0;1;0;3;0;2;0;1;2;0;0;0;1;5;0;1;2;0;2;2;1
Hombre;Sin informaci¿n;10;Estrato 6;DESERTORES;;;;;;;;;;;;;;;;;;;;;;;;;;;0;0;0;0;0;0;0;0;0;1;0;0;0;0;0;0;1;0;0;0;0;1;;;;;;
Hombre;Sin informaci¿n;11;Sin informaci¿n;DESERTORES;;;;;;;;;;;;;;;;;;;;;0;0;2;8;12;5;3;4;5;5;4;4;4;6;5;6;4;4;10;4;5;3;2;4;1;3;1;3;2;2;3;0;4;2
Hombre;Sin informaci¿n;11;Estrato 1;DESERTORES;;;;;;;;;;;;;;;;;;;;;;;;;;0;0;1;19;22;16;18;14;27;33;36;72;59;60;85;57;96;44;97;39;77;39;55;24;72;38;49;36;47
Hombre;Sin informaci¿n;11;Estrato 2;DESERTORES;;;;;;;;;;;;;;;;;;;;;;;;;;0;0;4;17;35;31;24;32;22;37;33;40;74;59;71;57;83;33;69;43;62;31;49;24;48;45;45;29;43
Hombre;Sin informaci¿n;11;Estrato 3;DESERTORES;;;;;;;;;;;;;;;;;;;;;;;;;;0;0;1;11;5;13;10;12;13;16;17;21;23;21;38;29;27;19;36;22;29;17;17;11;14;14;25;11;22
Hombre;Sin informaci¿n;11;Estrato 4;DESERTORES;;;;;;;;;;;;;;;;;;;;;;;;;;;0;0;1;3;1;0;1;1;1;3;0;1;4;2;5;1;1;1;1;0;2;2;1;0;2;0;0;0
Hombre;Sin informaci¿n;11;Estrato 5;DESERTORES;;;;;;;;;;;;;;;;;;;;;;;;;;;0;0;0;0;0;0;0;2;0;0;1;2;2;1;1;0;1;0;1;0;1;0;1;0;0;;;
Hombre;Sin informaci¿n;11;Estrato 6;DESERTORES;;;;;;;;;;;;;;;;;;;;;;;;;;;0;0;1;;0;0;0;0;0;0;0;0;0;1;0;0;0;0;0;0;0;0;0;;;;;
Hombre;Sin informaci¿n;12;Sin informaci¿n;DESERTORES;;;;;;;;;;0;0;0;0;0;;;;;;;0;1;1;7;1;2;6;3;4;2;2;3;5;5;4;0;2;2;1;2;0;2;2;1;0;2;3;3;2;0;0;2;0;2
Hombre;Sin informaci¿n;12;Estrato 1;DESERTORES;;;;;;;;;;;;;;;;;;;;;;;;;0;0;0;3;29;24;38;29;39;47;55;46;98;105;88;146;82;128;51;88;58;86;57;52;39;62;45;69;37;73
Hombre;Sin informaci¿n;12;Estrato 2;DESERTORES;;;;;;;;;;;;;;;;;;;;;;;0;0;0;2;0;3;41;42;41;54;72;59;65;73;98;134;100;130;94;98;55;94;54;85;50;74;46;72;48;60;41;54
Hombre;Sin informaci¿n;12;Estrato 3;DESERTORES;;;;;;;;;;;;;;;;;;;;;;;;;0;0;1;2;31;35;33;30;38;30;35;34;49;57;44;67;43;61;33;48;38;46;35;31;31;35;18;41;18;28
Hombre;Sin informaci¿n;12;Estrato 4;DESERTORES;;;;;;;;;;;;;;;;;;;;;;;;;;0;0;0;5;3;7;1;5;2;4;2;1;4;6;8;9;3;5;2;3;6;4;1;3;2;3;3;5;3
Hombre;Sin informaci¿n;12;Estrato 5;DESERTORES;;;;;;;;;;;;;;;;;;;;;;;;;;0;0;1;0;1;0;1;0;0;1;0;2;0;3;0;2;1;0;1;1;0;0;0;1;0;1;0;1;0
Hombre;Sin informaci¿n;12;Estrato 6;DESERTORES;;;;;;;;;;;;;;;;;;;;;;;;;;;;0;0;1;0;0;0;0;0;2;0;1;0;0;0;0;1;1;0;0;0;0;;1;0;0;0;0
Hombre;Sin informaci¿n;12;Hogares no clasificados;DESERTORES;;;;;;;;;;;;;;;;;;;;;;;;;;;;0;0;0;0;0;0;0;0;0;0;0;;;;;0;;;;;;;;;1;1;
Hombre;Sin informaci¿n;13;Estrato 1;DESERTORES;;;;;;;;;;;;;;;;;;;;;;;;;;;;;;;;;;;;;;0;0;0;21;27;15;31;11;42;15;30;10;28;20;28;19;20
Hombre;Sin informaci¿n;13;Estrato 2;DESERTORES;;;;;;;;;;;;;;;;;;;;;;;;;;;;;;;;;;;;;;0;0;1;23;19;17;28;17;38;16;18;5;26;21;23;21;13
Hombre;Sin informaci¿n;13;Estrato 3;DESERTORES;;;;;;;;;;;;;;;;;;;;;;;;;;;;;;0;0;0;0;0;0;0;0;0;0;0;9;13;5;10;6;12;7;6;4;10;5;8;6;9
Hombre;Sin informaci¿n;13;Estrato 4;DESERTORES;;;;;;;;;;;;;;;;;;;;;;;;;;;;;;;;;;;;;;;0;0;0;0;2;0;0;0;0;0;0;1;0;0;0;0
Hombre;Sin informaci¿n;13;Estrato 5;DESERTORES;;;;;;;;;;;;;;;;;;;;;;;;;;;;;;;;;;;;;;;;0;0;0;0;1;;;;;;0;2;0;0;0
Hombre;Sin informaci¿n;13;Estrato 6;DESERTORES;;;;;;;;;;;;;;;;;;;;;;;;;;;;;;;;;;;;;;;0;0;0;0;0;0;0;0;0;0;;;;;;
Hombre;Menos de un salario mínimo;Sin informaci¿n;Sin informaci¿n;DESERTORES;0;0;8;26;26;25;36;45;41;52;49;46;33;57;49;64;43;41;49;50;46;54;40;37;54;47;54;62;40;55;62;37;47;58;52;71;68;58;43;42;37;32;18;54;27;43;20;37;21;41;16;36;28;30
Hombre;Menos de un salario mínimo;Sin informaci¿n;Estrato 1;DESERTORES;0;0;1;0;1;2;7;25;162;290;357;428;549;644;814;955;863;720;677;990;767;1039;905;892;830;883;855;807;809;943;818;785;829;918;894;754;771;826;867;743;538;686;407;682;370;639;353;512;277;570;320;626;302;490
Hombre;Menos de un salario mínimo;Sin informaci¿n;Estrato 2;DESERTORES;0;0;0;2;0;1;4;35;210;300;483;534;855;917;1103;1290;1214;1130;1030;1527;1068;1393;1342;1238;1287;1350;1196;1281;1256;1363;1338;1254;1227;1280;1228;1112;1243;1311;1288;1141;834;960;616;1025;533;1040;512;798;427;879;448;895;400;743
Hombre;Menos de un salario mínimo;Sin informaci¿n;Estrato 3;DESERTORES;0;0;1;;0;2;1;12;44;48;93;95;149;167;202;202;216;196;172;242;185;231;250;201;216;212;186;226;211;272;240;232;229;253;214;228;220;247;218;209;164;204;114;186;106;182;93;175;89;177;86;193;76;132
Hombre;Menos de un salario mínimo;Sin informaci¿n;Estrato 4;DESERTORES;;;;;;0;0;1;2;7;3;4;11;8;17;18;13;10;10;14;11;11;15;14;15;8;6;10;9;15;10;6;7;7;18;12;10;6;12;7;9;5;6;7;4;8;1;3;5;3;4;10;2;0
Hombre;Menos de un salario mínimo;Sin informaci¿n;Estrato 5;DESERTORES;;;;;;;0;0;0;1;0;2;3;0;2;2;5;3;2;4;1;3;1;2;2;3;4;2;1;3;3;2;1;4;1;1;5;0;1;4;2;1;1;2;1;2;0;3;0;4;0;1;1;2
Hombre;Menos de un salario mínimo;Sin informaci¿n;Estrato 6;DESERTORES;;;;;;;;;0;;0;1;2;1;1;1;1;0;0;1;0;0;1;1;1;1;0;1;2;0;1;0;1;0;1;;0;1;0;0;0;1;0;;0;;;;;;;;;
Hombre;Menos de un salario mínimo;1;Sin informaci¿n;DESERTORES;0;0;0;5;5;4;3;6;5;6;4;3;6;8;7;7;6;3;3;6;7;7;8;6;7;9;5;9;2;9;6;7;2;6;9;4;1;5;4;2;4;4;1;4;3;6;3;3;1;5;5;2;2;2
Hombre;Menos de un salario mínimo;2;Sin informaci¿n;DESERTORES;0;0;12;24;30;28;48;46;63;46;33;54;51;54;41;55;47;39;40;48;41;52;46;44;44;54;42;47;35;49;41;41;43;49;39;33;43;52;48;45;42;42;26;33;11;37;18;30;17;31;9;39;23;25
Hombre;Menos de un salario mínimo;3;Sin informaci¿n;DESERTORES;0;0;25;56;61;71;88;117;89;115;109;94;106;106;91;129;90;103;95;117;82;82;111;92;79;119;95;95;76;116;210;292;237;241;240;249;221;220;161;690;454;409;279;275;174;175;108;126;73;128;76;97;57;71
Hombre;Menos de un salario mínimo;4;Sin informaci¿n;DESERTORES;0;0;58;77;111;90;131;168;183;172;168;165;183;160;160;214;155;157;130;169;126;158;185;149;172;185;172;165;162;183;163;158;181;176;162;138;152;175;182;168;136;139;87;157;73;144;74;112;69;100;67;121;57;121
Hombre;Menos de un salario mínimo;5;Sin informaci¿n;DESERTORES;0;0;56;73;119;101;156;211;192;212;166;174;180;164;198;216;172;146;138;195;157;188;193;182;170;181;192;179;206;217;196;188;189;208;188;167;187;222;223;162;140;152;81;164;96;162;84;122;79;148;72;155;55;119
Hombre;Menos de un salario mínimo;6;Sin informaci¿n;DESERTORES;0;0;33;51;72;71;117;127;119;138;112;142;121;157;117;135;109;104;125;154;114;151;136;124;145;168;133;134;143;164;142;147;149;154;155;131;164;154;194;123;104;113;70;120;63;119;64;101;52;111;56;112;37;88
Hombre;Menos de un salario mínimo;7;Sin informaci¿n;DESERTORES;0;0;15;38;51;50;77;81;79;83;97;81;82;83;79;85;86;69;66;108;70;83;103;72;268;150;170;153;125;252;159;144;147;216;199;188;168;123;115;182;145;129;86;98;42;100;57;67;35;73;42;67;37;52
Hombre;Menos de un salario mínimo;8;Sin informaci¿n;DESERTORES;0;0;7;21;24;17;34;64;40;52;44;42;46;37;41;45;45;34;38;47;41;52;56;57;47;50;48;53;47;52;63;39;48;64;44;48;48;49;60;37;33;36;24;49;28;48;24;39;12;32;20;35;27;26
Hombre;Menos de un salario mínimo;9;Sin informaci¿n;DESERTORES;0;0;12;13;13;18;31;22;29;36;31;44;30;32;42;30;32;36;17;33;22;39;27;44;42;37;24;29;34;36;39;34;37;42;32;30;23;44;32;34;32;33;11;31;16;32;15;22;16;25;9;26;16;22
Hombre;Entre 1 y menos de 2 salarios mínimos;Sin informaci¿n;Sin informaci¿n;DESERTORES;0;0;27;49;82;74;100;103;121;117;106;120;126;145;112;156;104;85;93;120;97;95;121;101;125;109;107;117;102;115;104;85;125;109;103;92;88;97;102;105;65;107;52;98;42;92;39;68;35;73;36;73;32;53
Hombre;Entre 1 y menos de 2 salarios mínimos;Sin informaci¿n;Estrato 1;DESERTORES;0;0;1;5;2;4;9;57;282;433;489;586;833;904;1098;1080;1097;932;950;1136;856;1052;972;972;925;908;861;760;812;874;781;773;749;795;792;705;717;779;761;638;553;634;390;601;340;622;290;462;298;491;289;517;230;453
Hombre;Entre 1 y menos de 2 salarios mínimos;Sin informaci¿n;Estrato 2;DESERTORES;0;0;13;13;16;10;34;200;1077;1525;2061;2481;3549;3868;4492;4763;4860;4045;3854;5578;4000;4353;4544;4276;3703;3958;3811;3999;3564;3845;3685;3313;3449;3540;3256;2906;3237;3229;3413;2919;2180;2617;1589;2510;1461;2535;1335;1858;1102;2024;1177;2236;974;1726
Hombre;Entre 1 y menos de 2 salarios mínimos;Sin informaci¿n;Estrato 3;DESERTORES;0;0;2;3;3;1;11;120;368;443;647;739;1118;1250;1356;1444;1490;1278;1123;1544;1276;1228;1304;1238;1070;1161;1064;1011;1059;1146;1111;1011;1070;1044;1018;886;992;967;992;910;660;776;529;775;421;685;332;611;344;528;337;642;286;491
Hombre;Entre 1 y menos de 2 salarios mínimos;Sin informaci¿n;Estrato 4;DESERTORES;;;0;0;0;0;0;2;18;21;46;47;61;68;70;65;66;41;48;69;45;48;59;39;49;47;41;45;34;44;31;41;40;30;35;25;23;31;23;24;23;22;16;24;11;29;16;14;9;21;18;13;11;11
Hombre;Entre 1 y menos de 2 salarios mínimos;Sin informaci¿n;Estrato 5;DESERTORES;;;;;0;0;0;1;4;5;9;8;11;7;18;13;15;12;12;15;13;10;8;7;13;12;12;11;8;6;9;6;10;7;4;8;12;5;5;4;3;7;4;5;1;4;5;5;0;1;0;9;1;6
Hombre;Entre 1 y menos de 2 salarios mínimos;Sin informaci¿n;Estrato 6;DESERTORES;;;;;;;0;;0;1;1;1;2;3;2;6;2;5;2;1;0;1;1;0;2;2;1;2;3;3;0;3;1;2;2;2;1;1;0;2;0;1;0;1;0;2;0;0;0;0;2;3;0;1
Hombre;Entre 1 y menos de 2 salarios mínimos;1;Sin informaci¿n;DESERTORES;0;0;8;14;18;20;17;22;19;15;8;13;18;26;23;19;15;8;8;21;7;6;16;12;12;11;11;8;7;7;11;10;11;12;19;12;15;12;11;9;8;10;3;6;4;5;1;6;3;8;2;5;2;6
Hombre;Entre 1 y menos de 2 salarios mínimos;1;Estrato 1;DESERTORES;;;;;0;;;;;;;;;;;;;;;;0;1;1;3;28;22;33;31;34;35;29;49;42;41;57;52;40;56;53;44;39;47;20;41;22;43;15;29;5;28;16;27;20;34
Hombre;Entre 1 y menos de 2 salarios mínimos;1;Estrato 2;DESERTORES;;;;;;;;;;;;;;;;;;;;;0;0;0;0;5;6;7;11;13;9;8;11;16;21;15;14;19;23;11;15;8;10;9;7;7;11;6;4;5;9;6;8;2;2
Hombre;Entre 1 y menos de 2 salarios mínimos;1;Estrato 3;DESERTORES;;;;;;;;;;;;;;;;;;;;;;;0;0;9;2;4;6;5;3;5;7;7;3;9;5;12;7;3;14;10;5;2;5;2;4;1;3;3;7;1;6;2;0
Hombre;Entre 1 y menos de 2 salarios mínimos;1;Estrato 4;DESERTORES;;;;;;;;;;;;;;;;;;;;;;;0;0;2;2;0;0;0;0;0;1;0;0;0;1;0;1;0;0;2;0;0;0;0;0;0;0;0;0;0;0;0;0
Hombre;Entre 1 y menos de 2 salarios mínimos;1;Estrato 5;DESERTORES;;;;;;;;;;;;;;;;;;;;;;;;;;;0;0;0;0;0;0;0;0;0;0;0;2;0;0;0;0;0;0;0;;0;0;0;0;0;0;0;0
Hombre;Entre 1 y menos de 2 salarios mínimos;1;Estrato 6;DESERTORES;;;;;;;;;;;;;;;;;;;;;;;;;;0;0;0;0;0;0;0;0;0;0;0;;;;;;;;;;;;;;;;;;
Hombre;Entre 1 y menos de 2 salarios mínimos;2;Sin informaci¿n;DESERTORES;0;0;42;79;113;133;165;189;180;156;143;156;163;163;120;153;137;110;84;139;103;122;109;94;93;105;95;92;93;97;101;113;96;111;112;82;105;114;120;90;63;64;52;75;38;80;33;57;41;63;33;61;31;61
Hombre;Entre 1 y menos de 2 salarios mínimos;2;Estrato 1;DESERTORES;;;;;;;;;;;;;;;;;;;;;0;0;0;4;30;45;50;64;66;79;113;113;172;166;160;163;194;163;168;188;117;169;85;103;56;129;64;92;42;120;65;96;52;84
Hombre;Entre 1 y menos de 2 salarios mínimos;2;Estrato 2;DESERTORES;;;;;;;;;;;;;;;;;;;;;0;0;1;12;45;54;64;98;94;85;152;131;188;183;226;189;210;205;143;180;128;160;92;142;90;132;79;106;60;118;60;106;59;91
Hombre;Entre 1 y menos de 2 salarios mínimos;2;Estrato 3;DESERTORES;;;;;;;;;;;;;;;;;;;;;;0;0;3;15;24;29;43;38;39;63;35;58;60;68;55;69;61;64;60;56;47;37;45;32;53;28;28;28;29;24;28;25;24
Hombre;Entre 1 y menos de 2 salarios mínimos;2;Estrato 4;DESERTORES;;;;;;;;;;;;;;;;;;;0;;;;0;1;0;0;2;4;3;1;6;5;2;5;2;4;2;4;8;6;2;3;3;5;1;3;2;1;3;1;3;0;1;0
Hombre;Entre 1 y menos de 2 salarios mínimos;2;Estrato 5;DESERTORES;;;;;;;;;;;;;;;;;;;;;;0;0;1;0;1;1;0;0;0;0;0;0;0;0;0;0;2;1;;;1;1;0;0;0;1;1;0;1;0;1;1;0
Hombre;Entre 1 y menos de 2 salarios mínimos;2;Estrato 6;DESERTORES;;;;;;;;;;;;;;;;;;;;;;;0;0;0;0;1;1;1;1;0;1;0;0;0;1;0;0;0;0;0;0;1;0;0;0;0;0;0;0;;;;
Hombre;Entre 1 y menos de 2 salarios mínimos;3;Sin informaci¿n;DESERTORES;0;0;149;213;281;362;484;470;450;469;408;431;405;425;376;410;339;288;288;441;314;320;363;319;274;341;341;306;318;335;303;267;310;306;308;274;331;308;310;2248;5171;4031;1752;1685;1120;2429;686;538;585;621;368;442;273;301
Hombre;Entre 1 y menos de 2 salarios mínimos;3;Estrato 1;DESERTORES;;;;;;0;;;;;;;;;;;;;;;0;1;0;20;92;129;228;206;189;209;331;340;486;555;539;543;589;582;485;563;385;468;276;378;249;433;258;273;203;315;188;351;184;294
Hombre;Entre 1 y menos de 2 salarios mínimos;3;Estrato 2;DESERTORES;0;;0;0;1;0;0;0;0;0;0;0;0;0;;;;0;;0;;0;1;9;99;142;195;198;195;202;291;312;421;509;503;434;507;471;383;442;343;364;232;312;193;350;190;219;153;286;164;270;135;216
Hombre;Entre 1 y menos de 2 salarios mínimos;3;Estrato 3;DESERTORES;;;;;;0;0;;;;;;;;;;;0;1;;;1;1;6;35;52;60;69;70;69;103;103;126;173;159;121;163;162;146;123;106;94;58;113;51;89;58;57;39;68;49;85;37;49
Hombre;Entre 1 y menos de 2 salarios mínimos;3;Estrato 4;DESERTORES;;;;;;;;;;;;;;;;;;;;;;0;0;0;3;4;9;8;9;6;15;8;11;6;3;5;8;6;8;11;5;7;5;8;4;2;7;2;5;2;4;3;1;4
Hombre;Entre 1 y menos de 2 salarios mínimos;3;Estrato 5;DESERTORES;;;;;;;;;;;;;;;;;;;;;;;;0;0;0;0;1;2;1;0;4;2;0;0;2;1;2;0;2;2;1;0;0;0;0;0;0;0;1;0;1;0;0
Hombre;Entre 1 y menos de 2 salarios mínimos;3;Estrato 6;DESERTORES;;;;;;;;;;;;;;;;;;;;;;;0;0;0;0;0;0;0;2;0;2;0;3;0;0;0;1;0;0;1;0;0;0;0;1;0;0;0;0;0;0;0;1
Hombre;Entre 1 y menos de 2 salarios mínimos;4;Sin informaci¿n;DESERTORES;0;0;271;357;490;583;749;864;909;890;774;778;792;808;712;780;708;603;630;790;592;635;704;653;569;637;631;592;572;607;591;571;623;605;539;521;527;600;609;454;359;465;273;486;263;466;245;357;196;384;198;421;199;349
Hombre;Entre 1 y menos de 2 salarios mínimos;4;Estrato 1;DESERTORES;;0;0;;0;0;0;;;;;;;;;;;;;2;1;0;4;18;186;203;316;369;356;361;604;573;830;954;1030;1010;1074;1033;825;956;649;817;489;678;413;676;395;500;354;562;333;610;318;521
Hombre;Entre 1 y menos de 2 salarios mínimos;4;Estrato 2;DESERTORES;;;;;;;;;;;;;0;;;;;0;;;1;1;1;17;152;186;307;281;311;332;541;442;627;718;751;705;761;696;566;671;505;583;365;477;301;498;330;320;242;391;267;412;209;318
Hombre;Entre 1 y menos de 2 salarios mínimos;4;Estrato 3;DESERTORES;;;;;;;;;;;;;;;;;;;;;0;0;0;5;46;61;73;94;79;73;140;134;182;197;191;167;189;203;172;179;128;141;85;133;90;107;74;99;50;89;51;84;52;76
Hombre;Entre 1 y menos de 2 salarios mínimos;4;Estrato 4;DESERTORES;;;;;;;;;;;;;;;;;;;;;;0;0;3;6;5;11;4;8;9;22;9;7;14;9;6;16;19;10;8;2;4;5;7;1;6;4;6;4;4;2;3;6;2
Hombre;Entre 1 y menos de 2 salarios mínimos;4;Estrato 5;DESERTORES;;;;;;;;;;;;;;;;;;;;;;0;0;0;0;0;1;1;1;0;2;1;1;5;4;4;0;4;2;0;4;6;1;2;0;1;1;0;1;1;1;1;1;3
Hombre;Entre 1 y menos de 2 salarios mínimos;4;Estrato 6;DESERTORES;;;;;;;;;;;;;;;;;;;;;;;0;0;0;0;2;;;2;1;2;0;2;0;0;1;0;1;0;1;1;1;1;0;0;;0;0;0;1;;;0
Hombre;Entre 1 y menos de 2 salarios mínimos;5;Sin informaci¿n;DESERTORES;0;0;251;669;772;701;1136;1139;1511;918;917;963;952;955;777;856;844;749;724;839;719;720;795;719;645;709;718;721;720;736;683;615;736;672;626;597;875;851;834;1592;1427;1380;965;1073;933;1383;763;701;457;592;346;593;294;474
Hombre;Entre 1 y menos de 2 salarios mínimos;5;Estrato 1;DESERTORES;;;;;;;;;;;;;;;;;;;;;0;0;1;29;171;203;315;390;380;400;654;575;847;1051;990;999;1083;1042;868;992;715;869;484;732;423;683;416;527;341;583;341;648;328;503
Hombre;Entre 1 y menos de 2 salarios mínimos;5;Estrato 2;DESERTORES;;;;;;;;;;;;;;;;;;;;;0;0;0;12;129;159;224;254;235;268;426;373;540;626;549;576;649;579;485;535;398;453;259;416;242;418;250;286;214;296;208;310;168;271
Hombre;Entre 1 y menos de 2 salarios mínimos;5;Estrato 3;DESERTORES;;;;;;;;;;;;;;;;;;;0;0;0;0;1;0;30;42;59;77;77;63;90;99;109;142;142;116;139;127;111;129;106;100;71;87;64;90;50;53;34;53;44;41;29;50
Hombre;Entre 1 y menos de 2 salarios mínimos;5;Estrato 4;DESERTORES;;;;;;;;;;;;;;;;;;;;;;0;0;0;5;4;2;11;5;3;6;7;6;15;7;7;3;6;8;7;3;9;6;4;1;1;2;9;1;4;1;2;2;1
Hombre;Entre 1 y menos de 2 salarios mínimos;5;Estrato 5;DESERTORES;;;;;;;;;;;;;;;;;;;;;;;0;0;0;0;0;1;0;1;2;0;4;0;0;3;0;2;0;2;2;3;0;0;0;0;0;1;0;1;0;1;0;
Hombre;Entre 1 y menos de 2 salarios mínimos;5;Estrato 6;DESERTORES;;;;;;;;;;;;;;;;;;;;;;0;0;1;0;1;1;1;0;0;1;1;1;0;2;0;1;1;1;0;1;0;2;1;0;0;1;0;0;0;0;0;;0
Hombre;Entre 1 y menos de 2 salarios mínimos;6;Sin informaci¿n;DESERTORES;0;0;178;229;357;361;527;601;582;571;510;559;521;591;472;504;524;429;410;535;436;486;492;434;435;473;434;444;430;484;455;441;441;449;443;375;425;448;478;381;271;328;201;369;176;393;184;288;153;283;171;309;142;274
Hombre;Entre 1 y menos de 2 salarios mínimos;6;Estrato 1;DESERTORES;;;;;;;;;;;;;;;;;;;;;;0;0;9;124;151;242;245;217;210;387;402;531;639;645;635;685;693;514;597;457;539;315;415;262;481;280;340;234;347;227;394;198;282
Hombre;Entre 1 y menos de 2 salarios mínimos;6;Estrato 2;DESERTORES;0;;;;;0;;;;;;;;;;;;;;;1;1;2;7;55;80;115;125;124;150;228;167;265;268;304;266;321;327;255;291;221;243;135;244;130;243;138;153;89;165;108;170;97;143
Hombre;Entre 1 y menos de 2 salarios mínimos;6;Estrato 3;DESERTORES;;;;;;;;;;;;;;;;;;;;;0;0;0;1;14;20;35;30;33;32;63;33;57;79;61;52;74;65;57;55;50;54;31;49;29;35;33;22;18;33;17;37;14;22
Hombre;Entre 1 y menos de 2 salarios mínimos;6;Estrato 4;DESERTORES;;;;;;;;;;;;;;;;;;;;;0;0;1;0;0;0;2;5;5;1;4;7;2;3;6;9;6;6;4;3;3;4;0;1;1;1;4;2;1;3;0;1;1;2
Hombre;Entre 1 y menos de 2 salarios mínimos;6;Estrato 5;DESERTORES;;;;;;;;;;;;;;;;;;;;;;;;;;0;0;0;0;1;1;1;0;0;0;0;0;1;0;0;0;1;0;1;0;0;0;0;;;0;1;;0
Hombre;Entre 1 y menos de 2 salarios mínimos;6;Estrato 6;DESERTORES;;;;;;;;;;;;;;;;;;;;;;;;;;0;0;;;;0;1;0;0;0;0;0;1;0;0;0;1;1;0;0;0;0;;;;;0;0;0
Hombre;Entre 1 y menos de 2 salarios mínimos;7;Sin informaci¿n;DESERTORES;0;0;67;112;171;163;237;281;276;287;253;288;285;294;246;275;225;217;201;283;232;218;285;234;222;245;236;232;235;231;243;221;231;242;232;470;388;342;325;732;813;679;558;623;752;576;319;309;225;270;162;234;130;168
Hombre;Entre 1 y menos de 2 salarios mínimos;7;Estrato 1;DESERTORES;0;;0;0;0;;0;;;;;;;;;;;;;;;0;1;4;62;82;135;119;152;145;183;198;271;323;318;323;362;363;277;335;209;293;151;238;128;252;147;178;114;180;138;224;115;167
Hombre;Entre 1 y menos de 2 salarios mínimos;7;Estrato 2;DESERTORES;;;;;;;;;;;;;;;;;;;;;;0;0;3;42;32;58;65;63;67;97;89;108;110;140;157;149;154;106;128;90;133;73;117;55;106;61;53;34;88;39;92;51;68
Hombre;Entre 1 y menos de 2 salarios mínimos;7;Estrato 3;DESERTORES;;;;;;;;;;;;;;;;0;0;0;;;0;1;0;0;8;15;19;19;21;12;19;28;25;38;30;31;33;26;29;23;22;33;10;31;18;23;17;11;7;13;11;16;7;10
Hombre;Entre 1 y menos de 2 salarios mínimos;7;Estrato 4;DESERTORES;;;;;;;;;;;;;;;;;;;;;;;0;0;2;0;0;2;1;0;2;1;2;0;1;2;2;1;3;1;0;3;1;1;1;0;0;0;2;1;0;0;0;0
Hombre;Entre 1 y menos de 2 salarios mínimos;7;Estrato 5;DESERTORES;;;;;;;;;;;;;;;;;;;;;;;;;0;0;0;0;1;0;1;0;0;0;1;1;0;0;0;0;0;0;0;0;0;;0;1;0;0;0;0;;
Hombre;Entre 1 y menos de 2 salarios mínimos;7;Estrato 6;DESERTORES;;;;;;;;;;;;;;;;;;;;;;;0;0;0;0;0;0;1;0;0;0;0;3;0;0;0;1;0;1;;1;1;0;0;0;;;;;;;;
Hombre;Entre 1 y menos de 2 salarios mínimos;8;Sin informaci¿n;DESERTORES;0;0;44;55;93;77;123;127;126;149;133;136;130;143;124;157;136;115;108;135;99;99;129;114;80;124;217;192;290;334;248;304;297;316;326;436;463;447;199;577;443;374;257;248;163;172;125;103;90;132;91;124;63;78
Hombre;Entre 1 y menos de 2 salarios mínimos;8;Estrato 1;DESERTORES;;;;;;;;;;;;;;;;;;;;;;0;0;2;38;48;75;58;91;63;119;116;130;192;173;172;198;205;148;169;131;162;78;151;84;152;76;85;73;111;74;112;55;99
Hombre;Entre 1 y menos de 2 salarios mínimos;8;Estrato 2;DESERTORES;;;;;;;;;;;;;;;;;;;;;;0;0;2;17;19;41;41;33;37;52;49;65;84;75;80;72;79;64;68;48;68;25;59;27;53;36;35;22;51;22;51;30;39
Hombre;Entre 1 y menos de 2 salarios mínimos;8;Estrato 3;DESERTORES;;;;;;;;;;;;;;;;;;;;;;0;0;1;2;5;10;12;6;13;19;8;21;19;20;23;21;23;17;17;16;13;11;13;5;11;4;6;9;8;4;15;3;10
Hombre;Entre 1 y menos de 2 salarios mínimos;8;Estrato 4;DESERTORES;;;;;;;;;;;;;;;;;;;;;;;0;0;0;0;3;2;0;0;1;0;0;1;1;0;1;1;1;0;0;0;0;0;0;0;1;1;0;0;0;1;;
Hombre;Entre 1 y menos de 2 salarios mínimos;8;Estrato 5;DESERTORES;;;;;;;;;;;;;;;;;;;;;;;;0;;0;2;0;0;0;0;0;0;0;;;;0;1;0;0;0;;0;1;1;0;0;;0;;0;0;
Hombre;Entre 1 y menos de 2 salarios mínimos;8;Estrato 6;DESERTORES;;;;;;;;;;;;;;;;;;;;;;;;;;;;;;;;;;;;;;0;;;;;;;;;;;;;;;;
Hombre;Entre 1 y menos de 2 salarios mínimos;9;Sin informaci¿n;DESERTORES;0;0;27;44;66;45;78;94;84;69;84;82;76;88;82;85;69;64;62;80;65;75;92;74;72;81;89;72;91;93;80;73;89;82;88;67;89;79;69;85;54;69;40;72;29;83;33;65;20;65;28;64;31;48
Hombre;Entre 1 y menos de 2 salarios mínimos;9;Estrato 1;DESERTORES;;;;;;;;;;;;;;;;;;;;;;0;0;0;17;27;28;26;36;41;57;56;62;88;94;77;110;90;77;80;60;83;52;62;40;62;36;49;40;46;30;54;47;51
Hombre;Entre 1 y menos de 2 salarios mínimos;9;Estrato 2;DESERTORES;;;;;;;;;;;;;;;;;;;;;;0;0;0;4;12;17;18;12;20;29;24;30;44;31;35;36;40;28;27;27;33;8;26;19;22;11;21;15;11;5;30;11;16
Hombre;Entre 1 y menos de 2 salarios mínimos;9;Estrato 3;DESERTORES;;;;;;;;;;;;;;;;;;;;;;;0;0;3;1;5;3;2;3;9;13;10;7;12;7;11;15;11;7;5;6;5;11;2;7;3;5;2;7;1;5;4;9
Hombre;Entre 1 y menos de 2 salarios mínimos;9;Estrato 4;DESERTORES;;;;;;;;;;;;;;;;;;;;;;;0;0;0;0;;;;;;;;0;;;;;;;;;;;;;0;;;;;;;
Hombre;Entre 1 y menos de 2 salarios mínimos;9;Estrato 5;DESERTORES;;;;;;;;;;;;;;;;;;;;;;;;;;;;;;;;0;0;0;1;0;;0;0;0;0;0;0;0;0;;;1;;;0;1;0;0
Hombre;Entre 1 y menos de 2 salarios mínimos;9;Estrato 6;DESERTORES;;;;;;;;;;;;;;;;;;;;;;;;;;;;;;;;;;;;;0;0;0;;;;;;;0;1;0;0;0;0;0;0;0
Hombre;Entre 1 y menos de 2 salarios mínimos;10;Sin informaci¿n;DESERTORES;;;;;;;;;;;;;;;;;;;;;;;0;0;0;0;1;0;1;0;0;0;0;2;2;1;1;2;0;0;0;2;1;0;;;;;;;;;;0
Hombre;Entre 1 y menos de 2 salarios mínimos;10;Estrato 1;DESERTORES;;;;;;;;;;;;;;;;;0;;;;0;1;0;1;8;8;22;26;24;23;36;36;46;65;68;61;61;60;49;64;40;65;25;42;18;39;21;23;31;30;20;25;19;31
Hombre;Entre 1 y menos de 2 salarios mínimos;10;Estrato 2;DESERTORES;;;;;;;;;;;;;;;;;;;;;;;0;0;4;6;7;5;8;9;22;17;22;33;37;13;30;32;20;22;17;20;10;25;14;16;2;6;8;16;5;10;8;16
Hombre;Entre 1 y menos de 2 salarios mínimos;10;Estrato 3;DESERTORES;;;;;;;;;;;;;;;;;;;;;;;0;0;0;0;2;3;5;4;4;10;3;6;5;7;11;7;6;3;4;4;3;8;3;4;1;2;0;5;0;4;0;1
Hombre;Entre 1 y menos de 2 salarios mínimos;10;Estrato 4;DESERTORES;;;;;;;;;;;;;;;;;;;;;;;;;0;0;;;;0;1;0;0;0;0;0;0;0;0;1;0;0;0;0;;;0;1;0;0;0;0;0;0
Hombre;Entre 1 y menos de 2 salarios mínimos;10;Estrato 5;DESERTORES;;;;;;;;;;;;;;;;;;;;;;;;0;0;0;1;2;0;0;0;1;0;1;0;0;0;0;0;0;0;0;;;;;;0;1;0;;1;0;0
Hombre;Entre 1 y menos de 2 salarios mínimos;10;Estrato 6;DESERTORES;;;;;;;;;;;;;;;;;;;;;;;;;;;;;;;;;;;;;;;;;0;0;0;0;0;0;;;;;;;;
Hombre;Entre 1 y menos de 2 salarios mínimos;11;Sin informaci¿n;DESERTORES;;;;;;;;;;;;;;;;;;;;;;;0;;0;1;1;2;0;0;0;0;0;0;0;1;0;0;0;1;0;0;0;1;0;0;0;1;0;1;0;0;1;0
Hombre;Entre 1 y menos de 2 salarios mínimos;11;Estrato 1;DESERTORES;;;;;;;;;;;;;;;;;;;;;;0;0;1;11;12;13;10;12;9;22;15;20;27;24;22;27;18;19;16;20;32;10;16;22;21;4;14;11;17;6;14;7;16
Hombre;Entre 1 y menos de 2 salarios mínimos;11;Estrato 2;DESERTORES;;;;;;;;;;;;;;;;;;;;;;0;0;2;3;5;7;5;10;5;7;6;6;14;16;10;14;10;9;13;7;13;6;9;9;11;4;6;7;10;4;7;3;4
Hombre;Entre 1 y menos de 2 salarios mínimos;11;Estrato 3;DESERTORES;;;;;;;;;;;;;;;;;;;;;;;;0;0;1;0;0;4;1;4;3;9;2;2;5;6;3;3;4;6;2;2;2;1;3;1;2;3;2;3;2;0;4
Hombre;Entre 1 y menos de 2 salarios mínimos;12;Sin informaci¿n;DESERTORES;;;;;;;;;;;;;;;;;;;;;;;0;0;1;0;1;2;0;0;2;1;0;3;3;3;0;1;2;1;1;2;2;1;1;1;0;1;1;1;1;1;1;0
Hombre;Entre 1 y menos de 2 salarios mínimos;12;Estrato 1;DESERTORES;;;;;;;;;;;;;;;;;;;;;;0;0;1;9;11;21;22;19;17;33;26;31;54;43;32;45;55;37;51;38;33;19;36;20;35;29;27;15;29;24;35;12;17
Hombre;Entre 1 y menos de 2 salarios mínimos;12;Estrato 2;DESERTORES;;;;;;;;;;;;;;;;;;;;;;0;0;0;8;9;5;17;6;15;31;9;19;25;29;21;29;39;19;20;17;21;9;21;14;15;8;11;6;16;9;20;7;14
Hombre;Entre 1 y menos de 2 salarios mínimos;12;Estrato 3;DESERTORES;;;;;;;;;;;;;;;;;;;;;;0;0;2;5;7;4;9;9;4;6;14;8;14;9;11;6;16;8;9;8;15;6;5;3;6;2;4;2;1;3;4;0;4
Hombre;Entre 1 y menos de 2 salarios mínimos;12;Estrato 4;DESERTORES;;;;;;;;;;;;;;;;;;;;;;;0;0;1;0;2;0;1;0;1;1;1;0;2;0;1;0;1;1;1;1;0;2;1;2;0;0;1;1;0;1;1;
Hombre;Entre 1 y menos de 2 salarios mínimos;12;Estrato 5;DESERTORES;;;;;;;;;;;;;;;;;;;;;;;;;;;;;;;;;;;;;;;;;;0;;;;;;;;;;0;1;0
Hombre;Entre 1 y menos de 2 salarios mínimos;12;Estrato 6;DESERTORES;;;;;;;;;;;;;;;;;;;;;;;;0;;;;;;;;0;;;;;;;;;;;;;;;;;;;;;;1
Hombre;Entre 2 y menos de 3 salarios mínimos;Sin informaci¿n;Sin informaci¿n;DESERTORES;0;0;25;39;74;47;93;109;99;79;79;70;86;92;93;96;80;60;64;76;68;71;73;66;65;73;64;41;60;61;52;58;65;71;61;58;58;79;60;52;37;59;27;53;25;57;24;45;22;29;16;33;17;40
Hombre;Entre 2 y menos de 3 salarios mínimos;Sin informaci¿n;Estrato 1;DESERTORES;0;0;3;0;0;0;3;13;148;163;231;290;412;406;471;473;411;367;388;482;306;387;352;305;317;328;279;245;278;305;266;230;232;220;198;213;236;236;249;175;143;160;105;184;98;167;79;141;77;121;88;150;68;124
Hombre;Entre 2 y menos de 3 salarios mínimos;Sin informaci¿n;Estrato 2;DESERTORES;0;0;6;6;17;5;29;202;689;970;1222;1440;2054;2154;2646;2797;2573;2163;2145;2951;2019;2224;2181;2065;1800;1853;1780;1829;1698;1728;1611;1412;1519;1441;1327;1167;1318;1326;1287;1165;909;986;614;979;584;967;504;773;494;717;478;794;388;674
Hombre;Entre 2 y menos de 3 salarios mínimos;Sin informaci¿n;Estrato 3;DESERTORES;0;0;4;2;5;1;8;118;707;727;1137;1207;1661;1777;1851;1792;1843;1606;1411;2010;1566;1538;1552;1298;1221;1259;1187;1189;1133;1088;984;918;972;886;794;774;788;773;769;726;526;583;403;583;369;549;299;430;291;454;275;463;244;401
Hombre;Entre 2 y menos de 3 salarios mínimos;Sin informaci¿n;Estrato 4;DESERTORES;0;0;;;0;1;1;4;24;33;45;52;71;89;92;70;76;49;58;67;47;62;62;51;46;39;43;36;53;40;33;45;37;25;24;25;34;28;30;21;16;19;10;24;9;20;6;13;8;12;12;15;7;12
Hombre;Entre 2 y menos de 3 salarios mínimos;Sin informaci¿n;Estrato 5;DESERTORES;;;;;;0;0;1;4;6;6;14;20;22;24;20;14;19;19;21;19;10;17;16;8;8;6;16;13;8;14;7;9;10;13;5;4;5;4;7;4;6;2;2;3;2;0;5;0;2;2;3;0;1
Hombre;Entre 2 y menos de 3 salarios mínimos;Sin informaci¿n;Estrato 6;DESERTORES;;;;;;0;0;2;0;2;1;1;3;6;8;5;5;6;5;4;5;1;5;5;3;2;5;4;2;4;1;2;0;1;1;2;4;3;4;2;0;0;0;1;0;1;1;0;0;0;1;1;0;2
Hombre;Entre 2 y menos de 3 salarios mínimos;1;Sin informaci¿n;DESERTORES;0;0;5;4;3;10;10;11;14;7;5;12;11;6;6;12;4;8;5;8;10;8;6;4;6;3;6;10;3;4;6;7;6;5;3;7;4;6;8;2;2;3;3;4;5;0;2;0;2;3;1;3;4;2
Hombre;Entre 2 y menos de 3 salarios mínimos;1;Estrato 1;DESERTORES;;;;;;;;;;;;;;;;;;;;;;0;0;2;17;14;25;22;17;23;33;15;37;25;31;34;34;37;36;20;20;25;15;24;14;24;12;23;13;15;13;22;4;14
Hombre;Entre 2 y menos de 3 salarios mínimos;1;Estrato 2;DESERTORES;;;;;;;;;;;;;;;;;;;;;;0;0;4;11;20;16;18;23;22;25;22;18;39;22;25;31;27;19;35;15;14;8;15;9;20;11;16;10;11;9;16;12;12
Hombre;Entre 2 y menos de 3 salarios mínimos;1;Estrato 3;DESERTORES;;;;;;;;0;;;0;1;0;;;;;;;;0;1;1;3;10;7;13;15;9;10;20;23;14;24;25;13;15;11;23;14;15;11;8;12;10;12;10;5;8;6;5;3;1;5
Hombre;Entre 2 y menos de 3 salarios mínimos;1;Estrato 4;DESERTORES;;;;;;;;;;;;;;;;;;;;0;0;0;0;0;2;1;3;2;0;8;2;1;1;4;2;3;3;3;3;4;2;3;1;2;0;1;0;1;0;0;2;0;2;0
Hombre;Entre 2 y menos de 3 salarios mínimos;1;Estrato 5;DESERTORES;;;;;;;;;;;;;;;;;;;;;;;0;;0;1;0;0;0;1;1;2;2;2;1;1;0;1;1;0;1;0;1;0;1;;;;;;;1;0;
Hombre;Entre 2 y menos de 3 salarios mínimos;1;Estrato 6;DESERTORES;;;;;;;;;;;;;;;;;;;;;;;0;0;0;1;0;0;0;0;0;0;0;0;0;0;1;0;;;;;0;1;0;0;0;0;;;;;;
Hombre;Entre 2 y menos de 3 salarios mínimos;2;Sin informaci¿n;DESERTORES;0;0;36;58;99;98;137;110;95;87;92;109;104;106;72;97;85;75;57;77;57;69;62;62;53;65;52;65;53;58;46;54;50;29;41;39;46;39;49;39;32;25;20;22;11;34;12;26;14;31;19;27;14;25
Hombre;Entre 2 y menos de 3 salarios mínimos;2;Estrato 1;DESERTORES;;0;;;;;;;;;;;;;0;1;0;;;;0;1;0;5;25;42;49;60;57;61;89;90;139;140;127;124;136;153;113;122;72;99;51;96;50;89;48;77;46;78;37;76;31;59
Hombre;Entre 2 y menos de 3 salarios mínimos;2;Estrato 2;DESERTORES;;;;;;;;;;;;;;0;0;0;0;1;1;0;0;0;2;22;106;117;188;183;210;178;343;302;380;432;396;368;433;417;359;405;319;277;221;287;183;264;159;191;143;166;112;216;105;147
Hombre;Entre 2 y menos de 3 salarios mínimos;2;Estrato 3;DESERTORES;;;;;;;;;;;;0;;;;;;;;;0;1;0;11;84;93;147;172;135;136;200;212;288;272;291;212;253;250;237;241;191;183;139;142;111;148;108;100;91;99;86;102;51;76
Hombre;Entre 2 y menos de 3 salarios mínimos;2;Estrato 4;DESERTORES;;;;;;;;;;;;;;;;;;;;;;0;0;2;14;12;26;16;14;18;28;15;31;32;24;34;26;19;29;22;19;15;16;17;11;15;7;9;10;12;8;9;7;7
Hombre;Entre 2 y menos de 3 salarios mínimos;2;Estrato 5;DESERTORES;;;;;;;;;;;;;;;;;;;;;;0;0;0;2;2;7;2;5;3;5;2;9;6;5;4;5;6;5;4;3;1;5;3;2;4;3;1;3;1;1;3;0;0
Hombre;Entre 2 y menos de 3 salarios mínimos;2;Estrato 6;DESERTORES;;;;;;;;;;;;;;;;;;;;;;0;0;0;0;0;1;1;1;0;3;1;0;1;1;1;2;1;0;0;0;0;1;0;0;;;;1;0;0;0;0;0
Hombre;Entre 2 y menos de 3 salarios mínimos;3;Sin informaci¿n;DESERTORES;0;0;149;196;298;315;426;382;423;328;321;352;359;331;282;312;288;267;240;308;198;224;266;201;175;194;195;201;177;188;163;155;186;169;172;140;154;176;160;146;121;106;72;138;77;117;53;92;54;84;50;99;37;87
Hombre;Entre 2 y menos de 3 salarios mínimos;3;Estrato 1;DESERTORES;;;;;;;0;0;0;0;0;0;0;0;;;;;0;;1;1;3;16;127;138;238;249;224;237;382;350;523;580;560;532;575;511;460;504;342;462;258;398;254;389;229;284;187;279;179;286;173;241
Hombre;Entre 2 y menos de 3 salarios mínimos;3;Estrato 2;DESERTORES;0;0;0;0;0;0;0;0;0;1;0;0;0;0;0;0;0;0;0;1;0;1;2;41;342;445;678;677;710;688;1025;900;1408;1404;1430;1256;1419;1356;1141;1237;936;1045;661;949;582;908;565;646;416;716;435;653;347;560
Hombre;Entre 2 y menos de 3 salarios mínimos;3;Estrato 3;DESERTORES;;0;0;1;0;1;0;1;1;0;0;0;0;0;0;0;0;;0;2;1;0;4;36;262;285;484;490;499;505;685;666;887;906;881;783;844;817;682;682;564;615;418;492;377;481;307;316;269;351;225;323;191;266
Hombre;Entre 2 y menos de 3 salarios mínimos;3;Estrato 4;DESERTORES;;;;;;;;;;;;;;;;;;;;;;0;0;3;26;16;51;49;37;44;65;64;84;79;76;74;71;70;71;71;55;58;32;54;32;33;25;24;26;17;19;14;23;25
Hombre;Entre 2 y menos de 3 salarios mínimos;3;Estrato 5;DESERTORES;;;;;;;;;;;;;;;;;;;;;;0;0;1;5;6;9;13;8;10;7;11;8;9;11;13;9;7;11;7;6;8;5;4;8;7;1;8;2;0;2;3;0;1
Hombre;Entre 2 y menos de 3 salarios mínimos;3;Estrato 6;DESERTORES;;;;;;;;;;;;;;;;;;;;;;;0;0;6;0;2;2;1;1;3;5;3;4;4;2;2;3;0;1;1;2;1;0;1;4;2;1;0;2;;2;1;0
Hombre;Entre 2 y menos de 3 salarios mínimos;4;Sin informaci¿n;DESERTORES;0;0;309;384;588;623;871;909;945;817;735;795;792;819;651;729;721;554;534;655;538;517;534;458;439;505;468;439;427;427;410;399;429;383;345;307;354;387;410;330;229;304;164;281;144;305;150;195;132;213;122;221;106;219
Hombre;Entre 2 y menos de 3 salarios mínimos;4;Estrato 1;DESERTORES;;;;0;;;;;;;;;;;0;;1;0;0;1;0;4;0;30;256;285;493;525;475;518;775;749;1010;1241;1191;1098;1217;1203;951;1060;779;919;593;801;506;737;444;559;398;571;356;609;339;471
Hombre;Entre 2 y menos de 3 salarios mínimos;4;Estrato 2;DESERTORES;0;;;;;;;;0;1;1;0;0;0;0;0;;;0;0;0;1;4;77;656;791;1245;1369;1258;1201;2023;1882;2616;2813;2746;2409;2662;2693;2218;2431;1833;2060;1262;1733;1156;1630;1068;1200;840;1256;820;1297;711;1099
Hombre;Entre 2 y menos de 3 salarios mínimos;4;Estrato 3;DESERTORES;;;;0;;;;;0;;1;;1;0;0;0;0;0;;1;2;1;9;52;370;475;723;768;754;734;1100;1068;1345;1462;1329;1215;1309;1274;1117;1159;892;989;677;826;597;759;542;528;382;549;385;564;305;469
Hombre;Entre 2 y menos de 3 salarios mínimos;4;Estrato 4;DESERTORES;;;;;;0;0;0;0;0;0;0;0;0;0;0;0;;;0;1;1;1;3;41;57;74;100;89;70;98;116;124;123;114;107;116;102;97;104;64;82;55;70;46;66;35;39;39;42;26;39;20;34
Hombre;Entre 2 y menos de 3 salarios mínimos;4;Estrato 5;DESERTORES;;;;;;;;;;;;;;;;;;;;;;0;0;5;4;6;9;14;9;10;11;23;15;16;14;17;20;6;13;7;2;5;8;10;3;8;5;7;3;2;4;4;4;5
Hombre;Entre 2 y menos de 3 salarios mínimos;4;Estrato 6;DESERTORES;;;;;;;;;;;;;;;;;;;;;;0;0;0;2;2;4;1;3;1;4;3;4;2;5;4;1;2;3;4;1;3;2;0;1;1;1;1;1;1;0;2;0;1
Hombre;Entre 2 y menos de 3 salarios mínimos;5;Sin informaci¿n;DESERTORES;0;0;325;389;673;634;939;974;996;944;808;876;904;911;746;786;695;597;582;764;586;592;624;544;559;585;558;534;543;536;475;469;530;496;489;420;487;427;505;425;329;350;227;418;196;371;156;275;173;260;156;335;161;275
Hombre;Entre 2 y menos de 3 salarios mínimos;5;Estrato 1;DESERTORES;;;0;;;0;;;;;;;;1;;;;;2;1;0;0;4;29;272;326;542;511;529;523;777;734;1048;1167;1115;1129;1198;1227;933;1075;807;944;534;793;503;725;428;572;400;544;381;634;354;510
Hombre;Entre 2 y menos de 3 salarios mínimos;5;Estrato 2;DESERTORES;0;;;;;0;2;0;0;0;0;2;0;;1;;;0;;1;3;2;3;44;540;605;1008;1111;1051;1073;1586;1473;2011;2209;2068;1943;2248;2169;1733;1966;1415;1628;1030;1389;911;1409;856;1012;678;1019;672;1071;576;868
Hombre;Entre 2 y menos de 3 salarios mínimos;5;Estrato 3;DESERTORES;;;0;;;;0;;;;;;1;1;0;0;0;0;0;0;0;0;1;32;277;334;506;579;557;493;734;711;935;1008;919;861;993;925;773;823;606;697;456;571;407;563;336;381;265;389;267;388;232;371
Hombre;Entre 2 y menos de 3 salarios mínimos;5;Estrato 4;DESERTORES;;;;;;;;;;;;;;;;;;;;;0;0;1;7;29;39;52;44;49;61;57;60;87;84;80;68;77;72;71;52;62;56;48;43;35;39;38;30;26;32;23;32;16;14
Hombre;Entre 2 y menos de 3 salarios mínimos;5;Estrato 5;DESERTORES;;;;;;;;;;;;;;;;;;;;;;0;0;0;3;7;8;6;10;10;14;12;16;13;9;18;14;10;5;11;9;5;7;8;7;5;4;6;3;5;0;3;2;5
Hombre;Entre 2 y menos de 3 salarios mínimos;5;Estrato 6;DESERTORES;;;;;;;;;;;;;;;;;;;;;;;0;0;2;0;1;2;1;0;0;4;2;3;4;2;2;3;1;0;4;3;0;1;1;0;1;1;0;0;0;0;1;1
Hombre;Entre 2 y menos de 3 salarios mínimos;6;Sin informaci¿n;DESERTORES;0;0;199;257;394;329;533;593;564;506;428;443;485;557;483;467;430;347;360;412;317;388;364;330;296;338;349;325;289;305;290;287;349;317;287;211;301;266;528;2635;2379;2044;1354;1205;764;977;736;795;543;533;322;398;225;285
Hombre;Entre 2 y menos de 3 salarios mínimos;6;Estrato 1;DESERTORES;;;;;0;0;;;;;;0;;;;;;;;;1;1;1;14;148;177;308;307;322;254;463;415;567;690;643;618;654;692;531;640;463;562;314;490;247;498;241;320;219;372;233;378;201;322
Hombre;Entre 2 y menos de 3 salarios mínimos;6;Estrato 2;DESERTORES;;;;;;;;;;;;0;;0;0;1;0;0;0;1;0;0;0;22;223;291;430;525;483;480;768;683;914;1003;1067;929;1039;1049;823;911;687;822;492;679;413;698;456;464;332;518;302;485;281;445
Hombre;Entre 2 y menos de 3 salarios mínimos;6;Estrato 3;DESERTORES;0;0;0;0;0;;;;;;;;;;;;;;;;0;0;0;17;122;171;216;240;235;223;322;369;414;423;417;408;386;403;341;353;296;308;199;260;171;253;140;186;140;180;125;191;83;151
Hombre;Entre 2 y menos de 3 salarios mínimos;6;Estrato 4;DESERTORES;;;;;;;;;;;;;;;;;;;;;;0;0;0;6;8;29;17;22;19;31;27;34;36;36;37;29;27;35;28;21;19;11;21;10;18;13;8;8;18;9;7;10;13
Hombre;Entre 2 y menos de 3 salarios mínimos;6;Estrato 5;DESERTORES;;;;;;;;;;;;;;;;;;;;;;0;0;0;1;1;4;3;2;4;1;4;3;5;4;4;5;2;3;4;3;1;0;7;0;1;2;0;1;0;0;1;1;3
Hombre;Entre 2 y menos de 3 salarios mínimos;6;Estrato 6;DESERTORES;;;;;;;;;;;;;;;;;;;;;;;;0;0;0;0;0;1;0;1;0;1;1;1;1;2;0;0;2;0;2;0;2;0;0;0;0;0;0;1;0;0;0
Hombre;Entre 2 y menos de 3 salarios mínimos;7;Sin informaci¿n;DESERTORES;0;0;87;90;170;161;208;296;255;240;199;239;244;212;196;215;169;164;156;208;158;179;155;142;154;157;148;158;152;168;142;138;135;137;160;121;132;140;146;117;99;104;80;119;74;105;71;85;50;88;48;106;54;93
Hombre;Entre 2 y menos de 3 salarios mínimos;7;Estrato 1;DESERTORES;;;;;;0;;;;;0;1;0;0;0;0;0;0;0;0;0;1;0;9;79;84;122;147;147;136;245;172;244;309;308;314;307;351;242;316;230;253;141;216;131;201;110;166;113;170;107;200;100;161
Hombre;Entre 2 y menos de 3 salarios mínimos;7;Estrato 2;DESERTORES;;0;0;0;;0;0;1;;;;;;;;;;;;0;;1;1;8;111;141;201;226;228;216;303;312;376;473;433;381;408;427;368;414;281;329;199;283;188;283;202;207;150;236;126;230;124;198
Hombre;Entre 2 y menos de 3 salarios mínimos;7;Estrato 3;DESERTORES;;;;;;;;;;;;;;;;;;;;;;0;0;8;45;59;97;85;96;95;140;135;169;201;188;167;169;160;136;146;116;126;80;115;77;110;71;89;43;61;56;81;45;68
Hombre;Entre 2 y menos de 3 salarios mínimos;7;Estrato 4;DESERTORES;;;;;;;;;;;;;;;;;;;;;;0;0;2;7;7;6;8;8;11;11;10;7;17;10;11;9;14;8;8;7;8;3;3;4;6;4;3;1;6;4;6;5;1
Hombre;Entre 2 y menos de 3 salarios mínimos;7;Estrato 5;DESERTORES;;;;;;;;;;;;;;;;;;;;;;;0;0;1;1;0;4;1;0;2;3;3;3;4;1;1;2;2;2;4;2;1;2;0;2;0;0;0;2;1;0;0;0
Hombre;Entre 2 y menos de 3 salarios mínimos;7;Estrato 6;DESERTORES;;;;;;;;;;;;;;;;;;;;;;0;0;1;0;0;2;0;0;2;1;2;0;3;3;1;1;0;0;2;0;0;0;0;0;0;0;0;0;0;0;0;0;1
Hombre;Entre 2 y menos de 3 salarios mínimos;8;Sin informaci¿n;DESERTORES;0;0;49;50;87;64;121;116;113;146;101;123;119;123;91;99;96;61;80;122;101;90;112;92;74;93;78;72;78;72;75;76;75;87;76;67;81;65;81;63;45;64;33;54;24;65;29;46;24;58;30;42;32;37
Hombre;Entre 2 y menos de 3 salarios mínimos;8;Estrato 1;DESERTORES;;;;;;;;;;;;;;;;;;;;;;0;0;6;37;48;76;82;77;85;104;122;159;204;167;146;180;190;131;177;127;151;84;104;77;114;57;88;71;74;56;89;51;79
Hombre;Entre 2 y menos de 3 salarios mínimos;8;Estrato 2;DESERTORES;;;;;;;;;;;;;;;;;;;;0;;0;1;7;47;63;99;99;108;117;185;150;194;239;237;210;258;256;174;216;164;159;97;165;82;150;93;109;82;123;59;130;83;130
Hombre;Entre 2 y menos de 3 salarios mínimos;8;Estrato 3;DESERTORES;;;;;;;;;;;;;;;;;;;;;;0;0;1;24;29;48;45;52;42;68;57;87;86;83;74;98;76;89;82;66;71;44;66;40;58;28;40;24;48;23;32;24;35
Hombre;Entre 2 y menos de 3 salarios mínimos;8;Estrato 4;DESERTORES;;;;;;;;;;;;;;;;;;;;;;;0;0;2;4;3;1;2;1;5;0;7;7;7;9;4;9;8;2;8;6;7;3;2;5;6;2;2;5;2;3;1;3
Hombre;Entre 2 y menos de 3 salarios mínimos;8;Estrato 5;DESERTORES;;;;;;;;;;;;;;;;;;;;;;;;;0;0;2;1;1;0;2;0;0;2;0;0;0;0;0;0;0;1;0;0;0;0;0;0;;0;;;;
Hombre;Entre 2 y menos de 3 salarios mínimos;8;Estrato 6;DESERTORES;;;;;;;;;;;;;;;;;;;;;;0;0;0;0;0;0;;;;0;2;1;0;1;0;0;1;1;0;0;0;0;1;;0;0;0;0;0;0;0;;0
Hombre;Entre 2 y menos de 3 salarios mínimos;9;Sin informaci¿n;DESERTORES;0;0;30;40;53;41;63;79;64;57;57;67;65;68;76;50;66;42;42;57;42;59;50;54;49;48;49;53;41;48;42;43;34;52;40;34;51;41;48;42;25;29;15;37;22;37;16;21;8;24;14;31;14;35
Hombre;Entre 2 y menos de 3 salarios mínimos;9;Estrato 1;DESERTORES;;;;;;0;;;;;;;;;;;;;;;0;1;1;0;15;23;35;37;45;31;66;50;61;87;66;76;82;87;69;75;63;78;44;67;38;60;24;46;33;41;35;58;33;45
Hombre;Entre 2 y menos de 3 salarios mínimos;9;Estrato 2;DESERTORES;;;;;;;;;;;;0;;;;;;;;;0;1;0;2;32;28;40;43;44;43;79;84;92;84;140;98;118;116;78;89;89;90;57;83;44;80;45;55;31;54;32;69;27;55
Hombre;Entre 2 y menos de 3 salarios mínimos;9;Estrato 3;DESERTORES;;;;;0;0;;;;;;0;1;0;0;0;0;0;0;0;;0;0;3;9;10;16;22;21;26;44;24;32;49;36;34;42;29;39;34;30;33;19;29;13;30;14;21;17;14;10;18;16;16
Hombre;Entre 2 y menos de 3 salarios mínimos;9;Estrato 4;DESERTORES;;;;;;;;;;;;;;;;;;;;;;0;0;2;1;1;1;4;0;2;3;3;2;3;4;1;2;3;2;5;3;3;2;1;1;0;1;1;0;0;3;1;0;1
Hombre;Entre 2 y menos de 3 salarios mínimos;9;Estrato 5;DESERTORES;;;;;;;;;;;;;;;;;;;;;;;;;;;;;;;0;0;0;0;1;0;0;0;0;0;0;0;1;0;0;;;;;;;;;
Hombre;Entre 2 y menos de 3 salarios mínimos;9;Estrato 6;DESERTORES;;;;;;;;;;;;;;;;;;;;;;;;0;0;0;1;0;1;1;0;0;0;1;0;0;1;0;0;0;0;0;;;;;;;;;;;;
Hombre;Entre 2 y menos de 3 salarios mínimos;10;Sin informaci¿n;DESERTORES;;;;;;;;;;;;;;;;;;;;;;;;0;0;;0;1;0;0;1;0;1;0;1;0;0;0;0;0;0;0;0;0;0;1;0;0;0;0;0;1;0;0
Hombre;Entre 2 y menos de 3 salarios mínimos;10;Estrato 1;DESERTORES;;;;;;;;;;;;;;;;;;;;;;0;0;1;20;15;24;24;16;24;32;29;52;31;48;55;53;62;38;56;33;51;19;47;18;34;13;39;15;27;24;29;14;25
Hombre;Entre 2 y menos de 3 salarios mínimos;10;Estrato 2;DESERTORES;;;;;;;;;;;;;;;;;;;;;0;0;0;3;19;25;44;34;31;30;60;46;51;79;53;55;83;81;60;80;50;60;43;41;31;58;35;41;23;40;21;39;15;22
Hombre;Entre 2 y menos de 3 salarios mínimos;10;Estrato 3;DESERTORES;;;;;;;;;;;;;;;;;;;;;;0;0;1;6;16;13;13;22;26;20;22;23;35;30;36;33;45;20;29;19;27;18;27;12;22;14;12;10;14;5;14;10;13
Hombre;Entre 2 y menos de 3 salarios mínimos;10;Estrato 4;DESERTORES;;;;;;;;;;;;;;;;;;;;;;0;0;1;3;0;1;1;2;0;2;4;1;0;2;5;2;3;1;3;2;2;1;2;1;1;0;3;0;2;0;0;0;0
Hombre;Entre 2 y menos de 3 salarios mínimos;10;Estrato 5;DESERTORES;;;;;;;;;;;;;;;;;;;;;;;;0;0;0;0;0;0;0;1;0;0;1;1;0;0;1;1;0;0;0;0;0;0;0;0;0;1;1;0;0;0;0
Hombre;Entre 2 y menos de 3 salarios mínimos;10;Estrato 6;DESERTORES;;;;;;;;;;;;;;;;;;;;;;;0;0;1;0;0;;0;1;1;0;0;1;0;;;;;;;;;0;;;;;;;;;;
Hombre;Entre 2 y menos de 3 salarios mínimos;11;Sin informaci¿n;DESERTORES;;;;;;;;;;;;;;;;;;;;;;;;0;0;0;0;0;0;0;0;0;0;0;0;1;0;0;0;0;;;;;;;;;;;;;;0
Hombre;Entre 2 y menos de 3 salarios mínimos;11;Estrato 1;DESERTORES;;;;;;;;;;;;;;;;;;;;;;0;0;0;6;8;14;3;12;8;14;16;18;28;27;23;31;30;19;19;14;20;9;12;8;20;10;12;8;14;5;20;7;12
Hombre;Entre 2 y menos de 3 salarios mínimos;11;Estrato 2;DESERTORES;;;;;;;;;;;;;;;;;;;;;;0;0;1;16;6;18;25;16;15;35;29;37;40;45;39;42;34;33;35;24;24;20;22;12;23;10;13;15;19;19;27;3;19
Hombre;Entre 2 y menos de 3 salarios mínimos;11;Estrato 3;DESERTORES;;;;;;;;;;;;;;;;;;;;;;0;0;0;4;6;5;8;11;9;11;13;13;9;10;14;20;16;14;14;12;12;2;10;4;10;8;4;2;7;5;9;4;8
Hombre;Entre 2 y menos de 3 salarios mínimos;11;Estrato 4;DESERTORES;;;;;;;;;;;;;;;;;;;;;;0;;0;1;0;2;1;0;0;0;1;2;1;2;1;0;0;0;1;0;1;1;0;0;0;0;0;0;0;;0;0;0
Hombre;Entre 2 y menos de 3 salarios mínimos;11;Estrato 5;DESERTORES;;;;;;;;;;;;;;;;;;;;;;;;;0;;0;;;;;;;;0;2;;;;;;0;1;0;0;0;0;;;;;;;
Hombre;Entre 2 y menos de 3 salarios mínimos;12;Sin informaci¿n;DESERTORES;;;;;;;;;;;;;;;;;;;;;;;;;;0;0;2;0;0;0;2;0;0;1;0;0;0;2;2;1;0;0;0;2;;0;0;0;0;0;0;0;0
Hombre;Entre 2 y menos de 3 salarios mínimos;12;Estrato 1;DESERTORES;;;;;;;;;;;;;;;;;;0;;;;0;1;0;8;10;29;23;24;19;25;34;44;40;29;35;62;41;34;50;26;42;17;30;17;28;13;28;16;23;17;33;12;20
Hombre;Entre 2 y menos de 3 salarios mínimos;12;Estrato 2;DESERTORES;;;;;;;;0;0;0;0;;;;;;;;;;;0;1;2;21;18;30;36;32;32;60;58;60;82;69;71;84;80;71;68;40;71;32;45;28;58;32;49;23;37;24;44;21;30
Hombre;Entre 2 y menos de 3 salarios mínimos;12;Estrato 3;DESERTORES;;;;;;;;;;;;;;;;;;;;;;0;0;0;11;13;13;18;22;20;39;20;37;37;46;27;21;42;28;32;28;27;12;28;16;33;21;16;7;9;9;17;10;15
Hombre;Entre 2 y menos de 3 salarios mínimos;12;Estrato 4;DESERTORES;;;;;;;;;;;;;;;;;;;;;;;0;0;0;0;4;2;0;1;2;1;0;2;2;3;3;0;3;1;3;0;0;3;3;2;0;2;0;0;0;0;0;0
Hombre;Entre 2 y menos de 3 salarios mínimos;12;Estrato 5;DESERTORES;;;;;;;;;;;;;;;;;;;;;;;;;;;0;0;0;0;;;0;;;;;;;;;;;;;;;;;;;;;
Hombre;Entre 2 y menos de 3 salarios mínimos;12;Estrato 6;DESERTORES;;;;;;;;;;;;;;;;;;;;;;;0;0;1;0;0;1;1;0;0;;0;1;0;0;0;0;0;0;0;0;0;0;;;;;;;;;;
Hombre;Entre 3 y menos de 5 salarios mínimos;Sin informaci¿n;Sin informaci¿n;DESERTORES;0;0;21;27;40;35;71;73;68;59;49;59;64;65;72;60;51;50;49;54;43;46;43;52;37;42;30;38;39;41;37;23;36;32;36;24;36;30;45;25;23;22;13;24;14;18;16;18;15;22;12;21;8;9
Hombre;Entre 3 y menos de 5 salarios mínimos;Sin informaci¿n;Estrato 1;DESERTORES;0;0;1;2;1;1;1;14;49;59;109;96;166;169;180;160;157;138;127;153;121;111;121;115;102;97;99;103;72;79;68;80;86;87;81;53;66;79;72;75;48;47;45;46;38;54;28;48;31;33;14;39;29;42
Hombre;Entre 3 y menos de 5 salarios mínimos;Sin informaci¿n;Estrato 2;DESERTORES;0;0;5;6;10;9;19;105;420;556;785;815;1110;1124;1472;1330;1268;1006;1048;1464;951;1018;913;895;803;853;724;755;681;666;634;531;568;514;489;470;471;488;466;382;312;405;240;341;240;329;170;256;162;268;155;260;136;212
Hombre;Entre 3 y menos de 5 salarios mínimos;Sin informaci¿n;Estrato 3;DESERTORES;0;0;4;1;3;3;11;163;871;859;1313;1443;1874;1897;2213;2220;2009;1849;1652;2254;1679;1623;1560;1381;1229;1307;1103;1129;972;1014;931;852;804;766;712;570;647;603;678;566;422;411;332;410;313;437;236;340;206;351;208;342;167;325
Hombre;Entre 3 y menos de 5 salarios mínimos;Sin informaci¿n;Estrato 4;DESERTORES;;;;;;0;0;7;30;27;46;46;81;89;94;83;94;64;48;83;69;74;69;65;56;50;46;36;51;53;27;28;25;30;26;25;30;22;20;21;15;15;15;19;8;18;12;3;8;13;3;11;9;7
Hombre;Entre 3 y menos de 5 salarios mínimos;Sin informaci¿n;Estrato 5;DESERTORES;;;;;;0;0;3;15;12;14;18;29;36;33;33;27;14;23;30;28;15;19;22;18;15;13;15;15;8;6;9;8;10;8;3;11;6;7;7;2;5;4;3;7;1;1;1;5;4;2;2;4;2
Hombre;Entre 3 y menos de 5 salarios mínimos;Sin informaci¿n;Estrato 6;DESERTORES;;;;;;0;0;0;0;2;3;6;7;14;8;5;13;12;2;6;6;7;2;5;7;3;4;2;4;2;4;2;3;1;4;4;1;2;0;5;2;1;1;0;1;;;;;;;2;1;0
Hombre;Entre 3 y menos de 5 salarios mínimos;1;Sin informaci¿n;DESERTORES;0;0;1;4;4;2;8;4;9;5;2;5;3;4;3;5;7;3;5;3;0;1;2;4;2;1;4;2;1;3;3;1;3;3;2;0;1;6;2;1;0;2;0;1;0;2;1;1;1;0;0;0;1;1
Hombre;Entre 3 y menos de 5 salarios mínimos;1;Estrato 1;DESERTORES;;;;;;;;;;;;;;;;;;;;;;0;0;0;1;1;3;7;1;2;3;1;6;4;6;3;3;2;1;4;0;2;2;0;0;1;2;6;1;1;2;2;0;1
Hombre;Entre 3 y menos de 5 salarios mínimos;1;Estrato 2;DESERTORES;;;;;;;;;;;;;;;;;;;;;;0;0;0;7;5;4;5;7;5;4;2;7;7;9;4;2;8;7;5;5;5;2;5;1;4;5;2;3;3;3;3;4;3
Hombre;Entre 3 y menos de 5 salarios mínimos;1;Estrato 3;DESERTORES;;;;;;;;;;;;;;;;;;;;;;;0;0;4;9;2;4;1;5;6;7;6;9;8;12;7;3;6;7;4;4;1;4;2;4;2;4;1;1;0;3;1;2
Hombre;Entre 3 y menos de 5 salarios mínimos;1;Estrato 4;DESERTORES;;;;;;;;;;;;;;;;;;;;;;0;0;1;3;2;3;3;3;2;2;1;3;3;2;3;3;2;2;0;0;0;0;2;0;1;0;1;0;1;1;0;2;1
Hombre;Entre 3 y menos de 5 salarios mínimos;1;Estrato 5;DESERTORES;;;;;;;;;;;;;;;;;;;;;;;0;0;0;0;0;0;0;0;0;0;0;0;0;0;0;0;;;;;;;;;;;;;;;;
Hombre;Entre 3 y menos de 5 salarios mínimos;1;Estrato 6;DESERTORES;;;;;;;;;;;;;;;;;;;;;;;;;0;0;0;0;0;0;;0;0;;;;;;;;;;;;;;;;;;;;;
Hombre;Entre 3 y menos de 5 salarios mínimos;2;Sin informaci¿n;DESERTORES;0;0;44;49;76;74;96;110;91;87;96;63;75;67;68;65;58;50;43;62;46;50;45;41;45;39;34;35;26;41;40;26;29;37;21;22;19;23;22;18;15;16;18;16;7;14;9;18;9;11;11;13;3;16
Hombre;Entre 3 y menos de 5 salarios mínimos;2;Estrato 1;DESERTORES;;;;;;;;;;;;;;;;;;;;;;;0;0;6;6;11;8;8;14;10;10;22;15;15;18;13;8;13;18;20;12;11;10;3;15;7;12;8;7;6;9;5;7
Hombre;Entre 3 y menos de 5 salarios mínimos;2;Estrato 2;DESERTORES;0;0;0;;0;;;0;1;1;;;0;;;1;1;0;0;0;;0;1;6;24;47;60;82;62;79;88;78;116;105;106;95;96;102;79;78;69;66;66;57;39;50;31;54;34;48;41;42;19;23
Hombre;Entre 3 y menos de 5 salarios mínimos;2;Estrato 3;DESERTORES;0;0;0;0;;0;0;0;0;0;0;0;0;0;0;0;0;0;0;0;0;0;1;9;71;83;106;88;96;69;137;134;161;172;156;144;138;120;115;106;100;102;84;80;59;84;52;44;44;37;39;44;22;34
Hombre;Entre 3 y menos de 5 salarios mínimos;2;Estrato 4;DESERTORES;;;;;;;;;;;;;;;;;;;;;;0;0;3;16;16;29;22;32;27;45;30;51;42;31;37;37;34;27;25;27;24;17;18;10;16;10;7;16;12;7;10;6;6
Hombre;Entre 3 y menos de 5 salarios mínimos;2;Estrato 5;DESERTORES;;;;;;;;;;;;;;;;;;;;;;;0;0;8;6;10;9;8;8;9;10;15;12;14;7;12;7;7;6;5;2;4;7;4;3;1;3;1;1;0;3;3;1
Hombre;Entre 3 y menos de 5 salarios mínimos;2;Estrato 6;DESERTORES;;;;;;;;;;;;;;;;;;;;;;;0;0;1;1;0;3;1;0;3;1;0;3;4;1;1;1;0;1;1;2;1;0;0;1;1;1;0;1;0;0;;
Hombre;Entre 3 y menos de 5 salarios mínimos;3;Sin informaci¿n;DESERTORES;0;0;145;182;228;293;356;330;353;289;255;264;269;262;253;231;209;197;161;234;154;143;169;126;130;156;120;118;115;119;92;108;99;90;96;77;76;105;96;76;77;82;47;70;36;69;42;46;26;51;30;69;26;39
Hombre;Entre 3 y menos de 5 salarios mínimos;3;Estrato 1;DESERTORES;;;;;;;;;;;;;;;0;0;0;0;1;0;0;1;1;4;26;17;51;53;46;39;51;64;69;106;75;79;70;84;56;83;60;75;41;54;44;49;33;42;23;36;18;58;21;35
Hombre;Entre 3 y menos de 5 salarios mínimos;3;Estrato 2;DESERTORES;;;;;;0;;;;;;;;;;;;;;0;1;0;2;17;129;174;233;285;218;239;349;322;468;523;495;410;410;384;386;374;293;310;236;268;172;264;160;179;127;152;113;144;115;144
Hombre;Entre 3 y menos de 5 salarios mínimos;3;Estrato 3;DESERTORES;;;0;0;0;0;0;1;0;0;0;;;;;;;;;;1;0;0;31;212;259;427;400;384;344;490;519;650;631;598;546;495;508;477;428;404;381;339;359;249;333;186;187;165;176;153;170;118;148
Hombre;Entre 3 y menos de 5 salarios mínimos;3;Estrato 4;DESERTORES;;;;;;;;;;;;;;;;;;;;;0;0;1;7;50;48;94;83;86;81;106;110;119;126;116;109;100;86;92;85;56;58;44;44;40;49;44;45;24;32;23;30;20;27
Hombre;Entre 3 y menos de 5 salarios mínimos;3;Estrato 5;DESERTORES;;;;;;;;;;;;;;;;;;;;;;0;0;3;4;10;16;25;15;19;25;22;19;24;23;22;14;20;19;21;4;9;10;11;6;7;5;6;6;6;4;6;2;4
Hombre;Entre 3 y menos de 5 salarios mínimos;3;Estrato 6;DESERTORES;;;;;;;;;;;;;;;;;;;;;;0;0;0;3;4;5;3;3;3;2;3;3;4;3;2;3;2;3;2;3;4;5;2;1;3;1;0;1;2;1;1;2;1
Hombre;Entre 3 y menos de 5 salarios mínimos;4;Sin informaci¿n;DESERTORES;0;0;315;326;571;626;838;832;882;720;648;620;694;719;547;642;557;488;414;523;393;380;366;348;340;321;279;323;281;278;290;268;256;255;291;223;233;254;281;212;150;181;115;196;97;188;88;153;71;129;89;140;71;116
Hombre;Entre 3 y menos de 5 salarios mínimos;4;Estrato 1;DESERTORES;;;;;;;;;;;;;;;;;;;;;0;0;1;8;61;75;107;133;110;105;158;151;217;234;217;182;190;208;197;177;153;151;103;147;94;117;73;76;69;92;51;87;61;66
Hombre;Entre 3 y menos de 5 salarios mínimos;4;Estrato 2;DESERTORES;;;;;;;;;;;;0;;0;1;0;0;1;0;0;0;0;1;36;284;351;613;640;535;554;843;840;1025;1177;1045;951;1018;1024;839;881;681;737;525;711;432;582;392;424;325;398;323;464;259;372
Hombre;Entre 3 y menos de 5 salarios mínimos;4;Estrato 3;DESERTORES;0;0;0;0;0;0;0;;1;1;0;0;0;0;1;0;1;0;;;1;2;2;48;396;495;731;702;709;624;964;940;1172;1247;1172;981;1073;1011;886;913;732;790;547;635;460;598;393;414;301;406;289;396;227;321
Hombre;Entre 3 y menos de 5 salarios mínimos;4;Estrato 4;DESERTORES;;;;;;;;;;;;;;;;0;;0;1;0;0;0;0;10;87;91;150;157;132;130;192;177;197;211;210;161;158;161;165;136;125;118;98;77;79;79;57;53;50;47;45;51;28;39
Hombre;Entre 3 y menos de 5 salarios mínimos;4;Estrato 5;DESERTORES;;;;;;;;;;;;;;;;;;;;;;0;0;2;12;17;28;28;28;24;26;36;36;50;35;42;23;26;23;22;30;21;20;14;12;15;14;5;11;9;3;10;4;1
Hombre;Entre 3 y menos de 5 salarios mínimos;4;Estrato 6;DESERTORES;;;;;;;;;;;;;;;;;;;;;;0;0;0;3;5;9;6;6;4;8;2;9;5;7;10;9;10;12;6;4;10;6;3;5;9;5;3;2;0;1;1;2;2
Hombre;Entre 3 y menos de 5 salarios mínimos;5;Sin informaci¿n;DESERTORES;0;0;329;420;670;653;957;917;871;826;704;834;790;766;634;671;593;520;531;591;440;458;484;445;369;400;356;365;372;327;327;329;332;294;312;298;273;286;310;249;201;234;149;211;136;214;113;172;92;186;122;169;87;166
Hombre;Entre 3 y menos de 5 salarios mínimos;5;Estrato 1;DESERTORES;;;;;;;;;;;;;;;;;;;;;;0;0;2;69;77;110;130;115;103;154;137;213;235;230;207;197;205;175;191;155;190;110;145;88;155;94;80;73;101;81;98;58;75
Hombre;Entre 3 y menos de 5 salarios mínimos;5;Estrato 2;DESERTORES;;;;;;;;;;;;;;;;;0;0;0;1;0;1;0;25;231;305;488;514;457;452;720;628;775;925;870;837;809;820;710;746;579;596;420;535;369;509;321;345;275;386;246;390;210;313
Hombre;Entre 3 y menos de 5 salarios mínimos;5;Estrato 3;DESERTORES;;;;;;0;;;;0;1;0;0;0;0;0;0;1;0;;0;0;1;35;267;348;508;522;464;457;672;634;819;853;808;704;739;656;644;630;520;473;372;458;327;433;265;294;213;292;202;294;148;220
Hombre;Entre 3 y menos de 5 salarios mínimos;5;Estrato 4;DESERTORES;;;;;;;;;;;;;;;;;;;;;0;0;0;8;47;52;99;93;89;80;113;121;122;132;128;107;107;94;94;92;69;70;52;70;59;49;49;56;28;42;25;27;17;20
Hombre;Entre 3 y menos de 5 salarios mínimos;5;Estrato 5;DESERTORES;;;;;;;;;;;;;;;;;;;;;;0;0;1;6;14;22;21;21;14;17;31;23;27;35;26;25;26;19;13;17;17;11;10;9;8;8;7;6;8;4;4;1;5
Hombre;Entre 3 y menos de 5 salarios mínimos;5;Estrato 6;DESERTORES;;;;;;;;;;;;;;;;;;;;;;0;0;1;4;1;2;5;3;2;4;3;6;7;7;2;3;2;2;4;3;4;3;1;1;4;1;0;0;1;2;0;1;0
Hombre;Entre 3 y menos de 5 salarios mínimos;6;Sin informaci¿n;DESERTORES;0;0;191;217;336;304;471;488;463;412;371;403;416;390;333;406;362;281;311;325;288;243;270;213;238;232;212;210;187;212;209;199;172;158;171;171;150;157;188;143;129;123;91;120;69;128;98;110;73;111;65;126;51;92
Hombre;Entre 3 y menos de 5 salarios mínimos;6;Estrato 1;DESERTORES;;;;;;;;;;;;;;;;;;;;;;0;0;4;34;44;68;64;65;71;84;75;96;121;121;113;107;131;91;106;85;84;63;70;45;82;33;59;35;50;30;56;27;53
Hombre;Entre 3 y menos de 5 salarios mínimos;6;Estrato 2;DESERTORES;;;;;;;;;;;0;0;0;0;0;;;;;;;0;1;10;101;155;251;216;242;217;290;263;366;380;415;328;349;354;348;309;235;283;188;255;158;229;154;181;118;151;122;183;77;153
Hombre;Entre 3 y menos de 5 salarios mínimos;6;Estrato 3;DESERTORES;0;0;;;;;;;;;;;;;;;;;;;0;1;1;11;112;130;193;226;204;177;286;246;301;347;354;268;277;256;232;245;209;220;136;190;134;152;108;110;102;120;85;129;52;112
Hombre;Entre 3 y menos de 5 salarios mínimos;6;Estrato 4;DESERTORES;;;;;;;;;;;;;;;;;;;;;;0;0;4;19;23;39;37;35;27;26;45;47;53;43;38;36;36;37;31;22;26;18;28;23;21;17;11;10;9;9;16;5;10
Hombre;Entre 3 y menos de 5 salarios mínimos;6;Estrato 5;DESERTORES;;;;;;;;;;;;;;;;;;;;;;0;0;1;3;3;8;8;8;10;6;14;11;16;10;7;5;6;2;4;6;4;6;7;5;4;0;4;1;2;2;1;0;4
Hombre;Entre 3 y menos de 5 salarios mínimos;6;Estrato 6;DESERTORES;;;;;;;;;;;;;;;;;;;;;;0;0;1;1;3;0;4;4;2;1;5;4;1;3;0;2;2;2;2;1;1;0;0;1;2;0;1;0;0;0;0;;
Hombre;Entre 3 y menos de 5 salarios mínimos;7;Sin informaci¿n;DESERTORES;0;0;88;110;166;127;211;210;218;202;173;179;168;179;153;165;145;134;124;181;128;135;119;114;113;93;121;87;91;107;86;96;95;75;67;79;85;84;75;62;57;74;39;70;42;76;38;55;29;41;30;64;24;52
Hombre;Entre 3 y menos de 5 salarios mínimos;7;Estrato 1;DESERTORES;;;;;;;;;;;;;;;;;;;0;0;0;0;0;2;16;18;21;30;38;21;49;44;47;62;53;60;50;60;49;36;35;55;33;37;28;38;24;18;20;40;17;22;23;25
Hombre;Entre 3 y menos de 5 salarios mínimos;7;Estrato 2;DESERTORES;;;;;;;;;;;;;;;;;;;0;;0;1;0;6;52;60;107;99;109;99;129;98;175;195;158;154;160;146;126;131;119;137;83;129;60;94;54;58;43;83;50;85;53;63
Hombre;Entre 3 y menos de 5 salarios mínimos;7;Estrato 3;DESERTORES;;;;;;;;;;;;;;;;;;;;;;0;0;9;40;51;70;77;70;75;75;86;122;120;103;104;90;99;90;103;93;89;54;71;59;57;44;54;36;54;30;43;34;48
Hombre;Entre 3 y menos de 5 salarios mínimos;7;Estrato 4;DESERTORES;;;;;;;;;;;;;;;;;;;;;;;0;0;6;9;24;18;11;6;19;14;21;19;18;9;17;22;8;9;10;9;9;9;3;5;4;5;2;4;6;4;2;2
Hombre;Entre 3 y menos de 5 salarios mínimos;7;Estrato 5;DESERTORES;;;;;;;;;;;;;;;;;;;;;;;0;0;0;2;2;0;1;1;5;3;2;4;1;3;2;3;4;1;1;1;1;2;1;0;3;2;1;0;1;1;0;1
Hombre;Entre 3 y menos de 5 salarios mínimos;7;Estrato 6;DESERTORES;;;;;;;;;;;;;;;;;;;;;;;;0;0;0;0;0;0;0;0;0;0;1;0;0;0;2;1;0;0;0;0;1;1;;;;;;;1;1;0
Hombre;Entre 3 y menos de 5 salarios mínimos;8;Sin informaci¿n;DESERTORES;0;0;38;44;70;64;108;108;104;78;74;95;95;94;62;89;84;44;61;83;49;51;63;73;45;59;40;47;31;56;43;49;48;49;34;43;49;55;46;35;29;35;15;33;23;32;17;25;14;25;11;30;17;26
Hombre;Entre 3 y menos de 5 salarios mínimos;8;Estrato 1;DESERTORES;;;;;;;;;;;;;;;;;;;;;;0;0;1;12;17;18;23;24;20;23;19;33;43;35;42;32;35;20;23;19;32;17;13;13;15;17;15;8;22;10;12;11;10
Hombre;Entre 3 y menos de 5 salarios mínimos;8;Estrato 2;DESERTORES;;;;;;;;;;;;;;;;;;;;;;0;0;0;22;39;48;47;52;48;48;57;92;101;75;75;74;84;78;89;54;62;37;56;45;49;41;29;29;42;28;51;27;29
Hombre;Entre 3 y menos de 5 salarios mínimos;8;Estrato 3;DESERTORES;;;;;;;0;;;;;;;;;;;;;;0;1;1;2;17;29;39;36;37;38;52;57;77;79;78;57;60;71;48;58;48;54;31;36;34;28;29;32;23;26;18;23;14;19
Hombre;Entre 3 y menos de 5 salarios mínimos;8;Estrato 4;DESERTORES;;;;;;;;;;;;;;;;;;;;;;0;0;0;3;5;8;8;7;8;2;9;7;8;4;2;9;8;10;3;6;9;5;4;2;5;4;5;1;3;3;3;0;3
Hombre;Entre 3 y menos de 5 salarios mínimos;8;Estrato 5;DESERTORES;;;;;;;;;;;;;;;;;;;;;;;0;0;1;2;0;0;1;1;0;0;0;3;1;2;0;0;1;2;0;1;0;0;0;1;0;1;0;0;0;0;;
Hombre;Entre 3 y menos de 5 salarios mínimos;8;Estrato 6;DESERTORES;;;;;;;;;;;;;;;;;;;;;;;0;0;1;0;0;;0;1;;;0;;;1;1;1;0;0;0;;;;;;;1;1;;0;;;
Hombre;Entre 3 y menos de 5 salarios mínimos;9;Sin informaci¿n;DESERTORES;0;0;20;22;37;42;48;63;56;51;47;44;41;48;41;46;43;31;31;43;31;34;32;18;21;30;28;26;19;33;27;36;33;20;27;23;26;27;31;27;18;23;8;26;9;16;6;14;6;14;11;16;2;15
Hombre;Entre 3 y menos de 5 salarios mínimos;9;Estrato 1;DESERTORES;;;;;;;;;;;;;;;;;;;;;;0;0;0;3;6;6;7;6;10;13;11;12;17;8;10;12;15;14;10;5;9;5;14;7;12;5;5;3;7;6;11;2;2
Hombre;Entre 3 y menos de 5 salarios mínimos;9;Estrato 2;DESERTORES;;;;;;;;;;;;;;;;;;;;;;0;0;2;9;16;22;20;17;22;41;31;32;40;43;41;54;44;30;37;20;27;18;27;18;24;21;17;11;17;10;14;14;18
Hombre;Entre 3 y menos de 5 salarios mínimos;9;Estrato 3;DESERTORES;;;;;;;;;;;;;;;;;;;;;;0;0;1;13;8;14;13;10;16;14;19;27;37;30;26;33;24;33;21;18;27;14;8;9;22;9;13;6;9;10;8;3;5
Hombre;Entre 3 y menos de 5 salarios mínimos;9;Estrato 4;DESERTORES;;;;;;;;;;;;;;;;;;;;;;0;0;0;0;1;2;2;1;3;2;2;3;4;4;6;4;1;2;4;0;3;1;1;2;3;0;1;7;1;0;1;1;1
Hombre;Entre 3 y menos de 5 salarios mínimos;9;Estrato 5;DESERTORES;;;;;;;;;;;;;;;;;;;;;;;0;0;0;0;0;1;2;0;0;2;0;1;0;0;0;0;1;0;0;;;;;;;;;;;;;
Hombre;Entre 3 y menos de 5 salarios mínimos;9;Estrato 6;DESERTORES;;;;;;;;;;;;;;;;;;;;;;;;;0;0;0;1;1;0;0;0;1;0;0;0;0;0;0;0;0;0;0;0;;;;;;;;;;
Hombre;Entre 3 y menos de 5 salarios mínimos;10;Sin informaci¿n;DESERTORES;;;;;;;;;;;;;;;;;;;;;;;;0;0;0;0;0;;;;;;;;;0;1;0;0;0;0;0;0;0;0;;;;;;;;
Hombre;Entre 3 y menos de 5 salarios mínimos;10;Estrato 1;DESERTORES;;;;;;;;;;;;;;;;;;;;;;0;0;0;2;1;3;5;5;1;11;5;11;16;11;11;8;13;9;15;7;9;1;3;4;3;5;6;5;3;3;3;3;11
Hombre;Entre 3 y menos de 5 salarios mínimos;10;Estrato 2;DESERTORES;;;;;;;;;;;;;;;;;;;;;;;0;0;8;6;18;9;16;20;17;18;33;20;43;27;26;24;21;19;26;21;16;13;13;17;9;16;7;14;6;20;5;9
Hombre;Entre 3 y menos de 5 salarios mínimos;10;Estrato 3;DESERTORES;;;;;;;;;;;;;;;;;;;;;;0;0;2;4;5;12;15;8;12;12;17;14;24;22;17;17;14;13;20;9;13;15;11;7;5;10;9;4;9;3;4;5;9
Hombre;Entre 3 y menos de 5 salarios mínimos;10;Estrato 4;DESERTORES;;;;;;;;;;;;;;;;;;;;;;;0;0;1;1;0;1;2;1;2;2;1;5;4;1;1;3;1;1;3;0;0;2;1;1;1;0;1;0;2;1;1;2
Hombre;Entre 3 y menos de 5 salarios mínimos;10;Estrato 5;DESERTORES;;;;;;;;;;;;;;;;;;;;;;;;0;0;0;2;0;0;0;0;0;0;0;0;1;0;0;0;0;0;;;;;;;;;;;;;
Hombre;Entre 3 y menos de 5 salarios mínimos;10;Estrato 6;DESERTORES;;;;;;;;;;;;;;;;;;;;;;;0;0;0;0;0;0;0;0;0;0;1;0;0;0;0;0;0;0;0;0;0;0;0;0;0;1;;;0;;;
Hombre;Entre 3 y menos de 5 salarios mínimos;11;Estrato 1;DESERTORES;;;;;;;;;;;;;;;;;;;;;;;0;0;0;3;1;1;4;2;6;2;3;6;2;1;7;4;2;4;4;7;2;3;1;7;0;2;0;3;1;2;0;5
Hombre;Entre 3 y menos de 5 salarios mínimos;11;Estrato 2;DESERTORES;;;;;;;;;;;;;;;;;;;;;;0;0;0;2;3;10;8;5;6;14;7;17;9;15;10;8;8;11;13;12;10;7;10;3;13;4;6;5;7;9;8;1;2
Hombre;Entre 3 y menos de 5 salarios mínimos;11;Estrato 3;DESERTORES;;;;;;;;;;;;;;;;;;;;;;0;0;0;2;7;3;5;6;6;8;4;11;7;15;7;11;6;10;8;8;7;4;2;6;4;3;2;2;5;2;7;2;3
Hombre;Entre 3 y menos de 5 salarios mínimos;11;Estrato 4;DESERTORES;;;;;;;;;;;;;;;;;;;;;;;0;0;0;0;0;0;0;1;0;0;3;0;0;0;1;1;0;1;0;1;0;1;1;0;0;0;0;1;0;0;1;0
Hombre;Entre 3 y menos de 5 salarios mínimos;11;Estrato 5;DESERTORES;;;;;;;;;;;;;;;;;;;;;;;;;;;;;;;0;0;0;0;0;0;0;0;0;0;;;;;;;;;;;;;;
Hombre;Entre 3 y menos de 5 salarios mínimos;12;Sin informaci¿n;DESERTORES;;;;;;;;;;;;;;;;;;;;;;;;;0;0;0;0;0;;;;;;;0;1;0;0;0;0;0;;;;;;;;;;;;
Hombre;Entre 3 y menos de 5 salarios mínimos;12;Estrato 1;DESERTORES;;;;;;;;;;;;;;;;;;;;;;;0;0;5;6;5;2;10;6;6;5;8;9;7;5;12;9;8;7;10;3;3;7;6;8;1;4;1;5;2;3;6;3
Hombre;Entre 3 y menos de 5 salarios mínimos;12;Estrato 2;DESERTORES;;;;;;;;;;;;;;;;;;;;;;0;0;0;7;12;9;20;17;19;25;9;28;27;31;29;23;30;29;31;16;28;19;35;13;15;18;13;11;16;11;18;5;23
Hombre;Entre 3 y menos de 5 salarios mínimos;12;Estrato 3;DESERTORES;;;;;;;;;;;;;;;;;;;;;;0;0;2;6;10;9;9;11;9;16;9;27;28;22;16;16;14;20;26;14;18;8;14;8;21;8;12;5;4;7;13;5;3
Hombre;Entre 3 y menos de 5 salarios mínimos;12;Estrato 4;DESERTORES;;;;;;;;;;;;;;;;;;;;;;;0;0;2;1;0;0;0;1;3;2;1;0;0;0;2;1;0;0;1;1;0;0;0;1;1;1;1;2;0;;;
Hombre;Entre 3 y menos de 5 salarios mínimos;12;Estrato 5;DESERTORES;;;;;;;;;;;;;;;;;;;;;;0;0;0;2;0;1;0;0;0;0;1;0;1;0;0;1;0;1;1;1;0;0;0;0;1;0;0;0;;0;0;0;0
Hombre;Entre 3 y menos de 5 salarios mínimos;12;Estrato 6;DESERTORES;;;;;;;;;;;;;;;;;;;;;;;0;;;;;;;;0;1;;;1;1;0;0;0;0;1;1;0;0;0;0;0;0;;0;0;0;0;0
Hombre;Entre 5 y menos de 7 salarios mínimos;Sin informaci¿n;Sin informaci¿n;DESERTORES;0;0;18;15;23;13;25;27;26;30;33;22;27;20;19;29;33;30;25;21;15;14;11;24;20;11;18;18;18;15;14;12;23;16;14;10;13;14;10;12;10;8;5;9;2;8;4;5;3;9;7;6;3;6
Hombre;Entre 5 y menos de 7 salarios mínimos;Sin informaci¿n;Estrato 1;DESERTORES;0;;0;1;0;0;2;3;8;9;22;18;29;30;35;33;42;33;20;48;17;32;25;30;22;26;18;23;12;12;15;23;14;15;13;13;15;10;16;7;9;10;11;8;5;15;1;7;6;8;9;14;5;4
Hombre;Entre 5 y menos de 7 salarios mínimos;Sin informaci¿n;Estrato 2;DESERTORES;0;0;1;3;1;2;5;29;106;145;226;248;266;305;335;317;310;271;218;309;206;238;198;203;185;168;149;165;134;121;96;103;105;92;94;86;72;86;86;90;53;63;44;68;46;61;22;46;35;52;30;59;30;35
Hombre;Entre 5 y menos de 7 salarios mínimos;Sin informaci¿n;Estrato 3;DESERTORES;0;0;4;1;2;3;5;104;507;502;806;781;1067;1021;1276;1260;1127;999;867;1221;861;827;795;730;666;646;567;534;446;470;423;403;349;299;302;265;261;247;233;234;174;188;124;161;97;178;102;104;101;122;78;126;77;131
Hombre;Entre 5 y menos de 7 salarios mínimos;Sin informaci¿n;Estrato 4;DESERTORES;;;;;0;0;1;4;15;22;72;88;98;78;94;87;87;71;69;71;62;74;66;52;49;47;44;37;42;35;25;31;31;31;20;16;18;16;19;12;11;10;13;11;7;9;8;8;3;12;5;9;5;5
Hombre;Entre 5 y menos de 7 salarios mínimos;Sin informaci¿n;Estrato 5;DESERTORES;;;;;0;0;0;0;7;11;9;14;26;18;28;20;19;13;10;17;15;10;18;12;11;13;12;5;3;6;9;7;3;9;4;4;4;2;2;5;4;2;2;3;0;1;3;2;0;3;0;1;1;4
Hombre;Entre 5 y menos de 7 salarios mínimos;Sin informaci¿n;Estrato 6;DESERTORES;;;;;;0;0;2;0;1;4;5;12;8;10;6;9;6;10;5;4;11;7;3;5;4;3;7;2;1;2;1;3;2;1;4;0;2;1;0;1;1;1;0;;;;0;;;;;;
Hombre;Entre 5 y menos de 7 salarios mínimos;1;Sin informaci¿n;DESERTORES;0;0;0;1;5;0;4;0;1;5;1;4;3;1;5;3;2;1;4;1;0;1;2;1;2;3;2;0;2;1;1;0;1;0;0;2;0;0;1;1;1;2;0;0;0;0;0;0;0;2;0;0;2;0
Hombre;Entre 5 y menos de 7 salarios mínimos;1;Estrato 1;DESERTORES;;;;;;;;;;;;;;;;;;;;;;;0;0;0;0;0;1;0;0;0;2;2;0;0;0;1;3;0;2;2;1;0;0;0;0;;0;0;0;0;0;0;0
Hombre;Entre 5 y menos de 7 salarios mínimos;1;Estrato 2;DESERTORES;;;;;;;;;;;;;;;;;;;;;;0;0;0;0;4;2;2;1;0;0;2;2;3;2;3;1;1;2;2;0;2;1;0;0;0;2;2;1;1;0;0;0;1
Hombre;Entre 5 y menos de 7 salarios mínimos;1;Estrato 3;DESERTORES;;;;;;;;;;;;;;;;;;;;;;0;0;1;0;2;3;0;3;3;4;1;4;2;1;6;2;2;5;4;1;4;2;0;1;2;0;3;0;1;0;2;1;2
Hombre;Entre 5 y menos de 7 salarios mínimos;1;Estrato 4;DESERTORES;;;;;;;;;;;;;;;;;;;;;;;0;0;2;1;3;3;2;2;0;1;1;2;2;2;0;3;1;0;0;1;0;0;0;;1;;;;;;;
Hombre;Entre 5 y menos de 7 salarios mínimos;1;Estrato 5;DESERTORES;;;;;;;;;;;;;;;;;;;;;;0;0;0;1;0;0;0;0;0;0;0;1;0;1;0;0;1;0;0;0;0;;;;;;;;;;;;
Hombre;Entre 5 y menos de 7 salarios mínimos;1;Estrato 6;DESERTORES;;;;;;;;;;;;;;;;;;;;;;;;;;0;0;0;0;1;2;1;0;0;2;0;3;0;0;0;0;0;0;0;1;0;;;;;;;;0
Hombre;Entre 5 y menos de 7 salarios mínimos;2;Sin informaci¿n;DESERTORES;0;0;22;32;32;45;55;60;50;40;31;39;33;32;29;35;24;25;29;17;16;19;16;19;12;16;17;8;11;17;17;9;12;14;8;7;9;6;9;8;7;6;3;5;8;7;8;5;5;8;7;3;3;5
Hombre;Entre 5 y menos de 7 salarios mínimos;2;Estrato 1;DESERTORES;;;;;;;;;;;;;;;;;;;;;;0;0;1;3;4;2;3;4;4;3;3;3;6;4;3;2;3;1;6;7;4;2;2;0;2;1;0;2;2;5;2;3;4
Hombre;Entre 5 y menos de 7 salarios mínimos;2;Estrato 2;DESERTORES;0;0;;;;;;;;;;;;;;;;;;;;0;0;1;13;17;20;20;16;22;22;22;36;33;29;26;28;23;24;30;18;23;13;17;19;25;10;10;6;13;8;7;6;7
Hombre;Entre 5 y menos de 7 salarios mínimos;2;Estrato 3;DESERTORES;;;;;0;0;0;0;0;0;0;0;0;0;0;0;0;0;0;0;0;0;0;10;36;46;62;62;51;50;72;72;104;92;69;72;65;74;66;69;56;49;38;44;36;38;21;25;11;23;15;26;18;12
Hombre;Entre 5 y menos de 7 salarios mínimos;2;Estrato 4;DESERTORES;0;;;;;;;;;;;;;;;;;;;;;0;1;5;24;18;38;36;39;32;36;43;52;48;52;40;42;40;44;32;37;24;28;22;13;17;23;17;13;14;10;8;4;6
Hombre;Entre 5 y menos de 7 salarios mínimos;2;Estrato 5;DESERTORES;;;;;;;;;;;;;;;;;;;;;;0;0;3;8;9;11;17;8;10;13;19;15;16;8;11;8;8;8;6;5;1;6;4;1;4;1;2;3;1;1;1;0;2
Hombre;Entre 5 y menos de 7 salarios mínimos;2;Estrato 6;DESERTORES;;;;;;;;;;;;;;;;;;;;;;0;0;0;3;3;4;5;5;3;5;4;7;3;2;3;3;3;2;3;1;1;0;0;1;1;1;0;0;0;0;1;0;0
Hombre;Entre 5 y menos de 7 salarios mínimos;3;Sin informaci¿n;DESERTORES;0;0;88;99;164;155;226;167;189;154;124;135;150;129;115;124;104;93;93;116;78;73;73;58;60;58;41;44;46;44;50;40;44;35;27;36;45;39;42;31;30;44;19;35;13;29;19;27;9;24;13;19;7;20
Hombre;Entre 5 y menos de 7 salarios mínimos;3;Estrato 1;DESERTORES;;;;;;;;;;;;;;;;;;;;;;0;0;1;3;5;13;10;11;7;13;17;19;21;24;25;17;17;16;20;7;22;12;9;11;14;7;4;4;5;9;8;8;1
Hombre;Entre 5 y menos de 7 salarios mínimos;3;Estrato 2;DESERTORES;;;0;;;;;;;;;0;1;0;0;0;0;0;0;1;0;0;0;4;43;56;95;96;81;93;120;100;142;148;106;136;99;105;108;100;82;96;68;77;46;56;52;41;33;50;33;35;32;39
Hombre;Entre 5 y menos de 7 salarios mínimos;3;Estrato 3;DESERTORES;;;;0;0;0;0;0;0;0;0;0;;;;;;0;;;1;1;1;21;141;151;282;252;212;205;286;274;380;396;320;320;299;298;288;242;210;222;169;163;138;161;115;106;84;88;83;103;55;84
Hombre;Entre 5 y menos de 7 salarios mínimos;3;Estrato 4;DESERTORES;;;;0;0;0;0;0;0;;;;;;;;;;;;;0;2;9;71;66;121;123;108;74;131;126;168;163;133;155;108;119;115;93;82;79;73;58;44;50;40;40;36;28;23;36;21;24
Hombre;Entre 5 y menos de 7 salarios mínimos;3;Estrato 5;DESERTORES;;;;;;;;;;;;;;;;;;;;;;0;0;4;9;21;38;43;18;32;40;37;45;42;49;37;30;22;34;20;26;31;15;7;19;11;14;10;6;7;5;8;6;6
Hombre;Entre 5 y menos de 7 salarios mínimos;3;Estrato 6;DESERTORES;;;;;;;;;;;;;;;;0;;;;;;0;1;0;4;8;15;12;5;9;11;11;13;10;13;11;8;10;9;9;10;6;7;5;2;3;2;1;1;3;1;0;0;2
Hombre;Entre 5 y menos de 7 salarios mínimos;4;Sin informaci¿n;DESERTORES;0;0;239;259;357;380;480;430;445;405;324;366;335;369;337;324;312;243;220;248;246;230;184;157;152;156;137;130;137;112;119;124;122;106;92;99;82;90;80;90;70;72;41;60;40;71;33;53;36;44;29;55;39;37
Hombre;Entre 5 y menos de 7 salarios mínimos;4;Estrato 1;DESERTORES;;;;;;;;;;;;;;;;;;;;;0;0;0;1;14;23;25;27;24;21;35;36;43;50;52;50;36;52;41;38;32;27;24;26;26;21;14;22;16;22;9;27;11;14
Hombre;Entre 5 y menos de 7 salarios mínimos;4;Estrato 2;DESERTORES;;;;;;;;;;;;;;;;;;0;0;0;0;0;1;10;135;135;203;229;205;162;251;261;368;354;300;302;306;291;261;276;207;206;174;166;139;150;108;151;97;142;84;111;69;77
Hombre;Entre 5 y menos de 7 salarios mínimos;4;Estrato 3;DESERTORES;;;;;;;;0;0;0;0;0;0;1;;;1;1;1;2;0;1;0;36;250;328;547;554;441;448;633;564;727;745;696;625;569;566;580;550;451;450;363;367;287;333;226;211;172;233;156;204;118;158
Hombre;Entre 5 y menos de 7 salarios mínimos;4;Estrato 4;DESERTORES;;;;;;;;;0;0;1;;;;;;;;;;0;1;0;24;93;118;206;201;179;178;248;244;278;297;290;256;216;212;203;192;146;153;123;127;99;110;77;65;51;76;38;50;29;45
Hombre;Entre 5 y menos de 7 salarios mínimos;4;Estrato 5;DESERTORES;;;;;;;;;;;;;;;;;;;;;;0;0;12;27;51;58;62;66;47;60;66;76;96;70;68;55;54;66;41;48;42;28;37;26;28;18;19;14;12;12;12;4;9
Hombre;Entre 5 y menos de 7 salarios mínimos;4;Estrato 6;DESERTORES;;;;;;;;;;;;;;;;;;;;;0;0;0;1;7;11;27;19;15;10;14;31;19;23;28;19;14;11;13;12;7;8;8;4;5;4;4;4;3;2;0;3;1;2
Hombre;Entre 5 y menos de 7 salarios mínimos;5;Sin informaci¿n;DESERTORES;0;0;246;246;406;366;555;716;983;436;417;430;464;415;373;401;389;295;290;313;352;322;313;248;239;283;196;196;200;208;206;185;211;189;146;157;134;147;119;146;112;104;66;96;59;101;57;69;46;71;45;67;43;77
Hombre;Entre 5 y menos de 7 salarios mínimos;5;Estrato 1;DESERTORES;0;0;0;0;0;0;0;0;0;0;0;0;0;0;0;0;0;0;0;0;0;0;0;0;11;11;34;24;29;31;39;45;48;63;48;32;35;36;46;48;34;32;26;20;18;33;19;15;20;20;23;24;9;18
Hombre;Entre 5 y menos de 7 salarios mínimos;5;Estrato 2;DESERTORES;;;0;0;0;0;0;0;0;0;0;0;0;0;0;1;;;;;;0;0;10;91;137;180;197;169;159;236;224;260;285;285;269;217;258;190;242;182;202;112;163;104;152;88;94;75;110;64;100;62;68
Hombre;Entre 5 y menos de 7 salarios mínimos;5;Estrato 3;DESERTORES;;;;0;0;0;0;0;0;2;0;0;0;0;0;0;0;0;0;0;0;0;2;20;199;226;391;337;306;285;422;418;518;530;445;378;435;392;388;407;331;294;262;219;197;254;156;145;105;165;95;143;112;109
Hombre;Entre 5 y menos de 7 salarios mínimos;5;Estrato 4;DESERTORES;;;;;;;;;;;;;;;;;;;;;;0;0;10;64;71;137;129;107;114;123;150;174;180;142;140;135;104;114;99;90;101;73;74;51;75;40;47;26;55;27;39;21;24
Hombre;Entre 5 y menos de 7 salarios mínimos;5;Estrato 5;DESERTORES;;;;;;;;;;;;;;;;;;;;;;0;0;2;27;33;42;39;41;37;58;60;61;52;54;52;47;41;42;35;28;31;29;21;26;17;15;11;12;14;8;5;6;7
Hombre;Entre 5 y menos de 7 salarios mínimos;5;Estrato 6;DESERTORES;;;;;;;;;;;;;;;;;;;;;;0;0;1;5;5;10;13;7;8;13;11;8;15;19;10;10;13;6;8;5;3;4;8;2;4;4;3;2;0;2;2;0;1
Hombre;Entre 5 y menos de 7 salarios mínimos;6;Sin informaci¿n;DESERTORES;0;0;118;127;214;201;534;396;950;231;269;251;239;245;239;257;195;176;162;177;150;122;118;122;100;112;93;100;81;86;84;75;75;65;72;63;55;73;74;64;41;42;32;59;22;40;19;38;23;35;23;34;27;34
Hombre;Entre 5 y menos de 7 salarios mínimos;6;Estrato 1;DESERTORES;;;;;;;;;;;;;;;0;0;0;0;;;;;0;1;11;13;18;16;18;15;21;16;21;47;40;16;27;32;25;19;22;23;12;14;9;16;7;15;10;12;10;7;8;6
Hombre;Entre 5 y menos de 7 salarios mínimos;6;Estrato 2;DESERTORES;;;;;;;;;;;0;0;0;0;0;0;0;0;0;0;0;0;0;6;41;58;83;83;81;86;106;111;116;134;125;128;113;120;100;88;65;84;53;83;58;70;46;40;61;57;37;64;32;46
Hombre;Entre 5 y menos de 7 salarios mínimos;6;Estrato 3;DESERTORES;;;;;;;;;;;;;;;;;;;;;0;0;0;9;83;111;130;132;123;120;141;158;186;198;193;156;139;150;144;141;112;121;101;103;67;76;59;63;59;47;37;57;38;41
Hombre;Entre 5 y menos de 7 salarios mínimos;6;Estrato 4;DESERTORES;;;;;;0;;;;;;;;;;;;;;0;;1;1;3;34;27;51;48;46;21;50;51;50;65;52;45;45;42;55;42;28;36;30;32;15;18;18;14;10;12;10;11;9;9
Hombre;Entre 5 y menos de 7 salarios mínimos;6;Estrato 5;DESERTORES;;;;;;;;;;;;;;;;;;;;;;0;0;2;6;12;8;10;17;11;19;8;18;16;10;12;7;7;8;12;7;12;7;8;4;10;2;6;6;2;2;3;4;3
Hombre;Entre 5 y menos de 7 salarios mínimos;6;Estrato 6;DESERTORES;;;;;;;;;;;;;;;;;;;;;;0;0;1;6;2;8;1;5;2;3;4;2;4;8;4;6;5;3;5;2;1;1;2;0;1;4;1;1;0;;1;0;
Hombre;Entre 5 y menos de 7 salarios mínimos;7;Sin informaci¿n;DESERTORES;0;0;52;49;79;82;105;109;111;91;86;94;99;93;75;80;79;68;57;70;45;51;67;31;51;39;44;36;63;40;41;41;36;38;30;23;25;41;31;22;29;22;24;23;16;15;10;23;11;19;8;23;13;22
Hombre;Entre 5 y menos de 7 salarios mínimos;7;Estrato 1;DESERTORES;;;;;;;;;;;;;;;;;;0;;;;;0;1;3;6;12;9;13;8;9;13;15;11;14;13;14;18;7;15;11;14;4;10;8;6;6;9;8;9;6;8;4;6
Hombre;Entre 5 y menos de 7 salarios mínimos;7;Estrato 2;DESERTORES;;;;;;;;;;;;;;;;;;;;;0;0;0;0;15;22;55;32;35;23;41;30;46;49;46;39;51;51;51;43;43;32;25;26;14;27;29;20;10;18;13;20;12;17
Hombre;Entre 5 y menos de 7 salarios mínimos;7;Estrato 3;DESERTORES;;;;;;;;;;;;;;;;;;;;;;0;0;3;27;50;51;54;55;39;88;66;69;72;82;74;71;58;52;49;46;49;30;37;29;29;26;31;29;32;12;19;13;21
Hombre;Entre 5 y menos de 7 salarios mínimos;7;Estrato 4;DESERTORES;;;;;;;;;;;;;;;;;;;;;;0;0;2;6;10;14;19;13;11;15;22;17;24;23;27;19;19;13;15;12;15;12;5;10;4;12;9;4;7;2;6;3;2
Hombre;Entre 5 y menos de 7 salarios mínimos;7;Estrato 5;DESERTORES;;;;;;;;;;;;;;;;;;;;;;0;0;2;3;3;4;5;4;3;6;8;2;9;2;6;4;4;0;4;3;6;1;6;3;0;1;1;3;0;2;0;1;0
Hombre;Entre 5 y menos de 7 salarios mínimos;7;Estrato 6;DESERTORES;;;;;;;;;;;;;;;;;;;;;;0;0;0;1;2;4;1;2;2;2;2;1;0;4;4;1;1;1;1;0;0;3;0;2;1;1;1;;;;;;0
Hombre;Entre 5 y menos de 7 salarios mínimos;8;Sin informaci¿n;DESERTORES;0;0;22;24;39;32;47;49;58;44;26;43;43;35;25;31;31;15;24;45;22;24;24;19;21;14;26;22;17;21;15;7;19;17;15;10;21;26;18;30;14;7;6;14;4;17;6;10;3;4;7;9;3;10
Hombre;Entre 5 y menos de 7 salarios mínimos;8;Estrato 1;DESERTORES;;;;;;;;;;;;;;;;;;;;;;;0;0;3;6;4;5;4;5;1;5;10;9;5;8;11;9;3;11;4;7;1;4;3;3;3;3;3;2;0;7;2;3
Hombre;Entre 5 y menos de 7 salarios mínimos;8;Estrato 2;DESERTORES;;;;;;;;;;;;;;;;;;;;0;0;0;1;0;7;8;16;10;16;11;25;19;26;31;32;22;28;27;25;22;13;18;14;17;12;12;6;16;6;14;3;8;6;8
Hombre;Entre 5 y menos de 7 salarios mínimos;8;Estrato 3;DESERTORES;;;;;;;;;;;;;;;;;;;;;;0;0;1;8;14;28;22;25;19;31;25;37;41;45;32;34;39;38;31;29;21;20;24;20;14;11;11;8;11;7;11;8;9
Hombre;Entre 5 y menos de 7 salarios mínimos;8;Estrato 4;DESERTORES;;;;;;;;;;;;;;;;;;;;;;0;0;0;0;5;10;4;2;5;6;5;5;8;3;5;9;6;5;2;7;4;2;3;2;4;2;2;2;0;0;2;0;0
Hombre;Entre 5 y menos de 7 salarios mínimos;8;Estrato 5;DESERTORES;;;;;;;;;;;;;;;;;;;;;;;0;0;1;1;1;2;3;1;1;2;2;1;3;2;3;0;1;0;3;4;2;0;0;1;2;3;1;0;1;1;0;0
Hombre;Entre 5 y menos de 7 salarios mínimos;8;Estrato 6;DESERTORES;;;;;;;;;;;;;;;;;;;;;;0;0;1;0;0;1;2;0;3;3;1;1;0;1;1;1;1;0;1;0;0;0;0;0;0;0;0;0;1;1;0;;0
Hombre;Entre 5 y menos de 7 salarios mínimos;9;Sin informaci¿n;DESERTORES;0;0;14;17;20;22;27;19;19;25;18;14;22;24;16;25;24;12;17;19;11;14;8;5;13;14;8;10;13;11;12;9;11;13;9;9;6;10;9;3;5;7;5;6;1;3;7;4;3;2;4;8;2;9
Hombre;Entre 5 y menos de 7 salarios mínimos;9;Estrato 1;DESERTORES;;;;;;;;;;;;;;;;;;;;;;0;0;0;3;1;2;2;1;2;4;1;5;2;2;6;3;3;3;7;4;2;3;3;1;7;5;0;4;5;2;2;2;2
Hombre;Entre 5 y menos de 7 salarios mínimos;9;Estrato 2;DESERTORES;;;;;;;;;;;;;;;;;;;;;;0;0;1;1;7;11;12;7;6;15;9;17;20;19;14;16;19;13;13;16;13;7;7;6;10;6;12;4;6;6;9;3;3
Hombre;Entre 5 y menos de 7 salarios mínimos;9;Estrato 3;DESERTORES;;;;;;;;;;;;;;;;;;;;;;0;0;1;7;3;12;15;10;14;12;15;20;11;12;20;14;11;11;15;11;16;8;11;12;9;6;4;8;6;4;7;2;3
Hombre;Entre 5 y menos de 7 salarios mínimos;9;Estrato 4;DESERTORES;;;;;;;;;;;;;;;;;;;;;;;0;0;2;0;1;1;1;4;1;2;4;2;8;3;5;1;4;2;3;3;2;1;0;1;1;0;0;2;2;1;1;0
Hombre;Entre 5 y menos de 7 salarios mínimos;9;Estrato 5;DESERTORES;;;;;;;;;;;;;;;;;;;;;;0;0;0;0;1;2;0;1;0;1;1;1;0;1;0;0;1;1;1;0;0;0;0;1;;;;;;;;;
Hombre;Entre 5 y menos de 7 salarios mínimos;9;Estrato 6;DESERTORES;;;;;;;;;;;;;;;;;;;;;;;;;;0;0;0;0;0;0;0;0;1;0;0;0;0;;0;;;;;;;;;;;;;;
Hombre;Entre 5 y menos de 7 salarios mínimos;10;Estrato 1;DESERTORES;;;;;;;;;;;;;;;;;;;;;;;0;0;0;3;1;5;0;0;4;0;4;2;3;3;2;2;1;1;3;2;1;1;2;4;2;0;0;0;1;1;0;0
Hombre;Entre 5 y menos de 7 salarios mínimos;10;Estrato 2;DESERTORES;;;;;;;;;;;;;;;;;;;;;;0;0;1;6;3;3;6;7;4;12;6;11;14;8;13;17;11;8;9;8;12;9;6;4;6;3;9;1;7;2;5;1;2
Hombre;Entre 5 y menos de 7 salarios mínimos;10;Estrato 3;DESERTORES;;;;;;;;;;;;;;;;;;;;;;0;0;1;6;6;11;6;6;8;14;14;10;12;9;8;11;15;11;7;8;4;3;5;5;5;3;6;3;4;4;4;7;6
Hombre;Entre 5 y menos de 7 salarios mínimos;10;Estrato 4;DESERTORES;;;;;;;;;;;;;;;;;;;;;;;0;0;2;0;3;0;1;1;3;1;5;3;4;4;2;0;3;1;3;1;0;3;1;0;0;1;0;1;;;;0
Hombre;Entre 5 y menos de 7 salarios mínimos;10;Estrato 5;DESERTORES;;;;;;;;;;;;;;;;;;;;;;;;;;;;0;0;1;1;0;0;0;0;0;0;0;0;;;;;;;0;0;0;0;0;0;0;0;0
Hombre;Entre 5 y menos de 7 salarios mínimos;10;Estrato 6;DESERTORES;;;;;;;;;;;;;;;;;;;;;;;;;0;0;0;0;1;0;0;0;0;0;0;0;0;;;;;;;;;;;;;;;;;
Hombre;Entre 5 y menos de 7 salarios mínimos;11;Sin informaci¿n;DESERTORES;;;;;;;;;;;;;;;;;;;;;;0;0;0;0;0;0;0;0;0;0;0;;;;;;;;;0;0;;;;;1;1;0;0;0;0;;
Hombre;Entre 5 y menos de 7 salarios mínimos;11;Estrato 1;DESERTORES;;;;;;;;;;;;;;;;;;;;;;;0;0;0;0;1;0;1;1;0;0;1;0;1;2;1;0;2;2;0;0;1;2;0;2;0;1;0;0;0;0;1;0
Hombre;Entre 5 y menos de 7 salarios mínimos;11;Estrato 2;DESERTORES;;;;;;;;;;;;;;;;;;;;;;0;0;0;3;1;2;2;3;2;1;3;5;6;7;3;5;7;3;7;2;3;1;7;4;3;2;4;2;1;2;4;1;2
Hombre;Entre 5 y menos de 7 salarios mínimos;11;Estrato 3;DESERTORES;;;;;;;;;;;;;;;;;;;;;;0;0;1;1;5;6;3;3;5;7;3;11;7;8;3;4;3;7;7;3;8;6;7;2;3;2;6;0;2;5;0;2;1
Hombre;Entre 5 y menos de 7 salarios mínimos;11;Estrato 4;DESERTORES;;;;;;;;;;;;;;;;;;;;;;;0;0;1;0;0;0;2;2;1;1;1;0;0;0;1;1;1;0;2;1;1;1;1;1;0;0;0;0;0;0;0;
Hombre;Entre 5 y menos de 7 salarios mínimos;11;Estrato 5;DESERTORES;;;;;;;;;;;;;;;;;;;;;;;;;0;0;0;0;0;0;0;0;0;0;0;0;0;0;;;0;2;0;0;;;;;;;;;;
Hombre;Entre 5 y menos de 7 salarios mínimos;11;Estrato 6;DESERTORES;;;;;;;;;;;;;;;;;;;;;;;;0;0;0;0;0;0;0;0;0;0;;0;;;;;;;;;;;;;;;;;;;
Hombre;Entre 5 y menos de 7 salarios mínimos;12;Estrato 1;DESERTORES;;;;;;;;;;;;;;;;;;;;;;;0;0;2;2;0;0;2;1;1;3;2;0;3;4;5;6;0;3;2;1;2;3;0;2;2;2;1;1;0;2;2;0
Hombre;Entre 5 y menos de 7 salarios mínimos;12;Estrato 2;DESERTORES;;;;;;;;;;;;;;;;;;;;;;0;0;0;3;4;1;4;8;9;11;8;7;14;15;7;14;18;9;14;8;15;6;11;5;6;4;6;4;4;1;5;4;5
Hombre;Entre 5 y menos de 7 salarios mínimos;12;Estrato 3;DESERTORES;;;;;;;;;;;;;;;;;;;;;;;0;0;3;3;6;6;6;4;10;11;15;15;9;15;16;8;6;11;10;5;5;10;8;5;6;6;2;2;3;5;3;12
Hombre;Entre 5 y menos de 7 salarios mínimos;12;Estrato 4;DESERTORES;;;;;;;;;;;;;;;;;;;;0;;;0;1;0;1;2;1;0;1;0;0;1;0;0;1;3;2;0;2;1;0;1;0;0;0;0;0;0;0;1;0;0;
Hombre;Entre 5 y menos de 7 salarios mínimos;12;Estrato 5;DESERTORES;;;;;;;;;;;;;;;;;;;;;0;0;0;0;1;1;0;0;0;0;0;0;1;1;0;0;0;0;2;0;0;0;0;0;1;0;0;;;0;;;;0
Hombre;Entre 5 y menos de 7 salarios mínimos;12;Estrato 6;DESERTORES;;;;;;;;;;;;;;;;;;;;;;;;;;;;;0;0;0;2;2;0;0;0;0;0;0;0;0;0;1;;;;;;;;;;;
Hombre;Entre 7 y menos de 9 salarios mínimos;Sin informaci¿n;Sin informaci¿n;DESERTORES;0;0;5;2;3;1;12;9;4;4;5;7;5;4;3;4;3;3;2;6;7;4;0;3;6;3;1;5;3;1;3;2;2;1;2;5;3;6;3;1;4;0;2;3;1;2;1;1;1;3;0;3;2;0
Hombre;Entre 7 y menos de 9 salarios mínimos;Sin informaci¿n;Estrato 1;DESERTORES;;;;;;;0;0;3;3;4;6;19;11;10;7;5;9;2;8;7;6;5;4;4;3;3;2;2;1;3;4;2;6;2;0;2;2;2;1;5;3;2;1;1;5;0;1;1;1;5;1;1;0
Hombre;Entre 7 y menos de 9 salarios mínimos;Sin informaci¿n;Estrato 2;DESERTORES;;;;0;0;0;2;6;18;36;59;51;67;73;74;75;37;52;51;68;51;42;44;36;30;31;30;18;23;23;20;23;21;16;15;21;12;19;14;15;8;10;9;14;5;17;5;10;6;8;4;4;2;5
Hombre;Entre 7 y menos de 9 salarios mínimos;Sin informaci¿n;Estrato 3;DESERTORES;0;0;1;0;0;2;2;38;172;199;270;294;400;352;317;291;272;261;243;317;268;230;199;182;166;157;114;149;117;149;101;73;90;62;84;72;51;73;66;52;45;42;31;30;30;39;18;20;17;39;21;30;12;26
Hombre;Entre 7 y menos de 9 salarios mínimos;Sin informaci¿n;Estrato 4;DESERTORES;;;;;;0;0;6;77;69;103;86;122;131;124;130;117;105;82;89;98;74;85;57;65;49;50;36;43;40;26;22;25;14;14;12;11;11;21;13;7;4;11;12;9;11;4;10;6;3;7;10;7;2
Hombre;Entre 7 y menos de 9 salarios mínimos;Sin informaci¿n;Estrato 5;DESERTORES;;;;;;0;0;1;4;2;9;12;15;18;9;14;9;10;10;4;4;5;2;6;11;2;4;6;1;3;5;1;2;4;4;0;0;3;1;1;1;0;2;2;0;0;1;2;0;0;0;;;
Hombre;Entre 7 y menos de 9 salarios mínimos;Sin informaci¿n;Estrato 6;DESERTORES;;;;;;0;0;2;1;2;4;5;14;14;6;3;4;6;6;8;4;4;3;2;5;1;6;5;1;1;1;;4;0;0;1;1;0;0;1;1;0;0;0;0;0;0;0;1;0;0;0;;
Hombre;Entre 7 y menos de 9 salarios mínimos;1;Sin informaci¿n;DESERTORES;;0;0;0;0;0;0;1;0;0;0;1;0;0;0;0;0;0;0;0;0;0;0;;;;;;;;;;;;;;;0;0;0;0;0;0;0;0;;0;;0;0;0;0;0;0
Hombre;Entre 7 y menos de 9 salarios mínimos;1;Estrato 1;DESERTORES;;;;;;;;;;;;;;;;;;;;;;;;0;0;1;;;0;1;0;0;0;0;0;0;0;1;;;;;;;;;;;;;;;;
Hombre;Entre 7 y menos de 9 salarios mínimos;1;Estrato 2;DESERTORES;;;;;;;;;;;;;;;;;;;;;;;;;;;0;0;0;0;0;0;0;0;0;0;;;;;;;;;;;;;;;;;;
Hombre;Entre 7 y menos de 9 salarios mínimos;1;Estrato 3;DESERTORES;;;;;;;;;;;;;;;;;;;;;;;0;0;0;0;0;1;2;0;1;0;1;0;3;0;1;0;0;0;1;1;0;1;0;1;0;0;0;0;1;0;0;0
Hombre;Entre 7 y menos de 9 salarios mínimos;1;Estrato 4;DESERTORES;;;;;;;;;;;;;;;;;;;;;;;;0;0;1;0;0;1;0;0;0;0;0;0;1;2;0;0;0;0;0;2;0;0;1;;;;;;;;
Hombre;Entre 7 y menos de 9 salarios mínimos;1;Estrato 5;DESERTORES;;;;;;;;;;;;;;;;;;;;;;0;0;;0;1;0;0;0;0;0;1;0;;;;;;;;;;;;;;;;;;;;;
Hombre;Entre 7 y menos de 9 salarios mínimos;1;Estrato 6;DESERTORES;;;;;;;;;;;;;;;;;;;;;;;;;;;;;;;;0;0;0;0;0;0;0;0;0;0;;;;;;;;;;;;;
Hombre;Entre 7 y menos de 9 salarios mínimos;2;Sin informaci¿n;DESERTORES;0;0;5;5;7;6;9;8;12;9;6;7;8;11;3;2;4;2;7;4;1;4;3;2;5;2;3;0;2;3;1;0;1;1;1;2;0;3;0;1;2;1;1;0;0;2;1;1;1;2;0;;;
Hombre;Entre 7 y menos de 9 salarios mínimos;2;Estrato 1;DESERTORES;;;;;;;;;;;;;;;;;;;;;;0;0;0;0;1;0;0;0;0;1;1;1;0;2;0;2;4;1;0;1;1;1;1;1;1;0;1;0;0;2;0;0;0
Hombre;Entre 7 y menos de 9 salarios mínimos;2;Estrato 2;DESERTORES;;;;;;;;;;;;;;;;;;;;;;0;0;1;1;1;4;4;1;5;3;4;9;13;5;5;2;7;3;4;6;4;1;3;2;6;1;1;3;1;0;2;2;0
Hombre;Entre 7 y menos de 9 salarios mínimos;2;Estrato 3;DESERTORES;;;;;;;;;;;;;;;;;;;;;;0;0;0;4;6;12;18;13;13;27;17;18;18;21;17;9;21;9;14;11;10;13;7;7;7;3;4;3;2;1;7;3;4
Hombre;Entre 7 y menos de 9 salarios mínimos;2;Estrato 4;DESERTORES;;;;;;;;;;;;;;;;;;;;;;0;0;3;9;7;14;18;16;7;12;26;19;25;14;15;15;14;10;18;9;16;8;8;3;5;5;6;3;8;5;1;4;1
Hombre;Entre 7 y menos de 9 salarios mínimos;2;Estrato 5;DESERTORES;;;;;;;;;;;;;;;;;;;;;;0;0;1;4;4;7;7;7;5;6;5;8;5;8;9;5;9;6;7;5;8;2;1;3;1;2;1;0;2;1;2;0;1
Hombre;Entre 7 y menos de 9 salarios mínimos;2;Estrato 6;DESERTORES;;;;;;;;;;;;;;;;;;;;;;0;0;1;0;7;2;6;8;3;5;7;4;4;8;2;3;4;4;3;4;2;0;3;2;2;0;0;;0;;;;1
Hombre;Entre 7 y menos de 9 salarios mínimos;3;Sin informaci¿n;DESERTORES;0;0;33;22;25;20;48;45;45;37;26;34;23;26;20;31;25;21;17;25;14;19;25;110;90;54;72;65;91;59;42;62;81;92;68;63;59;43;10;62;61;52;31;39;21;17;11;14;9;9;5;9;3;11
Hombre;Entre 7 y menos de 9 salarios mínimos;3;Estrato 1;DESERTORES;;;;;;;;;;;;;;;;;;;;;;0;0;0;1;0;3;0;3;4;1;4;3;1;6;1;4;2;1;3;1;3;0;1;1;4;0;2;0;1;0;0;0;3
Hombre;Entre 7 y menos de 9 salarios mínimos;3;Estrato 2;DESERTORES;;;;;;;;;;;;;;;;;;;0;0;0;0;0;0;7;8;10;13;13;15;24;14;25;31;29;23;20;18;20;14;21;20;13;14;12;16;10;10;11;5;6;12;5;4
Hombre;Entre 7 y menos de 9 salarios mínimos;3;Estrato 3;DESERTORES;;;;;;;0;0;0;0;0;0;0;0;0;0;;;;0;;0;1;3;45;46;63;61;62;53;92;58;86;104;94;60;86;68;59;66;58;58;42;43;26;36;25;24;10;24;26;22;13;10
Hombre;Entre 7 y menos de 9 salarios mínimos;3;Estrato 4;DESERTORES;;;;;;;;;;;;;;;;;;;;;0;0;0;6;40;48;49;73;46;41;61;74;82;89;80;67;76;52;49;55;40;47;36;28;23;28;23;17;12;13;12;13;6;5
Hombre;Entre 7 y menos de 9 salarios mínimos;3;Estrato 5;DESERTORES;;;;;;;;;;;;;;;;;;;;;;0;0;3;12;22;28;24;23;23;26;33;53;33;27;30;28;22;30;18;13;17;14;12;14;12;10;6;4;7;1;4;3;2
Hombre;Entre 7 y menos de 9 salarios mínimos;3;Estrato 6;DESERTORES;;;;;;;;;;;;;;;;;;;;;;0;0;4;8;5;17;19;14;9;14;13;20;15;19;21;11;6;13;10;13;9;1;5;4;3;2;2;5;2;1;1;0;0
Hombre;Entre 7 y menos de 9 salarios mínimos;4;Sin informaci¿n;DESERTORES;0;0;64;63;72;61;136;125;131;100;93;109;99;105;70;75;77;64;76;85;47;57;50;38;34;45;34;37;33;31;33;37;29;27;19;24;26;28;29;18;9;10;9;14;6;23;6;14;6;12;10;8;9;9
Hombre;Entre 7 y menos de 9 salarios mínimos;4;Estrato 1;DESERTORES;;;;;;;;;;;;;;;;;;;;;;0;0;2;4;1;2;5;1;7;6;6;4;12;10;10;6;8;3;5;6;2;3;7;2;1;3;3;4;2;1;1;4;1
Hombre;Entre 7 y menos de 9 salarios mínimos;4;Estrato 2;DESERTORES;;;;;;;;;;;;;;;;;;;;;;0;0;2;12;22;32;44;39;41;66;47;66;66;39;56;38;35;39;43;43;36;31;23;32;24;17;20;18;17;7;16;11;16
Hombre;Entre 7 y menos de 9 salarios mínimos;4;Estrato 3;DESERTORES;;;;;;;;;;;;;0;;;;;;0;1;1;0;0;13;68;112;133;163;126;128;175;210;217;237;227;187;174;155;134;161;126;129;87;92;83;101;61;45;59;45;47;46;27;41
Hombre;Entre 7 y menos de 9 salarios mínimos;4;Estrato 4;DESERTORES;;;;;;;;;;;;;;;;;;;0;0;0;0;0;14;68;65;115;133;113;99;141;113;160;168;143;156;112;115;136;101;88;84;85;70;52;65;40;36;42;28;22;37;23;21
Hombre;Entre 7 y menos de 9 salarios mínimos;4;Estrato 5;DESERTORES;;;;;;;;;;;;;;;;;;;;;;0;0;5;22;31;49;53;44;47;64;66;78;88;63;63;64;37;61;43;36;30;24;16;19;16;16;9;16;15;14;6;6;7
Hombre;Entre 7 y menos de 9 salarios mínimos;4;Estrato 6;DESERTORES;;;;;0;0;0;;0;;;;;;0;;1;0;0;0;0;0;0;4;9;8;18;23;22;22;26;24;24;25;23;18;17;12;8;8;8;11;7;4;4;3;4;0;1;1;2;4;0;1
Hombre;Entre 7 y menos de 9 salarios mínimos;5;Sin informaci¿n;DESERTORES;0;0;96;68;84;60;134;150;111;101;102;109;87;87;77;81;83;68;67;79;56;61;58;38;41;52;47;33;35;32;41;33;38;30;33;15;34;26;34;16;17;20;19;23;14;15;9;13;9;14;8;17;9;12
Hombre;Entre 7 y menos de 9 salarios mínimos;5;Estrato 1;DESERTORES;;;;;;;;;;;;;;;;;;;;;;0;0;1;1;2;2;4;6;0;4;1;5;5;7;5;4;4;3;5;5;5;5;1;0;4;1;0;4;3;0;3;3;2
Hombre;Entre 7 y menos de 9 salarios mínimos;5;Estrato 2;DESERTORES;;;;;;;;;;;;;;;;;;;;;0;0;0;0;20;21;40;26;25;36;47;34;39;52;38;36;31;33;44;37;34;30;27;43;17;28;21;18;16;13;9;14;13;15
Hombre;Entre 7 y menos de 9 salarios mínimos;5;Estrato 3;DESERTORES;;;;;;0;;;;;;;;;;;;;;;;0;1;12;59;63;113;106;96;91;106;101;154;124;122;124;107;97;104;99;59;84;59;72;46;61;31;34;39;44;32;41;22;29
Hombre;Entre 7 y menos de 9 salarios mínimos;5;Estrato 4;DESERTORES;;;;;;;;;;;;;;;;;;;;;0;0;1;7;34;44;85;77;48;49;73;92;87;92;88;89;68;67;55;58;55;42;48;37;27;27;24;19;23;22;12;24;8;13
Hombre;Entre 7 y menos de 9 salarios mínimos;5;Estrato 5;DESERTORES;0;;;;;;;;;;;;;;;;;;;;;0;0;1;20;19;30;26;32;34;34;24;35;53;27;31;36;31;32;31;16;22;15;18;11;15;10;10;4;7;2;6;4;3
Hombre;Entre 7 y menos de 9 salarios mínimos;5;Estrato 6;DESERTORES;;;;;;;;;;;;;;;;;;;;;;0;0;1;10;7;14;18;10;13;17;17;13;21;20;16;17;17;13;5;6;3;9;3;6;4;4;6;4;1;3;3;2;1
Hombre;Entre 7 y menos de 9 salarios mínimos;6;Sin informaci¿n;DESERTORES;0;0;35;32;37;29;51;57;51;53;36;47;44;54;44;40;31;36;24;26;27;20;37;18;24;26;17;27;18;21;20;13;23;21;14;12;17;12;14;13;8;5;4;8;5;11;5;2;7;9;5;14;2;9
Hombre;Entre 7 y menos de 9 salarios mínimos;6;Estrato 1;DESERTORES;;;;;;;;;;;;;;;;;;;;;;;0;0;1;1;5;2;2;1;3;1;3;4;3;4;7;4;7;2;1;2;3;3;3;0;0;1;2;3;1;1;3;0
Hombre;Entre 7 y menos de 9 salarios mínimos;6;Estrato 2;DESERTORES;;;;;;;;;0;0;0;0;0;0;0;0;0;0;0;;0;0;1;2;15;3;18;9;13;9;13;13;27;21;25;27;17;23;24;13;14;11;16;12;10;20;8;6;7;6;6;10;2;5
Hombre;Entre 7 y menos de 9 salarios mínimos;6;Estrato 3;DESERTORES;;;;;;;;;;;;;;;;;;;;;;0;0;3;17;22;32;39;40;29;44;39;60;49;56;50;34;38;38;48;21;31;29;27;13;21;7;14;16;16;16;8;8;10
Hombre;Entre 7 y menos de 9 salarios mínimos;6;Estrato 4;DESERTORES;;;;;;;;;;;;;;;;;;;;;;0;0;1;10;15;22;24;26;17;27;24;30;30;28;35;31;30;25;18;17;12;12;11;6;13;9;6;4;3;3;3;4;1
Hombre;Entre 7 y menos de 9 salarios mínimos;6;Estrato 5;DESERTORES;;;;;;;;;;;;;;;;;;;;;;0;0;0;7;5;8;17;8;16;16;8;14;16;16;7;9;9;10;10;9;12;7;5;13;8;8;7;2;5;3;4;0;4
Hombre;Entre 7 y menos de 9 salarios mínimos;6;Estrato 6;DESERTORES;;;;;;;;;;;;;;;;;;;;;;0;0;0;3;6;6;5;7;5;4;9;11;9;7;6;3;5;7;6;4;6;0;3;1;1;1;2;3;0;2;2;0;0
Hombre;Entre 7 y menos de 9 salarios mínimos;7;Sin informaci¿n;DESERTORES;0;0;24;19;13;17;25;19;24;23;25;22;26;23;20;24;19;12;19;18;13;6;12;13;16;13;10;10;10;3;5;6;9;8;6;13;6;7;10;5;7;5;1;6;6;4;3;5;2;3;5;7;0;1
Hombre;Entre 7 y menos de 9 salarios mínimos;7;Estrato 1;DESERTORES;;;;;;;;;;;;;;;;;;;;;;;0;0;1;0;2;0;0;0;1;1;0;1;2;0;3;2;0;2;2;2;0;1;2;0;0;0;0;1;0;4;0;0
Hombre;Entre 7 y menos de 9 salarios mínimos;7;Estrato 2;DESERTORES;;;;;;;;;;;;;;;;;;;;;;0;0;0;1;1;8;3;5;7;4;10;5;8;12;8;6;13;5;7;8;11;6;5;5;8;3;6;1;5;1;3;6;6
Hombre;Entre 7 y menos de 9 salarios mínimos;7;Estrato 3;DESERTORES;;;;;;;;;;;;;;;;;;;;;;0;0;0;6;9;15;8;8;9;14;14;21;17;19;23;15;12;23;13;12;11;4;9;6;9;7;8;5;11;3;3;5;4
Hombre;Entre 7 y menos de 9 salarios mínimos;7;Estrato 4;DESERTORES;;;;;;;;;;;;;;;;;;;;;;0;0;0;3;4;7;5;10;7;9;9;4;10;5;11;10;11;3;8;7;4;5;3;4;4;0;4;2;0;4;3;3;3
Hombre;Entre 7 y menos de 9 salarios mínimos;7;Estrato 5;DESERTORES;;;;;;;;;;;;;;;;;;;;;;0;0;1;4;3;3;4;7;3;4;6;4;6;2;3;3;2;2;2;1;2;1;0;1;1;3;0;0;0;0;1;0;0
Hombre;Entre 7 y menos de 9 salarios mínimos;7;Estrato 6;DESERTORES;;;;;;;;;;;;;;;;;;;;;;;0;0;0;2;1;1;3;2;3;2;2;2;4;4;2;1;4;1;1;1;1;2;1;1;1;0;1;0;0;1;1;0
Hombre;Entre 7 y menos de 9 salarios mínimos;8;Sin informaci¿n;DESERTORES;0;0;5;14;7;2;5;4;12;11;9;10;12;8;6;5;9;3;5;6;6;6;8;4;3;6;1;3;3;5;6;5;4;5;1;0;5;5;6;2;2;5;0;4;2;2;0;2;0;1;1;2;3;0
Hombre;Entre 7 y menos de 9 salarios mínimos;8;Estrato 1;DESERTORES;;;;;;;;;;;;;;;;;;;;;;;0;0;0;0;0;0;0;1;0;0;1;3;1;1;0;1;0;1;1;2;0;0;1;1;0;0;1;0;0;0;0;1
Hombre;Entre 7 y menos de 9 salarios mínimos;8;Estrato 2;DESERTORES;;;;;;;;;;;;;;;;;;;;;;;0;0;1;2;1;1;5;1;1;2;3;3;2;4;10;1;5;4;3;5;0;5;2;1;1;1;2;3;1;0;3;1
Hombre;Entre 7 y menos de 9 salarios mínimos;8;Estrato 3;DESERTORES;;;;;;;;;;;;;;;;;;;;;;;0;0;4;3;9;2;7;3;6;8;11;7;8;7;11;11;6;6;5;9;9;5;5;4;1;4;1;5;1;1;2;2
Hombre;Entre 7 y menos de 9 salarios mínimos;8;Estrato 4;DESERTORES;;;;;;;;;;;;;;;;;;;;;;0;0;1;3;1;5;3;2;0;4;3;1;0;1;1;3;4;0;0;1;0;3;2;1;4;2;1;0;0;1;1;0;0
Hombre;Entre 7 y menos de 9 salarios mínimos;8;Estrato 5;DESERTORES;;;;;;;;;;;;;;;;;;;;;;;0;0;0;0;1;3;4;3;2;1;4;2;3;1;1;3;0;0;0;0;0;0;1;2;0;0;0;0;0;1;0;
Hombre;Entre 7 y menos de 9 salarios mínimos;8;Estrato 6;DESERTORES;;;;;;;;;;;;;;;;;;;;;;0;0;0;0;0;0;3;1;0;1;2;0;1;1;1;3;1;0;0;0;0;4;1;1;1;0;0;1;0;0;1;0;
Hombre;Entre 7 y menos de 9 salarios mínimos;9;Sin informaci¿n;DESERTORES;0;0;2;7;1;3;7;4;8;6;3;3;4;3;3;5;5;3;4;3;4;1;3;6;1;2;2;0;1;1;3;1;3;1;3;0;1;3;2;1;1;1;0;3;0;1;0;3;3;0;2;1;1;1
Hombre;Entre 7 y menos de 9 salarios mínimos;9;Estrato 1;DESERTORES;;;;;;;;;;;;;;;;;;;;;;;;;0;0;1;;1;1;0;0;0;1;0;0;1;0;0;1;1;0;;;1;;0;0;;;;;;
Hombre;Entre 7 y menos de 9 salarios mínimos;9;Estrato 2;DESERTORES;;;;;;;;;;;;;;;;;;;;;;;0;0;0;0;1;1;3;2;4;3;2;5;2;1;2;3;1;1;0;4;1;2;4;2;1;3;;0;2;1;0;0
Hombre;Entre 7 y menos de 9 salarios mínimos;9;Estrato 3;DESERTORES;;;;;;;;;;;;;;;;;;;;;;0;0;0;2;5;4;3;5;5;2;5;4;8;3;3;3;2;4;5;6;2;3;3;2;1;7;4;1;0;0;3;1;3
Hombre;Entre 7 y menos de 9 salarios mínimos;9;Estrato 4;DESERTORES;;;;;;;;;;;;;;;;;;;;;;;0;0;2;2;0;1;0;1;1;2;2;1;3;0;2;1;4;0;0;0;1;0;1;1;0;0;0;0;0;1;1;0
Hombre;Entre 7 y menos de 9 salarios mínimos;9;Estrato 5;DESERTORES;;;;;;;;;;;;;;;;;;;;;;0;0;0;0;0;0;1;1;1;1;0;2;1;0;0;2;0;1;0;1;1;1;1;2;0;0;0;0;1;0;0;0;0
Hombre;Entre 7 y menos de 9 salarios mínimos;9;Estrato 6;DESERTORES;;;;;;;;;;;;;;;;;;;;;;;;;0;;0;0;0;0;0;0;0;0;0;;;0;;;;;;;;;;;;;;;;
Hombre;Entre 7 y menos de 9 salarios mínimos;10;Estrato 1;DESERTORES;;;;;;;;;;;;;;;;;;;;;;;0;0;0;0;1;1;0;0;2;0;1;1;0;1;1;1;0;0;0;0;2;0;1;0;0;0;0;0;0;0;;
Hombre;Entre 7 y menos de 9 salarios mínimos;10;Estrato 2;DESERTORES;;;;;;;;;;;;;;;;;;;;;;;0;0;0;0;1;1;0;1;0;3;1;4;1;3;3;3;3;1;3;2;2;3;3;1;2;1;1;1;1;3;2;0
Hombre;Entre 7 y menos de 9 salarios mínimos;10;Estrato 3;DESERTORES;;;;;;;;;;;;;;;;;;;;;;;0;0;0;0;3;6;3;1;1;1;4;2;4;3;2;3;3;2;2;3;1;2;0;2;1;0;3;1;2;1;0;1
Hombre;Entre 7 y menos de 9 salarios mínimos;10;Estrato 4;DESERTORES;;;;;;;;;;;;;;;;;;;;;;;;;;0;0;0;2;0;1;1;1;1;0;0;0;0;0;1;0;2;0;2;0;0;0;2;0;0;0;1;0;
Hombre;Entre 7 y menos de 9 salarios mínimos;10;Estrato 5;DESERTORES;;;;;;;;;;;;;;;;;;;;;;;0;0;0;0;1;0;1;1;0;0;0;0;2;0;0;2;1;2;0;0;0;0;;;;;;;;;;
Hombre;Entre 7 y menos de 9 salarios mínimos;11;Estrato 1;DESERTORES;;;;;;;;;;;;;;;;;;;;;;;;;;;;;;;0;0;0;0;0;0;0;0;0;0;0;;;;;;;;;;;;;
Hombre;Entre 7 y menos de 9 salarios mínimos;11;Estrato 2;DESERTORES;;;;;;;;;;;;;;;;;;;;;;;;;0;0;0;0;0;2;0;0;0;0;1;0;0;0;0;0;0;1;0;;;0;1;0;;;;;;
Hombre;Entre 7 y menos de 9 salarios mínimos;11;Estrato 3;DESERTORES;;;;;;;;;;;;;;;;;;;;;;;0;0;1;2;2;2;2;1;1;1;1;3;1;1;3;0;0;2;0;1;1;1;0;0;2;1;0;0;1;0;1;1
Hombre;Entre 7 y menos de 9 salarios mínimos;11;Estrato 4;DESERTORES;;;;;;;;;;;;;;;;;;;;;;;;0;0;0;0;;1;1;0;0;1;0;0;1;0;0;0;1;0;0;0;0;0;0;;;;;;;;
Hombre;Entre 7 y menos de 9 salarios mínimos;11;Estrato 5;DESERTORES;;;;;;;;;;;;;;;;;;;;;;;;;;0;;0;;;;;;;;;;;;;;;;;;;;;;;;;;
Hombre;Entre 7 y menos de 9 salarios mínimos;11;Estrato 6;DESERTORES;;;;;;;;;;;;;;;;;;;;;;;;;;;;;;0;0;0;0;0;0;0;0;1;0;0;0;0;0;0;;;;;;;;;;
Hombre;Entre 7 y menos de 9 salarios mínimos;12;Estrato 1;DESERTORES;;;;;;;;;;;;;;;;;;;;;;;;0;0;;;;0;1;0;0;1;1;1;0;1;1;0;0;0;1;0;0;1;0;2;1;0;1;0;1;1;1
Hombre;Entre 7 y menos de 9 salarios mínimos;12;Estrato 2;DESERTORES;;;;;;;;;;;;;;;;;;;;;;;0;0;2;0;2;1;0;5;5;2;3;2;7;2;3;4;0;3;4;1;0;3;3;1;0;3;1;0;2;0;2;2
Hombre;Entre 7 y menos de 9 salarios mínimos;12;Estrato 3;DESERTORES;;;;;;;;;;;;;;;;;;;;;;;0;0;2;0;3;3;1;0;5;2;5;8;2;3;3;3;2;5;0;4;1;5;2;1;2;1;1;1;0;0;0;1
Hombre;Entre 7 y menos de 9 salarios mínimos;12;Estrato 4;DESERTORES;;;;;;;;;;;;;;;;;;;;;;;;;0;0;1;0;0;1;0;0;1;0;0;0;1;1;0;1;0;0;1;;;0;;;;;1;0;0;
Hombre;Entre 7 y menos de 9 salarios mínimos;12;Estrato 5;DESERTORES;;;;;;;;;;;;;;;;;;;;;;;0;0;0;0;0;0;;0;1;0;;;;;;;;;;;;;;;;;;;;;;
Hombre;Entre 7 y menos de 9 salarios mínimos;12;Estrato 6;DESERTORES;;;;;;;;;;;;;;;;;;;;;;;;;;;;0;;;;;;;;;;;;;;;;;;;;;;;;;;
Hombre;Entre 9 y menos de 11 salarios mínimos;Sin informaci¿n;Sin informaci¿n;DESERTORES;0;0;2;3;2;1;3;0;6;5;1;2;4;3;5;2;7;1;3;4;2;1;0;2;2;1;1;1;2;2;0;4;1;2;2;0;2;2;;;1;1;0;1;0;0;2;2;0;1;0;1;1;0
Hombre;Entre 9 y menos de 11 salarios mínimos;Sin informaci¿n;Estrato 1;DESERTORES;;;;;0;0;0;0;3;0;4;5;3;2;4;0;4;3;4;3;0;4;4;2;2;3;1;1;3;1;1;2;2;4;1;2;0;2;1;1;2;2;1;0;1;0;0;0;1;2;0;1;1;0
Hombre;Entre 9 y menos de 11 salarios mínimos;Sin informaci¿n;Estrato 2;DESERTORES;0;;;;0;1;0;0;9;12;22;19;36;31;31;27;27;18;21;23;21;15;19;22;14;19;14;7;14;12;12;9;4;12;6;7;9;6;2;7;8;2;3;4;1;5;7;0;3;5;2;7;1;5
Hombre;Entre 9 y menos de 11 salarios mínimos;Sin informaci¿n;Estrato 3;DESERTORES;0;0;0;0;1;0;0;21;63;77;93;111;169;152;156;135;121;105;106;159;101;91;85;88;71;62;59;64;47;56;50;32;39;27;33;29;36;21;21;13;24;15;14;17;10;13;9;8;11;11;10;8;6;6
Hombre;Entre 9 y menos de 11 salarios mínimos;Sin informaci¿n;Estrato 4;DESERTORES;;;;;;0;0;5;95;78;97;83;134;135;143;138;104;108;95;108;79;79;80;60;61;47;37;53;32;33;16;23;22;22;14;16;16;12;16;14;5;9;7;7;5;8;6;3;4;5;3;7;3;4
Hombre;Entre 9 y menos de 11 salarios mínimos;Sin informaci¿n;Estrato 5;DESERTORES;;;;;;0;0;11;15;17;29;18;20;17;17;28;26;19;15;12;25;21;15;15;6;10;8;7;9;10;5;4;1;3;5;5;4;2;4;1;1;4;1;2;2;0;0;0;0;1;0;2;0;2
Hombre;Entre 9 y menos de 11 salarios mínimos;Sin informaci¿n;Estrato 6;DESERTORES;;;;;;0;0;0;2;1;1;5;7;3;7;15;11;16;11;10;10;11;10;6;9;3;7;2;4;6;6;3;3;3;5;1;3;1;1;0;1;0;1;1;0;0;0;0;1;2;0;0;0;0
Hombre;Entre 9 y menos de 11 salarios mínimos;1;Sin informaci¿n;DESERTORES;;;;0;0;0;0;1;0;1;0;0;0;0;0;0;0;0;;1;0;;0;0;0;0;1;0;0;0;0;0;0;0;;;;;;;;;;;;;;;;;;;;
Hombre;Entre 9 y menos de 11 salarios mínimos;1;Estrato 1;DESERTORES;;;;;;;;;;;;;;;;;;;;;;;;;;;;;;;0;0;0;0;0;0;0;0;0;0;0;0;;;;;;;;;;;;
Hombre;Entre 9 y menos de 11 salarios mínimos;1;Estrato 2;DESERTORES;;;;;;;;;;;;;;;;;;;;;;;;;0;;;;0;1;0;0;0;1;0;0;;1;1;0;;;0;;;;;1;;;;;;
Hombre;Entre 9 y menos de 11 salarios mínimos;1;Estrato 3;DESERTORES;;;;;;;;;;;;;;;;;;;;;;;0;0;0;0;0;0;1;0;0;1;0;0;0;;0;0;;0;0;0;0;0;0;;;;;;;;;
Hombre;Entre 9 y menos de 11 salarios mínimos;1;Estrato 4;DESERTORES;;;;;;;;;;;;;;;;;;;;;;;;;;;;;;0;0;0;0;0;0;0;0;0;0;0;0;0;0;0;0;0;;;;;;;;
Hombre;Entre 9 y menos de 11 salarios mínimos;1;Estrato 5;DESERTORES;;;;;;;;;;;;;;;;;;;;;;;;;;;;;0;0;0;0;0;0;1;0;0;0;0;0;0;0;0;0;;;;;;;;;;
Hombre;Entre 9 y menos de 11 salarios mínimos;1;Estrato 6;DESERTORES;;;;;;;;;;;;;;;;;;;;;;;;;0;;0;0;0;0;0;1;0;0;1;0;0;0;;;;;;;;;;;;;;;;
Hombre;Entre 9 y menos de 11 salarios mínimos;2;Sin informaci¿n;DESERTORES;0;0;3;3;6;1;7;9;7;4;6;3;4;6;3;1;7;2;3;5;1;0;5;3;0;2;1;3;0;2;0;1;2;0;3;3;1;0;0;0;1;0;0;1;0;1;1;1;1;1;0;0;0;0
Hombre;Entre 9 y menos de 11 salarios mínimos;2;Estrato 1;DESERTORES;;;;;;;;;;;;;;;;;;;;;;;;;;;;;;0;;0;1;0;0;0;0;0;0;0;0;0;0;;0;0;;;;;;;;
Hombre;Entre 9 y menos de 11 salarios mínimos;2;Estrato 2;DESERTORES;;;;;;;;;;;;;;;;;;;;;;;0;0;0;1;1;2;0;0;3;3;1;0;2;1;4;2;1;0;0;0;1;1;0;0;0;1;0;2;0;2;0;0
Hombre;Entre 9 y menos de 11 salarios mínimos;2;Estrato 3;DESERTORES;;;;;;;;;;;;;;;;;;;;;;0;0;0;4;4;4;4;7;6;7;5;6;14;11;8;4;12;6;6;2;1;1;4;4;3;4;3;2;2;0;2;0;1
Hombre;Entre 9 y menos de 11 salarios mínimos;2;Estrato 4;DESERTORES;;;;;;;;;;;;;;;;;;;;;;0;0;1;5;6;13;4;4;10;3;9;21;10;8;12;10;8;11;9;3;9;5;5;5;3;4;4;2;5;1;0;0;1
Hombre;Entre 9 y menos de 11 salarios mínimos;2;Estrato 5;DESERTORES;;;;;;;;;;;;;;;;;;;;;;0;0;1;1;3;6;4;3;8;5;7;15;10;10;15;4;4;6;6;3;6;3;1;4;1;0;2;1;1;1;0;0;0
Hombre;Entre 9 y menos de 11 salarios mínimos;2;Estrato 6;DESERTORES;;;;;;;;;;;;;;;;;;;;;;0;0;1;4;2;1;4;4;4;2;3;9;7;3;1;3;1;5;0;4;1;3;0;0;0;1;3;0;0;1;0;0;2
Hombre;Entre 9 y menos de 11 salarios mínimos;3;Sin informaci¿n;DESERTORES;0;0;15;13;19;10;33;27;22;20;26;17;22;17;9;14;13;19;23;19;12;9;11;7;3;4;5;4;3;5;8;5;0;5;3;2;5;2;2;3;2;2;2;4;4;4;2;1;3;1;2;3;1;0
Hombre;Entre 9 y menos de 11 salarios mínimos;3;Estrato 1;DESERTORES;;;;;;;;;;;;;;;;;;;;;;;;;0;0;1;1;0;0;0;2;0;3;2;2;0;3;2;0;0;1;0;0;0;0;0;0;0;0;0;0;0;0
Hombre;Entre 9 y menos de 11 salarios mínimos;3;Estrato 2;DESERTORES;;;;;;;;;;;;;;;;;;;;;0;0;1;0;3;2;3;5;4;4;2;5;6;5;4;6;5;6;3;4;2;3;1;5;2;2;1;1;5;3;4;0;2;4
Hombre;Entre 9 y menos de 11 salarios mínimos;3;Estrato 3;DESERTORES;;;0;0;0;1;0;0;0;0;0;0;0;;;;;;;;;0;0;1;10;11;17;31;16;14;33;33;35;37;38;21;30;20;31;19;23;12;19;17;12;6;8;12;8;6;10;4;8;11
Hombre;Entre 9 y menos de 11 salarios mínimos;3;Estrato 4;DESERTORES;;;;;;;;;;;;;;;;;;;;;;0;0;3;19;15;37;32;18;18;34;41;52;56;34;41;24;25;32;21;23;24;20;17;15;17;6;8;11;6;3;6;7;3
Hombre;Entre 9 y menos de 11 salarios mínimos;3;Estrato 5;DESERTORES;;;;;;;;;;;;;;;;;;;;;;0;0;6;13;14;26;24;20;21;34;18;35;35;26;29;29;15;23;11;12;14;12;15;8;10;9;5;3;5;3;1;0;1
Hombre;Entre 9 y menos de 11 salarios mínimos;3;Estrato 6;DESERTORES;;;;;;;;;;;;;;;;;;;;;;0;0;2;5;6;13;12;11;11;13;10;17;9;12;10;9;11;13;9;9;4;7;4;8;4;2;5;1;4;3;1;0;0
Hombre;Entre 9 y menos de 11 salarios mínimos;4;Sin informaci¿n;DESERTORES;0;0;60;30;32;43;94;79;70;80;66;59;63;47;51;45;45;52;40;33;32;35;27;19;22;24;16;18;18;14;18;11;13;8;10;9;18;14;7;5;6;15;4;10;3;8;3;3;5;8;4;7;1;6
Hombre;Entre 9 y menos de 11 salarios mínimos;4;Estrato 1;DESERTORES;;;;;;;;;;;;;;;;;;;;;;;0;0;2;1;1;2;2;3;1;3;3;3;2;0;1;4;1;1;1;3;0;0;0;1;0;0;0;0;0;1;1;1
Hombre;Entre 9 y menos de 11 salarios mínimos;4;Estrato 2;DESERTORES;;;;;;;;;;;;;;;;;;;;;;0;0;0;6;9;8;11;11;5;17;15;13;35;17;14;6;13;8;15;7;5;9;7;4;6;1;5;2;6;4;4;1;3
Hombre;Entre 9 y menos de 11 salarios mínimos;4;Estrato 3;DESERTORES;;;;;;;;;;;;;;;;;;;;;0;0;1;2;28;47;66;48;48;48;69;52;94;71;71;66;68;50;68;50;53;46;39;31;36;25;22;24;11;22;20;15;16;12
Hombre;Entre 9 y menos de 11 salarios mínimos;4;Estrato 4;DESERTORES;;;;;;;;;;;;;;;;;;;;;0;0;0;10;31;42;76;69;74;53;104;73;120;117;96;78;76;63;86;67;62;48;46;37;34;24;17;17;17;12;13;13;9;11
Hombre;Entre 9 y menos de 11 salarios mínimos;4;Estrato 5;DESERTORES;;;;;;;;;;;;;;;;;;;;;;0;0;9;26;28;48;51;43;43;50;46;63;81;44;39;32;39;39;29;36;35;22;23;15;15;10;8;8;6;4;7;2;9
Hombre;Entre 9 y menos de 11 salarios mínimos;4;Estrato 6;DESERTORES;;;;;;;;;;;;;;;;;;;;;0;0;0;3;14;22;16;23;22;27;32;25;37;23;26;15;12;15;13;15;15;5;13;3;6;7;4;3;0;4;1;4;2;1
Hombre;Entre 9 y menos de 11 salarios mínimos;5;Sin informaci¿n;DESERTORES;0;0;60;37;54;35;95;104;79;63;55;59;72;48;46;55;59;47;43;43;21;37;26;32;27;26;20;28;19;17;20;12;16;17;13;13;12;18;16;11;5;13;1;12;4;13;10;5;4;10;2;12;4;8
Hombre;Entre 9 y menos de 11 salarios mínimos;5;Estrato 1;DESERTORES;;;;;;;;;;;;;;;;;;;;;;;0;0;0;0;2;1;1;0;2;0;2;3;2;0;3;1;0;1;0;2;1;0;1;1;2;0;1;2;1;1;0;1
Hombre;Entre 9 y menos de 11 salarios mínimos;5;Estrato 2;DESERTORES;;;;;;;;;;;;;;;;;;;;;;;0;0;2;4;5;7;10;7;8;7;6;10;12;10;13;6;8;11;7;8;6;9;7;4;5;6;1;7;1;3;1;1
Hombre;Entre 9 y menos de 11 salarios mínimos;5;Estrato 3;DESERTORES;;;;;;;;;;;;;;;;;;;;;;0;0;4;20;25;31;37;28;27;35;42;52;56;45;35;40;30;31;32;30;26;32;23;19;26;13;17;11;12;9;9;11;6
Hombre;Entre 9 y menos de 11 salarios mínimos;5;Estrato 4;DESERTORES;;;;;;;;;;;;;;;;;;;;;;0;0;3;27;26;41;43;30;34;53;39;66;64;47;52;48;39;35;37;23;24;32;17;14;17;14;10;6;16;9;6;5;3
Hombre;Entre 9 y menos de 11 salarios mínimos;5;Estrato 5;DESERTORES;;;;;;;;;;;;;;;;;;;;;0;0;1;9;12;23;36;33;34;21;32;36;34;46;35;33;34;32;25;16;16;25;21;15;5;7;15;7;4;4;1;3;4;3
Hombre;Entre 9 y menos de 11 salarios mínimos;5;Estrato 6;DESERTORES;;;;;;;;;;;;;;;;;;;;;;0;0;1;10;20;12;16;12;15;17;18;23;20;19;11;13;13;18;10;10;13;7;3;7;2;6;5;1;3;4;2;2;3
Hombre;Entre 9 y menos de 11 salarios mínimos;6;Sin informaci¿n;DESERTORES;0;0;23;23;20;17;34;32;38;23;27;33;33;19;24;21;21;20;21;26;15;18;11;16;13;14;4;8;14;4;8;12;5;2;5;3;7;5;6;6;4;2;2;5;2;5;4;7;2;2;4;2;2;0
Hombre;Entre 9 y menos de 11 salarios mínimos;6;Estrato 1;DESERTORES;;;;;;;;;;;;;;;;;;;;;;;;;0;0;1;0;1;0;0;2;1;1;2;0;3;2;2;1;0;1;2;0;;1;;;;;;1;1;0
Hombre;Entre 9 y menos de 11 salarios mínimos;6;Estrato 2;DESERTORES;;;;;;;;;;;;;;;;;;;;;;0;0;0;2;2;5;5;2;4;4;2;8;5;5;5;8;2;6;4;4;2;2;4;0;2;2;2;1;4;0;0;4;1
Hombre;Entre 9 y menos de 11 salarios mínimos;6;Estrato 3;DESERTORES;;;;;;;;;;;;;;;;;;;;;;0;0;0;12;10;9;15;10;8;19;17;19;24;16;16;13;16;16;9;12;17;8;9;7;5;4;5;4;3;6;5;1;2
Hombre;Entre 9 y menos de 11 salarios mínimos;6;Estrato 4;DESERTORES;;;;;;;;;;;;;;;;;;;;;;0;0;1;8;8;13;18;12;14;12;12;17;18;12;10;11;16;12;13;7;9;9;2;5;6;4;4;6;4;4;4;2;3
Hombre;Entre 9 y menos de 11 salarios mínimos;6;Estrato 5;DESERTORES;;;;;;;;;;;;;;;;;;;;;;0;0;0;5;4;8;11;9;3;9;10;6;14;10;7;7;7;4;7;4;4;7;4;3;3;5;2;1;4;3;1;0;1
Hombre;Entre 9 y menos de 11 salarios mínimos;6;Estrato 6;DESERTORES;;;;;;;;;;;;;;;;;;;;;;0;0;2;6;1;7;7;6;4;6;9;10;11;9;6;6;7;8;2;1;2;3;3;1;1;1;2;0;1;;0;0;0
Hombre;Entre 9 y menos de 11 salarios mínimos;7;Sin informaci¿n;DESERTORES;0;0;11;4;11;7;9;20;9;16;14;12;8;5;8;11;3;10;4;7;3;6;5;7;10;1;4;6;3;5;2;1;6;3;2;3;2;5;8;3;2;2;1;2;3;0;1;2;0;1;1;1;4;7
Hombre;Entre 9 y menos de 11 salarios mínimos;7;Estrato 1;DESERTORES;;;;;;;;;;;;;;;;;;;;;;;0;0;0;0;0;0;0;0;0;0;1;0;0;2;0;0;0;2;0;2;1;1;0;0;0;0;0;0;;0;;
Hombre;Entre 9 y menos de 11 salarios mínimos;7;Estrato 2;DESERTORES;;;;;;;;;;;;;;;;;;;;;;;0;0;0;0;4;1;3;2;3;2;5;6;1;1;1;2;3;3;3;3;2;2;0;1;1;1;1;0;0;0;1;1
Hombre;Entre 9 y menos de 11 salarios mínimos;7;Estrato 3;DESERTORES;;;;;;;;;;;;;;;;;;;;;;;0;0;2;4;7;4;2;3;5;6;5;2;5;7;7;4;9;5;1;4;3;1;1;1;2;2;3;1;1;2;1;1
Hombre;Entre 9 y menos de 11 salarios mínimos;7;Estrato 4;DESERTORES;;;;;;;;;;;;;;;;;;;;;;0;0;0;3;3;2;7;2;0;6;5;3;6;10;6;3;3;0;4;1;4;2;4;2;1;1;4;3;0;3;0;1;1
Hombre;Entre 9 y menos de 11 salarios mínimos;7;Estrato 5;DESERTORES;;;;;;;;;;;;;;;;;;;;;;0;0;1;0;3;1;0;1;0;4;1;5;1;4;2;2;1;2;1;2;1;0;2;1;3;0;1;0;1;1;0;0;1
Hombre;Entre 9 y menos de 11 salarios mínimos;7;Estrato 6;DESERTORES;;;;;;;;;;;;;;;;;;;;;;0;0;0;0;0;2;2;2;2;3;2;3;2;1;3;2;1;3;0;2;0;1;1;1;0;0;;;;;;;1
Hombre;Entre 9 y menos de 11 salarios mínimos;8;Sin informaci¿n;DESERTORES;0;0;3;3;4;3;5;4;7;4;4;7;4;2;3;2;8;2;5;1;2;2;5;2;2;3;1;2;1;3;0;0;3;1;0;3;0;3;2;0;3;1;3;1;0;1;0;0;1;2;2;0;0;0
Hombre;Entre 9 y menos de 11 salarios mínimos;8;Estrato 1;DESERTORES;;;;;;;;;;;;;;;;;;;;;;0;0;;;;2;1;0;;;0;;0;0;0;1;0;0;0;0;0;0;0;0;0;0;;;0;;;;
Hombre;Entre 9 y menos de 11 salarios mínimos;8;Estrato 2;DESERTORES;;;;;;;;;;;;;;;;;;;;;;0;0;0;1;0;0;1;0;0;1;0;0;2;1;0;2;0;0;1;0;1;0;1;0;1;0;0;0;0;1;0;0;
Hombre;Entre 9 y menos de 11 salarios mínimos;8;Estrato 3;DESERTORES;;;;;;;;;;;;;;;;;;;;;;;0;0;3;0;1;0;0;3;2;3;6;3;3;1;3;1;1;2;0;3;0;0;1;0;0;0;0;0;0;1;0;
Hombre;Entre 9 y menos de 11 salarios mínimos;8;Estrato 4;DESERTORES;;;;;;;;;;;;;;;;;;;;;;;0;0;0;0;1;0;1;0;3;2;1;0;0;5;2;2;2;3;0;0;0;0;;;;;;1;;;;0
Hombre;Entre 9 y menos de 11 salarios mínimos;8;Estrato 5;DESERTORES;;;;;;;;;;;;;;;;;;;;;;;0;0;0;1;1;3;0;1;0;2;2;3;0;1;3;0;3;0;0;2;1;1;1;2;0;0;1;0;0;2;0;0
Hombre;Entre 9 y menos de 11 salarios mínimos;8;Estrato 6;DESERTORES;;;;;;;;;;;;;;;;;;;;;;;0;0;1;2;1;0;1;0;2;1;0;0;0;1;1;0;0;0;0;0;0;0;0;0;0;0;0;0;;;;
Hombre;Entre 9 y menos de 11 salarios mínimos;9;Sin informaci¿n;DESERTORES;0;0;3;1;0;0;4;4;3;0;4;1;5;6;3;1;3;3;2;7;2;0;0;0;1;1;2;5;2;1;2;0;0;2;3;0;0;1;1;0;1;1;0;2;;0;1;1;;;;0;;1
Hombre;Entre 9 y menos de 11 salarios mínimos;9;Estrato 1;DESERTORES;;;;;;;;;;;;;;;;;;;;;;;0;0;;;0;2;0;0;0;0;0;0;0;;;;;;;;;;;;;;;;;;;
Hombre;Entre 9 y menos de 11 salarios mínimos;9;Estrato 2;DESERTORES;;;;;;;;;;;;;;;;;;;;;;;;;0;;0;1;0;1;;0;0;0;0;0;0;0;;;0;0;0;0;0;0;0;0;0;0;0;0;0;
Hombre;Entre 9 y menos de 11 salarios mínimos;9;Estrato 3;DESERTORES;;;;;;;;;;;;;;;;;;;;;;;;0;0;1;0;1;1;0;2;1;1;0;1;2;4;0;0;0;1;0;1;0;0;0;0;2;1;0;0;0;0;1
Hombre;Entre 9 y menos de 11 salarios mínimos;9;Estrato 4;DESERTORES;;;;;;;;;;;;;;;;;;;;;;;;0;0;0;0;2;0;0;0;0;1;2;0;2;0;2;0;0;0;0;0;0;0;0;0;0;;;;;;
Hombre;Entre 9 y menos de 11 salarios mínimos;9;Estrato 5;DESERTORES;;;;;;;;;;;;;;;;;;;;;;;;0;0;0;0;0;0;0;0;1;2;0;1;0;1;0;1;0;0;0;0;0;0;0;0;1;0;0;1;1;;0
Hombre;Entre 9 y menos de 11 salarios mínimos;9;Estrato 6;DESERTORES;;;;;;;;;;;;;;;;;;;;;;0;0;0;0;1;0;;2;1;0;0;0;0;;0;;;;;;;;1;1;0;0;0;0;0;0;0;0;0
Hombre;Entre 9 y menos de 11 salarios mínimos;10;Estrato 1;DESERTORES;;;;;;;;;;;;;;;;;;;;;;;;;;0;;;0;;1;0;0;;1;1;0;1;0;0;0;1;0;0;0;0;0;;;;;0;;
Hombre;Entre 9 y menos de 11 salarios mínimos;10;Estrato 2;DESERTORES;;;;;;;;;;;;;;;;;;;;;;;;;;0;;;0;1;2;0;0;1;2;0;0;1;1;0;0;1;0;1;0;0;0;0;0;0;0;0;0;
Hombre;Entre 9 y menos de 11 salarios mínimos;10;Estrato 3;DESERTORES;;;;;;;;;;;;;;;;;;;;;;;0;0;0;0;2;2;0;0;0;0;0;1;0;0;0;0;0;0;2;1;0;0;0;0;0;2;0;0;0;0;0;0
Hombre;Entre 9 y menos de 11 salarios mínimos;10;Estrato 4;DESERTORES;;;;;;;;;;;;;;;;;;;;;;;;;0;0;0;0;1;1;0;1;2;0;0;0;0;0;0;0;;;;;0;1;;;;;;;;
Hombre;Entre 9 y menos de 11 salarios mínimos;10;Estrato 5;DESERTORES;;;;;;;;;;;;;;;;;;;;;;;;;;;;;;;0;0;0;;0;0;;;;0;2;0;0;0;;;;;;;;;;
Hombre;Entre 9 y menos de 11 salarios mínimos;10;Estrato 6;DESERTORES;;;;;;;;;;;;;;;;;;;;;;;;0;0;0;0;0;0;0;0;0;0;0;;;;;;;;;;;;;;;;;;;;
Hombre;Entre 9 y menos de 11 salarios mínimos;11;Estrato 2;DESERTORES;;;;;;;;;;;;;;;;;;;;;;;;;0;0;;;0;1;0;0;0;0;0;0;2;0;1;0;0;;;;;;;;;;;;;
Hombre;Entre 9 y menos de 11 salarios mínimos;11;Estrato 3;DESERTORES;;;;;;;;;;;;;;;;;;;;;;;0;0;0;0;0;0;1;0;1;1;1;1;0;0;0;0;0;1;0;0;0;0;0;;;;;0;0;0;;
Hombre;Entre 9 y menos de 11 salarios mínimos;11;Estrato 5;DESERTORES;;;;;;;;;;;;;;;;;;;;;;;;;0;0;0;0;0;;;;;;;;;;;;;;;;;;;;;;;;;
Hombre;Entre 9 y menos de 11 salarios mínimos;12;Estrato 1;DESERTORES;;;;;;;;;;;;;;;;;;;;;;;;;;;0;;;;;;;;;;;;;;;;;;;;;;;;;;;
Hombre;Entre 9 y menos de 11 salarios mínimos;12;Estrato 2;DESERTORES;;;;;;;;;;;;;;;;;;;;;;;0;0;0;0;0;0;0;0;0;0;2;0;1;1;0;1;1;1;0;0;1;1;0;1;0;1;0;0;0;1;0;
Hombre;Entre 9 y menos de 11 salarios mínimos;12;Estrato 3;DESERTORES;;;;;;;;;;;;;;;;;;;;;;;;0;0;0;0;0;2;1;0;1;0;0;0;1;0;1;0;1;1;1;2;0;1;2;0;1;0;0;0;1;0;1
Hombre;Entre 9 y menos de 11 salarios mínimos;12;Estrato 4;DESERTORES;;;;;;;;;;;;;;;;;;;;;;;0;0;0;1;0;0;0;1;0;0;0;2;0;1;0;0;;0;;;;;;;0;0;;;;;;
Hombre;Entre 9 y menos de 11 salarios mínimos;12;Estrato 5;DESERTORES;;;;;;;;;;;;;;;;;;;;;;;0;0;0;0;0;0;1;0;1;0;0;0;0;0;0;0;0;0;0;;;;;;;;;;;0;;
Hombre;Entre 9 y menos de 11 salarios mínimos;12;Estrato 6;DESERTORES;;;;;;;;;;;;;;;;;;;;;;;;0;0;2;;;0;1;0;0;0;1;0;0;0;0;0;0;;;;;;;;;;;;;;
Hombre;Entre 11 y menos de 13 salarios mínimos;Sin informaci¿n;Sin informaci¿n;DESERTORES;0;0;3;1;4;1;0;1;1;3;1;1;1;0;2;3;3;1;2;1;0;1;2;2;0;0;1;1;0;1;0;0;1;0;0;0;1;0;2;2;0;;1;;;;;0;;;;;;
Hombre;Entre 11 y menos de 13 salarios mínimos;Sin informaci¿n;Estrato 1;DESERTORES;;;;;;;0;;0;1;0;0;2;2;3;4;2;0;0;3;1;1;1;0;4;1;2;0;5;1;0;3;1;0;2;0;1;2;0;1;0;;1;;2;1;0;0;0;0;0;0;0;0
Hombre;Entre 11 y menos de 13 salarios mínimos;Sin informaci¿n;Estrato 2;DESERTORES;;;;;;0;0;1;2;6;6;8;14;8;7;13;6;4;2;5;6;5;2;2;6;9;2;4;2;5;1;4;5;2;1;3;2;1;1;2;1;0;1;1;1;3;1;1;0;0;1;2;0;1
Hombre;Entre 11 y menos de 13 salarios mínimos;Sin informaci¿n;Estrato 3;DESERTORES;;;;;;0;0;0;14;9;32;30;53;39;43;40;41;28;33;26;26;25;29;25;16;23;12;16;12;12;4;6;10;8;8;8;7;8;20;7;5;7;0;3;0;9;5;2;5;8;0;2;2;1
Hombre;Entre 11 y menos de 13 salarios mínimos;Sin informaci¿n;Estrato 4;DESERTORES;;;;;;0;0;6;72;77;81;93;118;119;100;99;86;83;64;83;72;63;64;57;54;43;31;31;31;40;22;19;23;16;19;21;15;9;13;7;7;6;4;6;5;4;10;3;5;3;2;2;9;1
Hombre;Entre 11 y menos de 13 salarios mínimos;Sin informaci¿n;Estrato 5;DESERTORES;;;;0;0;0;0;14;17;24;21;26;32;18;21;27;25;15;15;18;20;16;17;13;9;5;9;7;5;9;5;4;5;3;4;4;2;6;4;1;1;4;0;3;1;0;1;0;0;1;0;0;0;0
Hombre;Entre 11 y menos de 13 salarios mínimos;Sin informaci¿n;Estrato 6;DESERTORES;;;;;;0;0;1;2;3;2;2;2;7;6;5;19;10;6;9;8;9;1;4;7;6;2;3;2;7;2;1;2;0;3;1;1;1;0;0;3;0;0;0;0;1;0;0;;0;;;;1
Hombre;Entre 11 y menos de 13 salarios mínimos;1;Sin informaci¿n;DESERTORES;0;0;0;0;0;0;1;0;0;0;1;0;0;0;0;0;;;;;;;;1;;;1;;;;;1;1;0;0;0;;;;;;;;;;;;;;;;;;
Hombre;Entre 11 y menos de 13 salarios mínimos;1;Estrato 2;DESERTORES;;;;;;;;;;;;;;;;;;;;;;;;;0;;0;1;0;0;0;0;0;0;0;0;0;0;0;0;;;;;;;;;;;;;;
Hombre;Entre 11 y menos de 13 salarios mínimos;1;Estrato 3;DESERTORES;;;;;;;;;;;;;;;;;;;;;;;;;0;0;0;0;0;0;1;0;0;0;0;1;0;0;1;0;0;0;0;0;0;;;;;;;;;
Hombre;Entre 11 y menos de 13 salarios mínimos;1;Estrato 4;DESERTORES;;;;;;;;;;;;;;;;;;;;;;;0;0;2;0;0;0;1;0;0;0;1;1;0;1;1;2;0;1;0;1;1;;;;;;;;;;;
Hombre;Entre 11 y menos de 13 salarios mínimos;1;Estrato 5;DESERTORES;;;;;;;;;;;;;;;;;;;;;;0;0;0;1;0;0;0;0;0;0;0;1;0;0;0;0;0;0;0;0;0;0;0;;;;;;;;;;
Hombre;Entre 11 y menos de 13 salarios mínimos;1;Estrato 6;DESERTORES;;;;;;;;;;;;;;;;;;;;;;;0;0;0;0;0;0;0;0;1;1;1;0;0;0;0;0;0;0;;;;;;;;;;;;;;
Hombre;Entre 11 y menos de 13 salarios mínimos;2;Sin informaci¿n;DESERTORES;0;0;2;6;1;0;7;7;2;4;3;1;3;4;1;1;2;1;2;1;2;2;2;2;1;0;1;0;0;1;2;0;1;0;2;0;0;0;0;0;0;;;0;;;2;1;0;0;;0;;
Hombre;Entre 11 y menos de 13 salarios mínimos;2;Estrato 1;DESERTORES;;;;;;;;;;;;;;;;;;;;;;;;;;;;;;;;;;;;;0;0;0;1;0;0;0;0;0;0;0;1;0;0;0;0;0;0
Hombre;Entre 11 y menos de 13 salarios mínimos;2;Estrato 2;DESERTORES;;;;;;;;;;;;;;;;;;;;;;;;0;0;0;1;1;0;0;0;1;0;3;2;0;0;2;0;0;0;0;0;0;1;;;;;;;;;
Hombre;Entre 11 y menos de 13 salarios mínimos;2;Estrato 3;DESERTORES;;;;;;;;;;;;;;;;;;;;;;;0;0;2;1;4;0;5;0;6;4;5;6;1;4;3;2;1;5;0;2;0;2;1;1;1;0;2;0;0;0;;1
Hombre;Entre 11 y menos de 13 salarios mínimos;2;Estrato 4;DESERTORES;;;;;;;;;;;;;;;;;;;;;;0;0;0;2;1;11;5;3;8;7;10;9;11;9;6;7;6;8;6;5;1;4;5;4;3;0;2;4;1;0;2;1;0
Hombre;Entre 11 y menos de 13 salarios mínimos;2;Estrato 5;DESERTORES;;;;;;;;;;;;;;;;;;;;;;0;0;0;3;4;3;6;8;7;9;14;17;7;11;7;7;8;4;9;3;3;3;1;4;2;4;0;1;0;0;2;0;2
Hombre;Entre 11 y menos de 13 salarios mínimos;2;Estrato 6;DESERTORES;;;;;;;;;;;;;;;;;;;;;;0;0;0;3;5;9;5;5;13;6;14;16;10;7;10;5;6;5;6;1;6;2;1;1;2;0;3;1;2;0;0;0;1
Hombre;Entre 11 y menos de 13 salarios mínimos;3;Sin informaci¿n;DESERTORES;0;0;5;12;11;7;21;15;17;8;14;12;6;9;7;6;5;8;11;8;8;10;7;4;8;6;4;5;1;1;4;0;4;5;1;2;2;5;1;1;1;4;0;1;3;2;4;0;1;1;1;4;3;2
Hombre;Entre 11 y menos de 13 salarios mínimos;3;Estrato 1;DESERTORES;;;;;;;;;;;;;;;;;;;;;;;0;0;1;0;0;0;0;2;1;0;0;0;1;0;0;0;1;0;0;;;;;;;;0;2;;;;
Hombre;Entre 11 y menos de 13 salarios mínimos;3;Estrato 2;DESERTORES;;;;;;;;;;;;;;;;;;;;;;0;0;1;1;1;1;2;2;1;4;3;2;4;1;1;2;2;2;5;2;0;1;0;4;2;1;0;1;;3;;;
Hombre;Entre 11 y menos de 13 salarios mínimos;3;Estrato 3;DESERTORES;;;;;;;;;;;;;;;;;;;;;;0;0;0;5;5;13;16;15;12;14;14;23;18;21;18;8;10;13;15;8;12;8;13;8;8;4;7;3;3;9;2;1;1
Hombre;Entre 11 y menos de 13 salarios mínimos;3;Estrato 4;DESERTORES;;;;;;;;;;;;;;;;;;;;;;0;0;3;13;11;24;31;30;35;30;37;46;49;28;30;26;15;22;19;20;18;13;15;8;10;10;12;5;8;11;7;2;9
Hombre;Entre 11 y menos de 13 salarios mínimos;3;Estrato 5;DESERTORES;;;;;;;;;;;;;;;;;;;;;0;0;0;5;21;23;28;32;22;36;37;41;34;42;37;31;32;23;21;18;18;16;9;15;18;8;6;3;4;8;3;3;3;3
Hombre;Entre 11 y menos de 13 salarios mínimos;3;Estrato 6;DESERTORES;;;;;;;;;;;;;;;;;;;;;0;0;1;9;9;21;27;45;32;29;46;43;45;46;42;27;28;30;26;22;15;26;17;7;10;14;3;7;6;6;1;3;0;3
Hombre;Entre 11 y menos de 13 salarios mínimos;4;Sin informaci¿n;DESERTORES;0;0;28;27;38;22;55;46;35;33;41;46;36;29;33;33;27;18;19;18;14;19;17;22;19;16;9;8;11;9;6;5;7;10;5;5;7;8;7;4;7;3;2;6;1;5;2;3;2;6;2;4;3;5
Hombre;Entre 11 y menos de 13 salarios mínimos;4;Estrato 1;DESERTORES;;;;;;;;;;;;;;;;;;;;;;;0;0;1;0;1;1;1;0;1;1;4;2;1;4;1;2;1;0;0;0;0;4;0;2;0;3;0;2;0;2;0;1
Hombre;Entre 11 y menos de 13 salarios mínimos;4;Estrato 2;DESERTORES;;;;;;;;;;;;;;;;;;;;;;0;0;1;2;0;4;2;6;2;2;5;8;6;6;6;3;4;3;5;2;1;3;4;3;5;1;1;1;1;1;3;0;2
Hombre;Entre 11 y menos de 13 salarios mínimos;4;Estrato 3;DESERTORES;0;;0;;0;;0;;0;0;;;;;;;;;;;;0;1;1;14;27;25;28;24;25;38;36;43;45;48;37;39;30;34;33;22;21;13;21;10;14;9;10;10;11;8;4;11;9
Hombre;Entre 11 y menos de 13 salarios mínimos;4;Estrato 4;DESERTORES;;;;;;;;;;;;;;;;;;;;;;0;0;13;28;39;77;78;63;67;86;84;108;108;99;78;69;57;62;55;48;49;35;27;26;29;21;18;12;11;11;9;4;11
Hombre;Entre 11 y menos de 13 salarios mínimos;4;Estrato 5;DESERTORES;;;;;;;;;;;;;;;;;;;;;0;0;2;9;44;44;69;70;65;74;86;94;111;88;82;72;64;63;67;46;39;37;26;29;19;18;14;17;8;22;7;6;4;8
Hombre;Entre 11 y menos de 13 salarios mínimos;4;Estrato 6;DESERTORES;;;;;;;;;;;;;;;;;;;;;0;0;0;21;28;51;74;75;66;65;77;99;108;94;70;57;65;58;42;38;34;29;32;18;17;14;10;12;10;8;7;7;6;3
Hombre;Entre 11 y menos de 13 salarios mínimos;5;Sin informaci¿n;DESERTORES;0;0;46;28;28;23;50;49;38;37;31;27;32;32;28;21;25;32;24;19;17;18;20;9;13;10;5;8;13;9;10;7;8;17;3;7;8;7;9;4;5;2;2;5;2;7;3;1;1;2;2;8;0;5
Hombre;Entre 11 y menos de 13 salarios mínimos;5;Estrato 1;DESERTORES;;;;;;;;;;;;;;;;;;;;;;0;0;0;0;0;2;0;0;0;1;0;1;1;2;0;1;1;0;0;0;0;2;1;1;1;;;;1;1;1;1;0
Hombre;Entre 11 y menos de 13 salarios mínimos;5;Estrato 2;DESERTORES;;;;;;;;;;;;;;;;;;;;;;0;0;1;5;3;4;3;5;2;1;6;2;2;1;2;4;2;5;7;2;3;2;0;2;2;7;0;2;1;0;1;1;0
Hombre;Entre 11 y menos de 13 salarios mínimos;5;Estrato 3;DESERTORES;;;;;;;;;;;;;;;;;;;;;;0;0;0;7;14;33;16;14;13;32;22;39;34;14;26;15;27;18;13;16;19;19;11;10;14;4;8;9;5;3;3;2;3
Hombre;Entre 11 y menos de 13 salarios mínimos;5;Estrato 4;DESERTORES;;;;;;;;;;;;;;;;;;;;;;0;0;4;20;26;45;42;36;42;52;38;68;49;41;54;39;39;42;30;29;21;27;19;17;16;9;12;10;6;5;6;1;5
Hombre;Entre 11 y menos de 13 salarios mínimos;5;Estrato 5;DESERTORES;;;;;;;;;;;;;;;;;;;;;0;0;1;8;30;28;29;46;42;57;47;65;66;62;58;44;37;42;45;32;21;30;23;18;16;17;9;10;13;6;5;3;6;5
Hombre;Entre 11 y menos de 13 salarios mínimos;5;Estrato 6;DESERTORES;;;;;;;;;;;;;;;;;;;;;;0;0;12;18;44;50;48;65;62;65;85;89;69;57;66;65;39;56;42;24;22;24;13;13;9;8;10;7;8;5;4;7;2
Hombre;Entre 11 y menos de 13 salarios mínimos;6;Sin informaci¿n;DESERTORES;0;0;12;9;11;10;11;20;22;15;21;16;14;12;11;18;9;9;6;11;9;9;6;6;6;4;8;3;2;4;6;3;5;2;4;4;4;3;3;4;4;1;0;2;2;2;2;2;1;2;3;1;0;1
Hombre;Entre 11 y menos de 13 salarios mínimos;6;Estrato 1;DESERTORES;;;;;;;;;;;;;;;;;;;;;;;0;0;1;0;1;1;0;0;0;0;0;1;1;0;1;1;1;0;0;0;0;0;0;0;0;0;0;0;0;0;0;0
Hombre;Entre 11 y menos de 13 salarios mínimos;6;Estrato 2;DESERTORES;;;;;;;;;;;;;;;;;;;;;;;0;0;0;0;1;2;0;1;3;3;1;4;2;2;2;2;4;2;3;1;0;1;1;1;1;1;0;0;1;1;0;0
Hombre;Entre 11 y menos de 13 salarios mínimos;6;Estrato 3;DESERTORES;;;;;;;;;;;;;;;;;;;;;;0;0;0;0;3;7;10;1;4;5;9;10;10;14;6;14;6;8;6;6;4;3;2;3;8;3;3;4;1;1;5;2;1
Hombre;Entre 11 y menos de 13 salarios mínimos;6;Estrato 4;DESERTORES;;;;;;;;;;;;;;;;;;;;;;0;0;1;11;12;21;13;10;8;11;23;20;14;14;10;17;10;10;5;6;4;9;2;8;7;5;0;2;5;1;0;1;0
Hombre;Entre 11 y menos de 13 salarios mínimos;6;Estrato 5;DESERTORES;;;;;;;;;;;;;;;;;;;;;;0;0;1;7;13;11;18;13;13;15;17;22;28;22;23;18;13;19;12;6;9;4;3;12;3;1;2;2;2;1;4;2;2
Hombre;Entre 11 y menos de 13 salarios mínimos;6;Estrato 6;DESERTORES;;;;;;;;;;;;;;;;;;;;;;0;0;5;8;15;22;24;27;21;35;36;27;28;18;22;18;22;9;12;10;3;9;5;10;3;3;1;2;4;2;1;1;2
Hombre;Entre 11 y menos de 13 salarios mínimos;7;Sin informaci¿n;DESERTORES;0;0;2;5;4;2;1;13;6;5;7;7;6;5;7;5;5;3;4;2;2;2;2;3;3;2;6;2;2;4;4;3;1;2;4;2;1;2;2;1;2;1;0;1;1;3;0;2;1;0;0;1;1;0
Hombre;Entre 11 y menos de 13 salarios mínimos;7;Estrato 1;DESERTORES;;;;;;;;;;;;;;;;;;;;;;;;;0;0;0;0;0;0;0;1;1;1;0;0;0;0;0;1;0;1;0;0;;;;;;;;;;
Hombre;Entre 11 y menos de 13 salarios mínimos;7;Estrato 2;DESERTORES;;;;;;;;;;;;;;;;;;;;;;0;0;0;0;1;0;0;1;0;0;2;1;0;2;0;1;1;1;2;0;2;0;0;0;;;1;;;1;1;0;1
Hombre;Entre 11 y menos de 13 salarios mínimos;7;Estrato 3;DESERTORES;;;;;;;;;;;;;;;;;;;;;;;0;0;0;3;4;1;1;2;3;3;8;4;3;3;4;1;2;1;1;0;2;4;2;1;0;1;1;1;0;1;0;0
Hombre;Entre 11 y menos de 13 salarios mínimos;7;Estrato 4;DESERTORES;;;;;;;;;;;;;;;;;;;;;;0;0;0;3;2;8;4;3;4;2;6;7;3;1;2;1;4;2;1;1;0;0;2;0;2;0;0;2;0;0;0;0;0
Hombre;Entre 11 y menos de 13 salarios mínimos;7;Estrato 5;DESERTORES;;;;;;;;;;;;;;;;;;;;;;0;0;0;1;4;4;4;3;6;0;4;1;4;2;0;4;1;5;3;0;2;2;1;0;1;1;1;0;1;;;;
Hombre;Entre 11 y menos de 13 salarios mínimos;7;Estrato 6;DESERTORES;;;;;;;;;;;;;;;;;;;;;;0;0;1;1;3;10;5;7;7;7;10;8;6;2;2;8;8;2;3;5;3;0;0;0;2;0;0;0;0;3;0;0;1
Hombre;Entre 11 y menos de 13 salarios mínimos;8;Sin informaci¿n;DESERTORES;0;0;1;2;1;0;2;3;3;0;5;3;3;4;5;1;4;2;3;0;2;1;2;2;3;0;1;1;2;0;1;0;0;0;1;1;0;1;0;1;0;1;0;1;1;0;0;0;0;;;1;;
Hombre;Entre 11 y menos de 13 salarios mínimos;8;Estrato 1;DESERTORES;;;;;;;;;;;;;;;;;;;;;;;;;;;;;;;;;;0;0;0;0;0;1;0;0;1;;0;;;;;;;;;;
Hombre;Entre 11 y menos de 13 salarios mínimos;8;Estrato 2;DESERTORES;;;;;;;;;;;;;;;;;;;;;;;0;0;0;0;0;1;0;1;0;0;0;2;0;1;0;3;0;0;0;0;0;3;0;1;1;0;0;1;0;1;0;0
Hombre;Entre 11 y menos de 13 salarios mínimos;8;Estrato 3;DESERTORES;;;;;;;;;;;;;;;;;;;;;;;0;0;1;0;0;1;1;3;0;2;1;3;2;0;2;0;0;2;1;1;1;0;1;0;0;0;0;0;0;;;1
Hombre;Entre 11 y menos de 13 salarios mínimos;8;Estrato 4;DESERTORES;;;;;;;;;;;;;;;;;;;;;;0;0;0;0;1;2;3;2;1;2;2;0;0;1;0;0;1;0;0;2;0;1;0;0;0;0;1;0;0;0;0;0;0
Hombre;Entre 11 y menos de 13 salarios mínimos;8;Estrato 5;DESERTORES;;;;;;;;;;;;;;;;;;;;;;;0;0;0;1;2;0;0;3;1;0;3;0;2;1;0;0;0;0;0;1;1;0;0;0;0;0;0;0;0;0;0;1
Hombre;Entre 11 y menos de 13 salarios mínimos;8;Estrato 6;DESERTORES;;;;;;;;;;;;;;;;;;;;;;0;0;0;0;1;1;1;4;4;2;0;4;3;1;0;3;2;2;1;0;2;0;0;;;0;1;;;;;;
Hombre;Entre 11 y menos de 13 salarios mínimos;9;Sin informaci¿n;DESERTORES;0;0;3;0;0;1;2;3;2;4;1;3;4;0;3;1;1;1;0;3;2;1;0;1;0;0;1;0;0;1;0;0;0;1;0;0;0;;3;1;1;0;0;0;0;0;0;0;0;0;0;0;0;0
Hombre;Entre 11 y menos de 13 salarios mínimos;9;Estrato 2;DESERTORES;;;;;;;;;;;;;;;;;;;;;;;;;;;0;0;0;0;1;0;0;0;1;;0;1;;;;;;0;;;;1;;;;;;1
Hombre;Entre 11 y menos de 13 salarios mínimos;9;Estrato 3;DESERTORES;;;;;;;;;;;;;;;;;;;;;;;0;;0;1;1;0;2;0;1;1;0;1;0;0;2;0;1;0;2;1;1;;0;;;;0;1;0;0;0;
Hombre;Entre 11 y menos de 13 salarios mínimos;9;Estrato 4;DESERTORES;;;;;;;;;;;;;;;;;;;;;;;;;0;0;0;0;0;0;0;1;0;0;1;0;1;0;0;0;1;0;0;0;0;0;0;0;0;0;0;0;;
Hombre;Entre 11 y menos de 13 salarios mínimos;9;Estrato 5;DESERTORES;;;;;;;;;;;;;;;;;;;;;;0;0;0;0;0;0;0;0;1;0;1;1;1;0;0;0;0;1;;;;0;0;0;0;0;0;0;0;0;0;;
Hombre;Entre 11 y menos de 13 salarios mínimos;9;Estrato 6;DESERTORES;;;;;;;;;;;;;;;;;;;;;;0;0;1;0;1;2;1;1;1;2;1;3;3;1;2;0;0;0;0;0;2;1;0;0;0;0;0;;;;;;
Hombre;Entre 11 y menos de 13 salarios mínimos;10;Estrato 1;DESERTORES;;;;;;;;;;;;;;;;;;;;;;;;;;;;;0;0;;;;0;1;0;0;0;0;;;;0;0;0;0;0;;;;;;;
Hombre;Entre 11 y menos de 13 salarios mínimos;10;Estrato 2;DESERTORES;;;;;;;;;;;;;;;;;;;;;;;;;;;0;;;;;0;1;;0;;;;;;;;;;;;;;;;;;;
Hombre;Entre 11 y menos de 13 salarios mínimos;10;Estrato 3;DESERTORES;;;;;;;;;;;;;;;;;;;;;;;;;0;0;0;1;0;1;0;2;0;0;1;0;2;0;0;0;0;1;0;;;;0;1;0;0;0;2;0;
Hombre;Entre 11 y menos de 13 salarios mínimos;10;Estrato 4;DESERTORES;;;;;;;;;;;;;;;;;;;;;;;;;0;0;0;0;0;0;1;0;0;0;0;0;1;0;0;0;2;0;;;;;0;;;;;;;
Hombre;Entre 11 y menos de 13 salarios mínimos;10;Estrato 5;DESERTORES;;;;;;;;;;;;;;;;;;;;;;;0;;;;;;;;0;1;0;0;0;0;0;0;0;0;0;;;;;;;;;;;;;
Hombre;Entre 11 y menos de 13 salarios mínimos;10;Estrato 6;DESERTORES;;;;;;;;;;;;;;;;;;;;;;0;0;0;0;0;1;1;2;1;1;1;0;2;0;1;0;0;0;0;1;1;1;0;0;0;0;0;0;0;;1;0;0
Hombre;Entre 11 y menos de 13 salarios mínimos;11;Estrato 2;DESERTORES;;;;;;;;;;;;;;;;;;;;;;;;;;;;;0;0;0;0;0;;;;0;1;0;0;0;0;0;0;0;;;;;;;;;
Hombre;Entre 11 y menos de 13 salarios mínimos;11;Estrato 3;DESERTORES;;;;;;;;;;;;;;;;;;;;;;;0;0;0;0;0;0;0;1;0;1;0;0;0;0;1;1;0;0;0;0;;1;1;;;;;;;;;
Hombre;Entre 11 y menos de 13 salarios mínimos;11;Estrato 4;DESERTORES;;;;;;;;;;;;;;;;;;;;;;;;;;0;0;0;0;0;0;0;0;0;0;0;;0;;;;0;;;;;;;;;;;;
Hombre;Entre 11 y menos de 13 salarios mínimos;11;Estrato 5;DESERTORES;;;;;;;;;;;;;;;;;;;;;;;;;0;0;0;0;0;0;0;0;0;0;0;0;0;0;0;;;;;;;;;;;;;;;
Hombre;Entre 11 y menos de 13 salarios mínimos;11;Estrato 6;DESERTORES;;;;;;;;;;;;;;;;;;;;;;;0;0;1;0;0;0;0;0;0;0;0;0;0;;;;;;;;;;;;;;;;;;;
Hombre;Entre 11 y menos de 13 salarios mínimos;12;Estrato 1;DESERTORES;;;;;;;;;;;;;;;;;;;;;;;;;;;;;;;0;0;5;1;0;0;1;1;0;0;;;0;1;;0;0;0;0;0;0;0;;0
Hombre;Entre 11 y menos de 13 salarios mínimos;12;Estrato 2;DESERTORES;;;;;;;;;;;;;;;;;;;;;;;0;;0;1;0;0;0;0;0;0;2;0;1;0;0;0;3;0;0;2;0;2;0;0;0;;;0;0;1;0;0
Hombre;Entre 11 y menos de 13 salarios mínimos;12;Estrato 3;DESERTORES;;;;;;;;;;;;;;;;;;;;;;;0;0;0;0;2;0;1;1;0;1;0;2;1;1;0;0;0;0;2;2;0;1;0;0;1;0;0;0;1;0;0;1
Hombre;Entre 11 y menos de 13 salarios mínimos;12;Estrato 4;DESERTORES;;;;;;;;;;;;;;;;;;;;;;;;;0;0;0;1;0;1;1;0;0;0;1;0;0;0;1;0;;;;;;;;;;;;;;
Hombre;Entre 11 y menos de 13 salarios mínimos;12;Estrato 5;DESERTORES;;;;;;;;;;;;;;;;;;;;;;;;;0;0;0;1;0;1;0;1;0;1;0;1;1;0;1;0;0;;;;;;;;;;;;;
Hombre;Entre 11 y menos de 13 salarios mínimos;12;Estrato 6;DESERTORES;;;;;;;;;;;;;;;;;;;;;;;;0;0;0;0;1;0;1;3;0;0;0;0;1;0;1;0;0;0;0;0;0;;;;0;0;0;0;1;0;0
Hombre;Entre 13 y menos de 15 salarios mínimos;Sin informaci¿n;Sin informaci¿n;DESERTORES;0;0;2;1;2;3;0;2;2;1;1;0;0;1;3;1;3;0;4;1;2;0;0;1;0;0;0;0;2;0;0;0;0;0;0;2;0;1;;;;;1;0;0;0;0;1;0;0;0;0;1;
Hombre;Entre 13 y menos de 15 salarios mínimos;Sin informaci¿n;Estrato 1;DESERTORES;;;;;;;;;0;0;0;0;1;2;0;0;0;0;0;0;0;1;1;1;0;0;0;0;0;2;0;1;1;1;1;0;0;2;1;1;0;0;1;0;1;0;0;2;0;0;2;0;;
Hombre;Entre 13 y menos de 15 salarios mínimos;Sin informaci¿n;Estrato 2;DESERTORES;;;;;;0;0;0;1;0;0;3;10;5;11;4;8;5;6;4;3;2;2;2;3;4;2;1;4;2;5;1;4;0;2;3;1;0;1;2;1;3;0;1;2;1;0;2;0;0;0;2;0;2
Hombre;Entre 13 y menos de 15 salarios mínimos;Sin informaci¿n;Estrato 3;DESERTORES;;;;;0;0;0;0;5;6;11;11;26;25;28;28;20;18;23;15;13;18;16;18;15;12;10;13;7;8;14;8;8;5;7;3;8;6;3;4;5;1;0;3;0;5;1;2;0;2;0;1;1;1
Hombre;Entre 13 y menos de 15 salarios mínimos;Sin informaci¿n;Estrato 4;DESERTORES;;;;;;0;0;4;51;49;82;74;92;79;83;71;71;66;61;70;55;50;51;39;37;28;26;19;28;31;13;10;11;12;13;9;6;4;10;5;4;5;5;2;5;4;1;5;2;2;2;7;2;1
Hombre;Entre 13 y menos de 15 salarios mínimos;Sin informaci¿n;Estrato 5;DESERTORES;;;;;0;0;0;17;7;20;9;27;26;17;23;19;26;16;17;17;14;10;14;10;11;6;7;2;4;8;1;3;5;1;3;0;1;1;6;3;1;0;1;0;;0;;;;;;;;
Hombre;Entre 13 y menos de 15 salarios mínimos;Sin informaci¿n;Estrato 6;DESERTORES;;;;;;0;0;1;0;4;0;5;5;3;8;15;8;7;5;10;10;6;6;5;10;2;7;4;4;7;1;2;3;1;1;2;1;2;1;0;0;0;1;0;0;0;0;0;0;0;2;0;0;
Hombre;Entre 13 y menos de 15 salarios mínimos;1;Sin informaci¿n;DESERTORES;0;0;0;0;0;0;0;0;0;0;0;0;1;0;0;0;0;;0;1;0;0;0;0;0;0;;;0;1;0;;;;;;;;;;;;;;;;;;;;;;;
Hombre;Entre 13 y menos de 15 salarios mínimos;2;Sin informaci¿n;DESERTORES;0;0;1;2;1;1;3;1;3;1;1;1;0;2;1;2;0;0;1;0;2;0;0;0;;;;;;;;;;;3;0;1;0;1;0;0;0;0;0;0;;;;;;0;0;0;0
Hombre;Entre 13 y menos de 15 salarios mínimos;3;Sin informaci¿n;DESERTORES;0;0;10;5;12;4;18;8;15;10;10;7;3;13;9;8;9;13;5;9;2;0;2;3;2;2;1;0;1;3;0;0;1;0;0;2;0;2;0;1;0;0;1;1;0;0;0;1;1;0;1;0;0;0
Hombre;Entre 13 y menos de 15 salarios mínimos;4;Sin informaci¿n;DESERTORES;0;0;26;19;23;10;32;23;28;25;29;19;19;11;17;12;15;15;14;11;4;8;5;5;4;8;3;6;2;7;5;1;0;3;3;3;3;5;2;1;1;1;4;3;1;4;1;3;1;2;3;1;1;0
Hombre;Entre 13 y menos de 15 salarios mínimos;5;Sin informaci¿n;DESERTORES;0;0;23;25;18;21;44;44;41;33;21;26;18;22;26;17;15;25;18;11;15;7;10;6;5;8;6;5;5;6;2;5;7;4;2;4;0;4;8;5;2;3;1;2;3;2;1;1;3;2;1;3;2;2
Hombre;Entre 13 y menos de 15 salarios mínimos;6;Sin informaci¿n;DESERTORES;0;0;12;12;6;1;11;20;19;13;10;8;10;14;12;10;5;11;1;2;7;6;2;3;7;3;4;4;4;3;1;2;2;2;2;0;2;1;1;0;1;2;0;2;0;1;1;3;0;1;0;1;0;1
Hombre;Entre 13 y menos de 15 salarios mínimos;7;Sin informaci¿n;DESERTORES;0;0;2;4;3;6;4;3;5;7;7;3;7;2;3;1;4;4;3;4;4;2;2;0;1;1;1;1;2;2;2;0;3;1;1;0;1;2;0;2;0;0;2;0;0;0;0;1;1;0;0;0;0;1
Hombre;Entre 13 y menos de 15 salarios mínimos;8;Sin informaci¿n;DESERTORES;0;0;2;1;1;1;0;1;2;2;1;4;1;0;2;1;1;1;0;1;4;1;1;0;1;;0;0;1;0;0;0;1;1;0;1;0;0;0;0;0;0;1;0;1;0;0;0;0;0;0;0;0;0
Hombre;Entre 13 y menos de 15 salarios mínimos;9;Sin informaci¿n;DESERTORES;0;0;1;1;3;0;1;1;2;0;0;1;0;1;2;1;1;;0;1;0;2;1;0;1;0;2;;;0;0;;;0;;;;1;;1;1;0;0;0;;;;;;;;;;
Hombre;15 o más salarios mínimos;Sin informaci¿n;Sin informaci¿n;DESERTORES;0;0;3;2;1;1;5;7;2;3;5;3;2;15;11;17;12;16;16;7;7;6;10;6;8;3;8;6;2;6;6;4;5;3;5;6;1;2;2;2;2;5;0;1;0;1;2;1;0;0;0;1;2;2
Hombre;15 o más salarios mínimos;Sin informaci¿n;Estrato 1;DESERTORES;;;;;0;0;0;0;0;2;2;2;0;2;0;0;1;2;2;1;1;1;1;1;1;1;1;2;0;0;3;2;0;0;1;0;0;0;1;0;0;0;0;0;0;0;0;1;;;;;;
Hombre;15 o más salarios mínimos;Sin informaci¿n;Estrato 2;DESERTORES;;;;;0;0;0;1;4;2;2;9;11;16;30;20;13;14;10;13;13;7;16;15;14;9;9;8;13;4;9;7;7;6;11;6;10;5;7;7;4;4;3;8;1;4;4;2;1;4;1;7;3;4
Hombre;15 o más salarios mínimos;Sin informaci¿n;Estrato 3;DESERTORES;0;0;0;0;0;0;0;1;10;20;38;31;57;44;39;46;32;27;19;23;20;19;20;23;18;19;17;17;12;12;6;17;12;5;9;8;5;6;3;3;4;6;4;2;3;5;2;2;0;2;2;1;2;1
Hombre;15 o más salarios mínimos;Sin informaci¿n;Estrato 4;DESERTORES;;;;;;0;0;6;89;97;132;126;169;161;140;130;118;100;90;102;92;109;79;57;44;61;35;38;29;50;28;10;17;12;9;15;14;4;10;5;8;9;4;6;5;7;3;10;2;4;2;3;4;9
Hombre;15 o más salarios mínimos;Sin informaci¿n;Estrato 5;DESERTORES;;;;;0;0;0;49;34;61;45;82;58;57;57;58;50;58;50;47;49;37;36;36;16;25;21;14;14;23;12;9;5;11;7;3;6;3;2;1;6;1;1;2;3;0;1;2;1;0;0;4;1;0
Hombre;15 o más salarios mínimos;Sin informaci¿n;Estrato 6;DESERTORES;;;;;;0;0;0;5;3;7;8;6;14;13;45;42;33;35;27;23;18;13;14;14;17;16;12;11;18;10;7;3;5;3;2;0;2;4;2;2;0;1;0;1;1;0;1;0;1;0;0;1;0
Hombre;15 o más salarios mínimos;1;Sin informaci¿n;DESERTORES;0;;;;;;;;0;1;0;0;;;;;0;1;0;0;0;0;0;0;0;0;0;0;;0;0;;;;;;;;;;;;;;;;;;;;;;;
Hombre;15 o más salarios mínimos;2;Sin informaci¿n;DESERTORES;0;0;1;2;5;6;10;1;5;2;4;3;4;2;2;1;1;1;0;1;1;1;0;0;2;1;2;0;0;0;0;0;1;1;1;1;0;1;0;1;0;0;0;0;0;;1;0;0;0;;0;0;0
Hombre;15 o más salarios mínimos;3;Sin informaci¿n;DESERTORES;0;0;27;22;12;21;27;25;27;22;13;15;15;13;16;17;6;17;11;9;7;11;11;6;5;5;3;1;4;4;2;0;2;0;1;1;0;1;2;2;3;0;0;3;0;2;0;1;1;0;0;1;0;0
Hombre;15 o más salarios mínimos;4;Sin informaci¿n;DESERTORES;0;0;81;61;62;48;94;78;65;59;56;49;49;54;38;54;38;78;86;69;49;55;84;92;58;55;45;65;59;64;56;52;45;38;36;34;23;18;5;57;34;32;21;15;10;14;6;4;4;10;4;4;6;4
Hombre;15 o más salarios mínimos;5;Sin informaci¿n;DESERTORES;0;0;72;59;61;47;120;74;78;48;75;52;66;49;56;52;50;33;33;24;24;31;20;14;22;14;15;9;12;15;10;14;11;5;10;8;12;7;9;5;4;6;5;3;3;7;2;9;7;6;0;4;6;3
Hombre;15 o más salarios mínimos;6;Sin informaci¿n;DESERTORES;0;0;25;34;24;19;32;25;40;27;31;27;19;18;22;22;20;15;21;9;10;8;14;6;8;8;7;7;8;7;8;2;5;5;4;6;2;1;2;4;2;0;1;1;1;2;2;2;0;5;1;1;2;4
Hombre;15 o más salarios mínimos;7;Sin informaci¿n;DESERTORES;0;0;13;8;12;8;9;13;12;11;9;4;5;9;7;8;7;7;5;9;3;6;4;5;2;4;2;3;2;1;3;1;5;0;4;5;0;1;1;3;1;3;2;1;1;0;0;1;1;1;1;1;1;2
Hombre;15 o más salarios mínimos;8;Sin informaci¿n;DESERTORES;0;0;6;4;4;3;3;6;5;4;0;7;3;3;4;2;1;1;0;1;2;2;1;1;0;0;0;3;1;1;3;1;2;2;2;0;0;0;0;0;1;0;0;1;0;0;0;0;0;0;0;0;0;
Hombre;15 o más salarios mínimos;9;Sin informaci¿n;DESERTORES;0;0;4;4;2;2;3;0;2;5;1;2;2;2;2;0;0;1;0;1;3;4;0;0;4;3;1;0;1;0;1;1;1;0;1;2;0;1;1;1;0;0;1;1;0;1;1;0;1;3;0;1;1;1
Mujer;Sin informaci¿n;Sin informaci¿n;Sin informaci¿n;MATRICULADOS;73483;61673;72176;68248;73503;72115;77389;73855;74731;74913;72183;67553;64671;62842;60149;60950;61381;60528;74926;76256;103815;110785;117215;117963;127330;124946;135628;137490;143370;147365;146618;141642;134081;124702;122224;114356;106481;103026;99653;121078;239643;328967;465883;556572;690292;731863;896767;993877;1126349;1235062;1306391;1394034;1152389;1296284
Mujer;Sin informaci¿n;Sin informaci¿n;Estrato 1;MATRICULADOS;4;10;16;12;30;57;88;119;178;206;275;289;510;669;3355;5133;8911;11137;19469;24049;29386;31238;32137;32757;33309;32546;33100;31822;31459;30659;28784;28150;26169;24947;23756;22332;20524;19799;18031;17577;16126;15713;14270;13911;12344;12302;12489;12618;11443;11409;10070;10319;7729;8939
Mujer;Sin informaci¿n;Sin informaci¿n;Estrato 2;MATRICULADOS;34;37;53;39;82;245;419;532;941;1115;1387;1497;2694;4646;16845;24310;39941;49272;77352;91935;108054;113880;116596;118817;119819;116066;115725;110808;106927;102113;95756;92172;84892;79374;74972;69778;64987;61177;56143;54326;49820;48557;43000;41839;36681;36899;36215;35969;32487;31907;27736;27984;20435;23200
Mujer;Sin informaci¿n;Sin informaci¿n;Estrato 3;MATRICULADOS;13;13;9;11;30;237;533;628;1893;2139;2398;2473;4538;5030;15302;19469;32569;38465;57995;66421;76091;78407;78367;78137;76286;72484;68184;63034;56741;51165;45720;41927;37285;33989;31236;28484;26249;24532;22372;21554;19670;18808;16627;16010;14080;13954;13763;13535;12182;11857;10444;10405;7536;8214
Mujer;Sin informaci¿n;Sin informaci¿n;Estrato 4;MATRICULADOS;;1;;1;2;34;142;172;434;497;575;569;802;852;2144;2544;3361;3868;5291;5970;6772;6848;6740;6577;6209;5723;5174;4599;3940;3405;2859;2440;2089;1811;1544;1339;1186;1072;989;941;857;795;713;681;609;608;599;546;470;440;366;354;268;297
Mujer;Sin informaci¿n;Sin informaci¿n;Estrato 5;MATRICULADOS;;;;;3;44;53;74;124;148;154;160;237;281;896;1309;1743;2919;3500;4097;4432;4477;4508;4368;4176;3817;3432;3011;2400;1867;1487;1196;917;737;628;522;430;390;346;315;313;298;248;217;200;184;169;177;153;154;134;125;98;103
Mujer;Sin informaci¿n;Sin informaci¿n;Estrato 6;MATRICULADOS;;;;;;6;4;10;32;40;45;47;108;190;306;1186;1384;1604;1813;2682;2838;2918;2841;2733;2601;2328;2011;1809;1344;984;705;516;378;274;214;181;155;142;123;111;106;102;92;83;78;76;64;59;56;43;38;37;32;38
Mujer;Sin informaci¿n;Sin informaci¿n;Hogares no clasificados;MATRICULADOS;;;;;;;;;;;;;;;;;;;;;;;;;;;;;;;;;;;;;5;5;6;5;5;4;5;6;5;6;7;6;3;3;3;3;2;1
Mujer;Sin informaci¿n;1;Sin informaci¿n;MATRICULADOS;8;11;17;16;23;22;22;23;23;22;21;15;15;12;8;8;7;7;4;4;3;21;27;26;25;24;28;28;32;35;33;30;23;25;25;20;21;19;16;16;14;12;9;7;5;4;6;7;7;6;5;4;3;2
Mujer;Sin informaci¿n;1;Estrato 1;MATRICULADOS;;;;;;;;;;;;;;;;;;;;;;;;;3;13;67;94;127;146;159;211;274;348;471;577;699;805;880;993;897;928;846;849;707;683;665;662;617;597;547;530;409;431
Mujer;Sin informaci¿n;1;Estrato 2;MATRICULADOS;1;1;1;1;1;1;1;;1;1;1;1;1;1;;;;;;;;2;1;3;3;23;68;97;119;146;146;216;256;308;366;410;453;514;565;570;531;521;448;463;381;377;352;329;272;272;241;226;166;188
Mujer;Sin informaci¿n;1;Estrato 3;MATRICULADOS;;1;1;1;3;3;5;3;2;3;3;3;3;3;;1;2;1;2;1;2;1;1;2;2;14;48;82;94;115;122;158;186;227;262;297;322;324;341;343;314;313;283;271;239;213;199;190;158;139;121;122;93;89
Mujer;Sin informaci¿n;1;Estrato 4;MATRICULADOS;;;1;;;;;;;;;;;;;1;1;;1;1;;;1;1;3;16;19;22;23;20;22;34;36;44;52;64;74;81;89;86;80;82;81;81;66;59;60;54;41;32;26;17;14;16
Mujer;Sin informaci¿n;1;Estrato 5;MATRICULADOS;;;;;;;;;;;;;;;;;;;;;;;;;;;1;4;5;9;5;11;15;15;16;24;30;30;31;39;37;36;31;29;30;27;25;21;22;17;15;14;10;11
Mujer;Sin informaci¿n;1;Estrato 6;MATRICULADOS;;;;;;;;;;;;;;;;;;;;;;;;;;1;;2;1;1;2;2;4;4;4;9;12;15;15;17;16;15;11;11;10;9;8;9;7;4;3;2;1;1
Mujer;Sin informaci¿n;1;Hogares no clasificados;MATRICULADOS;;;;;;;;;;;;;;;;;;;;;;;;;;;;;;;;1;2;1;1;1;;;;;;;;;;;;;;;;;;
Mujer;Sin informaci¿n;2;Sin informaci¿n;MATRICULADOS;146;205;350;395;406;403;435;409;428;418;388;360;297;227;193;161;137;105;105;91;85;303;336;344;344;339;362;381;396;391;399;375;329;298;257;216;184;175;159;147;137;122;118;122;108;110;102;103;91;75;57;62;43;48
Mujer;Sin informaci¿n;2;Estrato 1;MATRICULADOS;;;;;2;3;1;1;1;1;;;;2;1;1;1;1;1;1;;;2;4;8;52;549;767;916;1012;1106;1352;1813;2250;2996;3393;4155;4721;5408;5888;5510;5667;5114;5190;4549;4294;4248;4045;3580;3353;2975;2889;2173;2289
Mujer;Sin informaci¿n;2;Estrato 2;MATRICULADOS;1;;;;3;;1;1;;;;;;;1;1;1;1;2;2;2;5;6;5;15;144;1212;1735;1959;2178;2326;2811;3722;4461;5887;6568;7930;8598;9630;10242;9588;9654;8755;8727;7562;6976;6798;6314;5545;5087;4357;4038;3108;3116
Mujer;Sin informaci¿n;2;Estrato 3;MATRICULADOS;2;2;1;2;3;5;5;5;6;6;8;8;7;4;5;5;6;6;6;4;4;3;4;5;17;132;1070;1492;1611;1792;1853;2154;3089;3641;4866;5327;6178;6587;7261;7575;7253;7223;6675;6404;5569;5032;4851;4338;3715;3271;2752;2453;1881;1819
Mujer;Sin informaci¿n;2;Estrato 4;MATRICULADOS;3;4;3;5;5;2;2;3;3;2;2;2;1;1;2;2;2;1;;;2;2;1;2;4;31;313;406;463;515;536;635;897;1054;1340;1526;1790;1912;2162;2245;2223;2180;2019;1907;1709;1504;1386;1156;949;776;618;514;376;329
Mujer;Sin informaci¿n;2;Estrato 5;MATRICULADOS;;;;1;;1;1;;;;;;;;;;;;1;1;1;1;1;1;1;21;89;121;136;143;154;207;305;342;450;511;587;614;706;711;715;690;665;609;545;490;448;373;291;227;177;141;98;92
Mujer;Sin informaci¿n;2;Estrato 6;MATRICULADOS;;;;;;;;;;;;;;;;;;;;;;;;;;4;34;54;54;61;64;78;127;156;195;218;254;293;322;340;339;333;319;304;276;237;220;180;135;105;84;70;45;30
Mujer;Sin informaci¿n;3;Sin informaci¿n;MATRICULADOS;596;912;1521;1804;1981;1972;2013;1948;1963;1954;1849;1616;1356;1051;770;618;467;386;378;333;335;1175;1295;1292;1339;1278;1340;1385;1416;1435;1407;1309;1134;1004;877;786;702;605;538;499;442;404;351;333;280;273;262;243;233;206;187;178;133;148
Mujer;Sin informaci¿n;3;Estrato 1;MATRICULADOS;;;;;2;2;;;1;1;2;2;2;4;3;1;3;1;2;;1;1;4;5;35;199;1948;2746;3225;3632;3889;4595;6278;7639;10295;11752;14736;16673;19212;21103;19907;20247;18423;18590;16193;15143;14975;14158;12836;12079;10668;10195;7743;8037
Mujer;Sin informaci¿n;3;Estrato 2;MATRICULADOS;5;5;6;7;8;8;9;7;8;8;8;9;7;11;6;5;5;7;4;2;2;5;9;10;50;419;4100;5827;6598;7261;7783;9073;12556;14787;19699;21829;26303;28662;32181;34147;32263;32409;29676;29228;25611;23425;22089;20570;18170;16542;14325;13323;10049;10206
Mujer;Sin informaci¿n;3;Estrato 3;MATRICULADOS;5;6;7;8;9;10;6;8;9;7;8;10;10;9;8;6;7;6;4;8;6;8;11;12;41;384;3726;5158;5638;6017;6316;7291;10614;12315;16398;17853;21064;22343;25168;26293;25202;24994;23212;22390;19601;17379;16558;14727;12610;10827;9134;8094;6032;5759
Mujer;Sin informaci¿n;3;Estrato 4;MATRICULADOS;2;2;2;2;3;3;3;3;3;2;2;3;3;3;2;1;1;;;;1;1;2;4;5;83;946;1302;1440;1527;1542;1887;3005;3469;4617;4997;5815;6100;7018;7319;7232;7055;6648;6304;5622;4961;4546;3755;3055;2499;2038;1635;1227;1054
Mujer;Sin informaci¿n;3;Estrato 5;MATRICULADOS;;;;;;;;;;;;;;;;;;;1;;;;;;6;40;344;455;487;522;530;689;1036;1260;1637;1864;2140;2338;2684;2728;2747;2654;2522;2377;2102;1876;1662;1385;1095;844;663;517;372;303
Mujer;Sin informaci¿n;3;Estrato 6;MATRICULADOS;;;;;;;;;;;;;;;;;;;;;;;;;;11;130;172;200;212;219;328;438;568;678;808;909;1016;1120;1169;1155;1106;1040;999;913;794;702;570;455;332;244;194;134;106
Mujer;Sin informaci¿n;3;Hogares no clasificados;MATRICULADOS;;;;;;;;;;;;;;;;;;;;;;;;;;;1;1;1;1;1;2;3;2;2;2;;;1;2;2;2;2;2;2;2;1;1;;;;;;
Mujer;Sin informaci¿n;4;Sin informaci¿n;MATRICULADOS;1759;2571;4560;5402;5847;5832;5943;5808;5851;5753;5293;4726;3833;2889;2210;1583;1250;1029;928;829;758;1955;2201;2267;2247;2217;2258;2306;2378;2402;2360;2187;1889;1651;1520;1336;1214;1100;936;894;788;756;639;590;509;492;466;434;372;364;305;290;222;275
Mujer;Sin informaci¿n;4;Estrato 1;MATRICULADOS;;1;1;1;1;2;1;1;1;;2;1;2;2;2;2;2;4;2;3;2;3;5;11;60;339;3953;5554;6474;7156;7673;8970;12332;14864;20452;23106;29207;32677;36889;40125;37641;38463;35058;34940;30495;28197;28024;26361;23945;22477;19731;18776;14191;14736
Mujer;Sin informaci¿n;4;Estrato 2;MATRICULADOS;4;4;7;6;7;5;7;6;6;4;4;4;4;3;4;5;4;4;4;5;3;8;14;21;79;686;8256;11614;13111;14228;15076;17333;24009;28030;37340;40927;48812;52910;59200;62809;59557;59632;54366;53482;46619;42270;40426;37147;32945;30155;26125;23951;18131;17894
Mujer;Sin informaci¿n;4;Estrato 3;MATRICULADOS;7;9;9;9;6;10;10;10;7;9;7;9;9;7;7;6;9;8;5;6;4;5;8;15;38;624;6767;9419;10257;10903;11481;13116;19141;22114;29198;31627;36809;38613;43081;44662;43231;42636;39744;38180;33392;29642;27975;24580;20952;18133;15368;13404;10139;9552
Mujer;Sin informaci¿n;4;Estrato 4;MATRICULADOS;;;1;2;2;2;3;2;3;3;3;4;1;1;;1;;;;;;;1;4;9;128;1837;2468;2690;2859;2901;3389;5389;6216;8346;9110;10670;11315;12797;13219;13027;12756;12030;11348;9994;8794;7856;6515;5275;4219;3348;2743;2016;1738
Mujer;Sin informaci¿n;4;Estrato 5;MATRICULADOS;;;;;;;;;;;1;1;1;1;1;1;1;1;1;1;;;;;;41;611;780;874;938;972;1270;1946;2374;3072;3455;4014;4386;4881;4970;4858;4674;4417;4152;3597;3171;2808;2212;1719;1338;1026;809;600;475
Mujer;Sin informaci¿n;4;Estrato 6;MATRICULADOS;;;;;;;;;;;;;;;;;;;;;;;;;1;23;254;331;367;386;392;642;965;1265;1547;1845;2015;2267;2466;2548;2491;2404;2288;2114;1874;1584;1339;1073;813;597;432;307;213;166
Mujer;Sin informaci¿n;4;Hogares no clasificados;MATRICULADOS;;;;;;;;;;;;;;;;;;;;;;;1;;;;;1;1;1;1;1;1;5;5;6;6;2;1;;1;;;;;2;1;1;2;2;2;1;1;1
Mujer;Sin informaci¿n;5;Sin informaci¿n;MATRICULADOS;1763;2497;4341;5123;5601;5535;5610;5475;5536;5410;4975;4367;3503;2709;2062;1554;1236;1049;990;859;829;1561;1698;1653;1672;1625;1759;1754;1854;1837;1794;1731;1531;1391;1323;1184;1075;971;852;801;736;711;609;589;497;496;483;488;392;406;385;362;279;315
Mujer;Sin informaci¿n;5;Estrato 1;MATRICULADOS;1;;1;1;3;1;2;1;1;1;;;1;;2;1;3;2;3;4;2;5;5;15;86;303;3815;5451;6276;6967;7485;8668;11698;14169;19127;21522;26468;30098;33209;35968;33289;33866;30616;30624;26685;24953;24868;23528;21626;20392;17903;17304;13019;13680
Mujer;Sin informaci¿n;5;Estrato 2;MATRICULADOS;2;1;2;2;3;4;3;3;1;1;2;4;6;4;2;2;2;1;3;4;3;4;15;16;61;560;6228;9004;10172;11058;11709;13528;17891;20736;27211;29813;34999;37708;41283;43853;40824;41174;37391;36799;32011;29255;28123;26119;23174;21338;18440;17332;12905;13007
Mujer;Sin informaci¿n;5;Estrato 3;MATRICULADOS;5;5;6;5;4;4;7;6;3;5;5;6;5;6;6;5;4;3;5;3;7;7;8;13;29;387;4380;6094;6846;7282;7638;8568;11745;13430;17474;18731;21425;22474;24706;25581;24477;24348;22507;21773;19177;16979;16051;14418;12455;11107;9267;8280;6250;6050
Mujer;Sin informaci¿n;5;Estrato 4;MATRICULADOS;;;;;;;;;;;;;;;;;;;1;2;2;3;4;4;5;102;1107;1444;1577;1664;1697;1960;2908;3300;4319;4593;5264;5453;6107;6263;6116;5939;5568;5226;4617;4030;3636;3038;2488;2023;1648;1359;1012;882
Mujer;Sin informaci¿n;5;Estrato 5;MATRICULADOS;;;;;;;;;;;;;;;;;;;;;;;;;2;30;390;506;557;592;602;762;1103;1311;1685;1849;2053;2168;2395;2430;2394;2323;2185;2014;1807;1570;1399;1138;897;700;570;424;300;262
Mujer;Sin informaci¿n;5;Estrato 6;MATRICULADOS;;;;;;;;;;;;;;;;;;;;;;;;;;17;204;262;286;304;305;457;619;760;913;1062;1161;1315;1405;1476;1487;1403;1343;1239;1096;941;799;612;456;319;253;182;127;107
Mujer;Sin informaci¿n;5;Hogares no clasificados;MATRICULADOS;;;;;;;;;;;;;;;;;;;;;;;;;;1;3;3;3;3;3;3;2;1;;;1;1;1;1;;1;1;1;1;1;1;;;;;1;1;
Mujer;Sin informaci¿n;6;Sin informaci¿n;MATRICULADOS;739;1040;1802;2058;2274;2279;2356;2283;2362;2286;2113;1881;1550;1239;952;757;640;526;518;463;438;695;738;754;739;728;772;762;828;817;842;814;733;684;639;577;531;487;454;427;371;379;306;285;262;272;241;245;206;205;197;196;137;165
Mujer;Sin informaci¿n;6;Estrato 1;MATRICULADOS;1;1;1;2;2;3;2;2;2;2;1;2;2;3;1;1;1;1;;;1;1;5;5;39;193;2267;3175;3780;4152;4441;5155;6721;8052;10461;11790;14179;15904;17263;18633;16996;17360;15740;15830;13738;12737;12802;12225;11404;10885;9667;9411;7096;7571
Mujer;Sin informaci¿n;6;Estrato 2;MATRICULADOS;;;1;;1;2;1;;1;2;2;2;2;1;2;1;1;1;1;3;3;3;8;13;32;239;2917;4144;4701;5209;5489;6211;7838;9139;11836;12954;15066;16361;17577;18611;17261;17341;15737;15560;13423;12477;12012;11108;10016;9314;8088;7631;5814;5914
Mujer;Sin informaci¿n;6;Estrato 3;MATRICULADOS;1;1;1;1;1;;;1;1;1;2;2;3;3;3;3;3;2;1;4;3;2;5;10;22;143;1804;2502;2737;2939;3152;3522;4725;5453;6894;7392;8324;8722;9421;9704;9203;9175;8400;8155;7144;6289;6038;5421;4751;4216;3662;3308;2447;2420
Mujer;Sin informaci¿n;6;Estrato 4;MATRICULADOS;;1;;;;;;1;1;;;;;;;;;;;;;1;4;2;2;47;370;533;595;640;649;706;941;1060;1335;1410;1604;1632;1756;1806;1767;1709;1617;1532;1315;1142;1085;929;761;651;502;432;330;311
Mujer;Sin informaci¿n;6;Estrato 5;MATRICULADOS;;;;;;;;;;;;;;;;;;;;;;;;1;4;17;123;160;172;175;181;210;313;361;468;500;577;593;635;646;636;606;585;541;476;431;373;292;239;189;150;121;82;53
Mujer;Sin informaci¿n;6;Estrato 6;MATRICULADOS;;;;;;;;;;;;;;;;;;;;;;;;;;4;79;94;107;107;109;150;199;252;290;356;386;427;460;475;458;439;408;383;345;287;240;183;138;97;76;56;35;32
Mujer;Sin informaci¿n;6;Hogares no clasificados;MATRICULADOS;;;;;;;;;;;;;;;;;;;;;;;;;;;;;;;;;;1;1;1;1;1;2;1;1;2;2;2;2;2;2;1;;1;1;3;1;1
Mujer;Sin informaci¿n;7;Sin informaci¿n;MATRICULADOS;244;371;648;729;837;850;873;829;859;822;787;711;600;501;415;340;281;242;259;255;250;339;372;357;371;352;374;389;383;400;393;378;335;316;302;271;267;261;228;202;183;167;143;141;137;137;137;118;104;100;85;87;67;84
Mujer;Sin informaci¿n;7;Estrato 1;MATRICULADOS;;;1;;;;;;;;;;1;1;1;1;;1;;;;;1;2;15;85;1109;1585;1848;2071;2229;2612;3269;3832;4952;5627;6700;7641;8173;8857;8083;8196;7310;7395;6430;5979;6091;5951;5534;5341;4692;4597;3458;3739
Mujer;Sin informaci¿n;7;Estrato 2;MATRICULADOS;2;2;2;3;4;4;2;1;2;2;2;2;2;1;1;2;1;;;;1;2;5;7;19;95;1249;1753;2007;2195;2375;2709;3351;3906;5019;5422;6310;6866;7412;7824;7250;7290;6549;6537;5634;5225;5065;4757;4347;4009;3501;3325;2493;2608
Mujer;Sin informaci¿n;7;Estrato 3;MATRICULADOS;2;2;2;2;2;2;1;1;1;1;1;1;1;;1;;;;;;;;;1;2;52;732;985;1107;1184;1240;1354;1776;2044;2619;2816;3200;3355;3646;3802;3557;3516;3259;3194;2770;2423;2350;2182;1889;1715;1464;1367;1022;1013
Mujer;Sin informaci¿n;7;Estrato 4;MATRICULADOS;;;;;;;;;;;;;;;;;;;;;;1;1;1;1;22;123;161;173;184;184;203;278;318;414;438;490;508;595;614;590;576;548;520;457;409;397;352;299;254;189;174;120;101
Mujer;Sin informaci¿n;7;Estrato 5;MATRICULADOS;;;;;;;;;;;;;;;;;;;;;;;;;;2;30;44;51;51;57;73;109;120;146;157;156;159;186;188;178;172;165;148;134;116;111;89;74;58;55;47;30;23
Mujer;Sin informaci¿n;7;Estrato 6;MATRICULADOS;;;;;;;;;;;;;;;;;;;;;;;;;;;22;32;34;35;34;45;59;76;91;109;127;129;126;125;126;126;115;99;96;82;70;57;45;42;32;21;19;15
Mujer;Sin informaci¿n;7;Hogares no clasificados;MATRICULADOS;;;;;;;;;;;;;;;;;;;;;;;;;;;1;1;1;1;1;1;1;;;;;;;;;;;;;;;;;;;;;
Mujer;Sin informaci¿n;8;Sin informaci¿n;MATRICULADOS;110;176;260;288;308;332;341;324;329;328;293;267;224;202;182;153;121;115;113;111;121;197;225;211;211;196;227;222;231;228;226;212;192;196;190;170;157;152;134;128;118;110;94;87;68;69;68;69;59;71;56;59;42;51
Mujer;Sin informaci¿n;8;Estrato 1;MATRICULADOS;;;;;;;;;;;;;;;;;;;;;;1;2;2;13;45;673;931;1101;1251;1301;1527;1815;2146;2771;3172;3615;4103;4384;4757;4241;4325;3834;3865;3362;3223;3332;3209;2993;2848;2586;2505;1913;2063
Mujer;Sin informaci¿n;8;Estrato 2;MATRICULADOS;;;;;1;;;;;;;;;;;;;;;;;1;2;1;9;45;651;924;1066;1164;1234;1434;1746;1950;2495;2659;3039;3305;3536;3768;3443;3525;3155;3157;2738;2549;2422;2286;2045;1927;1701;1611;1206;1293
Mujer;Sin informaci¿n;8;Estrato 3;MATRICULADOS;;;;1;1;2;1;1;1;1;1;1;2;1;1;;;;;;1;1;2;2;7;19;354;487;538;579;615;671;867;997;1262;1384;1601;1712;1785;1846;1722;1744;1575;1536;1339;1196;1178;1077;933;851;732;700;517;532
Mujer;Sin informaci¿n;8;Estrato 4;MATRICULADOS;;;;;;;;;;;;;;;;;;;;;;;;;;9;60;76;86;92;101;104;137;149;180;192;203;208;243;238;241;236;208;199;168;156;151;119;111;93;73;69;51;43
Mujer;Sin informaci¿n;8;Estrato 5;MATRICULADOS;;;;;;;;;;;;;;;;;;;;;;;;;;4;19;22;19;22;23;28;38;31;41;45;54;60;58;59;61;61;58;56;50;43;40;30;28;22;20;18;13;12
Mujer;Sin informaci¿n;8;Estrato 6;MATRICULADOS;;;;;;;;;;;;;;;;;;;;;;;;;;;12;16;17;16;15;24;26;31;31;39;36;38;36;39;36;31;28;23;19;19;18;11;9;7;4;3;3;3
Mujer;Sin informaci¿n;8;Hogares no clasificados;MATRICULADOS;;;;;;;;;;;;;;;;;;;;;;;;;;;;;;;;;;1;1;1;1;1;1;1;1;1;1;1;;;;;;;;;;
Mujer;Sin informaci¿n;9;Sin informaci¿n;MATRICULADOS;49;79;138;166;165;172;184;170;189;181;168;155;137;288;246;179;181;175;165;129;106;145;155;156;149;142;154;155;159;168;153;156;140;141;124;118;112;118;97;92;79;67;59;51;56;52;45;48;38;44;42;40;36;41
Mujer;Sin informaci¿n;9;Estrato 1;MATRICULADOS;;;;;;;;;;;;;;;;;;;;;;1;2;3;5;29;282;438;515;577;609;698;851;971;1205;1285;1431;1627;1733;1921;1739;1770;1587;1608;1363;1323;1378;1371;1284;1231;1101;1110;853;922
Mujer;Sin informaci¿n;9;Estrato 2;MATRICULADOS;;;;;;;;;;;;;;;;;;;;;;;2;1;7;24;329;458;511;538;583;649;817;943;1164;1232;1376;1535;1615;1687;1514;1516;1309;1322;1113;1047;1019;971;874;880;790;780;556;596
Mujer;Sin informaci¿n;9;Estrato 3;MATRICULADOS;;;;;;;;;;;;;;;;;;;;;;;;2;;11;155;243;266;279;297;313;412;460;552;606;682;733;748;783;729;749;664;651;575;514;492;449;406;379;308;266;213;227
Mujer;Sin informaci¿n;9;Estrato 4;MATRICULADOS;;;;;;;;;;;;;;;;;;;;;;;;;;;17;32;36;33;31;35;48;55;70;69;70;73;81;86;74;71;68;60;47;44;41;37;36;30;24;25;19;22
Mujer;Sin informaci¿n;9;Estrato 5;MATRICULADOS;;;;;;;;;;;;;;;;;;;;;;;;;;;10;10;12;13;13;11;22;23;27;26;27;23;22;23;20;20;19;18;9;12;8;8;6;4;3;4;4;3
Mujer;Sin informaci¿n;9;Estrato 6;MATRICULADOS;;;;;;;;;;;;;;;;;;;;;;;;;;1;4;3;6;7;4;4;5;5;7;10;9;7;8;6;7;5;5;6;6;6;4;4;2;2;;;;
Mujer;Sin informaci¿n;10;Sin informaci¿n;MATRICULADOS;;;;;;;;;;;;;;;;;;;;;1;4;4;7;8;9;9;7;7;12;10;7;7;8;6;5;4;6;6;7;7;5;3;2;;1;1;2;2;2;3;3;1;2
Mujer;Sin informaci¿n;10;Estrato 1;MATRICULADOS;;;;;;;;;;;;;;;;;;;;;;;1;1;7;20;168;249;313;350;385;443;540;622;805;889;1027;1196;1251;1358;1224;1222;1058;1065;950;918;947;915;831;825;754;750;566;620
Mujer;Sin informaci¿n;10;Estrato 2;MATRICULADOS;;;;;;;;;;;;;;;1;1;1;1;1;2;2;2;2;1;3;17;214;297;342;369;394;436;531;590;721;812;903;1005;1071;1112;986;1006;892;904;763;709;684;665;612;562;498;476;365;382
Mujer;Sin informaci¿n;10;Estrato 3;MATRICULADOS;;;;;;;;;;;;;;;;;;;;;;;;;1;5;110;144;165;183;184;223;274;292;387;418;456;472;480;529;460;474;416;399;352;314;322;303;280;253;210;199;160;154
Mujer;Sin informaci¿n;10;Estrato 4;MATRICULADOS;;;;;;;;;;;;;;;;;;;;;;;;;;1;11;16;21;23;27;31;39;42;41;38;45;37;39;44;43;40;32;28;32;27;28;24;24;23;22;20;13;10
Mujer;Sin informaci¿n;10;Estrato 5;MATRICULADOS;;;;;;;;;;;;;;;;;;;;;;;;;;;3;6;6;6;6;4;6;9;11;11;13;12;13;17;15;16;16;14;12;9;9;8;6;5;4;3;2;3
Mujer;Sin informaci¿n;10;Estrato 6;MATRICULADOS;;;;;;;;;;;;;;;;;;;;;;;;;;;1;2;4;4;3;3;6;6;5;5;7;6;5;5;6;3;3;1;3;2;2;1;;;;;;
Mujer;Sin informaci¿n;11;Sin informaci¿n;MATRICULADOS;;;;;;;;;;;;;;;;;;;;;4;24;29;28;30;25;30;28;34;34;38;31;27;23;22;23;22;23;22;16;15;13;12;10;9;6;8;9;13;10;10;9;6;7
Mujer;Sin informaci¿n;11;Estrato 1;MATRICULADOS;;;;;;;;;;;;;;;;;;;;;;;;;3;10;104;145;163;181;187;204;256;294;359;392;451;486;524;585;547;523;463;462;386;372;382;368;341;330;314;326;230;254
Mujer;Sin informaci¿n;11;Estrato 2;MATRICULADOS;;;;;;;;;;;;;;;;;;;;;;;;;1;5;105;141;170;186;189;201;249;265;330;366;405;429;443;501;451;463;381;391;334;329;304;275;256;235;210;203;162;165
Mujer;Sin informaci¿n;11;Estrato 3;MATRICULADOS;;;1;1;;;;;;;;;;;;;;;;;;;;;;2;45;63;77;86;88;105;118;143;173;183;206;219;255;266;253;243;209;215;176;168;163;134;115;104;91;87;63;72
Mujer;Sin informaci¿n;11;Estrato 4;MATRICULADOS;;;;;;;;;;;;;;;;;;;;;;;;;1;1;;2;2;2;2;2;8;7;10;8;10;12;14;18;18;17;14;14;14;10;9;7;10;8;9;4;3;4
Mujer;Sin informaci¿n;11;Estrato 5;MATRICULADOS;;;;;;;;;;;;;;;;;;;;;;;;;;;1;1;1;1;1;2;2;1;3;2;2;4;3;5;4;5;5;5;4;4;4;4;1;1;;1;1;1
Mujer;Sin informaci¿n;11;Estrato 6;MATRICULADOS;;;;;;;;;;;;;;;;;;;;;;;;;;;1;1;1;;1;1;;;1;1;1;1;1;1;1;1;1;1;1;1;1;1;1;1;1;1;1;1
Mujer;Sin informaci¿n;12;Sin informaci¿n;MATRICULADOS;;;;;;;;;;;;;;;;;;;;;1;19;24;26;24;25;31;28;31;35;36;37;42;36;31;33;25;20;19;20;15;12;12;7;7;5;4;5;5;7;7;4;3;4
Mujer;Sin informaci¿n;12;Estrato 1;MATRICULADOS;;;;;;;;;;;;;;;;;;;;;;;;;3;14;155;207;219;240;252;311;375;454;576;595;682;770;718;714;632;651;555;518;508;480;464;442;408;411;361;363;279;297
Mujer;Sin informaci¿n;12;Estrato 2;MATRICULADOS;;;;;;;;;;;;;;;;;;;;;;;;;1;11;207;274;320;326;345;430;502;520;668;706;783;850;775;784;675;673;568;589;520;481;460;452;398;413;353;350;244;265
Mujer;Sin informaci¿n;12;Estrato 3;MATRICULADOS;;;;;;;;;;;;;;;;;;;;;;;;;2;10;99;146;168;175;175;205;276;311;372;400;403;404;376;362;334;332;316;295;268;231;227;209;176;178;139;155;116;125
Mujer;Sin informaci¿n;12;Estrato 4;MATRICULADOS;;;;;;;;;;;;;;;;;;;;;;;;;;;12;18;18;20;21;24;28;34;41;43;45;47;47;48;48;49;49;45;37;33;37;33;28;20;15;14;8;7
Mujer;Sin informaci¿n;12;Estrato 5;MATRICULADOS;;;;;;;;;;;;;;;;;;;;;;;;;;;3;4;3;3;3;5;5;7;7;7;11;10;11;7;12;10;9;8;6;6;7;7;4;2;1;;;
Mujer;Sin informaci¿n;12;Estrato 6;MATRICULADOS;;;;;;;;;;;;;;;;;;;;;;;;;;;;1;1;2;1;1;1;3;3;5;5;6;7;7;6;6;6;5;3;1;1;1;;;;;;
Mujer;Sin informaci¿n;13;Estrato 1;MATRICULADOS;;;;;;;;;;;;;;;;;;;;;;;;;;;;;;;;;;;;;1;14;114;197;191;201;199;193;138;132;134;136;133;120;114;118;88;89
Mujer;Sin informaci¿n;13;Estrato 2;MATRICULADOS;;;;;;;;;;;;;;;;;;;;;;;;;;;1;1;1;1;1;1;1;1;2;2;4;21;131;179;181;189;183;207;150;145;141;125;121;122;104;83;67;61
Mujer;Sin informaci¿n;13;Estrato 3;MATRICULADOS;;;;;;;;;;;;;;;;;;;;;;;;;;;;1;1;1;;;;;1;1;2;14;91;105;102;100;90;102;82;81;78;71;67;65;48;44;29;35
Mujer;Sin informaci¿n;13;Estrato 4;MATRICULADOS;;;;;;;;;;;;;;;;;;;;;;;;;;;;;;;;;;;;;;1;8;8;9;7;8;11;11;11;11;10;10;6;6;4;4;5
Mujer;Sin informaci¿n;13;Estrato 5;MATRICULADOS;;;;;;;;;;;;;;;;;;;;;;;;;;;;;;;;;;;;;;;3;1;1;1;1;1;1;1;1;1;1;1;1;1;1;1
Mujer;Sin informaci¿n;13;Estrato 6;MATRICULADOS;;;;;;;;;;;;;;;;;;;;;;;;;;;;;;;;;;;;;;;;;;;;;1;1;;;;;;;;
Mujer;Menos de un salario mínimo;Sin informaci¿n;Sin informaci¿n;MATRICULADOS;65;98;168;193;271;305;357;340;373;369;366;362;364;349;328;313;325;302;374;416;460;462;475;489;445;444;463;469;500;496;475;472;441;440;415;413;404;408;381;384;337;321;267;260;217;212;200;218;187;188;168;170;107;139
Mujer;Menos de un salario mínimo;Sin informaci¿n;Estrato 1;MATRICULADOS;3;4;3;4;24;140;633;994;1657;2161;3092;3907;4964;5635;6002;5930;6083;6089;6772;7059;7313;7146;7105;7133;7121;6804;7047;6934;7116;7181;7016;7024;6910;6727;6394;6045;5574;5499;5025;4936;4503;4376;3958;3764;3329;3349;3320;3438;3084;3110;2735;2738;2032;2354
Mujer;Menos de un salario mínimo;Sin informaci¿n;Estrato 2;MATRICULADOS;6;6;12;15;41;232;1035;1701;2851;3784;5290;6461;7941;9046;9393;9450;9903;10078;11265;11543;11798;11635;11674;11473;11530;11017;11529;11290;11593;11764;11655;11717;11241;10933;10683;10064;9537;9146;8525;8432;7680;7521;6665;6462;5559;5595;5431;5439;4912;4853;4190;4211;3036;3604
Mujer;Menos de un salario mínimo;Sin informaci¿n;Estrato 3;MATRICULADOS;;;;;5;56;221;364;607;791;1203;1479;1731;1953;2023;2029;2131;2166;2342;2374;2439;2372;2323;2289;2248;2191;2275;2261;2365;2471;2375;2429;2349;2296;2243;2202;2059;1986;1831;1819;1684;1664;1475;1435;1211;1267;1202;1195;1076;1048;910;921;685;773
Mujer;Menos de un salario mínimo;Sin informaci¿n;Estrato 4;MATRICULADOS;;;;;1;5;17;22;34;37;53;65;92;90;90;85;86;87;87;93;95;81;81;77;72;62;60;56;62;64;72;72;80;74;74;69;62;65;55;44;53;44;41;34;31;32;35;32;26;28;26;26;20;22
Mujer;Menos de un salario mínimo;Sin informaci¿n;Estrato 5;MATRICULADOS;;;;;;2;4;6;11;9;11;10;10;8;14;13;11;14;21;19;24;26;26;28;27;28;24;22;23;27;24;24;21;22;17;15;20;16;14;13;11;11;8;6;9;7;6;11;9;10;12;11;3;5
Mujer;Menos de un salario mínimo;Sin informaci¿n;Estrato 6;MATRICULADOS;;;;;;;;;1;2;3;3;8;7;7;8;8;8;10;8;4;4;4;1;2;1;1;2;1;1;1;3;4;3;3;1;1;;1;1;;;;;1;1;1;1;1;1;;;;
Mujer;Menos de un salario mínimo;1;Sin informaci¿n;MATRICULADOS;7;13;16;16;26;26;32;32;27;26;34;29;19;20;20;19;23;20;21;28;33;30;31;30;28;20;25;24;25;34;30;31;33;30;26;23;26;26;31;32;33;35;28;26;22;21;23;25;21;20;15;15;9;15
Mujer;Menos de un salario mínimo;2;Sin informaci¿n;MATRICULADOS;77;118;172;207;271;325;346;349;381;371;531;495;486;448;432;381;346;320;333;337;350;350;353;362;351;340;378;390;398;396;388;380;385;379;371;14465;13850;13570;12360;10458;9250;7738;6890;6023;4830;3014;2191;1486;1126;872;646;496;375;346
Mujer;Menos de un salario mínimo;3;Sin informaci¿n;MATRICULADOS;195;292;426;1408;1338;1404;1402;1008;1072;1016;994;968;905;906;805;723;696;685;774;761;2315;2195;2127;2105;2070;2015;1973;1987;2006;1986;1792;1629;1457;1352;1259;1191;1116;1066;916;850;763;696;611;566;473;474;476;475;425;430;381;380;288;315
Mujer;Menos de un salario mínimo;4;Sin informaci¿n;MATRICULADOS;300;473;650;778;1069;1237;1367;1363;1424;1432;1447;1429;1298;1294;1183;1111;1125;1083;1198;1214;1253;1193;1245;1280;1334;1262;1333;1315;1384;8257;7909;7697;7595;7384;7371;7180;7125;6988;6221;4438;3279;2482;1802;1476;1153;1042;922;856;723;714;577;580;405;486
Mujer;Menos de un salario mínimo;5;Sin informaci¿n;MATRICULADOS;345;525;747;895;1207;1421;1565;1544;1637;1637;1624;1797;1665;1585;1539;1430;1378;1283;1441;1444;1484;1490;1511;1530;1609;1540;1656;1675;1742;1778;1721;1718;1626;1622;1549;1472;1421;1359;1251;1242;1145;1132;993;946;800;791;783;797;685;688;638;646;479;542
Mujer;Menos de un salario mínimo;6;Sin informaci¿n;MATRICULADOS;253;414;590;670;911;1064;1203;1154;1281;1245;1240;1238;1142;1102;1006;974;961;931;1044;1075;1117;1101;1139;1159;1196;1181;1271;1262;1306;1372;1338;1337;1301;1261;1243;1188;1089;1050;982;975;894;905;775;754;635;653;584;613;546;554;467;487;374;456
Mujer;Menos de un salario mínimo;7;Sin informaci¿n;MATRICULADOS;160;264;368;432;571;669;755;731;830;797;803;796;756;741;693;643;618;613;669;696;729;737;812;805;843;846;916;906;961;965;941;956;895;838;826;763;709;698;669;654;582;588;509;521;453;450;436;425;386;405;361;348;254;289
Mujer;Menos de un salario mínimo;8;Sin informaci¿n;MATRICULADOS;88;133;207;238;304;377;427;410;449;448;455;452;424;408;396;378;367;372;435;450;457;485;488;517;523;496;542;535;568;574;560;570;551;549;532;489;443;416;398;393;375;359;307;308;252;254;262;270;260;251;226;212;159;174
Mujer;Menos de un salario mínimo;9;Sin informaci¿n;MATRICULADOS;86;121;164;200;242;288;328;304;332;324;319;318;301;271;247;229;214;218;264;281;293;318;332;337;336;334;364;360;396;408;416;413;393;397;364;317;295;311;289;282;249;245;216;205;175;174;198;201;181;176;146;148;102;125
Mujer;Entre 1 y menos de 2 salarios mínimos;Sin informaci¿n;Sin informaci¿n;MATRICULADOS;227;356;521;579;753;832;892;872;945;929;920;889;882;865;773;729;758;714;776;799;835;838;834;810;819;829;836;840;866;919;878;884;819;802;796;745;705;651;626;611;590;581;516;502;421;454;417;440;388;391;307;332;246;282
Mujer;Entre 1 y menos de 2 salarios mínimos;Sin informaci¿n;Estrato 1;MATRICULADOS;12;10;18;18;45;222;1094;1624;2744;3472;4751;5694;7200;7654;8078;7997;7949;7677;8088;8090;7854;7478;7101;6679;6511;6099;6339;6031;6075;6051;5792;5869;5586;5371;5200;4959;4649;4438;4047;3997;3722;3586;3150;3110;2738;2824;2782;2795;2569;2525;2142;2143;1626;1891
Mujer;Entre 1 y menos de 2 salarios mínimos;Sin informaci¿n;Estrato 2;MATRICULADOS;36;43;62;64;141;1043;4657;7294;12307;15717;21469;25768;31108;34655;35757;35433;36039;35104;36625;36138;35512;33692;32058;30676;29649;27543;27322;26179;26214;25730;25044;24840;23638;22749;21999;20745;19622;18480;17190;16863;15448;15021;13141;12769;11027;11259;10895;10888;9774;9716;8503;8544;6149;6995
Mujer;Entre 1 y menos de 2 salarios mínimos;Sin informaci¿n;Estrato 3;MATRICULADOS;10;8;12;13;39;437;2073;3006;4927;6139;8918;10503;12381;13507;13960;13887;14016;13452;13896;13310;12883;11938;11139;10387;9889;9179;9021;8754;8830;8665;8493;8471;8092;7829;7662;7268;6917;6563;6182;5951;5418;5380;4746;4530;3863;4002;3852;3794;3356;3317;2840;2845;2117;2412
Mujer;Entre 1 y menos de 2 salarios mínimos;Sin informaci¿n;Estrato 4;MATRICULADOS;;;1;2;3;21;97;140;229;293;416;440;517;528;534;526;516;480;493;448;421;379;357;328;319;285;294;259;263;255;266;266;250;244;224;200;181;181;171;165;158;145;136;122;113;105;93;101;89;95;87;89;64;71
Mujer;Entre 1 y menos de 2 salarios mínimos;Sin informaci¿n;Estrato 5;MATRICULADOS;;;;;2;6;23;31;45;54;66;82;102;99;111;113;112;108;101;100;89;79;65;62;60;60;61;59;56;54;57;56;55;48;42;43;44;47;54;48;40;38;37;36;27;29;24;23;21;22;23;24;15;16
Mujer;Entre 1 y menos de 2 salarios mínimos;Sin informaci¿n;Estrato 6;MATRICULADOS;;;;;;2;2;4;8;9;12;17;20;20;20;23;24;19;18;15;14;17;18;12;12;12;11;13;13;12;11;12;16;13;9;8;7;7;7;9;6;5;3;3;1;1;1;1;2;3;1;3;1;2
Mujer;Entre 1 y menos de 2 salarios mínimos;1;Sin informaci¿n;MATRICULADOS;27;37;50;65;73;80;82;77;83;81;75;77;74;63;60;51;56;49;53;58;55;50;52;43;48;47;59;55;55;57;57;54;47;45;44;36;40;39;37;37;33;34;24;21;20;22;17;18;21;18;16;19;16;19
Mujer;Entre 1 y menos de 2 salarios mínimos;1;Estrato 1;MATRICULADOS;;;;;;;;;;;;;;;;;;;;;1;11;91;121;160;165;167;183;206;239;288;340;322;310;320;303;268;249;223;204;184;183;171;182;165;153;151;152;142;135;121;127;93;102
Mujer;Entre 1 y menos de 2 salarios mínimos;1;Estrato 2;MATRICULADOS;;;;;;;;;;1;;1;1;;;;;;;;1;2;17;24;41;47;54;47;63;82;118;120;129;111;112;103;98;92;84;80;75;79;69;68;62;51;50;50;44;42;29;35;24;30
Mujer;Entre 1 y menos de 2 salarios mínimos;1;Estrato 3;MATRICULADOS;;;;;;;1;1;1;1;;;;;;;;;;;;3;11;10;18;21;22;21;26;25;39;34;35;35;34;32;24;21;24;27;20;24;24;23;14;14;12;14;13;11;11;9;7;10
Mujer;Entre 1 y menos de 2 salarios mínimos;1;Estrato 4;MATRICULADOS;;;;;;;;;;;;;;;;;;;;;;;1;2;3;4;3;3;4;4;5;6;5;3;3;3;5;6;5;5;6;4;4;4;1;1;1;;;;;;;
Mujer;Entre 1 y menos de 2 salarios mínimos;1;Estrato 5;MATRICULADOS;;;;;;;;;;;;;;;;;;;;;;;1;2;2;1;2;1;1;1;1;1;2;2;2;2;3;2;1;1;;;;;1;1;1;1;1;1;1;1;2;
Mujer;Entre 1 y menos de 2 salarios mínimos;1;Estrato 6;MATRICULADOS;;;;;;;;;;;;;;;;;;;;;;;;;;;1;;1;;;;;1;;;;;1;;;;;;;;;;;;;;;
Mujer;Entre 1 y menos de 2 salarios mínimos;2;Sin informaci¿n;MATRICULADOS;285;416;678;777;1046;1131;1227;1198;1255;1240;1234;1211;1050;979;894;799;755;723;766;740;738;708;711;686;699;698;692;704;724;708;700;723;685;668;661;610;585;567;546;524;469;457;390;377;315;310;312;312;289;285;257;252;192;212
Mujer;Entre 1 y menos de 2 salarios mínimos;2;Estrato 1;MATRICULADOS;;;;;;;;;;;;;;;;;;1;;;;17;131;177;328;373;441;461;696;920;1203;1422;1464;1485;1490;1468;1367;1370;1245;1213;1080;1070;933;945;811;800;795;787;738;715;626;620;445;503
Mujer;Entre 1 y menos de 2 salarios mínimos;2;Estrato 2;MATRICULADOS;;;;;;;;;;;;;;;;;;;;;;21;177;251;423;482;568;645;987;1137;1457;1667;1714;1667;1593;1509;1421;1386;1256;1238;1115;1075;924;881;761;748;738;712;663;649;569;545;402;440
Mujer;Entre 1 y menos de 2 salarios mínimos;2;Estrato 3;MATRICULADOS;1;1;1;1;1;1;1;1;1;1;1;1;1;;1;1;1;1;;;1;8;62;111;178;209;231;259;332;391;488;560;546;550;524;500;441;418;378;350;299;276;240;225;190;185;171;175;155;157;134;129;85;107
Mujer;Entre 1 y menos de 2 salarios mínimos;2;Estrato 4;MATRICULADOS;;;;;;;;;;;;;;;;;;;;;;;5;12;20;22;23;23;26;32;35;41;37;37;36;31;29;25;32;27;31;26;26;22;20;16;15;15;12;9;10;8;7;6
Mujer;Entre 1 y menos de 2 salarios mínimos;2;Estrato 5;MATRICULADOS;;;;;;;;;;;;;;;;;;;;;;;1;2;1;1;;;2;3;4;4;4;4;4;4;4;4;1;1;1;1;2;2;1;1;1;2;2;2;1;1;;
Mujer;Entre 1 y menos de 2 salarios mínimos;2;Estrato 6;MATRICULADOS;;;;;;;;;;;;;;;;;;;;;;;;;;;1;1;;;;;;;;1;2;2;1;1;1;1;1;;1;;1;1;1;1;1;;;
Mujer;Entre 1 y menos de 2 salarios mínimos;3;Sin informaci¿n;MATRICULADOS;814;1226;1907;2293;3030;3436;3663;3592;3824;3751;3660;3447;3144;2979;2630;2329;2258;2084;2241;2136;2152;2035;2075;2096;2173;4907;4825;4702;4696;4724;4674;4555;4518;4371;4268;3850;3568;3176;2521;2245;1913;1708;1403;1277;1107;1120;1082;1092;955;944;779;800;592;681
Mujer;Entre 1 y menos de 2 salarios mínimos;3;Estrato 1;MATRICULADOS;;;;;;;;;;;;;;;;;;;;;1;55;431;609;1074;1219;1512;1630;2529;3141;4143;4985;5204;5212;5260;5060;4648;4606;4254;4140;3730;3550;3225;3102;2734;2650;2673;2621;2476;2458;2129;2113;1580;1773
Mujer;Entre 1 y menos de 2 salarios mínimos;3;Estrato 2;MATRICULADOS;;;;;;1;1;1;;;;1;1;1;2;1;1;;;1;3;38;404;623;1122;1306;1574;1667;2518;2954;3881;4478;4576;4510;4443;4285;3918;3833;3568;3418;2993;2870;2516;2377;2104;2003;1997;1906;1711;1657;1473;1516;1152;1264
Mujer;Entre 1 y menos de 2 salarios mínimos;3;Estrato 3;MATRICULADOS;;;;;;;;;;;;;;1;;;;;;;;10;136;231;377;430;467;501;731;861;1092;1241;1251;1229;1211;1155;1058;992;874;851;751;722;640;607;521;459;492;475;423;423;364;360;264;291
Mujer;Entre 1 y menos de 2 salarios mínimos;3;Estrato 4;MATRICULADOS;;;;;;;;;;;;;;;;;;;;;;1;9;20;28;34;41;42;48;48;64;69;62;60;54;57;51;51;41;38;34;29;22;26;21;17;18;18;15;15;13;15;10;10
Mujer;Entre 1 y menos de 2 salarios mínimos;3;Estrato 5;MATRICULADOS;;;;;;;;;;;;;;;;;;;;;;1;2;3;3;4;5;3;5;5;7;9;9;9;8;9;9;9;8;11;8;7;6;6;6;5;3;2;4;4;3;4;3;3
Mujer;Entre 1 y menos de 2 salarios mínimos;3;Estrato 6;MATRICULADOS;;;;;;;;;;;;;;;;;;;;;;;1;2;2;2;2;2;1;3;3;3;2;4;3;3;2;1;1;1;;;;1;1;1;1;2;;1;1;1;;
Mujer;Entre 1 y menos de 2 salarios mínimos;4;Sin informaci¿n;MATRICULADOS;1611;2442;3740;4427;5981;6745;7181;7127;7550;7334;7266;6934;6228;5817;5222;4697;4415;4064;4383;4270;4253;4116;4107;4086;4253;4048;4181;4059;4267;4338;4218;4173;4082;3990;3839;3564;3375;3214;2982;2933;2700;2677;2343;2275;1934;2027;1976;1939;1764;1765;1500;1523;1095;1224
Mujer;Entre 1 y menos de 2 salarios mínimos;4;Estrato 1;MATRICULADOS;;;;;1;2;;;;;;;;;;;;1;;;4;82;686;1063;1959;2307;2818;2976;4681;5668;7505;9136;9460;9673;9702;9359;8570;8387;7646;7420;6557;6193;5571;5408;4800;4635;4713;4721;4337;4290;3742;3752;2796;3158
Mujer;Entre 1 y menos de 2 salarios mínimos;4;Estrato 2;MATRICULADOS;;;;;;;;;;;;;;;;;;;1;1;4;79;655;1005;1814;2107;2508;2644;3994;4731;6018;6971;7116;7039;6977;6623;6020;5930;5521;5191;4569;4348;3852;3662;3147;2942;2956;2874;2583;2501;2199;2196;1674;1859
Mujer;Entre 1 y menos de 2 salarios mínimos;4;Estrato 3;MATRICULADOS;;;;;;1;;;;;;;;;;;;;;;;17;168;256;436;519;592;628;888;1086;1407;1628;1625;1615;1557;1462;1370;1301;1165;1119;976;914;814;761;640;615;607;589;521;481;433;405;319;344
Mujer;Entre 1 y menos de 2 salarios mínimos;4;Estrato 4;MATRICULADOS;;;;;;;;;;;;;;;;;;;;;;3;17;23;36;46;53;49;59;72;89;102;106;110;107;96;85;84;79;74;64;60;50;45;34;28;26;27;23;24;18;16;12;14
Mujer;Entre 1 y menos de 2 salarios mínimos;4;Estrato 5;MATRICULADOS;;;;;;;;;;;;;;;;;;;;;;;1;4;6;7;9;8;9;10;12;13;13;9;10;10;9;9;9;9;7;6;5;4;2;3;4;3;4;6;3;5;4;6
Mujer;Entre 1 y menos de 2 salarios mínimos;4;Estrato 6;MATRICULADOS;;;;;;;;;;;;;;;;;;;;;;;;4;4;6;2;1;5;5;5;8;8;8;9;8;5;4;3;5;6;5;5;7;5;6;4;3;4;3;2;3;3;2
Mujer;Entre 1 y menos de 2 salarios mínimos;5;Sin informaci¿n;MATRICULADOS;1743;2581;3952;4631;6244;7243;7771;7661;8289;8108;7916;7631;6927;6612;6054;5460;5163;4806;5107;4937;4985;4856;4855;4768;4841;4639;4916;9629;9556;9582;9460;9370;9153;8899;8732;8420;8010;7130;5885;5013;4140;3802;3209;3035;2587;2564;2418;2382;2143;2124;1809;1818;1349;1520
Mujer;Entre 1 y menos de 2 salarios mínimos;5;Estrato 1;MATRICULADOS;;;;;;1;;;;;;1;;;;;;;;;3;76;723;1028;1996;2314;2870;3008;4768;5823;7740;9261;9630;9790;9831;9470;8487;8354;7633;7297;6536;6231;5606;5496;4922;4709;4769;4759;4445;4340;3793;3838;2878;3344
Mujer;Entre 1 y menos de 2 salarios mínimos;5;Estrato 2;MATRICULADOS;;;;;;1;;;;;;;;;;;;;;;2;60;493;793;1428;1704;2035;2215;3255;3866;4977;5843;5938;5858;5826;5645;5024;4950;4606;4310;3862;3705;3270;3146;2765;2666;2637;2591;2337;2262;2061;2071;1544;1694
Mujer;Entre 1 y menos de 2 salarios mínimos;5;Estrato 3;MATRICULADOS;1;1;1;1;1;1;1;1;1;1;1;1;;;;;;;;;1;14;115;183;319;382;473;501;701;819;1023;1165;1136;1172;1120;1080;981;934;857;809;732;680;599;569;506;499;494;469;431;398;358;334;233;265
Mujer;Entre 1 y menos de 2 salarios mínimos;5;Estrato 4;MATRICULADOS;;;;;;;;;;;;;;;;;;;;;;1;15;19;36;38;37;36;40;54;65;64;67;60;59;49;48;36;39;30;36;25;24;26;21;24;24;20;20;22;22;19;17;16
Mujer;Entre 1 y menos de 2 salarios mínimos;5;Estrato 5;MATRICULADOS;;;;;;;;;;;;;;;;;;;;;;;3;5;6;5;3;5;8;6;6;9;13;14;16;14;9;12;9;7;6;5;4;6;6;5;4;4;4;3;3;4;4;4
Mujer;Entre 1 y menos de 2 salarios mínimos;5;Estrato 6;MATRICULADOS;;;;;;;;;;;;;;;;;;;;;;;1;1;4;3;4;5;4;4;6;6;6;4;4;2;3;4;3;3;4;3;1;2;1;1;1;1;;;1;;;
Mujer;Entre 1 y menos de 2 salarios mínimos;6;Sin informaci¿n;MATRICULADOS;1123;1699;2510;2934;3866;4481;4889;4755;5094;5096;4944;4788;4377;4150;3824;3455;3308;3097;3381;3413;3440;3371;3373;5248;5222;5042;5114;4991;5029;4985;4925;4865;4730;4538;4284;4019;3669;3534;3148;2949;2608;2468;2079;2029;1738;1721;1637;1672;1489;1538;1332;1363;999;1178
Mujer;Entre 1 y menos de 2 salarios mínimos;6;Estrato 1;MATRICULADOS;;;;;;;;;;;;;;;;;;;;1;2;35;442;650;1230;1527;1910;1968;3055;3719;4927;5993;6210;6348;6412;6153;5517;5462;5008;4790;4239;4023;3618;3548;3158;3114;3197;3178;2978;3018;2718;2720;2089;2355
Mujer;Entre 1 y menos de 2 salarios mínimos;6;Estrato 2;MATRICULADOS;;;;;;;;;;;;;;;;;;1;;;1;27;289;439;817;952;1182;1242;1798;2086;2603;3007;3073;3070;3070;3029;2693;2656;2438;2404;2105;2028;1819;1754;1524;1504;1492;1419;1353;1275;1141;1151;850;938
Mujer;Entre 1 y menos de 2 salarios mínimos;6;Estrato 3;MATRICULADOS;;;;;;;;;;;;1;;;;;;;;;1;5;65;104;195;224;270;276;368;408;514;604;626;613;620;576;527;508;450;446;398;382;335;318;269;237;229;225;193;192;160;164;127;138
Mujer;Entre 1 y menos de 2 salarios mínimos;6;Estrato 4;MATRICULADOS;;;;;;;;;;;;;;;;;;;;;;;3;7;10;11;11;12;15;15;18;24;22;24;30;23;23;19;14;16;15;12;10;10;8;11;10;10;12;13;13;11;7;6
Mujer;Entre 1 y menos de 2 salarios mínimos;6;Estrato 5;MATRICULADOS;;;;;;;;;;;;;;;;;;;;;;;1;1;6;3;5;4;4;5;5;5;5;7;6;5;5;2;2;2;1;1;;;;2;2;2;1;1;1;1;;
Mujer;Entre 1 y menos de 2 salarios mínimos;6;Estrato 6;MATRICULADOS;;;;;;;;;;;;;;;;;;;;;;;1;2;3;3;4;4;5;4;5;6;6;6;5;5;4;4;5;5;4;3;1;;;1;1;1;;2;2;2;2;2
Mujer;Entre 1 y menos de 2 salarios mínimos;7;Sin informaci¿n;MATRICULADOS;564;887;1289;1457;1968;2330;2481;2438;2540;2592;2485;2420;2244;2113;1904;1746;1661;1555;1659;1727;1743;1718;1721;1792;1791;1742;1850;1815;1897;1984;1953;1968;1940;1913;1859;1766;1672;1590;1478;1487;1320;1286;1121;1126;936;924;948;931;800;803;688;717;545;628
Mujer;Entre 1 y menos de 2 salarios mínimos;7;Estrato 1;MATRICULADOS;;;;;;;;;;;;;;;;;;;;;1;19;268;407;726;810;958;1002;1642;2006;2541;3114;3234;3347;3387;3293;2944;2887;2708;2557;2311;2198;2062;2055;1795;1797;1790;1809;1710;1667;1445;1476;1103;1313
Mujer;Entre 1 y menos de 2 salarios mínimos;7;Estrato 2;MATRICULADOS;;;;;;;;;;;;;;;;;;;;;;13;117;203;390;472;547;574;847;1016;1235;1451;1509;1490;1523;1468;1333;1318;1217;1143;1049;1028;906;855;753;723;731;718;648;614;535;538;425;488
Mujer;Entre 1 y menos de 2 salarios mínimos;7;Estrato 3;MATRICULADOS;;;;;;;;;;;;;;;;;;;;;;4;26;37;77;81;103;102;154;172;225;258;250;252;256;243;214;195;182;176;149;156;132;117;102;96;104;104;91;84;84;88;68;76
Mujer;Entre 1 y menos de 2 salarios mínimos;7;Estrato 4;MATRICULADOS;;;;;;;;;;;;;;;;;;;;;;1;5;4;8;6;7;6;5;13;16;13;16;15;16;15;11;10;11;13;12;10;9;12;6;6;6;7;5;4;3;3;2;
Mujer;Entre 1 y menos de 2 salarios mínimos;7;Estrato 5;MATRICULADOS;;;;;;;;;;;;;;;;;;;;;;;;;;1;2;2;3;2;4;5;5;4;3;4;4;5;6;5;5;5;3;3;1;3;3;3;3;3;2;2;2;2
Mujer;Entre 1 y menos de 2 salarios mínimos;7;Estrato 6;MATRICULADOS;;;;;;;;;;;;;;;;;;;;;;;;;;1;;1;3;5;5;5;6;3;3;4;3;2;;1;;;;1;1;1;1;1;;1;;;;
Mujer;Entre 1 y menos de 2 salarios mínimos;8;Sin informaci¿n;MATRICULADOS;262;411;615;701;917;1074;1171;1163;1241;1218;1183;1152;1078;1007;904;811;801;763;856;868;939;908;932;951;988;972;1033;1000;1100;1099;1076;1083;1033;993;941;918;850;833;786;782;737;726;638;613;498;530;552;548;495;488;414;416;310;339
Mujer;Entre 1 y menos de 2 salarios mínimos;8;Estrato 1;MATRICULADOS;;;;;;;;;;;;;;;;;;;;;1;10;178;256;429;504;616;659;951;1131;1455;1886;1933;1942;1990;1929;1722;1696;1609;1558;1414;1346;1245;1197;1079;1089;1076;1115;1053;1002;891;843;636;717
Mujer;Entre 1 y menos de 2 salarios mínimos;8;Estrato 2;MATRICULADOS;;;;;;;;;;;;;;;;;;;;;1;4;70;114;206;249;316;346;481;593;709;836;840;857;858;816;765;758;673;654;563;537;468;447;414;415;412;388;366;372;326;306;233;282
Mujer;Entre 1 y menos de 2 salarios mínimos;8;Estrato 3;MATRICULADOS;;;;;;;;;;;;;;;;;;;;;;2;23;24;50;50;66;72;97;106;140;158;162;168;159;153;152;142;117;112;106;102;90;79;76;66;69;66;52;58;44;46;37;36
Mujer;Entre 1 y menos de 2 salarios mínimos;8;Estrato 4;MATRICULADOS;;;;;;;;;;;;;;;;;;;;;;;1;1;2;2;3;3;3;3;7;8;7;7;8;7;5;5;2;3;3;4;4;3;2;3;4;3;2;1;1;;;
Mujer;Entre 1 y menos de 2 salarios mínimos;8;Estrato 5;MATRICULADOS;;;;;;;;;;;;;;;;;;;;;;;;;;;;;1;1;2;2;2;;1;1;1;1;1;1;;;;;;;;;;;;;;
Mujer;Entre 1 y menos de 2 salarios mínimos;8;Estrato 6;MATRICULADOS;;;;;;;;;;;;;;;;;;;;;;;;;;;;;;;;;;;;;;;;;;;;;;;;;;;;1;1;1
Mujer;Entre 1 y menos de 2 salarios mínimos;9;Sin informaci¿n;MATRICULADOS;189;286;420;474;596;649;712;687;736;713;691;691;653;636;592;579;576;544;603;625;634;641;659;663;659;662;709;671;716;714;667;675;666;644;614;588;575;533;514;509;439;425;370;365;295;290;298;291;265;265;226;249;181;214
Mujer;Entre 1 y menos de 2 salarios mínimos;9;Estrato 1;MATRICULADOS;;;;;;;;;;;;;;;;;;;;;3;7;67;102;204;240;272;274;442;564;707;865;875;919;927;895;839;787;719;704;649;620;560;559;484;491;511;509;470;451;397;393;296;361
Mujer;Entre 1 y menos de 2 salarios mínimos;9;Estrato 2;MATRICULADOS;;;;;;;;;;;;;;;;;;;;;;7;42;67;109;130;162;169;223;288;343;389;391;399;404;393;348;330;289;283;241;232;215;220;199;195;195;200;175;168;164;157;107;122
Mujer;Entre 1 y menos de 2 salarios mínimos;9;Estrato 3;MATRICULADOS;;;;;;;;;;;;;;;;;;;;;;;9;13;17;24;32;29;34;43;62;78;78;80;84;75;66;62;66;59;56;48;41;43;30;25;34;33;31;27;32;32;26;27
Mujer;Entre 1 y menos de 2 salarios mínimos;9;Estrato 4;MATRICULADOS;;;;;;;;;;;;;;;;;;;;;;1;;;3;2;4;5;4;5;5;6;5;6;5;3;2;1;2;3;3;3;2;2;3;2;2;4;3;2;3;1;2;2
Mujer;Entre 1 y menos de 2 salarios mínimos;9;Estrato 5;MATRICULADOS;;;;;;;;;;;;;;;;;;;;;;;;;;;;;;;;;1;1;1;1;;;1;;;;;;;;;;;;;;;
Mujer;Entre 1 y menos de 2 salarios mínimos;9;Estrato 6;MATRICULADOS;;;;;;;;;;;;;;;;;;;;;;;1;1;1;1;1;1;1;2;2;2;2;1;2;1;2;1;1;1;1;;;;;;;;;;;;;
Mujer;Entre 1 y menos de 2 salarios mínimos;10;Sin informaci¿n;MATRICULADOS;;;;;;;;;;;;;;;;;;;;;;;1;2;4;4;5;7;7;8;8;6;9;9;7;5;7;8;5;6;5;5;3;2;2;3;4;4;3;3;3;1;1;2
Mujer;Entre 1 y menos de 2 salarios mínimos;10;Estrato 1;MATRICULADOS;;;;;;;;;;;;;;;;;;;;;;2;49;62;122;135;158;188;290;344;462;573;631;636;632;629;568;554;503;459;410;397;357;345;302;310;326;334;317;319;272;277;218;239
Mujer;Entre 1 y menos de 2 salarios mínimos;10;Estrato 2;MATRICULADOS;;;;;;;;;;;;;;;;;;;;;;2;30;51;77;83;98;107;153;183;227;282;284;287;308;300;243;229;208;193;184;173;156;160;126;130;147;147;126;135;112;98;79;90
Mujer;Entre 1 y menos de 2 salarios mínimos;10;Estrato 3;MATRICULADOS;;;;;;;;;;;;;;;;;;;;;1;;4;11;16;21;22;25;29;38;54;64;64;60;62;62;52;42;44;49;40;38;33;38;32;34;36;34;32;29;25;27;20;20
Mujer;Entre 1 y menos de 2 salarios mínimos;10;Estrato 4;MATRICULADOS;;;;;;;;;;;;;;;;;;;;;;;1;1;3;2;2;2;4;2;2;1;2;4;4;3;4;3;2;1;1;2;1;;1;;1;1;1;1;;;;2
Mujer;Entre 1 y menos de 2 salarios mínimos;10;Estrato 5;MATRICULADOS;;;;;;;;;;;;;;;;;;;;;;;1;2;3;2;2;2;1;2;3;1;1;1;;2;1;1;;;;;;;1;1;1;1;1;1;;;;
Mujer;Entre 1 y menos de 2 salarios mínimos;11;Sin informaci¿n;MATRICULADOS;;;;;;;;;;;;;;;;;;;;;;;2;1;3;2;4;3;3;4;5;7;6;6;5;4;5;3;2;2;1;;1;;;2;2;2;2;2;;;;
Mujer;Entre 1 y menos de 2 salarios mínimos;11;Estrato 1;MATRICULADOS;;;;;;;;;;;;;;;;;;;;;;2;26;35;59;63;80;94;112;149;196;245;269;286;281;271;235;236;209;208;187;187;155;140;129;128;134;137;120;121;101;115;84;114
Mujer;Entre 1 y menos de 2 salarios mínimos;11;Estrato 2;MATRICULADOS;;;;;;;;;;;;;;;;;;;;;;1;17;20;29;39;42;53;72;96;119;143;143;137;143;129;119;113;109;98;94;90;77;79;68;67;75;78;59;59;51;44;33;47
Mujer;Entre 1 y menos de 2 salarios mínimos;11;Estrato 3;MATRICULADOS;;;;;;;;;;;;;;;;;;;;;;;1;2;5;5;10;13;21;22;27;28;28;31;34;29;26;24;21;16;15;15;13;14;13;11;13;12;6;9;5;6;4;5
Mujer;Entre 1 y menos de 2 salarios mínimos;11;Estrato 4;MATRICULADOS;;;;;;;;;;;;;;;;;;;;;;;1;1;1;1;1;1;;1;1;1;1;1;1;1;1;2;3;3;3;3;;;;1;1;2;1;2;2;2;3;2
Mujer;Entre 1 y menos de 2 salarios mínimos;11;Estrato 5;MATRICULADOS;;;;;;;;;;;;;;;;;;;;;;;;;;;1;1;1;;1;;;;;;;;;;1;1;1;1;;1;1;;;;;;;
Mujer;Entre 1 y menos de 2 salarios mínimos;12;Sin informaci¿n;MATRICULADOS;;;;;;;;;;;;;;;;;;;;;;;;3;4;4;2;4;6;5;7;7;10;9;10;9;9;7;9;9;8;8;5;3;4;2;4;3;2;1;2;2;2;2
Mujer;Entre 1 y menos de 2 salarios mínimos;12;Estrato 1;MATRICULADOS;;;;;;;;;;;;;;;;;;;;;;2;33;66;86;95;125;121;189;249;292;374;399;418;408;424;378;356;316;293;261;267;239;249;222;217;205;204;184;179;167;168;127;172
Mujer;Entre 1 y menos de 2 salarios mínimos;12;Estrato 2;MATRICULADOS;1;;;;;;;;;;;;;;;;;;;;;2;12;20;63;71;95;90;126;152;177;233;243;229;242;237;210;210;194;183;159;158;133;140;124;116;122;116;108;115;91;103;76;81
Mujer;Entre 1 y menos de 2 salarios mínimos;12;Estrato 3;MATRICULADOS;;;;;;;;;;;;;;;;;;;;;;;8;18;24;21;32;36;52;52;71;82;73;76;77;78;52;62;54;62;59;60;50;55;47;43;43;43;37;29;24;29;18;23
Mujer;Entre 1 y menos de 2 salarios mínimos;12;Estrato 4;MATRICULADOS;;;;;;;;;;;;;;;;;;;;;;;;;1;;1;1;2;1;2;1;;;;;;;1;3;3;3;4;4;4;2;2;2;2;2;3;3;1;1
Mujer;Entre 1 y menos de 2 salarios mínimos;12;Estrato 5;MATRICULADOS;;;;;;;;;;;;;;;;;;;;;;;;;;;;;;;;1;1;1;1;1;;;;;;;;;;;1;1;;;;;;
Mujer;Entre 1 y menos de 2 salarios mínimos;12;Estrato 6;MATRICULADOS;;;;;;;;;;;;;;;;;;;;;;;1;1;1;1;1;1;1;1;1;1;1;1;1;;;;;;;;1;1;1;1;1;1;1;;;;;
Mujer;Entre 2 y menos de 3 salarios mínimos;Sin informaci¿n;Sin informaci¿n;MATRICULADOS;165;247;379;451;619;705;738;741;764;748;736;737;665;633;558;526;512;466;478;502;502;483;475;479;465;454;486;437;462;486;480;476;465;449;429;416;368;350;315;301;278;275;218;215;183;187;187;198;181;173;151;144;116;138
Mujer;Entre 2 y menos de 3 salarios mínimos;Sin informaci¿n;Estrato 1;MATRICULADOS;2;3;9;11;25;98;571;762;1316;1616;2266;2588;3135;3240;3346;3266;3219;3041;3089;2983;2784;2608;2341;2162;2020;1859;1807;1709;1628;1624;1546;1546;1485;1403;1389;1294;1192;1158;1088;1061;1005;1000;869;835;749;753;776;738;652;641;543;554;423;476
Mujer;Entre 2 y menos de 3 salarios mínimos;Sin informaci¿n;Estrato 2;MATRICULADOS;37;39;64;69;120;827;3041;4556;7798;9794;13167;15490;19099;20727;21304;20839;20707;19851;19849;19032;17920;16329;14942;13773;12737;11401;10924;10244;9924;9573;9077;8784;8293;7921;7533;7170;6702;6389;5924;5799;5327;5168;4559;4290;3715;3823;3738;3682;3323;3287;2958;2883;2081;2348
Mujer;Entre 2 y menos de 3 salarios mínimos;Sin informaci¿n;Estrato 3;MATRICULADOS;12;12;25;31;54;624;3404;4906;8041;9769;13297;14868;17242;18496;18789;18561;18165;17120;16633;15287;14124;12628;11175;10079;8998;7836;7341;6723;6504;6240;5981;5756;5294;5012;4813;4557;4320;4007;3847;3724;3369;3289;2943;2803;2396;2499;2418;2376;2084;2056;1809;1756;1274;1357
Mujer;Entre 2 y menos de 3 salarios mínimos;Sin informaci¿n;Estrato 4;MATRICULADOS;;;;;2;27;143;228;405;508;688;742;853;874;889;849;816;750;716;646;568;486;405;352;300;258;234;216;217;217;210;204;193;190;188;169;156;141;127;132;129;124;112;102;86;89;85;77;59;56;46;50;34;35
Mujer;Entre 2 y menos de 3 salarios mínimos;Sin informaci¿n;Estrato 5;MATRICULADOS;1;;1;;1;7;24;46;76;100;142;140;167;177;195;188;183;174;163;147;142;116;102;81;67;61;59;52;48;41;47;41;39;39;39;35;32;38;31;31;35;33;22;23;24;23;24;22;14;14;15;13;11;12
Mujer;Entre 2 y menos de 3 salarios mínimos;Sin informaci¿n;Estrato 6;MATRICULADOS;;;;;;1;7;6;12;16;26;43;48;52;53;51;48;47;44;43;39;31;27;20;18;13;9;9;11;8;7;6;4;5;6;4;3;6;5;4;6;6;4;4;3;4;2;1;1;1;3;2;2;2
Mujer;Entre 2 y menos de 3 salarios mínimos;1;Sin informaci¿n;MATRICULADOS;11;27;29;34;44;52;53;60;56;54;53;47;39;33;28;20;18;15;16;16;13;14;14;17;16;17;15;17;16;20;17;20;20;21;22;15;11;13;9;13;12;16;12;10;7;8;10;13;9;8;7;5;5;9
Mujer;Entre 2 y menos de 3 salarios mínimos;1;Estrato 1;MATRICULADOS;1;1;1;1;1;1;1;1;1;1;1;1;;;;1;;;;;;4;35;50;83;87;108;105;128;142;160;188;185;187;187;178;164;164;150;145;135;129;123;123;97;101;109;93;93;85;73;82;61;69
Mujer;Entre 2 y menos de 3 salarios mínimos;1;Estrato 2;MATRICULADOS;;;;;;;;;;;;;;;;;;;;;;9;37;45;65;78;88;89;106;120;150;154;154;146;148;142;132;128;124;120;106;94;87;74;67;68;67;63;59;61;50;52;42;41
Mujer;Entre 2 y menos de 3 salarios mínimos;1;Estrato 3;MATRICULADOS;;;;;;;;;;;;;;;;;1;1;1;1;2;13;31;34;47;51;52;53;51;64;82;89;94;90;94;89;82;75;60;61;44;44;38;36;33;30;26;27;21;18;16;16;11;10
Mujer;Entre 2 y menos de 3 salarios mínimos;1;Estrato 4;MATRICULADOS;;;;;;;;;;;;;;;;;;;;;;2;2;4;6;7;5;4;9;9;13;14;17;15;13;16;16;15;12;9;8;5;3;3;4;4;3;5;4;4;1;1;;
Mujer;Entre 2 y menos de 3 salarios mínimos;1;Estrato 5;MATRICULADOS;;;;;;;;;;;;;;;;;;;;;;;;;;1;1;1;1;1;1;1;1;2;1;1;1;1;1;;;2;2;2;2;2;1;1;1;1;1;;;
Mujer;Entre 2 y menos de 3 salarios mínimos;1;Estrato 6;MATRICULADOS;;;;;;;;;;;;;;;;;;;;;;1;1;;;1;1;1;;1;1;1;1;1;1;1;1;;;;;;;;;;;;;;;;;
Mujer;Entre 2 y menos de 3 salarios mínimos;2;Sin informaci¿n;MATRICULADOS;253;354;583;699;916;968;1034;1008;1043;992;968;899;795;716;615;531;482;426;456;414;390;343;359;340;335;308;342;312;318;310;277;271;268;256;242;228;208;197;191;191;181;173;143;137;127;141;121;136;119;122;99;99;71;85
Mujer;Entre 2 y menos de 3 salarios mínimos;2;Estrato 1;MATRICULADOS;;;;;;;;;;;;;;;;;;;;;2;18;133;183;299;321;388;393;626;711;994;1137;1167;1155;1137;1071;977;941;897;852;770;732;647;633;555;559;553;545;509;464;402;389;293;334
Mujer;Entre 2 y menos de 3 salarios mínimos;2;Estrato 2;MATRICULADOS;;;;;;1;;;;;;;;;;;;;1;1;4;70;459;696;1109;1288;1426;1488;2102;2469;3194;3646;3636;3570;3432;3249;2941;2780;2529;2425;2169;1980;1711;1596;1368;1271;1204;1177;1059;986;900;896;650;703
Mujer;Entre 2 y menos de 3 salarios mínimos;2;Estrato 3;MATRICULADOS;;1;1;1;1;1;;;;1;1;1;1;1;1;1;1;1;1;1;1;48;309;499;852;953;1041;1073;1459;1662;2068;2301;2272;2201;2106;1989;1803;1722;1505;1403;1206;1108;938;814;724;681;670;618;543;503;413;421;306;339
Mujer;Entre 2 y menos de 3 salarios mínimos;2;Estrato 4;MATRICULADOS;;;;;;;;;;;;;;;;;;;;;1;4;50;83;114;128;138;143;200;219;282;308;304;284;273;250;250;222;191;174;132;110;92;72;62;53;40;39;27;26;28;29;22;24
Mujer;Entre 2 y menos de 3 salarios mínimos;2;Estrato 5;MATRICULADOS;;;;;;;;;;;;;;;;;;;;;;;5;12;16;19;18;19;30;38;51;55;51;45;43;39;41;37;35;27;20;19;19;18;15;13;14;12;14;10;5;4;5;3
Mujer;Entre 2 y menos de 3 salarios mínimos;2;Estrato 6;MATRICULADOS;;;;;;;;;;;;;;;;;;;;;;2;3;4;8;8;8;7;8;9;9;10;10;10;7;6;9;9;11;12;11;10;8;8;7;6;6;5;6;4;3;3;3;2
Mujer;Entre 2 y menos de 3 salarios mínimos;3;Sin informaci¿n;MATRICULADOS;857;1216;1936;2301;3056;3369;3566;3451;3723;3662;3489;3287;2846;2615;2246;1919;1750;1514;1565;1468;1442;1364;1347;1339;1338;1284;1350;1371;1495;1641;1629;1881;2210;2430;2934;3358;3794;3996;14698;12245;9841;8386;7085;6209;4285;3571;3191;2577;1796;1352;1066;798;523;514
Mujer;Entre 2 y menos de 3 salarios mínimos;3;Estrato 1;MATRICULADOS;;;;;;;;;;;;;;;;;2;1;1;;5;70;573;808;1378;1532;1770;1840;2751;3138;4191;4925;4988;4982;4990;4778;4387;4298;3894;3735;3245;3016;2680;2596;2268;2125;2141;2100;1915;1812;1615;1636;1233;1385
Mujer;Entre 2 y menos de 3 salarios mínimos;3;Estrato 2;MATRICULADOS;;;1;;;2;;;;;;2;;;;;;2;1;1;8;173;1405;2087;3600;4122;4631;4883;7040;8262;10677;12108;12093;11897;11630;11045;10257;9885;9007;8299;7410;6837;5875;5503;4747;4544;4412;4252;3746;3591;3089;3053;2261;2480
Mujer;Entre 2 y menos de 3 salarios mínimos;3;Estrato 3;MATRICULADOS;;1;2;3;3;2;3;3;3;3;1;2;2;2;1;;1;3;4;4;6;154;963;1500;2535;2927;3211;3368;4696;5334;6737;7466;7448;7129;6972;6493;5959;5734;5141;4732;4109;3724;3196;2868;2425;2219;2113;2011;1808;1676;1439;1393;1057;1097
Mujer;Entre 2 y menos de 3 salarios mínimos;3;Estrato 4;MATRICULADOS;;;;;;;;;;;;;;;;;;;;;1;16;106;175;275;351;387;394;523;567;708;750;752;715;665;606;559;533;473;445;360;316;247;210;173;150;150;142;118;95;85;87;61;56
Mujer;Entre 2 y menos de 3 salarios mínimos;3;Estrato 5;MATRICULADOS;;;;;;;;;;;;;;;;;;;;1;2;5;25;34;51;60;65;71;87;97;100;110;101;103;90;92;98;83;74;63;55;50;37;31;27;14;13;9;13;9;6;5;1;1
Mujer;Entre 2 y menos de 3 salarios mínimos;3;Estrato 6;MATRICULADOS;;;;;;;;;;;;;;;;;;;;;;;5;9;14;15;18;19;21;24;29;25;26;27;25;23;21;18;15;12;9;10;9;7;8;6;7;8;5;5;4;5;1;2
Mujer;Entre 2 y menos de 3 salarios mínimos;4;Sin informaci¿n;MATRICULADOS;1863;2648;4276;5123;6911;7528;7916;7823;8069;7877;7681;7098;6171;5581;4805;4118;3695;3244;3345;3059;2994;2827;2775;2719;2729;2614;2618;2547;2598;2633;2561;2569;2425;2335;2210;2107;1990;1891;1754;1740;1623;1568;1354;1295;1100;1170;1146;1136;1018;1021;883;902;664;753
Mujer;Entre 2 y menos de 3 salarios mínimos;4;Estrato 1;MATRICULADOS;;1;1;1;2;2;1;1;;;;;1;;;;;1;1;;7;138;1052;1606;2871;3135;3577;3701;5724;6741;9024;10647;10795;10840;10668;10245;9334;9170;8299;7966;6905;6386;5632;5424;4718;4452;4427;4244;3857;3682;3198;3119;2367;2643
Mujer;Entre 2 y menos de 3 salarios mínimos;4;Estrato 2;MATRICULADOS;1;1;2;;1;2;1;1;1;2;2;1;1;2;2;1;1;2;2;2;11;326;2690;4083;7082;7985;9261;9653;14306;16603;21598;24576;24583;24259;23583;22432;20576;19736;17887;16700;14653;13601;11655;10933;9354;8818;8524;8066;7288;6877;5971;5811;4316;4625
Mujer;Entre 2 y menos de 3 salarios mínimos;4;Estrato 3;MATRICULADOS;;;;;;;;;;;1;2;;;;;1;3;3;4;8;204;1593;2437;4142;4759;5300;5535;7799;8792;11165;12443;12343;11952;11488;10757;10094;9591;8564;7889;6765;6035;5172;4669;4046;3684;3566;3305;2888;2665;2310;2182;1643;1745
Mujer;Entre 2 y menos de 3 salarios mínimos;4;Estrato 4;MATRICULADOS;;;;;;;;;;;;;;;;;1;1;1;;1;18;188;275;457;527;564;568;788;884;1043;1112;1118;1062;998;908;858;798;702;646;530;438;342;298;245;207;219;199;158;133;110;103;81;79
Mujer;Entre 2 y menos de 3 salarios mínimos;4;Estrato 5;MATRICULADOS;;;;;;;;;;;;;;;;;;;;;;11;43;47;74;78;88;97;124;131;166;171;180;168;150;136;116;113;93;86;76;73;50;42;35;37;38;36;26;24;24;26;21;27
Mujer;Entre 2 y menos de 3 salarios mínimos;4;Estrato 6;MATRICULADOS;;;;;;;;;;;;;;;;;;;;;;3;8;12;18;24;27;25;29;29;38;40;37;38;33;30;27;25;21;16;17;15;11;13;12;13;14;10;9;8;5;3;2;3
Mujer;Entre 2 y menos de 3 salarios mínimos;5;Sin informaci¿n;MATRICULADOS;2085;2997;4702;5576;7351;8269;8709;8547;8922;8880;8544;7995;7074;6454;5638;4771;4329;3840;3946;3765;3593;3413;3331;3290;3238;3067;3124;2984;3110;3104;3004;3023;2881;2718;2614;2496;2368;2203;2047;2206;2073;1955;1723;1671;1410;1496;1451;1431;1245;1219;1077;1070;773;898
Mujer;Entre 2 y menos de 3 salarios mínimos;5;Estrato 1;MATRICULADOS;;;;;;;2;1;1;;;;1;2;1;1;1;2;1;1;9;118;1066;1578;2790;3214;3744;3794;5800;6890;9040;10652;10874;11049;10911;10495;9504;9264;8372;7855;6870;6549;5783;5528;4929;4700;4684;4568;4179;4021;3518;3482;2628;2942
Mujer;Entre 2 y menos de 3 salarios mínimos;5;Estrato 2;MATRICULADOS;;;;;;;;;;;;2;;;;;;1;1;1;13;209;2242;3428;5857;6739;7718;7937;11285;13295;17045;19408;19402;19156;18572;17686;16065;15480;14075;13264;11652;10816;9488;8854;7777;7265;7078;6769;6166;5921;5218;5090;3849;4119
Mujer;Entre 2 y menos de 3 salarios mínimos;5;Estrato 3;MATRICULADOS;;;;;;;1;1;1;;;1;;;;;1;1;1;1;2;124;1100;1679;2915;3321;3711;3841;5339;6112;7692;8590;8510;8184;7933;7451;6846;6444;5704;5373;4688;4254;3687;3393;2831;2617;2591;2424;2204;2044;1784;1710;1249;1302
Mujer;Entre 2 y menos de 3 salarios mínimos;5;Estrato 4;MATRICULADOS;;;;;;;;;;;;;;;;;;;;;;13;122;165;282;324;356;341;438;501;640;686;676;646;602;568;507;469;424;399;319;295;268;237;198;183;170;143;125;111;95;98;69;83
Mujer;Entre 2 y menos de 3 salarios mínimos;5;Estrato 5;MATRICULADOS;;;;;;;;;;;;;;;;;;;;;1;5;23;25;47;56;56;62;72;85;103;112;116;98;92;82;83;72;66;58;52;44;31;34;23;22;22;23;18;19;12;11;9;9
Mujer;Entre 2 y menos de 3 salarios mínimos;5;Estrato 6;MATRICULADOS;;;;;;;;;;;;;;;;;;;;;;1;7;13;19;19;23;24;25;27;29;34;31;31;26;26;23;20;17;14;11;11;10;10;6;7;5;5;5;5;2;3;1;1
Mujer;Entre 2 y menos de 3 salarios mínimos;6;Sin informaci¿n;MATRICULADOS;1213;1747;2688;3156;4077;4706;5004;4850;5131;5031;4912;4672;4190;3771;3327;2900;2649;2381;2518;2369;2393;2240;2132;2140;2139;2057;2096;2066;2146;2155;11816;11352;11038;10819;10654;10437;10225;10203;9307;8165;5415;4098;2892;2268;1733;1492;1368;1242;1116;1099;925;885;679;734
Mujer;Entre 2 y menos de 3 salarios mínimos;6;Estrato 1;MATRICULADOS;;;;;;;;;;;;1;;;;;;;;;5;58;607;883;1565;1885;2215;2287;3362;3972;5111;6113;6242;6305;6317;6040;5483;5362;4837;4634;4026;3787;3382;3257;2892;2739;2827;2781;2561;2483;2173;2198;1668;1865
Mujer;Entre 2 y menos de 3 salarios mínimos;6;Estrato 2;MATRICULADOS;1;;;1;1;1;1;1;1;1;1;1;;;;1;1;1;1;;5;115;1046;1576;2707;3126;3617;3758;5342;6256;7856;9100;9125;8988;8784;8316;7627;7420;6614;6361;5592;5267;4636;4372;3812;3641;3623;3580;3178;3073;2710;2638;1961;2158
Mujer;Entre 2 y menos de 3 salarios mínimos;6;Estrato 3;MATRICULADOS;1;;1;;1;1;1;;;;;;;;;;;;;;1;59;446;798;1267;1506;1725;1740;2378;2711;3305;3758;3760;3695;3551;3344;2995;2833;2574;2418;2142;1975;1683;1605;1356;1250;1202;1167;1080;982;815;797;583;638
Mujer;Entre 2 y menos de 3 salarios mínimos;6;Estrato 4;MATRICULADOS;;;;;;;;;;;;;;;;;;;;;;6;59;81;126;157;164;158;214;226;277;324;284;277;270;242;229;210;197;183;132;125;113;101;92;84;78;76;66;61;45;41;22;33
Mujer;Entre 2 y menos de 3 salarios mínimos;6;Estrato 5;MATRICULADOS;;;;;;;;;;;;;;;;;;;;;1;2;10;15;25;32;35;38;42;44;48;52;52;54;51;47;38;37;32;32;27;28;27;20;16;12;11;10;10;13;12;14;12;8
Mujer;Entre 2 y menos de 3 salarios mínimos;6;Estrato 6;MATRICULADOS;;;;;;;;;;;;;;;;;;;;;;1;6;7;8;16;14;11;12;13;17;17;15;15;17;19;14;15;11;14;12;12;10;9;9;8;4;3;4;5;4;3;2;2
Mujer;Entre 2 y menos de 3 salarios mínimos;7;Sin informaci¿n;MATRICULADOS;563;832;1270;1449;1946;2186;2298;2289;2365;2343;2242;2159;1897;1753;1880;1627;1546;1412;1410;1336;1266;1234;1189;1212;1271;1228;1304;1261;1315;1285;1273;1221;12487;12034;11739;11542;11335;11306;10026;9104;7974;6877;4415;3124;2168;1602;1267;1057;889;822;671;616;441;464
Mujer;Entre 2 y menos de 3 salarios mínimos;7;Estrato 1;MATRICULADOS;;;;;;;;;;;;;;;;;;;;;2;17;296;458;819;938;1109;1103;1576;1891;2428;2882;2945;2968;3015;2925;2618;2588;2327;2205;1969;1842;1605;1553;1399;1362;1415;1407;1311;1268;1125;1093;819;945
Mujer;Entre 2 y menos de 3 salarios mínimos;7;Estrato 2;MATRICULADOS;;;;1;1;;;;;;;;;;;;;;;;1;50;478;712;1187;1354;1564;1619;2277;2639;3327;3908;3916;3940;3887;3627;3279;3174;2957;2761;2407;2310;2001;1932;1700;1665;1621;1590;1450;1423;1312;1254;889;984
Mujer;Entre 2 y menos de 3 salarios mínimos;7;Estrato 3;MATRICULADOS;;;;;;;;;;;;;;;;;;;;;1;28;174;290;489;603;713;710;955;1101;1362;1532;1504;1467;1441;1359;1240;1171;1076;1037;912;860;741;691;605;572;567;558;510;449;407;377;278;308
Mujer;Entre 2 y menos de 3 salarios mínimos;7;Estrato 4;MATRICULADOS;;;;;;;;;;;;;;;;;;;;;;3;19;36;58;63;66;55;88;105;118;119;113;117;107;97;93;90;79;77;74;61;47;39;33;33;24;28;19;19;17;15;14;17
Mujer;Entre 2 y menos de 3 salarios mínimos;7;Estrato 5;MATRICULADOS;;;;;;;;;;;;;;;;;;;;;;2;5;9;12;9;12;13;16;18;18;19;12;10;15;13;12;10;9;8;8;9;7;5;2;2;3;1;3;4;6;7;6;5
Mujer;Entre 2 y menos de 3 salarios mínimos;7;Estrato 6;MATRICULADOS;;;;;;;;;;;;;;;;;;;;;;;1;1;1;;1;2;3;4;7;7;6;6;5;3;4;3;3;4;3;2;3;1;2;2;2;2;2;1;;;;1
Mujer;Entre 2 y menos de 3 salarios mínimos;8;Sin informaci¿n;MATRICULADOS;253;393;600;703;916;1041;1111;1082;1137;1124;1103;1049;944;874;787;701;659;604;601;604;584;561;565;547;565;544;557;546;593;613;614;598;590;562;543;522;480;465;434;427;399;399;335;329;278;287;273;271;238;225;205;205;143;173
Mujer;Entre 2 y menos de 3 salarios mínimos;8;Estrato 1;MATRICULADOS;;;;;;1;;1;;;;;;;;;;1;;;1;15;170;252;451;503;603;626;933;1113;1390;1677;1685;1693;1698;1609;1417;1406;1286;1238;1091;1027;942;906;793;764;797;800;765;731;654;667;496;558
Mujer;Entre 2 y menos de 3 salarios mínimos;8;Estrato 2;MATRICULADOS;;;;;;;;;;;;;;;;;;;;;;19;232;371;571;663;802;859;1205;1420;1747;1996;1996;1971;1965;1877;1743;1648;1503;1419;1279;1239;1094;1064;914;890;810;825;751;737;655;659;483;536
Mujer;Entre 2 y menos de 3 salarios mínimos;8;Estrato 3;MATRICULADOS;;;;;;;;;;;;;;;;;;;;;1;14;107;154;244;284;331;345;467;539;675;763;730;730;704;657;595;585;542;529;481;454;393;367;342;328;309;293;263;259;218;212;151;160
Mujer;Entre 2 y menos de 3 salarios mínimos;8;Estrato 4;MATRICULADOS;;;;;;;;;;;;;;;;;;;;;;;8;15;20;24;29;32;40;43;50;61;62;63;60;61;52;49;45;39;34;28;21;17;15;12;13;13;14;7;8;10;2;7
Mujer;Entre 2 y menos de 3 salarios mínimos;8;Estrato 5;MATRICULADOS;;;;;;;;;;;;;;;;;;;;;;1;1;1;3;4;5;5;7;7;9;10;11;10;11;11;12;10;10;8;8;7;6;5;4;4;5;5;5;5;4;3;2;3
Mujer;Entre 2 y menos de 3 salarios mínimos;8;Estrato 6;MATRICULADOS;;;;;;;;;;;;;;;;;;;;;;;1;2;3;4;3;4;5;3;5;6;5;5;3;3;3;3;5;3;2;2;3;1;1;1;1;1;;1;1;1;1;1
Mujer;Entre 2 y menos de 3 salarios mínimos;9;Sin informaci¿n;MATRICULADOS;166;240;352;403;506;572;615;589;605;585;557;551;491;462;408;351;335;316;341;355;362;344;336;347;352;351;366;360;387;388;374;372;343;347;317;306;293;288;269;257;240;233;199;192;165;171;170;165;155;158;138;148;102;130
Mujer;Entre 2 y menos de 3 salarios mínimos;9;Estrato 1;MATRICULADOS;;;;;;;;;;;;;;;1;1;;;;;1;13;72;122;219;239;292;283;422;470;617;773;769;785;808;775;680;689;635;585;513;467;411;408;363;358;358;366;346;347;291;297;219;241
Mujer;Entre 2 y menos de 3 salarios mínimos;9;Estrato 2;MATRICULADOS;;;;;;;;;;;;;;;;;;;;;;10;102;137;240;287;359;377;510;613;776;887;903;920;916;877;790;778;741;696;638;611;525;510;460;424;376;385;345;333;285;301;216;243
Mujer;Entre 2 y menos de 3 salarios mínimos;9;Estrato 3;MATRICULADOS;;;;;;;;;;;;;;;;;;;;;1;4;42;59;108;120;150;153;219;248;336;407;387;391;374;352;306;308;265;271;225;227;205;195;161;154;159;159;130;134;120;119;92;99
Mujer;Entre 2 y menos de 3 salarios mínimos;9;Estrato 4;MATRICULADOS;;;;;;;;;;;;;;;;;;;;;;;6;9;9;11;13;11;14;17;20;22;17;15;18;20;16;17;13;11;10;9;11;8;8;6;4;4;3;6;5;6;4;4
Mujer;Entre 2 y menos de 3 salarios mínimos;9;Estrato 5;MATRICULADOS;;;;;;;;;;;;;;;;;;;;;;;2;3;2;2;4;3;4;5;8;8;10;9;7;10;9;5;4;4;5;4;3;2;1;1;1;2;1;1;2;1;1;2
Mujer;Entre 2 y menos de 3 salarios mínimos;9;Estrato 6;MATRICULADOS;;;;;;;;;;;;;;;;;;;;;;;;;1;1;1;1;2;2;2;1;1;1;1;1;4;3;2;2;1;1;;;;;;;;;;;;
Mujer;Entre 2 y menos de 3 salarios mínimos;10;Sin informaci¿n;MATRICULADOS;;;;;;;;;;;;;;;;;;;;;;;1;2;3;2;3;3;2;2;3;3;3;2;3;2;2;1;1;;;;;;;1;1;;1;1;1;1;1;1
Mujer;Entre 2 y menos de 3 salarios mínimos;10;Estrato 1;MATRICULADOS;;;;;;;;;;;;;;;;;;;;;1;7;58;81;143;156;178;189;265;325;402;488;505;509;516;514;447;432;399;377;322;293;271;264;257;246;252;240;229;224;211;227;172;204
Mujer;Entre 2 y menos de 3 salarios mínimos;10;Estrato 2;MATRICULADOS;;;;;;;;;;;;;;;;;;;;;1;9;67;113;188;204;248;255;399;450;581;665;675;666;642;615;550;549;490;447;387;391;345;327;283;282;250;247;236;222;195;196;142;168
Mujer;Entre 2 y menos de 3 salarios mínimos;10;Estrato 3;MATRICULADOS;;;;;;;;;;;;;;;;;;;;;;3;37;58;85;97;116;118;154;173;223;266;269;260;243;248;204;203;179;176;147;127;104;108;102;81;86;85;82;73;63;49;39;45
Mujer;Entre 2 y menos de 3 salarios mínimos;10;Estrato 4;MATRICULADOS;;;;;;;;;;;;;;;;;;;;;;;1;2;4;8;11;10;12;11;14;12;17;15;15;13;15;12;11;9;7;9;7;5;3;6;5;5;2;2;3;1;1;1
Mujer;Entre 2 y menos de 3 salarios mínimos;10;Estrato 5;MATRICULADOS;;;;;;;;;;;;;;;;;;;;;;1;2;3;2;3;3;3;2;2;4;3;4;3;2;1;3;3;2;2;2;3;2;1;1;1;;;1;1;;;;
Mujer;Entre 2 y menos de 3 salarios mínimos;10;Estrato 6;MATRICULADOS;;;;;;;;;;;;;;;;;;;;;;;;;;;;;;1;1;2;2;1;1;1;2;2;2;2;2;1;1;1;1;1;1;2;1;1;1;1;;
Mujer;Entre 2 y menos de 3 salarios mínimos;11;Sin informaci¿n;MATRICULADOS;;;;;;;;;;;;;;;;;;;;;;;;;;;;;;;;1;1;1;1;1;1;1;1;;;1;1;;;;;;;;;;;
Mujer;Entre 2 y menos de 3 salarios mínimos;11;Estrato 1;MATRICULADOS;;;;;;;;;;;;;1;;;;;;;;;1;24;30;63;68;79;82;132;146;202;236;224;226;214;215;192;195;171;159;140;137;123;119;92;100;103;108;104;105;87;97;72;84
Mujer;Entre 2 y menos de 3 salarios mínimos;11;Estrato 2;MATRICULADOS;;;;;;;;;;;;;;;;;;;;;;8;44;59;100;108;130;138;189;229;274;325;324;319;310;306;292;290;252;244;220;212;169;168;132;145;136;139;127;122;101;107;81;87
Mujer;Entre 2 y menos de 3 salarios mínimos;11;Estrato 3;MATRICULADOS;;;;;;;;;;;;;;;;;;;;;;;17;24;34;42;47;48;82;87;103;128;131;139;127;123;107;103;92;91;77;74;59;52;43;46;44;38;30;38;31;31;24;23
Mujer;Entre 2 y menos de 3 salarios mínimos;11;Estrato 4;MATRICULADOS;;;;;;;;;;;;;;;;;;;;;;;2;2;2;3;2;4;4;4;11;13;10;10;11;10;10;7;9;8;6;5;6;5;3;3;3;2;1;;1;2;1;
Mujer;Entre 2 y menos de 3 salarios mínimos;11;Estrato 5;MATRICULADOS;;;;;;;;;;;;;;;;;;;;;;;1;1;;;;;;;;;;;;;;;;;;;;;;;;;;;;;;
Mujer;Entre 2 y menos de 3 salarios mínimos;11;Estrato 6;MATRICULADOS;;;;;;;;;;;;;;;;;;;;;;;;;1;1;1;;1;1;1;1;2;3;2;3;2;2;2;1;1;2;2;2;2;1;2;2;2;2;1;1;;
Mujer;Entre 2 y menos de 3 salarios mínimos;12;Sin informaci¿n;MATRICULADOS;;;;;;;;;;;;;;;;;;;;;;;;;4;5;5;3;6;6;6;5;6;4;4;4;5;4;3;2;3;3;1;1;1;2;3;;1;1;1;1;1;2
Mujer;Entre 2 y menos de 3 salarios mínimos;12;Estrato 1;MATRICULADOS;;;;;;;;;;;;;;;;;;;;;;3;37;63;97;109;143;129;188;233;319;358;372;375;374;369;331;321;294;300;250;254;230;222;175;169;170;180;156;156;133;127;92;119
Mujer;Entre 2 y menos de 3 salarios mínimos;12;Estrato 2;MATRICULADOS;;;;;;;;;;;;;;;;;;;;;;4;52;97;146;170;238;243;350;419;528;595;591;596;597;566;508;493;465;456;378;359;342;341;298;276;280;273;237;234;206;223;155;173
Mujer;Entre 2 y menos de 3 salarios mínimos;12;Estrato 3;MATRICULADOS;;;;;;;;;;;;;;;;;;;;;;2;25;37;79;87;91;93;130;148;214;268;258;264;268;261;214;215;202;186;172;169;149;132;109;94;97;92;88;87;68;65;52;56
Mujer;Entre 2 y menos de 3 salarios mínimos;12;Estrato 4;MATRICULADOS;;;;;;;;;;;;;;;;;;;;;;;3;2;4;5;6;3;7;8;10;10;13;14;13;13;14;14;8;8;7;8;6;5;5;3;4;4;4;2;;1;1;
Mujer;Entre 2 y menos de 3 salarios mínimos;12;Estrato 5;MATRICULADOS;;;;;;;;;;;;;;;;;;;;;;;;;1;1;1;1;1;1;;1;1;3;2;3;3;3;3;4;4;3;1;2;2;2;1;1;1;;;;;
Mujer;Entre 2 y menos de 3 salarios mínimos;12;Estrato 6;MATRICULADOS;;;;;;;;;;;;;;;;;;;;;;;;1;1;1;1;;;;;1;1;1;1;1;1;;;1;;;1;1;;;1;;;;;;;
Mujer;Entre 3 y menos de 5 salarios mínimos;Sin informaci¿n;Sin informaci¿n;MATRICULADOS;134;183;280;322;414;460;504;483;511;505;478;461;409;374;339;298;288;268;279;269;252;256;264;248;244;217;240;248;255;255;259;257;233;223;219;221;196;173;151;173;168;161;153;138;104;112;118;113;94;86;74;74;55;68
Mujer;Entre 3 y menos de 5 salarios mínimos;Sin informaci¿n;Estrato 1;MATRICULADOS;1;1;8;6;11;45;236;326;551;686;958;1060;1250;1259;1346;1321;1295;1207;1202;1148;1024;954;833;743;680;615;586;529;520;501;477;453;426;424;386;370;309;324;305;301;270;253;240;230;188;182;193;192;167;157;157;159;128;134
Mujer;Entre 3 y menos de 5 salarios mínimos;Sin informaci¿n;Estrato 2;MATRICULADOS;22;23;33;29;56;450;1865;2679;4685;5705;7634;8690;10590;10936;11284;10924;10644;9943;9536;8901;8007;7151;6068;5262;4665;4035;3832;3443;3281;3120;2911;2858;2640;2500;2354;2171;2085;1971;1797;1776;1652;1532;1296;1285;1166;1230;1184;1128;1029;1032;882;863;627;715
Mujer;Entre 3 y menos de 5 salarios mínimos;Sin informaci¿n;Estrato 3;MATRICULADOS;15;10;17;18;59;705;4128;5628;9411;11121;15257;16945;20196;21410;21766;21321;20490;19265;18371;16672;14817;12791;10765;9017;7683;6618;5828;5220;4750;4378;3984;3790;3533;3323;3129;2895;2700;2486;2305;2175;2015;1970;1733;1650;1419;1472;1415;1392;1251;1204;1053;1031;731;834
Mujer;Entre 3 y menos de 5 salarios mínimos;Sin informaci¿n;Estrato 4;MATRICULADOS;;;;;4;37;220;275;518;634;913;975;1165;1219;1216;1188;1133;1036;994;878;745;638;513;398;333;280;241;212;188;175;163;145;135;126;109;99;108;109;103;110;91;91;77;71;59;64;60;57;49;46;42;41;29;26
Mujer;Entre 3 y menos de 5 salarios mínimos;Sin informaci¿n;Estrato 5;MATRICULADOS;;;;;;17;73;101;167;208;300;321;379;402;405;384;355;327;309;271;221;190;167;140;118;99;75;66;55;47;40;37;32;27;30;27;28;23;23;23;21;19;18;20;19;20;22;19;15;12;10;9;7;6
Mujer;Entre 3 y menos de 5 salarios mínimos;Sin informaci¿n;Estrato 6;MATRICULADOS;;;;;;4;10;11;31;40;49;51;68;77;78;76;74;71;64;55;49;50;38;29;29;20;19;19;18;16;14;11;8;12;9;5;5;4;7;8;6;5;3;2;3;2;2;1;;1;2;2;2;3
Mujer;Entre 3 y menos de 5 salarios mínimos;1;Sin informaci¿n;MATRICULADOS;6;9;19;23;30;28;25;22;22;23;24;20;18;15;13;14;9;8;8;8;9;9;10;10;8;8;9;12;14;12;12;9;9;7;6;5;6;8;4;2;3;3;3;3;2;1;1;1;1;1;;;;
Mujer;Entre 3 y menos de 5 salarios mínimos;1;Estrato 1;MATRICULADOS;;;;;;;;;;;;;;;;;;;;;;;10;11;19;18;17;19;22;23;24;28;28;28;27;23;24;25;22;22;24;23;21;18;14;15;10;10;8;9;8;11;7;8
Mujer;Entre 3 y menos de 5 salarios mínimos;1;Estrato 2;MATRICULADOS;;;;;;;;;;;;;;;;;;;;;;1;8;8;10;13;15;14;17;23;27;33;27;33;32;28;29;27;24;23;17;18;15;12;9;12;12;10;9;11;9;11;8;10
Mujer;Entre 3 y menos de 5 salarios mínimos;1;Estrato 3;MATRICULADOS;;;;;;;;;;;;;;;;;;;;;;6;9;14;26;32;32;27;30;36;39;33;32;30;31;30;21;21;17;12;11;12;10;15;12;15;13;10;9;5;4;4;5;4
Mujer;Entre 3 y menos de 5 salarios mínimos;1;Estrato 4;MATRICULADOS;;;;;;;;;;;;;;;;;;;;;1;2;1;1;4;6;5;5;4;5;8;7;7;8;5;6;6;5;6;5;5;4;6;6;3;4;2;2;3;2;2;;1;2
Mujer;Entre 3 y menos de 5 salarios mínimos;1;Estrato 5;MATRICULADOS;;;;;;;;;;;;;;;;;;;;;;;;1;1;2;2;3;4;3;3;4;4;2;1;1;;;1;;;;;;;;;;2;2;1;1;1;1
Mujer;Entre 3 y menos de 5 salarios mínimos;2;Sin informaci¿n;MATRICULADOS;252;337;512;604;867;876;919;870;889;872;832;769;659;580;499;394;335;293;257;246;220;216;199;198;194;166;159;172;154;166;169;175;155;158;151;134;125;124;119;105;92;86;80;81;61;73;65;70;59;58;53;59;43;44
Mujer;Entre 3 y menos de 5 salarios mínimos;2;Estrato 1;MATRICULADOS;;;;;;;;;;;;;;;;;;;;;;4;22;30;43;54;58;69;99;103;134;165;164;169;147;146;145;135;123;112;104;88;76;79;65;64;67;56;48;35;34;31;28;29
Mujer;Entre 3 y menos de 5 salarios mínimos;2;Estrato 2;MATRICULADOS;1;1;1;;;;;;;;;;;;;;;;1;1;2;10;135;190;336;395;413;421;577;655;824;872;884;870;812;769;718;675;591;546;468;403;346;316;269;260;242;231;214;204;170;163;130;136
Mujer;Entre 3 y menos de 5 salarios mínimos;2;Estrato 3;MATRICULADOS;;;;1;1;1;1;1;1;1;1;1;1;;;;;;1;;;28;230;361;605;668;723;741;998;1079;1372;1465;1432;1379;1285;1219;1084;985;880;779;652;560;461;401;337;311;283;253;218;214;174;168;141;138
Mujer;Entre 3 y menos de 5 salarios mínimos;2;Estrato 4;MATRICULADOS;;1;1;1;1;;;;;;;;;1;;;;;;;;11;75;109;189;211;233;245;311;324;382;389;384;356;326;306;274;254;202;175;148;125;102;90;69;60;61;49;35;32;26;20;13;20
Mujer;Entre 3 y menos de 5 salarios mínimos;2;Estrato 5;MATRICULADOS;;;;;;;;;;;;;;;;;;;;;;4;18;25;44;52;57;58;73;75;88;98;92;82;76;72;65;62;53;42;35;32;25;21;15;13;8;10;7;6;5;4;3;5
Mujer;Entre 3 y menos de 5 salarios mínimos;2;Estrato 6;MATRICULADOS;;;;;;;;;;;;;;;;;;;;;;;3;3;8;9;10;9;11;13;15;17;18;18;16;12;14;11;9;10;6;5;3;2;;1;1;;1;1;;1;1;
Mujer;Entre 3 y menos de 5 salarios mínimos;3;Sin informaci¿n;MATRICULADOS;847;1153;1830;2128;2845;2999;3138;3029;3138;3022;2906;2637;2319;2060;1752;1443;1240;1007;1011;901;839;780;776;725;726;722;678;657;665;670;645;609;596;522;500;456;449;403;395;392;339;354;315;295;250;269;239;246;216;225;207;205;146;152
Mujer;Entre 3 y menos de 5 salarios mínimos;3;Estrato 1;MATRICULADOS;;;;;;;;;;;;;;;;;;;;;2;6;90;151;251;281;317;320;462;565;702;807;792;811;788;744;706;671;612;559;509;454;386;352;306;265;271;243;212;200;174;187;139;157
Mujer;Entre 3 y menos de 5 salarios mínimos;3;Estrato 2;MATRICULADOS;1;1;1;1;;;;;;;;;;;;;;1;;;3;71;637;917;1593;1784;1958;2014;2791;3113;3954;4351;4338;4097;3966;3721;3472;3198;2895;2683;2319;2077;1740;1546;1296;1208;1131;1074;957;881;776;774;547;594
Mujer;Entre 3 y menos de 5 salarios mínimos;3;Estrato 3;MATRICULADOS;1;2;2;2;2;2;2;2;1;1;1;3;2;2;2;1;1;1;1;;5;116;919;1354;2359;2661;2863;2925;4002;4385;5371;5833;5614;5424;5112;4720;4388;4058;3581;3222;2679;2354;1960;1697;1385;1247;1146;1044;885;803;695;652;513;554
Mujer;Entre 3 y menos de 5 salarios mínimos;3;Estrato 4;MATRICULADOS;;;;;;;;;;;;;;;;;;;;;1;26;187;285;511;576;634;650;830;946;1166;1205;1156;1125;1027;942;887;816;677;597;458;362;289;246;212;201;173;150;131;110;117;90;83;72
Mujer;Entre 3 y menos de 5 salarios mínimos;3;Estrato 5;MATRICULADOS;1;;;;;;;;;;;;;;;;;;;;;6;51;80;124;131;142;158;191;211;241;240;238;229;206;194;181;152;133;111;92;82;65;50;44;43;36;26;29;23;17;15;4;7
Mujer;Entre 3 y menos de 5 salarios mínimos;3;Estrato 6;MATRICULADOS;;;;;;;;;;;;;;;;;;;;;;5;18;22;37;40;45;49;50;51;62;58;50;45;46;40;31;26;23;14;14;10;11;8;7;7;10;6;7;6;7;6;4;5
Mujer;Entre 3 y menos de 5 salarios mínimos;4;Sin informaci¿n;MATRICULADOS;2051;2741;4486;5225;7058;7615;7862;7671;7744;7545;7219;6664;5746;5062;4200;3426;2914;2418;2371;2145;1999;1774;1717;1662;1633;1536;1562;1520;1528;1462;1458;1407;1336;1294;1219;1180;1103;983;936;892;830;807;686;677;577;623;607;594;520;514;452;456;338;393
Mujer;Entre 3 y menos de 5 salarios mínimos;4;Estrato 1;MATRICULADOS;;;;;;;;;;;;;;;;;;1;;;1;31;258;367;645;720;798;778;1143;1282;1681;1944;1932;1915;1835;1758;1626;1592;1428;1335;1177;1025;915;849;728;684;668;639;570;548;471;463;364;394
Mujer;Entre 3 y menos de 5 salarios mínimos;4;Estrato 2;MATRICULADOS;;;;1;1;;1;;;;1;2;1;1;1;1;2;2;1;1;6;159;1451;2152;3805;4319;4726;4841;6767;7643;9740;10634;10426;10005;9518;8920;8331;7721;6836;6228;5318;4789;4032;3610;3118;2794;2787;2619;2328;2180;1849;1819;1316;1405
Mujer;Entre 3 y menos de 5 salarios mínimos;4;Estrato 3;MATRICULADOS;2;1;3;2;2;2;2;2;2;2;1;2;1;1;1;2;3;2;1;1;5;168;1788;2665;4504;5231;5652;5720;7709;8536;10564;11362;11163;10649;10007;9233;8507;7913;6971;6263;5290;4531;3772;3274;2710;2422;2338;2085;1768;1610;1383;1282;978;989
Mujer;Entre 3 y menos de 5 salarios mínimos;4;Estrato 4;MATRICULADOS;;;;;;1;;;;;;;;;;;;1;;;;47;360;516;894;1025;1079;1087;1481;1638;2053;2165;2083;1962;1817;1700;1589;1456;1249;1059;836;665;543;449;352;296;273;231;207;193;179;149;118;119
Mujer;Entre 3 y menos de 5 salarios mínimos;4;Estrato 5;MATRICULADOS;;;;;;;;;;;;;;;;;1;;1;1;;19;83;130;200;217;242;263;326;353;394;414;390;356;340;299;260;241;189;163;142;110;89;69;61;54;44;35;29;29;24;23;19;20
Mujer;Entre 3 y menos de 5 salarios mínimos;4;Estrato 6;MATRICULADOS;;;;;;;;;;;;;;;;;;;;;;4;15;19;37;48;42;44;60;62;75;76;79;74;66;58;53;48;39;31;24;18;19;16;16;8;9;8;8;6;6;5;2;2
Mujer;Entre 3 y menos de 5 salarios mínimos;5;Sin informaci¿n;MATRICULADOS;2169;2874;4632;5332;7198;7890;8254;8061;8352;8099;7645;7045;6177;5383;4524;3759;3214;2718;2663;2374;2251;2019;1952;1878;1803;1710;1776;1707;1688;1738;1708;10779;10355;9989;9766;9530;9333;9089;8494;7708;6497;4452;3216;2320;1761;1488;1250;1097;939;855;710;680;478;522
Mujer;Entre 3 y menos de 5 salarios mínimos;5;Estrato 1;MATRICULADOS;;;;;;;;;;;;;;1;;;;1;1;;2;27;290;408;682;790;873;868;1206;1400;1813;2057;2092;2021;1956;1858;1730;1645;1548;1426;1203;1091;960;866;782;739;746;672;605;579;486;482;389;396
Mujer;Entre 3 y menos de 5 salarios mínimos;5;Estrato 2;MATRICULADOS;;;1;;;;;;;;;;1;;;;;;2;2;4;96;1187;1769;3034;3463;3847;3893;5319;6010;7474;8294;8180;7861;7457;6980;6473;6129;5443;5054;4326;3893;3292;3019;2605;2432;2414;2240;1982;1927;1683;1607;1176;1258
Mujer;Entre 3 y menos de 5 salarios mínimos;5;Estrato 3;MATRICULADOS;1;2;2;3;1;1;2;1;1;1;1;1;1;1;;1;;;2;2;4;107;1232;1847;3098;3515;3843;3888;5016;5644;7005;7570;7421;7047;6620;6212;5696;5287;4529;4121;3535;3170;2617;2333;1980;1780;1706;1583;1390;1310;1206;1129;848;863
Mujer;Entre 3 y menos de 5 salarios mínimos;5;Estrato 4;MATRICULADOS;;;;;1;2;1;1;;;;;;;;;;;;;1;24;214;323;576;655;706;695;919;996;1219;1290;1268;1187;1077;991;949;870;745;634;543;481;388;335;265;238;211;171;140;136;114;102;69;78
Mujer;Entre 3 y menos de 5 salarios mínimos;5;Estrato 5;MATRICULADOS;;;;;;;;;;;;;;;;;;;;;;10;46;74;122;143;156;165;204;215;255;250;240;234;208;181;169;153;133;125;98;79;68;57;48;45;43;36;28;25;20;14;11;10
Mujer;Entre 3 y menos de 5 salarios mínimos;5;Estrato 6;MATRICULADOS;;;;;;;;;;;;;;;;;;;;1;;2;11;13;23;31;36;31;37;45;57;64;60;56;50;40;33;28;26;24;17;10;5;6;3;3;4;3;2;1;2;1;;1
Mujer;Entre 3 y menos de 5 salarios mínimos;6;Sin informaci¿n;MATRICULADOS;1198;1595;2515;2861;3818;4215;4430;4297;4385;4280;4053;3795;3335;2922;2451;2111;1803;1553;1544;1424;1395;1270;1229;1214;1180;1098;1070;1060;1071;1066;1019;1036;1019;976;953;882;845;771;721;712;653;636;534;510;447;497;480;478;419;425;375;359;263;277
Mujer;Entre 3 y menos de 5 salarios mínimos;6;Estrato 1;MATRICULADOS;;;;;;;;;;;;;;;;;;;;;1;16;163;224;424;470;537;534;703;804;991;1159;1164;1137;1100;1080;970;957;851;775;677;626;575;523;463;424;426;431;381;365;319;311;237;262
Mujer;Entre 3 y menos de 5 salarios mínimos;6;Estrato 2;MATRICULADOS;;;;;;;;;;;;;;;;1;;;;;2;28;556;809;1397;1546;1741;1810;2373;2671;3238;3643;3551;3438;3311;3116;2833;2652;2385;2237;1940;1796;1530;1440;1250;1178;1161;1096;990;952;820;818;612;656
Mujer;Entre 3 y menos de 5 salarios mínimos;6;Estrato 3;MATRICULADOS;;;1;1;1;;;;;1;1;1;1;1;1;1;1;1;1;;2;50;501;769;1275;1482;1610;1632;2113;2322;2825;3075;3030;2941;2766;2530;2328;2189;1950;1758;1495;1366;1175;1065;923;846;833;756;677;602;518;506;393;385
Mujer;Entre 3 y menos de 5 salarios mínimos;6;Estrato 4;MATRICULADOS;;;;;;;;;;;;;;;;;;;;;;13;84;143;235;258;284;277;347;386;459;480;456;435;395;361;333;297;249;234;181;170;128;119;101;96;96;78;74;74;63;55;35;35
Mujer;Entre 3 y menos de 5 salarios mínimos;6;Estrato 5;MATRICULADOS;;;;;;;;;;;;;;;;;;;;;;2;14;24;44;49;52;46;59;73;82;82;86;78;67;61;61;57;53;45;39;30;27;25;13;16;18;15;12;11;10;5;5;7
Mujer;Entre 3 y menos de 5 salarios mínimos;6;Estrato 6;MATRICULADOS;;;;;;;;;;;;;;;;;;;;;;1;8;8;14;12;13;12;11;14;22;23;22;21;19;16;19;15;19;15;13;13;6;7;7;3;3;3;2;2;3;1;3;2
Mujer;Entre 3 y menos de 5 salarios mínimos;7;Sin informaci¿n;MATRICULADOS;506;701;1064;1243;1612;1768;1854;1814;1872;1817;1708;1595;1426;1269;1074;929;823;720;727;710;690;652;647;627;585;575;573;569;565;568;561;547;511;482;474;441;396;379;346;362;343;326;285;283;231;245;248;250;234;228;206;220;159;176
Mujer;Entre 3 y menos de 5 salarios mínimos;7;Estrato 1;MATRICULADOS;;;;;;;;;;;;;;;;;;;;;2;6;82;115;190;208;253;236;317;367;471;542;548;551;545;527;487;492;422;408;350;322;277;252;222;202;196;200;195;190;184;185;128;150
Mujer;Entre 3 y menos de 5 salarios mínimos;7;Estrato 2;MATRICULADOS;;;;;;;;;;;;;;;;;;1;1;;1;8;223;363;598;692;793;787;1019;1167;1427;1572;1578;1527;1453;1356;1245;1175;1023;983;822;789;683;620;544;529;531;517;471;473;402;398;288;310
Mujer;Entre 3 y menos de 5 salarios mínimos;7;Estrato 3;MATRICULADOS;;;;;;;;;;;;;;;;;;;1;;1;34;186;296;526;588;617;650;846;934;1131;1207;1171;1152;1074;980;909;845;757;691;610;552;480;457;380;374;352;332;289;261;212;198;158;167
Mujer;Entre 3 y menos de 5 salarios mínimos;7;Estrato 4;MATRICULADOS;;;;;;;;;;;;;;;;;;;;;;8;33;47;86;95;106;112;144;157;182;193;187;173;153;148;139;117;108;99;79;67;62;51;39;34;38;36;30;26;21;18;14;17
Mujer;Entre 3 y menos de 5 salarios mínimos;7;Estrato 5;MATRICULADOS;;;;;;;;;;;;;;;;;;;;;;1;14;20;24;26;29;25;28;31;37;39;37;37;30;25;22;24;20;21;17;13;13;9;7;3;3;4;3;3;3;2;1;1
Mujer;Entre 3 y menos de 5 salarios mínimos;7;Estrato 6;MATRICULADOS;;;;;;;;;;;;;;;;;;;;;;;1;2;3;4;5;5;5;7;8;9;8;7;7;5;7;5;4;4;5;3;1;1;;2;3;2;1;1;1;1;1;
Mujer;Entre 3 y menos de 5 salarios mínimos;8;Sin informaci¿n;MATRICULADOS;218;329;477;544;720;785;839;826;837;844;814;771;680;608;523;472;422;371;368;356;347;309;292;286;284;274;271;275;296;284;276;274;257;248;250;239;242;210;199;193;180;171;150;152;134;143;141;136;124;122;100;110;80;95
Mujer;Entre 3 y menos de 5 salarios mínimos;8;Estrato 1;MATRICULADOS;;;;;;;;;;;;;;;;;;;;;;3;52;73;120;132;167;165;213;229;265;321;324;313;303;307;259;269;242;223;192;184;163;152;129;118;118;115;102;92;92;99;78;89
Mujer;Entre 3 y menos de 5 salarios mínimos;8;Estrato 2;MATRICULADOS;;;;;;1;1;1;1;1;1;1;1;1;1;1;;;;;;10;103;161;281;313;337;347;488;551;669;786;776;750;712;669;663;610;538;500;427;389;353;320;267;268;246;254;225;224;194;188;139;137
Mujer;Entre 3 y menos de 5 salarios mínimos;8;Estrato 3;MATRICULADOS;;;;;;;;;;;;;;;;;;;;;;5;97;144;263;291;309;306;406;468;541;605;598;564;519;496;458;421;363;354;303;271;232;210;169;155;161;149;146;148;119;121;76;76
Mujer;Entre 3 y menos de 5 salarios mínimos;8;Estrato 4;MATRICULADOS;;;;;;;;;;;;;;;;;;;;;;;22;23;27;31;34;36;52;61;58;70;57;58;66;55;61;50;47;40;35;31;20;15;19;16;12;14;14;12;10;11;9;9
Mujer;Entre 3 y menos de 5 salarios mínimos;8;Estrato 5;MATRICULADOS;;;;;;;;;;;;;;;;;;;;;;;3;5;5;10;12;10;11;13;17;17;18;17;16;13;13;16;14;8;8;6;4;4;2;1;2;2;2;2;2;1;;
Mujer;Entre 3 y menos de 5 salarios mínimos;8;Estrato 6;MATRICULADOS;;;;;;;;;;;;;;;;;;;;;;;2;2;3;3;3;2;3;3;4;4;3;3;4;2;3;3;2;2;1;;;;;;;1;;;;1;1;1
Mujer;Entre 3 y menos de 5 salarios mínimos;9;Sin informaci¿n;MATRICULADOS;142;185;256;278;348;398;431;401;425;427;401;380;586;499;484;417;410;371;311;284;264;240;253;222;235;209;242;232;235;224;219;233;221;216;197;196;208;207;207;189;165;149;127;125;88;80;81;79;73;67;48;57;45;49
Mujer;Entre 3 y menos de 5 salarios mínimos;9;Estrato 1;MATRICULADOS;;;;;;;;;;;;;;;;;;;;;;1;16;25;53;56;57;62;78;87;95;113;110;112;112;112;116;127;119;119;94;83;73;72;67;66;61;66;59;58;51;48;39;37
Mujer;Entre 3 y menos de 5 salarios mínimos;9;Estrato 2;MATRICULADOS;;;;;;;;;;;;;;;;;;;;;;3;57;76;114;131;151;154;217;235;289;343;339;322;330;315;288;270;244;228;200;192;163;148;127;111;115;115;111;108;85;82;57;75
Mujer;Entre 3 y menos de 5 salarios mínimos;9;Estrato 3;MATRICULADOS;;;;;;;;;;;1;;;;;;;1;1;1;;7;56;76;113;132;143;138;173;212;248;273;250;245;227;207;199;191;173;154;123;121;106;98;85;80;81;71;65;62;46;53;42;38
Mujer;Entre 3 y menos de 5 salarios mínimos;9;Estrato 4;MATRICULADOS;;;;;;;;;;;;;;;;;;;;;;;4;6;15;17;21;18;25;25;30;32;29;28;24;23;25;22;21;19;16;13;12;11;7;6;4;2;2;2;1;2;2;3
Mujer;Entre 3 y menos de 5 salarios mínimos;9;Estrato 5;MATRICULADOS;;;;;;;;;;;;;;;;;;;;;;;1;2;4;4;5;4;5;4;7;9;9;10;9;10;10;9;7;8;7;4;4;1;1;1;1;1;1;1;1;1;1;
Mujer;Entre 3 y menos de 5 salarios mínimos;9;Estrato 6;MATRICULADOS;;;;;;;;;;;;;;;;;;;;;;;;;;;;;;;;;1;1;;;;1;;;;;;;;;;;;;;;;
Mujer;Entre 3 y menos de 5 salarios mínimos;10;Sin informaci¿n;MATRICULADOS;;;;;;;;;;;;;;;;;;;;;;;;;;;;;;;;;;;;;;;;;;;;;;;;;;;;;;1
Mujer;Entre 3 y menos de 5 salarios mínimos;10;Estrato 1;MATRICULADOS;;;;;;;;;;;;;;;;;;;;;;2;16;22;36;42;47;38;45;54;75;88;96;94;100;92;76;80;80;74;58;59;53;51;36;38;40;43;38;41;39;41;33;34
Mujer;Entre 3 y menos de 5 salarios mínimos;10;Estrato 2;MATRICULADOS;;;;;;;;;;;;;;;;;;;;;;5;37;65;113;128;136;136;180;196;234;282;276;270;239;222;211;208;196;182;173;165;121;114;102;97;100;92;84;89;76;70;54;57
Mujer;Entre 3 y menos de 5 salarios mínimos;10;Estrato 3;MATRICULADOS;;;;;;;;;;;;;;;;;;;;;;1;21;35;71;72;87;94;129;143;168;180;182;174;164;148;139;130;123;117;105;94;83;69;54;54;46;41;37;42;26;20;15;19
Mujer;Entre 3 y menos de 5 salarios mínimos;10;Estrato 4;MATRICULADOS;;;;;;;;;;;;;;;;;;;;;;;1;6;10;8;10;11;13;12;14;17;16;15;9;10;13;10;7;6;5;3;3;5;3;2;2;1;3;3;3;3;3;3
Mujer;Entre 3 y menos de 5 salarios mínimos;10;Estrato 5;MATRICULADOS;;;;;;;;;;;;;;;;;;;;;;;1;1;2;2;1;2;1;2;3;2;2;2;2;2;2;2;2;1;1;;;;1;1;1;1;1;1;1;;;
Mujer;Entre 3 y menos de 5 salarios mínimos;10;Estrato 6;MATRICULADOS;;;;;;;;;;;;;;;;;;;;;;;1;1;1;1;1;1;1;1;1;;;;;;;;;;;;;;;;;;;;;;;
Mujer;Entre 3 y menos de 5 salarios mínimos;11;Estrato 1;MATRICULADOS;;;;;;;;;;;;;;;;;;;;;;;4;5;8;7;16;16;28;27;38;43;45;47;46;48;38;37;32;22;22;26;22;21;20;18;18;19;20;19;14;12;12;16
Mujer;Entre 3 y menos de 5 salarios mínimos;11;Estrato 2;MATRICULADOS;;;;;;;;;;;;;;;;;;;;;;;15;24;42;49;51;56;79;85;108;112;109;106;98;101;86;87;79;75;67;62;58;45;45;45;48;44;41;39;40;34;27;27
Mujer;Entre 3 y menos de 5 salarios mínimos;11;Estrato 3;MATRICULADOS;;;;;;;;;;;;;;;;;;;;;;1;8;10;20;35;38;45;56;62;77;95;88;94;92;88;77;67;64;64;51;48;40;37;32;27;29;27;23;25;19;17;14;13
Mujer;Entre 3 y menos de 5 salarios mínimos;11;Estrato 4;MATRICULADOS;;;;;;;;;;;;;;;;;;;;;;;;1;2;3;3;3;5;5;5;5;5;6;5;4;4;5;3;3;3;3;2;1;1;1;2;2;1;1;1;;;
Mujer;Entre 3 y menos de 5 salarios mínimos;11;Estrato 5;MATRICULADOS;;;;;;;;;;;;;;;;;;;;;;;1;3;4;4;4;3;3;4;2;4;4;4;3;3;3;4;2;2;1;;;;;;;;;;;;;
Mujer;Entre 3 y menos de 5 salarios mínimos;11;Estrato 6;MATRICULADOS;;;;;;;;;;;;;;;;;;;;;;;1;1;1;1;1;1;1;1;1;1;;;;;;;;;;;;;;;;;;;;;;
Mujer;Entre 3 y menos de 5 salarios mínimos;12;Sin informaci¿n;MATRICULADOS;;;;;;;;;;;;;;;;;;;;;;;1;1;1;1;;1;1;1;2;2;2;2;1;;1;1;;;1;1;;1;1;1;1;;1;;;;;
Mujer;Entre 3 y menos de 5 salarios mínimos;12;Estrato 1;MATRICULADOS;;;;;;;;;;;;;;;;;;;;;;;6;10;22;23;27;28;53;53;65;78;78;70;79;71;61;54;47;38;34;37;29;30;24;18;17;19;21;25;23;24;20;20
Mujer;Entre 3 y menos de 5 salarios mínimos;12;Estrato 2;MATRICULADOS;;;;;;;;;;;;;;;;;;;;;;3;29;58;88;89;111;112;145;166;206;234;218;219;209;199;185;170;144;144;131;133;117;102;99;90;90;91;90;87;72;78;61;63
Mujer;Entre 3 y menos de 5 salarios mínimos;12;Estrato 3;MATRICULADOS;;;;;;;;;;;;;;;;;;;;;;1;26;39;64;70;79;80;103;143;170;185;183;172;158;131;130;111;103;95;82;80;66;61;56;52;43;47;38;41;35;42;30;30
Mujer;Entre 3 y menos de 5 salarios mínimos;12;Estrato 4;MATRICULADOS;;;;;;;;;;;;;;;;;;;;;;;1;4;10;8;9;10;10;10;13;14;13;11;11;10;12;14;14;16;12;11;12;8;9;5;8;4;5;4;2;;;1
Mujer;Entre 3 y menos de 5 salarios mínimos;12;Estrato 5;MATRICULADOS;;;;;;;;;;;;;;;;;;;;;;;;;1;1;2;2;2;1;2;2;1;1;1;1;1;1;1;1;1;1;1;2;2;2;1;1;;;;;;1
Mujer;Entre 3 y menos de 5 salarios mínimos;12;Estrato 6;MATRICULADOS;;;;;;;;;;;;;;;;;;;;;;;;;;1;1;;;2;2;1;1;1;1;1;2;2;1;1;;;;;;;;1;;;;;;
Mujer;Entre 5 y menos de 7 salarios mínimos;Sin informaci¿n;Sin informaci¿n;MATRICULADOS;64;89;147;155;206;220;228;229;239;222;202;198;184;167;150;134;119;116;119;97;97;87;86;85;84;88;98;92;95;86;94;97;90;86;85;80;75;69;69;64;57;53;54;52;42;49;43;49;43;45;41;33;22;26
Mujer;Entre 5 y menos de 7 salarios mínimos;Sin informaci¿n;Estrato 1;MATRICULADOS;;;;;2;12;51;71;105;142;205;223;267;278;286;268;269;252;242;222;198;180;145;144;127;115;105;85;93;82;79;76;74;73;65;69;64;55;57;50;46;49;45;39;33;34;27;24;24;30;26;27;24;25
Mujer;Entre 5 y menos de 7 salarios mínimos;Sin informaci¿n;Estrato 2;MATRICULADOS;3;3;12;10;21;131;576;729;1310;1543;2029;2233;2668;2697;2806;2693;2577;2387;2172;1988;1732;1520;1274;1131;969;847;790;746;696;609;587;569;491;470;454;458;402;367;344;324;281;272;245;225;199;190;210;205;171;173;169;162;116;129
Mujer;Entre 5 y menos de 7 salarios mínimos;Sin informaci¿n;Estrato 3;MATRICULADOS;5;5;7;11;19;438;2396;3153;5248;6094;8425;9154;11130;11631;11821;11542;10948;10149;9707;8716;7511;6434;5213;4195;3417;2792;2418;2037;1806;1624;1473;1359;1247;1159;1039;1018;931;869;798;740;690;670;584;556;462;470;467;462;420;412;358;363;267;294
Mujer;Entre 5 y menos de 7 salarios mínimos;Sin informaci¿n;Estrato 4;MATRICULADOS;1;1;;;1;34;192;243;612;726;918;965;1139;1178;1179;1155;1107;995;895;788;629;558;441;344;284;249;202;153;142;117;109;104;102;89;80;75;64;60;62;58;56;44;43;37;33;43;39;39;37;31;29;30;21;16
Mujer;Entre 5 y menos de 7 salarios mínimos;Sin informaci¿n;Estrato 5;MATRICULADOS;;;;;;14;57;77;136;171;231;264;312;321;331;301;291;271;272;236;212;179;150;118;88;74;54;43;42;42;42;36;35;27;26;27;24;23;19;17;14;12;12;13;9;11;10;14;10;8;5;4;4;4
Mujer;Entre 5 y menos de 7 salarios mínimos;Sin informaci¿n;Estrato 6;MATRICULADOS;;;;;;4;15;22;48;57;75;83;105;133;126;131;125;119;117;98;89;79;60;46;31;29;15;14;9;8;7;5;8;8;8;3;2;2;1;1;;2;2;2;;2;1;1;1;2;2;1;1;2
Mujer;Entre 5 y menos de 7 salarios mínimos;1;Sin informaci¿n;MATRICULADOS;8;6;9;8;14;11;14;13;13;13;11;10;8;5;3;3;2;3;1;;2;1;3;2;3;1;4;2;2;;1;1;2;2;2;1;2;2;2;2;2;2;2;1;1;1;;;;;;;;
Mujer;Entre 5 y menos de 7 salarios mínimos;1;Estrato 1;MATRICULADOS;;;;;;;;;;;;;;;;;;;;;;;;;;;;;4;2;2;2;2;1;3;3;5;3;3;3;2;2;2;2;1;2;2;4;4;4;4;4;1;1
Mujer;Entre 5 y menos de 7 salarios mínimos;1;Estrato 2;MATRICULADOS;;;;;;;;;;;;;;;;;;;;;;;2;4;5;5;6;8;7;5;7;12;12;11;12;9;8;8;8;8;6;5;4;4;2;3;2;2;2;2;2;3;1;1
Mujer;Entre 5 y menos de 7 salarios mínimos;1;Estrato 3;MATRICULADOS;;;;;;;;;;;;;;;;;;;;;;1;4;5;6;6;6;6;10;13;21;22;20;19;18;19;19;12;11;9;8;8;7;8;6;5;4;4;5;4;3;3;3;2
Mujer;Entre 5 y menos de 7 salarios mínimos;1;Estrato 4;MATRICULADOS;;;;;;;;;;;;;;;;;;;;;;1;4;8;9;12;15;13;14;13;11;13;11;10;9;10;9;8;7;4;4;3;2;1;2;2;5;4;2;2;1;1;1;2
Mujer;Entre 5 y menos de 7 salarios mínimos;1;Estrato 5;MATRICULADOS;;;;;;;;;;;;;;;;;;;;;;;1;2;2;2;3;2;3;3;2;2;4;5;6;4;4;4;4;3;2;2;1;;;;;;;;;;;
Mujer;Entre 5 y menos de 7 salarios mínimos;2;Sin informaci¿n;MATRICULADOS;128;163;279;335;433;446;453;428;454;430;408;369;302;265;223;152;133;104;97;1141;1010;980;917;915;903;800;780;788;759;625;501;430;383;357;345;297;309;300;204;175;134;119;95;69;59;55;49;49;41;34;24;23;13;14
Mujer;Entre 5 y menos de 7 salarios mínimos;2;Estrato 1;MATRICULADOS;;;;;;1;;;;;;;;;;;;;;;;;5;10;13;17;17;17;25;32;37;43;41;37;33;34;27;21;18;16;12;11;13;11;8;9;12;13;12;11;7;5;5;10
Mujer;Entre 5 y menos de 7 salarios mínimos;2;Estrato 2;MATRICULADOS;1;;1;1;1;1;1;1;1;1;;;;;;;;;;;;3;51;59;118;134;147;149;196;207;270;299;289;289;270;243;238;220;193;169;142;121;101;82;67;68;61;55;48;44;36;39;26;35
Mujer;Entre 5 y menos de 7 salarios mínimos;2;Estrato 3;MATRICULADOS;;;;;1;2;2;2;2;2;3;3;3;1;2;2;2;1;1;1;1;21;165;228;401;445;492;498;645;713;881;931;933;851;790;715;659;601;526;460;369;296;230;179;151;117;119;101;80;88;82;74;58;56
Mujer;Entre 5 y menos de 7 salarios mínimos;2;Estrato 4;MATRICULADOS;;;;;;;;;;;;;;;;;1;1;1;;;22;117;159;264;284;299;307;403;433;532;534;526;501;445;393;372;332;280;241;193;158;124;104;75;66;56;43;40;32;35;32;24;21
Mujer;Entre 5 y menos de 7 salarios mínimos;2;Estrato 5;MATRICULADOS;;;;;;;;;;;;;;;;;;;;;;5;30;46;80;104;104;110;144;151;180;170;161;155;138;127;122;109;81;72;59;38;34;28;27;21;19;15;13;10;11;7;6;6
Mujer;Entre 5 y menos de 7 salarios mínimos;2;Estrato 6;MATRICULADOS;;;;;;;;;;;;;;;;;;;;;;;10;13;25;36;38;43;45;56;67;67;64;60;51;50;44;30;32;25;17;14;12;9;8;6;4;4;3;3;3;1;;1
Mujer;Entre 5 y menos de 7 salarios mínimos;3;Sin informaci¿n;MATRICULADOS;503;645;1003;1153;1583;1641;1713;1632;1689;1647;1570;1440;1225;1054;850;664;559;454;439;385;361;318;285;273;273;261;246;226;222;226;216;200;200;183;182;169;139;138;132;138;129;113;114;110;91;104;110;102;91;94;81;74;60;60
Mujer;Entre 5 y menos de 7 salarios mínimos;3;Estrato 1;MATRICULADOS;;;;;;;;;;;;;;;;;;;;;;1;20;43;63;79;88;87;117;126;170;176;173;165;153;151;145;133;111;98;78;63;60;48;50;48;51;43;38;38;37;42;22;27
Mujer;Entre 5 y menos de 7 salarios mínimos;3;Estrato 2;MATRICULADOS;1;1;1;1;2;2;1;1;1;1;;;;;;;;1;;;2;20;222;317;538;597;649;657;923;995;1278;1369;1332;1288;1217;1138;1073;1011;903;819;655;558;462;396;342;307;290;239;203;199;175;178;142;147
Mujer;Entre 5 y menos de 7 salarios mínimos;3;Estrato 3;MATRICULADOS;2;2;2;1;1;3;2;3;2;3;3;3;3;2;3;2;1;;1;;3;69;719;1005;1686;1831;1970;2016;2660;2918;3663;3848;3693;3526;3251;2962;2754;2526;2160;1921;1575;1337;1080;919;726;663;586;533;468;439;350;331;239;255
Mujer;Entre 5 y menos de 7 salarios mínimos;3;Estrato 4;MATRICULADOS;;;;;;;;;;;;;;;;;;1;;;;51;323;466;792;914;971;990;1265;1388;1703;1805;1749;1620;1529;1373;1242;1123;977;832;628;486;366;299;224;171;159;131;107;104;91;88;67;67
Mujer;Entre 5 y menos de 7 salarios mínimos;3;Estrato 5;MATRICULADOS;;;;;;;;;;;;;;;;;;;;;;15;100;159;248;308;315;347;425;462;553;557;538;512;462;408;364;323;274;249;206;172;115;92;79;66;67;46;39;31;23;21;18;18
Mujer;Entre 5 y menos de 7 salarios mínimos;3;Estrato 6;MATRICULADOS;;;;;;;;;;;;;;;;;;;;;;14;33;48;74;95;96;99;114;120;141;140;141;135;120;102;90;79;65;56;45;35;29;24;18;15;10;8;8;6;6;3;2;2
Mujer;Entre 5 y menos de 7 salarios mínimos;4;Sin informaci¿n;MATRICULADOS;1432;1743;2808;3229;4358;4550;4661;4530;4604;4469;4181;3771;3237;2809;2242;1769;1458;1177;1117;927;883;801;694;661;627;581;561;556;560;509;517;508;483;477;463;429;394;357;352;315;291;282;262;248;229;237;229;235;202;203;176;168;137;154
Mujer;Entre 5 y menos de 7 salarios mínimos;4;Estrato 1;MATRICULADOS;;;;;;;;;;;;;;;;;;;;;;5;61;94;173;210;224;234;318;355;448;501;493;482;457;428;400;375;334;309;262;236;214;177;154;143;137;122;111;104;87;88;63;65
Mujer;Entre 5 y menos de 7 salarios mínimos;4;Estrato 2;MATRICULADOS;1;1;2;2;1;1;1;1;;;;;;;;;;;1;1;2;37;558;778;1421;1588;1707;1727;2363;2600;3273;3528;3420;3274;3031;2815;2608;2426;2123;1909;1583;1339;1116;967;823;727;679;626;545;491;440;420;301;316
Mujer;Entre 5 y menos de 7 salarios mínimos;4;Estrato 3;MATRICULADOS;4;4;4;5;3;2;2;2;1;1;1;1;2;1;1;1;1;1;1;1;2;151;1479;2076;3578;3992;4219;4282;5648;6175;7763;8180;7923;7448;6859;6321;5772;5324;4574;3983;3210;2562;2106;1749;1420;1258;1166;1057;884;789;686;647;479;494
Mujer;Entre 5 y menos de 7 salarios mínimos;4;Estrato 4;MATRICULADOS;;;;;;;;;;;;;;;;;;;1;;1;87;632;885;1503;1721;1859;1920;2505;2731;3331;3516;3395;3179;2894;2669;2433;2208;1840;1548;1227;965;740;612;473;390;358;310;255;221;184;159;125;116
Mujer;Entre 5 y menos de 7 salarios mínimos;4;Estrato 5;MATRICULADOS;;;;;;;;;;;;;;;;;;1;1;1;2;42;169;257;427;514;561;585;717;812;946;959;933;852;766;686;621;553;470;373;303;228;178;133;104;82;65;63;59;43;42;35;28;27
Mujer;Entre 5 y menos de 7 salarios mínimos;4;Estrato 6;MATRICULADOS;;;;;;;;;;;;;;;;;;;;;;11;49;78;109;128;138;160;183;197;233;252;237;228;201;180;170;147;124;108;72;51;35;32;22;17;17;14;14;13;14;12;8;9
Mujer;Entre 5 y menos de 7 salarios mínimos;5;Sin informaci¿n;MATRICULADOS;1449;1804;2812;3160;4266;4539;4726;4542;4621;4446;4130;3774;3245;2874;2293;1857;1481;1228;1166;1019;885;822;787;774;750;684;667;702;680;642;640;623;570;537;503;500;478;412;405;396;365;371;319;306;267;271;262;256;241;240;215;209;160;166
Mujer;Entre 5 y menos de 7 salarios mínimos;5;Estrato 1;MATRICULADOS;;;;;;1;;;;;;;;;;;;;;;1;6;90;120;205;229;253;248;341;373;450;487;498;480;477;459;432;398;363;331;274;244;218;182;141;130;129;120;110;105;92;95;76;75
Mujer;Entre 5 y menos de 7 salarios mínimos;5;Estrato 2;MATRICULADOS;;;;;;1;1;1;1;1;;;1;1;2;2;2;1;1;;;32;437;659;1162;1309;1450;1423;1870;2078;2590;2806;2771;2620;2431;2254;2075;1929;1697;1521;1250;1102;902;774;661;610;568;528;461;436;384;368;267;275
Mujer;Entre 5 y menos de 7 salarios mínimos;5;Estrato 3;MATRICULADOS;2;;1;1;1;2;2;2;2;2;2;2;2;2;3;3;3;2;2;2;4;76;968;1373;2307;2664;2770;2805;3654;3970;4769;5115;4874;4625;4213;3880;3531;3222;2760;2427;1974;1646;1340;1159;946;850;811;710;643;575;483;474;355;361
Mujer;Entre 5 y menos de 7 salarios mínimos;5;Estrato 4;MATRICULADOS;;;;;;;;;;;;;;;;;;;;;;36;410;577;944;1046;1089;1095;1397;1498;1795;1873;1791;1662;1498;1355;1214;1087;911;795;629;495;410;322;257;248;211;188;153;134;99;90;57;65
Mujer;Entre 5 y menos de 7 salarios mínimos;5;Estrato 5;MATRICULADOS;;;;;;;;;;;;;;;;;;;;;;28;114;161;259;319;325;337;411;446;534;553;526;511;447;405;371;314;283;235;191;155;109;86;74;62;55;44;29;28;25;22;17;15
Mujer;Entre 5 y menos de 7 salarios mínimos;5;Estrato 6;MATRICULADOS;;;;;;;;;;;;;;;;;;1;1;1;1;12;36;50;80;92;100;110;117;129;142;143;136;125;110;99;87;70;57;49;39;33;21;19;17;11;10;8;8;4;1;3;3;3
Mujer;Entre 5 y menos de 7 salarios mínimos;6;Sin informaci¿n;MATRICULADOS;749;945;1439;1655;2186;2333;2461;2371;2412;2369;2175;1992;1736;1511;1241;977;851;716;695;630;587;527;487;484;461;442;432;415;410;384;399;380;371;352;332;314;292;265;271;259;225;212;196;192;165;173;166;168;144;132;133;138;98;112
Mujer;Entre 5 y menos de 7 salarios mínimos;6;Estrato 1;MATRICULADOS;;;;;;;;;;;;;;;;;;;;;;3;40;55;86;99;110;108;151;170;203;237;241;230;239;232;217;203;182;174;144;121;114;113;99;95;94;94;87;74;68;66;44;50
Mujer;Entre 5 y menos de 7 salarios mínimos;6;Estrato 2;MATRICULADOS;;;;;;;;;;;;;;;;;;;;;;17;246;336;567;646;714;706;876;962;1138;1227;1208;1160;1107;1012;950;876;754;708;589;519;439;397;322;298;305;291;257;235;211;216;166;165
Mujer;Entre 5 y menos de 7 salarios mínimos;6;Estrato 3;MATRICULADOS;2;;1;2;1;1;1;1;1;1;1;1;;;1;1;1;1;;1;1;30;331;512;869;999;1059;1036;1366;1522;1793;1946;1869;1749;1621;1492;1405;1302;1105;973;814;699;591;514;441;381;376;335;307;272;230;212;159;175
Mujer;Entre 5 y menos de 7 salarios mínimos;6;Estrato 4;MATRICULADOS;;;;;;2;1;1;1;1;1;;1;;;1;1;;;;1;13;123;185;297;365;399;400;505;540;626;645;640;599;537;482;443;397;342;297;234;199;148;125;110;98;103;85;80;69;58;51;32;35
Mujer;Entre 5 y menos de 7 salarios mínimos;6;Estrato 5;MATRICULADOS;;;;;;;;;;;;;;;;;;;;;;14;40;69;107;132;142;137;162;178;204;216;193;185;181;162;153;133;110;95;78;65;51;43;31;27;23;16;9;7;12;10;6;6
Mujer;Entre 5 y menos de 7 salarios mínimos;6;Estrato 6;MATRICULADOS;;;;;;;;;;;;;;;;;;;;;;4;12;16;22;31;32;35;47;51;59;57;53;53;43;44;43;39;30;27;18;12;11;8;6;6;5;2;;1;;;;1
Mujer;Entre 5 y menos de 7 salarios mínimos;7;Sin informaci¿n;MATRICULADOS;306;374;565;637;830;911;943;924;934;902;838;769;667;589;500;411;361;296;284;265;240;233;227;206;214;199;200;195;200;199;209;192;176;163;162;162;152;132;126;132;117;116;106;106;91;85;81;74;69;65;57;61;46;60
Mujer;Entre 5 y menos de 7 salarios mínimos;7;Estrato 1;MATRICULADOS;;;;;;;;;;;;;;;;;;;;;;2;20;35;66;63;71;67;83;100;129;133;141;127;127;129;113;112;104;101;73;77;65;67;54;54;53;53;51;41;36;36;26;25
Mujer;Entre 5 y menos de 7 salarios mínimos;7;Estrato 2;MATRICULADOS;;;;;;;;;;;;;;;;;;;;;;2;110;146;225;267;265;287;349;407;492;530;520;507;487;444;430;394;343;320;270;224;199;182;167;165;159;158;135;128;116;115;97;89
Mujer;Entre 5 y menos de 7 salarios mínimos;7;Estrato 3;MATRICULADOS;;;;;;;;;;;;;;;1;1;1;1;1;;1;17;147;215;362;407;423;432;559;612;726;749;725;707;683;620;574;524;449;421;358;317;275;230;203;183;165;160;148;133;121;110;86;87
Mujer;Entre 5 y menos de 7 salarios mínimos;7;Estrato 4;MATRICULADOS;;;;;;;;;;;;;;;;;;;;1;1;6;45;74;118;125;136;129;155;174;203;210;201;182;174;150;139;124;105;91;76;66;54;49;42;36;31;31;28;22;20;14;9;15
Mujer;Entre 5 y menos de 7 salarios mínimos;7;Estrato 5;MATRICULADOS;;;;;;;;;;;;;;;;;;;;;;3;17;27;35;38;38;45;53;51;56;58;52;57;57;48;42;36;29;27;24;16;15;15;8;8;8;7;7;5;2;1;3;1
Mujer;Entre 5 y menos de 7 salarios mínimos;7;Estrato 6;MATRICULADOS;;;;;;;;;;;;;;;;;;;;;;1;7;11;10;13;14;13;16;18;21;17;17;16;15;13;10;9;8;6;3;3;1;2;2;;1;1;;;2;1;;
Mujer;Entre 5 y menos de 7 salarios mínimos;8;Sin informaci¿n;MATRICULADOS;112;150;245;259;340;355;383;358;371;353;333;319;282;260;222;187;162;140;137;133;115;108;98;92;96;88;94;93;92;95;86;93;87;88;87;84;63;55;56;53;48;52;46;36;33;34;38;42;37;39;35;32;27;26
Mujer;Entre 5 y menos de 7 salarios mínimos;8;Estrato 1;MATRICULADOS;;;;;;;;;;;;;;;;;;;;;;;14;14;21;27;29;27;41;36;45;65;69;65;72;69;58;59;58;55;48;42;44;40;32;27;29;29;27;23;22;21;19;14
Mujer;Entre 5 y menos de 7 salarios mínimos;8;Estrato 2;MATRICULADOS;;;;;;;;;;;;;;;;;;;;;;3;36;63;93;111;107;113;147;170;196;228;226;226;221;197;196;179;171;153;123;121;125;117;100;99;93;89;79;72;59;55;44;47
Mujer;Entre 5 y menos de 7 salarios mínimos;8;Estrato 3;MATRICULADOS;;;;;;;;;;;;;;;;;;;;;;3;45;87;148;165;181;184;244;282;315;337;331;312;294;276;249;226;200;174;147;130;103;92;70;71;74;69;63;59;56;64;47;45
Mujer;Entre 5 y menos de 7 salarios mínimos;8;Estrato 4;MATRICULADOS;;;;;;;;;;;;;;;;;;;;;;3;24;31;45;54;50;55;71;66;78;87;91;81;70;67;69;65;54;50;42;35;25;18;23;20;19;20;13;10;7;8;2;7
Mujer;Entre 5 y menos de 7 salarios mínimos;8;Estrato 5;MATRICULADOS;;;;;;;;;;;;;;;;;;;;;;1;5;4;13;15;16;13;16;19;22;22;25;23;18;14;14;13;10;11;9;8;9;9;4;4;4;3;3;3;3;2;2;1
Mujer;Entre 5 y menos de 7 salarios mínimos;8;Estrato 6;MATRICULADOS;;;;;;;;;;;;;;;;;;;;;;1;3;3;4;4;4;3;3;4;6;8;6;4;4;6;4;3;2;1;1;2;1;1;2;2;2;1;2;2;1;2;1;1
Mujer;Entre 5 y menos de 7 salarios mínimos;9;Sin informaci¿n;MATRICULADOS;77;102;142;151;210;219;217;224;222;224;217;187;174;146;122;108;95;94;89;81;80;78;76;63;64;61;59;52;50;53;50;65;56;54;53;46;47;48;44;40;41;36;29;31;22;25;24;27;25;27;20;22;14;17
Mujer;Entre 5 y menos de 7 salarios mínimos;9;Estrato 1;MATRICULADOS;;;;;;;;;;;;;;;;;;;;;;;4;6;15;16;18;19;21;22;28;35;35;34;32;30;27;32;24;24;23;21;21;21;17;12;13;13;13;13;10;8;7;6
Mujer;Entre 5 y menos de 7 salarios mínimos;9;Estrato 2;MATRICULADOS;;;;;;;;;;;;;;;;;;;;;1;2;22;30;51;61;61;60;79;94;128;146;145;129;122;110;103;87;92;83;76;71;59;61;47;49;44;46;36;36;42;42;30;28
Mujer;Entre 5 y menos de 7 salarios mínimos;9;Estrato 3;MATRICULADOS;;;;;;;;;;;;;;;;;;;;;;3;33;45;62;76;78;82;101;109;131;141;133;132;130;115;102;99;87;86;68;63;60;48;42;43;33;25;34;28;32;33;30;26
Mujer;Entre 5 y menos de 7 salarios mínimos;9;Estrato 4;MATRICULADOS;;;;;;;;;;;;;;;;;;;;;;;6;11;20;20;18;19;24;28;30;30;29;29;32;27;22;24;19;13;10;9;5;6;5;3;2;3;3;4;4;3;2;2
Mujer;Entre 5 y menos de 7 salarios mínimos;9;Estrato 5;MATRICULADOS;;;;;;;;;;;;;;;;;;;;;;;;1;1;1;1;1;3;3;3;3;3;4;4;3;2;3;3;2;1;1;2;1;1;1;;;;;;;;
Mujer;Entre 5 y menos de 7 salarios mínimos;10;Estrato 1;MATRICULADOS;;;;;;;;;;;;;;;;;;;;;;;3;5;6;8;9;11;11;12;19;22;27;23;24;25;24;23;24;18;14;17;16;13;12;10;14;15;12;14;13;11;9;9
Mujer;Entre 5 y menos de 7 salarios mínimos;10;Estrato 2;MATRICULADOS;;;;;;;;;;;;;;;;;;;;;;;6;17;32;45;51;46;64;76;91;99;99;99;99;80;80;72;63;52;46;43;39;36;37;32;38;34;29;28;20;16;9;11
Mujer;Entre 5 y menos de 7 salarios mínimos;10;Estrato 3;MATRICULADOS;;;;;;;;;;;;;;;;;;;;;;2;15;24;45;49;44;43;65;75;84;106;104;91;92;86;72;65;62;52;55;51;44;37;33;36;34;28;20;15;16;19;17;15
Mujer;Entre 5 y menos de 7 salarios mínimos;10;Estrato 4;MATRICULADOS;;;;;;;;;;;;;;;;;;;;;;;5;5;10;9;12;9;13;14;15;18;15;13;13;11;9;9;10;11;8;8;3;4;2;4;4;4;5;4;4;4;2;1
Mujer;Entre 5 y menos de 7 salarios mínimos;10;Estrato 5;MATRICULADOS;;;;;;;;;;;;;;;;;;;;;;;;3;2;3;4;4;5;5;7;8;4;8;8;5;5;4;4;4;4;4;3;3;2;;1;1;1;1;1;1;1;1
Mujer;Entre 5 y menos de 7 salarios mínimos;10;Estrato 6;MATRICULADOS;;;;;;;;;;;;;;;;;;;;;;;1;1;;;;;;;;;;;;;;;;;;;;;;;;;;;;;;
Mujer;Entre 5 y menos de 7 salarios mínimos;11;Sin informaci¿n;MATRICULADOS;;;;;;;;;;;;;;;;;;;;;;;;;;;;;;;;;;1;;1;1;1;1;1;1;1;1;1;1;1;1;1;1;1;1;;;
Mujer;Entre 5 y menos de 7 salarios mínimos;11;Estrato 1;MATRICULADOS;;;;;;;;;;;;;;;;;;;;;;;;;1;2;2;4;3;5;5;7;11;12;11;11;10;10;8;7;9;11;11;7;7;6;6;5;5;5;3;4;2;3
Mujer;Entre 5 y menos de 7 salarios mínimos;11;Estrato 2;MATRICULADOS;;;;;;;;;;;;;;;;;;;;;;;7;10;23;25;23;19;29;36;37;40;41;40;32;38;37;35;31;34;31;29;32;27;28;21;19;16;17;19;10;12;8;11
Mujer;Entre 5 y menos de 7 salarios mínimos;11;Estrato 3;MATRICULADOS;;;;;;;;;;;;;;;;;;;;;;;11;15;23;34;34;34;41;43;57;64;54;54;53;48;39;42;32;29;19;20;20;21;19;18;14;10;9;8;7;3;2;3
Mujer;Entre 5 y menos de 7 salarios mínimos;11;Estrato 4;MATRICULADOS;;;;;;;;;;;;;;;;;;;;;;;;1;2;4;4;4;6;6;6;7;6;6;5;4;2;3;2;2;2;2;2;1;1;1;1;1;1;1;;;;
Mujer;Entre 5 y menos de 7 salarios mínimos;11;Estrato 5;MATRICULADOS;;;;;;;;;;;;;;;;;;;;;;;;1;1;1;1;;2;2;4;5;3;1;3;3;3;2;1;1;2;1;1;1;1;1;;;;;1;1;1;1
Mujer;Entre 5 y menos de 7 salarios mínimos;11;Estrato 6;MATRICULADOS;;;;;;;;;;;;;;;;;;;;;;;;1;;1;1;;;;;;;;;;;;;;;;;;;;;;;;;;;
Mujer;Entre 5 y menos de 7 salarios mínimos;12;Estrato 1;MATRICULADOS;;;;;;;;;;;;;;;;;;;;;;;6;7;17;14;13;12;15;20;24;29;29;28;28;26;26;25;17;14;12;10;12;13;13;9;10;9;9;11;5;4;5;7
Mujer;Entre 5 y menos de 7 salarios mínimos;12;Estrato 2;MATRICULADOS;;;;;;;;;;;;;;;;;;;;;;1;15;19;36;41;53;51;63;70;83;101;104;103;92;83;81;68;62;57;50;49;38;35;31;33;33;31;25;26;21;21;12;14
Mujer;Entre 5 y menos de 7 salarios mínimos;12;Estrato 3;MATRICULADOS;;;;;;;;;;;;;;;;;;;;;;;12;21;42;44;44;40;59;77;90;94;88;84;74;70;73;69;64;55;49;48;36;34;24;21;22;19;15;15;14;17;12;13
Mujer;Entre 5 y menos de 7 salarios mínimos;12;Estrato 4;MATRICULADOS;;;;;;;;;;;;;;;;;;;;;;;1;1;2;4;6;4;7;6;7;9;10;10;9;9;7;7;6;5;4;4;1;2;3;2;2;2;3;2;;;;1
Mujer;Entre 5 y menos de 7 salarios mínimos;12;Estrato 5;MATRICULADOS;;;;;;;;;;;;;;;;;;;;;;;1;2;2;1;1;3;2;4;4;4;4;5;5;5;4;4;2;3;3;1;;1;;1;1;2;2;1;2;2;2;2
Mujer;Entre 5 y menos de 7 salarios mínimos;12;Estrato 6;MATRICULADOS;;;;;;;;;;;;;;;;;;;;;;;;;;;;;1;1;1;1;1;1;1;1;1;;;;;;;;;;;;;;;;;
Mujer;Entre 7 y menos de 9 salarios mínimos;Sin informaci¿n;Sin informaci¿n;MATRICULADOS;30;24;33;30;52;54;54;56;52;49;44;42;42;39;31;24;21;15;15;14;14;13;8;12;10;11;12;8;9;12;9;14;12;12;12;9;10;9;12;10;8;7;5;4;5;7;8;7;6;7;6;6;3;4
Mujer;Entre 7 y menos de 9 salarios mínimos;Sin informaci¿n;Estrato 1;MATRICULADOS;;;;;;4;10;31;50;51;65;66;80;82;79;73;69;61;56;52;50;41;34;28;28;28;20;26;23;20;18;21;20;21;26;18;20;16;19;19;16;15;13;12;10;8;9;10;7;10;9;10;6;7
Mujer;Entre 7 y menos de 9 salarios mínimos;Sin informaci¿n;Estrato 2;MATRICULADOS;1;1;3;2;5;14;128;184;395;465;581;612;631;632;629;602;578;522;467;408;337;285;225;179;164;136;126;110;118;106;89;85;87;77;74;73;70;70;62;53;48;50;46;40;34;36;35;29;27;26;25;27;23;27
Mujer;Entre 7 y menos de 9 salarios mínimos;Sin informaci¿n;Estrato 3;MATRICULADOS;1;1;2;2;6;176;925;1277;1855;2142;2937;3259;3377;3473;3511;3369;3128;2850;2606;2306;1903;1529;1246;1006;764;645;541;463;402;367;344;292;287;246;229;202;197;163;167;161;133;136;112;115;107;101;108;101;83;76;65;62;46;58
Mujer;Entre 7 y menos de 9 salarios mínimos;Sin informaci¿n;Estrato 4;MATRICULADOS;;;;;;67;462;529;753;857;1365;1472;1554;1523;1513;1470;1344;1228;1121;1000;776;584;433;311;249;204;183;157;142;120;100;96;80;74;64;64;58;54;41;44;36;27;31;24;25;24;25;25;24;25;21;20;16;13
Mujer;Entre 7 y menos de 9 salarios mínimos;Sin informaci¿n;Estrato 5;MATRICULADOS;;;;;;7;35;36;61;80;123;140;155;156;159;151;142;130;123;111;88;69;58;45;34;21;18;20;16;16;9;8;8;7;8;9;6;6;5;5;6;5;6;5;3;3;2;1;2;2;1;2;2;3
Mujer;Entre 7 y menos de 9 salarios mínimos;Sin informaci¿n;Estrato 6;MATRICULADOS;;;;;;3;12;17;24;42;68;87;86;104;103;102;102;96;92;73;65;49;38;28;23;13;9;5;4;1;;;1;1;1;3;5;4;4;3;4;4;4;3;2;3;1;1;1;2;1;;;
Mujer;Entre 7 y menos de 9 salarios mínimos;1;Sin informaci¿n;MATRICULADOS;5;6;6;7;5;4;4;5;4;4;2;2;2;2;1;1;1;1;1;1;;;;;;;;;;;;1;;;;;;;;1;1;1;1;1;;;;;;;;;;
Mujer;Entre 7 y menos de 9 salarios mínimos;1;Estrato 1;MATRICULADOS;;;;;;;;;;;;;;;;;;;;;;;;;1;1;1;1;1;1;1;1;1;1;1;1;2;1;2;2;2;3;3;4;4;4;3;2;2;2;2;1;;1
Mujer;Entre 7 y menos de 9 salarios mínimos;1;Estrato 2;MATRICULADOS;;;;;;;;;;;;;;;;;;;;;;;;;;1;1;2;1;;1;1;2;2;1;1;;;;;;;;;;;;;;;;;;
Mujer;Entre 7 y menos de 9 salarios mínimos;1;Estrato 3;MATRICULADOS;;;;;;;;;;;;;;;;;;;;;;;;2;2;;1;;1;;2;3;2;3;4;4;4;2;3;2;1;1;1;1;1;;;;;;;;;
Mujer;Entre 7 y menos de 9 salarios mínimos;1;Estrato 4;MATRICULADOS;;;;;;;;;;;;;;;;;;;;;;1;2;2;4;3;2;3;3;1;2;2;2;1;1;1;1;;;1;3;3;2;3;2;2;2;1;1;1;2;1;1;1
Mujer;Entre 7 y menos de 9 salarios mínimos;1;Estrato 5;MATRICULADOS;;;;;;;;;;;;;;;;;;;;;;;;;;;;;2;1;1;1;2;1;1;;1;2;2;2;2;2;1;;;2;2;3;2;2;1;1;1;
Mujer;Entre 7 y menos de 9 salarios mínimos;1;Estrato 6;MATRICULADOS;;;;;;;;;;;;;;;;;;;;;;;;;;1;1;2;2;2;2;2;2;2;2;2;2;1;;;;;;;;;;;;;;;;
Mujer;Entre 7 y menos de 9 salarios mínimos;2;Sin informaci¿n;MATRICULADOS;49;47;58;57;100;112;114;106;106;99;93;88;88;80;64;55;50;36;32;32;35;33;27;24;18;18;15;17;13;14;15;11;9;7;6;9;10;10;12;9;11;12;11;10;10;9;11;10;5;4;4;3;3;3
Mujer;Entre 7 y menos de 9 salarios mínimos;2;Estrato 1;MATRICULADOS;;;;;;;;;;;;;;;;;;;;;;;1;1;3;2;2;3;4;4;4;4;5;5;5;4;4;2;3;3;3;2;3;3;3;2;2;1;;;;;;
Mujer;Entre 7 y menos de 9 salarios mínimos;2;Estrato 2;MATRICULADOS;;;;;;;;;;;;;;;;;;;;;;;6;7;22;22;23;24;32;34;38;46;38;39;35;30;25;23;25;18;17;15;14;14;11;9;9;6;5;5;5;3;1;2
Mujer;Entre 7 y menos de 9 salarios mínimos;2;Estrato 3;MATRICULADOS;;;;;;;;;;;;;;;;;;;1;;;3;53;81;110;123;131;137;173;188;231;253;246;227;206;187;179;164;149;117;98;79;54;48;39;36;36;29;25;28;22;15;11;10
Mujer;Entre 7 y menos de 9 salarios mínimos;2;Estrato 4;MATRICULADOS;;;;;;;;;;;;;;;;;;;;;;13;53;73;121;155;158;169;215;222;280;298;275;255;248;238;197;183;145;109;88;66;51;34;22;19;20;19;18;10;8;6;4;6
Mujer;Entre 7 y menos de 9 salarios mínimos;2;Estrato 5;MATRICULADOS;;;;;;;;;;;;;;;;;;;;;;7;24;46;74;84;95;97;116;125;135;138;126;122;108;98;78;69;58;54;38;26;21;15;8;7;6;5;4;2;6;3;2;1
Mujer;Entre 7 y menos de 9 salarios mínimos;2;Estrato 6;MATRICULADOS;;;;;;;;;;;;;;;;;;;;;;3;12;16;22;31;32;32;45;50;59;56;52;50;46;38;40;36;24;20;12;7;6;7;6;5;6;6;5;4;2;2;1;1
Mujer;Entre 7 y menos de 9 salarios mínimos;3;Sin informaci¿n;MATRICULADOS;180;162;193;188;357;388;419;405;389;370;350;319;303;266;212;157;140;108;108;84;62;62;65;59;58;48;48;40;60;53;60;56;57;48;44;42;38;34;34;34;33;35;31;33;29;34;34;27;23;22;15;18;10;14
Mujer;Entre 7 y menos de 9 salarios mínimos;3;Estrato 1;MATRICULADOS;;;;;;;;;;;;;;;;;;;;;;;2;6;14;12;15;16;23;24;26;26;28;24;22;23;27;26;21;20;18;16;16;16;11;11;6;7;4;5;6;5;3;3
Mujer;Entre 7 y menos de 9 salarios mínimos;3;Estrato 2;MATRICULADOS;;;;;;;;;;;;;;;;;;;;;;3;38;53;91;105;107;116;152;175;221;249;248;228;217;194;191;179;153;149;124;103;82;73;57;53;55;57;44;42;25;22;17;18
Mujer;Entre 7 y menos de 9 salarios mínimos;3;Estrato 3;MATRICULADOS;;;;;;;;;;;;;;;;;;;;;1;21;189;264;442;529;559;551;772;824;1040;1134;1080;1031;943;852;781;722;632;531;411;328;265;225;174;137;140;106;95;77;78;68;51;54
Mujer;Entre 7 y menos de 9 salarios mínimos;3;Estrato 4;MATRICULADOS;;;;;;;;;;;;;;;;;;;;;;16;172;254;432;490;513;536;731;776;981;993;997;925;825;744;688;617;527;450;356;274;202;162;129;109;97;80;76;67;54;52;39;32
Mujer;Entre 7 y menos de 9 salarios mínimos;3;Estrato 5;MATRICULADOS;;;;;;;;;;;;;;;1;;;;;;;29;106;157;233;287;296;333;406;450;510;499;485;460;413;365;312;282;222;184;135;99;85;60;52;43;35;29;24;22;12;11;11;9
Mujer;Entre 7 y menos de 9 salarios mínimos;3;Estrato 6;MATRICULADOS;;;;;;;;;;;;;;;;;;;;;;10;33;56;86;100;111;123;147;166;184;193;196;174;167;148;132;120;99;73;49;44;30;26;22;22;14;10;8;7;5;3;3;2
Mujer;Entre 7 y menos de 9 salarios mínimos;4;Sin informaci¿n;MATRICULADOS;379;355;417;402;959;1038;1136;1100;1100;1052;1005;943;884;835;676;536;419;343;281;235;195;171;152;138;126;109;104;97;106;96;110;111;110;100;97;85;87;77;72;66;66;57;56;61;50;53;48;51;46;39;34;33;22;23
Mujer;Entre 7 y menos de 9 salarios mínimos;4;Estrato 1;MATRICULADOS;;;;;;;;;;;;;;;;;;;;;;1;6;7;23;26;25;25;39;46;65;69;72;68;67;69;60;54;49;47;39;38;32;29;22;23;22;17;21;18;18;14;9;8
Mujer;Entre 7 y menos de 9 salarios mínimos;4;Estrato 2;MATRICULADOS;1;;;;;;;;;;;;;;;;;;;;;6;106;143;247;259;283;280;381;430;561;585;570;540;495;466;429;406;338;317;255;226;170;157;117;105;103;91;65;61;51;46;42;36
Mujer;Entre 7 y menos de 9 salarios mínimos;4;Estrato 3;MATRICULADOS;1;1;1;1;1;1;1;;;;;;;;;;;;;;;43;463;628;1121;1271;1337;1363;1858;1991;2506;2616;2529;2403;2177;1995;1830;1681;1413;1203;946;766;584;463;351;324;296;247;220;189;152;155;111;116
Mujer;Entre 7 y menos de 9 salarios mínimos;4;Estrato 4;MATRICULADOS;;;;;;;;;;;;;;;;;;;;;;64;397;576;1001;1146;1199;1263;1580;1710;2088;2187;2092;1964;1764;1585;1422;1282;1104;936;728;566;432;335;267;220;170;138;124;87;87;72;59;61
Mujer;Entre 7 y menos de 9 salarios mínimos;4;Estrato 5;MATRICULADOS;;;;;;;;;;;;;;;;;;;;;1;51;193;303;477;560;589;620;743;830;943;979;924;863;771;692;637;554;460;385;291;221;179;140;105;80;74;59;61;49;38;31;23;23
Mujer;Entre 7 y menos de 9 salarios mínimos;4;Estrato 6;MATRICULADOS;;;;;;;;;;;;;;;;;;;;;1;17;66;104;147;178;190;217;243;289;317;331;310;291;264;231;205;181;158;121;95;74;55;49;35;29;28;16;11;12;14;10;5;3
Mujer;Entre 7 y menos de 9 salarios mínimos;5;Sin informaci¿n;MATRICULADOS;438;390;452;463;974;1065;1118;1738;1322;1487;1406;1297;1244;1140;986;844;715;513;459;366;294;243;230;214;213;197;187;161;167;189;183;163;162;138;143;135;128;107;101;89;75;71;58;51;44;54;56;59;58;66;62;60;44;35
Mujer;Entre 7 y menos de 9 salarios mínimos;5;Estrato 1;MATRICULADOS;;;;;;;;;;;;;;;;;;;;;;;3;7;24;21;26;26;38;43;65;68;68;67;60;58;53;50;40;38;36;21;22;21;22;17;16;17;15;13;15;16;14;13
Mujer;Entre 7 y menos de 9 salarios mínimos;5;Estrato 2;MATRICULADOS;;;;;;;;;;;;;;;;;;;;;;5;75;105;201;227;233;228;302;327;420;452;450;422;397;378;360;331;288;259;191;153;125;111;90;78;74;68;57;49;47;44;32;34
Mujer;Entre 7 y menos de 9 salarios mínimos;5;Estrato 3;MATRICULADOS;;;;;;;;;;;;;;;;;;;;1;1;20;311;422;759;841;881;892;1164;1232;1490;1601;1528;1437;1308;1212;1104;987;833;718;551;454;354;296;230;193;190;171;148;143;129;128;91;99
Mujer;Entre 7 y menos de 9 salarios mínimos;5;Estrato 4;MATRICULADOS;;;;;;;;;;;;;;1;;;;;;;;34;246;313;561;626;661;689;875;953;1117;1162;1127;1039;913;828;765;682;585;488;385;308;240;201;139;121;108;100;76;72;65;60;37;47
Mujer;Entre 7 y menos de 9 salarios mínimos;5;Estrato 5;MATRICULADOS;;;;;;;;;;;;;;;;;;;;;;28;112;174;291;340;360;384;461;489;562;577;535;496;442;389;347;293;253;209;161;124;90;67;46;42;43;27;26;19;20;17;7;8
Mujer;Entre 7 y menos de 9 salarios mínimos;5;Estrato 6;MATRICULADOS;;;;;;;;;;;;;;;;;;;;;;10;46;74;114;148;153;168;203;218;238;242;226;203;185;155;131;114;97;74;50;38;34;30;19;20;15;11;11;9;9;7;6;6
Mujer;Entre 7 y menos de 9 salarios mínimos;6;Sin informaci¿n;MATRICULADOS;205;179;1794;1479;1542;1567;1510;963;967;900;879;832;720;593;451;317;250;205;191;173;143;119;108;108;110;113;123;92;93;93;100;93;90;85;87;86;85;80;68;66;57;53;42;35;33;34;33;30;24;20;17;19;14;18
Mujer;Entre 7 y menos de 9 salarios mínimos;6;Estrato 1;MATRICULADOS;;;;;;;;;;;;;;;;;;;;;;;4;2;4;5;8;7;15;16;29;33;30;31;29;33;26;28;31;26;21;18;16;22;14;10;10;11;9;7;7;5;3;5
Mujer;Entre 7 y menos de 9 salarios mínimos;6;Estrato 2;MATRICULADOS;;;;;;;;;;;;;;;;;;;;;;1;36;47;88;98;108;112;140;154;200;209;204;205;184;182;179;162;152;136;111;97;93;77;59;54;53;50;42;38;36;33;26;28
Mujer;Entre 7 y menos de 9 salarios mínimos;6;Estrato 3;MATRICULADOS;;;;;;;;;;;;;;;;;;;;;;4;97;140;228;277;299;313;392;429;512;547;536;517;467;415;378;346;303;274;223;172;130;111;91;89;77;70;66;59;45;43;29;30
Mujer;Entre 7 y menos de 9 salarios mínimos;6;Estrato 4;MATRICULADOS;;;;;;;;;;;;;;;;;;;;;;9;71;110;189;209;213;209;243;262;314;331;314;286;257;240;224;191;164;151;120;102;82;67;53;47;40;34;31;27;18;20;13;11
Mujer;Entre 7 y menos de 9 salarios mínimos;6;Estrato 5;MATRICULADOS;;;;;;;;;;;;;;;;;;;;;;10;47;64;102;124;139;142;163;175;211;206;203;192;176;146;131;123;99;83;60;46;38;29;16;18;16;15;12;11;9;8;4;5
Mujer;Entre 7 y menos de 9 salarios mínimos;6;Estrato 6;MATRICULADOS;;;;;;;;;;;;;;;;;;;;;;5;25;35;47;61;66;73;88;94;105;97;95;85;71;66;57;50;42;38;27;17;9;7;5;5;6;5;5;6;5;5;5;5
Mujer;Entre 7 y menos de 9 salarios mínimos;7;Sin informaci¿n;MATRICULADOS;107;93;102;99;175;198;207;193;179;185;159;149;147;132;113;99;77;67;72;62;61;43;46;47;37;32;37;31;39;45;48;52;50;44;42;35;32;24;24;20;25;24;19;19;15;19;20;19;16;17;14;16;11;10
Mujer;Entre 7 y menos de 9 salarios mínimos;7;Estrato 1;MATRICULADOS;;;;;;;;;;;;;;;;;;;;;;;5;7;9;11;12;12;14;16;21;24;24;22;23;19;16;14;11;8;10;7;6;6;7;8;6;6;5;5;4;4;3;2
Mujer;Entre 7 y menos de 9 salarios mínimos;7;Estrato 2;MATRICULADOS;;;;;;;;;;;;;;;;;;;;;;;20;30;59;62;62;63;78;79;91;97;84;79;70;70;61;57;49;46;41;34;29;26;23;20;22;24;23;18;13;15;14;11
Mujer;Entre 7 y menos de 9 salarios mínimos;7;Estrato 3;MATRICULADOS;;;;;;;;;;;;;;;;;;;;;;4;46;56;91;104;118;129;161;180;197;201;197;191;164;138;141;124;106;104;78;66;53;47;39;25;27;26;26;29;22;19;17;17
Mujer;Entre 7 y menos de 9 salarios mínimos;7;Estrato 4;MATRICULADOS;;;;;;;;;;;;;;;;;;;;;;1;21;29;43;50;57;56;70;75;91;103;92;84;81;74;66;60;50;39;33;29;20;18;12;9;5;7;8;6;5;7;5;5
Mujer;Entre 7 y menos de 9 salarios mínimos;7;Estrato 5;MATRICULADOS;;;;;;;;;;;;;;;;;;;;;;;12;20;32;38;38;40;44;46;56;59;57;54;48;43;31;26;20;22;19;12;12;10;9;9;8;7;8;8;7;7;5;5
Mujer;Entre 7 y menos de 9 salarios mínimos;7;Estrato 6;MATRICULADOS;;;;;;;;;;;;;;;;;;;;;;;10;9;15;26;33;31;34;32;37;36;32;31;27;22;17;14;13;9;8;5;4;4;3;1;1;;1;;1;2;2;1
Mujer;Entre 7 y menos de 9 salarios mínimos;8;Sin informaci¿n;MATRICULADOS;33;35;35;40;62;78;89;78;80;75;69;58;61;59;44;27;28;23;38;32;34;28;21;22;16;11;17;11;12;11;4;9;12;10;12;15;14;17;17;16;12;12;11;13;13;8;8;7;3;3;4;5;3;5
Mujer;Entre 7 y menos de 9 salarios mínimos;8;Estrato 1;MATRICULADOS;;;;;;;;;;;;;;;;;;;;;;;;2;4;4;3;2;6;10;10;11;9;10;9;9;12;11;12;10;8;7;8;7;6;7;6;8;4;3;4;5;5;4
Mujer;Entre 7 y menos de 9 salarios mínimos;8;Estrato 2;MATRICULADOS;;;;;;;;;;;;;;;;;;;;;;1;13;14;22;22;22;22;30;32;42;48;41;38;41;35;34;30;20;21;19;17;14;16;14;15;10;11;11;11;11;11;9;8
Mujer;Entre 7 y menos de 9 salarios mínimos;8;Estrato 3;MATRICULADOS;;;;;;;;;;;;;;;1;;1;1;;;;2;21;26;45;50;54;51;66;73;84;77;69;63;53;49;43;40;31;30;26;23;20;16;15;14;12;10;8;7;5;1;1;2
Mujer;Entre 7 y menos de 9 salarios mínimos;8;Estrato 4;MATRICULADOS;;;;;;;;;;;;;;;;;;;;;;1;6;15;20;22;22;24;30;34;39;40;37;34;30;28;23;22;19;13;14;12;8;9;5;4;6;6;4;3;3;2;2;2
Mujer;Entre 7 y menos de 9 salarios mínimos;8;Estrato 5;MATRICULADOS;;;;;;;;;;;;;;;;;;;;;;2;7;11;15;21;18;19;19;22;23;23;23;19;15;11;9;9;7;6;3;4;5;4;3;2;3;2;3;2;1;1;1;1
Mujer;Entre 7 y menos de 9 salarios mínimos;8;Estrato 6;MATRICULADOS;;;;;;;;;;;;;;;;;;;;;;;1;2;5;10;11;10;13;12;13;14;13;14;14;7;8;7;4;4;4;2;3;2;;;;;;;;;;
Mujer;Entre 7 y menos de 9 salarios mínimos;9;Sin informaci¿n;MATRICULADOS;24;26;29;27;40;45;53;56;57;56;50;51;45;43;34;32;28;23;27;21;18;18;13;19;14;12;14;12;13;13;12;11;10;11;13;13;7;5;8;6;4;6;4;4;5;7;6;7;5;5;4;6;5;6
Mujer;Entre 7 y menos de 9 salarios mínimos;9;Estrato 1;MATRICULADOS;;;;;;;;;;;;;;;;;;;;;;;;1;1;;;1;2;3;5;5;5;7;7;6;5;4;3;3;1;2;2;1;1;1;;;;;;1;;
Mujer;Entre 7 y menos de 9 salarios mínimos;9;Estrato 2;MATRICULADOS;;;;;;;;;;;;;;;;;;;;;;;2;6;13;12;11;12;12;13;21;18;21;18;17;13;15;13;14;14;13;12;7;6;8;11;12;14;10;10;7;6;5;2
Mujer;Entre 7 y menos de 9 salarios mínimos;9;Estrato 3;MATRICULADOS;;;;;;;;;;;;;;;;;;;;;;;9;9;18;17;16;20;27;25;27;30;26;22;19;18;18;18;15;14;11;8;8;9;8;9;8;7;6;1;1;1;2;1
Mujer;Entre 7 y menos de 9 salarios mínimos;9;Estrato 4;MATRICULADOS;;;;;;;;;;;;;;;;;;;;;;;3;3;5;4;5;5;9;10;10;13;13;11;13;12;11;12;7;7;6;4;4;4;2;1;;;1;1;1;1;1;1
Mujer;Entre 7 y menos de 9 salarios mínimos;9;Estrato 5;MATRICULADOS;;;;;;;;;;;;;;;;;;;;;;;1;1;1;2;2;3;3;3;4;4;7;6;6;7;6;5;5;4;3;2;2;1;1;1;1;1;1;1;;1;1;
Mujer;Entre 7 y menos de 9 salarios mínimos;9;Estrato 6;MATRICULADOS;;;;;;;;;;;;;;;;;;;;;;;1;1;3;3;3;3;4;3;3;4;4;3;3;3;2;2;2;1;1;1;1;1;;;;;;;;;;
Mujer;Entre 7 y menos de 9 salarios mínimos;10;Estrato 1;MATRICULADOS;;;;;;;;;;;;;;;;;;;;;;;;1;1;1;1;2;2;2;2;2;2;2;2;2;2;2;2;1;1;1;1;1;1;2;1;2;1;1;;;;
Mujer;Entre 7 y menos de 9 salarios mínimos;10;Estrato 2;MATRICULADOS;;;;;;;;;;;;;;;;;;;;;;1;4;4;8;8;14;11;16;16;19;23;19;20;18;18;16;16;13;15;12;10;9;7;6;5;;1;1;;1;;;
Mujer;Entre 7 y menos de 9 salarios mínimos;10;Estrato 3;MATRICULADOS;;;;;;;;;;;;;;;;;;;;;;;5;9;10;13;12;16;21;27;31;30;30;29;30;25;25;23;22;19;12;14;10;10;9;5;6;6;7;6;4;4;3;3
Mujer;Entre 7 y menos de 9 salarios mínimos;10;Estrato 4;MATRICULADOS;;;;;;;;;;;;;;;;;;;;;;;3;3;2;4;6;5;7;6;5;5;7;6;7;7;6;5;4;2;1;1;2;1;2;2;1;1;2;;1;1;;
Mujer;Entre 7 y menos de 9 salarios mínimos;10;Estrato 5;MATRICULADOS;;;;;;;;;;;;;;;;;;;;;;;1;;1;2;2;2;2;3;6;7;6;6;6;6;6;5;3;3;2;2;2;1;;;;;;;;;;
Mujer;Entre 7 y menos de 9 salarios mínimos;10;Estrato 6;MATRICULADOS;;;;;;;;;;;;;;;;;;;;;;;1;1;2;2;3;3;3;2;3;3;1;1;;;;;;;;;;;;;;;;;;;;
Mujer;Entre 7 y menos de 9 salarios mínimos;11;Estrato 1;MATRICULADOS;;;;;;;;;;;;;;;;;;;;;;;;1;;1;1;1;1;3;4;4;3;4;4;4;4;2;2;2;2;2;2;;;;;;1;2;1;1;1;
Mujer;Entre 7 y menos de 9 salarios mínimos;11;Estrato 2;MATRICULADOS;;;;;;;;;;;;;;;;;;;;;;;;;3;2;2;1;2;8;8;9;11;10;11;10;10;11;6;7;6;6;4;3;4;2;4;2;2;3;4;3;1;1
Mujer;Entre 7 y menos de 9 salarios mínimos;11;Estrato 3;MATRICULADOS;;;;;;;;;;;;;;;;;;;;;;;4;5;5;8;6;7;10;13;16;17;19;18;18;13;17;14;10;11;7;4;3;3;3;2;2;2;2;2;1;;;1
Mujer;Entre 7 y menos de 9 salarios mínimos;11;Estrato 4;MATRICULADOS;;;;;;;;;;;;;;;;;;;;;;;1;1;1;1;2;2;4;5;6;3;3;3;3;2;2;1;1;1;2;2;2;2;2;2;2;2;1;;;;;
Mujer;Entre 7 y menos de 9 salarios mínimos;11;Estrato 5;MATRICULADOS;;;;;;;;;;;;;;;;;;;;;;1;1;2;2;2;2;1;3;3;3;3;2;2;1;1;1;1;1;;;;;;;;;;;;;;;
Mujer;Entre 7 y menos de 9 salarios mínimos;11;Estrato 6;MATRICULADOS;;;;;;;;;;;;;;;;;;;;;;1;;1;1;1;1;2;3;3;2;2;2;1;1;1;1;;;;;;;;;;;;;;;;;
Mujer;Entre 7 y menos de 9 salarios mínimos;12;Estrato 1;MATRICULADOS;;;;;;;;;;;;;;;;;;;;;;;2;2;5;5;5;3;4;5;7;8;9;11;11;9;5;7;7;6;5;3;4;3;3;4;4;4;3;3;3;1;;
Mujer;Entre 7 y menos de 9 salarios mínimos;12;Estrato 2;MATRICULADOS;;;;;;;;;;;;;;;;;;;;;;;7;8;13;12;14;18;14;17;22;26;23;23;24;20;19;20;17;17;15;15;9;11;12;9;12;14;12;12;8;5;2;6
Mujer;Entre 7 y menos de 9 salarios mínimos;12;Estrato 3;MATRICULADOS;;;;;;;;;;;;;;;;;;;;;;;2;2;1;2;4;6;11;15;14;19;17;15;16;14;13;16;13;8;7;8;6;6;4;5;3;4;3;4;4;6;4;4
Mujer;Entre 7 y menos de 9 salarios mínimos;12;Estrato 4;MATRICULADOS;;;;;;;;;;;;;;;;;;;;;;;1;1;1;1;1;1;1;1;1;1;;1;;;;;;;;;;;;;;;;;;;;
Mujer;Entre 7 y menos de 9 salarios mínimos;12;Estrato 5;MATRICULADOS;;;;;;;;;;;;;;;;;;;;;;;;;;;;2;1;1;1;1;1;;1;1;2;2;3;2;4;3;2;1;1;;;;;;;;;
Mujer;Entre 9 y menos de 11 salarios mínimos;Sin informaci¿n;Sin informaci¿n;MATRICULADOS;15;13;13;15;21;27;30;26;26;24;24;24;23;22;22;20;17;12;13;9;10;8;6;7;5;6;6;5;7;9;6;6;7;9;7;5;5;4;6;6;3;3;3;3;2;2;1;2;2;2;2;3;2;4
Mujer;Entre 9 y menos de 11 salarios mínimos;Sin informaci¿n;Estrato 1;MATRICULADOS;;;;;;1;5;11;24;25;39;42;47;47;48;42;42;39;32;31;28;25;21;17;17;14;11;14;12;9;9;9;8;8;7;5;7;9;9;7;6;7;6;10;6;7;9;6;6;6;5;5;4;4
Mujer;Entre 9 y menos de 11 salarios mínimos;Sin informaci¿n;Estrato 2;MATRICULADOS;;1;;;1;7;56;80;141;174;209;249;258;253;251;247;229;210;208;178;149;131;102;100;81;68;49;42;41;45;35;33;31;37;29;33;33;28;26;27;25;31;26;26;20;18;23;21;17;19;14;12;9;11
Mujer;Entre 9 y menos de 11 salarios mínimos;Sin informaci¿n;Estrato 3;MATRICULADOS;;;1;1;3;70;379;526;796;887;1278;1434;1506;1547;1551;1518;1388;1251;1160;1029;828;659;533;451;364;291;249;229;195;173;155;132;123;124;113;94;75;64;58;58;68;73;62;55;47;61;53;50;50;52;40;36;25;24
Mujer;Entre 9 y menos de 11 salarios mínimos;Sin informaci¿n;Estrato 4;MATRICULADOS;;;;;;31;510;655;969;1029;1590;1951;2053;2028;2011;1966;1790;1613;1592;1398;1140;795;569;397;291;218;191;162;120;96;66;78;66;61;61;57;48;49;41;35;43;41;36;37;35;35;31;30;27;25;26;27;23;26
Mujer;Entre 9 y menos de 11 salarios mínimos;Sin informaci¿n;Estrato 5;MATRICULADOS;;;;;;90;125;225;248;365;419;429;432;464;459;425;387;316;298;247;206;153;114;70;55;44;31;22;24;19;14;17;14;13;12;10;5;8;9;7;7;6;7;6;3;5;4;5;6;4;4;3;4;3
Mujer;Entre 9 y menos de 11 salarios mínimos;Sin informaci¿n;Estrato 6;MATRICULADOS;;;;;1;2;7;19;39;60;71;81;89;237;252;255;259;248;253;235;214;194;178;117;79;50;27;24;15;14;9;5;6;6;7;5;4;4;1;1;1;3;4;5;5;4;5;4;3;2;1;1;1;
Mujer;Entre 9 y menos de 11 salarios mínimos;1;Sin informaci¿n;MATRICULADOS;;;1;1;2;2;2;2;2;2;2;1;2;1;1;1;1;;;;;;;;;;;;;;;;;;;;;;;;;;;;;;;;;;;;;
Mujer;Entre 9 y menos de 11 salarios mínimos;1;Estrato 1;MATRICULADOS;;;;;;;;;;;;;;;;;;;;;;;;;;;;;;;1;1;1;1;1;1;1;1;1;1;1;1;;;;;;;;;;;;
Mujer;Entre 9 y menos de 11 salarios mínimos;1;Estrato 2;MATRICULADOS;;;;;;;;;;;;;;;;;;;;;;;;;;;;;;;;;;;;;;1;1;1;1;;;;;;1;1;1;1;1;1;;
Mujer;Entre 9 y menos de 11 salarios mínimos;1;Estrato 3;MATRICULADOS;;;;;;;;;;;;;;;;;;;;;;;;1;1;;;;;;;;;;;;1;;;1;;;;;1;;;;1;1;;;;1
Mujer;Entre 9 y menos de 11 salarios mínimos;1;Estrato 4;MATRICULADOS;;;;;;;;;;;;;;;;;;;;;;;1;1;;1;;;;;;;;;;;;;;;;;;;;;;;;;;;;
Mujer;Entre 9 y menos de 11 salarios mínimos;1;Estrato 5;MATRICULADOS;;;;;;;;;;;;;;;;;;;;;;;1;;1;1;1;1;1;1;4;5;4;3;4;3;3;4;1;2;1;1;1;1;2;2;2;;;1;;;;
Mujer;Entre 9 y menos de 11 salarios mínimos;2;Sin informaci¿n;MATRICULADOS;20;20;25;27;44;51;55;57;54;57;54;48;42;38;34;30;26;22;24;19;16;10;8;9;9;12;9;7;8;4;5;5;4;5;4;5;3;2;2;3;2;3;2;2;2;3;2;2;4;1;;;;
Mujer;Entre 9 y menos de 11 salarios mínimos;2;Estrato 1;MATRICULADOS;;;;;;;;;;;;;;;;;;;;;;;;;;;1;1;2;2;2;2;1;1;1;1;1;2;2;1;1;;;;;;;;;1;;;;
Mujer;Entre 9 y menos de 11 salarios mínimos;2;Estrato 2;MATRICULADOS;;;;;;;;;;;;;;;;;;;;;;;2;3;3;5;5;6;10;11;18;15;16;16;15;16;13;14;15;12;12;11;9;5;4;2;5;4;2;1;2;1;1;4
Mujer;Entre 9 y menos de 11 salarios mínimos;2;Estrato 3;MATRICULADOS;;;;;;;;;;;;;;;;;;;;;;2;17;23;32;38;40;37;57;65;85;92;87;82;80;73;73;73;63;54;42;35;30;17;13;10;12;10;9;6;2;1;4;2
Mujer;Entre 9 y menos de 11 salarios mínimos;2;Estrato 4;MATRICULADOS;;;;;;;;;;;;;;;;;;;;;;4;36;47;67;76;73;76;98;107;135;126;123;121;104;90;82;71;65;53;49;35;31;24;19;19;13;10;7;5;4;4;4;6
Mujer;Entre 9 y menos de 11 salarios mínimos;2;Estrato 5;MATRICULADOS;;;;;;;;;;;;;;;;;;;;;;7;17;27;40;51;54;63;71;83;104;102;92;85;77;66;60;53;42;33;27;25;16;11;5;2;5;4;6;5;4;4;2;1
Mujer;Entre 9 y menos de 11 salarios mínimos;2;Estrato 6;MATRICULADOS;;;;;;;;;;;;;;;;;;;;;1;3;10;21;21;25;28;31;37;44;53;50;51;45;41;34;30;22;17;17;12;8;5;1;1;1;;1;1;;;;;
Mujer;Entre 9 y menos de 11 salarios mínimos;3;Sin informaci¿n;MATRICULADOS;111;122;128;127;249;262;273;260;250;236;219;210;186;170;132;113;83;65;63;42;42;33;29;35;28;30;32;32;30;28;19;17;24;19;15;11;14;13;13;14;15;14;14;12;12;16;13;14;11;8;6;3;4;5
Mujer;Entre 9 y menos de 11 salarios mínimos;3;Estrato 1;MATRICULADOS;;;;;;;;;;;;;;;;;;;;;;;;;2;2;2;2;3;3;4;9;6;7;5;5;6;5;4;6;4;5;4;4;4;4;4;4;4;2;2;1;;
Mujer;Entre 9 y menos de 11 salarios mínimos;3;Estrato 2;MATRICULADOS;;;;;;;;;;;;;;;;;;;;;;2;9;19;27;29;34;31;36;45;55;64;65;73;55;55;48;45;43;38;33;34;27;22;16;14;15;12;11;8;6;4;4;3
Mujer;Entre 9 y menos de 11 salarios mínimos;3;Estrato 3;MATRICULADOS;;;;;;;;;;;;;;;;;;;;;;9;91;122;202;229;238;254;329;341;430;454;432;408;377;349;302;281;258;215;164;136;91;71;50;38;35;30;31;20;18;16;14;12
Mujer;Entre 9 y menos de 11 salarios mínimos;3;Estrato 4;MATRICULADOS;;;;;;;;;;;;;;;;;;;;;;17;101;167;277;321;333;350;464;526;654;667;660;627;579;500;467;425;366;313;227;167;113;91;76;61;56;51;38;33;26;24;15;14
Mujer;Entre 9 y menos de 11 salarios mínimos;3;Estrato 5;MATRICULADOS;;;;;;;;;;;;;;;;;;;;;;32;90;136;181;220;239;267;326;337;413;428;409;385;332;296;275;240;202;171;137;105;67;52;36;27;22;15;11;7;10;9;5;8
Mujer;Entre 9 y menos de 11 salarios mínimos;3;Estrato 6;MATRICULADOS;;1;;;;;;;;;;;;;;;;;;;;17;37;69;99;125;140;157;176;195;219;219;205;191;171;144;115;101;85;78;59;37;28;22;17;12;8;7;5;3;2;1;1;2
Mujer;Entre 9 y menos de 11 salarios mínimos;4;Sin informaci¿n;MATRICULADOS;265;246;281;272;646;682;736;729;695;683;648;593;556;528;408;332;247;206;168;138;124;95;82;76;69;59;57;63;66;62;54;52;57;55;56;44;47;42;42;43;35;37;26;29;26;25;23;29;24;21;19;19;16;18
Mujer;Entre 9 y menos de 11 salarios mínimos;4;Estrato 1;MATRICULADOS;;;;;;;;;;;;;;;;;;;;;;;2;2;6;6;5;4;5;7;10;14;17;16;15;13;17;17;20;16;14;14;14;14;9;12;11;10;6;8;5;3;1;1
Mujer;Entre 9 y menos de 11 salarios mínimos;4;Estrato 2;MATRICULADOS;;;;;;;;;;;;;;;;;;;;;;3;39;46;73;73;81;80;113;126;152;162;164;150;146;134;128;111;102;80;71;62;48;42;38;31;23;17;16;14;14;11;10;10
Mujer;Entre 9 y menos de 11 salarios mínimos;4;Estrato 3;MATRICULADOS;;;;;;;;;;;;;;;;;;;;;;10;172;230;421;478;499;513;682;756;964;1021;979;937;853;777;713;642;541;458;363;282;237;196;158;137;107;98;79;64;58;51;33;32
Mujer;Entre 9 y menos de 11 salarios mínimos;4;Estrato 4;MATRICULADOS;;;;;;;;;;;;;;;;;;;;;;41;236;355;640;733;744;800;1018;1156;1410;1463;1424;1330;1192;1103;1011;883;736;611;484;381;270;190;151;127;108;86;67;66;57;42;30;30
Mujer;Entre 9 y menos de 11 salarios mínimos;4;Estrato 5;MATRICULADOS;;;;;;;;;;;;;;;;;;;;;1;50;174;251;411;485;514;556;701;758;895;911;885;813;700;632;585;496;425;342;250;186;133;93;63;47;37;31;18;25;24;21;17;16
Mujer;Entre 9 y menos de 11 salarios mínimos;4;Estrato 6;MATRICULADOS;;;;;;;;;;;;;;;;;;;;;;42;95;146;206;278;294;322;364;399;456;461;429;391;343;285;239;213;172;146;109;78;54;38;33;25;24;23;20;12;10;7;7;7
Mujer;Entre 9 y menos de 11 salarios mínimos;5;Sin informaci¿n;MATRICULADOS;272;258;307;304;655;720;765;716;725;704;666;596;577;535;425;332;252;208;185;152;128;100;88;81;71;71;70;76;63;69;64;68;53;59;60;53;51;45;42;32;40;38;22;20;23;26;31;28;24;27;19;23;18;25
Mujer;Entre 9 y menos de 11 salarios mínimos;5;Estrato 1;MATRICULADOS;;;;;;;;;;;;;;;;;;;;;;;2;2;5;6;6;5;11;12;15;14;19;18;14;12;12;12;9;8;8;5;4;3;4;5;3;4;4;5;4;4;3;6
Mujer;Entre 9 y menos de 11 salarios mínimos;5;Estrato 2;MATRICULADOS;;;;;;;;;;;;;;;;;;;;;;;25;32;55;65;67;74;103;109;135;135;134;122;121;113;99;93;76;63;55;50;33;26;18;17;15;13;14;13;7;9;4;2
Mujer;Entre 9 y menos de 11 salarios mínimos;5;Estrato 3;MATRICULADOS;;;;;;1;1;1;1;1;1;1;1;1;1;1;1;;;;;12;143;166;282;320;324;329;448;498;590;640;599;572;516;464;421;387;311;268;246;178;142;107;97;84;74;69;52;44;38;37;27;32
Mujer;Entre 9 y menos de 11 salarios mínimos;5;Estrato 4;MATRICULADOS;;;;;;;;;;;;;;;;;;;;;1;22;148;200;350;396;427;452;579;632;756;779;738;704;617;563;516;443;395;326;250;188;149;125;95;82;67;63;54;48;32;30;25;22
Mujer;Entre 9 y menos de 11 salarios mínimos;5;Estrato 5;MATRICULADOS;;;;;;;;;;;;;;;;;;;;;;31;109;158;237;282;298;318;375;419;492;491;487;441;394;337;304;278;230;187;137;99;84;63;36;24;21;15;13;17;18;16;14;15
Mujer;Entre 9 y menos de 11 salarios mínimos;5;Estrato 6;MATRICULADOS;;;;;;;;;;;;;;;;;;;;;2;25;72;114;169;201;210;229;256;288;322;324;299;264;228;195;170;156;125;98;68;53;35;21;19;16;12;10;7;8;10;7;5;5
Mujer;Entre 9 y menos de 11 salarios mínimos;6;Sin informaci¿n;MATRICULADOS;115;102;128;139;268;281;307;295;313;296;269;245;232;211;166;128;111;89;87;73;70;61;47;43;49;41;39;36;29;36;25;30;31;25;23;22;21;15;18;17;18;15;16;14;12;17;15;14;13;13;10;9;7;4
Mujer;Entre 9 y menos de 11 salarios mínimos;6;Estrato 1;MATRICULADOS;;;;;;;;;;;;;;;;;;;;;;;2;3;2;2;3;2;1;3;4;3;5;2;3;3;3;3;5;4;4;5;5;4;3;2;2;2;2;2;2;3;3;2
Mujer;Entre 9 y menos de 11 salarios mínimos;6;Estrato 2;MATRICULADOS;;;;;;;;;;;;;;;;;;;;;;2;7;12;22;27;30;28;43;45;60;60;58;49;48;46;45;42;34;32;26;23;18;14;12;11;9;9;6;5;4;2;1;3
Mujer;Entre 9 y menos de 11 salarios mínimos;6;Estrato 3;MATRICULADOS;;;;;;;;;;;;;;;;;;;;;;3;36;54;103;101;108;112;144;166;194;209;194;176;157;155;146;134;115;96;76;67;57;49;41;33;29;28;26;24;19;19;14;14
Mujer;Entre 9 y menos de 11 salarios mínimos;6;Estrato 4;MATRICULADOS;1;1;;;;;;;;;;;;;;;;;;;;7;47;64;106;124;136;140;169;195;216;230;225;220;199;177;155;141;124;112;88;71;48;38;28;28;24;22;14;16;10;9;6;6
Mujer;Entre 9 y menos de 11 salarios mínimos;6;Estrato 5;MATRICULADOS;;;;;;;;;;;;;;;;;;;;;;8;38;54;88;92;102;112;135;143;150;167;164;149;130;113;96;86;70;53;45;33;30;26;21;17;16;11;11;13;12;8;7;8
Mujer;Entre 9 y menos de 11 salarios mínimos;6;Estrato 6;MATRICULADOS;;;;;;;;;;;;;;;;;;;;;;10;23;38;55;70;72;78;88;102;111;113;106;87;82;72;60;53;43;31;19;16;13;7;2;1;2;1;2;2;2;2;2;2
Mujer;Entre 9 y menos de 11 salarios mínimos;7;Sin informaci¿n;MATRICULADOS;47;45;51;56;111;117;133;139;127;131;127;120;118;107;88;70;57;47;51;39;28;23;29;29;23;25;19;16;14;15;15;15;16;17;18;16;15;10;7;7;10;9;7;8;8;9;8;6;3;4;2;1;1;2
Mujer;Entre 9 y menos de 11 salarios mínimos;7;Estrato 1;MATRICULADOS;;;;;;;;;;;;;;;;;;;;;;;;;;;;;1;1;6;9;8;8;7;6;5;3;4;4;4;2;1;1;2;2;3;2;3;3;2;4;3;2
Mujer;Entre 9 y menos de 11 salarios mínimos;7;Estrato 2;MATRICULADOS;;;;;;;;;;;;;;;;;;;;;;;5;5;7;10;13;16;17;18;24;25;24;21;24;18;13;17;15;13;8;9;9;6;6;6;7;7;7;8;9;6;4;5
Mujer;Entre 9 y menos de 11 salarios mínimos;7;Estrato 3;MATRICULADOS;;;;;;;;;;;;;;;;;;;;;;1;15;19;31;38;37;42;49;49;58;66;61;56;47;45;44;40;36;29;26;23;19;17;12;9;7;5;7;5;5;3;3;2
Mujer;Entre 9 y menos de 11 salarios mínimos;7;Estrato 4;MATRICULADOS;;;;;;;;;;;;;;;;;;;;;;3;21;28;40;47;46;48;52;49;53;59;54;50;47;40;33;24;22;23;14;11;4;5;3;6;4;3;2;1;1;1;1;1
Mujer;Entre 9 y menos de 11 salarios mínimos;7;Estrato 5;MATRICULADOS;;;;;;;;;;;;;;;;;;;;;;3;9;17;30;35;42;38;45;40;45;48;45;44;38;33;33;29;18;18;16;17;9;9;7;3;4;2;2;2;2;2;2;2
Mujer;Entre 9 y menos de 11 salarios mínimos;7;Estrato 6;MATRICULADOS;;;;;;;;;;;;;;;;;;;;;;3;9;13;15;19;19;20;24;28;31;28;24;24;23;20;15;13;12;14;10;7;4;3;2;1;2;3;2;;;;;
Mujer;Entre 9 y menos de 11 salarios mínimos;8;Sin informaci¿n;MATRICULADOS;23;19;24;24;49;42;47;44;51;46;45;38;35;27;25;18;20;16;18;16;19;13;15;14;13;10;6;9;8;10;8;11;13;10;10;8;10;10;7;7;7;7;6;7;6;7;10;10;6;6;7;9;6;9
Mujer;Entre 9 y menos de 11 salarios mínimos;8;Estrato 1;MATRICULADOS;;;;;;;;;;;;;;;;;;;;;;;1;1;1;1;1;2;2;4;3;3;2;3;4;4;3;4;3;2;;2;3;3;2;3;5;5;5;5;3;4;2;1
Mujer;Entre 9 y menos de 11 salarios mínimos;8;Estrato 2;MATRICULADOS;;;;;;;;;;;;;;;;;;;;;;;3;4;4;4;4;4;3;5;9;7;8;9;4;6;7;7;7;7;5;2;4;3;2;3;3;2;3;2;2;2;2;2
Mujer;Entre 9 y menos de 11 salarios mínimos;8;Estrato 3;MATRICULADOS;;;;;;;;;;;;;;;;;;;;;;;11;11;20;26;24;26;30;33;33;39;36;32;26;23;21;16;18;17;16;12;9;8;4;5;4;4;5;5;6;4;3;3
Mujer;Entre 9 y menos de 11 salarios mínimos;8;Estrato 4;MATRICULADOS;;;;;;;;;;;;;;;;;;;1;1;1;2;7;10;17;17;17;21;23;22;24;23;21;19;15;14;13;14;12;9;5;3;2;1;;2;2;2;1;2;1;1;;1
Mujer;Entre 9 y menos de 11 salarios mínimos;8;Estrato 5;MATRICULADOS;;;;;;;;;;;;;;;;;;;;;;1;;2;4;5;5;6;9;10;11;10;15;12;13;13;10;8;9;8;5;5;6;5;4;2;1;1;1;1;;;;
Mujer;Entre 9 y menos de 11 salarios mínimos;8;Estrato 6;MATRICULADOS;;;;;;;;;;;;;;;;;;;;;;1;4;4;5;9;8;8;9;8;8;8;7;8;4;3;2;2;1;2;2;2;1;1;;;;;;;;;;
Mujer;Entre 9 y menos de 11 salarios mínimos;9;Sin informaci¿n;MATRICULADOS;13;11;11;14;26;27;26;21;28;24;22;22;20;15;15;11;12;8;11;9;10;10;8;10;9;7;8;8;9;8;6;4;1;1;2;2;4;7;6;5;1;1;1;4;7;5;6;5;6;6;4;2;2;3
Mujer;Entre 9 y menos de 11 salarios mínimos;9;Estrato 1;MATRICULADOS;;;;;;;;;;;;;;;;;;;;;;;;1;1;1;1;1;1;2;2;2;3;3;3;2;2;2;2;2;2;1;1;;;;1;;;;;;;
Mujer;Entre 9 y menos de 11 salarios mínimos;9;Estrato 2;MATRICULADOS;;;;;;;;;;;;;;;;;;;;;;;;2;3;2;2;3;5;7;6;8;8;9;7;7;5;5;3;2;2;2;2;2;3;2;2;2;2;2;1;;;
Mujer;Entre 9 y menos de 11 salarios mínimos;9;Estrato 3;MATRICULADOS;;;;;;;;;;;;;;;;;;;;;;;2;3;5;5;4;5;7;8;15;15;14;12;10;10;11;8;7;5;3;4;2;4;3;3;2;2;2;1;1;1;1;2
Mujer;Entre 9 y menos de 11 salarios mínimos;9;Estrato 4;MATRICULADOS;;;;;;;;;;;;;;;;;;;;;;;2;3;6;6;10;9;10;11;10;10;10;10;8;3;2;3;3;2;1;;;;1;;;;1;1;1;1;;
Mujer;Entre 9 y menos de 11 salarios mínimos;9;Estrato 5;MATRICULADOS;;;;;;;;;;;;;;;;;;;;;;;3;3;4;5;4;4;6;6;5;6;5;6;3;3;2;;2;2;2;1;;;1;1;;;;;;;;
Mujer;Entre 9 y menos de 11 salarios mínimos;10;Estrato 1;MATRICULADOS;;;;;;;;;;;;;;;;;;;;;;;;;;;;;;;;;;;;;;;;;;;;;;;1;1;1;1;1;1;;
Mujer;Entre 9 y menos de 11 salarios mínimos;10;Estrato 2;MATRICULADOS;;;;;;;;;;;;;;;;;;;;;;;;;;;;;3;2;2;5;4;5;7;5;3;4;4;3;3;3;3;2;;1;1;1;1;;;;;
Mujer;Entre 9 y menos de 11 salarios mínimos;10;Estrato 3;MATRICULADOS;;;;;;;;;;;;;;;;;;;;;;;4;5;6;7;8;8;7;5;5;7;7;7;8;11;7;5;5;4;4;3;2;5;2;4;3;3;4;2;2;1;1;1
Mujer;Entre 9 y menos de 11 salarios mínimos;10;Estrato 4;MATRICULADOS;;;;;;;;;;;;;;;;;;;;;;;;;1;1;2;2;3;5;6;6;4;5;5;5;4;4;4;4;3;3;4;3;2;;;;1;;;;;
Mujer;Entre 9 y menos de 11 salarios mínimos;10;Estrato 5;MATRICULADOS;;;;;;;;;;;;;;;;;;;;;;;2;2;4;4;5;5;6;7;7;7;7;6;5;5;5;4;5;3;3;3;3;1;;;;;;;;;;
Mujer;Entre 9 y menos de 11 salarios mínimos;10;Estrato 6;MATRICULADOS;;;;;;;;;;;;;;;;;;;;;;;1;1;1;1;1;1;2;1;;;;;;1;1;1;1;1;1;1;;;;;;;;;;;;
Mujer;Entre 9 y menos de 11 salarios mínimos;11;Estrato 1;MATRICULADOS;;;;;;;;;;;;;;;;;;;;;;;1;;;;;;;;1;1;2;2;2;2;1;2;2;2;2;2;1;1;1;;1;1;1;1;1;1;;
Mujer;Entre 9 y menos de 11 salarios mínimos;11;Estrato 2;MATRICULADOS;;;;;;;;;;;;;;;;;;;;;;;;2;1;1;2;1;1;;1;1;1;1;1;1;1;;;;;;;;2;1;1;1;1;1;1;1;1;1
Mujer;Entre 9 y menos de 11 salarios mínimos;11;Estrato 3;MATRICULADOS;;;;;;;;;;;;;;;;;;;;;;;1;1;2;2;4;4;3;3;6;7;5;7;7;7;4;6;5;4;2;3;1;1;1;;2;2;2;1;3;1;1;1
Mujer;Entre 9 y menos de 11 salarios mínimos;11;Estrato 4;MATRICULADOS;;;;;;;;;;;;;;;;;;;;;;;1;1;1;1;1;1;1;1;1;1;1;;;;;;;;;;;;;1;1;1;;1;;;;
Mujer;Entre 9 y menos de 11 salarios mínimos;11;Estrato 6;MATRICULADOS;;;;;;;;;;;;;;;;;;;;;;;;;;;;;;;;1;1;1;1;1;1;1;1;1;;;;;;;;;;;;;;
Mujer;Entre 9 y menos de 11 salarios mínimos;12;Estrato 1;MATRICULADOS;;;;;;;;;;;;;;;;;;;;;;;;;2;2;2;2;1;2;2;2;2;2;1;;;;;;;;;;;;;1;1;1;1;1;1;1
Mujer;Entre 9 y menos de 11 salarios mínimos;12;Estrato 2;MATRICULADOS;;;;;;;;;;;;;;;;;;;;;;;1;1;2;3;4;4;6;7;9;8;9;6;7;7;6;5;5;5;5;5;3;3;4;5;4;4;3;3;2;1;;
Mujer;Entre 9 y menos de 11 salarios mínimos;12;Estrato 3;MATRICULADOS;;;;;;;;;;;;;;;;;;;;;;;1;3;2;5;3;2;7;4;6;8;8;6;9;6;7;8;6;7;4;5;4;2;2;2;2;2;1;2;1;1;;1
Mujer;Entre 9 y menos de 11 salarios mínimos;12;Estrato 4;MATRICULADOS;;;;;;;;;;;;;;;;;;;;;;;;;1;3;2;2;2;2;2;2;2;1;1;1;1;1;1;2;1;1;1;1;1;;;;;;;;;
Mujer;Entre 9 y menos de 11 salarios mínimos;12;Estrato 5;MATRICULADOS;;;;;;;;;;;;;;;;;;;;;;;;;;;;1;1;1;1;1;1;1;1;1;1;;;;;;;;;;;;;;;;;
Mujer;Entre 9 y menos de 11 salarios mínimos;12;Estrato 6;MATRICULADOS;;;;;;;;;;;;;;;;;;;;;;;1;1;;1;;;;;;;;;;;;;;;;;;;;;;;;;;;;
Mujer;Entre 11 y menos de 13 salarios mínimos;Sin informaci¿n;Sin informaci¿n;MATRICULADOS;13;11;11;9;14;16;18;19;15;18;16;14;14;15;14;12;10;11;11;9;7;7;7;10;8;7;4;5;2;4;5;2;2;1;1;;;1;1;1;;;;;;;;;1;1;1;1;1;2
Mujer;Entre 11 y menos de 13 salarios mínimos;Sin informaci¿n;Estrato 1;MATRICULADOS;;;;;;2;4;7;12;13;10;9;12;12;13;12;11;10;5;4;5;5;2;3;3;1;2;4;4;4;4;4;3;3;3;3;3;3;2;1;3;2;3;3;2;2;1;;;1;1;1;1;1
Mujer;Entre 11 y menos de 13 salarios mínimos;Sin informaci¿n;Estrato 2;MATRICULADOS;;;;;;2;17;22;36;43;52;72;79;77;79;79;75;69;75;65;63;51;41;34;28;26;18;16;22;21;16;12;11;9;12;13;14;13;10;8;5;5;6;6;5;9;9;8;3;4;5;4;2;2
Mujer;Entre 11 y menos de 13 salarios mínimos;Sin informaci¿n;Estrato 3;MATRICULADOS;;;;1;;8;99;122;246;267;413;433;456;435;441;438;404;353;339;306;222;172;127;106;92;81;66;62;62;65;50;49;40;36;30;26;21;20;24;21;22;18;17;21;18;18;14;17;16;16;16;12;11;9
Mujer;Entre 11 y menos de 13 salarios mínimos;Sin informaci¿n;Estrato 4;MATRICULADOS;1;1;1;1;2;23;337;450;645;694;1093;1292;1355;1348;1369;1318;1230;1111;1072;946;756;576;413;306;233;174;130;114;91;73;73;61;55;45;42;31;28;26;30;27;26;23;22;22;23;20;23;18;15;19;16;15;14;12
Mujer;Entre 11 y menos de 13 salarios mínimos;Sin informaci¿n;Estrato 5;MATRICULADOS;;;;;;88;116;190;198;316;349;372;366;373;387;350;322;268;273;205;141;100;85;50;40;35;25;21;20;14;12;9;7;11;10;8;6;6;8;5;4;4;3;4;1;2;2;1;2;2;1;;;2
Mujer;Entre 11 y menos de 13 salarios mínimos;Sin informaci¿n;Estrato 6;MATRICULADOS;;;;;;6;9;13;23;36;49;62;66;175;196;187;184;171;189;180;171;165;151;114;81;50;35;32;21;15;13;14;3;2;1;1;1;1;1;1;2;1;;;;;;;;1;1;1;;
Mujer;Entre 11 y menos de 13 salarios mínimos;1;Sin informaci¿n;MATRICULADOS;;;;2;;;;;;;;;;;;;;1;1;1;2;2;2;1;1;1;;;;;;;;;;;;;;;;;;;;;;;;;;;;
Mujer;Entre 11 y menos de 13 salarios mínimos;1;Estrato 1;MATRICULADOS;;;;;;;;;;;;;;;;;;;;;;;;;;1;1;;1;1;1;1;1;1;1;1;;1;1;1;;1;;;;1;;;;;;;;1
Mujer;Entre 11 y menos de 13 salarios mínimos;1;Estrato 3;MATRICULADOS;;;;;;;;;;;;;;;;;;;;;;;;;;;;;1;1;1;;1;;1;;;1;1;1;1;1;1;1;1;1;1;1;;;;;;
Mujer;Entre 11 y menos de 13 salarios mínimos;1;Estrato 4;MATRICULADOS;;;;;;;;;;;;;;;;;;;;;;;;;;;;;;;1;1;1;1;1;1;1;1;1;;;;;;;;;;;;;;;
Mujer;Entre 11 y menos de 13 salarios mínimos;1;Estrato 5;MATRICULADOS;;;;;;;;;;;;;;;;;;;;;;1;2;3;3;3;3;3;3;3;2;2;2;2;1;1;;;;;;;;;;;;;;;;;;
Mujer;Entre 11 y menos de 13 salarios mínimos;1;Estrato 6;MATRICULADOS;;;;;;;;;;;;;;;;;;;;;;;;1;;1;1;2;2;2;2;1;1;1;1;1;1;;;;;;;;;;;;;;;;;
Mujer;Entre 11 y menos de 13 salarios mínimos;2;Sin informaci¿n;MATRICULADOS;13;12;15;16;28;28;31;29;31;27;25;21;20;19;15;12;10;10;10;6;7;7;4;5;4;4;7;2;4;4;2;3;2;4;4;4;4;4;3;4;2;4;3;3;3;3;1;2;;1;;;;
Mujer;Entre 11 y menos de 13 salarios mínimos;2;Estrato 1;MATRICULADOS;;;;;;;;;;;;;;;;;;;;;;;;;;;;;;1;3;3;3;3;3;2;2;2;3;2;1;1;1;1;1;1;1;1;1;;;;;
Mujer;Entre 11 y menos de 13 salarios mínimos;2;Estrato 2;MATRICULADOS;;;;;;;;;;;;;;;;;;;;;;;1;1;2;1;2;2;4;4;5;7;8;6;4;4;6;3;3;2;2;2;2;1;;2;;;;1;1;2;1;2
Mujer;Entre 11 y menos de 13 salarios mínimos;2;Estrato 3;MATRICULADOS;;;;;;;;;;;;;;;;;;;;;;1;7;13;17;18;19;21;28;33;37;38;36;32;36;36;30;30;27;16;14;12;7;5;4;4;5;4;4;3;2;2;2;3
Mujer;Entre 11 y menos de 13 salarios mínimos;2;Estrato 4;MATRICULADOS;;;;;;;;;;;;;;;;;;;;;;6;17;29;47;56;62;69;81;94;117;113;114;108;104;91;87;74;65;58;39;26;18;13;9;5;5;5;4;3;1;1;;
Mujer;Entre 11 y menos de 13 salarios mínimos;2;Estrato 5;MATRICULADOS;;;;;;;;;;;;;;;;;;;;;;10;20;29;52;57;59;75;82;102;129;128;128;120;106;95;86;79;63;49;32;16;12;8;5;4;3;3;3;2;;;1;1
Mujer;Entre 11 y menos de 13 salarios mínimos;2;Estrato 6;MATRICULADOS;;;;;;;;;;;;;;;;;;;;;;13;30;44;61;83;85;103;111;117;135;132;132;120;108;95;76;67;60;48;36;25;26;12;12;7;7;4;6;4;2;1;1;1
Mujer;Entre 11 y menos de 13 salarios mínimos;3;Sin informaci¿n;MATRICULADOS;69;71;74;79;151;154;165;160;151;147;136;116;110;101;77;61;52;44;34;32;25;17;19;15;14;13;9;10;14;12;11;11;6;9;11;9;11;11;10;11;10;9;8;6;2;7;8;6;6;5;5;6;6;7
Mujer;Entre 11 y menos de 13 salarios mínimos;3;Estrato 1;MATRICULADOS;;;;;;;;;;;;;;;;;;;;;;;;2;2;2;3;3;4;5;6;6;9;7;6;4;8;7;6;4;5;3;4;3;3;6;4;3;3;4;2;2;2;3
Mujer;Entre 11 y menos de 13 salarios mínimos;3;Estrato 2;MATRICULADOS;;;;;;;;;;;;;;;;;;;;;;;3;7;10;12;12;13;21;22;27;25;28;30;27;21;18;17;12;12;9;8;5;6;5;5;5;3;3;5;6;6;5;6
Mujer;Entre 11 y menos de 13 salarios mínimos;3;Estrato 3;MATRICULADOS;;;;;;;;;;;;;;;;;;;;;;3;38;49;82;107;103;110;136;150;200;206;194;182;169;151;133;117;101;80;64;51;32;27;22;16;15;18;13;12;7;4;3;5
Mujer;Entre 11 y menos de 13 salarios mínimos;3;Estrato 4;MATRICULADOS;;;;;;;;;;;;;;;;;;;;;;27;113;167;247;274;279;305;394;462;543;558;545;514;463;415;377;337;279;232;168;122;94;74;53;42;44;32;30;18;17;17;13;9
Mujer;Entre 11 y menos de 13 salarios mínimos;3;Estrato 5;MATRICULADOS;;;;;;;;;;;;;;;;;;;;;;46;106;172;247;296;310;366;449;507;575;577;561;526;467;422;378;321;270;221;173;132;89;63;44;42;25;17;13;9;10;13;8;13
Mujer;Entre 11 y menos de 13 salarios mínimos;3;Estrato 6;MATRICULADOS;;;;;;;;;;;;;;;;;;;;;;65;109;198;243;324;344;416;455;531;574;568;554;490;440;398;338;286;246;192;153;105;68;52;40;29;25;19;16;13;10;7;6;5
Mujer;Entre 11 y menos de 13 salarios mínimos;4;Sin informaci¿n;MATRICULADOS;204;197;212;211;424;466;501;483;452;416;378;334;324;298;241;183;136;102;98;78;65;56;60;51;59;51;53;50;56;49;45;46;44;40;38;38;35;33;34;35;28;26;18;16;15;18;19;20;22;20;16;13;10;11
Mujer;Entre 11 y menos de 13 salarios mínimos;4;Estrato 1;MATRICULADOS;;;;;;;;;;;;;;;;;;;;;;;5;5;8;5;6;6;6;7;7;11;10;9;9;8;7;5;4;6;4;3;2;1;;3;4;3;4;6;6;8;7;7
Mujer;Entre 11 y menos de 13 salarios mínimos;4;Estrato 2;MATRICULADOS;;;;;;;;;;;;;;;;;;;;;;3;13;17;24;32;32;34;47;50;66;64;64;56;56;54;48;47;38;38;27;22;21;16;11;11;13;13;8;11;10;11;8;8
Mujer;Entre 11 y menos de 13 salarios mínimos;4;Estrato 3;MATRICULADOS;;;;;;;;;;;;;;;;;;;;;;13;92;142;235;259;255;277;345;383;482;505;502;465;415;384;357;311;280;233;177;136;104;85;60;52;45;35;32;25;22;19;15;12
Mujer;Entre 11 y menos de 13 salarios mínimos;4;Estrato 4;MATRICULADOS;1;1;;;1;1;1;1;1;1;;;;;;;;;;;1;44;260;391;623;705;747;847;1017;1167;1381;1415;1340;1258;1125;1018;917;780;671;543;397;292;206;154;109;91;75;64;51;41;38;33;25;25
Mujer;Entre 11 y menos de 13 salarios mínimos;4;Estrato 5;MATRICULADOS;;;;;;;;;;;;;;;;;;;;;;80;242;419;566;737;790;946;1083;1260;1416;1444;1372;1273;1163;1018;899;754;618;481;347;243;162;128;94;79;58;55;43;40;36;28;20;13
Mujer;Entre 11 y menos de 13 salarios mínimos;4;Estrato 6;MATRICULADOS;;;;;;;;;;;;;;;;;;;;;;117;234;443;590;796;846;1024;1138;1347;1475;1424;1365;1247;1122;961;836;713;574;454;323;221;139;101;70;54;45;38;27;14;12;10;11;10
Mujer;Entre 11 y menos de 13 salarios mínimos;5;Sin informaci¿n;MATRICULADOS;185;180;206;208;402;434;441;426;398;384;338;308;281;251;197;149;126;95;73;70;57;47;50;45;42;40;38;36;39;38;37;36;36;30;29;24;25;20;20;24;20;20;21;23;14;16;10;13;11;10;8;11;6;8
Mujer;Entre 11 y menos de 13 salarios mínimos;5;Estrato 1;MATRICULADOS;;;;;;;;;;;;;;;;;;;;;;;3;2;4;4;3;2;6;7;6;10;11;10;9;8;7;7;6;6;5;5;4;4;3;2;3;2;1;3;4;3;3;4
Mujer;Entre 11 y menos de 13 salarios mínimos;5;Estrato 2;MATRICULADOS;;;;;;;;;;;;;;;;;;;;;;1;17;21;30;31;30;30;40;43;58;61;56;52;56;46;42;35;34;27;26;23;22;15;15;13;13;12;11;11;11;9;6;7
Mujer;Entre 11 y menos de 13 salarios mínimos;5;Estrato 3;MATRICULADOS;;;;;;;;;;;;;;;;;;;;;;4;54;76;132;158;169;175;216;233;283;301;281;262;233;213;193;177;150;134;107;87;68;54;42;35;30;30;28;20;21;26;19;20
Mujer;Entre 11 y menos de 13 salarios mínimos;5;Estrato 4;MATRICULADOS;;;;;;;;;;;;;;;;;;;;;1;30;138;198;350;408;420;453;576;634;747;765;721;691;609;565;492;427;357;290;214;168;119;99;67;55;51;45;37;31;31;25;23;22
Mujer;Entre 11 y menos de 13 salarios mínimos;5;Estrato 5;MATRICULADOS;;;;;;;;;;;;;;;;;;;;;;65;180;302;425;510;541;622;721;833;934;911;865;792;717;627;537;470;390;297;222;176;126;96;78;57;50;41;36;31;25;19;16;16
Mujer;Entre 11 y menos de 13 salarios mínimos;5;Estrato 6;MATRICULADOS;;;;;;;;;;;;;;;;;;;;;1;102;226;423;566;738;800;960;1069;1240;1286;1289;1206;1113;941;788;688;585;485;393;277;184;119;84;65;46;33;24;21;17;20;13;7;11
Mujer;Entre 11 y menos de 13 salarios mínimos;6;Sin informaci¿n;MATRICULADOS;87;82;86;86;161;164;176;167;167;147;141;121;109;109;93;73;48;34;34;32;24;22;25;25;24;28;28;32;29;30;28;29;23;20;24;19;15;10;15;13;10;12;8;8;5;6;7;8;10;10;10;13;10;14
Mujer;Entre 11 y menos de 13 salarios mínimos;6;Estrato 1;MATRICULADOS;;;;;;;;;;;;;;;;;;;;;;;;;;1;;;1;4;3;6;7;8;7;6;4;4;3;3;2;2;3;2;1;2;3;5;2;2;2;1;1;2
Mujer;Entre 11 y menos de 13 salarios mínimos;6;Estrato 2;MATRICULADOS;;;;;;;;;;;;;;;;;;;;;;;2;6;9;9;10;11;14;13;17;20;17;21;14;12;13;13;11;9;8;7;3;4;4;4;5;5;4;3;4;4;5;4
Mujer;Entre 11 y menos de 13 salarios mínimos;6;Estrato 3;MATRICULADOS;;;;;;;;;;;;;;;;;;;;;;2;23;32;49;52;54;54;67;73;88;90;81;74;72;60;57;54;44;43;30;22;16;12;8;9;11;8;7;9;6;7;6;7
Mujer;Entre 11 y menos de 13 salarios mínimos;6;Estrato 4;MATRICULADOS;;;;;;;;;;;;;;;;;;;;;;13;43;69;109;136;133;140;168;200;224;238;224;210;192;173;152;139;118;98;73;53;39;21;18;19;17;14;14;11;6;6;5;1
Mujer;Entre 11 y menos de 13 salarios mínimos;6;Estrato 5;MATRICULADOS;;;;;;;;;;;;;;;;;;;;;;24;57;87;136;171;178;199;225;250;269;260;262;232;201;171;155;130;102;84;62;49;30;28;18;16;15;12;6;5;6;6;6;2
Mujer;Entre 11 y menos de 13 salarios mínimos;6;Estrato 6;MATRICULADOS;;;;;;;;;;;;;;;;;;;;;;42;83;164;234;300;328;384;423;498;529;526;484;443;392;309;271;226;175;134;92;58;48;37;27;23;15;10;10;10;7;9;4;4
Mujer;Entre 11 y menos de 13 salarios mínimos;7;Sin informaci¿n;MATRICULADOS;35;32;35;27;48;51;57;53;54;50;37;37;36;34;29;20;17;19;17;14;12;13;14;13;11;9;5;10;10;6;7;6;5;6;5;8;7;8;6;8;7;6;3;6;6;8;7;5;4;4;6;4;2;4
Mujer;Entre 11 y menos de 13 salarios mínimos;7;Estrato 1;MATRICULADOS;;;;;;;;;;;;;;;;;;;;;;;;;;1;1;1;3;3;3;3;3;3;3;4;3;2;1;1;;;;;;;;;;1;1;2;2;3
Mujer;Entre 11 y menos de 13 salarios mínimos;7;Estrato 2;MATRICULADOS;;;;;;;;;;;;;;;;;;;;;;;3;3;4;5;7;6;9;9;9;9;9;7;5;6;6;5;5;7;5;5;4;2;1;2;3;5;3;4;3;4;2;2
Mujer;Entre 11 y menos de 13 salarios mínimos;7;Estrato 3;MATRICULADOS;;;;;;;;;;;;;;;;;;;;;;;7;14;21;21;23;19;28;28;33;32;32;32;28;21;20;22;18;19;14;13;9;6;2;4;2;3;3;4;5;3;2;2
Mujer;Entre 11 y menos de 13 salarios mínimos;7;Estrato 4;MATRICULADOS;;;;;;;;;;;;;;;;;;;;;;5;15;16;23;25;23;21;29;36;47;45;42;35;34;31;27;26;20;20;16;13;7;7;6;4;6;4;2;2;1;1;1;1
Mujer;Entre 11 y menos de 13 salarios mínimos;7;Estrato 5;MATRICULADOS;;;;;;;;;;;;;;;;;;;;;;10;26;33;42;46;46;50;64;65;73;71;66;60;48;47;35;29;22;17;11;8;6;5;2;3;2;3;1;;1;1;;
Mujer;Entre 11 y menos de 13 salarios mínimos;7;Estrato 6;MATRICULADOS;;;;;;;;;;;;;;;;;;;;;;14;23;40;61;78;84;97;109;123;136;139;131;123;101;93;81;68;52;44;34;27;16;12;6;7;4;3;4;2;3;2;2;1
Mujer;Entre 11 y menos de 13 salarios mínimos;8;Sin informaci¿n;MATRICULADOS;17;12;13;15;30;30;29;27;27;31;27;28;29;29;22;19;16;19;13;11;9;9;6;4;5;4;3;7;6;8;7;8;4;5;7;5;5;6;4;5;4;2;3;5;2;3;1;2;4;3;4;3;2;2
Mujer;Entre 11 y menos de 13 salarios mínimos;8;Estrato 1;MATRICULADOS;;;;;;;;;;;;;;;;;;;;;;;;1;;;;;;1;2;3;5;4;4;4;4;3;3;3;3;3;2;1;;;;;;1;;1;1;1
Mujer;Entre 11 y menos de 13 salarios mínimos;8;Estrato 2;MATRICULADOS;;;;;;;;;;;;;;;;;;;;;;;;;;;;1;1;1;2;2;3;3;3;3;3;3;3;1;1;1;1;1;;;;1;;;;;;
Mujer;Entre 11 y menos de 13 salarios mínimos;8;Estrato 3;MATRICULADOS;;;;;;;;;;;;;;;;;;;;;;;3;7;9;9;9;7;13;12;15;17;18;15;14;16;15;16;14;13;11;8;6;4;2;2;2;1;1;1;;;;
Mujer;Entre 11 y menos de 13 salarios mínimos;8;Estrato 4;MATRICULADOS;;;;;;;;;;;;;;;;;;;;;;;1;1;3;5;6;5;7;8;12;14;14;14;12;10;9;8;8;6;3;3;3;2;4;3;2;2;1;1;1;1;;1
Mujer;Entre 11 y menos de 13 salarios mínimos;8;Estrato 5;MATRICULADOS;;;;;;;;;;;;;;;;;;;;;;1;1;5;8;7;7;6;8;9;11;11;9;8;8;5;4;4;3;2;1;1;1;2;;1;;;;;;;;
Mujer;Entre 11 y menos de 13 salarios mínimos;8;Estrato 6;MATRICULADOS;;;;;;;;;;;;;;;;;;;;;;1;6;15;29;35;35;36;38;46;38;38;36;27;24;21;15;14;10;6;9;7;6;5;3;3;1;2;;;;;;
Mujer;Entre 11 y menos de 13 salarios mínimos;9;Sin informaci¿n;MATRICULADOS;7;10;11;10;13;14;16;14;15;16;17;8;9;4;4;4;4;5;5;5;4;4;3;3;3;2;3;;2;2;2;1;1;1;1;1;1;1;1;1;1;1;;;;;1;1;1;1;;;;
Mujer;Entre 11 y menos de 13 salarios mínimos;9;Estrato 1;MATRICULADOS;;;;;;;;;;;;;;;;;;;;;;;;;;1;1;1;2;3;2;3;2;1;3;2;1;2;2;1;;2;;;1;2;1;2;1;1;1;1;1;1
Mujer;Entre 11 y menos de 13 salarios mínimos;9;Estrato 2;MATRICULADOS;;;;;;;;;;;;;;;;;;;;;;;2;2;1;1;1;1;1;1;2;2;1;2;3;4;1;1;;;;;1;1;1;1;1;1;1;;;;;
Mujer;Entre 11 y menos de 13 salarios mínimos;9;Estrato 3;MATRICULADOS;;;;;;;;;;;;;;;;;;;;;;;;3;4;5;6;6;5;5;7;7;6;5;4;3;2;2;2;2;2;2;1;1;1;;;;;;;;;
Mujer;Entre 11 y menos de 13 salarios mínimos;9;Estrato 4;MATRICULADOS;;;;;;;;;;;;;;;;;;;;;;;1;1;2;2;3;3;3;3;5;6;5;5;5;4;5;5;3;3;3;1;;;;;;;;1;1;1;;1
Mujer;Entre 11 y menos de 13 salarios mínimos;9;Estrato 5;MATRICULADOS;;;;;;;;;;;;;;;;;;;;;;;1;2;3;6;7;6;8;9;10;10;9;7;7;7;5;5;4;4;3;1;1;1;;;;;;1;;;;
Mujer;Entre 11 y menos de 13 salarios mínimos;9;Estrato 6;MATRICULADOS;;;;;;;;;;;;;;;;;;;;;;2;3;5;4;11;16;18;17;20;19;21;20;19;16;14;9;8;7;4;3;1;2;2;;;;;;;;;;
Mujer;Entre 11 y menos de 13 salarios mínimos;10;Estrato 1;MATRICULADOS;;;;;;;;;;;;;;;;;;;;;;;;;;;;;1;2;2;2;1;1;1;1;;;;1;2;2;2;2;2;1;1;2;2;;;;;
Mujer;Entre 11 y menos de 13 salarios mínimos;10;Estrato 2;MATRICULADOS;;;;;;;;;;;;;;;;;;;;;;1;1;2;2;2;2;2;2;1;2;1;1;;1;;;;;;;;1;;;;;;;;;;;1
Mujer;Entre 11 y menos de 13 salarios mínimos;10;Estrato 3;MATRICULADOS;;;;;;;;;;;;;;;;;;;;;;;2;2;4;6;6;7;8;8;8;10;9;8;11;10;7;4;4;4;2;3;2;2;2;2;2;1;1;2;2;2;1;1
Mujer;Entre 11 y menos de 13 salarios mínimos;10;Estrato 4;MATRICULADOS;;;;;;;;;;;;;;;;;;;;;;;;;;1;1;1;2;2;4;5;5;4;4;3;4;3;3;3;3;2;2;2;1;1;;;;1;1;1;;
Mujer;Entre 11 y menos de 13 salarios mínimos;10;Estrato 5;MATRICULADOS;;;;;;;;;;;;;;;;;;;;;;;1;3;2;2;2;2;2;2;3;3;2;2;2;2;1;1;1;;;;;;;;;;;;;;;
Mujer;Entre 11 y menos de 13 salarios mínimos;10;Estrato 6;MATRICULADOS;;;;;;;;;;;;;;;;;;;;;;;3;;2;1;1;2;2;3;5;5;5;5;4;3;3;3;3;2;1;1;;;;;;;;;;;;
Mujer;Entre 11 y menos de 13 salarios mínimos;11;Estrato 2;MATRICULADOS;;;;;;;;;;;;;;;;;;;;;;;2;1;1;;;;;;1;1;;1;1;1;1;1;1;1;;;;;;;;;;;;;;1
Mujer;Entre 11 y menos de 13 salarios mínimos;11;Estrato 3;MATRICULADOS;;;;;;;;;;;;;;;;;;;;;;;;;;;;;;;1;2;1;1;1;1;;;;;;;;;;;;;;;;;;
Mujer;Entre 11 y menos de 13 salarios mínimos;11;Estrato 4;MATRICULADOS;;;;;;;;;;;;;;;;;;;;;;;;1;2;2;2;1;2;1;1;;1;1;;1;;;;;;;;;1;;;;;;;;;
Mujer;Entre 11 y menos de 13 salarios mínimos;11;Estrato 5;MATRICULADOS;;;;;;;;;;;;;;;;;;;;;;;;1;1;1;1;;1;1;;1;1;1;1;1;1;1;1;1;1;1;1;;;;;;;;;;;
Mujer;Entre 11 y menos de 13 salarios mínimos;11;Estrato 6;MATRICULADOS;;;;;;;;;;;;;;;;;;;;;;;;;;;;1;1;1;3;3;3;3;3;3;2;1;2;2;2;1;1;1;1;1;1;1;;;;;;
Mujer;Entre 11 y menos de 13 salarios mínimos;12;Estrato 1;MATRICULADOS;;;;;;;;;;;;;;;;;;;;;;;;;;;;;;2;1;1;1;;1;1;1;1;2;3;2;2;2;1;1;1;1;1;;;;;;
Mujer;Entre 11 y menos de 13 salarios mínimos;12;Estrato 2;MATRICULADOS;;;;;;;;;;;;;;;;;;;;;;;2;2;3;4;2;1;1;2;3;3;3;4;4;4;6;6;6;8;7;6;6;8;8;4;5;4;2;2;2;4;4;1
Mujer;Entre 11 y menos de 13 salarios mínimos;12;Estrato 3;MATRICULADOS;;;;;;;;;;;;;;;;;;;;;;1;;;3;2;2;2;3;4;9;8;7;4;5;3;3;3;3;3;3;3;2;2;2;2;1;1;;2;1;1;;1
Mujer;Entre 11 y menos de 13 salarios mínimos;12;Estrato 4;MATRICULADOS;;;;;;;;;;;;;;;;;;;;;;;;1;3;2;3;3;7;3;4;4;4;4;3;2;1;2;1;2;1;1;;;1;1;;1;1;;;;;
Mujer;Entre 11 y menos de 13 salarios mínimos;12;Estrato 5;MATRICULADOS;;;;;;;;;;;;;;;;;;;;;;;;1;2;2;2;3;4;3;2;4;1;1;1;;;;;;;;;;;;;;;;;;;
Mujer;Entre 11 y menos de 13 salarios mínimos;12;Estrato 6;MATRICULADOS;;;;;;;;;;;;;;;;;;;;;;;;;1;1;;;;;;;;;1;1;1;1;1;1;1;1;1;;;;1;1;1;;1;1;1;1
Mujer;Entre 13 y menos de 15 salarios mínimos;Sin informaci¿n;Sin informaci¿n;MATRICULADOS;5;6;7;8;8;9;8;10;15;13;12;15;13;13;9;9;8;8;8;7;9;9;8;5;6;5;3;3;2;3;3;2;1;;2;2;2;;;;;;;;;;;;;1;1;1;;
Mujer;Entre 13 y menos de 15 salarios mínimos;Sin informaci¿n;Estrato 1;MATRICULADOS;;;;;;;1;1;5;4;7;9;8;7;6;5;4;7;5;7;8;8;8;8;7;5;2;2;;1;1;1;1;1;1;1;2;3;3;3;3;3;2;2;1;1;1;1;1;1;1;1;;
Mujer;Entre 13 y menos de 15 salarios mínimos;Sin informaci¿n;Estrato 2;MATRICULADOS;;;;;;2;9;19;28;35;46;45;55;47;54;55;52;49;46;44;41;35;27;27;16;14;12;13;10;15;11;11;15;11;12;11;14;13;11;9;12;9;5;6;6;5;4;3;4;2;3;3;3;3
Mujer;Entre 13 y menos de 15 salarios mínimos;Sin informaci¿n;Estrato 3;MATRICULADOS;;;;;1;6;60;71;164;187;246;283;290;292;304;299;280;258;236;209;149;110;78;70;56;42;35;38;37;30;29;25;26;21;20;18;13;16;17;15;16;13;10;10;3;6;6;3;4;5;3;2;2;3
Mujer;Entre 13 y menos de 15 salarios mínimos;Sin informaci¿n;Estrato 4;MATRICULADOS;;;;;;21;280;417;601;661;951;1203;1280;1263;1258;1234;1128;1032;1013;899;707;519;371;255;169;124;102;89;64;60;40;43;43;36;28;28;29;28;25;25;25;19;18;14;10;6;10;11;9;11;8;8;6;9
Mujer;Entre 13 y menos de 15 salarios mínimos;Sin informaci¿n;Estrato 5;MATRICULADOS;;;;;1;102;116;196;218;364;383;398;413;436;432;388;361;314;278;219;163;131;112;81;57;41;29;19;17;18;13;8;10;11;11;8;8;6;5;3;3;3;3;4;2;5;4;5;3;2;2;2;2;1
Mujer;Entre 13 y menos de 15 salarios mínimos;Sin informaci¿n;Estrato 6;MATRICULADOS;;;;;;7;14;24;36;53;65;75;78;197;218;208;202;199;205;186;181;166;139;87;57;32;24;15;13;6;5;2;4;3;5;4;4;5;4;3;3;5;3;2;3;2;2;2;1;1;1;2;2;2
Mujer;Entre 13 y menos de 15 salarios mínimos;1;Sin informaci¿n;MATRICULADOS;;;;;;;;;;;;;;;1;1;;;;1;1;1;1;1;1;1;;;;;;;;;;;;;;;;;;;;;;;;;;;;
Mujer;Entre 13 y menos de 15 salarios mínimos;2;Sin informaci¿n;MATRICULADOS;12;13;18;16;26;32;35;31;32;28;25;28;24;20;16;16;7;5;2;3;2;3;4;4;5;3;3;3;3;3;3;4;3;;3;3;4;4;2;1;1;2;1;1;1;1;;;;;;;;2
Mujer;Entre 13 y menos de 15 salarios mínimos;3;Sin informaci¿n;MATRICULADOS;53;52;57;63;108;118;122;123;122;109;107;97;89;79;68;56;49;38;31;23;17;15;11;11;9;5;7;7;5;4;6;3;2;3;1;2;3;5;6;5;7;6;6;4;1;1;2;3;2;2;3;2;2;2
Mujer;Entre 13 y menos de 15 salarios mínimos;4;Sin informaci¿n;MATRICULADOS;145;158;188;179;371;390;392;393;365;347;310;294;271;251;192;134;111;82;71;54;50;38;36;37;31;26;22;18;22;23;29;23;20;14;14;11;13;9;9;11;15;15;17;13;11;6;6;4;4;5;5;5;3;3
Mujer;Entre 13 y menos de 15 salarios mínimos;5;Sin informaci¿n;MATRICULADOS;160;147;155;150;331;343;369;352;351;324;294;270;257;243;175;147;102;73;69;51;48;43;34;30;35;30;26;23;26;22;23;20;16;11;14;17;15;11;13;11;13;11;10;11;10;12;15;16;9;7;8;12;9;10
Mujer;Entre 13 y menos de 15 salarios mínimos;6;Sin informaci¿n;MATRICULADOS;74;58;70;65;127;134;139;136;128;130;125;110;98;84;76;65;43;40;36;35;34;26;19;15;13;17;16;15;10;11;10;8;10;8;8;8;10;7;6;6;4;4;3;4;4;5;5;5;4;2;1;1;1;2
Mujer;Entre 13 y menos de 15 salarios mínimos;7;Sin informaci¿n;MATRICULADOS;17;16;19;23;33;36;40;33;42;39;37;33;32;30;22;19;17;15;13;11;7;7;5;4;4;4;3;3;3;3;3;2;2;2;2;3;4;3;1;1;3;3;4;3;3;2;2;3;3;3;3;2;;
Mujer;Entre 13 y menos de 15 salarios mínimos;8;Sin informaci¿n;MATRICULADOS;10;12;13;13;17;19;17;17;18;14;13;7;7;7;7;9;7;6;5;3;4;3;2;2;1;;1;;2;2;2;2;1;2;1;3;1;1;1;;;;;1;1;1;3;2;2;2;2;2;1;1
Mujer;Entre 13 y menos de 15 salarios mínimos;9;Sin informaci¿n;MATRICULADOS;2;2;1;3;8;6;6;9;8;7;5;8;7;7;6;7;7;5;2;4;;;;;;;;2;;1;4;4;4;4;4;3;5;4;4;3;3;3;2;2;2;1;;;;1;;1;1;1
Mujer;15 o más salarios mínimos;Sin informaci¿n;Sin informaci¿n;MATRICULADOS;19;17;15;16;18;20;19;21;17;18;18;50;57;61;55;53;53;48;48;51;47;42;39;37;35;36;31;30;31;24;17;16;13;13;8;9;10;12;11;12;8;6;5;5;6;6;5;2;3;3;2;1;1;2
Mujer;15 o más salarios mínimos;Sin informaci¿n;Estrato 1;MATRICULADOS;;;;;;;1;2;2;3;8;8;10;8;13;12;11;11;14;11;11;10;11;12;11;10;9;9;6;5;7;6;4;2;2;3;2;3;3;3;3;3;1;3;2;2;2;1;1;;1;2;2;3
Mujer;15 o más salarios mínimos;Sin informaci¿n;Estrato 2;MATRICULADOS;;;;;;4;10;15;32;45;59;115;140;135;140;125;123;118;122;113;105;90;84;72;62;53;48;42;50;54;54;59;53;51;49;47;41;32;24;21;25;22;21;27;24;21;20;18;12;17;14;17;13;15
Mujer;15 o más salarios mínimos;Sin informaci¿n;Estrato 3;MATRICULADOS;;;1;1;2;11;80;117;210;226;335;365;387;370;385;358;327;312;298;262;219;163;134;105;80;65;66;50;46;42;41;29;25;23;22;19;24;20;15;13;15;14;16;18;13;9;10;14;8;9;7;7;5;7
Mujer;15 o más salarios mínimos;Sin informaci¿n;Estrato 4;MATRICULADOS;;;;2;;69;528;716;1013;1117;1577;1724;1782;1745;1745;1698;1563;1407;1331;1160;883;643;448;341;250;202;139;109;95;79;63;49;45;36;35;27;32;32;29;32;26;29;25;22;20;21;20;19;18;18;18;13;5;7
Mujer;15 o más salarios mínimos;Sin informaci¿n;Estrato 5;MATRICULADOS;;;;;;318;365;613;627;1013;1085;1134;1137;1161;1149;1025;928;752;732;550;414;287;232;164;128;103;75;71;48;37;32;29;23;19;16;14;10;9;10;8;8;5;5;5;2;2;6;5;5;4;4;3;2;3
Mujer;15 o más salarios mínimos;Sin informaci¿n;Estrato 6;MATRICULADOS;;;;;1;35;46;66;82;152;188;211;207;532;556;560;554;531;544;511;486;442;388;275;190;138;92;70;43;28;19;11;11;6;9;6;5;6;8;10;8;7;5;7;7;3;4;5;4;2;3;1;1;3
Mujer;15 o más salarios mínimos;1;Sin informaci¿n;MATRICULADOS;1;;;;;;;;;;;;;;;;;;;;;;;;;;;;;;;;;;;;;;;;;;1;;;;;;;;;;;
Mujer;15 o más salarios mínimos;2;Sin informaci¿n;MATRICULADOS;27;28;33;33;44;45;46;43;45;37;31;34;24;17;16;17;9;6;8;8;8;5;4;3;3;3;3;4;4;3;4;5;5;4;4;3;4;3;5;6;3;3;4;3;2;1;2;2;2;1;2;4;4;4
Mujer;15 o más salarios mínimos;3;Sin informaci¿n;MATRICULADOS;152;157;169;160;229;248;254;244;223;209;174;161;152;135;112;94;69;54;53;45;36;31;21;24;19;15;15;17;16;19;16;17;16;11;7;9;9;13;6;7;8;8;8;4;6;7;7;6;9;12;9;6;5;6
Mujer;15 o más salarios mínimos;4;Sin informaci¿n;MATRICULADOS;503;506;551;528;840;854;902;846;801;721;644;534;512;439;348;252;195;133;124;98;87;82;54;59;55;55;45;36;39;38;36;39;37;35;30;25;25;24;25;28;24;25;20;20;17;17;19;22;19;20;20;17;10;13
Mujer;15 o más salarios mínimos;5;Sin informaci¿n;MATRICULADOS;471;440;493;477;749;761;773;716;698;636;576;500;443;404;310;245;182;138;117;96;81;66;65;51;48;49;51;46;45;43;39;41;34;30;26;27;31;24;25;26;25;27;27;26;23;21;21;25;22;18;15;14;12;14
Mujer;15 o más salarios mínimos;6;Sin informaci¿n;MATRICULADOS;175;168;179;170;265;272;271;266;265;234;223;196;180;165;136;108;87;54;51;40;32;33;29;29;22;22;22;21;34;30;27;24;24;20;19;18;10;11;5;8;8;10;8;10;10;9;10;7;4;4;5;4;4;2
Mujer;15 o más salarios mínimos;7;Sin informaci¿n;MATRICULADOS;54;56;64;60;99;98;104;103;94;95;77;77;59;56;41;36;30;25;18;18;12;12;9;7;6;7;5;5;9;13;11;9;9;9;10;10;10;8;5;6;3;4;4;4;6;5;4;5;6;4;2;2;3;4
Mujer;15 o más salarios mínimos;8;Sin informaci¿n;MATRICULADOS;15;19;19;21;34;36;39;34;39;35;32;29;25;25;23;15;13;12;9;12;8;6;4;4;6;7;5;3;6;6;7;6;7;5;5;5;5;4;3;3;3;2;5;2;1;1;1;;;;1;2;2;3
Mujer;15 o más salarios mínimos;9;Sin informaci¿n;MATRICULADOS;7;10;11;8;15;13;13;9;12;9;7;7;7;6;6;6;7;6;7;6;6;4;4;4;3;4;5;5;1;1;2;1;;;;;2;1;3;1;;;;1;1;2;1;1;1;3;2;2;2;2
Sin informaci¿n;Sin informaci¿n;Sin informaci¿n;Sin informaci¿n;MATRICULADOS;875;1184;1917;2304;2647;2568;3027;2545;3397;3580;3593;3646;2491;3344;2948;2676;2930;2836;2395;1843;2078;2038;1890;1763;1626;1291;1273;1037;1277;1174;1100;1122;1059;944;975;721;915;890;649;509;441;364;290;239;216;61;180;125;129;66;84;77;71;54
Sin informaci¿n;Sin informaci¿n;Sin informaci¿n;Estrato 1;MATRICULADOS;;;;;;;;;;;;;;1;1;2;2;3;3;3;4;2;3;4;4;2;2;2;2;2;2;2;3;3;2;3;2;2;2;2;2;1;1;1;1;;1;1;1;;;;;
Sin informaci¿n;Sin informaci¿n;Sin informaci¿n;Estrato 2;MATRICULADOS;;;;;;;;;;;;;;;14;27;33;40;41;33;40;45;50;53;43;32;38;27;45;39;32;30;27;26;24;10;23;21;13;14;13;7;1;3;2;1;3;3;2;2;4;1;;1
Sin informaci¿n;Sin informaci¿n;Sin informaci¿n;Estrato 3;MATRICULADOS;;;;;;;;;;;;;;;4;9;11;13;13;10;10;10;10;10;10;8;8;9;7;5;4;4;4;2;1;1;1;;;;;;;;;;;;;;;;;
Sin informaci¿n;Sin informaci¿n;Sin informaci¿n;Estrato 4;MATRICULADOS;;;;;;;;;;;;;;;4;5;6;6;3;4;3;3;5;5;4;1;3;2;1;1;1;1;1;1;1;;1;1;1;1;;;;;;;;;;;;;;
Sin informaci¿n;Sin informaci¿n;Sin informaci¿n;Estrato 5;MATRICULADOS;;;;;;;;;;;;;;;;;;;;;;1;1;1;1;;1;1;1;1;1;1;1;1;1;;;;;;;;;;;;;;;;;;;
Sin informaci¿n;Sin informaci¿n;3;Estrato 2;MATRICULADOS;;;;;;;;;;;;;;;;;;;;;;;;;;;;;;;;;;;1;3;3;4;2;2;1;;;1;;;;;;;;;;
Sin informaci¿n;Sin informaci¿n;3;Estrato 3;MATRICULADOS;;;;;;;;;;;;;;;;;;;;;;;;;;;;;;;;;;1;1;2;2;3;3;3;2;2;2;1;2;1;1;1;1;;;;;
Sin informaci¿n;Sin informaci¿n;4;Estrato 1;MATRICULADOS;;;;;;;;;;;;;;;;;;;;;;;;;;;;;;;;;;;;;1;1;;;;;;;;;;;;;;;;
Sin informaci¿n;Sin informaci¿n;4;Estrato 2;MATRICULADOS;;;;;;;;;;;;;;;;;;;;;;;;;;;;;;;;;;1;;;;;;;;;;;;;;;;;;;;
Sin informaci¿n;Sin informaci¿n;4;Estrato 3;MATRICULADOS;;;;;;;;;;;;;;;;;;;;;;;;;;;;;;;;;;;;;;1;1;1;1;1;1;1;;;;1;1;;;;;
Sin informaci¿n;Sin informaci¿n;5;Estrato 1;MATRICULADOS;;;;;;;;;;;;;;;;;;;;;;;;;;;;;;;;;;;;;1;;;;;;;;;;;;;;;;;
Sin informaci¿n;Sin informaci¿n;5;Estrato 3;MATRICULADOS;;;;;;;;;;;;;;;;;;;;;;;;;;;;;;;;;;;2;;1;1;1;1;1;1;1;1;1;;1;1;;;;;;
Sin informaci¿n;Sin informaci¿n;6;Estrato 1;MATRICULADOS;;;;;;;;;;;;;;;;;;;;;;;;;;;;;;;;;;;;;;1;1;;;;;;;;;;;;;;;
Sin informaci¿n;Sin informaci¿n;8;Estrato 3;MATRICULADOS;;;;;;;;;;;;;;;;;;;;;;;;;;;;;;;;;1;;;;;;;;;;;;;;;;;;;;;
Sin informaci¿n;Menos de un salario mínimo;Sin informaci¿n;Estrato 1;MATRICULADOS;;;;;;;;;;;;;;;1;;;;;;;1;1;;;;2;2;2;;;;;;;;;;;;;;;;;;;;;;;;;
Sin informaci¿n;Menos de un salario mínimo;Sin informaci¿n;Estrato 2;MATRICULADOS;;;;;;;;;;;;;1;5;3;3;6;6;5;5;5;4;5;6;5;4;4;4;6;6;6;7;4;2;2;2;3;4;4;4;2;2;2;2;2;;2;2;2;;1;1;1;1
Sin informaci¿n;Menos de un salario mínimo;Sin informaci¿n;Estrato 3;MATRICULADOS;;;;;;;;;;;;;;;1;;1;;;;;1;1;;;;;;;;;;;;;;;;;;;;;;;;;;;;;;;
Sin informaci¿n;Entre 1 y menos de 2 salarios mínimos;Sin informaci¿n;Sin informaci¿n;MATRICULADOS;;;;;;;;;;;;;;;;;;;;;;;1;1;1;;1;1;1;1;1;1;;;1;1;1;1;1;;;;;;;;1;1;1;;1;1;;
Sin informaci¿n;Entre 1 y menos de 2 salarios mínimos;Sin informaci¿n;Estrato 1;MATRICULADOS;;;;;;;;;;;;;;;;;;;;;1;;;;;;;;;;;;;;;;;;;;;;;;;;;;;;;;;
Sin informaci¿n;Entre 1 y menos de 2 salarios mínimos;Sin informaci¿n;Estrato 2;MATRICULADOS;;;;;;;;;;;;;12;11;14;19;21;21;16;13;19;19;20;21;20;12;11;12;15;13;12;12;11;9;10;9;9;8;5;4;4;3;3;1;1;;2;2;1;1;1;;2;1
Sin informaci¿n;Entre 1 y menos de 2 salarios mínimos;Sin informaci¿n;Estrato 3;MATRICULADOS;;;;;;;;;;;;;2;3;3;2;3;2;2;2;2;2;1;;;1;1;1;1;1;;;;;;;;;;;;;;;;;;;;;;;;
Sin informaci¿n;Entre 2 y menos de 3 salarios mínimos;Sin informaci¿n;Sin informaci¿n;MATRICULADOS;;;;;;;;;;;;;;1;;;;;;;;;;;;;;;;;;;;;;;;;;;;;;;;;;;;;;;;
Sin informaci¿n;Entre 2 y menos de 3 salarios mínimos;Sin informaci¿n;Estrato 1;MATRICULADOS;;;;;;;;;;;;;1;1;1;1;1;1;1;1;1;1;1;;;;;;;;;;;;;;;;;;;;;;;;;;;;;;;
Sin informaci¿n;Entre 2 y menos de 3 salarios mínimos;Sin informaci¿n;Estrato 2;MATRICULADOS;;;;;;;;;;;;;3;5;3;4;6;8;8;7;9;11;9;8;9;7;6;7;9;6;6;6;4;3;3;1;4;2;1;1;1;1;1;1;;;;;;;;;;
Sin informaci¿n;Entre 2 y menos de 3 salarios mínimos;Sin informaci¿n;Estrato 3;MATRICULADOS;;;;;;;;;;;;;2;3;2;1;2;3;4;2;4;4;3;4;2;2;2;2;2;2;2;2;2;2;1;1;1;1;;;;1;1;1;;;;;;;;;;
Sin informaci¿n;Entre 3 y menos de 5 salarios mínimos;Sin informaci¿n;Sin informaci¿n;MATRICULADOS;;;;;;;;;;;;;1;1;;1;1;2;1;1;1;1;1;;;;;;;;;;;;;1;1;1;1;1;1;1;1;1;1;;1;1;1;;1;1;1;1
Sin informaci¿n;Entre 3 y menos de 5 salarios mínimos;Sin informaci¿n;Estrato 2;MATRICULADOS;;;;;;;;;;;;;5;7;4;7;7;8;5;4;5;4;3;2;2;1;1;1;1;2;1;;;;;;;;;;;;;;;;;;;;;;;
Sin informaci¿n;Entre 3 y menos de 5 salarios mínimos;Sin informaci¿n;Estrato 3;MATRICULADOS;;;;;;;;;;;;;1;4;4;3;4;3;4;3;2;2;2;3;3;2;2;2;1;1;1;1;1;;;1;;;;;;;;;;;;;;;;;;
Sin informaci¿n;Entre 5 y menos de 7 salarios mínimos;Sin informaci¿n;Estrato 2;MATRICULADOS;;;;;;;;;;;;;;;;1;1;;1;;;;;;;;;;;;;;1;;;;;;;;;;;;;;;;;;;;;
Sin informaci¿n;Entre 5 y menos de 7 salarios mínimos;Sin informaci¿n;Estrato 3;MATRICULADOS;;;;;;;;;;;;;1;1;1;1;2;2;2;1;2;2;2;2;2;1;;3;3;2;2;2;2;2;1;1;1;1;1;;;;;;;;;;;;1;;;
Sin informaci¿n;Entre 7 y menos de 9 salarios mínimos;Sin informaci¿n;Estrato 2;MATRICULADOS;;;;;;;;;;;;;;;;;1;;;;;;;;;;;;;;;;;;;;;;;;;;;;;;;;;;;;;
Sin informaci¿n;Entre 13 y menos de 15 salarios mínimos;Sin informaci¿n;Estrato 3;MATRICULADOS;;;;;;;;;;;;;;;;;;;;;;1;1;1;1;;;;;;;;;;;;;;;;;;;;;;;;;;;;;
Hombre;Sin informaci¿n;Sin informaci¿n;Sin informaci¿n;MATRICULADOS;36534;35291;40468;39985;42402;42300;42543;40009;41053;39004;38576;35873;34050;33633;32530;31678;32353;31674;30472;31244;55276;61572;64434;64329;65633;64052;64325;62790;61948;59931;56842;53195;48712;44300;41110;37711;36191;31668;27601;24257;20679;18393;15547;13942;11518;10506;9743;9087;7914;7516;6702;6610;4965;5245
Hombre;Sin informaci¿n;Sin informaci¿n;Estrato 1;MATRICULADOS;5;7;8;11;24;49;111;139;222;242;351;382;602;731;2854;4274;8017;10014;18211;22345;26941;28424;29433;29744;29840;29132;29436;28575;27832;27698;25931;25330;23243;22027;20664;19297;17560;16792;15221;15075;13298;13183;12020;11630;10220;10368;10342;10507;9543;9724;8634;9756;7197;8184
Hombre;Sin informaci¿n;Sin informaci¿n;Estrato 2;MATRICULADOS;22;21;31;37;80;196;401;550;905;1056;1270;1332;2600;4205;14495;21007;34985;42931;68092;80661;94605;98507;100460;101493;100906;97577;97378;93853;91095;88258;83790;79990;73432;68636;64451;59833;55278;51560;47095;45584;41444;40936;36301;35563;30775;31314;30191;30641;27422;27575;24190;26293;19198;21585
Hombre;Sin informaci¿n;Sin informaci¿n;Estrato 3;MATRICULADOS;12;15;16;18;30;187;536;683;2152;2396;2683;2760;4702;5084;14076;17706;29413;33852;50515;56483;64011;65304;64959;64419;62023;58789;56252;52617;48126;44221;40338;36963;32953;29782;27403;24746;22549;20929;18770;18279;16381;15969;14032;13522;11824;11869;11524;11317;10047;10072;8821;9139;6687;7359
Hombre;Sin informaci¿n;Sin informaci¿n;Estrato 4;MATRICULADOS;;;;;3;35;183;214;362;396;473;468;608;648;1714;2012;2617;2907;4135;4596;5325;5322;5160;5062;4772;4389;4080;3654;3376;2954;2529;2235;1977;1724;1545;1354;1198;1062;955;916;815;794;703;663;599;581;577;554;469;432;373;378;287;321
Hombre;Sin informaci¿n;Sin informaci¿n;Estrato 5;MATRICULADOS;;;;;;30;48;65;92;105;114;121;170;205;723;1123;1491;2626;3008;3451;3657;3680;3622;3568;3435;3198;2895;2630;2124;1699;1397;1072;877;751;623;515;443;387;364;326;283;272;232;215;193;192;179;158;121;142;120;104;76;86
Hombre;Sin informaci¿n;Sin informaci¿n;Estrato 6;MATRICULADOS;;1;1;1;1;4;7;8;27;27;34;33;74;185;274;1108;1245;1382;1537;2428;2493;2560;2526;2432;2296;2086;1842;1783;1356;1077;814;604;467;350;280;237;188;155;130;131;115;123;103;92;82;84;79;73;57;59;49;54;32;30
Hombre;Sin informaci¿n;Sin informaci¿n;Hogares no clasificados;MATRICULADOS;;;;;;;;;;;;;;;;;;;;;;;;;;;;;;;;;;;;;4;7;9;9;9;9;6;7;5;4;5;6;6;7;6;4;4;3
Hombre;Sin informaci¿n;1;Sin informaci¿n;MATRICULADOS;9;18;23;21;28;28;26;23;23;16;18;17;14;16;14;13;11;9;10;14;13;28;32;37;34;30;35;41;42;36;33;36;26;26;24;27;27;23;20;20;20;16;14;12;10;8;14;12;10;7;9;8;7;8
Hombre;Sin informaci¿n;1;Estrato 1;MATRICULADOS;;;;;;1;1;1;1;1;1;1;1;1;1;1;;;;;1;1;1;1;3;17;90;108;125;135;164;202;294;365;484;569;704;757;893;982;929;977;891;908;770;730;763;732;649;634;537;542;394;440
Hombre;Sin informaci¿n;1;Estrato 2;MATRICULADOS;;;;;;;2;2;3;3;3;4;3;2;3;3;3;3;1;;;1;3;1;5;33;105;161;185;202;216;250;298;324;380;398;466;475;515;532;517;515;471;453;395;389;384;356;314;301;251;252;190;192
Hombre;Sin informaci¿n;1;Estrato 3;MATRICULADOS;;1;1;2;3;3;3;3;4;2;2;2;2;1;1;1;;1;;;;;;1;5;26;66;103;125;152;158;195;223;233;264;298;322;349;338;338;304;291;266;247;216;206;186;172;153;143;119;133;87;98
Hombre;Sin informaci¿n;1;Estrato 4;MATRICULADOS;2;;;;;1;;;;1;;;;;;1;1;;1;;;;;;2;13;21;34;33;49;56;55;61;67;70;78;81;91;101;99;96;96;80;77;70;59;58;48;46;40;32;27;19;19
Hombre;Sin informaci¿n;1;Estrato 5;MATRICULADOS;;;;;;;;;;;;;;;;;;;;;;;;;;1;3;7;5;7;9;10;9;9;10;16;20;24;29;25;27;25;28;29;28;23;16;13;12;10;6;5;3;2
Hombre;Sin informaci¿n;1;Estrato 6;MATRICULADOS;;;;;;;;;;;;;;;;;;;;;;;;;;1;4;4;4;6;5;4;3;4;4;4;6;5;11;9;10;11;11;10;9;9;10;10;7;6;4;3;3;2
Hombre;Sin informaci¿n;1;Hogares no clasificados;MATRICULADOS;;;;;;;;;;;;;;;;;;;;;;;;;;;;;;;;;;1;1;1;1;1;1;;;;;;;;;;;;;;;
Hombre;Sin informaci¿n;2;Sin informaci¿n;MATRICULADOS;101;158;319;364;403;379;401;396;414;392;405;378;341;299;256;206;159;138;119;103;109;326;358;345;340;323;377;384;379;383;371;349;297;273;257;231;202;176;165;156;142;132;124;120;95;93;88;80;73;74;62;70;50;64
Hombre;Sin informaci¿n;2;Estrato 1;MATRICULADOS;1;1;2;1;2;1;2;1;1;;1;;1;;;1;;;2;2;1;1;2;5;21;62;474;667;749;841;916;1146;1727;2203;2993;3483;4258;4724;5573;6147;5954;6012;5607;5666;4993;4769;4723;4564;4142;3865;3433;3257;2488;2564
Hombre;Sin informaci¿n;2;Estrato 2;MATRICULADOS;;;1;1;3;2;2;1;2;2;5;4;4;4;4;6;7;6;5;5;4;3;7;8;28;137;1165;1576;1775;2035;2180;2607;3757;4428;6029;6757;8264;8859;10209;10957;10443;10502;9580;9422;8224;7653;7414;7069;6027;5439;4697;4371;3247;3240
Hombre;Sin informaci¿n;2;Estrato 3;MATRICULADOS;5;5;6;9;7;6;4;4;5;8;8;6;5;5;4;4;5;5;4;4;2;2;2;2;14;140;1075;1421;1557;1688;1786;2099;3068;3605;4868;5382;6386;6759;7543;7974;7721;7662;7077;6702;5820;5255;5010;4457;3748;3251;2718;2392;1786;1743
Hombre;Sin informaci¿n;2;Estrato 4;MATRICULADOS;;;;1;1;1;1;1;1;1;1;1;1;1;1;;1;1;1;;;1;2;3;4;50;323;400;414;460;464;569;850;1038;1364;1568;1859;1987;2262;2356;2346;2286;2142;2008;1760;1532;1434;1186;954;794;605;503;352;317
Hombre;Sin informaci¿n;2;Estrato 5;MATRICULADOS;;;;;;;;;;;;;;;;;;1;1;2;2;2;3;3;5;22;100;120;122;132;130;165;257;343;467;524;621;673;793;820;813;786;755;713;631;553;491;407;327;254;206;155;108;77
Hombre;Sin informaci¿n;2;Estrato 6;MATRICULADOS;;;;;;;;;;;;;;;;;;;;;;;;;;8;34;47;50;58;55;80;106;151;188;231;261;281;323;348;343;316;291;270;240;200;174;152;111;82;61;48;39;29
Hombre;Sin informaci¿n;2;Hogares no clasificados;MATRICULADOS;;;;;;;;;;;;;;;;;;;;;;;;;;;;;;;;1;1;1;1;1;1;1;1;;1;;;;;;;;;;;;;1
Hombre;Sin informaci¿n;3;Sin informaci¿n;MATRICULADOS;411;698;1200;1489;1651;1643;1662;1620;1662;1653;1588;1458;1283;1100;918;732;593;497;472;405;414;1221;1304;1269;1237;1205;1290;1294;1306;1311;1290;1192;1075;968;886;773;711;648;550;513;468;452;388;385;351;325;292;278;244;270;237;252;177;208
Hombre;Sin informaci¿n;3;Estrato 1;MATRICULADOS;;;;;;;;;;;;1;1;;;;2;;;;4;5;8;11;27;183;1663;2312;2664;3017;3213;4012;6118;7838;11042;12920;15748;17556;20549;22855;21709;22015;20318;20243;17589;16583;16665;15959;14345;13357;11635;11157;8555;8843
Hombre;Sin informaci¿n;3;Estrato 2;MATRICULADOS;5;7;9;8;9;9;10;8;7;10;7;7;5;6;8;6;5;4;7;3;3;8;16;18;51;417;3795;5275;5939;6508;6977;8292;12127;14448;19786;22191;26806;28954;33116;35916;34474;34617;31527;30743;26613;24451;23687;21969;19257;17426;14899;13741;10350;10440
Hombre;Sin informaci¿n;3;Estrato 3;MATRICULADOS;8;7;9;9;11;10;6;6;7;7;6;10;7;7;6;5;5;6;6;6;5;4;9;10;28;383;3454;4612;5080;5549;5773;6570;9946;11668;16072;17951;21579;22638;25268;26875;26033;25627;23664;22534;19413;17251;16654;14811;12472;10636;8860;7881;5920;5589
Hombre;Sin informaci¿n;3;Estrato 4;MATRICULADOS;1;1;1;2;2;4;5;4;4;3;2;3;3;2;2;2;2;2;1;2;2;;;3;8;103;1008;1230;1362;1449;1450;1694;2793;3353;4636;5112;6198;6488;7408;7815;7670;7433;6977;6492;5680;4978;4558;3778;2954;2343;1831;1413;1047;917
Hombre;Sin informaci¿n;3;Estrato 5;MATRICULADOS;1;1;1;1;1;1;1;1;1;1;2;2;2;2;2;2;1;1;1;;;2;;;3;28;353;414;450;457;467;642;1032;1298;1675;1899;2264;2441;2777;2867;2843;2731;2574;2357;2043;1773;1567;1261;946;733;568;429;295;246
Hombre;Sin informaci¿n;3;Estrato 6;MATRICULADOS;;;;;;;;;;;;;;;;;;;;;;1;1;2;5;13;122;157;181;192;189;312;443;628;754;955;1047;1174;1320;1368;1328;1282;1216;1120;992;859;719;559;411;287;216;156;111;83
Hombre;Sin informaci¿n;3;Hogares no clasificados;MATRICULADOS;;;;;;;;;;;;;;;;;;;;;;;;;;1;1;1;1;1;;1;;;;;;;;;;;;;;;;;;;;;;
Hombre;Sin informaci¿n;4;Sin informaci¿n;MATRICULADOS;3925;4109;4687;5413;5794;5875;5921;5283;5338;5246;5129;4672;4117;3430;2788;2163;1701;1352;1253;1047;970;2143;2353;2355;2279;2231;2335;2344;2394;2403;2324;2147;1970;1791;1600;1416;1257;1134;1036;969;864;824;701;636;550;520;521;502;417;413;376;385;290;319
Hombre;Sin informaci¿n;4;Estrato 1;MATRICULADOS;;;1;;1;;;;;;;;;;;1;1;;1;2;2;5;9;14;71;321;3383;4732;5453;6002;6396;7994;12043;15132;21567;25089;30134;33526;38526;42939;40845;41520;38137;37899;33001;30867;31049;29437;26767;24784;21833;20856;15788;16135
Hombre;Sin informaci¿n;4;Estrato 2;MATRICULADOS;2;2;3;4;6;5;4;4;3;4;2;2;2;4;5;5;6;6;10;5;3;8;12;16;84;705;7694;10469;11544;12611;13278;15559;22654;27165;37167;41985;50138;53940;61022;65648;63008;63167;57551;55998;48542;43946;42526;39268;34406;30913;26445;24588;18384;18209
Hombre;Sin informaci¿n;4;Estrato 3;MATRICULADOS;3;3;6;6;9;9;8;9;11;9;11;10;13;12;10;11;9;11;11;7;8;10;14;18;49;623;6673;9021;9655;10318;10675;11908;17820;21098;28568;31415;37560;39176;43797;46079;44782;44187;40620;38351;33117;28960;27813;24530;20524;17532;14597;12835;9586;9039
Hombre;Sin informaci¿n;4;Estrato 4;MATRICULADOS;7;7;5;4;4;5;4;4;3;2;3;2;2;2;2;2;2;1;1;2;1;1;2;2;12;185;1942;2467;2717;2858;2896;3311;5300;6301;8462;9459;11244;11768;13306;13794;13616;13216;12336;11420;9814;8534;7795;6457;5137;4083;3123;2487;1823;1499
Hombre;Sin informaci¿n;4;Estrato 5;MATRICULADOS;;;;;;;;;1;1;1;1;1;1;1;1;1;1;1;1;2;1;2;8;8;36;625;763;854;890;916;1253;1899;2362;3092;3584;4176;4479;4982;5164;5108;4902;4609;4211;3625;3138;2783;2184;1696;1270;902;674;469;380
Hombre;Sin informaci¿n;4;Estrato 6;MATRICULADOS;;;;;;;;;;;;;;;;;;;;;;;;;1;25;255;336;370;377;402;669;939;1323;1669;1969;2170;2461;2726;2817;2813;2667;2490;2255;1966;1663;1434;1119;788;571;416;293;195;135
Hombre;Sin informaci¿n;4;Hogares no clasificados;MATRICULADOS;;;;;;;;;;;;;;;;;;;;;;;;;;;;1;1;3;3;5;6;8;7;8;5;3;4;2;4;4;4;2;1;1;2;1;1;1;1;1;1;2
Hombre;Sin informaci¿n;5;Sin informaci¿n;MATRICULADOS;1478;2116;3925;4622;5119;5097;5240;5068;5257;5143;4958;4586;3952;3356;2732;2200;1841;1498;1410;1202;1104;1644;1771;1745;1717;1657;1691;1696;1696;1742;1688;1582;1436;1370;1272;1129;1050;969;832;778;735;687;617;605;482;499;491;485;443;477;416;432;301;338
Hombre;Sin informaci¿n;5;Estrato 1;MATRICULADOS;;;;;;1;;;;;;;;;;;;1;1;3;2;1;8;11;68;308;3351;4588;5283;5892;6202;7668;11237;14384;20238;23308;27507;30448;34564;38437;36003;36616;33508;33261;28887;27211;27350;26025;24007;22571;19869;19223;14774;15352
Hombre;Sin informaci¿n;5;Estrato 2;MATRICULADOS;1;1;2;3;5;2;3;2;3;4;3;5;6;4;4;4;4;5;4;1;6;6;15;20;64;539;5774;7966;8837;9757;10247;11987;16905;20016;27187;30637;35669;38205;42334;45555;43209;43607;39558;38697;33479;30591;29767;27708;24460;22383;19238;18275;13828;13902
Hombre;Sin informaci¿n;5;Estrato 3;MATRICULADOS;5;3;6;7;6;8;7;6;8;6;4;5;4;4;2;4;2;1;5;4;3;2;3;8;37;430;4140;5657;6107;6536;6776;7693;11148;12962;17158;19030;22132;23165;25449;26891;25857;25581;23356;22071;19138;17147;16414;14655;12566;10817;9048;8070;5990;5773
Hombre;Sin informaci¿n;5;Estrato 4;MATRICULADOS;;;;;;;;;;;;;1;1;2;1;2;1;2;2;2;2;2;2;4;106;1136;1414;1561;1651;1673;1859;2835;3302;4392;4861;5691;5889;6478;6656;6545;6348;5871;5407;4675;3957;3655;3027;2432;2003;1580;1265;953;792
Hombre;Sin informaci¿n;5;Estrato 5;MATRICULADOS;;;;;;;;;;;;;;;;;1;1;1;1;1;1;1;1;2;38;388;474;507;537;544;685;1026;1300;1706;1954;2249;2386;2606;2671;2651;2548;2342;2131;1850;1592;1382;1097;849;632;491;380;274;214
Hombre;Sin informaci¿n;5;Estrato 6;MATRICULADOS;;;;;;;;;;;;;;;;;;;;;;;;;;22;201;246;264;279;288;447;657;850;1044;1258;1376;1496;1637;1683;1651;1554;1464;1316;1137;936;787;581;450;325;209;162;121;82
Hombre;Sin informaci¿n;5;Hogares no clasificados;MATRICULADOS;;;;;;;;;;;;;;;;;;;;;;;;;;;;;;1;2;1;3;3;4;3;1;1;1;2;2;2;1;1;1;1;1;1;1;;;;;1
Hombre;Sin informaci¿n;6;Sin informaci¿n;MATRICULADOS;575;834;1590;1920;2169;2159;2241;2147;2221;2159;2105;1921;1666;1402;1161;929;786;662;617;542;520;773;823;801;780;770;821;824;859;892;854;841;777;730;680;597;547;502;468;444;395;378;332;310;270;302;287;273;241;234;204;217;160;176
Hombre;Sin informaci¿n;6;Estrato 1;MATRICULADOS;;1;1;1;1;3;1;;1;1;1;1;;1;1;2;1;1;1;1;2;1;5;8;45;162;1844;2553;3001;3368;3571;4440;6418;8190;11224;12891;14864;16475;18308;20403;18821;19281;17485;17590;15175;14138;14474;13889;12974;12392;11041;10788;8302;8776
Hombre;Sin informaci¿n;6;Estrato 2;MATRICULADOS;2;2;4;3;3;3;2;2;2;3;3;2;2;2;2;2;1;2;1;;1;2;2;3;31;262;2627;3549;3977;4395;4645;5479;7535;8991;11933;13408;15254;16286;18012;19347;18152;18403;16655;16402;14093;13055;12742;11963;10744;9975;8568;8251;6203;6391
Hombre;Sin informaci¿n;6;Estrato 3;MATRICULADOS;;;1;2;;;;;;1;1;1;;;;2;1;1;1;;;;2;3;11;128;1554;2169;2378;2542;2660;3033;4252;4974;6602;7180;8366;8736;9533;10078;9723;9687;8780;8395;7214;6491;6245;5587;4888;4330;3654;3290;2460;2417
Hombre;Sin informaci¿n;6;Estrato 4;MATRICULADOS;;1;2;2;2;2;2;2;3;3;2;2;2;3;2;3;1;1;1;;1;;1;1;2;35;349;459;466;513;518;577;858;956;1290;1421;1661;1694;1862;1952;1922;1883;1729;1611;1426;1237;1150;979;797;644;506;427;334;294
Hombre;Sin informaci¿n;6;Estrato 5;MATRICULADOS;;;;;;;;;;;;;;;;1;1;1;1;1;1;1;1;1;1;10;124;143;158;176;178;217;313;367;478;545;620;664;717;720;694;671;651;593;510;435;389;308;254;195;146;119;82;78
Hombre;Sin informaci¿n;6;Estrato 6;MATRICULADOS;;;;;;;;;;;;;;;;;;;;;;;;;;4;63;99;104;110;99;163;218;286;331;415;440;492;519;534;526;495;446;396;349;293;252;184;153;96;77;54;35;29
Hombre;Sin informaci¿n;6;Hogares no clasificados;MATRICULADOS;;;;;;;;;;;;;;;;;;;;;;;;;;;;1;1;2;1;1;3;2;2;1;3;3;1;1;;;;;;;;;;;;;;
Hombre;Sin informaci¿n;7;Sin informaci¿n;MATRICULADOS;201;286;554;636;710;727;753;738;749;727;712;637;581;527;454;363;311;257;274;232;230;340;386;373;359;340;374;375;397;422;394;385;347;340;301;275;263;247;234;224;195;201;160;170;143;145;132;148;128;125;115;124;95;102
Hombre;Sin informaci¿n;7;Estrato 1;MATRICULADOS;;;;;;;;;;;;;;;;;;;;;2;2;4;5;15;60;865;1225;1471;1612;1726;2186;3017;3936;5401;6250;7088;7871;8578;9580;8716;8929;7990;8059;7039;6715;6977;6785;6176;5939;5290;5262;4026;4302
Hombre;Sin informaci¿n;7;Estrato 2;MATRICULADOS;;;;;;;;;;;;1;2;1;;;1;1;2;1;2;5;4;5;16;94;1093;1504;1658;1879;1946;2333;3074;3739;4922;5504;6272;6739;7448;8022;7425;7557;6794;6662;5695;5364;5325;5004;4587;4237;3642;3519;2710;2766
Hombre;Sin informaci¿n;7;Estrato 3;MATRICULADOS;1;1;1;1;2;1;2;2;1;1;1;1;;;;;1;;1;1;;;;1;3;52;655;881;947;1029;1066;1205;1678;1956;2568;2789;3194;3356;3652;3907;3707;3704;3363;3230;2774;2451;2437;2232;1950;1761;1511;1401;1081;1056
Hombre;Sin informaci¿n;7;Estrato 4;MATRICULADOS;1;;;;;;;;;;;;;;;;;;;;;;;;1;14;119;170;179;167;177;202;268;304;431;482;539;545;580;597;586;594;529;493;435;384;351;305;261;210;175;151;117;100
Hombre;Sin informaci¿n;7;Estrato 5;MATRICULADOS;;;;;;;;;;;;;;;;;;;;;;;;;;3;36;42;48;53;56;62;90;100;138;167;185;197;201;209;192;198;187;168;135;111;108;98;74;61;43;37;24;19
Hombre;Sin informaci¿n;7;Estrato 6;MATRICULADOS;;;;;;;;;;;;;;;;;;;;;;;;;;;19;27;30;28;29;45;68;81;88;120;130;138;144;138;150;143;129;116;104;94;75;62;52;36;27;26;14;9
Hombre;Sin informaci¿n;7;Hogares no clasificados;MATRICULADOS;;;;;;;;;;;;;;;;;;;;;;;;;;;;1;1;1;1;1;2;1;1;1;1;1;;1;1;1;1;1;1;1;1;1;1;1;1;1;1;1
Hombre;Sin informaci¿n;8;Sin informaci¿n;MATRICULADOS;81;112;197;227;284;282;299;262;271;259;247;234;214;202;172;137;122;110;117;95;109;200;210;209;214;201;227;226;234;251;231;237;213;208;178;154;156;135;133;132;117;100;89;92;78;73;73;73;77;75;64;67;47;57
Hombre;Sin informaci¿n;8;Estrato 1;MATRICULADOS;;;;;;1;;;;;;;1;;;;;;;;;1;5;6;14;46;492;680;780;908;967;1240;1683;2159;2991;3505;3890;4243;4545;5010;4526;4625;4238;4257;3671;3469;3618;3517;3301;3223;2887;2917;2201;2392
Hombre;Sin informaci¿n;8;Estrato 2;MATRICULADOS;1;1;;;;;;;;;1;1;;;;;;;1;;;;1;1;8;49;582;775;905;982;1030;1196;1626;1891;2444;2704;3091;3340;3716;3985;3683;3749;3352;3266;2848;2650;2585;2464;2231;2105;1825;1809;1366;1383
Hombre;Sin informaci¿n;8;Estrato 3;MATRICULADOS;;;;;;;;;;;;;;;;;;;;;;;;;2;33;304;427;458;499;509;586;815;986;1294;1389;1593;1720;1832;1944;1844;1806;1629;1593;1365;1226;1228;1112;956;847;719;685;511;499
Hombre;Sin informaci¿n;8;Estrato 4;MATRICULADOS;;;;;;;;;;;;;;;;;;;;;;;;;;8;43;59;58;65;63;72;119;146;180;192;236;238;266;265;256;248;217;197;169;146;132;118;99;89;69;46;38;37
Hombre;Sin informaci¿n;8;Estrato 5;MATRICULADOS;;;;;;;;;;;;;;;;;;;;;;;;;;;20;25;29;30;29;33;44;52;54;65;69;71;73;71;72;70;60;56;40;35;34;27;30;19;14;9;5;8
Hombre;Sin informaci¿n;8;Estrato 6;MATRICULADOS;;;;;;;;;;;;;;;;;;;;;;;;;1;1;14;12;14;14;13;17;19;22;27;32;35;36;39;36;35;30;31;27;24;23;13;11;9;7;5;4;4;4
Hombre;Sin informaci¿n;8;Hogares no clasificados;MATRICULADOS;;;;;;;;;;;;;;;;;;;;;;;;;;;;2;3;3;3;2;1;1;1;1;;;;;;;;;;;;;;;;1;1;1
Hombre;Sin informaci¿n;9;Sin informaci¿n;MATRICULADOS;38;62;94;112;129;144;148;140;138;152;133;114;108;97;83;77;66;62;70;65;67;91;89;89;88;82;89;80;79;90;85;87;75;75;87;87;90;87;70;72;62;61;53;52;40;35;36;38;29;27;29;29;26;27
Hombre;Sin informaci¿n;9;Estrato 1;MATRICULADOS;;;;;;;;;1;;;;1;;1;;;;1;;;;;;7;25;208;291;356;412;440;566;789;995;1299;1466;1620;1804;1949;2140;1922;1998;1781;1774;1530;1506;1516;1519;1433;1391;1230;1233;921;992
Hombre;Sin informaci¿n;9;Estrato 2;MATRICULADOS;;;;;;;;;;;;;;;;;;;;1;1;;1;1;4;21;249;345;393;447;473;538;663;763;1060;1184;1298;1419;1608;1723;1610;1679;1480;1449;1273;1157;1157;1088;1022;935;798;814;613;638
Hombre;Sin informaci¿n;9;Estrato 3;MATRICULADOS;;;;;;;;;;;;;;;;;;;;;;;1;1;;11;140;177;190;206;229;264;360;449;554;615;675;717;786;822;788;767;702;685;576;508;513;468;414;364;334;301;219;205
Hombre;Sin informaci¿n;9;Estrato 4;MATRICULADOS;;;;;;;;;;;;;;;;;;;;;;;;;;2;19;21;21;24;28;27;48;55;64;67;74;73;74;74;79;75;69;62;63;49;46;40;36;27;22;25;25;18
Hombre;Sin informaci¿n;9;Estrato 5;MATRICULADOS;;;;;;;;;;;;;;;;;;;;;;;;;;2;7;9;8;8;8;9;11;13;17;18;21;20;23;22;19;19;21;19;14;14;18;15;9;5;3;2;2;2
Hombre;Sin informaci¿n;9;Estrato 6;MATRICULADOS;;;;;;;;;;;;;;;;;;;;;;;;;;;3;2;2;2;2;2;3;4;6;8;9;7;11;10;8;11;9;9;9;8;5;4;3;3;1;2;;2
Hombre;Sin informaci¿n;10;Sin informaci¿n;MATRICULADOS;;;;;;;;;;;;;;;;;;;;;;3;7;8;7;6;8;9;7;13;9;7;9;10;9;9;5;8;7;5;8;5;5;5;5;5;5;5;4;3;1;1;1;1
Hombre;Sin informaci¿n;10;Estrato 1;MATRICULADOS;;;;;;;;;;;;;;;;;;;;;;;;;4;22;163;234;268;307;331;396;542;665;925;1050;1135;1233;1317;1471;1354;1368;1257;1252;1021;986;1044;1000;918;881;788;797;593;653
Hombre;Sin informaci¿n;10;Estrato 2;MATRICULADOS;;;;;;;;;;;;;;;;;;;;;;;1;1;3;21;206;294;294;317;335;379;512;598;772;836;911;982;1012;1117;1057;1073;972;940;812;741;721;703;639;587;489;496;357;383
Hombre;Sin informaci¿n;10;Estrato 3;MATRICULADOS;;;;;;;;;;;;;;;;;;;;;;;;;1;13;102;129;152;156;173;207;271;304;387;408;466;475;502;547;519;513;453;431;384;332;333;311;279;260;214;221;161;170
Hombre;Sin informaci¿n;10;Estrato 4;MATRICULADOS;;;;;;;;;;;;;;;;;;;;;;;;;;1;12;24;22;16;18;19;25;27;31;35;38;35;39;36;40;42;39;33;29;22;27;29;25;21;18;17;13;12
Hombre;Sin informaci¿n;10;Estrato 5;MATRICULADOS;;;;;;;;;;;;;;;;;;;;;;;;;;;2;2;2;1;1;1;5;5;9;10;14;14;15;19;17;18;16;18;17;11;15;10;9;9;10;8;5;3
Hombre;Sin informaci¿n;10;Estrato 6;MATRICULADOS;;;;;;;;;;;;;;;;;;;;;;;;;;;1;1;1;1;1;2;2;3;2;4;4;4;5;5;5;4;3;4;4;3;2;1;;;;;;
Hombre;Sin informaci¿n;11;Sin informaci¿n;MATRICULADOS;;;;;;;;;;;;;;;;;;;;;5;30;41;35;34;36;39;40;41;41;42;46;38;35;31;30;28;23;21;22;20;18;15;15;13;13;9;9;6;8;9;8;6;10
Hombre;Sin informaci¿n;11;Estrato 1;MATRICULADOS;;;;;;;;;;;;;;;;;;;;;;;;;;5;69;87;108;127;129;162;219;283;379;424;479;537;556;626;563;576;502;509;445;417;426;426;399;379;338;336;263;286
Hombre;Sin informaci¿n;11;Estrato 2;MATRICULADOS;;;;;;;;;;;;;;;;;;;;;;;;;;10;104;138;141;152;156;169;240;294;368;420;435;457;492;533;499;518;442;437;373;373;372;363;341;316;284;274;205;215
Hombre;Sin informaci¿n;11;Estrato 3;MATRICULADOS;;;;;;;;;;;;;;;;;;;;;;;;;;7;55;70;77;81;89;97;126;136;162;182;211;231;237;250;247;253;215;215;188;177;175;159;151;147;109;106;81;79
Hombre;Sin informaci¿n;11;Estrato 4;MATRICULADOS;;;;;;;;;;;;;;;;;;;;;;;;;;;2;5;6;4;5;4;8;9;11;12;19;15;14;14;14;14;14;15;13;13;10;10;9;6;5;4;3;3
Hombre;Sin informaci¿n;11;Estrato 5;MATRICULADOS;;;;;;;;;;;;;;;;;;;;;;;;;;;2;3;3;5;5;5;9;9;10;11;10;6;7;6;6;5;4;5;2;2;2;1;1;2;1;;;
Hombre;Sin informaci¿n;11;Estrato 6;MATRICULADOS;;;;;;;;;;;;;;;;;;;;;;;;;;;2;1;1;;1;1;2;2;2;2;2;2;2;2;2;2;2;2;2;2;1;1;1;;;;;
Hombre;Sin informaci¿n;12;Sin informaci¿n;MATRICULADOS;;;;;;;;;;1;1;1;1;1;;;;;;;5;16;14;19;20;14;16;18;16;19;19;16;16;13;15;15;12;14;12;15;12;12;11;12;12;9;8;6;8;7;7;5;4;6
Hombre;Sin informaci¿n;12;Estrato 1;MATRICULADOS;;;;;;;;;;;;;;;;;;;;;;;;;2;10;118;157;193;210;217;286;362;465;619;715;777;846;730;762;691;666;599;595;508;461;470;458;443;430;377;402;292;318
Hombre;Sin informaci¿n;12;Estrato 2;MATRICULADOS;;;;;;;;;;;;;;;;;;;;;;;2;3;1;13;187;246;283;318;341;388;478;541;694;754;814;845;784;781;702;719;619;597;501;468;436;455;427;414;366;355;255;257
Hombre;Sin informaci¿n;12;Estrato 3;MATRICULADOS;;;;;;;;;;;;;;;;;;;;;;;;;1;11;125;157;170;194;189;196;260;287;364;370;419;458;426;429;387;393;347;327;297;254;232;207;193;202;159;161;120;118
Hombre;Sin informaci¿n;12;Estrato 4;MATRICULADOS;;;;;;;;;;;;;;;;;;;;;;;;;;1;14;17;21;19;25;18;22;20;30;34;40;40;36;31;32;29;27;26;19;17;17;17;19;14;16;12;6;7
Hombre;Sin informaci¿n;12;Estrato 5;MATRICULADOS;;;;;;;;;;;;;;;;;;;;;;;;;;1;2;3;2;4;5;5;5;6;8;8;9;7;9;9;7;7;7;6;5;4;6;4;3;2;2;1;1;1
Hombre;Sin informaci¿n;12;Estrato 6;MATRICULADOS;;;;;;;;;;;;;;;;;;;;;;;;;;;;1;1;1;1;2;3;6;4;5;4;5;5;5;5;5;3;2;2;1;2;1;;1;1;1;2;3
Hombre;Sin informaci¿n;12;Hogares no clasificados;MATRICULADOS;;;;;;;;;;;;;;;;;;;;;;;;;;;;1;2;2;5;1;1;1;1;1;1;1;;;;;1;;;;;;;;;1;1;
Hombre;Sin informaci¿n;13;Estrato 1;MATRICULADOS;;;;;;;;;;;;;;;;;;;;;;;;;;;;;;;;;;;;;;12;152;223;232;274;261;282;233;218;221;235;217;202;183;180;140;147
Hombre;Sin informaci¿n;13;Estrato 2;MATRICULADOS;;;;;;;;;;;;;;;;;;;;;;;;;;;;;;;;;;;;;;6;156;207;226;243;220;230;184;188;183;189;180;168;149;129;102;99
Hombre;Sin informaci¿n;13;Estrato 3;MATRICULADOS;;;;;;;;;;;;;;;;;;;;;;;;;;;;;;1;1;1;1;1;1;1;1;4;68;87;82;91;87;88;75;74;70;59;52;52;45;39;27;26
Hombre;Sin informaci¿n;13;Estrato 4;MATRICULADOS;;;;;;;;;;;;;;;;;;;;;;;;;;;;;;;;;;;;;;;2;2;3;2;3;3;2;3;4;4;3;2;1;2;1;2
Hombre;Sin informaci¿n;13;Estrato 5;MATRICULADOS;;;;;;;;;;;;;;;;;;;;;;;;;;;;;;;;;;;;;;;;2;2;3;2;2;;;;;;1;1;1;1;1
Hombre;Sin informaci¿n;13;Estrato 6;MATRICULADOS;;;;;;;;;;;;;;;;;;;;;;;;;;;;;;;;;;;;;;;1;1;1;1;1;1;1;1;1;1;;;;;;
Hombre;Menos de un salario mínimo;Sin informaci¿n;Sin informaci¿n;MATRICULADOS;52;82;112;164;210;263;299;301;329;314;322;340;329;314;283;261;252;225;257;249;247;271;298;300;336;315;333;341;342;358;365;375;370;366;333;301;282;280;270;258;244;263;235;223;197;209;205;204;171;181;164;169;119;155
Hombre;Menos de un salario mínimo;Sin informaci¿n;Estrato 1;MATRICULADOS;2;2;3;4;19;100;560;930;1561;2004;2794;3447;4442;5016;5313;5221;5427;5414;6325;6628;6644;6573;6320;6157;6065;5742;5980;5788;5676;5977;5775;5742;5372;5157;4984;4808;4558;4396;4140;4140;3787;3804;3444;3387;2956;3074;2990;3125;2805;2848;2516;2780;2042;2419
Hombre;Menos de un salario mínimo;Sin informaci¿n;Estrato 2;MATRICULADOS;1;2;1;4;20;163;884;1431;2385;3054;4352;5181;6290;7104;7323;7320;7466;7589;8654;8904;9032;8997;8813;8623;8761;8158;8622;8485;8408;8672;8454;8440;8094;7827;7686;7334;6951;6650;6180;6260;5719;5778;5072;5007;4302;4601;4340;4508;3892;4041;3580;3925;2784;3282
Hombre;Menos de un salario mínimo;Sin informaci¿n;Estrato 3;MATRICULADOS;2;1;2;;2;43;168;240;441;521;748;872;1049;1163;1211;1180;1229;1228;1418;1410;1419;1358;1331;1269;1308;1239;1354;1343;1346;1440;1415;1459;1394;1375;1348;1318;1200;1176;1141;1183;1065;1063;946;936;808;854;804;838;730;776;646;686;464;532
Hombre;Menos de un salario mínimo;Sin informaci¿n;Estrato 4;MATRICULADOS;;;;;;1;10;19;22;28;46;51;64;61;58;52;53;50;60;59;66;56;54;45;43;44;45;45;48;43;61;62;60;51;47;41;43;36;38;34;37;40;36;36;30;30;33;28;28;28;22;24;23;26
Hombre;Menos de un salario mínimo;Sin informaci¿n;Estrato 5;MATRICULADOS;;;;;;;1;3;3;9;9;7;10;11;15;13;11;14;13;13;9;11;12;10;12;12;15;14;13;14;11;10;9;12;14;10;13;15;11;10;11;13;11;9;8;11;6;8;4;4;4;5;2;3
Hombre;Menos de un salario mínimo;Sin informaci¿n;Estrato 6;MATRICULADOS;;;;;;;;;1;;2;3;4;4;3;3;4;3;4;5;6;5;5;3;2;3;5;2;5;4;5;3;3;2;1;;1;2;1;4;3;1;1;;1;;;;;;;;;
Hombre;Menos de un salario mínimo;1;Sin informaci¿n;MATRICULADOS;12;18;22;28;28;34;35;34;38;33;42;39;36;35;28;21;20;23;35;35;34;28;34;34;29;34;36;32;32;37;34;35;33;25;25;24;24;23;25;28;25;26;23;21;18;17;15;19;17;14;13;16;14;15
Hombre;Menos de un salario mínimo;2;Sin informaci¿n;MATRICULADOS;71;107;151;188;284;332;364;337;354;369;381;374;352;347;322;283;288;259;289;290;279;271;277;295;285;282;307;302;307;308;301;293;282;280;293;295;276;250;250;248;216;212;180;183;151;159;166;175;150;174;160;148;117;133
Hombre;Menos de un salario mínimo;3;Sin informaci¿n;MATRICULADOS;131;223;323;410;561;692;749;773;840;805;836;802;741;728;660;615;584;518;561;565;592;574;555;582;564;545;622;677;8527;8306;8115;7993;7871;7735;7610;7583;7472;7152;4662;3475;2325;1725;1240;1007;796;730;637;569;474;451;379;367;266;304
Hombre;Menos de un salario mínimo;4;Sin informaci¿n;MATRICULADOS;216;317;518;625;870;1057;1170;1122;1218;1182;1250;1199;1147;1122;1004;933;872;839;943;954;998;965;1008;1005;1049;985;1137;1138;1135;1187;1190;1141;1093;1042;1017;1009;953;929;880;880;817;842;744;740;591;613;586;597;545;569;509;548;379;476
Hombre;Menos de un salario mínimo;5;Sin informaci¿n;MATRICULADOS;221;352;554;676;967;1161;1308;1312;1353;1352;1371;1346;1309;1255;1149;1025;1003;967;1072;1048;1051;1031;1078;1081;1175;1093;1281;1258;1288;1360;1308;1309;1250;1215;1194;1144;1076;1036;998;1016;947;949;823;814;699;739;735;757;689;712;599;665;465;596
Hombre;Menos de un salario mínimo;6;Sin informaci¿n;MATRICULADOS;179;262;388;473;646;788;903;911;976;990;958;982;915;888;827;767;762;692;774;754;786;792;829;856;907;882;1009;987;1004;1080;1062;1066;1020;1000;971;934;881;800;747;725;685;727;661;629;558;573;530;554;487;510;402;468;339;417
Hombre;Menos de un salario mínimo;7;Sin informaci¿n;MATRICULADOS;97;169;266;319;439;508;574;598;640;623;624;599;563;552;524;468;443;444;478;463;493;460;2549;2307;2263;2118;2146;2150;1936;1938;1877;1838;1597;1465;1308;1222;1205;1117;898;790;620;565;472;465;399;397;368;380;326;349;292;316;233;281
Hombre;Menos de un salario mínimo;8;Sin informaci¿n;MATRICULADOS;53;98;131;165;238;284;309;307;323;311;328;319;314;305;286;254;258;235;268;267;272;273;268;270;297;289;311;311;316;331;328;355;330;334;320;314;305;285;278;282;261;272;243;233;209;212;213;223;207;206;190;171;121;151
Hombre;Menos de un salario mínimo;9;Sin informaci¿n;MATRICULADOS;56;78;112;130;180;181;211;206;226;216;200;202;196;181;185;168;153;161;199;204;204;203;208;203;201;200;258;251;255;273;258;276;228;224;215;220;205;193;190;182;158;173;154;160;128;128;136;146;124;130;133;137;98;112
Hombre;Entre 1 y menos de 2 salarios mínimos;Sin informaci¿n;Sin informaci¿n;MATRICULADOS;160;250;397;458;619;686;793;813;843;816;831;859;827;797;706;654;646;617;666;658;681;670;668;659;664;624;659;662;672;738;769;741;691;682;644;627;588;565;538;543;484;482;414;422;346;362;340;364;309;328;284;300;206;236
Hombre;Entre 1 y menos de 2 salarios mínimos;Sin informaci¿n;Estrato 1;MATRICULADOS;1;6;7;10;36;190;1031;1500;2443;3062;4255;5017;6257;6732;7087;6873;6964;6653;7408;7422;7136;6796;6362;6032;5821;5364;5491;5328;5177;5310;5054;5081;4845;4583;4367;4144;3798;3668;3495;3435;3122;3178;2843;2784;2405;2508;2458;2556;2299;2375;2144;2366;1702;2017
Hombre;Entre 1 y menos de 2 salarios mínimos;Sin informaci¿n;Estrato 2;MATRICULADOS;32;34;43;41;123;908;4451;6833;11108;13919;19192;22652;27247;30064;30859;29839;30318;29550;31610;31343;31340;30127;28649;27780;27213;25090;25172;24087;23350;23149;22581;22045;20554;19748;18827;17888;16883;15897;14779;14826;13604;13585;11998;11919;10200;10622;10133;10492;9357;9698;8461;8873;6363;7451
Hombre;Entre 1 y menos de 2 salarios mínimos;Sin informaci¿n;Estrato 3;MATRICULADOS;4;6;6;6;33;386;1499;2152;3512;4286;6300;7405;8579;9388;9668;9350;9292;9045;9638;9208;9064;8576;8035;7739;7466;6874;7020;6764;6663;6604;6476;6435;6137;5833;5667;5379;5031;4757;4460;4487;4145;4073;3563;3457;2977;3139;2923;2911;2630;2611;2278;2427;1697;2002
Hombre;Entre 1 y menos de 2 salarios mínimos;Sin informaci¿n;Estrato 4;MATRICULADOS;;;1;1;3;11;64;110;191;225;309;328;382;374;390;375;382;361;361;342;326;294;296;256;238;204;211;196;197;205;187;182;179;179;155;153;147;155;137;140;148;139;119;119;101;96;91;93;85;69;74;68;48;57
Hombre;Entre 1 y menos de 2 salarios mínimos;Sin informaci¿n;Estrato 5;MATRICULADOS;;;;;1;6;19;28;38;43;62;66;84;86;89;81;78;72;75;65;66;61;64;60;56;50;48;45;42;42;44;43;37;43;40;32;29;27;23;22;16;15;12;16;13;13;8;12;13;18;12;15;8;11
Hombre;Entre 1 y menos de 2 salarios mínimos;Sin informaci¿n;Estrato 6;MATRICULADOS;;;;;;;1;;6;5;9;11;15;17;15;18;15;13;16;15;13;15;17;15;11;10;12;9;7;11;8;11;10;9;4;6;5;4;4;3;6;6;5;6;3;5;10;6;9;6;4;4;1;2
Hombre;Entre 1 y menos de 2 salarios mínimos;1;Sin informaci¿n;MATRICULADOS;38;44;65;81;95;103;113;97;98;100;99;94;84;72;72;54;56;54;50;52;55;47;46;52;47;48;52;51;67;75;78;78;76;70;71;56;56;55;49;49;43;43;44;45;39;42;37;32;22;26;25;24;14;13
Hombre;Entre 1 y menos de 2 salarios mínimos;1;Estrato 1;MATRICULADOS;;;;;1;;;;;;;;;;;;;;;;3;10;97;130;167;166;188;189;231;268;317;339;341;329;312;304;282;253;238;229;207;214;184;184;141;137;113;129;117;129;112;127;88;107
Hombre;Entre 1 y menos de 2 salarios mínimos;1;Estrato 2;MATRICULADOS;;;;;;;;;;;;;;;;;;;;;1;4;21;28;48;53;66;66;79;90;96;108;101;105;103;98;90;90;80;85;72;66;56;56;49;41;49;45;41;41;39;47;39;42
Hombre;Entre 1 y menos de 2 salarios mínimos;1;Estrato 3;MATRICULADOS;;;;;;;;;;;;;;;;;;;;;;;14;17;28;30;26;23;30;39;48;50;53;47;49;42;41;41;35;27;21;24;21;20;18;19;17;16;13;15;8;8;8;11
Hombre;Entre 1 y menos de 2 salarios mínimos;1;Estrato 4;MATRICULADOS;;;;;;;;;;;;;;;;;;;;;;;2;2;1;1;1;2;2;4;3;4;5;6;5;4;4;5;4;2;2;2;3;2;2;2;1;1;2;2;2;2;2;3
Hombre;Entre 1 y menos de 2 salarios mínimos;1;Estrato 5;MATRICULADOS;;;;;;;;;;;;;;;;;;;;;;;;;;;1;1;3;3;4;4;4;4;4;4;2;1;2;2;1;1;1;1;1;;1;1;1;1;1;1;1;1
Hombre;Entre 1 y menos de 2 salarios mínimos;1;Estrato 6;MATRICULADOS;;;;;;;;;;;;;;;;;;;;;;;;;;1;1;1;1;1;1;1;1;1;1;1;;;;;;;;;;;;;;;;;;
Hombre;Entre 1 y menos de 2 salarios mínimos;2;Sin informaci¿n;MATRICULADOS;238;364;620;807;1024;1181;1215;1192;1222;1222;1210;1143;1029;1008;911;769;714;662;711;652;647;615;603;592;601;552;600;583;617;651;643;646;609;577;572;543;500;461;429;435;416;429;381;382;311;323;309;316;272;294;255;261;172;207
Hombre;Entre 1 y menos de 2 salarios mínimos;2;Estrato 1;MATRICULADOS;;;;;;;;;;;;;;;;;;;;;1;15;115;179;301;340;413;434;649;804;1041;1212;1224;1259;1238;1179;1118;1070;941;921;779;771;687;698;585;578;545;573;489;504;453;498;379;423
Hombre;Entre 1 y menos de 2 salarios mínimos;2;Estrato 2;MATRICULADOS;;;;;;;;;;;;;;;;;;;;;1;26;146;246;407;487;566;585;854;994;1270;1430;1464;1397;1365;1289;1162;1154;1031;1046;933;897;770;746;629;626;579;573;507;487;440;462;324;382
Hombre;Entre 1 y menos de 2 salarios mínimos;2;Estrato 3;MATRICULADOS;;;;;;;;;;;;;;;;;;;;;;11;72;110;175;205;225;224;306;335;444;492;494;489;492;467;419;388;361;340;295;293;251;235;180;170;173;158;151;148;133;130;95;95
Hombre;Entre 1 y menos de 2 salarios mínimos;2;Estrato 4;MATRICULADOS;;;;;;;;;;;;;;;;;;;1;;;;3;4;13;16;17;16;25;24;27;36;36;34;37;37;34;28;22;22;21;16;12;14;13;11;14;8;6;3;4;5;4;5
Hombre;Entre 1 y menos de 2 salarios mínimos;2;Estrato 5;MATRICULADOS;;;;;;;;;;;;;;;;;;;;;;1;1;4;4;4;5;5;5;7;9;8;9;8;7;5;5;5;4;;;2;3;3;3;2;1;4;3;3;2;1;1;2
Hombre;Entre 1 y menos de 2 salarios mínimos;2;Estrato 6;MATRICULADOS;;;;;;;;;;;;;;;;;;;;;;;1;2;2;3;2;3;2;2;2;3;2;4;2;2;2;2;3;2;3;2;2;1;1;2;2;1;1;1;;;;
Hombre;Entre 1 y menos de 2 salarios mínimos;3;Sin informaci¿n;MATRICULADOS;619;941;1570;2054;2645;2954;3181;3121;3227;3203;3256;3164;2914;2794;2519;2213;2108;1983;2104;2023;2036;1870;1893;1876;1913;1767;1948;1942;1945;2045;2165;2233;2353;2508;2858;3423;6600;30603;27823;21493;16191;14108;12141;10459;7271;6165;5271;3963;2998;2435;1816;1498;1038;1036
Hombre;Entre 1 y menos de 2 salarios mínimos;3;Estrato 1;MATRICULADOS;;;;;;1;;;;;;;;;;;;;;;2;46;345;540;977;1123;1333;1430;2157;2631;3485;4104;4201;4292;4261;4062;3739;3607;3250;3202;2820;2721;2439;2357;2055;1920;1948;1912;1705;1702;1573;1698;1302;1432
Hombre;Entre 1 y menos de 2 salarios mínimos;3;Estrato 2;MATRICULADOS;1;;1;1;1;1;1;1;1;1;1;1;1;1;;;;1;;1;;47;372;555;959;1116;1333;1404;2050;2366;2962;3449;3478;3519;3449;3275;2978;2903;2665;2537;2281;2232;1956;1897;1599;1542;1532;1522;1340;1303;1140;1260;965;998
Hombre;Entre 1 y menos de 2 salarios mínimos;3;Estrato 3;MATRICULADOS;;;;;;1;1;;;;;;;;;;;1;1;;;22;145;205;322;383;449;453;639;745;946;1060;1062;1000;1011;960;859;798;736;711;639;616;495;476;412;394;415;421;362;361;301;302;225;247
Hombre;Entre 1 y menos de 2 salarios mínimos;3;Estrato 4;MATRICULADOS;;;;;;;;;;;;;;;;;;;;;;1;13;16;35;37;41;42;57;48;61;61;68;70;74;68;61;55;44;44;43;38;32;30;31;22;22;23;19;20;20;17;10;14
Hombre;Entre 1 y menos de 2 salarios mínimos;3;Estrato 5;MATRICULADOS;;;;;;;;;;;;;;;;;;;;;;;;2;6;6;9;7;13;15;14;12;12;13;13;12;10;11;8;6;4;6;3;3;1;3;2;2;2;1;1;1;1;1
Hombre;Entre 1 y menos de 2 salarios mínimos;3;Estrato 6;MATRICULADOS;;;;;;;;;;;;;;;;;;;;;;;2;3;4;5;6;7;5;4;8;10;8;8;8;7;3;5;5;4;4;4;5;3;2;2;2;2;3;3;3;2;1;1
Hombre;Entre 1 y menos de 2 salarios mínimos;4;Sin informaci¿n;MATRICULADOS;1115;1672;2811;3617;4942;5851;6383;6217;6506;6342;6515;6293;5780;5550;5084;4527;4354;3962;4258;4050;4030;3724;3658;3671;3818;3467;3761;3726;3791;3885;3863;3847;3601;3532;3346;3255;2992;2824;2734;2781;2556;2563;2274;2225;1905;2045;1970;2034;1794;1863;1574;1681;1158;1425
Hombre;Entre 1 y menos de 2 salarios mínimos;4;Estrato 1;MATRICULADOS;;1;1;;1;3;1;;;;;;;;;;;;;1;5;71;597;896;1690;1979;2354;2455;3824;4602;6118;7369;7653;7797;7638;7291;6690;6526;5879;5688;4958;4832;4284;4167;3637;3488;3483;3468;3140;3096;2721;3052;2268;2397
Hombre;Entre 1 y menos de 2 salarios mínimos;4;Estrato 2;MATRICULADOS;;;;;;;;;;;;;1;;;;;1;;;2;63;591;875;1572;1742;2088;2225;3279;3807;4865;5559;5602;5559;5428;5120;4649;4567;4139;3967;3501;3371;3014;2920;2523;2361;2394;2382;2143;2137;1871;1980;1486;1594
Hombre;Entre 1 y menos de 2 salarios mínimos;4;Estrato 3;MATRICULADOS;;;;;;;;;;;;;;;;;;;;;1;17;169;238;420;486;565;585;895;1037;1285;1469;1477;1476;1435;1348;1220;1139;998;980;858;858;720;654;570;549;514;520;462;457;414;436;316;341
Hombre;Entre 1 y menos de 2 salarios mínimos;4;Estrato 4;MATRICULADOS;;;;;;;;;;;;;;;;;;;;;;5;16;23;42;46;55;54;75;65;88;110;109;101;106;94;76;72;69;61;58;58;51;49;41;45;41;34;31;29;22;19;9;19
Hombre;Entre 1 y menos de 2 salarios mínimos;4;Estrato 5;MATRICULADOS;;;;;;;;;;;;;;;;;;;;;;1;3;6;16;16;14;18;26;26;31;33;35;31;29;26;22;19;17;17;12;13;11;8;8;9;8;8;8;7;7;6;4;5
Hombre;Entre 1 y menos de 2 salarios mínimos;4;Estrato 6;MATRICULADOS;;;;;;;;;;;;;;;;;;;;;;;1;2;4;3;1;;;5;5;5;3;4;4;3;4;4;4;3;2;3;1;3;2;2;;2;2;1;1;;;1
Hombre;Entre 1 y menos de 2 salarios mínimos;5;Sin informaci¿n;MATRICULADOS;1162;3425;4342;4902;6940;7191;8081;7390;7799;7674;7734;7357;6727;6512;6011;5317;4861;4331;4846;4538;4529;4229;4216;4143;4334;4062;4353;4350;4388;4550;4609;4507;4291;4220;18902;18156;17695;17067;15541;14222;12280;11355;10025;8640;6004;4741;3915;3424;2858;2734;2292;2209;1571;1825
Hombre;Entre 1 y menos de 2 salarios mínimos;5;Estrato 1;MATRICULADOS;;;;;;;;;;;;;;;;;;;;;4;72;597;897;1722;2054;2446;2583;3973;4674;6096;7287;7453;7613;7562;7224;6591;6474;5785;5622;4912;4767;4172;4096;3605;3471;3494;3517;3247;3251;2868;3257;2514;2709
Hombre;Entre 1 y menos de 2 salarios mínimos;5;Estrato 2;MATRICULADOS;;;;;;;;;;;;;;;;;;;;;2;48;440;673;1224;1425;1686;1783;2569;3016;3811;4331;4302;4374;4268;4040;3686;3626;3306;3192;2834;2767;2430;2366;2013;1901;1827;1813;1642;1597;1429;1551;1132;1191
Hombre;Entre 1 y menos de 2 salarios mínimos;5;Estrato 3;MATRICULADOS;;;;;;;;;;;;;;;;;;;1;1;1;10;119;190;348;395;424;418;612;707;850;998;1006;944;948;901;824;786;727;674;581;548;479;447;362;323;323;305;303;269;258;284;201;205
Hombre;Entre 1 y menos de 2 salarios mínimos;5;Estrato 4;MATRICULADOS;;;;;;;;;;;;;;;;;;;;;;1;17;19;29;39;41;36;57;64;68;77;67;67;69;61;55;46;42;43;38;38;30;32;29;32;27;24;20;22;18;17;17;15
Hombre;Entre 1 y menos de 2 salarios mínimos;5;Estrato 5;MATRICULADOS;;;;;;;;;;;;;;;;;;;;;;;2;3;5;10;10;10;10;9;11;9;11;12;8;8;8;8;8;5;5;3;6;6;4;5;2;3;2;3;2;3;2;
Hombre;Entre 1 y menos de 2 salarios mínimos;5;Estrato 6;MATRICULADOS;;;;;;;;;;;;;;;;;;;;;;1;1;2;3;3;3;4;5;4;4;4;6;5;5;5;5;3;4;3;3;1;2;1;4;3;3;2;2;2;1;2;;1
Hombre;Entre 1 y menos de 2 salarios mínimos;6;Sin informaci¿n;MATRICULADOS;751;1104;1854;2338;3150;3818;4133;4033;4258;4255;4235;4157;3780;3685;3472;3026;2871;2572;2853;2779;2776;2650;2697;2716;2768;2598;2836;2856;2826;2988;2962;2960;2800;2660;2609;2523;2341;2178;2067;2177;2026;2088;1819;1817;1524;1616;1503;1531;1387;1425;1242;1323;907;1078
Hombre;Entre 1 y menos de 2 salarios mínimos;6;Estrato 1;MATRICULADOS;;;;;;;;;;;;;;;;;;;;;;46;379;564;1083;1246;1515;1627;2463;3004;3790;4442;4532;4660;4543;4365;3989;3926;3522;3461;3009;2852;2633;2617;2264;2118;2145;2156;1975;1956;1751;1953;1501;1668
Hombre;Entre 1 y menos de 2 salarios mínimos;6;Estrato 2;MATRICULADOS;1;;;;;1;;;;;;;;;;;;;;;3;24;210;343;643;757;913;952;1345;1585;1952;2236;2300;2316;2305;2183;1995;1931;1719;1625;1396;1413;1219;1181;1029;971;958;961;858;842;752;868;652;666
Hombre;Entre 1 y menos de 2 salarios mínimos;6;Estrato 3;MATRICULADOS;;;;;;;;;;;;;;;;;;;;;1;7;64;91;148;166;211;225;327;350;450;502;487;486;475;448;398;376;333;331;293;273;244;228;208;181;191;189;163;159;134;149;113;112
Hombre;Entre 1 y menos de 2 salarios mínimos;6;Estrato 4;MATRICULADOS;;;;;;;;;;;;;;;;;;;;;1;1;2;5;11;14;19;14;23;31;31;36;37;40;34;33;26;22;24;21;15;15;16;16;15;14;10;12;8;10;7;8;7;4
Hombre;Entre 1 y menos de 2 salarios mínimos;6;Estrato 5;MATRICULADOS;;;;;;;;;;;;;;;;;;;;;;;;;;3;3;4;4;4;5;5;6;6;6;5;3;3;4;4;3;4;3;1;1;1;1;1;;;1;1;;1
Hombre;Entre 1 y menos de 2 salarios mínimos;6;Estrato 6;MATRICULADOS;;;;;;;;;;;;;;;;;;;;;;;;;;1;1;;;;1;1;1;1;1;2;2;2;3;3;1;1;1;1;1;1;1;;;;;1;1;1
Hombre;Entre 1 y menos de 2 salarios mínimos;7;Sin informaci¿n;MATRICULADOS;363;577;901;1151;1510;1817;2020;1989;2106;2074;2086;2020;1865;1832;1670;1491;1456;1345;1439;1381;1447;1383;1355;1388;1457;1350;1505;1473;1536;1573;1542;1562;1498;12300;11754;11570;11367;11210;10511;9095;8231;7445;6202;4229;2963;2260;1801;1515;1270;1157;948;926;718;741
Hombre;Entre 1 y menos de 2 salarios mínimos;7;Estrato 1;MATRICULADOS;1;;1;1;1;;1;;;;;;;;;;;;;;;14;182;306;565;638;819;833;1254;1510;1921;2242;2272;2391;2376;2292;2086;2015;1781;1771;1579;1579;1391;1346;1151;1125;1121;1120;1072;1050;916;1023;766;812
Hombre;Entre 1 y menos de 2 salarios mínimos;7;Estrato 2;MATRICULADOS;;;;;;;;;;;;;;;;;;;;;;9;127;171;308;346;406;433;595;714;863;1028;1056;1053;1004;958;867;844;751;751;640;626;530;529;472;447;442;449;410;423;361;395;290;324
Hombre;Entre 1 y menos de 2 salarios mínimos;7;Estrato 3;MATRICULADOS;;;;;;;;;;;;;;;;1;1;1;;;1;1;29;41;80;99;116;110;148;174;207;245;227;228;227;217;206;202;180;173;143;134;103;91;88;75;74;74;75;65;56;70;58;61
Hombre;Entre 1 y menos de 2 salarios mínimos;7;Estrato 4;MATRICULADOS;;;;;;;;;;;;;;;;;;;;;;;3;2;4;7;8;7;11;7;9;8;8;11;9;9;11;8;7;8;6;5;6;4;5;4;3;2;1;2;2;2;2;3
Hombre;Entre 1 y menos de 2 salarios mínimos;7;Estrato 5;MATRICULADOS;;;;;;;;;;;;;;;;;;;;;;;;;3;3;3;2;5;4;3;5;5;4;2;2;2;1;1;1;1;1;1;1;2;;1;1;1;1;1;1;;
Hombre;Entre 1 y menos de 2 salarios mínimos;7;Estrato 6;MATRICULADOS;;;;;;;;;;;;;;;;;;;;;;;2;2;3;3;4;3;4;4;5;6;3;5;4;4;3;3;2;1;;1;2;2;1;1;;;;;;;;
Hombre;Entre 1 y menos de 2 salarios mínimos;8;Sin informaci¿n;MATRICULADOS;185;274;451;550;731;865;961;974;1004;1014;979;965;902;877;804;736;691;633;670;659;706;680;670;727;3508;3326;7901;7612;7456;7321;7303;7121;7027;6866;6564;6201;5475;4808;3488;2586;1828;1439;1090;937;752;688;643;609;542;531;458;453;354;404
Hombre;Entre 1 y menos de 2 salarios mínimos;8;Estrato 1;MATRICULADOS;;;;;;;;;;;;;;;;;;;;;;14;120;174;307;373;457;443;722;857;1094;1297;1336;1380;1335;1301;1173;1142;1061;1027;886;890;779;784;656;620;679;666;644;610;530;575;433;485
Hombre;Entre 1 y menos de 2 salarios mínimos;8;Estrato 2;MATRICULADOS;;;;;;;;;;;;;;;;;;;;;;6;70;95;173;179;213;234;326;388;479;582;555;570;556;515;474;452;400;403;362;374;316;311;299;277;258;275;240;246;203;223;175;179
Hombre;Entre 1 y menos de 2 salarios mínimos;8;Estrato 3;MATRICULADOS;;;;;;;;;;;;;;;;;;;;;;1;16;27;49;53;60;66;86;96;138;159;158;155;150;131;113;105;99;103;93;93;90;84;75;67;62;59;54;52;40;41;25;31
Hombre;Entre 1 y menos de 2 salarios mínimos;8;Estrato 4;MATRICULADOS;;;;;;;;;;;;;;;;;;;;;;;1;1;7;5;3;3;6;5;5;5;4;4;5;5;4;4;3;4;3;3;4;3;3;2;2;2;2;3;2;1;;
Hombre;Entre 1 y menos de 2 salarios mínimos;8;Estrato 5;MATRICULADOS;;;;;;;;;;;;;;;;;;;;;;;;2;;1;1;1;1;1;1;1;1;1;;;;1;1;1;1;1;;1;1;1;1;1;;1;;1;1;
Hombre;Entre 1 y menos de 2 salarios mínimos;8;Estrato 6;MATRICULADOS;;;;;;;;;;;;;;;;;;;;;;;;;;;;;;;;;;;;;;1;;;;;;;;;;;;;;;;
Hombre;Entre 1 y menos de 2 salarios mínimos;9;Sin informaci¿n;MATRICULADOS;120;183;273;323;441;519;566;531;597;588;583;583;539;513;488;429;427;410;453;464;486;459;450;449;480;444;507;497;519;554;573;540;523;514;484;464;426;413;376;373;339;355;320;325;270;294;275;292;254;268;241;241;173;213
Hombre;Entre 1 y menos de 2 salarios mínimos;9;Estrato 1;MATRICULADOS;;;;;;;;;;;;;;;;;;;;;;4;57;88;150;171;221;225;328;384;481;575;591;611;626;590;544;528;483;454;404;394;354;360;328;309;308;298;279;286;267;292;226;267
Hombre;Entre 1 y menos de 2 salarios mínimos;9;Estrato 2;MATRICULADOS;;;;;;;;;;;;;;;;;;;;;;5;29;44;78;85;106;114;147;174;221;282;264;296;271;253;249;229;213;213;170;176;145;130;110;113;122;117;118;126;111;120;98;101
Hombre;Entre 1 y menos de 2 salarios mínimos;9;Estrato 3;MATRICULADOS;;;;;;;;;;;;;;;;;;;;;;;6;8;21;22;26;31;44;56;58;68;72;67;74;67;56;51;47;50;44;46;34;35;37;41;38;39;28;28;22;28;20;15
Hombre;Entre 1 y menos de 2 salarios mínimos;9;Estrato 4;MATRICULADOS;;;;;;;;;;;;;;;;;;;;;;;1;1;1;1;;;;;;;;1;;;;;;;;;;;;;1;;;;;;;
Hombre;Entre 1 y menos de 2 salarios mínimos;9;Estrato 5;MATRICULADOS;;;;;;;;;;;;;;;;;;;;;;;;;;;;;;;;1;2;1;1;1;;1;1;1;1;2;2;2;1;;;1;;;1;1;1;1
Hombre;Entre 1 y menos de 2 salarios mínimos;9;Estrato 6;MATRICULADOS;;;;;;;;;;;;;;;;;;;;;;;;;;;;;;;;;;;;;1;1;1;;;;;;;1;2;2;2;2;1;1;1;1
Hombre;Entre 1 y menos de 2 salarios mínimos;10;Sin informaci¿n;MATRICULADOS;;;;;;;;;;;;;;;;;;;;;;;1;2;5;4;5;4;5;5;5;8;9;7;9;8;6;6;6;6;3;2;1;1;;;;;;;;;;2
Hombre;Entre 1 y menos de 2 salarios mínimos;10;Estrato 1;MATRICULADOS;;;;;;;;;;;;;;;;;1;;;;1;4;32;40;80;105;127;136;205;255;335;412;423;418;428;412;404;393;338;324;275;258;219;208;184;178;188;181;177;176;176;175;126;163
Hombre;Entre 1 y menos de 2 salarios mínimos;10;Estrato 2;MATRICULADOS;;;;;;;;;;;;;;;;;;;;;;;13;20;33;46;59;64;106;129;168;198;196;178;191;180;156;164;153;146;133;127;97;91;73;69;77;77;67;69;68;73;41;47
Hombre;Entre 1 y menos de 2 salarios mínimos;10;Estrato 3;MATRICULADOS;;;;;;;;;;;;;;;;;;;;;;;1;2;10;14;17;17;28;36;39;45;47;46;41;37;29;32;30;29;27;24;20;17;11;15;15;17;13;15;12;13;10;12
Hombre;Entre 1 y menos de 2 salarios mínimos;10;Estrato 4;MATRICULADOS;;;;;;;;;;;;;;;;;;;;;;;;;1;1;;;;1;1;1;1;2;2;2;1;2;2;2;2;2;2;2;;;1;1;1;1;1;1;1;1
Hombre;Entre 1 y menos de 2 salarios mínimos;10;Estrato 5;MATRICULADOS;;;;;;;;;;;;;;;;;;;;;;;;2;3;3;3;3;3;3;3;3;2;2;2;2;3;3;3;3;2;1;;;;;;1;2;1;;2;2;1
Hombre;Entre 1 y menos de 2 salarios mínimos;10;Estrato 6;MATRICULADOS;;;;;;;;;;;;;;;;;;;;;;;;;;;;;;;;;;;;;;;;;1;1;1;1;1;1;;;;;;;;
Hombre;Entre 1 y menos de 2 salarios mínimos;11;Sin informaci¿n;MATRICULADOS;;;;;;;;;;;;;;;;;;;;;;;1;;1;3;2;2;1;2;3;3;2;2;1;2;3;4;3;4;5;5;2;4;3;3;3;4;4;6;4;4;3;1
Hombre;Entre 1 y menos de 2 salarios mínimos;11;Estrato 1;MATRICULADOS;;;;;;;;;;;;;;;;;;;;;;1;27;42;53;58;74;72;110;115;138;164;161;169;173;169;161;156;148;136;106;105;109;86;76;83;93;82;75;86;71;82;63;69
Hombre;Entre 1 y menos de 2 salarios mínimos;11;Estrato 2;MATRICULADOS;;;;;;;;;;;;;;;;;;;;;;2;9;13;27;29;36;27;47;49;60;82;88;90;93;94;88;82;78;67;58;57;54;53;44;46;45;44;39;43;40;47;40;41
Hombre;Entre 1 y menos de 2 salarios mínimos;11;Estrato 3;MATRICULADOS;;;;;;;;;;;;;;;;;;;;;;;;1;2;4;8;6;13;16;27;27;28;34;30;32;31;28;25;22;21;20;17;16;12;9;9;6;6;7;6;8;4;3
Hombre;Entre 1 y menos de 2 salarios mínimos;12;Sin informaci¿n;MATRICULADOS;;;;;;;;;;;;;;;;;;;;;;;3;5;8;8;10;10;12;11;10;16;14;11;8;8;8;7;7;7;5;2;3;2;1;3;6;5;5;5;3;3;3;3
Hombre;Entre 1 y menos de 2 salarios mínimos;12;Estrato 1;MATRICULADOS;;;;;;;;;;;;;;;;;;;;;;3;24;37;78;97;117;123;176;207;249;312;308;302;303;312;286;264;246;224;210;201;193;182;162;150;153;157;147;139;114;122;102;114
Hombre;Entre 1 y menos de 2 salarios mínimos;12;Estrato 2;MATRICULADOS;;;;;;;;;;;;;;;;;;;;;;1;18;28;41;52;59;71;105;104;149;177;182;167;175;166;130;122;118;102;95;104;92;89;83;86;87;87;72;74;61;61;47;53
Hombre;Entre 1 y menos de 2 salarios mínimos;12;Estrato 3;MATRICULADOS;;;;;;;;;;;;;;;;;;;;;;4;12;18;24;31;41;37;47;59;62;71;69;69;69;67;60;54;48;47;36;36;30;26;24;23;24;25;31;30;25;25;19;14
Hombre;Entre 1 y menos de 2 salarios mínimos;12;Estrato 4;MATRICULADOS;;;;;;;;;;;;;;;;;;;;;;;4;4;6;6;6;4;6;9;6;6;5;4;5;4;4;3;2;3;3;6;2;4;2;2;2;3;2;2;2;1;1;
Hombre;Entre 1 y menos de 2 salarios mínimos;12;Estrato 5;MATRICULADOS;;;;;;;;;;;;;;;;;;;;;;;;;;;;;;;;;;;;;;;;;;1;;;;;;;;;;1;1;2
Hombre;Entre 1 y menos de 2 salarios mínimos;12;Estrato 6;MATRICULADOS;;;;;;;;;;;;;;;;;;;;;;;;1;;;;;;;;1;;;;;;;;;;;;;;;;;;;;;;1
Hombre;Entre 2 y menos de 3 salarios mínimos;Sin informaci¿n;Sin informaci¿n;MATRICULADOS;109;171;292;310;455;559;605;605;634;644;657;640;620;597;549;502;468;418;442;408;397;370;355;355;364;315;355;343;370;399;390;408;377;384;352;350;314;301;284;298;252;271;238;247;193;190;186;167;150;168;154;173;124;143
Hombre;Entre 2 y menos de 3 salarios mínimos;Sin informaci¿n;Estrato 1;MATRICULADOS;3;3;3;4;15;71;513;670;1197;1466;2047;2314;2798;2899;2973;2859;2901;2734;2877;2817;2693;2522;2307;2128;1959;1761;1769;1693;1536;1513;1445;1440;1362;1328;1243;1167;1082;1012;954;930;869;887;789;799;679;727;716;731;676;669;582;647;472;567
Hombre;Entre 2 y menos de 3 salarios mínimos;Sin informaci¿n;Estrato 2;MATRICULADOS;24;26;37;38;102;726;2748;4079;6604;8282;11557;13416;16493;17930;18234;17622;17676;16913;17582;17097;16382;15355;14337;13475;12785;11582;11401;10513;10039;9653;9395;9020;8262;7910;7484;7104;6590;6219;5746;5666;5209;5223;4596;4498;3857;4017;3819;3800;3413;3478;3117;3270;2289;2619
Hombre;Entre 2 y menos de 3 salarios mínimos;Sin informaci¿n;Estrato 3;MATRICULADOS;9;11;15;14;36;471;2949;4000;6563;7829;10565;11719;13398;14258;14445;14075;13700;13161;13467;12550;11862;10725;9899;9123;8407;7441;7168;6549;6168;5905;5670;5430;5026;4776;4500;4229;3956;3665;3351;3347;3057;2985;2678;2603;2282;2360;2280;2277;2025;2038;1760;1842;1268;1466
Hombre;Entre 2 y menos de 3 salarios mínimos;Sin informaci¿n;Estrato 4;MATRICULADOS;1;1;;;2;22;109;147;242;299;423;468;552;556;572;548;537;497;495;476;418;385;343;298;278;252;239;191;204;196;177;170;180;172;158;133;136;114;112;114;107;121;99;92;67;76;75;70;67;63;48;59;44;46
Hombre;Entre 2 y menos de 3 salarios mínimos;Sin informaci¿n;Estrato 5;MATRICULADOS;;;;;;6;19;31;49;65;98;108;129;129;130;126;129;121;122;108;110;91;77;76;78;71;68;54;54;46;47;45;39;31;33;34;31;30;27;26;22;24;18;16;15;18;13;15;14;12;7;8;4;9
Hombre;Entre 2 y menos de 3 salarios mínimos;Sin informaci¿n;Estrato 6;MATRICULADOS;;;;;;2;1;4;4;11;26;42;51;54;56;58;55;51;53;48;51;45;35;26;24;16;12;10;10;11;9;12;9;10;12;11;13;11;8;9;7;8;6;4;4;3;3;3;5;3;4;4;1;1
Hombre;Entre 2 y menos de 3 salarios mínimos;1;Sin informaci¿n;MATRICULADOS;17;24;30;35;47;47;53;44;53;58;58;53;50;50;41;37;36;35;38;31;26;23;23;22;25;29;28;28;26;28;23;28;25;27;27;29;25;16;16;18;19;15;14;10;10;10;11;11;9;11;12;5;5;8
Hombre;Entre 2 y menos de 3 salarios mínimos;1;Estrato 1;MATRICULADOS;;;;;;;;;;;;;;;;;;;;;;10;51;75;110;113;128;135;156;166;210;222;223;222;212;195;169;142;143;147;137;138;122;115;100;89;83;76;74;73;62;78;56;66
Hombre;Entre 2 y menos de 3 salarios mínimos;1;Estrato 2;MATRICULADOS;;;;;;;;;;;;;;;;;;;;;;12;42;66;77;93;98;99;118;127;146;162;149;150;149;137;124;137;114;110;96;96;73;74;60;59;60;68;61;61;54;51;41;38
Hombre;Entre 2 y menos de 3 salarios mínimos;1;Estrato 3;MATRICULADOS;;;;;;;;1;;;1;1;1;;;;;;;;1;6;25;39;72;78;83;85;108;122;137;147;140;125;134;127;123;113;97;94;80;73;63;54;47;39;37;32;26;28;29;37;31;26
Hombre;Entre 2 y menos de 3 salarios mínimos;1;Estrato 4;MATRICULADOS;;;;;;;;;;;;;;;;;;;;1;1;1;5;6;9;7;9;13;8;6;9;12;13;13;8;13;16;14;11;10;9;8;5;6;3;3;4;3;5;3;4;3;3;2
Hombre;Entre 2 y menos de 3 salarios mínimos;1;Estrato 5;MATRICULADOS;;;;;;;;;;;;;;;;;;;;;;;1;;4;4;4;5;4;5;6;5;4;5;5;5;5;5;3;2;2;1;2;2;1;;;;;;;1;1;
Hombre;Entre 2 y menos de 3 salarios mínimos;1;Estrato 6;MATRICULADOS;;;;;;;;;;;;;;;;;;;;;;;1;3;1;3;3;3;3;3;3;3;2;2;2;1;1;1;;;;;1;1;1;1;1;1;;;;;;
Hombre;Entre 2 y menos de 3 salarios mínimos;2;Sin informaci¿n;MATRICULADOS;191;304;515;606;789;823;891;873;900;880;873;814;741;724;619;524;470;428;443;412;384;357;345;326;321;311;290;270;264;280;274;245;246;245;242;228;227;212;189;184;165;154;141;147;124;137;140;145;122;118;101;99;71;68
Hombre;Entre 2 y menos de 3 salarios mínimos;2;Estrato 1;MATRICULADOS;;1;;;;;;;;;;;;;1;1;1;;;;1;14;114;174;273;323;367;374;552;661;827;945;945;949;954;909;808;768;732;739;651;625;562;549;470;461;453;431;374;369;317;349;262;292
Hombre;Entre 2 y menos de 3 salarios mínimos;2;Estrato 2;MATRICULADOS;;;;;;;;;;;;;;1;2;2;2;1;1;1;5;54;372;532;931;1067;1255;1252;1820;2093;2720;3096;3071;3059;3020;2824;2605;2493;2229;2079;1912;1850;1609;1504;1264;1178;1129;1075;992;945;809;829;629;690
Hombre;Entre 2 y menos de 3 salarios mínimos;2;Estrato 3;MATRICULADOS;;;;;;;;;;;;1;;;;;;;;;1;44;313;457;799;878;927;976;1375;1537;1996;2146;2159;2055;2017;1904;1789;1641;1467;1387;1230;1106;978;897;788;705;694;636;570;531;460;458;331;363
Hombre;Entre 2 y menos de 3 salarios mínimos;2;Estrato 4;MATRICULADOS;;;;;;;;;;;;;;;;;;;;;;7;44;74;122;121;130;138;195;195;250;269;254;239;232;216;209;180;162;136;126;116;100;86;69;62;62;58;42;34;31;25;19;22
Hombre;Entre 2 y menos de 3 salarios mínimos;2;Estrato 5;MATRICULADOS;;;;;;;;;;;;;;;;;;;;;;1;4;10;18;14;20;21;25;28;40;44;41;40;35;33;30;26;20;20;19;17;13;10;10;8;12;9;9;9;9;10;12;7
Hombre;Entre 2 y menos de 3 salarios mínimos;2;Estrato 6;MATRICULADOS;;;;;;;;;;;;;;;;;;;;;;1;2;4;7;6;8;7;11;9;9;10;9;10;7;6;5;5;5;5;5;2;2;3;1;;;;1;1;1;1;1;1
Hombre;Entre 2 y menos de 3 salarios mínimos;3;Sin informaci¿n;MATRICULADOS;646;934;1527;1921;2589;2829;3103;3004;3085;3020;2963;2783;2560;2426;2177;1888;1648;1440;1450;1348;1319;1186;1168;1158;1164;1079;1133;1082;1081;1112;1131;1074;1013;962;927;899;849;784;739;712;674;672;555;533;459;479;442;441;391;418;368;412;298;365
Hombre;Entre 2 y menos de 3 salarios mínimos;3;Estrato 1;MATRICULADOS;;;;;;;1;1;1;1;1;1;1;1;;;;;1;;7;76;463;669;1175;1299;1479;1539;2299;2717;3548;4042;4077;4068;3961;3790;3542;3450;3107;3012;2676;2591;2261;2167;1859;1749;1679;1617;1469;1465;1309;1392;1032;1129
Hombre;Entre 2 y menos de 3 salarios mínimos;3;Estrato 2;MATRICULADOS;2;2;2;2;2;2;2;2;1;2;2;2;2;2;2;3;2;4;4;4;9;186;1375;2086;3399;3768;4298;4359;6218;7032;9351;10459;10534;10413;10053;9587;8788;8381;7627;7251;6429;6130;5294;5051;4306;4055;3913;3818;3371;3277;2825;3029;2218;2320
Hombre;Entre 2 y menos de 3 salarios mínimos;3;Estrato 3;MATRICULADOS;;2;2;3;2;3;2;1;1;1;1;2;2;1;2;1;2;;1;1;8;148;1011;1469;2514;2847;3178;3274;4492;5053;6300;6813;6761;6642;6421;5918;5473;5156;4706;4423;3905;3558;3071;2846;2363;2115;2120;1962;1691;1625;1417;1410;1038;1047
Hombre;Entre 2 y menos de 3 salarios mínimos;3;Estrato 4;MATRICULADOS;;;;;;;;;;;;;;;;;;;;;;21;119;171;298;333;354;365;492;517;647;679;660;641;610;558;519;475;438;386;327;299;251;231;201;180;176;150;139;125;131;118;75;82
Hombre;Entre 2 y menos de 3 salarios mínimos;3;Estrato 5;MATRICULADOS;;;;;;;;;;;;;;;;;;;;;;4;16;38;60;63;66;63;73;76;87;97;100;101;89;77;78;68;63;58;53;43;38;30;22;20;13;7;8;7;6;6;5;7
Hombre;Entre 2 y menos de 3 salarios mínimos;3;Estrato 6;MATRICULADOS;;;;;;;;;;;;;;;;;;;;;;;9;11;16;17;19;18;21;24;25;24;19;18;16;16;9;13;13;12;9;7;10;9;7;5;4;4;2;1;;1;1;3
Hombre;Entre 2 y menos de 3 salarios mínimos;4;Sin informaci¿n;MATRICULADOS;1317;1958;3356;4231;5763;6519;7019;6763;7030;6886;6907;6540;5862;5645;5098;4318;3963;3426;3539;3263;3119;2890;2850;2797;2791;2590;2663;2575;2556;2647;2518;2494;2360;2257;2156;2048;1880;1772;1583;1601;1461;1478;1316;1331;1134;1184;1149;1142;1038;1044;958;1027;700;818
Hombre;Entre 2 y menos de 3 salarios mínimos;4;Estrato 1;MATRICULADOS;;;;1;;;;;;;;;;;1;;2;2;3;5;2;110;941;1351;2416;2756;3126;3245;4808;5658;7455;8736;8774;8810;8630;8254;7518;7296;6601;6334;5540;5320;4589;4350;3748;3520;3496;3351;3040;3030;2648;2863;2152;2326
Hombre;Entre 2 y menos de 3 salarios mínimos;4;Estrato 2;MATRICULADOS;1;;;;;;;;1;1;1;1;1;1;1;1;;;1;2;14;281;2586;3822;6692;7573;8362;8620;12780;14821;19140;21412;21251;20857;20338;19441;17688;16899;15182;14386;12681;12108;10574;9904;8499;7816;7601;7380;6576;6425;5624;5918;4345;4602
Hombre;Entre 2 y menos de 3 salarios mínimos;4;Estrato 3;MATRICULADOS;;;;1;;;;;2;;1;;1;1;1;1;2;2;;2;14;217;1610;2394;4037;4510;5049;5181;7262;8202;10292;11249;11091;10883;10523;10031;9245;8760;7874;7328;6377;5931;5079;4608;3914;3497;3424;3246;2903;2746;2356;2391;1777;1852
Hombre;Entre 2 y menos de 3 salarios mínimos;4;Estrato 4;MATRICULADOS;;;;;;1;1;1;1;1;1;1;1;1;1;1;1;;;1;1;28;197;274;439;526;556;552;762;849;1019;1106;1080;1047;1010;935;852;783;672;613;538;482;413;376;306;285;280;244;205;178;176;174;127;134
Hombre;Entre 2 y menos de 3 salarios mínimos;4;Estrato 5;MATRICULADOS;;;;;;;;;;;;;;;;;;;;;;9;24;32;56;70;61;72;99;112;122;127;129;131;120;102;102;91;80;80;67;60;49;45;35;31;26;22;26;22;15;15;12;13
Hombre;Entre 2 y menos de 3 salarios mínimos;4;Estrato 6;MATRICULADOS;;;;;;;;;;;;;;;;;;;;;;4;8;11;18;18;24;21;26;24;33;30;35;30;24;25;21;16;15;12;11;9;10;7;6;5;4;3;3;3;1;4;4;4
Hombre;Entre 2 y menos de 3 salarios mínimos;5;Sin informaci¿n;MATRICULADOS;1440;2142;3626;4374;5994;6917;7414;7274;7478;7371;7438;7053;6344;5955;5399;4601;4242;4132;4356;4009;3903;3604;3603;3436;3455;3241;3440;3317;3245;3306;3230;3135;2955;2845;2713;2514;2432;2243;2092;2082;1920;1972;1703;1689;1413;1542;1532;1541;1362;1400;1235;1316;915;1084
Hombre;Entre 2 y menos de 3 salarios mínimos;5;Estrato 1;MATRICULADOS;;;1;;;2;;;;;;;;1;;;;;1;1;6;100;945;1352;2437;2767;3179;3202;4700;5617;7413;8652;8738;8863;8610;8280;7544;7361;6613;6329;5519;5274;4612;4343;3734;3561;3502;3406;3142;3034;2664;2889;2163;2358
Hombre;Entre 2 y menos de 3 salarios mínimos;5;Estrato 2;MATRICULADOS;2;;;;;1;2;1;2;2;1;1;1;;1;;;3;;2;6;198;2169;3054;5406;6083;6754;7033;9947;11482;14439;16163;15977;15946;15560;14630;13405;12955;11540;11069;9897;9499;8293;7832;6711;6363;6148;6014;5402;5310;4628;4893;3619;3846
Hombre;Entre 2 y menos de 3 salarios mínimos;5;Estrato 3;MATRICULADOS;;;1;;;;1;;;;;;1;1;2;1;2;1;2;2;7;141;1102;1670;2757;3163;3481;3524;4925;5599;6916;7605;7548;7391;7154;6671;6062;5781;5134;4899;4260;3928;3388;3158;2594;2417;2342;2240;1991;1927;1661;1711;1206;1276
Hombre;Entre 2 y menos de 3 salarios mínimos;5;Estrato 4;MATRICULADOS;;;;;;;;;;;;;;;;;;;;;1;21;130;181;288;333;372;375;504;544;661;725;693;672;658;604;564;504;471;422;375;335;281;253;227;201;190;172;156;147;128;122;94;100
Hombre;Entre 2 y menos de 3 salarios mínimos;5;Estrato 5;MATRICULADOS;;;;;;;;;;;;;;;;;;;;;;2;14;36;47;51;62;62;85;93;114;118;117;122;111;94;82;84;76;68;62;56;48;37;38;31;28;22;19;17;21;19;10;10
Hombre;Entre 2 y menos de 3 salarios mínimos;5;Estrato 6;MATRICULADOS;;;;;;;;;;;;;;;;;;;;;;;6;4;11;12;15;16;19;19;23;27;23;23;19;20;15;14;12;7;5;6;7;8;6;7;6;5;3;2;4;1;1;2
Hombre;Entre 2 y menos de 3 salarios mínimos;6;Sin informaci¿n;MATRICULADOS;846;1230;2005;2459;3331;3849;4173;4078;4240;4173;4209;4058;3646;3385;3089;2695;2536;2244;2396;2279;2164;2001;1927;1876;1913;1771;1868;1845;1859;1960;1959;1911;1825;1771;1735;1640;23317;22544;19906;17213;14271;12734;10895;9904;8462;6958;4852;3609;2684;2160;1651;1454;1038;1091
Hombre;Entre 2 y menos de 3 salarios mínimos;6;Estrato 1;MATRICULADOS;;;;;1;1;;;;;;1;;;;;;;;;1;42;507;756;1383;1561;1779;1781;2649;3110;3996;4695;4746;4778;4699;4593;4147;4073;3624;3507;3042;2929;2532;2508;2101;2048;2030;2029;1860;1811;1598;1734;1297;1408
Hombre;Entre 2 y menos de 3 salarios mínimos;6;Estrato 2;MATRICULADOS;;;;;;;;;;;;1;;2;1;1;2;2;1;1;2;85;953;1397;2411;2726;3097;3227;4536;5322;6562;7428;7377;7300;7077;6734;6062;5801;5267;5069;4458;4351;3784;3666;3135;2877;2855;2768;2515;2466;2210;2333;1718;1822
Hombre;Entre 2 y menos de 3 salarios mínimos;6;Estrato 3;MATRICULADOS;1;1;1;1;1;;;;;;;;;;;;;;;;3;48;488;693;1118;1277;1441;1510;2105;2389;2835;3148;3121;3085;2898;2770;2527;2366;2124;2000;1752;1667;1459;1378;1164;1086;1075;1029;899;873;751;791;584;636
Hombre;Entre 2 y menos de 3 salarios mínimos;6;Estrato 4;MATRICULADOS;;;;;;;;;;;;;;;;;;;;;;2;38;63;120;120;139;140;194;207;251;275;289;268;257;247;227;199;168;151;137;135;106;106;82;73;69;70;53;49;44;44;28;27
Hombre;Entre 2 y menos de 3 salarios mínimos;6;Estrato 5;MATRICULADOS;;;;;;;;;;;;;;;;;;;;;;1;6;13;23;26;25;29;33;35;42;41;40;38;31;27;25;25;19;16;18;19;11;10;8;5;6;6;8;9;10;10;6;7
Hombre;Entre 2 y menos de 3 salarios mínimos;6;Estrato 6;MATRICULADOS;;;;;;;;;;;;;;;;;;;;;;;;1;2;3;5;3;5;3;9;10;12;11;11;9;9;9;8;9;4;4;2;2;1;1;2;2;2;1;1;1;1;1
Hombre;Entre 2 y menos de 3 salarios mínimos;7;Sin informaci¿n;MATRICULADOS;349;524;860;1058;1412;1691;1805;1746;1837;1820;1802;1689;1576;1497;1320;1186;1084;1001;1053;993;951;894;888;888;900;853;915;891;902;954;940;942;902;869;817;790;703;676;657;670;622;599;531;529;477;493;476;494;455;499;430;452;332;370
Hombre;Entre 2 y menos de 3 salarios mínimos;7;Estrato 1;MATRICULADOS;;;;;;1;;;;;1;1;1;1;1;1;1;1;1;1;1;29;280;378;639;764;877;897;1311;1481;1902;2231;2264;2286;2241;2173;1912;1871;1669;1605;1406;1371;1238;1203;1036;999;995;975;903;877;769;867;614;753
Hombre;Entre 2 y menos de 3 salarios mínimos;7;Estrato 2;MATRICULADOS;;1;1;1;;2;1;1;;;;;;;;;;;;1;;24;403;607;1051;1168;1358;1420;1968;2295;2839;3217;3125;3104;3032;2868;2658;2567;2305;2194;1925;1817;1642;1594;1404;1322;1272;1266;1106;1100;990;1064;791;849
Hombre;Entre 2 y menos de 3 salarios mínimos;7;Estrato 3;MATRICULADOS;;;;;;;;;;;;;;;;;;;;;;20;183;282;484;522;627;636;879;979;1214;1399;1375;1328;1252;1210;1095;1038;942;886;787;747;671;627;538;511;466;447;415;407;342;338;266;266
Hombre;Entre 2 y menos de 3 salarios mínimos;7;Estrato 4;MATRICULADOS;;;;;;;;;;;;;;;;;;;;;;3;24;38;50;59;64;62;67;73;89;96;89;86;85;81;73;69;58;55;43;43;45;42;39;25;29;29;21;17;17;14;13;10
Hombre;Entre 2 y menos de 3 salarios mínimos;7;Estrato 5;MATRICULADOS;;;;;;;;;;;;;;;;;;;;;;;3;4;5;8;8;7;13;13;14;19;16;15;13;19;15;13;14;12;10;6;4;4;1;1;1;3;2;1;2;3;3;2
Hombre;Entre 2 y menos de 3 salarios mínimos;7;Estrato 6;MATRICULADOS;;;;;;;;;;;;;;;;;;;;;;1;2;1;4;2;1;5;4;5;5;9;7;5;6;3;5;6;3;2;2;1;1;1;1;1;1;1;2;2;2;2;1;1
Hombre;Entre 2 y menos de 3 salarios mínimos;8;Sin informaci¿n;MATRICULADOS;180;254;409;480;680;763;855;845;869;860;851;804;744;699;638;561;534;502;549;506;515;488;474;470;478;439;483;474;487;515;501;493;455;442;432;422;415;386;372;388;359;359;309;319;272;272;262;263;221;223;193;200;144;166
Hombre;Entre 2 y menos de 3 salarios mínimos;8;Estrato 1;MATRICULADOS;;;;;;;;;;;;;;;;;;;;;;13;147;206;374;401;467;497;666;824;1045;1222;1204;1184;1205;1161;1030;1015;909;854;741;708;636;614;510;499;516;476;437;433;374;423;309;341
Hombre;Entre 2 y menos de 3 salarios mínimos;8;Estrato 2;MATRICULADOS;;;;;;;;;;;;;;;;;;;;1;;22;215;331;560;621;692;723;1006;1151;1446;1649;1668;1636;1618;1540;1367;1351;1242;1158;1023;999;882;861;747;697;685;686;628;646;565;585;410;444
Hombre;Entre 2 y menos de 3 salarios mínimos;8;Estrato 3;MATRICULADOS;;;;;;;;;;;;;;;;;;;;;;11;116;150;231;262;304;317;448;507;604;673;675;663;644;585;551;521;465;445;395;383;326;310;255;232;226;226;187;178;155;159;120;115
Hombre;Entre 2 y menos de 3 salarios mínimos;8;Estrato 4;MATRICULADOS;;;;;;;;;;;;;;;;;;;;;;;5;9;17;18;22;22;33;36;57;61;56;60;52;50;42;37;37;32;30;25;20;21;22;19;17;15;12;12;14;15;8;7
Hombre;Entre 2 y menos de 3 salarios mínimos;8;Estrato 5;MATRICULADOS;;;;;;;;;;;;;;;;;;;;;;;;;2;3;3;2;4;4;2;4;3;4;4;4;4;4;5;5;2;2;2;3;3;2;2;2;;1;;;;
Hombre;Entre 2 y menos de 3 salarios mínimos;8;Estrato 6;MATRICULADOS;;;;;;;;;;;;;;;;;;;;;;1;1;1;1;1;2;;;;2;1;2;1;3;3;3;2;1;1;2;2;1;1;;1;1;1;1;1;1;1;;2
Hombre;Entre 2 y menos de 3 salarios mínimos;9;Sin informaci¿n;MATRICULADOS;129;172;264;309;400;469;485;469;490;486;464;467;426;381;368;307;285;274;295;289;284;288;292;289;289;280;283;277;279;289;271;292;281;273;276;249;238;239;207;219;192;192;171;162;130;130;122;122;120;121;118;124;86;102
Hombre;Entre 2 y menos de 3 salarios mínimos;9;Estrato 1;MATRICULADOS;;;;;;1;;;;;;;;;;;;;;;1;5;67;97;172;195;235;228;345;391;489;573;560;587;574;538;491;473;418;400;332;325;288;288;263;266;261;248;246;243;209;230;165;183
Hombre;Entre 2 y menos de 3 salarios mínimos;9;Estrato 2;MATRICULADOS;;;;;;;;;;;;1;;;;;;;;;1;9;92;120;228;260;306;315;477;557;661;768;806;754;747;716;637;643;589;537;497;472;404;384;320;298;288;304;284;282;228;254;170;184
Hombre;Entre 2 y menos de 3 salarios mínimos;9;Estrato 3;MATRICULADOS;;;;;1;1;;;;;;1;1;1;1;1;1;1;1;1;;8;39;54;104;125;142;152;197;210;258;293;270;269;259;251;249;228;205;200;177;167;148;142;121;124;125;116;106;110;101;100;74;78
Hombre;Entre 2 y menos de 3 salarios mínimos;9;Estrato 4;MATRICULADOS;;;;;;;;;;;;;;;;;;;;;;4;5;6;9;10;8;8;11;15;22;25;22;19;22;19;22;21;15;13;11;11;10;8;7;8;8;9;9;4;3;5;4;4
Hombre;Entre 2 y menos de 3 salarios mínimos;9;Estrato 5;MATRICULADOS;;;;;;;;;;;;;;;;;;;;;;;;;;;;;;;1;1;1;1;1;1;1;1;2;2;3;2;2;2;1;;;;;;;;;
Hombre;Entre 2 y menos de 3 salarios mínimos;9;Estrato 6;MATRICULADOS;;;;;;;;;;;;;;;;;;;;;;;;2;2;1;3;2;1;4;4;7;6;6;5;4;2;2;2;2;1;1;;;;;;;;;;;;
Hombre;Entre 2 y menos de 3 salarios mínimos;10;Sin informaci¿n;MATRICULADOS;;;;;;;;;;;;;;;;;;;;;;;;1;1;;3;3;4;2;3;3;3;3;3;3;3;3;3;2;3;2;2;2;1;2;2;2;2;3;2;2;2;2
Hombre;Entre 2 y menos de 3 salarios mínimos;10;Estrato 1;MATRICULADOS;;;;;;;;;;;;;;;;;;;;;;3;38;50;94;115;137;159;205;252;305;335;370;391;376;350;294;297;262;277;237;246;219;227;185;187;173;160;161;149;139;152;118;120
Hombre;Entre 2 y menos de 3 salarios mínimos;10;Estrato 2;MATRICULADOS;;;;;;;;;;;;;;;;;;;;;1;8;79;118;187;197;226;246;324;361;425;492;483;487;499;467;424;415;383;362;306;301;267;258;222;208;192;195;170;181;149;161;130;123
Hombre;Entre 2 y menos de 3 salarios mínimos;10;Estrato 3;MATRICULADOS;;;;;;;;;;;;;;;;;;;;;;3;24;43;70;84;104;94;131;149;191;238;231;237;226;209;180;189;182;168;168;145;114;112;99;90;84;84;65;67;69;66;44;51
Hombre;Entre 2 y menos de 3 salarios mínimos;10;Estrato 4;MATRICULADOS;;;;;;;;;;;;;;;;;;;;;;1;4;1;8;9;10;9;13;16;17;20;22;23;17;17;13;13;11;10;8;10;9;8;6;8;5;6;2;2;2;3;3;2
Hombre;Entre 2 y menos de 3 salarios mínimos;10;Estrato 5;MATRICULADOS;;;;;;;;;;;;;;;;;;;;;;;;1;1;1;1;2;3;1;3;3;2;3;3;3;1;1;1;2;2;2;2;2;1;2;3;2;1;1;2;2;2;2
Hombre;Entre 2 y menos de 3 salarios mínimos;10;Estrato 6;MATRICULADOS;;;;;;;;;;;;;;;;;;;;;;;2;1;1;1;2;;1;1;1;2;1;1;1;;;;;;;;;1;;;;;;;;;;
Hombre;Entre 2 y menos de 3 salarios mínimos;11;Sin informaci¿n;MATRICULADOS;;;;;;;;;;;;;;;;;;;;;;;;1;2;2;2;2;2;2;2;2;2;2;1;1;1;1;1;1;;;;;;;;;;;;;;1
Hombre;Entre 2 y menos de 3 salarios mínimos;11;Estrato 1;MATRICULADOS;;;;;;;;;;;;;;;;;;;;;;1;23;28;45;40;58;60;90;119;150;179;173;170;181;158;143;136;114;116;103;108;97;99;79;78;75;79;63;64;56;59;42;58
Hombre;Entre 2 y menos de 3 salarios mínimos;11;Estrato 2;MATRICULADOS;;;;;;;;;;;;;;;;;;;;;;4;45;47;93;102;109;111;181;204;243;262;259;255;256;245;228;220;194;193;173;174;148;144;125;129;135;136;112;110;83;101;73;83
Hombre;Entre 2 y menos de 3 salarios mínimos;11;Estrato 3;MATRICULADOS;;;;;;;;;;;;;;;;;;;;;;1;16;21;39;42;51;54;71;86;107;116;124;123;123;112;105;94;85;78;58;62;60;51;46;45;45;45;40;39;34;34;19;19
Hombre;Entre 2 y menos de 3 salarios mínimos;11;Estrato 4;MATRICULADOS;;;;;;;;;;;;;;;;;;;;;;1;;1;3;2;2;2;2;2;3;3;3;3;3;4;4;4;5;6;4;4;3;1;2;2;2;2;1;1;;1;1;1
Hombre;Entre 2 y menos de 3 salarios mínimos;11;Estrato 5;MATRICULADOS;;;;;;;;;;;;;;;;;;;;;;;;;2;;2;;;;;;;;1;1;;;;;;1;1;1;1;1;1;;;;;;;
Hombre;Entre 2 y menos de 3 salarios mínimos;12;Sin informaci¿n;MATRICULADOS;;;;;;;;;;;;;;;;;;;;;;;;;;3;1;1;3;4;5;7;5;4;4;5;7;5;3;2;2;4;3;2;2;;2;3;3;2;4;5;5;4
Hombre;Entre 2 y menos de 3 salarios mínimos;12;Estrato 1;MATRICULADOS;;;;;;;;;;;;;;;;;;1;;;;3;41;60;97;106;100;110;158;192;258;297;285;293;304;269;251;254;224;210;176;174;155;158;140;143;132;135;114;116;92;102;80;101
Hombre;Entre 2 y menos de 3 salarios mínimos;12;Estrato 2;MATRICULADOS;;;;;;;;1;1;1;1;;;;;;;;;;;5;60;85;134;152;191;204;311;372;446;523;526;540;517;494;453;422;371;379;340;322;293;288;246;231;219;222;199;198;181;179;127;153
Hombre;Entre 2 y menos de 3 salarios mínimos;12;Estrato 3;MATRICULADOS;;;;;;;;;;;;;;;;;;;;;;3;40;51;82;99;103;97;149;163;215;234;229;221;221;236;207;194;173;163;149;138;116;113;91;86;88;91;98;90;71;75;54;54
Hombre;Entre 2 y menos de 3 salarios mínimos;12;Estrato 4;MATRICULADOS;;;;;;;;;;;;;;;;;;;;;;;2;5;10;7;7;11;12;15;17;21;21;18;16;13;15;11;9;7;9;12;10;9;7;6;3;2;2;3;5;4;4;4
Hombre;Entre 2 y menos de 3 salarios mínimos;12;Estrato 5;MATRICULADOS;;;;;;;;;;;;;;;;;;;;;;;;;;;1;1;1;1;;;1;;;;;;;;;;;;;;;;;;;;;
Hombre;Entre 2 y menos de 3 salarios mínimos;12;Estrato 6;MATRICULADOS;;;;;;;;;;;;;;;;;;;;;;;1;1;1;1;1;1;1;1;1;;1;1;1;1;1;1;1;1;1;1;1;1;;;;;;;;;;
Hombre;Entre 3 y menos de 5 salarios mínimos;Sin informaci¿n;Sin informaci¿n;MATRICULADOS;108;149;245;303;422;453;488;457;492;495;483;473;461;410;383;340;309;276;300;283;278;265;244;237;211;215;235;226;240;224;233;217;212;194;200;179;172;143;135;131;111;108;106;104;107;117;114;111;97;96;70;68;60;61
Hombre;Entre 3 y menos de 5 salarios mínimos;Sin informaci¿n;Estrato 1;MATRICULADOS;3;4;5;4;4;33;202;278;518;591;858;956;1109;1114;1154;1117;1128;1067;1116;1052;992;908;823;771;726;649;582;549;530;521;488;466;441;418;389;371;338;311;284;269;253;241;227;220;206;207;197;192;157;178;171;173;124;143
Hombre;Entre 3 y menos de 5 salarios mínimos;Sin informaci¿n;Estrato 2;MATRICULADOS;17;20;27;28;50;403;1756;2514;4259;5108;7045;7936;9710;9981;10116;9711;9689;9061;9064;8591;7895;7271;6553;5906;5416;4821;4578;4192;3840;3655;3452;3270;3009;2863;2653;2471;2289;2138;2031;2021;1823;1772;1561;1499;1266;1353;1281;1275;1108;1141;1021;1065;762;904
Hombre;Entre 3 y menos de 5 salarios mínimos;Sin informaci¿n;Estrato 3;MATRICULADOS;7;4;9;10;38;769;3813;4976;8383;9987;13443;14660;17756;18851;18982;18452;18088;17018;16893;15688;14413;12929;11611;10357;9001;7861;7150;6357;5826;5357;4960;4604;4196;3826;3683;3368;3150;2830;2582;2509;2364;2334;2146;2064;1768;1814;1731;1685;1485;1453;1271;1322;918;1040
Hombre;Entre 3 y menos de 5 salarios mínimos;Sin informaci¿n;Estrato 4;MATRICULADOS;;;;;;20;142;177;324;397;558;616;726;770;797;740;710;670;649;599;546;489;427;371;331;285;259;220;169;176;167;161;153;135;135;117;106;100;95;103;101;100;85;92;73;66;63;64;52;54;44;42;28;36
Hombre;Entre 3 y menos de 5 salarios mínimos;Sin informaci¿n;Estrato 5;MATRICULADOS;;;;;;20;44;54;97;124;169;201;229;251;248;236;232;215;209;193;178;163;134;121;100;84;75;57;57;48;51;45;32;32;37;30;29;28;23;23;16;20;18;10;11;16;19;17;15;14;14;12;10;9
Hombre;Entre 3 y menos de 5 salarios mínimos;Sin informaci¿n;Estrato 6;MATRICULADOS;;;;;;2;8;12;27;41;53;60;62;66;72;66;62;64;64;57;44;45;38;32;32;28;25;23;23;21;20;20;16;15;13;11;9;10;7;5;4;5;3;2;1;;;;;;;1;1;1
Hombre;Entre 3 y menos de 5 salarios mínimos;1;Sin informaci¿n;MATRICULADOS;5;16;23;28;38;31;39;29;33;33;34;27;28;21;24;16;19;13;10;9;9;10;8;8;11;12;14;16;18;16;14;13;11;10;8;11;7;5;4;5;7;9;8;7;5;5;2;2;2;3;3;2;3;5
Hombre;Entre 3 y menos de 5 salarios mínimos;1;Estrato 1;MATRICULADOS;;;;;;;;;;;;;;;;;;;;;;1;6;7;20;20;17;19;22;20;31;27;27;24;23;20;17;21;15;13;13;13;12;13;15;13;6;6;7;7;6;5;4;3
Hombre;Entre 3 y menos de 5 salarios mínimos;1;Estrato 2;MATRICULADOS;;;;;;;;;;;;;;;;;;;;;;1;12;13;21;23;30;29;35;38;53;52;51;49;45;49;42;36;25;25;21;27;21;21;23;22;25;17;16;14;12;11;9;6
Hombre;Entre 3 y menos de 5 salarios mínimos;1;Estrato 3;MATRICULADOS;;;;;;;;;;;;;;;;;;;;;;;16;25;30;30;29;33;44;44;52;61;55;53;43;38;47;40;30;30;25;28;23;22;19;18;15;15;15;12;8;8;6;10
Hombre;Entre 3 y menos de 5 salarios mínimos;1;Estrato 4;MATRICULADOS;;;;;;;;;;;;;;;;;;;;;;2;8;6;10;12;12;7;11;12;14;14;16;13;13;12;11;12;14;12;10;8;6;4;4;5;6;6;4;3;5;3;2;2
Hombre;Entre 3 y menos de 5 salarios mínimos;1;Estrato 5;MATRICULADOS;;;;;;;;;;;;;;;;;;;;;;;1;1;1;1;1;2;3;3;2;2;2;2;1;1;1;1;;;;;;;;;;;;;;;;
Hombre;Entre 3 y menos de 5 salarios mínimos;1;Estrato 6;MATRICULADOS;;;;;;;;;;;;;;;;;;;;;;;;;1;1;1;1;1;1;;1;1;;;;;;;;;;;;;;;;;;;;;
Hombre;Entre 3 y menos de 5 salarios mínimos;2;Sin informaci¿n;MATRICULADOS;192;246;415;513;681;741;778;751;781;715;717;678;641;561;485;419;355;325;315;302;259;226;220;197;201;175;176;178;178;170;176;182;150;144;138;144;112;111;107;105;94;82;79;77;81;78;70;70;60;53;42;57;42;44
Hombre;Entre 3 y menos de 5 salarios mínimos;2;Estrato 1;MATRICULADOS;;;;;;;;;;;;;;;;;;;;;;;20;26;51;54;62;65;83;99;136;149;158;162;150;139;138;132;114;99;93;81;68;70;50;46;45;46;37;35;33;35;25;30
Hombre;Entre 3 y menos de 5 salarios mínimos;2;Estrato 2;MATRICULADOS;1;1;1;;1;;;1;1;1;;;1;;;1;1;1;1;1;;16;118;195;331;399;422;438;567;625;790;832;830;804;779;733;682;640;587;532;470;419;358;337;284;290;250;230;195;180;155;166;130;145
Hombre;Entre 3 y menos de 5 salarios mínimos;2;Estrato 3;MATRICULADOS;1;1;1;1;;1;2;2;2;2;2;2;2;2;2;2;2;2;1;1;2;34;240;333;542;601;666;684;920;996;1224;1332;1305;1248;1194;1111;1043;939;850;774;684;569;484;454;375;307;313;276;251;225;181;193;144;156
Hombre;Entre 3 y menos de 5 salarios mínimos;2;Estrato 4;MATRICULADOS;;;;;;;;;;;;;;;;;;;;;;15;67;86;162;174;192;198;252;266;338;347;344;339;308;292;274;241;230;205;169;140;113;103;77;71;73;61;52;45;38;31;27;31
Hombre;Entre 3 y menos de 5 salarios mínimos;2;Estrato 5;MATRICULADOS;;;;;;;;;;;;;;;;;;;;;;;22;28;48;54;56;62;81;93;113;107;95;96;88;73;66;65;56;48;41;37;28;20;19;12;10;8;7;9;8;4;4;5
Hombre;Entre 3 y menos de 5 salarios mínimos;2;Estrato 6;MATRICULADOS;;;;;;;;;;;;;;;;;;;;;;;4;7;7;12;11;14;20;19;25;26;23;19;16;11;9;8;9;7;5;3;4;3;3;2;1;2;1;2;2;1;;
Hombre;Entre 3 y menos de 5 salarios mínimos;3;Sin informaci¿n;MATRICULADOS;610;894;1414;1774;2346;2513;2670;2612;2678;2618;2604;2446;2212;2024;1820;1534;1351;1160;1099;964;954;826;811;765;734;675;672;624;629;652;597;576;548;492;488;475;420;378;386;386;343;364;321;314;276;271;276;293;256;253;201;204;152;189
Hombre;Entre 3 y menos de 5 salarios mínimos;3;Estrato 1;MATRICULADOS;;;;;;;;;;;;;;;1;1;1;1;1;1;2;11;87;120;241;266;300;297;421;485;631;702;667;671;651;641;593;575;511;475;395;365;325;301;253;248;234;234;207;217;168;186;141;155
Hombre;Entre 3 y menos de 5 salarios mínimos;3;Estrato 2;MATRICULADOS;;;;;;1;;;;;;;;;;;;;;1;5;59;541;815;1357;1560;1680;1750;2434;2745;3506;3797;3726;3595;3448;3235;3063;2837;2523;2343;2044;1897;1594;1504;1253;1129;1095;1013;929;857;799;777;578;619
Hombre;Entre 3 y menos de 5 salarios mínimos;3;Estrato 3;MATRICULADOS;;;1;1;1;2;1;2;2;2;1;;;;;;;;;;1;123;940;1320;2205;2418;2635;2677;3639;4039;4997;5289;5224;5021;4753;4509;4098;3842;3449;3177;2769;2456;2051;1886;1502;1353;1270;1149;1007;953;856;828;625;636
Hombre;Entre 3 y menos de 5 salarios mínimos;3;Estrato 4;MATRICULADOS;;;;;;;;;;;;;;;;;;;;;1;24;225;318;510;563;623;624;838;883;1096;1160;1137;1056;987;901;813;742;641;584;517;432;365;322;279;238;205;202;175;154;129;120;91;104
Hombre;Entre 3 y menos de 5 salarios mínimos;3;Estrato 5;MATRICULADOS;;;;;;;;;;;;;;;;;;;;;;14;51;81;123;139;136;146;174;178;218;231;229;214;196;189;167;155;133;114;91;83;65;62;53;44;45;37;31;24;22;22;14;14
Hombre;Entre 3 y menos de 5 salarios mínimos;3;Estrato 6;MATRICULADOS;;;;;;;;;;;;;;;;;;;;;;2;9;16;24;26;30;27;38;43;50;50;51;48;49;45;45;42;33;34;30;24;17;17;12;8;10;9;6;5;4;2;1;1
Hombre;Entre 3 y menos de 5 salarios mínimos;4;Sin informaci¿n;MATRICULADOS;1480;2062;3601;4465;6093;6655;7054;6783;6991;6793;6786;6354;5623;5295;4590;3804;3256;2794;2739;2440;2248;2068;1994;1846;1776;1715;1739;1645;1643;1664;1590;1555;1514;1430;1381;1293;1220;1090;1026;1038;974;982;850;833;715;772;708;710;641;658;571;573;423;492
Hombre;Entre 3 y menos de 5 salarios mínimos;4;Estrato 1;MATRICULADOS;;;;;;;;;;;;;;;;;;;;;3;22;236;350;577;660;709;735;1051;1222;1582;1740;1738;1715;1677;1620;1510;1410;1287;1204;1049;994;855;784;660;608;607;545;474;460;417;407;307;350
Hombre;Entre 3 y menos de 5 salarios mínimos;4;Estrato 2;MATRICULADOS;;;;;;;;;;;;1;;1;2;2;1;2;2;2;7;135;1340;1895;3365;3701;4150;4231;5923;6619;8313;9107;8944;8625;8324;7767;7171;6832;6093;5733;5013;4593;3905;3599;3092;2860;2704;2501;2294;2176;1874;1903;1371;1475
Hombre;Entre 3 y menos de 5 salarios mínimos;4;Estrato 3;MATRICULADOS;1;1;1;1;1;2;1;;1;2;3;3;3;2;3;1;2;2;;;4;221;1814;2559;4185;4682;5091;5203;7124;7884;9900;10523;10285;9854;9433;8761;8118;7589;6752;6116;5316;4739;4078;3615;3048;2661;2566;2381;2057;1915;1671;1616;1205;1231
Hombre;Entre 3 y menos de 5 salarios mínimos;4;Estrato 4;MATRICULADOS;;;;;;;;;;;;;;;;1;;1;1;1;2;58;368;525;897;1031;1111;1119;1506;1617;1947;2045;2010;1921;1797;1649;1518;1386;1228;1092;916;784;661;555;455;374;341;304;268;232;205;184;140;142
Hombre;Entre 3 y menos de 5 salarios mínimos;4;Estrato 5;MATRICULADOS;;;;;;;;;;;;;;;;;;;;;;11;70;107;174;197;211;216;266;300;368;383;353;350;314;285;268;240;214;189;150;119;97;78;64;50;44;38;31;37;21;15;16;17
Hombre;Entre 3 y menos de 5 salarios mínimos;4;Estrato 6;MATRICULADOS;;;;;;;;;;;;;;;;;;;;;;4;18;28;43;51;53;56;61;60;76;77;79;69;65;55;53;44;42;47;38;28;30;26;14;13;8;4;6;8;8;7;4;3
Hombre;Entre 3 y menos de 5 salarios mínimos;5;Sin informaci¿n;MATRICULADOS;1615;2332;3943;4776;6542;7109;7606;7379;7632;7533;7453;6970;6286;5827;5206;4411;3855;3257;3264;2927;2720;2475;2291;2227;2184;2026;2099;1977;1956;1965;1921;1853;1799;1744;1621;1555;1435;1368;1295;1265;1165;1143;1037;1027;883;950;897;892;773;763;715;744;521;617
Hombre;Entre 3 y menos de 5 salarios mínimos;5;Estrato 1;MATRICULADOS;;;;;;;;;;;;;;;;;;;;;;18;229;337;559;668;728;728;1022;1167;1546;1718;1733;1743;1653;1604;1534;1468;1321;1225;1069;999;875;829;686;641;624;621;533;502;438;426;315;360
Hombre;Entre 3 y menos de 5 salarios mínimos;5;Estrato 2;MATRICULADOS;;;;;;;;;;;;;;;;;1;2;1;2;1;95;1059;1542;2716;3038;3303;3381;4593;5131;6396;7024;6902;6708;6413;6099;5597;5276;4711;4456;3907;3638;3136;2888;2492;2345;2292;2136;1920;1824;1565;1654;1243;1327
Hombre;Entre 3 y menos de 5 salarios mínimos;5;Estrato 3;MATRICULADOS;;;;;;1;;;;1;1;1;1;1;2;2;1;1;1;;7;135;1224;1745;2902;3265;3526;3604;4811;5287;6442;6890;6692;6395;6144;5738;5289;4946;4392;4032;3555;3203;2761;2501;2070;1898;1822;1714;1493;1415;1220;1124;863;892
Hombre;Entre 3 y menos de 5 salarios mínimos;5;Estrato 4;MATRICULADOS;;;;;;;;;;;;;;;;;;;;;1;26;206;295;538;601;648;647;854;898;1080;1134;1131;1065;1022;920;870;790;694;638;563;481;387;332;280;238;206;193;167;146;137;139;114;93
Hombre;Entre 3 y menos de 5 salarios mínimos;5;Estrato 5;MATRICULADOS;;;;;;;;;;;;;;;;;;;;;;10;54;79;137;155;163;166;196;227;245;265;265;241;224;192;175;149;132;115;95;77;71;65;51;44;39;35;30;24;23;24;16;15
Hombre;Entre 3 y menos de 5 salarios mínimos;5;Estrato 6;MATRICULADOS;;;;;;;;;;;;;;;;;;;;;;1;8;10;17;23;24;24;32;40;46;53;47;42;42;38;40;41;32;32;26;22;16;17;13;10;11;7;10;5;6;8;6;7
Hombre;Entre 3 y menos de 5 salarios mínimos;6;Sin informaci¿n;MATRICULADOS;826;1192;1977;2387;3223;3600;3792;3653;3791;3751;3645;3428;3112;2910;2572;2223;1997;1722;1767;1546;1474;1337;1308;1292;1279;1177;1242;1191;1167;1170;1100;1105;1027;1003;933;882;862;795;776;727;690;691;627;633;561;590;558;555;493;503;433;447;320;373
Hombre;Entre 3 y menos de 5 salarios mínimos;6;Estrato 1;MATRICULADOS;;;;;;;;;;;;;;;;;;;;;;8;122;190;326;352;413;406;537;593;739;859;867;868;839;817;747;710;627;589;522;467;409;401;330;324;318;311;284;279;236;283;216;230
Hombre;Entre 3 y menos de 5 salarios mínimos;6;Estrato 2;MATRICULADOS;;;;;;;;;;;1;1;1;1;1;;;;;;;49;492;710;1194;1326;1413;1461;1967;2205;2760;3002;3002;2879;2805;2633;2466;2301;2064;1997;1729;1606;1368;1279;1116;1021;1000;943;857;838;720;762;565;597
Hombre;Entre 3 y menos de 5 salarios mínimos;6;Estrato 3;MATRICULADOS;1;1;;;;;;;;;;;;;;;;;;;2;45;475;699;1166;1332;1401;1430;1894;1997;2395;2580;2519;2387;2307;2137;1980;1817;1634;1544;1350;1252;1044;946;833;747;713;658;596;566;488;494;363;371
Hombre;Entre 3 y menos de 5 salarios mínimos;6;Estrato 4;MATRICULADOS;;;;;;;;;;;;;;;;;;;;;;10;78;129;225;269;278;266;340;375;424;440;425;396;390;354;320;294;251;224;194;172;137;107;94;84;77;64;66;60;47;48;31;34
Hombre;Entre 3 y menos de 5 salarios mínimos;6;Estrato 5;MATRICULADOS;;;;;;;;;;;;;;;;;;;;;;4;20;26;41;44;47;52;63;70;79;82;75;76;68;60;56;51;49;49;43;36;29;22;15;16;12;11;9;10;8;11;7;6
Hombre;Entre 3 y menos de 5 salarios mínimos;6;Estrato 6;MATRICULADOS;;;;;;;;;;;;;;;;;;;;;;1;5;9;12;20;22;21;22;22;25;25;22;21;19;15;13;14;10;9;8;7;6;5;5;5;4;1;1;1;1;1;;
Hombre;Entre 3 y menos de 5 salarios mínimos;7;Sin informaci¿n;MATRICULADOS;368;514;804;924;1298;1437;1563;1511;1566;1539;1526;1447;1301;1235;1142;988;905;804;796;746;695;655;602;552;577;540;561;560;517;511;495;469;478;471;474;445;411;381;364;386;350;355;323;335;281;280;264;261;252;272;240;249;192;228
Hombre;Entre 3 y menos de 5 salarios mínimos;7;Estrato 1;MATRICULADOS;;;;;;;;;;;;;;;;;;;1;1;2;2;60;88;131;163;203;194;284;314;345;399;392;396;387;367;331;330;293;290;267;232;216;202;180;146;173;168;143;135;122;116;85;97
Hombre;Entre 3 y menos de 5 salarios mínimos;7;Estrato 2;MATRICULADOS;;;;;;;;;;;;;;;;;;;1;;1;15;217;300;507;570;620;636;848;955;1196;1347;1310;1277;1193;1128;1009;989;870;827;695;666;541;519;454;435;437;447;398;384;352;356;286;285
Hombre;Entre 3 y menos de 5 salarios mínimos;7;Estrato 3;MATRICULADOS;;;;;;;;;;;;;;;;;;;;;;18;157;260;408;478;505;518;661;723;889;967;950;930;891;845;784;756;682;606;532;486;421;407;345;321;297;268;248;238;211;215;149;163
Hombre;Entre 3 y menos de 5 salarios mínimos;7;Estrato 4;MATRICULADOS;;;;;;;;;;;;;;;;;;;;;;;27;46;82;92;90;89;121;121;147;152;142;131;128;123;103;97;90;82;69;58;46;49;39;37;34;33;26;20;18;15;15;15
Hombre;Entre 3 y menos de 5 salarios mínimos;7;Estrato 5;MATRICULADOS;;;;;;;;;;;;;;;;;;;;;;;1;6;5;7;9;9;17;22;25;29;26;26;26;22;21;23;20;16;15;13;11;7;10;8;8;5;6;4;4;5;5;4
Hombre;Entre 3 y menos de 5 salarios mínimos;7;Estrato 6;MATRICULADOS;;;;;;;;;;;;;;;;;;;;;;;;2;3;4;4;4;5;6;6;7;8;5;6;7;4;5;5;4;5;6;4;3;1;;;;;;;1;1;1
Hombre;Entre 3 y menos de 5 salarios mínimos;8;Sin informaci¿n;MATRICULADOS;155;225;361;464;599;648;686;667;699;712;687;640;587;561;506;410;393;353;357;325;338;324;283;283;273;262;284;290;286;292;286;276;268;280;266;251;229;230;223;227;205;215;191;171;145;141;139;144;123;133;109;108;75;95
Hombre;Entre 3 y menos de 5 salarios mínimos;8;Estrato 1;MATRICULADOS;;;;;;;;;;;;;;;;;;;;;;3;41;51;85;95;117;113;137;158;207;234;224;223;203;190;178;176;163;155;123;105;101;103;93;95;84;90;82;77;70;72;56;61
Hombre;Entre 3 y menos de 5 salarios mínimos;8;Estrato 2;MATRICULADOS;;;;;;;;;;;;;;;;;;;;;;8;101;152;256;285;319;321;396;487;573;650;615;593;575;545;497;479;437;417;380;358;321;294;245;225;242;224;204;207;178;176;132;134
Hombre;Entre 3 y menos de 5 salarios mínimos;8;Estrato 3;MATRICULADOS;;;;;;;1;;;;;;;;;;;;;;1;6;75;123;197;212;247;265;343;395;475;520;512;508;493;468;437;402;374;338;285;280;239;224;209;190;180;153;138;120;104;114;92;88
Hombre;Entre 3 y menos de 5 salarios mínimos;8;Estrato 4;MATRICULADOS;;;;;;;;;;;;;;;;;;;;;;1;16;25;39;40;38;37;47;56;65;72;67;65;69;65;55;45;45;42;37;32;28;30;21;22;16;15;12;9;8;11;10;6
Hombre;Entre 3 y menos de 5 salarios mínimos;8;Estrato 5;MATRICULADOS;;;;;;;;;;;;;;;;;;;;;;;2;2;2;4;5;5;9;10;10;10;8;9;8;9;11;9;7;7;6;4;3;3;2;2;1;1;1;1;1;1;;
Hombre;Entre 3 y menos de 5 salarios mínimos;8;Estrato 6;MATRICULADOS;;;;;;;;;;;;;;;;;;;;;;;1;1;1;1;2;;1;1;;;1;;;1;1;1;1;1;1;;;;;;;1;1;;1;;;
Hombre;Entre 3 y menos de 5 salarios mínimos;9;Sin informaci¿n;MATRICULADOS;85;117;190;245;298;329;361;338;347;330;328;316;295;282;253;219;207;182;187;183;175;161;167;177;190;165;171;184;199;225;197;184;184;172;166;160;148;132;118;119;94;98;83;84;67;77;75;73;71;69;54;64;46;61
Hombre;Entre 3 y menos de 5 salarios mínimos;9;Estrato 1;MATRICULADOS;;;;;;;;;;;;;;;;;;;;;;2;18;26;46;53;58;56;71;68;80;98;95;101;99;97;80;77;73;77;68;65;61;58;44;45;48;49;42;43;36;39;34;37
Hombre;Entre 3 y menos de 5 salarios mínimos;9;Estrato 2;MATRICULADOS;;;;;;;;;;;;;;;;;;;;;;5;46;73;120;134;155;158;222;243;286;317;320;315;295;273;247;224;202;203;176;179;158;147;134;123;124;121;101;96;90;84;63;71
Hombre;Entre 3 y menos de 5 salarios mínimos;9;Estrato 3;MATRICULADOS;;;;;;;;;;;;;;;;;;;;;;6;39;48;76;89;97;97;133;150;194;216;216;208;200;189;184;164;149;134;114;110;111;102;82;78;62;58;49;48;41;42;33;34
Hombre;Entre 3 y menos de 5 salarios mínimos;9;Estrato 4;MATRICULADOS;;;;;;;;;;;;;;;;;;;;;;3;6;8;10;11;14;17;18;22;30;32;30;32;28;22;23;24;19;19;15;13;13;11;7;8;10;4;3;4;3;4;1;2
Hombre;Entre 3 y menos de 5 salarios mínimos;9;Estrato 5;MATRICULADOS;;;;;;;;;;;;;;;;;;;;;;;1;2;4;4;4;3;3;6;4;5;5;6;5;3;4;2;2;2;1;;;;;;;;;;;;;
Hombre;Entre 3 y menos de 5 salarios mínimos;9;Estrato 6;MATRICULADOS;;;;;;;;;;;;;;;;;;;;;;;;;2;3;2;2;2;2;2;2;2;2;1;1;1;1;1;1;1;1;1;1;;;;;;;;;;
Hombre;Entre 3 y menos de 5 salarios mínimos;10;Sin informaci¿n;MATRICULADOS;;;;;;;;;;;;;;;;;;;;;;;;1;1;1;1;1;;;;;;;;;1;1;1;1;1;1;1;1;1;1;;;;;;;;
Hombre;Entre 3 y menos de 5 salarios mínimos;10;Estrato 1;MATRICULADOS;;;;;;;;;;;;;;;;;;;;;;1;8;12;23;24;28;28;44;41;59;65;59;69;67;63;64;65;51;44;36;40;36;33;35;29;34;24;24;22;21;31;18;15
Hombre;Entre 3 y menos de 5 salarios mínimos;10;Estrato 2;MATRICULADOS;;;;;;;;;;;;;;;;;;;;;;;32;42;81;71;103;107;129;139;187;192;201;187;182;166;162;156;150;138;128;119;110;100;80;84;73;83;73;84;64;71;50;51
Hombre;Entre 3 y menos de 5 salarios mínimos;10;Estrato 3;MATRICULADOS;;;;;;;;;;;;;;;;;;;;;;4;17;23;53;62;69;73;86;102;127;147;134;131;131;126;111;113;97;88;80;70;63;58;58;53;39;36;32;30;28;33;24;22
Hombre;Entre 3 y menos de 5 salarios mínimos;10;Estrato 4;MATRICULADOS;;;;;;;;;;;;;;;;;;;;;;;6;9;9;11;12;11;16;14;17;17;11;9;13;12;8;8;12;10;9;9;7;7;7;7;9;8;11;9;8;8;7;6
Hombre;Entre 3 y menos de 5 salarios mínimos;10;Estrato 5;MATRICULADOS;;;;;;;;;;;;;;;;;;;;;;;;1;3;1;2;2;2;2;2;3;2;2;1;1;1;1;1;1;1;;;;;;;;;;;;;
Hombre;Entre 3 y menos de 5 salarios mínimos;10;Estrato 6;MATRICULADOS;;;;;;;;;;;;;;;;;;;;;;;1;1;1;1;1;1;2;3;3;2;2;2;2;2;2;2;2;1;2;2;1;1;2;2;1;1;;;1;;;
Hombre;Entre 3 y menos de 5 salarios mínimos;11;Estrato 1;MATRICULADOS;;;;;;;;;;;;;;;;;;;;;;;6;8;7;10;13;12;20;21;28;37;31;29;36;31;24;25;26;27;20;18;17;17;7;10;11;12;12;8;7;10;4;11
Hombre;Entre 3 y menos de 5 salarios mínimos;11;Estrato 2;MATRICULADOS;;;;;;;;;;;;;;;;;;;;;;1;15;20;35;34;38;46;65;68;82;90;96;93;87;84;80;85;76;78;67;72;58;56;46;43;40;38;37;33;27;38;27;27
Hombre;Entre 3 y menos de 5 salarios mínimos;11;Estrato 3;MATRICULADOS;;;;;;;;;;;;;;;;;;;;;;3;14;19;26;32;42;41;54;56;69;71;76;72;69;66;64;54;47;43;36;31;32;32;26;26;23;25;18;22;17;13;9;11
Hombre;Entre 3 y menos de 5 salarios mínimos;11;Estrato 4;MATRICULADOS;;;;;;;;;;;;;;;;;;;;;;;1;1;2;2;2;2;1;2;8;9;10;10;8;7;5;5;5;5;5;5;3;2;3;4;4;3;3;3;4;2;3;3
Hombre;Entre 3 y menos de 5 salarios mínimos;11;Estrato 5;MATRICULADOS;;;;;;;;;;;;;;;;;;;;;;;;;;;;;;;1;1;1;1;1;1;1;1;1;1;;;;;;;;;;;;;;
Hombre;Entre 3 y menos de 5 salarios mínimos;12;Sin informaci¿n;MATRICULADOS;;;;;;;;;;;;;;;;;;;;;;;;;1;1;1;1;1;;;;;;;1;1;1;1;1;1;1;;;;;;;;;;;;
Hombre;Entre 3 y menos de 5 salarios mínimos;12;Estrato 1;MATRICULADOS;;;;;;;;;;;;;;;;;;;;;;;9;13;18;19;24;22;26;40;52;62;63;71;70;66;56;45;43;35;40;39;38;34;25;29;25;28;25;29;28;26;22;22
Hombre;Entre 3 y menos de 5 salarios mínimos;12;Estrato 2;MATRICULADOS;;;;;;;;;;;;;;;;;;;;;;3;28;46;65;76;79;93;125;134;181;202;206;205;197;198;183;181;171;169;148;142;103;94;94;78;83;87;85;79;75;87;52;64
Hombre;Entre 3 y menos de 5 salarios mínimos;12;Estrato 3;MATRICULADOS;;;;;;;;;;;;;;;;;;;;;;2;28;37;50;58;69;69;98;110;147;164;146;143;137;145;138;127;105;107;95;97;77;87;66;58;53;51;53;47;32;34;29;33
Hombre;Entre 3 y menos de 5 salarios mínimos;12;Estrato 4;MATRICULADOS;;;;;;;;;;;;;;;;;;;;;;;3;3;3;3;4;4;6;5;6;5;5;6;6;6;5;5;6;7;5;5;6;5;6;5;3;3;1;1;2;;;
Hombre;Entre 3 y menos de 5 salarios mínimos;12;Estrato 5;MATRICULADOS;;;;;;;;;;;;;;;;;;;;;;1;2;1;2;3;3;3;3;3;2;4;5;4;3;3;3;3;3;2;3;2;3;3;2;2;3;3;3;;1;1;1;1
Hombre;Entre 3 y menos de 5 salarios mínimos;12;Estrato 6;MATRICULADOS;;;;;;;;;;;;;;;;;;;;;;;1;;;;;;;;1;1;;;1;1;1;1;2;2;1;1;1;1;1;1;2;2;;1;1;1;1;1
Hombre;Entre 5 y menos de 7 salarios mínimos;Sin informaci¿n;Sin informaci¿n;MATRICULADOS;53;75;119;133;178;201;219;218;228;212;213;198;197;193;184;167;143;123;126;128;125;111;111;99;109;95;87;76;72;82;83;75;66;65;64;63;57;57;50;45;42;38;37;38;29;29;27;30;28;26;27;28;20;20
Hombre;Entre 5 y menos de 7 salarios mínimos;Sin informaci¿n;Estrato 1;MATRICULADOS;1;;1;1;4;11;43;60;110;128;179;213;254;276;272;260;245;239;237;222;210;195;176;173;145;133;107;113;103;103;83;82;83;78;71;64;63;59;61;62;53;56;49;50;52;56;56;52;49;45;35;33;27;33
Hombre;Entre 5 y menos de 7 salarios mínimos;Sin informaci¿n;Estrato 2;MATRICULADOS;10;9;9;10;21;139;493;664;1155;1385;1812;2074;2462;2490;2529;2392;2305;2208;2191;2050;1829;1673;1449;1250;1088;972;853;764;724;699;664;609;574;533;480;465;436;413;359;356;332;324;276;277;237;258;259;250;225;220;189;174;125;148
Hombre;Entre 5 y menos de 7 salarios mínimos;Sin informaci¿n;Estrato 3;MATRICULADOS;6;4;7;10;23;488;2378;2994;5029;5866;8079;8853;10913;11438;11510;11180;10823;10271;10012;9217;8291;7375;6365;5499;4699;3966;3454;2980;2586;2325;2069;1909;1705;1499;1405;1271;1153;1080;977;926;851;797;747;742;650;660;666;636;549;542;502;526;367;413
Hombre;Entre 5 y menos de 7 salarios mínimos;Sin informaci¿n;Estrato 4;MATRICULADOS;;;;;2;17;105;144;462;547;717;743;909;944;938;899;876;831;807;743;637;549;450;359;302;254;229;201;182;168;145;133;108;101;97;96;90;86;77;69;72;60;48;44;44;42;42;44;37;37;30;29;24;28
Hombre;Entre 5 y menos de 7 salarios mínimos;Sin informaci¿n;Estrato 5;MATRICULADOS;;;;;1;8;27;42;64;90;129;138;179;195;201;185;195;181;190;174;154;124;115;100;74;56;50;47;39;27;18;26;18;16;17;18;18;18;16;14;14;12;9;10;9;10;9;9;7;5;4;5;2;4
Hombre;Entre 5 y menos de 7 salarios mínimos;Sin informaci¿n;Estrato 6;MATRICULADOS;;;;;;3;4;8;23;31;52;63;73;90;93;91;83;85;86;90;83;70;68;55;45;34;21;14;14;12;13;6;7;11;7;10;7;6;7;4;3;2;2;2;;;;1;;;;;;
Hombre;Entre 5 y menos de 7 salarios mínimos;1;Sin informaci¿n;MATRICULADOS;4;6;12;9;16;14;17;21;19;22;22;17;19;14;13;8;12;9;9;11;12;12;11;8;10;10;10;4;5;4;5;5;6;6;4;6;7;5;6;6;3;1;2;2;2;2;2;3;2;4;4;2;2;3
Hombre;Entre 5 y menos de 7 salarios mínimos;1;Estrato 1;MATRICULADOS;;;;;;;;;;;;;;;;;;;;;;;1;1;2;3;4;3;4;5;6;4;4;4;4;7;4;5;5;3;2;2;2;1;1;1;;1;1;1;1;1;1;2
Hombre;Entre 5 y menos de 7 salarios mínimos;1;Estrato 2;MATRICULADOS;;;;;;;;;;;;;;;;;;;;;;1;5;9;6;11;13;13;14;14;15;14;13;12;10;9;8;6;3;5;5;3;4;5;7;5;4;4;3;4;4;4;3;2
Hombre;Entre 5 y menos de 7 salarios mínimos;1;Estrato 3;MATRICULADOS;;;;;;;;;;;;;;;;;;;;;;5;10;11;12;15;17;19;24;21;28;28;33;34;28;26;25;25;20;18;12;12;15;11;9;9;7;6;7;5;4;2;1;1
Hombre;Entre 5 y menos de 7 salarios mínimos;1;Estrato 4;MATRICULADOS;;;;;;;;;;;;;;;;;;;;;;;5;7;8;9;10;6;9;10;12;14;12;13;9;10;6;7;6;7;4;4;4;3;2;;1;;;;;;;
Hombre;Entre 5 y menos de 7 salarios mínimos;1;Estrato 5;MATRICULADOS;;;;;;;;;;;;;;;;;;;;;;1;2;1;1;1;1;1;1;1;4;3;2;3;3;3;2;1;1;1;2;1;;;;;;;;;;;;
Hombre;Entre 5 y menos de 7 salarios mínimos;1;Estrato 6;MATRICULADOS;;;;;;;;;;;;;;;;;;;;;;;;;;2;1;2;3;2;2;3;3;1;4;1;1;1;2;1;1;1;1;1;1;1;;;;;;;;1
Hombre;Entre 5 y menos de 7 salarios mínimos;2;Sin informaci¿n;MATRICULADOS;116;156;233;274;355;363;379;356;363;362;347;319;289;272;215;186;161;127;123;112;98;90;80;81;83;68;74;73;69;56;56;61;56;58;51;43;46;44;42;38;34;37;38;34;33;31;29;26;23;22;16;19;12;18
Hombre;Entre 5 y menos de 7 salarios mínimos;2;Estrato 1;MATRICULADOS;;;;;;;;;;;;;;;;;;;;;;3;8;9;12;15;15;14;17;26;45;52;47;44;46;45;45;47;40;36;29;26;22;18;12;11;11;14;15;12;14;14;10;12
Hombre;Entre 5 y menos de 7 salarios mínimos;2;Estrato 2;MATRICULADOS;1;1;;;;;;;;;;;;;;;;;;;;4;48;71;117;131;137;138;187;201;275;295;296;285;278;255;246;229;196;181;173;154;131;119;80;77;67;64;53;47;48;43;33;33
Hombre;Entre 5 y menos de 7 salarios mínimos;2;Estrato 3;MATRICULADOS;;;;;1;1;1;1;1;1;1;1;1;1;1;1;1;1;1;1;1;24;175;234;400;430;441;468;614;651;829;844;821;790;724;700;646;587;523;473;406;358;301;262;204;200;190;166;138;119;111;106;80;82
Hombre;Entre 5 y menos de 7 salarios mínimos;2;Estrato 4;MATRICULADOS;1;;;;;;;;;;;;;;;;;;;;;16;105;139;240;259;282;278;364;383;489;498;499;471;434;416;370;325;287;240;206;168;140;127;104;88;78;62;47;42;42;39;35;36
Hombre;Entre 5 y menos de 7 salarios mínimos;2;Estrato 5;MATRICULADOS;;;;;;;;;;;;;;;;;;;;;;12;37;47;69;78;85;94;109;117;118;119;111;104;88;84;76;68;58;51;48;36;29;25;17;13;12;9;8;5;4;5;3;4
Hombre;Entre 5 y menos de 7 salarios mínimos;2;Estrato 6;MATRICULADOS;;;;;;;;;;;;;;;;;;;;;;3;9;21;29;28;32;28;37;40;42;37;38;39;29;30;24;20;18;15;12;15;8;11;6;3;3;2;2;3;2;1;1;3
Hombre;Entre 5 y menos de 7 salarios mínimos;3;Sin informaci¿n;MATRICULADOS;406;555;901;1056;1409;1470;1542;1473;1479;1460;1439;1312;1202;1086;957;805;680;563;516;425;389;341;329;309;282;256;272;254;246;235;251;247;232;245;230;199;194;178;171;167;141;159;135;136;112;116;96;106;87;88;82;81;60;66
Hombre;Entre 5 y menos de 7 salarios mínimos;3;Estrato 1;MATRICULADOS;;;;;;;;;;;;;;;;;;;;;;3;21;34;69;74;84;79;116;130;172;198;205;200;180;181;158;162;140;142;117;102;86;80;67;48;50;47;45;45;37;33;33;35
Hombre;Entre 5 y menos de 7 salarios mínimos;3;Estrato 2;MATRICULADOS;;;1;;;;;;;;;1;1;1;1;1;1;2;1;1;1;14;175;272;497;557;597;617;827;869;1170;1242;1207;1176;1115;1070;1018;947;850;786;677;601;480;452;400;354;327;308;243;223;219;215;155;174
Hombre;Entre 5 y menos de 7 salarios mínimos;3;Estrato 3;MATRICULADOS;;;;1;1;1;1;1;1;1;1;1;;;;;;1;;;2;90;674;902;1549;1708;1815;1852;2527;2709;3342;3526;3425;3301;3135;2871;2635;2412;2184;1945;1623;1400;1160;1022;829;732;650;592;527;481;413;391;274;283
Hombre;Entre 5 y menos de 7 salarios mínimos;3;Estrato 4;MATRICULADOS;;;;1;1;1;1;1;2;;;;;;;;;;;;;59;346;443;720;824;860;888;1161;1263;1570;1588;1538;1482;1358;1248;1134;1029;916;816;696;560;473;410;330;270;246;207;186;179;155;148;106;112
Hombre;Entre 5 y menos de 7 salarios mínimos;3;Estrato 5;MATRICULADOS;;;;;;;;;;;;;;;;;;;;;;28;116;162;229;252;259;283;355;380;475;471;462;431;393;349;327;291;252;230;191;147;121;105;92;75;53;50;36;38;33;29;24;20
Hombre;Entre 5 y menos de 7 salarios mínimos;3;Estrato 6;MATRICULADOS;;;;;;;;;;;;;;;;1;;;;;;7;32;47;71;81;83;93;108;118;140;143;137;127;121;115;102;95;74;55;43;38;23;20;16;13;11;14;8;7;7;7;5;3
Hombre;Entre 5 y menos de 7 salarios mínimos;4;Sin informaci¿n;MATRICULADOS;1128;1465;2284;2714;3668;3871;4088;3973;4082;3978;3933;3718;3288;2964;2616;2135;1795;1476;1414;1228;1030;910;890;829;772;736;749;720;717;678;677;622;585;558;532;491;460;450;423;402;352;347;314;309;272;276;282;269;239;231;196;192;144;181
Hombre;Entre 5 y menos de 7 salarios mínimos;4;Estrato 1;MATRICULADOS;;;;;;;;;;;;;;;;;;;;;1;6;65;84;142;163;177;167;246;280;378;418;417;406;393;392;361;333;300;283;250;233;202;184;158;146;140;117;101;107;83;85;58;57
Hombre;Entre 5 y menos de 7 salarios mínimos;4;Estrato 2;MATRICULADOS;;;;;;;;;;;;;;;;;;1;1;2;2;43;547;753;1301;1432;1543;1536;2089;2342;3020;3222;3187;3107;2933;2764;2566;2373;2131;1952;1661;1412;1208;1056;933;838;760;690;597;552;473;453;368;362
Hombre;Entre 5 y menos de 7 salarios mínimos;4;Estrato 3;MATRICULADOS;;;;;;;;1;1;1;1;2;2;1;;;1;3;2;1;2;154;1488;2050;3553;3830;4023;4072;5427;5871;7250;7626;7447;7053;6600;6158;5741;5263;4557;4054;3380;2938;2387;2140;1771;1570;1473;1338;1147;1039;885;814;585;620
Hombre;Entre 5 y menos de 7 salarios mínimos;4;Estrato 4;MATRICULADOS;;;;;;;;;2;1;1;;;;;;;;;;1;88;571;789;1465;1613;1701;1729;2351;2544;3065;3169;3102;2911;2651;2443;2277;2065;1801;1588;1327;1091;895;744;589;479;433;366;291;260;231;215;167;161
Hombre;Entre 5 y menos de 7 salarios mínimos;4;Estrato 5;MATRICULADOS;;;;;;;;;;;;;;;;;;;;;;58;185;257;420;502;536;559;678;725;883;896;847;801;727;664;626;543;493;419;350;287;222;191;154;114;100;81;65;51;41;37;31;30
Hombre;Entre 5 y menos de 7 salarios mínimos;4;Estrato 6;MATRICULADOS;;;;;;;;;;;;;;;;;;;;;1;12;52;81;122;140;142;152;189;212;219;222;225;207;178;165;144;125;106;81;64;55;42;33;28;22;16;13;9;13;8;8;6;5
Hombre;Entre 5 y menos de 7 salarios mínimos;5;Sin informaci¿n;MATRICULADOS;1107;1509;2467;2905;4494;5402;5366;4740;4810;4686;4584;4288;3882;3543;3065;2497;2106;1743;2993;2660;2417;2173;2080;1989;1840;1721;1746;1650;1568;1425;1309;1139;985;906;852;802;766;731;642;579;504;506;432;413;337;380;362;346;311;323;308;335;236;287
Hombre;Entre 5 y menos de 7 salarios mínimos;5;Estrato 1;MATRICULADOS;1;1;1;1;1;1;1;1;1;1;1;1;1;1;1;1;1;1;1;1;1;7;66;105;192;202;221;220;275;296;381;424;421;400;407;387;375;359;321;284;232;203;182;163;146;138;145;134;126;119;93;100;75;75
Hombre;Entre 5 y menos de 7 salarios mínimos;5;Estrato 2;MATRICULADOS;;;1;1;1;1;1;1;1;1;1;2;2;2;1;1;;;;;;41;470;651;1065;1189;1281;1270;1718;1871;2380;2548;2502;2386;2253;2139;1984;1873;1650;1516;1279;1176;978;884;739;679;639;598;506;496;424;416;315;340
Hombre;Entre 5 y menos de 7 salarios mínimos;5;Estrato 3;MATRICULADOS;;;;1;2;2;3;3;2;2;2;3;3;3;3;3;2;4;2;3;4;89;963;1324;2273;2515;2689;2713;3486;3700;4512;4770;4622;4366;4190;3872;3532;3241;2838;2546;2176;1872;1581;1404;1163;1013;967;913;754;707;643;580;424;431
Hombre;Entre 5 y menos de 7 salarios mínimos;5;Estrato 4;MATRICULADOS;;;;;;;;;;;;;;;;;;;;;;40;375;528;875;1003;1042;1066;1330;1476;1715;1781;1678;1598;1492;1351;1261;1147;1013;902;736;620;520;440;350;308;288;253;207;179;145;133;97;95
Hombre;Entre 5 y menos de 7 salarios mínimos;5;Estrato 5;MATRICULADOS;;;;;;;;;;;;;;;;;;;;;;36;152;205;319;364;392;400;493;516;590;600;571;539;485;441;406;366;313;264;223;174;157;118;104;80;75;65;54;47;42;37;25;23
Hombre;Entre 5 y menos de 7 salarios mínimos;5;Estrato 6;MATRICULADOS;;;;;;;;;;;;;;;;;;;;;;12;33;45;72;87;81;86;102;113;125;128;119;106;91;84;70;64;53;40;36;33;20;18;17;14;8;6;8;6;3;4;4;6
Hombre;Entre 5 y menos de 7 salarios mínimos;6;Sin informaci¿n;MATRICULADOS;550;735;1287;1755;3973;3782;3791;3019;3057;2935;2873;2694;2514;2193;1787;1411;1160;953;942;778;707;631;597;560;524;495;479;445;429;421;437;410;373;366;340;339;312;292;262;253;241;257;218;200;183;192;179;180;156;163;148;148;108;122
Hombre;Entre 5 y menos de 7 salarios mínimos;6;Estrato 1;MATRICULADOS;;;;;;;;;;;;;;;1;1;1;1;;;;;40;41;88;110;129;125;163;183;217;257;249;240;243;220;196;178;161;149;114;111;96;94;85;85;76;69;61;52;57;57;48;40
Hombre;Entre 5 y menos de 7 salarios mínimos;6;Estrato 2;MATRICULADOS;;;;;;;;;;;1;1;1;1;1;1;1;1;1;1;1;18;200;293;470;513;562;572;699;761;938;1047;1031;1012;962;888;826;781;714;694;599;555;491;442;371;336;316;290;264;258;225;219;157;177
Hombre;Entre 5 y menos de 7 salarios mínimos;6;Estrato 3;MATRICULADOS;;;;;;;;;;;;;;;;;;;;;2;34;346;489;772;875;933;961;1244;1327;1661;1733;1704;1619;1519;1438;1306;1220;1081;980;855;741;614;529;450;385;374;327;302;277;236;229;169;174
Hombre;Entre 5 y menos de 7 salarios mínimos;6;Estrato 4;MATRICULADOS;;;;;;1;;;;;;;;;;;;;;1;;15;147;186;305;349;363;365;465;493;546;568;554;508;476;433;394;332;281;258;216;179;158;138;125;103;94;74;67;60;58;57;47;41
Hombre;Entre 5 y menos de 7 salarios mínimos;6;Estrato 5;MATRICULADOS;;;;;;;;;;;;;;;;;;;;;;11;43;51;85;97;108;109;127;125;148;153;146;142;131;119;113;104;90;84;61;57;48;43;29;32;27;15;13;13;10;6;8;5
Hombre;Entre 5 y menos de 7 salarios mínimos;6;Estrato 6;MATRICULADOS;;;;;;;;;;;;;;;;;;;;;;5;18;23;33;34;36;39;39;45;45;50;46;47;41;40;30;29;20;20;21;13;14;10;11;7;5;2;2;1;;1;1;
Hombre;Entre 5 y menos de 7 salarios mínimos;7;Sin informaci¿n;MATRICULADOS;207;280;465;524;705;768;830;780;835;802;810;746;690;636;563;469;407;352;369;339;312;263;260;250;248;239;257;235;222;208;195;196;169;154;157;153;139;139;145;142;136;126;115;115;106;106;103;106;95;96;78;80;58;65
Hombre;Entre 5 y menos de 7 salarios mínimos;7;Estrato 1;MATRICULADOS;;;;;;;;;;;;;;;;;;1;;;;;16;22;41;47;61;55;72;87;100;108;114;116;110;108;107;103;91;86;66;69;58;47;54;51;51;41;38;35;36;40;33;35
Hombre;Entre 5 y menos de 7 salarios mínimos;7;Estrato 2;MATRICULADOS;;;;;;;;;;;;;;;;;;;;;1;8;78;116;197;212;226;218;302;319;400;438;449;427;439;393;378;343;295;265;223;200;177;179;164;132;116;114;105;102;84;86;59;67
Hombre;Entre 5 y menos de 7 salarios mínimos;7;Estrato 3;MATRICULADOS;;;;;;;;;;;;;;;;;;;;;;12;125;182;298;329;378;365;492;530;607;629;631;588;552;511;485;443;402;352;300;277;214;197;175;155;150;140;104;118;106;108;82;78
Hombre;Entre 5 y menos de 7 salarios mínimos;7;Estrato 4;MATRICULADOS;;;;;;;;;;;;;;;;;;;;;;5;36;55;89;93;112;115;143;155;173;188;180;170;139;140;122;119;103;94;81;73;65;53;51;44;32;29;21;20;17;18;15;15
Hombre;Entre 5 y menos de 7 salarios mínimos;7;Estrato 5;MATRICULADOS;;;;;;;;;;;;;;;;;;;;;;3;12;17;29;28;34;34;41;43;45;51;43;44;37;34;30;28;24;23;15;16;10;4;5;5;8;4;5;6;7;7;5;5
Hombre;Entre 5 y menos de 7 salarios mínimos;7;Estrato 6;MATRICULADOS;;;;;;;;;;;;;;;;;;;;;;2;4;5;12;10;11;17;23;26;26;26;24;20;14;14;13;9;6;5;6;6;5;3;3;2;1;1;;;;;;1
Hombre;Entre 5 y menos de 7 salarios mínimos;8;Sin informaci¿n;MATRICULADOS;80;108;182;204;268;300;312;281;302;312;288;271;251;244;215;188;181;165;150;144;128;112;106;98;120;106;112;115;109;110;112;103;98;100;103;95;85;79;61;58;62;70;58;55;45;48;51;49;49;49;41;43;30;37
Hombre;Entre 5 y menos de 7 salarios mínimos;8;Estrato 1;MATRICULADOS;;;;;;;;;;;;;;;;;;;;;;;9;21;25;27;30;34;37;49;55;68;63;64;72;60;49;51;40;35;31;30;27;26;24;20;17;19;16;19;13;17;16;13
Hombre;Entre 5 y menos de 7 salarios mínimos;8;Estrato 2;MATRICULADOS;;;;;;;;;;;;;;;;;;;;1;1;3;31;50;82;94;102;107;147;159;208;208;208;203;209;196;178;162;138;131;122;115;101;89;72;67;61;60;49;51;50;56;38;44
Hombre;Entre 5 y menos de 7 salarios mínimos;8;Estrato 3;MATRICULADOS;;;;;;;;;;;;;;;;;;;;;;6;53;80;132;152;176;176;231;256;308;322;315;291;283;264;236;219;187;164;151;135;113;95;76;65;68;65;57;58;50;47;32;37
Hombre;Entre 5 y menos de 7 salarios mínimos;8;Estrato 4;MATRICULADOS;;;;;;;;;;;;;;;;;;;;;;2;13;21;33;32;32;30;49;50;59;60;61;62;56;53;47;41;39;35;26;22;17;18;13;10;8;6;5;7;6;7;5;6
Hombre;Entre 5 y menos de 7 salarios mínimos;8;Estrato 5;MATRICULADOS;;;;;;;;;;;;;;;;;;;;;;;9;12;15;15;16;12;19;19;22;20;25;19;17;16;16;14;15;14;8;5;4;3;5;5;2;1;2;1;1;1;2;1
Hombre;Entre 5 y menos de 7 salarios mínimos;8;Estrato 6;MATRICULADOS;;;;;;;;;;;;;;;;;;;;;;1;3;6;8;12;10;11;10;11;10;10;9;8;7;6;4;6;3;2;2;2;1;2;3;3;3;3;2;1;1;1;;1
Hombre;Entre 5 y menos de 7 salarios mínimos;9;Sin informaci¿n;MATRICULADOS;48;68;107;124;148;162;164;166;175;171;182;163;139;135;125;108;95;87;88;85;82;73;78;83;73;77;80;66;69;71;68;59;57;54;52;53;45;40;40;40;35;29;26;24;28;22;23;31;31;28;24;28;14;23
Hombre;Entre 5 y menos de 7 salarios mínimos;9;Estrato 1;MATRICULADOS;;;;;;;;;;;;;;;;;;;;;;2;9;7;13;10;15;13;18;20;24;27;27;27;24;21;23;22;21;17;17;18;13;16;12;11;15;16;14;14;10;11;9;9
Hombre;Entre 5 y menos de 7 salarios mínimos;9;Estrato 2;MATRICULADOS;;;;;;;;;;;;;;;;;;;;;;1;17;32;56;56;62;59;78;83;119;123;115;108;103;99;91;73;73;63;52;53;50;49;43;43;33;33;36;36;33;30;26;27
Hombre;Entre 5 y menos de 7 salarios mínimos;9;Estrato 3;MATRICULADOS;;;;;;;;;;;;;;;;;;;;;;3;25;40;78;82;81;77;97;108;129;139;141;132;127;121;112;105;95;87;63;63;50;45;40;40;41;36;34;37;35;31;27;23
Hombre;Entre 5 y menos de 7 salarios mínimos;9;Estrato 4;MATRICULADOS;;;;;;;;;;;;;;;;;;;;;;;6;6;10;10;12;13;19;23;29;29;35;27;29;28;30;27;26;22;15;10;8;10;12;11;11;10;8;6;7;5;4;6
Hombre;Entre 5 y menos de 7 salarios mínimos;9;Estrato 5;MATRICULADOS;;;;;;;;;;;;;;;;;;;;;;1;3;6;7;8;9;8;10;11;11;10;8;8;7;6;7;5;4;3;3;3;3;1;1;;;;;;;;;
Hombre;Entre 5 y menos de 7 salarios mínimos;9;Estrato 6;MATRICULADOS;;;;;;;;;;;;;;;;;;;;;;;;;;1;3;2;3;3;3;3;2;2;2;2;1;1;;1;;;;;;;;;;;;;;
Hombre;Entre 5 y menos de 7 salarios mínimos;10;Estrato 1;MATRICULADOS;;;;;;;;;;;;;;;;;;;;;;;2;5;6;11;9;8;12;8;17;17;16;16;14;12;9;6;9;11;11;10;11;10;6;4;3;2;4;6;5;4;4;5
Hombre;Entre 5 y menos de 7 salarios mínimos;10;Estrato 2;MATRICULADOS;;;;;;;;;;;;;;;;;;;;;;1;18;20;33;37;43;42;65;69;86;89;86;80;71;68;67;65;59;51;47;42;37;38;33;32;27;26;23;21;19;19;18;12
Hombre;Entre 5 y menos de 7 salarios mínimos;10;Estrato 3;MATRICULADOS;;;;;;;;;;;;;;;;;;;;;;3;23;32;47;54;54;55;71;74;89;89;94;92;97;91;75;69;62;58;48;45;40;31;30;28;27;23;22;18;16;14;10;9
Hombre;Entre 5 y menos de 7 salarios mínimos;10;Estrato 4;MATRICULADOS;;;;;;;;;;;;;;;;;;;;;;;5;4;9;9;12;13;17;16;22;21;22;22;18;19;19;16;15;10;10;10;9;7;4;5;5;3;2;1;;;;1
Hombre;Entre 5 y menos de 7 salarios mínimos;10;Estrato 5;MATRICULADOS;;;;;;;;;;;;;;;;;;;;;;;;;;;;2;1;1;1;1;1;1;1;1;1;1;1;;;;;;;1;1;1;1;1;1;1;1;2
Hombre;Entre 5 y menos de 7 salarios mínimos;10;Estrato 6;MATRICULADOS;;;;;;;;;;;;;;;;;;;;;;;;;1;1;2;1;1;1;1;1;1;1;1;1;1;;;;;;;;;;;;;;;;;
Hombre;Entre 5 y menos de 7 salarios mínimos;11;Sin informaci¿n;MATRICULADOS;;;;;;;;;;;;;;;;;;;;;;1;1;1;1;1;1;1;1;1;1;1;;;;;;;;;1;1;;;;;1;1;1;1;1;1;;
Hombre;Entre 5 y menos de 7 salarios mínimos;11;Estrato 1;MATRICULADOS;;;;;;;;;;;;;;;;;;;;;;;1;2;4;3;2;2;2;7;9;11;12;12;10;9;12;10;8;9;9;9;5;5;4;3;2;1;2;2;2;1;1;1
Hombre;Entre 5 y menos de 7 salarios mínimos;11;Estrato 2;MATRICULADOS;;;;;;;;;;;;;;;;;;;;;;1;6;9;13;13;14;13;18;25;28;29;31;27;30;28;30;31;28;28;23;28;22;19;17;17;14;11;12;14;9;8;6;5
Hombre;Entre 5 y menos de 7 salarios mínimos;11;Estrato 3;MATRICULADOS;;;;;;;;;;;;;;;;;;;;;;1;7;17;31;26;31;30;39;40;53;51;51;46;46;48;45;41;32;41;34;32;28;22;17;22;14;14;20;17;16;16;12;10
Hombre;Entre 5 y menos de 7 salarios mínimos;11;Estrato 4;MATRICULADOS;;;;;;;;;;;;;;;;;;;;;;;3;4;5;5;5;5;5;6;7;5;6;8;9;10;8;7;7;5;4;4;2;2;2;2;1;2;1;2;2;2;2;
Hombre;Entre 5 y menos de 7 salarios mínimos;11;Estrato 5;MATRICULADOS;;;;;;;;;;;;;;;;;;;;;;;;;1;2;2;2;2;2;2;2;1;1;1;1;2;2;;;1;1;1;1;;;;;;;;;;
Hombre;Entre 5 y menos de 7 salarios mínimos;11;Estrato 6;MATRICULADOS;;;;;;;;;;;;;;;;;;;;;;;;1;1;1;1;1;1;1;1;1;1;;1;;;;;;;;;;;;;;;;;;;
Hombre;Entre 5 y menos de 7 salarios mínimos;12;Estrato 1;MATRICULADOS;;;;;;;;;;;;;;;;;;;;;;;5;6;8;10;14;13;14;16;21;23;27;29;24;20;16;18;14;13;13;11;9;8;9;7;5;4;3;6;4;5;4;6
Hombre;Entre 5 y menos de 7 salarios mínimos;12;Estrato 2;MATRICULADOS;;;;;;;;;;;;;;;;;;;;;;1;13;16;33;41;43;42;56;67;85;95;96;91;90;89;72;74;59;53;51;47;38;34;31;31;27;24;22;22;20;20;13;17
Hombre;Entre 5 y menos de 7 salarios mínimos;12;Estrato 3;MATRICULADOS;;;;;;;;;;;;;;;;;;;;;;;11;19;39;42;44;38;56;62;77;81;83;93;83;72;72;67;67;60;51;51;43;37;38;37;32;27;23;27;28;28;15;17
Hombre;Entre 5 y menos de 7 salarios mínimos;12;Estrato 4;MATRICULADOS;;;;;;;;;;;;;;;;;;;;1;;;1;4;4;2;2;2;3;3;5;6;9;12;12;12;8;9;7;6;6;5;5;3;3;2;4;4;3;3;2;1;1;
Hombre;Entre 5 y menos de 7 salarios mínimos;12;Estrato 5;MATRICULADOS;;;;;;;;;;;;;;;;;;;;;1;2;3;2;3;3;3;3;3;4;4;3;3;2;2;3;3;1;1;2;2;2;2;2;2;2;2;;;1;;;;1
Hombre;Entre 5 y menos de 7 salarios mínimos;12;Estrato 6;MATRICULADOS;;;;;;;;;;;;;;;;;;;;;;;;;;;;;2;3;2;1;1;1;1;1;2;1;2;1;2;1;1;;;;;;;;;;;
Hombre;Entre 7 y menos de 9 salarios mínimos;Sin informaci¿n;Sin informaci¿n;MATRICULADOS;27;26;29;33;46;48;50;48;55;60;52;52;46;45;39;33;33;27;26;21;16;18;15;14;13;13;14;12;11;16;12;12;19;21;18;19;12;10;11;10;10;12;9;8;5;8;10;9;6;7;5;1;1;3
Hombre;Entre 7 y menos de 9 salarios mínimos;Sin informaci¿n;Estrato 1;MATRICULADOS;;;;;;;8;16;22;38;54;53;50;54;52;54;45;47;43;39;37;35;35;33;32;27;23;21;19;21;15;17;11;14;15;14;15;16;16;16;13;13;11;12;7;8;9;10;9;4;4;3;4;3
Hombre;Entre 7 y menos de 9 salarios mínimos;Sin informaci¿n;Estrato 2;MATRICULADOS;;;;2;5;12;88;140;275;334;462;482;498;496;475;479;455;421;400;343;308;266;235;192;184;146;144;130;122;122;102;101;99;92;80;83;64;62;65;66;64;66;53;57;45;47;35;33;24;30;30;33;24;26
Hombre;Entre 7 y menos de 9 salarios mínimos;Sin informaci¿n;Estrato 3;MATRICULADOS;3;2;4;4;4;168;832;1167;1742;1982;2805;3050;3163;3312;3351;3241;3122;2877;2784;2480;2167;1857;1557;1325;1100;935;784;671;559;479;481;425;414;359;324;316;297;250;231;209;187;188;166;169;148;160;150;148;127;117;110;110;79;86
Hombre;Entre 7 y menos de 9 salarios mínimos;Sin informaci¿n;Estrato 4;MATRICULADOS;;;;;;51;449;514;750;838;1277;1483;1524;1543;1528;1458;1357;1263;1257;1129;942;773;613;482;383;300;264;223;175;151;120;107;98;86;75;80;74;55;49;49;49;51;37;39;30;32;28;29;27;31;27;21;19;24
Hombre;Entre 7 y menos de 9 salarios mínimos;Sin informaci¿n;Estrato 5;MATRICULADOS;;;;;;3;16;24;51;64;86;94;95;103;99;90;84;74;73;65;57;55;51;36;31;24;14;12;14;8;7;8;10;6;6;9;7;6;6;4;4;3;2;2;3;4;3;2;1;1;2;;;
Hombre;Entre 7 y menos de 9 salarios mínimos;Sin informaci¿n;Estrato 6;MATRICULADOS;;;;;;3;11;21;35;56;68;74;75;88;87;93;86;77;76;69;64;46;37;30;21;14;9;7;3;5;1;;2;3;4;2;3;3;2;2;2;3;3;3;3;3;3;2;1;1;1;1;;
Hombre;Entre 7 y menos de 9 salarios mínimos;1;Sin informaci¿n;MATRICULADOS;;1;1;1;1;3;2;2;1;3;3;2;3;3;2;3;1;2;1;2;1;1;1;;;;;;;;;;;;;;;1;1;1;1;1;1;1;1;;1;;1;1;1;1;1;1
Hombre;Entre 7 y menos de 9 salarios mínimos;1;Estrato 1;MATRICULADOS;;;;;;;;;;;;;;;;;;;;;;;;2;1;1;;;2;2;2;2;2;2;2;3;2;2;;;;;;;;;;;;;;;;
Hombre;Entre 7 y menos de 9 salarios mínimos;1;Estrato 2;MATRICULADOS;;;;;;;;;;;;;;;;;;;;;;;;;;;1;1;1;1;1;1;1;1;1;1;;;;;;;;;;;;;;;;;;
Hombre;Entre 7 y menos de 9 salarios mínimos;1;Estrato 3;MATRICULADOS;;;;;;;;;;;;;;;;;;;;;;;2;3;6;8;7;5;7;6;8;8;9;6;5;5;5;3;4;3;3;3;3;3;1;2;1;1;2;1;2;1;1;2
Hombre;Entre 7 y menos de 9 salarios mínimos;1;Estrato 4;MATRICULADOS;;;;;;;;;;;;;;;;;;;;;;;;3;3;5;5;3;3;5;6;7;7;8;7;4;5;4;4;4;5;2;2;2;1;1;;;;;;;;
Hombre;Entre 7 y menos de 9 salarios mínimos;1;Estrato 5;MATRICULADOS;;;;;;;;;;;;;;;;;;;;;;1;1;;1;1;2;1;1;2;1;1;1;;;;;;;;;;;;;;;;;;;;;
Hombre;Entre 7 y menos de 9 salarios mínimos;1;Estrato 6;MATRICULADOS;;;;;;;;;;;;;;;;;;;;;;;;;;;;;;;;1;1;1;1;1;1;1;1;1;1;;;;;;;;;;;;;
Hombre;Entre 7 y menos de 9 salarios mínimos;2;Sin informaci¿n;MATRICULADOS;32;37;49;52;78;81;82;79;76;77;71;61;53;43;39;33;31;25;19;19;14;12;13;12;11;9;11;10;9;10;12;9;11;10;8;9;6;7;6;5;3;4;4;4;2;4;2;3;2;2;1;;;
Hombre;Entre 7 y menos de 9 salarios mínimos;2;Estrato 1;MATRICULADOS;;;;;;;;;;;;;;;;;;;;;;1;2;3;3;3;3;3;10;9;10;8;10;8;8;7;6;6;8;6;5;4;3;2;2;2;4;3;5;2;3;1;2;3
Hombre;Entre 7 y menos de 9 salarios mínimos;2;Estrato 2;MATRICULADOS;;;;;;;;;;;;;;;;;;;;;;2;9;11;21;25;28;30;38;46;53;57;45;52;46;47;42;41;38;30;26;27;24;22;15;13;10;8;7;9;9;9;9;9
Hombre;Entre 7 y menos de 9 salarios mínimos;2;Estrato 3;MATRICULADOS;;;;;;;;;;;;;;;;;;;;;;1;26;44;81;94;96;103;132;139;180;181;188;176;153;152;141;124;111;100;93;75;62;52;34;35;32;23;20;24;15;16;11;10
Hombre;Entre 7 y menos de 9 salarios mínimos;2;Estrato 4;MATRICULADOS;;;;;;;;;;;;;;;;;;;;;;7;49;72;101;122;117;121;162;181;225;238;224;211;203;186;167;167;133;124;96;88;69;58;47;38;34;36;26;19;17;13;10;10
Hombre;Entre 7 y menos de 9 salarios mínimos;2;Estrato 5;MATRICULADOS;;;;;;;;;;;;;;;;;;;;;;5;16;26;50;59;62;71;82;92;111;113;107;106;94;85;74;66;59;48;34;27;27;20;16;12;10;11;9;7;8;9;7;6
Hombre;Entre 7 y menos de 9 salarios mínimos;2;Estrato 6;MATRICULADOS;;;;;;;;;;;;;;;;;;;;;;5;10;14;17;29;29;28;38;43;40;44;43;40;36;33;30;26;23;15;12;13;13;10;6;4;2;2;;1;;;;1
Hombre;Entre 7 y menos de 9 salarios mínimos;3;Sin informaci¿n;MATRICULADOS;119;130;152;159;310;324;343;338;333;332;319;308;287;267;227;186;148;125;106;98;92;1531;1402;1294;1284;1227;1187;1109;1087;1066;990;873;721;585;533;494;489;480;366;294;230;176;117;96;81;68;59;55;40;39;35;35;30;22
Hombre;Entre 7 y menos de 9 salarios mínimos;3;Estrato 1;MATRICULADOS;;;;;;;;;;;;;;;;;;;;;;1;6;8;13;9;13;13;17;22;24;28;33;27;28;23;24;25;21;20;16;11;10;10;7;7;8;7;7;6;5;5;2;1
Hombre;Entre 7 y menos de 9 salarios mínimos;3;Estrato 2;MATRICULADOS;;;;;;;;;;;;;;;;;;;1;1;1;2;32;52;85;97;103;108;144;147;213;235;225;214;210;204;206;195;177;161;137;130;102;80;62;66;63;48;38;40;29;29;28;24
Hombre;Entre 7 y menos de 9 salarios mínimos;3;Estrato 3;MATRICULADOS;;;;;;;1;1;1;1;1;1;1;1;1;1;;;;1;;17;205;276;450;489;509;517;710;761;972;1030;1008;943;916;831;756;696;621;557;451;369;305;256;206;170;167;150;137;108;88;77;55;59
Hombre;Entre 7 y menos de 9 salarios mínimos;3;Estrato 4;MATRICULADOS;;;;;;;;;;;;;;;;;;;;;1;23;170;222;392;462;478;493;664;736;900;918;903;874;820;719;668;610;534;484;389;314;265;211;179;138;111;106;87;70;53;45;40;39
Hombre;Entre 7 y menos de 9 salarios mínimos;3;Estrato 5;MATRICULADOS;;;;;;;;;;;;;;;;;;;;;;19;81;111;167;199;221;239;294;322;389;391;381;351;319;284;277;237;214;179;150;112;89;68;58;43;33;26;14;17;15;14;10;8
Hombre;Entre 7 y menos de 9 salarios mínimos;3;Estrato 6;MATRICULADOS;;;;;;;;;;;;;;;;;;;;;;16;32;60;91;108;109;119;142;162;190;184;173;168;153;129;121;102;95;75;59;52;37;26;26;21;18;13;9;9;9;12;10;8
Hombre;Entre 7 y menos de 9 salarios mínimos;4;Sin informaci¿n;MATRICULADOS;337;388;461;466;936;1047;1127;1091;1123;1078;1070;981;912;861;773;617;550;447;396;338;303;260;242;236;208;187;187;176;171;170;167;154;137;145;135;114;97;78;64;80;79;80;73;71;52;56;55;61;57;46;48;52;37;37
Hombre;Entre 7 y menos de 9 salarios mínimos;4;Estrato 1;MATRICULADOS;;;;;;;;;;;;;;;;;;;;;;2;12;13;22;30;31;35;38;40;52;60;58;61;58;55;48;52;45;38;39;31;24;23;26;24;28;20;17;19;19;14;11;9
Hombre;Entre 7 y menos de 9 salarios mínimos;4;Estrato 2;MATRICULADOS;;;;;;;;;;;;;;;;;;;;;;7;79;116;217;249;273;273;382;407;505;536;521;512;497;480;458;437;377;325;276;250;225;192;154;135;124;109;96;88;82;77;56;55
Hombre;Entre 7 y menos de 9 salarios mínimos;4;Estrato 3;MATRICULADOS;;;;;;;;;;;;;1;;;;;;2;1;1;51;455;625;1050;1185;1233;1257;1758;1868;2331;2455;2423;2257;2104;1936;1787;1668;1441;1268;1070;916;774;651;492;425;400;357;311;258;223;213;163;171
Hombre;Entre 7 y menos de 9 salarios mínimos;4;Estrato 4;MATRICULADOS;;;;;;;;;;;;;;;;;;;1;1;1;55;427;571;969;1085;1124;1180;1526;1619;2022;2080;2024;1921;1735;1592;1491;1316;1156;985;813;648;509;433;340;277;248;196;181;156;128;112;90;85
Hombre;Entre 7 y menos de 9 salarios mínimos;4;Estrato 5;MATRICULADOS;;;;;;;;;;;;;;;;;;;;;;42;150;240;375;458;476;532;670;723;854;861;819;788;716;647;604;531;458;395;331;254;206;157;132;98;93;75;62;45;41;34;25;30
Hombre;Entre 7 y menos de 9 salarios mínimos;4;Estrato 6;MATRICULADOS;;;;;1;1;1;;1;;;;;;1;;1;1;1;1;1;16;64;83;152;178;182;197;242;263;306;304;294;267;247;222;197;182;146;124;99;76;52;34;34;22;23;19;16;16;9;10;7;7
Hombre;Entre 7 y menos de 9 salarios mínimos;5;Sin informaci¿n;MATRICULADOS;379;415;484;472;949;1011;1073;1055;1118;1051;1030;964;921;847;778;669;569;447;410;351;312;272;273;257;236;209;201;196;194;187;186;178;166;154;157;137;128;113;107;109;113;115;104;96;87;86;79;73;68;75;67;72;53;58
Hombre;Entre 7 y menos de 9 salarios mínimos;5;Estrato 1;MATRICULADOS;;;;;;;;;;;;;;;;;;;;;;1;8;13;23;26;28;28;32;34;46;53;56;54;52;49;48;46;48;43;35;28;25;25;21;19;19;14;11;13;10;13;12;9
Hombre;Entre 7 y menos de 9 salarios mínimos;5;Estrato 2;MATRICULADOS;;;;;;;;;;;;;;;;;;;;;1;3;79;126;217;223;241;259;339;347;446;474;448;433;399;390;369;341;294;292;247;222;177;167;135;123;115;99;86;90;79;78;60;55
Hombre;Entre 7 y menos de 9 salarios mínimos;5;Estrato 3;MATRICULADOS;;;;;;1;;;;;;;;;;;;;;;;42;312;406;699;787;826;815;1068;1107;1382;1429;1377;1336;1222;1127;1046;969;861;771;629;560;460;394;316;290;285;246;205;190;163;146;112;117
Hombre;Entre 7 y menos de 9 salarios mínimos;5;Estrato 4;MATRICULADOS;;;;;;;;;;;;;;;;;;;;;1;29;251;327;548;614;627;663;846;915;1076;1141;1086;1019;946;885;783;710;619;524;441;354;286;239;208;167;139;114;92;78;58;61;45;50
Hombre;Entre 7 y menos de 9 salarios mínimos;5;Estrato 5;MATRICULADOS;1;;;;;;;;;;;;;;;;;;;;;13;92;135;219;287;302;323;423;462;521;527;493;476;438;395;366;320;266;236;194;155;111;94;64;51;44;37;31;28;17;16;7;12
Hombre;Entre 7 y menos de 9 salarios mínimos;5;Estrato 6;MATRICULADOS;;;;;;;;;;;;;;;;;;;;;;11;43;67;112;132;133;153;179;212;228;230;217;199;181;163;143;131;108;91;74;62;46;37;29;23;15;9;10;12;11;10;9;7
Hombre;Entre 7 y menos de 9 salarios mínimos;6;Sin informaci¿n;MATRICULADOS;142;158;188;180;359;404;446;446;447;449;443;428;397;379;342;304;250;208;221;186;194;168;147;136;114;108;104;104;97;94;100;92;76;80;74;62;64;62;55;53;52;50;48;39;35;38;40;42;41;48;32;43;30;36
Hombre;Entre 7 y menos de 9 salarios mínimos;6;Estrato 1;MATRICULADOS;;;;;;;;;;;;;;;;;;;;;;;7;10;15;18;18;18;28;31;37;39;35;32;33;33;33;24;24;27;23;23;20;20;20;18;20;17;14;12;7;3;5;6
Hombre;Entre 7 y menos de 9 salarios mínimos;6;Estrato 2;MATRICULADOS;;;;;;;;;1;1;1;1;1;1;1;1;1;1;1;;1;4;44;43;86;100;102;110;137;142;189;195;188;184;175;168;149;136;128;116;91;80;72;65;47;35;42;38;33;28;24;24;24;24
Hombre;Entre 7 y menos de 9 salarios mínimos;6;Estrato 3;MATRICULADOS;;;;;;;;;;;;;;;;;;;;;;7;99;144;252;294;300;309;424;446;514;529;512;477;438;412;371;341;282;256;206;184;146;134;115;107;98;86;77;65;61;55;46;43
Hombre;Entre 7 y menos de 9 salarios mínimos;6;Estrato 4;MATRICULADOS;;;;;;;;;;;;;;;;;;;;;;6;66;96;162;181;193;199;260;265;315;334;314;297;264;236;202;183;152;125;118;97;73;77;63;55;46;40;35;26;23;21;20;16
Hombre;Entre 7 y menos de 9 salarios mínimos;6;Estrato 5;MATRICULADOS;;;;;;;;;;;;;;;;;;;;;;7;30;48;69;87;95;104;113;121;140;154;140;135;126;116;107;87;76;68;57;45;47;32;28;24;18;19;11;12;8;11;7;10
Hombre;Entre 7 y menos de 9 salarios mínimos;6;Estrato 6;MATRICULADOS;;;;;;;;;;;;;;;;;;;;;;2;13;24;35;50;52;54;62;73;91;87;88;77;74;70;62;52;46;39;32;24;17;14;10;8;9;4;5;3;2;2;2;3
Hombre;Entre 7 y menos de 9 salarios mínimos;7;Sin informaci¿n;MATRICULADOS;87;96;104;111;166;178;198;194;207;200;200;179;152;150;130;111;109;81;89;71;70;62;62;52;51;43;45;39;46;53;47;45;40;43;37;37;35;25;26;29;28;26;27;23;22;23;22;21;20;20;14;15;14;13
Hombre;Entre 7 y menos de 9 salarios mínimos;7;Estrato 1;MATRICULADOS;;;;;;;;;;;;;;;;;;;;;;;1;1;3;1;2;2;3;7;10;13;13;9;11;9;7;9;8;5;5;5;5;2;2;3;2;3;2;5;1;3;3;3
Hombre;Entre 7 y menos de 9 salarios mínimos;7;Estrato 2;MATRICULADOS;;;;;;;;;;;;;;;;;;;;;;1;9;17;32;33;37;40;43;55;60;76;82;78;78;76;62;59;59;54;46;43;39;31;28;27;21;24;17;22;24;23;16;19
Hombre;Entre 7 y menos de 9 salarios mínimos;7;Estrato 3;MATRICULADOS;;;;;;;;;;;;;;;;;;;;;;1;33;47;78;82;91;93;130;135;163;175;169;160;153;134;124;102;94;76;61;55;45;44;37;38;36;33;25;21;22;21;18;22
Hombre;Entre 7 y menos de 9 salarios mínimos;7;Estrato 4;MATRICULADOS;;;;;;;;;;;;;;;;;;;;;;2;24;32;49;56;66;71;81;82;94;98;93;86;88;76;62;55;48;40;34;27;26;19;13;20;15;12;17;12;11;11;6;9
Hombre;Entre 7 y menos de 9 salarios mínimos;7;Estrato 5;MATRICULADOS;;;;;;;;;;;;;;;;;;;;;;1;13;16;24;31;31;28;36;39;44;42;40;37;29;24;23;21;17;15;12;10;10;7;7;4;3;4;3;2;2;2;1;1
Hombre;Entre 7 y menos de 9 salarios mínimos;7;Estrato 6;MATRICULADOS;;;;;;;;;;;;;;;;;;;;;;;5;11;11;21;20;22;24;25;29;34;32;29;22;22;18;18;16;14;11;10;7;5;6;5;4;4;4;4;3;1;1;1
Hombre;Entre 7 y menos de 9 salarios mínimos;8;Sin informaci¿n;MATRICULADOS;28;42;46;45;66;73;88;82;83;78;71;71;63;56;58;48;40;37;45;38;33;31;33;35;24;23;25;28;26;22;21;24;21;22;29;25;22;16;16;19;13;16;12;9;6;8;8;8;6;7;8;8;7;5
Hombre;Entre 7 y menos de 9 salarios mínimos;8;Estrato 1;MATRICULADOS;;;;;;;;;;;;;;;;;;;;;;;1;1;2;3;4;4;4;6;10;11;11;10;9;9;9;8;7;7;5;4;4;4;1;2;3;3;3;2;2;2;1;1
Hombre;Entre 7 y menos de 9 salarios mínimos;8;Estrato 2;MATRICULADOS;;;;;;;;;;;;;;;;;;;;;;;7;11;15;19;27;23;28;30;37;37;44;38;41;31;31;29;29;26;22;22;15;15;14;10;11;9;7;6;8;6;2;3
Hombre;Entre 7 y menos de 9 salarios mínimos;8;Estrato 3;MATRICULADOS;;;;;;;;;;;;;;;;;;;;;;;13;19;34;41;52;54;71;70;91;88;87;89;88;73;61;56;51;44;40;26;23;22;19;21;16;17;11;15;14;14;9;12
Hombre;Entre 7 y menos de 9 salarios mínimos;8;Estrato 4;MATRICULADOS;;;;;;;;;;;;;;;;;;;;;;1;10;11;17;14;15;22;25;21;24;32;34;31;31;23;19;17;18;14;16;12;8;9;5;6;7;8;5;4;2;2;1;3
Hombre;Entre 7 y menos de 9 salarios mínimos;8;Estrato 5;MATRICULADOS;;;;;;;;;;;;;;;;;;;;;;;4;4;10;15;15;17;18;19;21;19;20;19;15;15;10;11;9;11;11;6;5;4;2;2;3;3;2;2;1;1;1;
Hombre;Entre 7 y menos de 9 salarios mínimos;8;Estrato 6;MATRICULADOS;;;;;;;;;;;;;;;;;;;;;;1;1;2;4;6;5;6;11;11;14;14;14;14;14;11;10;11;10;11;10;4;2;3;3;4;3;1;2;2;1;1;1;
Hombre;Entre 7 y menos de 9 salarios mínimos;9;Sin informaci¿n;MATRICULADOS;17;23;21;26;36;41;39;38;30;30;35;33;33;30;32;30;27;22;21;16;19;20;17;15;16;11;13;14;14;8;11;10;11;10;8;12;11;9;9;9;8;8;6;5;2;3;5;2;4;3;4;3;2;3
Hombre;Entre 7 y menos de 9 salarios mínimos;9;Estrato 1;MATRICULADOS;;;;;;;;;;;;;;;;;;;;;;;;;2;2;1;;2;2;3;4;3;3;4;3;3;4;3;2;2;1;;;1;;1;1;;;;;;
Hombre;Entre 7 y menos de 9 salarios mínimos;9;Estrato 2;MATRICULADOS;;;;;;;;;;;;;;;;;;;;;;;1;4;7;6;11;9;17;16;18;22;21;19;18;17;15;17;17;17;16;13;13;9;5;6;2;3;;2;1;2;2;2
Hombre;Entre 7 y menos de 9 salarios mínimos;9;Estrato 3;MATRICULADOS;;;;;;;;;;;;;;;;;;;;;;1;8;12;21;26;29;22;30;31;37;40;35;36;35;31;33;29;22;17;17;16;15;17;19;17;13;14;17;18;15;14;10;8
Hombre;Entre 7 y menos de 9 salarios mínimos;9;Estrato 4;MATRICULADOS;;;;;;;;;;;;;;;;;;;;;;;5;6;6;7;8;9;10;11;13;12;11;9;10;8;8;5;6;4;3;1;2;2;1;1;1;1;2;3;2;2;2;2
Hombre;Entre 7 y menos de 9 salarios mínimos;9;Estrato 5;MATRICULADOS;;;;;;;;;;;;;;;;;;;;;;1;2;4;4;5;4;4;4;4;7;6;4;4;5;4;5;6;5;5;3;3;2;2;2;4;4;4;2;1;1;2;2;2
Hombre;Entre 7 y menos de 9 salarios mínimos;9;Estrato 6;MATRICULADOS;;;;;;;;;;;;;;;;;;;;;;;;;1;;1;1;1;1;1;1;1;1;1;;;1;;;;;;;;;;;;;;;;
Hombre;Entre 7 y menos de 9 salarios mínimos;10;Estrato 1;MATRICULADOS;;;;;;;;;;;;;;;;;;;;;;;1;1;2;2;2;2;4;3;5;5;5;4;5;4;3;3;3;4;4;2;2;1;2;2;3;1;2;2;2;1;;
Hombre;Entre 7 y menos de 9 salarios mínimos;10;Estrato 2;MATRICULADOS;;;;;;;;;;;;;;;;;;;;;;;1;1;6;5;6;7;11;17;18;18;17;18;19;15;15;14;13;12;12;9;7;5;8;5;6;4;7;8;6;5;5;6
Hombre;Entre 7 y menos de 9 salarios mínimos;10;Estrato 3;MATRICULADOS;;;;;;;;;;;;;;;;;;;;;;;4;7;15;16;18;15;17;18;23;23;23;21;21;20;18;22;17;16;14;14;11;14;12;10;10;7;7;6;4;5;3;5
Hombre;Entre 7 y menos de 9 salarios mínimos;10;Estrato 4;MATRICULADOS;;;;;;;;;;;;;;;;;;;;;;;;;;2;5;2;4;4;3;4;4;4;4;3;3;3;2;3;3;4;2;3;2;3;1;1;1;2;1;1;1;
Hombre;Entre 7 y menos de 9 salarios mínimos;10;Estrato 5;MATRICULADOS;;;;;;;;;;;;;;;;;;;;;;;2;2;2;2;2;2;1;2;2;2;4;3;4;4;3;3;1;1;1;1;1;2;;;;;;;;;;
Hombre;Entre 7 y menos de 9 salarios mínimos;11;Estrato 1;MATRICULADOS;;;;;;;;;;;;;;;;;;;;;;;;;;;;;;;1;1;1;1;1;1;1;1;1;1;1;;;;;;;;;;;;;
Hombre;Entre 7 y menos de 9 salarios mínimos;11;Estrato 2;MATRICULADOS;;;;;;;;;;;;;;;;;;;;;;;;;1;2;2;3;3;3;3;2;3;2;2;2;2;2;1;1;1;1;1;;;1;1;1;;;;;;
Hombre;Entre 7 y menos de 9 salarios mínimos;11;Estrato 3;MATRICULADOS;;;;;;;;;;;;;;;;;;;;;;;4;8;11;11;12;10;10;12;16;18;15;16;16;11;11;9;10;10;7;6;6;9;7;4;5;5;6;4;5;5;4;2
Hombre;Entre 7 y menos de 9 salarios mínimos;11;Estrato 4;MATRICULADOS;;;;;;;;;;;;;;;;;;;;;;;;1;2;2;1;;1;1;4;3;4;4;2;2;2;2;1;1;2;2;1;1;1;1;;;;;;;;
Hombre;Entre 7 y menos de 9 salarios mínimos;11;Estrato 5;MATRICULADOS;;;;;;;;;;;;;;;;;;;;;;;;;;1;;1;;;;;;;;;;;;;;;;;;;;;;;;;;
Hombre;Entre 7 y menos de 9 salarios mínimos;11;Estrato 6;MATRICULADOS;;;;;;;;;;;;;;;;;;;;;;;;;;;;;;1;1;2;2;2;2;4;3;3;2;3;2;2;2;2;;;;;;;;;;
Hombre;Entre 7 y menos de 9 salarios mínimos;12;Estrato 1;MATRICULADOS;;;;;;;;;;;;;;;;;;;;;;;;1;1;;;;2;2;3;4;4;3;4;4;3;3;3;5;3;3;3;2;4;3;3;3;2;4;2;2;1;1
Hombre;Entre 7 y menos de 9 salarios mínimos;12;Estrato 2;MATRICULADOS;;;;;;;;;;;;;;;;;;;;;;;5;4;10;10;13;16;17;17;20;21;24;21;21;19;13;14;11;9;7;10;9;6;5;8;5;4;5;4;6;5;3;4
Hombre;Entre 7 y menos de 9 salarios mínimos;12;Estrato 3;MATRICULADOS;;;;;;;;;;;;;;;;;;;;;;;8;7;13;15;13;13;20;23;29;29;27;28;26;25;20;21;19;20;20;21;14;13;11;12;13;10;8;7;7;7;6;6
Hombre;Entre 7 y menos de 9 salarios mínimos;12;Estrato 4;MATRICULADOS;;;;;;;;;;;;;;;;;;;;;;;;;1;2;2;3;3;3;5;5;6;7;7;6;5;3;2;3;2;1;1;;;1;;;;;1;1;1;
Hombre;Entre 7 y menos de 9 salarios mínimos;12;Estrato 5;MATRICULADOS;;;;;;;;;;;;;;;;;;;;;;;1;1;1;1;1;1;;1;1;1;;;;;;;;;;;;;;;;;;;;;;
Hombre;Entre 7 y menos de 9 salarios mínimos;12;Estrato 6;MATRICULADOS;;;;;;;;;;;;;;;;;;;;;;;;;;;;1;;;;;;;;;;;;;;;;;;;;;;;;;;
Hombre;Entre 9 y menos de 11 salarios mínimos;Sin informaci¿n;Sin informaci¿n;MATRICULADOS;8;13;15;19;26;28;35;33;31;35;36;26;28;27;28;19;16;16;12;11;10;12;10;10;9;7;8;10;9;11;5;9;7;6;4;4;2;1;;;1;3;2;3;5;5;4;5;4;3;3;2;2;1
Hombre;Entre 9 y menos de 11 salarios mínimos;Sin informaci¿n;Estrato 1;MATRICULADOS;;;;;1;1;3;3;10;16;23;22;24;22;27;25;24;20;21;19;18;15;13;19;15;14;12;12;11;12;12;11;7;9;7;6;7;7;7;4;2;1;2;2;1;3;4;5;4;4;3;2;1;1
Hombre;Entre 9 y menos de 11 salarios mínimos;Sin informaci¿n;Estrato 2;MATRICULADOS;1;;;;1;4;45;59;100;125;181;186;198;200;198;200;193;181;178;159;145;123;107;93;73;70;67;60;50;46;40;48;40;40;43;41;33;38;31;24;22;20;16;17;17;14;18;20;15;16;11;15;11;13
Hombre;Entre 9 y menos de 11 salarios mínimos;Sin informaci¿n;Estrato 3;MATRICULADOS;1;1;2;2;1;74;311;460;682;794;1105;1239;1311;1365;1392;1365;1303;1206;1151;1051;957;808;711;589;502;424;369;341;279;233;223;210;192;165;155;118;104;100;104;87;74;76;63;56;51;57;63;57;47;43;34;42;34;36
Hombre;Entre 9 y menos de 11 salarios mínimos;Sin informaci¿n;Estrato 4;MATRICULADOS;;;;;;21;463;552;817;862;1385;1611;1645;1653;1635;1601;1529;1390;1357;1205;1037;847;669;526;400;330;241;220;180;164;133;119;102;85;81;71;62;52;37;35;31;37;38;36;31;30;34;33;28;28;25;28;22;21
Hombre;Entre 9 y menos de 11 salarios mínimos;Sin informaci¿n;Estrato 5;MATRICULADOS;;;;;;85;108;177;194;289;331;354;355;380;372;328;316;274;265;210;167;135;114;97;73;64;48;45;34;31;37;31;30;26;21;17;14;12;9;12;8;6;6;4;4;6;5;6;4;6;4;4;3;1
Hombre;Entre 9 y menos de 11 salarios mínimos;Sin informaci¿n;Estrato 6;MATRICULADOS;;;;;;7;13;16;21;38;50;58;60;161;169;181;173;167;175;169;156;151;143;110;92;69;55;45;35;24;18;18;14;9;9;6;6;4;4;5;4;4;3;3;4;3;4;4;3;3;2;2;2;2
Hombre;Entre 9 y menos de 11 salarios mínimos;1;Sin informaci¿n;MATRICULADOS;;;;1;1;2;2;2;1;1;1;1;1;1;1;1;2;1;;1;1;;1;1;1;1;1;1;1;1;1;1;1;1;;;;;;;;;;;;;;;;;;;;
Hombre;Entre 9 y menos de 11 salarios mínimos;1;Estrato 1;MATRICULADOS;;;;;;;;;;;;;;;;;;;;;;;;;;;;;;;1;1;1;1;1;1;1;1;1;1;1;1;;;;;;;;;;;;
Hombre;Entre 9 y menos de 11 salarios mínimos;1;Estrato 2;MATRICULADOS;;;;;;;;;;;;;;;;;;;;;;;;;1;;;;1;2;2;2;1;1;1;1;;1;1;1;;;1;;;;;1;;;;;;
Hombre;Entre 9 y menos de 11 salarios mínimos;1;Estrato 3;MATRICULADOS;;;;;;;;;;;;;;;;;;;;;;;1;1;1;1;2;1;1;2;1;2;2;2;1;;1;1;;1;1;1;1;1;1;;;;;;;;;
Hombre;Entre 9 y menos de 11 salarios mínimos;1;Estrato 4;MATRICULADOS;;;;;;;;;;;;;;;;;;;;;;;;;;;;;;1;1;1;1;1;1;1;1;1;1;1;1;1;1;1;1;1;;;;;;;;
Hombre;Entre 9 y menos de 11 salarios mínimos;1;Estrato 5;MATRICULADOS;;;;;;;;;;;;;;;;;;;;;;;;;;;;;1;1;1;1;2;1;1;1;1;1;1;1;1;1;1;1;;;;;;;;;;
Hombre;Entre 9 y menos de 11 salarios mínimos;1;Estrato 6;MATRICULADOS;;;;;;;;;;;;;;;;;;;;;;;;;1;;1;2;2;2;2;1;2;2;2;2;2;1;;;;;;;;;;;;;;;;
Hombre;Entre 9 y menos de 11 salarios mínimos;2;Sin informaci¿n;MATRICULADOS;20;23;28;23;52;52;48;51;54;50;49;46;42;34;37;26;21;24;17;11;14;10;7;12;7;9;5;5;3;5;7;6;7;6;4;4;3;3;3;3;3;3;2;3;3;2;2;1;1;1;1;1;1;2
Hombre;Entre 9 y menos de 11 salarios mínimos;2;Estrato 1;MATRICULADOS;;;;;;;;;;;;;;;;;;;;;;;;;;;;;;1;;1;1;1;1;1;1;1;1;1;1;1;1;;1;1;;;;;;;;
Hombre;Entre 9 y menos de 11 salarios mínimos;2;Estrato 2;MATRICULADOS;;;;;;;;;;;;;;;;;;;;;;;3;4;8;8;7;10;13;12;11;17;17;14;15;11;6;7;7;7;6;4;3;3;2;4;3;6;3;3;1;3;3;4
Hombre;Entre 9 y menos de 11 salarios mínimos;2;Estrato 3;MATRICULADOS;;;;;;;;;;;;;;;;;;;;;;2;17;28;39;45;51;50;56;64;74;83;75;66;61;61;55;54;45;37;39;31;25;17;13;11;7;5;4;4;4;2;2;1
Hombre;Entre 9 y menos de 11 salarios mínimos;2;Estrato 4;MATRICULADOS;;;;;;;;;;;;;;;;;;;;;;4;23;35;55;59;60;64;85;98;124;122;122;119;110;100;97;85;76;70;60;47;37;30;27;24;19;16;10;5;8;7;5;3
Hombre;Entre 9 y menos de 11 salarios mínimos;2;Estrato 5;MATRICULADOS;;;;;;;;;;;;;;;;;;;;;;9;18;24;43;50;49;61;68;82;98;89;85;85;75;65;64;56;49;42;26;19;19;14;11;11;10;7;4;2;3;3;1;3
Hombre;Entre 9 y menos de 11 salarios mínimos;2;Estrato 6;MATRICULADOS;;;;;;;;;;;;;;;;;;;;;;1;11;15;23;32;35;39;45;48;53;53;46;38;37;31;27;22;24;17;16;11;11;9;7;5;1;2;3;1;1;4;2;1
Hombre;Entre 9 y menos de 11 salarios mínimos;3;Sin informaci¿n;MATRICULADOS;86;105;113;111;218;224;236;236;246;230;221;204;173;165;152;141;122;84;72;57;47;36;28;27;33;27;29;27;28;22;18;25;23;19;20;15;14;14;10;12;12;12;13;12;10;10;13;9;12;10;8;9;8;12
Hombre;Entre 9 y menos de 11 salarios mínimos;3;Estrato 1;MATRICULADOS;;;;;;;;;;;;;;;;;;;;;;;;;4;5;4;5;8;12;9;12;13;11;12;12;7;6;6;7;6;3;4;4;4;2;3;2;2;1;2;3;1;1
Hombre;Entre 9 y menos de 11 salarios mínimos;3;Estrato 2;MATRICULADOS;;;;;;;;;;;;;;;;;;;;;1;2;9;12;19;20;22;27;35;40;48;55;60;56;51;45;38;42;37;33;33;30;22;21;20;20;21;18;16;12;16;16;8;10
Hombre;Entre 9 y menos de 11 salarios mínimos;3;Estrato 3;MATRICULADOS;;;2;2;1;1;1;1;1;1;1;1;1;;;;;;;;;11;63;88;149;176;173;191;279;308;387;415;410;379;365;326;307;285;249;221;182;160;127;103;79;77;69;64;50;41;43;39;23;23
Hombre;Entre 9 y menos de 11 salarios mínimos;3;Estrato 4;MATRICULADOS;;;;;;;;;;;;;;;;;;;;;;14;98;132;230;266;270;305;403;447;566;591;577;556;510;461;438;398;354;308;242;202;156;124;92;87;68;56;41;39;30;25;20;18
Hombre;Entre 9 y menos de 11 salarios mínimos;3;Estrato 5;MATRICULADOS;;;;;;;;;;;;;;;;;;;;;;39;92;122;177;207;223;244;292;326;379;385;368;351;317;268;255;222;197;177;148;125;92;73;59;42;36;25;19;15;12;11;12;10
Hombre;Entre 9 y menos de 11 salarios mínimos;3;Estrato 6;MATRICULADOS;;;;;;;;;;;;;;;;;;;;;;17;37;59;79;96;105;121;142;158;181;184;178;167;156;136;122;100;84;67;50;48;41;28;23;21;12;13;11;6;5;5;5;6
Hombre;Entre 9 y menos de 11 salarios mínimos;4;Sin informaci¿n;MATRICULADOS;238;258;306;316;630;669;726;705;710;703;689;622;600;548;504;406;328;255;253;217;180;140;131;123;115;99;107;93;87;72;78;70;70;61;57;49;39;34;37;44;35;36;28;26;20;26;26;28;21;28;22;24;19;23
Hombre;Entre 9 y menos de 11 salarios mínimos;4;Estrato 1;MATRICULADOS;;;;;;;;;;;;;;;;;;;;;;;3;4;5;5;8;8;7;10;17;17;17;18;21;22;17;17;14;16;8;8;5;6;3;3;2;3;2;3;3;2;1;2
Hombre;Entre 9 y menos de 11 salarios mínimos;4;Estrato 2;MATRICULADOS;;;;;;;;;;;;;;;;;;;;;;2;31;48;85;92;97;98;139;144;169;192;171;162;145;137;127;116;99;97;87;71;64;50;36;32;34;27;23;17;13;17;15;13
Hombre;Entre 9 y menos de 11 salarios mínimos;4;Estrato 3;MATRICULADOS;;;;;;;;;;;;;;;;;;;;;1;22;209;272;451;505;525;534;706;756;970;997;964;930;877;794;731;660;593;503;427;346;299;231;185;171;153;138;116;98;88;80;63;54
Hombre;Entre 9 y menos de 11 salarios mínimos;4;Estrato 4;MATRICULADOS;;;;;;;;;;;;;;;;;;;;;1;40;253;335;558;671;709;736;1024;1096;1379;1405;1338;1263;1189;1086;1017;928;777;664;517;419;329;248;191;158;143;105;96;88;77;76;61;57
Hombre;Entre 9 y menos de 11 salarios mínimos;4;Estrato 5;MATRICULADOS;;;;;;;;;;;;;;;;;;;;;;50;177;246;355;424;428;495;596;642;792;783;723;715;656;604;552;502;439;359;276;218;171;147;106;80;67;56;45;39;37;37;25;27
Hombre;Entre 9 y menos de 11 salarios mínimos;4;Estrato 6;MATRICULADOS;;;;;;;;;;;;;;;;;;;;;1;31;76;131;165;205;229;264;313;344;393;379;368;333;302;272;230;210;163;127;100;62;51;45;33;24;15;18;12;10;6;5;4;5
Hombre;Entre 9 y menos de 11 salarios mínimos;5;Sin informaci¿n;MATRICULADOS;262;279;337;325;670;715;750;733;746;735;717;650;607;568;489;392;314;252;240;229;178;160;138;120;109;113;101;93;102;100;99;92;82;82;73;72;63;62;49;51;43;42;28;33;30;35;37;45;36;39;38;41;29;30
Hombre;Entre 9 y menos de 11 salarios mínimos;5;Estrato 1;MATRICULADOS;;;;;;;;;;;;;;;;;;;;;;;3;5;5;4;5;5;11;10;15;16;16;16;15;13;13;13;11;10;8;7;10;9;9;6;8;9;7;6;6;6;3;2
Hombre;Entre 9 y menos de 11 salarios mínimos;5;Estrato 2;MATRICULADOS;;;;;;;;;;;;;;;;;;;;;;;21;26;43;50;60;56;70;80;104;112;117;114;101;102;103;98;84;77;65;62;47;38;31;26;23;19;17;18;12;13;11;9
Hombre;Entre 9 y menos de 11 salarios mínimos;5;Estrato 3;MATRICULADOS;;;;;;;;;;;;;;;;;;;;;;10;103;138;228;245;264;276;384;418;532;561;551;522;491;454;431;389;343;294;251;197;173;139;109;92;83;69;60;62;61;51;44;36
Hombre;Entre 9 y menos de 11 salarios mínimos;5;Estrato 4;MATRICULADOS;;;;;;;;;;;;;;;;;;;;;;14;146;196;318;372;379;405;521;549;685;679;650;621;559;504;465;415;360;326;279;218;178;151;106;86;86;70;55;46;37;30;25;28
Hombre;Entre 9 y menos de 11 salarios mínimos;5;Estrato 5;MATRICULADOS;;;;;;;;;;;;;;;;;;;;;1;35;104;158;248;294;304;333;409;446;534;546;530;509;463;395;368;331;297;252;194;151;115;97;86;66;48;39;32;32;27;20;15;12
Hombre;Entre 9 y menos de 11 salarios mínimos;5;Estrato 6;MATRICULADOS;;;;;;;;;;;;;;;;;;;;;;26;60;93;120;154;157;176;208;240;281;267;263;249;238;209;181;158;127;113;94;73;56;49;38;26;22;18;15;12;13;10;6;8
Hombre;Entre 9 y menos de 11 salarios mínimos;6;Sin informaci¿n;MATRICULADOS;88;110;126;130;256;275;294;276;290;294;295;262;248;230;210;180;161;129;127;105;89;80;65;60;51;57;51;43;44;44;33;34;38;35;29;31;24;29;26;21;23;25;20;22;19;22;18;17;15;14;12;13;6;12
Hombre;Entre 9 y menos de 11 salarios mínimos;6;Estrato 1;MATRICULADOS;;;;;;;;;;;;;;;;;;;;;;;;;3;3;3;3;3;6;7;10;11;9;10;10;9;9;8;8;7;4;3;3;;1;;;;;;1;1;1
Hombre;Entre 9 y menos de 11 salarios mínimos;6;Estrato 2;MATRICULADOS;;;;;;;;;;;;;;;;;;;;;;1;8;13;26;27;24;27;37;41;51;52;45;47;46;36;38;33;31;25;22;23;14;17;13;14;11;11;7;6;10;8;6;8
Hombre;Entre 9 y menos de 11 salarios mínimos;6;Estrato 3;MATRICULADOS;;;;;;;;;;;;;;;;;;;;;;3;53;65;101;114;121;127;169;177;201;210;203;185;178;165;147;128;110;95;74;61;55;41;34;29;35;29;27;24;18;21;15;17
Hombre;Entre 9 y menos de 11 salarios mínimos;6;Estrato 4;MATRICULADOS;;;;;;;;;;;;;;;;;;;;;;3;45;64;113;127;129;131;170;183;220;223;219;204;183;173;150;138;109;105;89;74;71;61;34;35;27;25;17;16;11;9;11;11
Hombre;Entre 9 y menos de 11 salarios mínimos;6;Estrato 5;MATRICULADOS;;;;;;;;;;;;;;;;;;;;;;4;25;42;66;71;75;79;94;108;121;128;123;114;104;99;89;85;69;62;54;33;28;23;23;16;16;14;9;7;6;7;6;4
Hombre;Entre 9 y menos de 11 salarios mínimos;6;Estrato 6;MATRICULADOS;;;;;;;;;;;;;;;;;;;;;;9;27;31;53;66;65;74;80;82;88;91;87;73;65;64;57;46;42;38;31;29;19;15;9;7;4;5;2;1;;1;1;1
Hombre;Entre 9 y menos de 11 salarios mínimos;7;Sin informaci¿n;MATRICULADOS;41;43;54;54;88;101;93;95;97;92;77;77;70;67;57;50;37;34;31;28;35;30;24;19;26;21;19;18;16;18;20;18;17;18;20;19;21;14;13;11;12;13;11;9;10;6;7;9;8;11;10;14;6;7
Hombre;Entre 9 y menos de 11 salarios mínimos;7;Estrato 1;MATRICULADOS;;;;;;;;;;;;;;;;;;;;;;;1;1;1;1;1;1;1;1;4;3;3;5;4;3;3;5;3;2;3;2;1;2;2;3;3;1;1;1;;1;;
Hombre;Entre 9 y menos de 11 salarios mínimos;7;Estrato 2;MATRICULADOS;;;;;;;;;;;;;;;;;;;;;;;1;3;9;8;13;12;15;17;19;21;20;19;18;19;19;17;17;12;11;11;7;6;6;5;4;2;3;3;4;3;3;2
Hombre;Entre 9 y menos de 11 salarios mínimos;7;Estrato 3;MATRICULADOS;;;;;;;;;;;;;;;;;;;;;;;16;22;32;33;28;32;47;49;63;67;72;73;71;59;58;45;36;36;29;26;24;17;15;11;10;7;6;5;5;5;4;4
Hombre;Entre 9 y menos de 11 salarios mínimos;7;Estrato 4;MATRICULADOS;;;;;;;;;;;;;;;;;;;;;;2;15;21;29;34;34;33;48;54;59;63;67;60;52;48;44;42;37;32;27;22;16;11;7;10;9;4;8;5;7;6;6;5
Hombre;Entre 9 y menos de 11 salarios mínimos;7;Estrato 5;MATRICULADOS;;;;;;;;;;;;;;;;;;;;;;2;4;9;11;11;12;13;19;20;28;28;32;28;27;25;28;25;21;18;12;10;8;6;4;6;6;6;6;4;6;5;5;3
Hombre;Entre 9 y menos de 11 salarios mínimos;7;Estrato 6;MATRICULADOS;;;;;;;;;;;;;;;;;;;;;;1;4;8;13;14;17;22;24;25;28;28;28;25;21;19;18;16;14;10;8;7;4;1;1;2;1;;;;;;;1
Hombre;Entre 9 y menos de 11 salarios mínimos;8;Sin informaci¿n;MATRICULADOS;9;12;19;18;30;32;36;32;32;37;33;33;32;32;33;23;22;15;18;15;14;9;12;10;8;10;8;9;8;8;11;13;12;11;10;13;9;7;9;6;8;4;4;4;2;2;5;6;5;3;2;3;4;4
Hombre;Entre 9 y menos de 11 salarios mínimos;8;Estrato 1;MATRICULADOS;;;;;;;;;;;;;;;;;;;;;;2;1;;;;1;1;1;;;1;;2;2;1;1;2;2;2;1;1;1;1;1;1;1;;;1;;;;
Hombre;Entre 9 y menos de 11 salarios mínimos;8;Estrato 2;MATRICULADOS;;;;;;;;;;;;;;;;;;;;;;1;3;4;4;6;5;5;5;7;8;10;9;8;8;6;6;6;5;5;5;4;1;2;1;1;1;1;1;1;1;1;1;
Hombre;Entre 9 y menos de 11 salarios mínimos;8;Estrato 3;MATRICULADOS;;;;;;;;;;;;;;;;;;;;;;;7;5;13;14;15;16;20;21;23;23;24;21;20;18;15;14;13;12;9;6;6;4;3;3;3;2;3;2;3;1;1;
Hombre;Entre 9 y menos de 11 salarios mínimos;8;Estrato 4;MATRICULADOS;;;;;;;;;;;;;;;;;;;;;;;3;3;5;6;8;7;11;11;13;13;12;16;12;11;8;9;5;6;5;4;4;1;;;;;;1;;;;1
Hombre;Entre 9 y menos de 11 salarios mínimos;8;Estrato 5;MATRICULADOS;;;;;;;;;;;;;;;;;;;;;;;2;4;6;8;5;8;8;9;13;11;10;10;12;8;8;4;5;7;5;2;4;4;4;3;6;4;5;4;4;3;4;3
Hombre;Entre 9 y menos de 11 salarios mínimos;8;Estrato 6;MATRICULADOS;;;;;;;;;;;;;;;;;;;;;;;4;5;6;6;6;7;8;7;7;7;7;7;6;4;4;3;3;3;1;2;1;1;1;1;1;1;1;1;;;;
Hombre;Entre 9 y menos de 11 salarios mínimos;9;Sin informaci¿n;MATRICULADOS;9;8;7;10;13;15;16;15;23;23;25;19;16;15;12;16;11;15;8;5;3;4;7;7;8;11;8;8;7;6;7;7;5;3;2;2;1;2;3;4;2;3;1;1;;1;1;1;;;;1;;1
Hombre;Entre 9 y menos de 11 salarios mínimos;9;Estrato 1;MATRICULADOS;;;;;;;;;;;;;;;;;;;;;;;1;2;;;1;1;1;1;1;1;1;1;1;;;;;;;;;;;;;;;;;;;
Hombre;Entre 9 y menos de 11 salarios mínimos;9;Estrato 2;MATRICULADOS;;;;;;;;;;;;;;;;;;;;;;;;;1;;1;2;1;1;;1;1;2;2;2;2;2;;;1;1;1;1;1;2;2;2;2;2;1;1;1;
Hombre;Entre 9 y menos de 11 salarios mínimos;9;Estrato 3;MATRICULADOS;;;;;;;;;;;;;;;;;;;;;;;;1;1;3;2;1;5;5;6;7;9;9;10;6;6;6;5;3;2;2;4;4;4;3;2;1;2;3;2;3;2;2
Hombre;Entre 9 y menos de 11 salarios mínimos;9;Estrato 4;MATRICULADOS;;;;;;;;;;;;;;;;;;;;;;;;1;4;4;3;2;3;3;5;5;5;4;3;2;1;1;2;2;2;2;2;2;1;1;1;1;;;;;;
Hombre;Entre 9 y menos de 11 salarios mínimos;9;Estrato 5;MATRICULADOS;;;;;;;;;;;;;;;;;;;;;;;;1;1;2;2;3;4;5;6;4;4;4;6;5;6;5;4;4;3;3;2;3;1;3;2;1;3;2;1;1;;1
Hombre;Entre 9 y menos de 11 salarios mínimos;9;Estrato 6;MATRICULADOS;;;;;;;;;;;;;;;;;;;;;;1;1;2;1;2;1;;1;1;1;1;2;2;;1;;;;;;;;1;1;1;1;1;1;1;1;1;1;1
Hombre;Entre 9 y menos de 11 salarios mínimos;10;Estrato 1;MATRICULADOS;;;;;;;;;;;;;;;;;;;;;;;;;;1;;;1;;1;3;2;;2;2;1;2;3;3;2;1;2;2;1;1;1;;;;;1;;
Hombre;Entre 9 y menos de 11 salarios mínimos;10;Estrato 2;MATRICULADOS;;;;;;;;;;;;;;;;;;;;;;;;;;1;;;3;2;3;3;4;2;2;3;2;1;1;3;2;2;1;2;2;3;3;3;3;3;3;3;1;
Hombre;Entre 9 y menos de 11 salarios mínimos;10;Estrato 3;MATRICULADOS;;;;;;;;;;;;;;;;;;;;;;;1;4;7;6;6;6;6;6;9;11;8;10;9;9;9;9;8;6;5;5;4;2;1;2;1;1;1;1;1;1;1;1
Hombre;Entre 9 y menos de 11 salarios mínimos;10;Estrato 4;MATRICULADOS;;;;;;;;;;;;;;;;;;;;;;;;;1;1;4;4;5;5;4;3;3;3;2;2;2;2;2;2;;;;;1;1;;;;;;;;
Hombre;Entre 9 y menos de 11 salarios mínimos;10;Estrato 5;MATRICULADOS;;;;;;;;;;;;;;;;;;;;;;;;;;;;;;;1;1;1;;1;2;;;;1;1;1;1;1;;;;;;;;;;
Hombre;Entre 9 y menos de 11 salarios mínimos;10;Estrato 6;MATRICULADOS;;;;;;;;;;;;;;;;;;;;;;;;1;1;1;1;1;1;1;1;1;1;1;;;;;;;;;;;;;;;;;;;;
Hombre;Entre 9 y menos de 11 salarios mínimos;11;Estrato 2;MATRICULADOS;;;;;;;;;;;;;;;;;;;;;;;;;1;1;;;1;1;1;1;1;2;2;1;3;2;2;2;1;;;;;;;;;;;;;
Hombre;Entre 9 y menos de 11 salarios mínimos;11;Estrato 3;MATRICULADOS;;;;;;;;;;;;;;;;;;;;;;;1;1;1;1;2;1;5;4;5;5;5;5;5;5;4;4;3;1;1;1;1;1;1;;;;;1;1;1;;
Hombre;Entre 9 y menos de 11 salarios mínimos;11;Estrato 5;MATRICULADOS;;;;;;;;;;;;;;;;;;;;;;;;;1;1;1;1;1;;;;;;;;;;;;;;;;;;;;;;;;;
Hombre;Entre 9 y menos de 11 salarios mínimos;12;Estrato 1;MATRICULADOS;;;;;;;;;;;;;;;;;;;;;;;;;;;1;;;;;;;;;;;;;;;;;;;;;;;;;;;
Hombre;Entre 9 y menos de 11 salarios mínimos;12;Estrato 2;MATRICULADOS;;;;;;;;;;;;;;;;;;;;;;;1;1;1;1;1;1;4;4;6;5;5;4;6;6;4;4;5;7;8;6;4;5;4;4;3;2;3;3;2;2;1;
Hombre;Entre 9 y menos de 11 salarios mínimos;12;Estrato 3;MATRICULADOS;;;;;;;;;;;;;;;;;;;;;;;;2;2;2;4;3;7;7;7;7;7;8;7;6;6;7;4;7;5;4;4;3;1;3;2;3;4;4;4;4;1;1
Hombre;Entre 9 y menos de 11 salarios mínimos;12;Estrato 4;MATRICULADOS;;;;;;;;;;;;;;;;;;;;;;;1;2;2;2;3;3;2;2;3;5;3;3;2;2;1;1;;1;;;;;;;1;1;;;;;;
Hombre;Entre 9 y menos de 11 salarios mínimos;12;Estrato 5;MATRICULADOS;;;;;;;;;;;;;;;;;;;;;;;1;1;2;2;2;2;2;1;2;2;2;1;1;1;1;1;1;1;1;;;;;;;;;;;1;;
Hombre;Entre 9 y menos de 11 salarios mínimos;12;Estrato 6;MATRICULADOS;;;;;;;;;;;;;;;;;;;;;;;;2;1;1;;;1;1;1;1;1;1;1;2;2;2;2;1;;;;;;;;;;;;;;
Hombre;Entre 11 y menos de 13 salarios mínimos;Sin informaci¿n;Sin informaci¿n;MATRICULADOS;7;6;10;8;11;16;19;18;18;17;17;14;17;20;17;12;9;6;3;5;5;4;4;4;4;2;1;2;2;3;3;2;2;2;2;3;4;3;3;3;1;;1;;;;;1;;;;;;
Hombre;Entre 11 y menos de 13 salarios mínimos;Sin informaci¿n;Estrato 1;MATRICULADOS;;;;;;;1;;2;4;6;7;9;10;5;4;8;8;8;9;9;10;11;8;10;9;11;7;7;9;7;5;6;3;6;6;4;4;4;3;2;;1;;1;1;1;1;1;2;2;2;3;4
Hombre;Entre 11 y menos de 13 salarios mínimos;Sin informaci¿n;Estrato 2;MATRICULADOS;;;;;;2;9;18;26;35;46;46;55;54;56;55;57;57;61;55;48;46;40;33;28;22;21;18;18;15;15;10;9;11;9;7;6;8;7;8;7;8;8;6;4;4;2;3;2;4;4;4;3;4
Hombre;Entre 11 y menos de 13 salarios mínimos;Sin informaci¿n;Estrato 3;MATRICULADOS;;;;;;5;67;89;173;192;300;336;365;356;357;340;330;295;301;284;259;220;181;154;121;93;90;79;60;57;55;46;38;36;38;35;38;25;26;25;23;24;28;31;29;26;24;19;10;16;13;8;6;5
Hombre;Entre 11 y menos de 13 salarios mínimos;Sin informaci¿n;Estrato 4;MATRICULADOS;;;;;;30;338;433;619;686;961;1162;1190;1199;1201;1150;1091;1003;973;891;764;624;488;388;309;246;213;185;140;118;100;92;80;77;66;57;50;44;37;43;41;45;38;33;41;35;31;27;23;20;22;14;14;18
Hombre;Entre 11 y menos de 13 salarios mínimos;Sin informaci¿n;Estrato 5;MATRICULADOS;;;;1;1;75;82;158;180;308;332;346;342;363;356;326;307;268;265;212;158;125;91;71;51;42;36;40;32;27;26;21;20;16;11;12;10;9;8;12;6;5;2;1;1;2;4;2;3;2;2;1;1;1
Hombre;Entre 11 y menos de 13 salarios mínimos;Sin informaci¿n;Estrato 6;MATRICULADOS;;;;;;6;11;14;16;28;37;49;52;122;143;141;136;132;137;136;117;115;103;76;60;45;31;30;18;12;12;6;8;6;5;7;5;3;5;1;1;2;2;2;1;2;1;1;;1;;;;1
Hombre;Entre 11 y menos de 13 salarios mínimos;1;Sin informaci¿n;MATRICULADOS;1;1;1;1;2;1;1;2;2;1;1;1;1;1;2;1;;;;;;;;1;;;1;;;;;1;1;1;1;1;;;;;;;;;;;;;;;;;;
Hombre;Entre 11 y menos de 13 salarios mínimos;1;Estrato 2;MATRICULADOS;;;;;;;;;;;;;;;;;;;;;;;;;1;;1;1;1;1;1;1;1;1;1;1;1;1;1;1;;;;;;;;;;;;;;
Hombre;Entre 11 y menos de 13 salarios mínimos;1;Estrato 3;MATRICULADOS;;;;;;;;;;;;;;;;;;;;;;;;;1;2;2;2;3;2;2;2;2;2;1;1;2;1;1;1;1;1;1;1;1;;;;;;;;;
Hombre;Entre 11 y menos de 13 salarios mínimos;1;Estrato 4;MATRICULADOS;;;;;;;;;;;;;;;;;;;;;;;3;2;2;3;3;2;4;3;5;5;5;5;4;3;1;1;2;2;2;1;1;;;;;;;;;;;
Hombre;Entre 11 y menos de 13 salarios mínimos;1;Estrato 5;MATRICULADOS;;;;;;;;;;;;;;;;;;;;;;1;3;3;3;3;3;3;2;3;2;2;2;2;1;1;1;1;1;1;1;1;1;1;;;;;;;;;;
Hombre;Entre 11 y menos de 13 salarios mínimos;1;Estrato 6;MATRICULADOS;;;;;;;;;;;;;;;;;;;;;;;1;2;3;3;2;4;5;5;5;4;3;3;2;2;1;1;1;1;;;;;;;;;;;;;;
Hombre;Entre 11 y menos de 13 salarios mínimos;2;Sin informaci¿n;MATRICULADOS;6;12;10;9;23;27;24;24;24;22;22;21;16;17;20;14;15;14;13;9;7;6;5;5;5;3;5;6;5;3;4;2;3;1;1;1;1;1;1;1;2;;;1;;;1;1;1;2;;1;;
Hombre;Entre 11 y menos de 13 salarios mínimos;2;Estrato 1;MATRICULADOS;;;;;;;;;;;;;;;;;;;;;;;;;;;;;;;;;;;;;1;1;1;1;1;2;2;2;2;2;1;1;1;1;1;1;1;1
Hombre;Entre 11 y menos de 13 salarios mínimos;2;Estrato 2;MATRICULADOS;;;;;;;;;;;;;;;;;;;;;;;;1;3;3;3;5;7;9;10;11;7;6;5;9;6;5;5;4;3;3;3;2;2;;;;;;;;;
Hombre;Entre 11 y menos de 13 salarios mínimos;2;Estrato 3;MATRICULADOS;;;;;;;;;;;;;;;;;;;;;;;7;8;14;10;15;15;24;25;36;36;31;32;32;27;25;26;19;17;14;12;9;6;6;5;5;3;2;3;1;1;;1
Hombre;Entre 11 y menos de 13 salarios mínimos;2;Estrato 4;MATRICULADOS;;;;;;;;;;;;;;;;;;;;;;4;14;24;43;47;50;61;66;76;90;97;90;87;81;77;69;65;56;42;39;35;29;21;13;15;13;6;7;6;7;7;6;4
Hombre;Entre 11 y menos de 13 salarios mínimos;2;Estrato 5;MATRICULADOS;;;;;;;;;;;;;;;;;;;;;;8;16;27;39;64;68;72;78;97;120;113;114;103;91;82;65;63;53;42;36;29;29;21;18;11;11;9;6;8;4;5;3;3
Hombre;Entre 11 y menos de 13 salarios mínimos;2;Estrato 6;MATRICULADOS;;;;;;;;;;;;;;;;;;;;;;8;24;37;47;55;61;84;96;113;123;117;116;103;97;80;73;62;54;50;32;24;18;14;11;7;5;5;2;1;1;3;1;1
Hombre;Entre 11 y menos de 13 salarios mínimos;3;Sin informaci¿n;MATRICULADOS;44;59;60;61;116;115;124;120;123;115;115;106;94;82;71;60;51;39;36;30;25;21;22;19;19;21;20;19;21;19;18;18;15;14;13;17;13;11;10;13;9;9;8;7;7;5;6;4;5;6;4;4;2;2
Hombre;Entre 11 y menos de 13 salarios mínimos;3;Estrato 1;MATRICULADOS;;;;;;;;;;;;;;;;;;;;;;;1;1;1;1;3;3;2;2;3;3;4;3;4;4;4;4;4;4;5;;;;;;;;2;1;;;;
Hombre;Entre 11 y menos de 13 salarios mínimos;3;Estrato 2;MATRICULADOS;;;;;;;;;;;;;;;;;;;;;;2;7;11;17;19;18;20;23;27;31;33;33;35;28;26;23;24;20;18;16;12;16;12;9;9;7;6;3;;1;;;
Hombre;Entre 11 y menos de 13 salarios mínimos;3;Estrato 3;MATRICULADOS;;;;;;;;;;;;;;;;;;;;;;3;40;51;110;124;128;129;158;179;223;215;209;199;195;188;178;160;138;122;96;77;61;51;40;33;28;26;23;16;10;11;6;7
Hombre;Entre 11 y menos de 13 salarios mínimos;3;Estrato 4;MATRICULADOS;;;;;;;;;;;;;;;;;;;;;;16;90;137;225;276;288;313;382;435;520;504;477;457;423;376;352;326;273;223;193;153;114;94;69;61;46;41;36;30;24;27;15;16
Hombre;Entre 11 y menos de 13 salarios mínimos;3;Estrato 5;MATRICULADOS;;;;;;;;;;;;;;;;;;;;;1;41;111;185;237;287;295;345;393;448;508;513;491;449;404;373;326;289;254;203;162;126;101;69;55;49;47;43;32;27;28;27;23;18
Hombre;Entre 11 y menos de 13 salarios mínimos;3;Estrato 6;MATRICULADOS;;;;;;;;;;;;;;;;;;;;;1;48;89;179;232;335;338;400;436;513;554;555;535;485;434;375;323;281;237;198;158;114;93;67;40;41;31;24;18;16;14;12;7;9
Hombre;Entre 11 y menos de 13 salarios mínimos;4;Sin informaci¿n;MATRICULADOS;167;189;209;189;398;400;435;443;424;414;379;349;332;299;249;214;184;145;147;127;112;107;92;77;66;61;58;46;41;37;44;39;35;36;35;33;28;22;25;19;19;21;15;21;15;15;17;16;17;18;18;17;11;11
Hombre;Entre 11 y menos de 13 salarios mínimos;4;Estrato 1;MATRICULADOS;;;;;;;;;;;;;;;;;;;;;;;2;1;5;5;4;5;9;14;17;15;19;18;16;14;10;8;9;9;9;9;6;4;2;4;2;6;4;5;2;3;2;3
Hombre;Entre 11 y menos de 13 salarios mínimos;4;Estrato 2;MATRICULADOS;;;;;;;;;;;;;;;;;;;;;;2;8;9;25;26;30;31;41;56;70;66;67;62;54;55;49;47;41;37;35;27;26;23;12;8;9;9;9;8;7;7;4;5
Hombre;Entre 11 y menos de 13 salarios mínimos;4;Estrato 3;MATRICULADOS;1;;1;;1;;1;;1;1;;;;;;;;;;;;13;98;129;204;229;240;267;374;410;505;515;507;488;454;410;374;343;293;249;205;179;143;113;91;74;61;46;39;32;40;28;23;26
Hombre;Entre 11 y menos de 13 salarios mínimos;4;Estrato 4;MATRICULADOS;;;;;;;;;;;;;;;;;;;;;;57;242;373;627;725;742;822;1029;1149;1406;1430;1384;1289;1190;1048;984;877;745;629;488;393;287;228;180;144;115;93;70;61;52;50;37;31
Hombre;Entre 11 y menos de 13 salarios mínimos;4;Estrato 5;MATRICULADOS;;;;;;;;;;;;;;;;;;;;;2;92;253;418;594;748;775;903;1059;1188;1324;1313;1280;1191;1090;975;874;738;624;512;405;321;254;188;143;114;97;83;56;49;46;36;22;25
Hombre;Entre 11 y menos de 13 salarios mínimos;4;Estrato 6;MATRICULADOS;;;;;;;;;;;;;;;;;;;;;2;134;230;409;516;702;729;859;949;1132;1236;1231;1159;1113;1009;888;757;670;584;454;355;259;173;133;95;73;60;51;42;34;29;20;15;15
Hombre;Entre 11 y menos de 13 salarios mínimos;5;Sin informaci¿n;MATRICULADOS;181;183;223;212;383;406;436;431;430;420;407;373;326;299;265;224;183;136;147;116;93;83;75;66;63;55;50;41;43;36;43;50;36;34;36;31;31;27;26;20;15;16;13;15;14;14;13;15;15;18;12;19;12;14
Hombre;Entre 11 y menos de 13 salarios mínimos;5;Estrato 1;MATRICULADOS;;;;;;;;;;;;;;;;;;;;;;2;3;3;6;3;6;6;7;4;8;8;8;9;8;6;5;5;5;3;6;3;4;3;2;1;;;;2;2;2;2;2
Hombre;Entre 11 y menos de 13 salarios mínimos;5;Estrato 2;MATRICULADOS;;;;;;;;;;;;;;;;;;;;;;4;12;12;20;26;27;33;42;47;48;53;51;52;51;39;40;35;25;26;22;18;17;14;14;9;9;7;5;4;4;3;3;3
Hombre;Entre 11 y menos de 13 salarios mínimos;5;Estrato 3;MATRICULADOS;;;;;;;;;;;;;;;;;;;;;;7;62;91;150;152;154;174;225;237;299;298;273;275;248;234;214;194;181;152;122;92;81;64;43;39;34;26;20;22;20;18;16;14
Hombre;Entre 11 y menos de 13 salarios mínimos;5;Estrato 4;MATRICULADOS;;;;;;;;;;;;;;;;;;;;;;28;138;203;343;407;426;469;572;601;748;761;732;701;615;566;508;443;385;324;274;222;170;125;102;86;65;53;41;31;27;21;17;17
Hombre;Entre 11 y menos de 13 salarios mínimos;5;Estrato 5;MATRICULADOS;;;;;;;;;;;;;;;;;;;;;1;66;180;269;360;456;464;532;629;715;800;823;788;759;676;606;545;476;399;331;243;172;132;105;79;72;61;44;39;31;24;23;16;20
Hombre;Entre 11 y menos de 13 salarios mínimos;5;Estrato 6;MATRICULADOS;;;;;;;;;;;;;;;;;;;;;;85;187;362;467;620;636;760;854;997;1089;1091;1039;980;867;744;654;582;483;390;302;193;138;108;85;67;54;41;32;24;23;16;14;9
Hombre;Entre 11 y menos de 13 salarios mínimos;6;Sin informaci¿n;MATRICULADOS;44;52;67;70;135;153;172;163;167;163;165;152;148;138;113;91;80;72;65;53;37;33;38;30;34;22;23;23;25;19;19;20;20;16;15;15;14;16;13;7;8;14;13;11;11;15;12;12;11;9;6;6;3;5
Hombre;Entre 11 y menos de 13 salarios mínimos;6;Estrato 1;MATRICULADOS;;;;;;;;;;;;;;;;;;;;;;;1;1;2;3;4;5;6;8;8;8;8;8;8;7;7;6;5;4;2;2;2;2;2;2;2;2;2;4;3;4;4;3
Hombre;Entre 11 y menos de 13 salarios mínimos;6;Estrato 2;MATRICULADOS;;;;;;;;;;;;;;;;;;;;;;;4;7;14;16;18;19;24;26;26;29;26;24;22;20;19;14;12;12;10;10;9;7;6;6;6;2;4;5;3;5;4;4
Hombre;Entre 11 y menos de 13 salarios mínimos;6;Estrato 3;MATRICULADOS;;;;;;;;;;;;;;;;;;;;;;2;20;30;50;53;49;54;65;79;92;101;105;94;88;78;73;70;64;56;46;41;28;26;19;15;13;8;9;10;8;7;6;7
Hombre;Entre 11 y menos de 13 salarios mínimos;6;Estrato 4;MATRICULADOS;;;;;;;;;;;;;;;;;;;;;;6;44;56;94;105;106;119;150;172;193;192;200;179;170;148;127;120;107;94;84;59;48;36;29;19;17;16;9;14;14;12;10;9
Hombre;Entre 11 y menos de 13 salarios mínimos;6;Estrato 5;MATRICULADOS;;;;;;;;;;;;;;;;;;;;;;20;68;98;131;169;176;195;233;261;285;284;265;246;213;184;167;141;117;100;73;58;51;32;22;23;19;16;12;12;10;6;5;4
Hombre;Entre 11 y menos de 13 salarios mínimos;6;Estrato 6;MATRICULADOS;;;;;;;;;;;;;;;;;;;;;;46;90;150;193;256;256;307;350;390;401;410;372;352;308;283;236;202;176;140;113;83;66;42;28;23;23;21;18;13;14;11;5;4
Hombre;Entre 11 y menos de 13 salarios mínimos;7;Sin informaci¿n;MATRICULADOS;16;20;20;20;38;49;45;50;52;52;48;48;48;40;42;37;34;27;28;26;23;24;19;18;18;12;12;16;14;17;13;16;13;9;10;7;8;7;8;8;5;9;7;7;4;4;7;7;6;4;5;5;5;6
Hombre;Entre 11 y menos de 13 salarios mínimos;7;Estrato 1;MATRICULADOS;;;;;;;;;;;;;;;;;;;;;;;;;1;1;1;3;3;5;4;5;5;4;4;5;5;5;3;4;3;2;1;1;;;;;;;;;;
Hombre;Entre 11 y menos de 13 salarios mínimos;7;Estrato 2;MATRICULADOS;;;;;;;;;;;;;;;;;;;;;;1;2;2;3;6;8;9;11;14;15;15;15;12;11;10;9;10;6;7;3;3;2;2;1;;;1;;;1;2;1;1
Hombre;Entre 11 y menos de 13 salarios mínimos;7;Estrato 3;MATRICULADOS;;;;;;;;;;;;;;;;;;;;;;;4;12;14;12;17;20;28;31;35;32;28;26;25;22;22;20;18;18;17;11;11;9;5;6;6;5;4;4;3;3;3;4
Hombre;Entre 11 y menos de 13 salarios mínimos;7;Estrato 4;MATRICULADOS;;;;;;;;;;;;;;;;;;;;;;4;8;7;21;18;23;22;28;37;42;41;40;44;39;37;31;27;20;18;15;14;6;7;4;4;4;3;3;2;2;2;2;2
Hombre;Entre 11 y menos de 13 salarios mínimos;7;Estrato 5;MATRICULADOS;;;;;;;;;;;;;;;;;;;;;;4;15;24;33;33;34;37;36;46;52;50;51;46;42;37;34;28;21;16;15;9;9;7;4;4;3;3;2;1;;;;
Hombre;Entre 11 y menos de 13 salarios mínimos;7;Estrato 6;MATRICULADOS;;;;;;;;;;;;;;;;;;;;;;10;27;43;59;69;78;85;93;96;101;93;90;87;79;69;53;42;34;28;17;15;8;8;5;3;4;3;5;2;1;3;2;1
Hombre;Entre 11 y menos de 13 salarios mínimos;8;Sin informaci¿n;MATRICULADOS;4;8;8;9;13;19;21;20;25;18;18;19;12;11;10;8;10;7;8;9;8;6;8;6;6;3;3;1;2;4;4;4;4;3;2;3;2;3;3;4;4;3;3;2;2;2;2;2;1;;;1;;
Hombre;Entre 11 y menos de 13 salarios mínimos;8;Estrato 1;MATRICULADOS;;;;;;;;;;;;;;;;;;;;;;;;;;;;;;;;;;1;2;2;3;2;2;1;1;1;;1;;;;;;;;;;
Hombre;Entre 11 y menos de 13 salarios mínimos;8;Estrato 2;MATRICULADOS;;;;;;;;;;;;;;;;;;;;;;;1;1;1;3;3;3;4;7;8;9;6;9;9;9;5;6;7;5;6;6;3;2;2;1;2;2;2;2;1;1;1;2
Hombre;Entre 11 y menos de 13 salarios mínimos;8;Estrato 3;MATRICULADOS;;;;;;;;;;;;;;;;;;;;;;;3;3;4;4;6;5;6;9;10;12;11;10;9;7;7;8;6;6;5;5;4;1;1;1;1;1;1;1;1;;;2
Hombre;Entre 11 y menos de 13 salarios mínimos;8;Estrato 4;MATRICULADOS;;;;;;;;;;;;;;;;;;;;;;1;8;9;13;16;17;14;18;17;16;19;17;13;13;12;9;7;6;5;4;3;2;1;3;2;1;1;1;1;1;1;1;2
Hombre;Entre 11 y menos de 13 salarios mínimos;8;Estrato 5;MATRICULADOS;;;;;;;;;;;;;;;;;;;;;;;3;4;8;8;9;12;13;15;16;14;14;11;10;12;12;12;9;9;7;5;4;4;2;2;3;4;3;3;2;2;1;1
Hombre;Entre 11 y menos de 13 salarios mínimos;8;Estrato 6;MATRICULADOS;;;;;;;;;;;;;;;;;;;;;;7;13;25;29;37;38;39;35;30;34;32;27;23;20;14;12;10;9;9;5;3;3;2;;;1;1;;;;;;
Hombre;Entre 11 y menos de 13 salarios mínimos;9;Sin informaci¿n;MATRICULADOS;8;6;10;9;13;14;15;15;15;13;14;9;11;7;8;6;4;6;4;2;2;2;2;5;3;5;6;6;4;3;4;4;3;3;4;5;1;;3;2;2;2;2;2;1;1;2;2;2;2;2;2;2;3
Hombre;Entre 11 y menos de 13 salarios mínimos;9;Estrato 2;MATRICULADOS;;;;;;;;;;;;;;;;;;;;;;;;;;;1;1;1;1;2;1;2;1;1;;1;1;;;;;;1;;;;1;;;;;;1
Hombre;Entre 11 y menos de 13 salarios mínimos;9;Estrato 3;MATRICULADOS;;;;;;;;;;;;;;;;;;;;;;;1;;2;3;5;4;7;6;6;6;7;6;8;6;6;4;4;3;2;2;1;;1;;;;2;1;1;1;1;
Hombre;Entre 11 y menos de 13 salarios mínimos;9;Estrato 4;MATRICULADOS;;;;;;;;;;;;;;;;;;;;;;;;;1;1;1;1;2;3;2;2;2;1;1;1;1;1;1;1;1;1;1;1;1;1;1;1;1;1;1;1;;
Hombre;Entre 11 y menos de 13 salarios mínimos;9;Estrato 5;MATRICULADOS;;;;;;;;;;;;;;;;;;;;;;1;1;3;4;4;3;7;8;7;8;7;6;5;4;3;4;2;1;;;;1;1;1;1;1;1;1;1;1;1;;
Hombre;Entre 11 y menos de 13 salarios mínimos;9;Estrato 6;MATRICULADOS;;;;;;;;;;;;;;;;;;;;;;2;1;4;6;5;6;9;8;10;13;11;9;9;8;7;7;6;4;5;3;1;2;1;1;1;1;1;;;;;;
Hombre;Entre 11 y menos de 13 salarios mínimos;10;Estrato 1;MATRICULADOS;;;;;;;;;;;;;;;;;;;;;;;;;;;;;1;1;;;;1;1;1;1;1;1;;;;1;1;1;2;1;;;;;;;
Hombre;Entre 11 y menos de 13 salarios mínimos;10;Estrato 2;MATRICULADOS;;;;;;;;;;;;;;;;;;;;;;;;;;;1;;;;;1;1;;1;;;;;;;;;;;;;;;;;;;
Hombre;Entre 11 y menos de 13 salarios mínimos;10;Estrato 3;MATRICULADOS;;;;;;;;;;;;;;;;;;;;;;;;;2;2;1;2;2;3;2;3;5;4;4;1;1;1;2;3;2;2;2;;;;2;2;3;3;1;1;1;
Hombre;Entre 11 y menos de 13 salarios mínimos;10;Estrato 4;MATRICULADOS;;;;;;;;;;;;;;;;;;;;;;;;;1;1;1;1;2;1;1;1;1;3;3;2;2;2;3;1;1;1;;;;;1;;;;;;;
Hombre;Entre 11 y menos de 13 salarios mínimos;10;Estrato 5;MATRICULADOS;;;;;;;;;;;;;;;;;;;;;;;1;;;;;;;;1;1;1;1;1;1;1;1;1;1;1;;;;;;;;;;;;;
Hombre;Entre 11 y menos de 13 salarios mínimos;10;Estrato 6;MATRICULADOS;;;;;;;;;;;;;;;;;;;;;;1;2;3;4;5;5;7;7;8;11;11;9;9;7;6;6;4;4;2;1;1;1;1;1;1;1;1;2;1;;1;1;2
Hombre;Entre 11 y menos de 13 salarios mínimos;11;Estrato 2;MATRICULADOS;;;;;;;;;;;;;;;;;;;;;;;;;;;;;1;1;1;1;1;;;;1;1;1;1;1;1;1;1;1;;;;;;;;;
Hombre;Entre 11 y menos de 13 salarios mínimos;11;Estrato 3;MATRICULADOS;;;;;;;;;;;;;;;;;;;;;;;1;1;2;1;2;3;5;4;5;4;5;5;6;4;3;3;3;3;3;2;;1;1;;;;;;;;;
Hombre;Entre 11 y menos de 13 salarios mínimos;11;Estrato 4;MATRICULADOS;;;;;;;;;;;;;;;;;;;;;;;;;;1;1;1;1;1;1;1;1;1;1;1;;1;;;;1;;;;;;;;;;;;
Hombre;Entre 11 y menos de 13 salarios mínimos;11;Estrato 5;MATRICULADOS;;;;;;;;;;;;;;;;;;;;;;;;;1;1;1;1;2;2;2;2;1;1;1;1;1;1;1;;;;;;;;;;;;;;;
Hombre;Entre 11 y menos de 13 salarios mínimos;11;Estrato 6;MATRICULADOS;;;;;;;;;;;;;;;;;;;;;;;1;1;1;2;2;2;2;2;2;2;2;1;1;;;;;;;;;;;;;;;;;;;
Hombre;Entre 11 y menos de 13 salarios mínimos;12;Estrato 1;MATRICULADOS;;;;;;;;;;;;;;;;;;;;;;;;;;;;;;;8;4;4;4;4;3;1;2;2;2;;;1;1;;1;1;1;1;1;1;1;;1
Hombre;Entre 11 y menos de 13 salarios mínimos;12;Estrato 2;MATRICULADOS;;;;;;;;;;;;;;;;;;;;;;;1;;1;2;2;3;4;4;5;4;4;4;4;4;5;3;2;3;1;2;1;1;1;1;1;;;2;1;3;3;3
Hombre;Entre 11 y menos de 13 salarios mínimos;12;Estrato 3;MATRICULADOS;;;;;;;;;;;;;;;;;;;;;;;2;3;4;2;3;3;4;3;6;7;8;7;7;6;7;6;6;5;3;2;2;3;2;2;3;4;4;2;3;3;2;1
Hombre;Entre 11 y menos de 13 salarios mínimos;12;Estrato 4;MATRICULADOS;;;;;;;;;;;;;;;;;;;;;;;;;2;3;2;2;3;2;2;3;4;3;3;3;3;1;1;1;;;;;;;;;;;;;;
Hombre;Entre 11 y menos de 13 salarios mínimos;12;Estrato 5;MATRICULADOS;;;;;;;;;;;;;;;;;;;;;;;;;4;5;4;5;4;4;4;4;4;4;5;3;3;1;2;2;1;;;;;;;;;;;;;
Hombre;Entre 11 y menos de 13 salarios mínimos;12;Estrato 6;MATRICULADOS;;;;;;;;;;;;;;;;;;;;;;;;1;8;9;9;10;10;8;8;8;8;7;5;3;1;2;1;1;1;1;1;1;;;;1;1;2;1;1;1;1
Hombre;Entre 13 y menos de 15 salarios mínimos;Sin informaci¿n;Sin informaci¿n;MATRICULADOS;4;5;6;7;9;11;11;12;11;11;13;14;13;11;11;7;9;5;4;3;3;6;3;3;3;3;4;3;3;3;3;4;2;3;2;3;2;1;;;;;1;1;1;2;1;1;1;1;3;2;1;
Hombre;Entre 13 y menos de 15 salarios mínimos;Sin informaci¿n;Estrato 1;MATRICULADOS;;;;;;;;;1;1;2;4;2;2;2;2;2;3;6;6;5;6;4;6;6;5;6;6;5;5;5;3;5;5;5;5;4;5;4;3;4;5;6;5;6;6;4;4;5;2;3;2;;
Hombre;Entre 13 y menos de 15 salarios mínimos;Sin informaci¿n;Estrato 2;MATRICULADOS;;;;;;1;5;8;13;27;35;32;40;33;36;33;31;26;25;23;19;18;19;20;17;12;16;13;13;10;12;8;7;7;3;1;3;5;4;7;4;5;8;6;4;7;5;6;6;7;8;8;6;5
Hombre;Entre 13 y menos de 15 salarios mínimos;Sin informaci¿n;Estrato 3;MATRICULADOS;;;;;1;3;29;33;92;104;178;201;223;219;221;210;207;179;183;162;149;132;106;97;73;68;63;57;52;44;33;29;30;25;26;18;16;16;13;9;8;6;5;11;8;8;7;6;5;5;5;6;4;4
Hombre;Entre 13 y menos de 15 salarios mínimos;Sin informaci¿n;Estrato 4;MATRICULADOS;;;;;;17;246;340;515;548;797;967;1008;1016;1015;981;927;861;827;729;623;496;389;296;222;188;144;122;87;75;68;66;51;46;43;42;39;31;26;29;26;21;23;20;15;23;24;19;18;18;14;13;10;8
Hombre;Entre 13 y menos de 15 salarios mínimos;Sin informaci¿n;Estrato 5;MATRICULADOS;;;;;1;92;100;158;157;265;278;285;291;314;315;281;259;229;216;183;160;127;96;72;58;42;36;33;20;16;11;6;7;6;5;8;11;6;4;2;3;3;3;2;;1;;;;;;;;
Hombre;Entre 13 y menos de 15 salarios mínimos;Sin informaci¿n;Estrato 6;MATRICULADOS;;;;;;4;7;13;14;31;38;44;44;136;136;133;135;130;138;128;120;111;98;72;60;40;24;22;14;12;11;5;4;5;3;3;2;1;2;1;3;2;2;2;1;3;3;3;3;1;2;2;1;
Hombre;Entre 13 y menos de 15 salarios mínimos;1;Sin informaci¿n;MATRICULADOS;1;1;1;1;1;1;1;1;1;1;1;1;1;1;1;1;1;;1;1;1;1;1;1;1;1;;;1;1;1;;;;;;;;;;;;;;;;;;;;;;;
Hombre;Entre 13 y menos de 15 salarios mínimos;2;Sin informaci¿n;MATRICULADOS;13;11;12;14;25;23;20;18;17;16;15;16;13;12;8;9;5;5;6;3;1;1;4;1;;;;;;;;;;;2;2;2;1;1;1;1;1;1;1;1;;;;;;1;1;1;1
Hombre;Entre 13 y menos de 15 salarios mínimos;3;Sin informaci¿n;MATRICULADOS;54;53;67;64;122;123;130;130;134;133;126;115;100;91;81;65;50;39;27;22;22;21;18;16;12;10;11;10;9;6;7;3;5;6;4;4;2;1;3;2;2;3;2;3;4;5;4;3;3;2;2;1;2;2
Hombre;Entre 13 y menos de 15 salarios mínimos;4;Sin informaci¿n;MATRICULADOS;104;122;137;129;279;295;327;322;325;300;293;261;253;226;198;168;124;91;70;62;47;42;36;34;25;24;18;20;16;11;11;14;14;15;13;15;12;11;12;16;17;16;12;12;11;14;12;12;10;7;7;5;4;5
Hombre;Entre 13 y menos de 15 salarios mínimos;5;Sin informaci¿n;MATRICULADOS;97;123;135;144;275;287;301;294;293;273;265;252;233;204;186;154;124;82;84;63;50;46;45;36;33;34;31;30;28;29;25;21;18;21;19;24;21;14;12;14;14;12;17;12;12;11;12;11;10;12;7;6;3;6
Hombre;Entre 13 y menos de 15 salarios mínimos;6;Sin informaci¿n;MATRICULADOS;55;57;55;59;120;128;136;133;132;117;118;110;97;90;77;63;43;36;39;32;27;20;21;13;17;15;14;9;7;9;8;9;10;7;8;8;7;7;5;6;3;4;4;4;4;5;2;3;2;4;3;3;3;2
Hombre;Entre 13 y menos de 15 salarios mínimos;7;Sin informaci¿n;MATRICULADOS;7;11;16;19;34;37;45;46;44;45;45;42;43;39;36;29;24;20;19;16;12;10;10;9;10;8;8;7;6;5;7;6;3;2;3;5;5;6;3;3;4;2;3;3;3;3;3;2;3;3;3;3;2;3
Hombre;Entre 13 y menos de 15 salarios mínimos;8;Sin informaci¿n;MATRICULADOS;4;4;4;5;9;7;10;7;8;7;5;4;4;2;3;3;3;1;5;2;2;2;2;1;1;;2;1;2;1;2;2;1;1;1;2;2;2;2;2;2;1;2;2;2;2;1;3;3;3;3;1;2;2
Hombre;Entre 13 y menos de 15 salarios mínimos;9;Sin informaci¿n;MATRICULADOS;5;4;6;4;9;9;9;6;8;9;6;6;3;3;3;1;2;;3;3;3;2;2;1;3;1;2;;;1;1;;;1;;;;1;;1;1;1;1;1;;;;;;;;;;
Hombre;15 o más salarios mínimos;Sin informaci¿n;Sin informaci¿n;MATRICULADOS;14;14;18;14;26;21;23;19;24;20;23;75;75;84;82;77;79;65;77;76;71;61;62;49;49;38;39;31;29;24;21;15;15;17;14;16;15;14;12;12;7;8;4;6;5;4;4;4;4;4;6;4;3;2
Hombre;15 o más salarios mínimos;Sin informaci¿n;Estrato 1;MATRICULADOS;;;;;1;1;2;4;9;9;10;15;15;14;14;15;13;14;11;11;10;8;6;6;5;4;2;3;6;3;1;1;3;2;2;2;2;1;2;2;2;2;2;1;2;2;1;1;;;;;;
Hombre;15 o más salarios mínimos;Sin informaci¿n;Estrato 2;MATRICULADOS;;;;;1;4;12;14;18;32;43;87;113;106;102;100;100;93;103;98;95;83;71;68;62;53;57;56;55;55;52;47;45;39;47;41;36;36;33;32;26;25;16;18;15;13;17;24;23;26;22;23;16;22
Hombre;15 o más salarios mínimos;Sin informaci¿n;Estrato 3;MATRICULADOS;1;1;1;1;1;6;53;82;153;178;300;333;332;344;340;330;318;309;307;287;250;213;170;150;128;99;81;70;58;60;48;37;37;28;20;26;22;27;28;24;20;18;17;15;12;11;10;13;8;5;6;4;2;4
Hombre;15 o más salarios mínimos;Sin informaci¿n;Estrato 4;MATRICULADOS;;;;;;47;487;675;931;1056;1474;1627;1678;1668;1669;1581;1500;1371;1349;1193;969;780;615;502;357;285;232;222;150;102;97;80;69;59;50;37;37;31;38;35;26;31;25;30;23;30;23;26;21;23;22;23;12;14
Hombre;15 o más salarios mínimos;Sin informaci¿n;Estrato 5;MATRICULADOS;;;;;3;302;310;538;577;927;957;999;995;1033;1026;918;837;721;700;556;465;327;253;207;150;112;97;85;59;46;36;34;28;24;27;21;16;16;18;10;11;13;11;10;9;10;7;6;7;10;8;6;7;6
Hombre;15 o más salarios mínimos;Sin informaci¿n;Estrato 6;MATRICULADOS;;;;;;27;40;48;56;91;113;120;129;411;433;431;422;400;414;394;366;354;331;264;192;138;97;86;50;32;27;21;17;12;7;12;8;4;5;3;3;3;2;4;4;5;5;3;2;3;4;3;4;4
Hombre;15 o más salarios mínimos;1;Sin informaci¿n;MATRICULADOS;1;;;;;;;;1;1;2;2;;;;;1;1;1;1;1;1;1;2;2;2;1;1;;1;1;;;;;;;;;;;;;;;;;;;;;;;
Hombre;15 o más salarios mínimos;2;Sin informaci¿n;MATRICULADOS;19;23;26;25;36;30;38;32;34;28;33;26;23;21;22;22;13;14;9;8;7;7;7;8;5;2;4;4;4;4;4;4;3;3;2;2;2;2;1;3;2;2;1;3;2;;1;1;1;1;;1;1;1
Hombre;15 o más salarios mínimos;3;Sin informaci¿n;MATRICULADOS;112;126;133;132;200;200;213;201;208;207;201;172;165;150;125;113;75;66;60;50;40;28;20;16;12;9;11;10;8;6;7;5;7;9;8;8;9;5;7;6;8;8;6;6;5;5;4;3;4;4;3;3;3;3
Hombre;15 o más salarios mínimos;4;Sin informaci¿n;MATRICULADOS;446;507;562;539;824;815;856;823;805;771;711;650;574;523;437;671;1128;988;931;837;784;707;624;594;576;547;502;492;431;372;309;289;247;228;217;211;209;227;146;125;89;75;58;55;45;42;37;35;26;25;25;23;19;22
Hombre;15 o más salarios mínimos;5;Sin informaci¿n;MATRICULADOS;437;497;562;536;851;816;879;837;858;788;738;664;594;526;443;341;284;213;183;162;134;115;113;90;86;81;66;62;51;54;50;44;41;35;34;26;27;25;28;32;26;25;27;28;21;27;24;22;14;16;19;17;13;16
Hombre;15 o más salarios mínimos;6;Sin informaci¿n;MATRICULADOS;151;178;190;196;285;269;295;277;287;266;251;226;195;172;149;116;99;73;78;65;54;42;37;31;32;28;31;24;26;20;27;23;20;16;13;12;11;12;13;11;10;9;9;9;10;9;9;12;7;7;8;14;10;13
Hombre;15 o más salarios mínimos;7;Sin informaci¿n;MATRICULADOS;46;60;66;62;95;101;99;90;104;90;91;80;71;65;60;47;37;35;35;27;22;22;20;16;14;15;13;11;11;11;11;10;12;10;7;6;8;7;3;5;4;5;6;6;4;10;8;8;8;7;6;6;4;5
Hombre;15 o más salarios mínimos;8;Sin informaci¿n;MATRICULADOS;18;16;19;19;23;27;25;22;24;27;21;16;16;13;12;11;9;10;12;9;6;8;9;9;8;10;7;6;7;7;6;4;3;1;1;1;2;3;3;2;1;3;2;2;1;1;2;2;3;2;3;2;1;
Hombre;15 o más salarios mínimos;9;Sin informaci¿n;MATRICULADOS;17;15;16;21;22;22;20;24;19;17;16;13;13;9;8;9;10;8;10;10;7;7;6;5;2;1;2;1;2;3;3;3;4;4;3;4;6;5;2;5;4;3;2;2;3;4;6;7;4;4;4;4;3;4
