SEXO;NUCLEO;NIVEL_FORMACION;TIPO;1998-1;1998-2;1999-1;1999-2;2000-1;2000-2;2001-1;2001-2;2002-1;2002-2;2003-1;2003-2;2004-1;2004-2;2005-1;2005-2;2006-1;2006-2;2007-1;2007-2;2008-1;2008-2;2009-1;2009-2;2010-1;2010-2;2011-1;2011-2;2012-1;2012-2;2013-1;2013-2;2014-1;2014-2;2015-1;2015-2;2016-1;2016-2;2017-1;2017-2;2018-1;2018-2;2019-1;2019-2;2020-1;2020-2;2021-1;2021-2;2022-1;2022-2;2023-1;2023-2;2024-1;2024-2
Mujer;Sin informaci¿n;Sin informaci¿n;DESERTORES;0;0;174;217;180;148;174;162;243;204;237;238;652;1234;121;123;261;200;176;439;0;162;158;35;30;19;19;75;9;16;12;18;22;21;12;15;17;1;;;;;;;;;;;;;;;;
Mujer;Sin informaci¿n;UNIVERSITARIA;DESERTORES;;;;;;;;;;;;;;;;;;;;;;;;;;;;;;;;;;;;;;;;;;;;;;;;;;;;0;0;6
Mujer;Sin informaci¿n;TECNOLOGICA;DESERTORES;;;;;;;;;;;;;;;;;;;;;;;;;;;;;;;;;;;;;;;;;;;;;;;;;;;;;;0
Mujer;Sin informaci¿n;FORMACION TECNICA PROFESIONAL;DESERTORES;;;;;;;;;;;;;;;;;;;;;;;;;;;;;;;;;;;;;;;;;;;;;;;;;;;;;;0
Mujer;AGRONOMIA;UNIVERSITARIA;DESERTORES;0;0;6;15;21;23;16;20;36;26;46;43;50;34;57;78;71;54;59;51;62;106;83;80;138;105;146;124;112;108;112;140;125;159;183;254;209;204;367;258;264;233;326;285;310;404;368;330;389;410;522;523;754;714
Mujer;AGRONOMIA;TECNOLOGICA;DESERTORES;0;0;24;32;16;34;30;63;206;93;55;52;104;92;128;106;142;139;201;215;277;193;334;183;423;394;232;225;301;423;536;948;1230;2160;994;1274;1221;1195;258;1204;420;1571;169;1178;297;1711;942;1685;324;1939;247;1874;178;1007
Mujer;AGRONOMIA;FORMACION TECNICA PROFESIONAL;DESERTORES;0;0;2;1;1;1;3;6;3;6;8;12;16;6;7;6;12;15;24;14;58;38;65;53;82;45;53;239;62;81;103;70;99;232;78;121;112;390;231;204;181;139;161;344;137;566;508;398;182;445;179;116;184;294
Mujer;ZOOTECNIA;UNIVERSITARIA;DESERTORES;0;0;44;34;69;43;62;67;85;84;69;122;126;139;122;158;180;138;190;188;224;303;276;317;304;270;331;252;281;240;306;248;317;291;377;343;383;303;418;330;427;345;450;437;469;675;409;452;602;631;751;754;901;917
Mujer;ZOOTECNIA;TECNOLOGICA;DESERTORES;0;0;19;31;38;25;50;25;80;88;120;124;125;181;182;419;245;89;76;64;53;100;67;71;101;156;96;95;59;166;307;166;342;390;343;193;285;331;129;351;165;400;51;337;69;587;662;580;76;869;83;1061;54;630
Mujer;ZOOTECNIA;FORMACION TECNICA PROFESIONAL;DESERTORES;;;;;;;;;;;;;;;;;;0;;;;;0;1;5;30;9;20;5;6;7;12;6;181;11;9;1;98;4;124;8;31;19;170;16;35;;7;46;0;0;0;1;13
Mujer;MEDICINA VETERINARIA;UNIVERSITARIA;DESERTORES;0;0;72;60;59;64;106;88;134;160;178;222;188;210;232;282;273;278;252;333;348;365;353;342;361;367;362;343;425;399;436;385;442;553;547;541;472;485;765;437;621;596;621;653;731;1242;769;517;854;915;843;977;983;1073
Mujer;MEDICINA VETERINARIA;TECNOLOGICA;DESERTORES;;;0;0;1;2;1;1;3;2;4;0;1;3;2;1;1;0;4;4;1;5;0;2;;;;;;;;;;;;;;;;;;;1;4;4;2;4;3;2;5;14;5;45;66
Mujer;"ARTES PLASTICAS, VISUALES Y AFINES";UNIVERSITARIA;DESERTORES;0;0;47;61;89;93;100;93;81;102;93;103;129;145;129;129;176;178;165;172;237;196;216;248;261;219;256;266;315;326;286;280;303;319;304;326;334;375;449;372;480;474;494;506;553;665;687;538;766;679;762;820;887;961
Mujer;"ARTES PLASTICAS, VISUALES Y AFINES";TECNOLOGICA;DESERTORES;;;;;;;;0;0;0;2;2;1;8;10;15;13;12;10;14;33;30;47;43;53;49;60;106;56;83;492;100;68;73;115;102;118;128;83;109;95;171;73;228;131;264;141;214;110;400;83;423;145;222
Mujer;"ARTES PLASTICAS, VISUALES Y AFINES";FORMACION TECNICA PROFESIONAL;DESERTORES;0;0;4;2;26;4;22;22;20;24;31;21;45;44;37;43;60;58;74;61;35;41;53;49;13;33;28;37;26;41;42;43;51;55;72;65;68;67;75;64;99;83;140;102;100;75;120;100;152;80;123;195;154;154
Mujer;ARTES REPRESENTATIVAS;UNIVERSITARIA;DESERTORES;0;0;0;36;3;39;3;15;8;39;21;15;89;73;13;16;23;13;41;25;34;35;30;25;59;37;62;30;64;44;65;42;56;66;50;66;63;67;76;103;94;111;83;110;139;89;147;101;172;104;121;151;157;176
Mujer;ARTES REPRESENTATIVAS;TECNOLOGICA;DESERTORES;;;;;;;;;;;;;;;;;;;;;;;;;;0;0;1;2;0;0;1;9;11;3;1;2;5;2;15;3;28;0;57;0;33;2;134;3;190;0;159;2;165
Mujer;ARTES REPRESENTATIVAS;FORMACION TECNICA PROFESIONAL;DESERTORES;;;;;;;0;0;2;5;9;7;7;7;10;19;7;7;4;9;3;8;11;4;12;21;9;8;12;18;22;10;11;11;11;1;9;3;18;11;11;9;19;25;32;10;11;6;9;18;5;11;8;11
Mujer;PUBLICIDAD Y AFINES;UNIVERSITARIA;DESERTORES;0;0;275;128;136;105;102;121;136;133;124;169;163;135;198;155;170;161;212;352;222;278;270;307;294;253;313;336;327;310;307;533;286;369;258;291;213;253;250;261;235;263;241;266;274;229;330;348;402;529;566;558;559;666
Mujer;PUBLICIDAD Y AFINES;TECNOLOGICA;DESERTORES;0;0;217;174;204;154;133;102;107;104;111;111;97;128;113;132;128;126;148;418;151;204;310;583;366;326;348;333;318;253;240;239;240;284;213;182;162;175;456;134;97;64;55;47;56;90;92;360;77;805;87;911;95;617
Mujer;PUBLICIDAD Y AFINES;FORMACION TECNICA PROFESIONAL;DESERTORES;0;0;16;33;42;58;25;39;49;53;52;47;44;68;71;72;49;66;67;71;76;88;129;271;187;135;175;181;115;107;110;117;97;95;129;148;143;92;67;58;39;40;36;44;47;20;52;112;225;336;447;459;467;489
Mujer;DISEÑO;UNIVERSITARIA;DESERTORES;0;0;281;105;175;110;163;180;230;260;218;225;247;240;266;394;363;495;428;352;552;610;775;739;672;938;778;709;744;854;801;819;941;890;953;1104;883;1293;922;906;1019;923;955;998;1013;1130;1342;986;1366;1435;1555;1486;1722;1688
Mujer;DISEÑO;TECNOLOGICA;DESERTORES;0;0;37;38;44;47;65;79;134;101;153;181;161;198;231;248;268;279;283;322;361;345;454;447;522;537;587;683;607;1006;1157;832;952;1317;1038;881;1247;1443;726;1162;760;1307;369;1339;376;1586;596;1370;490;1303;630;1182;622;915
Mujer;DISEÑO;FORMACION TECNICA PROFESIONAL;DESERTORES;0;0;52;33;143;72;112;164;192;191;272;241;258;261;328;465;395;594;437;408;624;591;764;846;525;841;775;815;948;669;823;575;839;1160;673;565;733;974;913;603;548;475;565;589;503;958;948;475;589;837;715;821;1005;929
Mujer;MUSICA;UNIVERSITARIA;DESERTORES;0;0;93;9;25;24;27;62;39;70;44;48;63;80;84;65;72;70;74;107;84;86;83;89;107;83;80;100;95;90;103;122;108;97;114;141;139;153;172;201;165;228;242;301;298;344;377;323;430;406;417;443;498;515
Mujer;MUSICA;TECNOLOGICA;DESERTORES;0;0;3;2;;0;;;;;;;0;0;0;2;7;4;8;11;20;13;6;5;3;12;12;9;8;13;2;14;12;14;16;21;22;22;19;28;34;37;42;77;41;87;26;130;54;136;93;146;47;118
Mujer;MUSICA;FORMACION TECNICA PROFESIONAL;DESERTORES;;;;;;;;;;;;;;;;;;;;;;;;0;0;19;8;11;2;5;9;12;16;15;15;17;22;15;26;21;24;14;14;17;17;19;51;17;27;36;29;36;43;34
Mujer;ADMINISTRACION;UNIVERSITARIA;DESERTORES;0;0;3925;2218;2798;2658;3565;3350;3325;3299;3334;3613;3899;3689;4365;4706;5033;4437;4756;8951;5975;7217;10458;10977;8455;9380;9555;10091;10896;12362;11761;12579;12760;14335;14698;13960;13923;14359;16596;16041;14687;15247;15820;15459;16084;16903;17123;14403;18888;19210;20456;20248;20600;18908
Mujer;ADMINISTRACION;TECNOLOGICA;DESERTORES;0;0;1109;1379;1264;1230;1272;1925;2043;1806;2064;2082;2495;2338;2515;4236;3265;2235;2526;3688;3928;4374;4612;5424;6139;6651;6186;7191;7584;7385;10328;8104;13451;12297;14840;9998;17542;18233;13062;20806;11807;19975;6497;24047;6800;26364;12839;26049;7472;34639;8391;42039;7787;27634
Mujer;ADMINISTRACION;FORMACION TECNICA PROFESIONAL;DESERTORES;0;0;213;403;970;321;612;601;497;410;863;837;1035;1030;985;780;1275;1787;1317;1252;2558;3064;3551;3268;3089;3442;3799;6739;5505;4442;4522;3991;4253;4720;4900;3967;4591;6878;5791;4193;3232;3842;3962;4548;3950;9171;5321;4533;4655;6605;6080;5541;5240;5242
Mujer;ADMINISTRACION;ESPECIALIZACION;DESERTORES;;;;;;;;;;;;;;;;;;;;;0;;0;;1;;2;;0;;;;;;;;;;;;;;;;;;;;;;;;;
Mujer;SIN CLASIFICAR;UNIVERSITARIA;DESERTORES;;;;;;;;;;;;;;;;;;;;;;;;;;;;;;;;;;;;;;;;;;;;;0;0;1;147;534;1566;3694;4876;7182;8776
Mujer;SIN CLASIFICAR;TECNOLOGICA;DESERTORES;;;;;;;;;;;;;;;;;;;;;;;;;;;;;;;;;;;;;;;;;;;;0;0;0;49;650;453;4839;1332;12322;2577;24335
Mujer;SIN CLASIFICAR;FORMACION TECNICA PROFESIONAL;DESERTORES;;;;;;;;;;;;;;;;;;;;;;;;;;;;;;;;;;;;;;;;;;;;;;0;0;2;124;379;363;556;1124;1305
Mujer;OTROS PROGRAMAS ASOCIADOS A BELLAS ARTES;UNIVERSITARIA;DESERTORES;;;;;;;;;;0;0;4;0;0;0;0;3;4;8;3;15;9;10;30;10;24;21;22;25;16;31;25;24;31;43;38;36;37;52;149;60;41;85;58;75;45;122;72;105;100;115;126;98;119
Mujer;OTROS PROGRAMAS ASOCIADOS A BELLAS ARTES;TECNOLOGICA;DESERTORES;;;;;;;;;;;;;0;;;0;1;1;;;9;;;;3;0;0;9;7;41;239;43;532;301;491;146;944;647;70;581;258;605;41;664;90;679;160;668;178;695;149;523;144;331
Mujer;OTROS PROGRAMAS ASOCIADOS A BELLAS ARTES;FORMACION TECNICA PROFESIONAL;DESERTORES;;;;;;;;;;;0;0;;0;0;;1;1;7;3;5;0;9;22;41;23;32;20;25;14;26;15;16;24;9;6;6;13;103;111;67;78;194;107;69;144;154;75;73;93;87;153;121;236
Mujer;EDUCACION;UNIVERSITARIA;DESERTORES;0;0;2720;1913;1783;2011;2317;2574;2262;2770;3151;2932;3134;4495;3745;4730;3839;4159;4048;5022;6011;6027;7334;8161;7982;7984;7616;8676;9121;8036;8521;8617;7701;9483;9036;8166;9194;8284;10663;11429;9679;10375;8876;9704;8861;9898;8919;7888;9499;9741;9477;9535;10473;9842
Mujer;EDUCACION;TECNOLOGICA;DESERTORES;0;0;12;9;22;12;6;130;4;;;;;;;;;;;;;;27;2;4;29;5;1;6;11;53;40;376;283;296;191;457;651;85;658;415;775;52;636;45;744;293;1219;71;555;34;422;23;294
Mujer;EDUCACION;FORMACION TECNICA PROFESIONAL;DESERTORES;0;0;9;7;3;6;2;2;6;9;19;7;10;26;215;28;15;10;14;11;11;16;12;2;17;15;19;9;28;28;42;38;78;46;38;39;39;20;38;18;39;15;4;3;10;17;57;2;42;34;10;15;9;4
Mujer;BACTERIOLOGIA;UNIVERSITARIA;DESERTORES;0;0;316;187;111;120;182;151;199;222;225;222;326;310;373;290;275;268;318;291;298;290;253;235;292;299;276;245;269;254;263;186;295;235;186;171;155;147;167;161;129;139;121;175;148;137;172;116;143;153;154;184;166;182
Mujer;BACTERIOLOGIA;TECNOLOGICA;DESERTORES;0;0;3;1;2;2;4;3;7;17;22;18;14;31;28;43;57;18;35;23;59;55;63;33;79;70;85;62;61;80;72;72;43;65;22;7;16;10;4;15;8;1;6;5;13;7;5;2;3;8;7;10;6;6
Mujer;BACTERIOLOGIA;FORMACION TECNICA PROFESIONAL;DESERTORES;;;;;;;;0;0;1;4;5;18;26;23;7;53;40;54;27;26;59;41;54;12;13;36;93;28;24;19;19;7;5;1;;28;143;3;3;3;7;4;9;7;2;;;;;;;;
Mujer;ENFERMERIA;UNIVERSITARIA;DESERTORES;0;0;229;240;339;221;263;531;435;557;536;557;611;705;866;624;674;674;717;663;809;947;1108;1013;1046;1039;1100;1236;1086;1144;1093;1023;986;1174;865;922;682;721;886;839;816;788;778;843;817;914;832;697;1002;1010;912;1345;923;895
Mujer;ENFERMERIA;TECNOLOGICA;DESERTORES;;;;;;;0;0;0;0;0;0;0;0;0;2;0;0;;0;10;0;0;1;0;0;0;1;0;0;0;;0;;0;0;0;18;2;10;56;24;2;16;12;17;27;2;21;1;0;12;17;5
Mujer;ENFERMERIA;FORMACION TECNICA PROFESIONAL;DESERTORES;;;;;0;0;0;0;0;0;0;4;1;6;9;35;9;32;65;31;42;33;84;56;91;89;86;96;86;113;119;115;66;115;154;52;48;24;7;;6;;;;;;;;;;;;;
Mujer;TERAPIAS;UNIVERSITARIA;DESERTORES;0;0;345;540;526;334;445;423;655;809;598;618;790;706;870;641;627;573;604;686;858;928;966;985;989;833;942;862;918;1107;877;910;839;919;861;797;714;733;778;824;824;688;801;699;758;776;862;576;700;886;921;936;1120;951
Mujer;TERAPIAS;TECNOLOGICA;DESERTORES;0;;0;0;23;21;22;140;13;9;16;6;9;7;7;;;;;;;;;;10;7;;0;;22;87;53;124;89;110;82;279;249;8;293;128;427;5;421;8;403;48;585;13;549;19;554;55;595
Mujer;INSTRUMENTACION QUIRURGICA;UNIVERSITARIA;DESERTORES;0;0;152;146;143;180;237;276;318;248;334;287;310;289;275;222;192;192;172;186;192;201;219;206;163;186;231;216;213;237;214;209;256;226;253;189;153;124;199;194;151;136;146;152;156;139;153;100;148;131;179;183;176;217
Mujer;INSTRUMENTACION QUIRURGICA;FORMACION TECNICA PROFESIONAL;DESERTORES;0;0;4;3;10;16;15;12;10;36;34;65;78;94;36;14;101;81;111;51;46;45;35;41;16;30;10;39;15;;;;11;4;0;1;3;;;;;;;;;;;;;;;;;
Mujer;MEDICINA;UNIVERSITARIA;DESERTORES;0;0;711;131;225;198;349;356;451;518;522;574;730;738;638;626;749;625;610;1708;933;849;1034;1143;1106;1047;1608;2304;1384;1240;1148;1067;941;1320;953;1304;762;738;791;789;724;810;881;905;829;899;767;760;857;906;1058;1095;1153;1107
Mujer;MEDICINA;TECNOLOGICA;DESERTORES;0;0;3;6;12;4;15;10;8;20;15;13;34;22;24;21;24;25;22;15;17;20;33;26;30;51;35;39;38;24;50;57;50;36;86;44;65;90;68;107;132;121;163;227;192;398;238;532;178;778;246;774;281;549
Mujer;MEDICINA;FORMACION TECNICA PROFESIONAL;DESERTORES;0;0;1;2;2;4;7;6;7;12;2;10;12;7;10;15;9;6;7;12;26;29;30;37;11;49;44;58;44;57;47;40;41;32;29;28;19;21;9;15;13;16;15;23;19;28;19;12;14;16;5;11;6;11
Mujer;NUTRICION Y DIETETICA;UNIVERSITARIA;DESERTORES;0;0;9;21;12;18;26;76;40;45;34;63;43;77;109;77;72;83;97;94;137;97;97;102;121;90;93;104;122;119;116;73;93;117;90;84;71;83;109;109;139;92;145;212;186;158;127;100;153;135;145;144;141;137
Mujer;NUTRICION Y DIETETICA;TECNOLOGICA;DESERTORES;;;;;;;;;;;;;;;;;;;;;;;;;;;;;;;;;;;;;;;;;0;0;12;21;24;4;6;;17;1;9;3;18;7
Mujer;NUTRICION Y DIETETICA;FORMACION TECNICA PROFESIONAL;DESERTORES;;;;;;;;;;;;;;;;;;;;;;;;;;;;;;;;;;;;;0;0;4;7;0;1;21;9;11;9;16;;25;19;24;11;5;11
Mujer;ODONTOLOGIA;UNIVERSITARIA;DESERTORES;0;0;949;231;288;329;293;231;318;241;353;396;422;445;437;382;410;405;354;1070;464;642;569;639;649;538;622;907;684;678;651;596;551;686;560;671;349;376;458;389;395;376;386;343;356;380;362;238;391;393;448;462;514;464
Mujer;ODONTOLOGIA;TECNOLOGICA;DESERTORES;0;0;4;9;27;23;15;17;22;22;15;15;18;12;16;24;26;19;21;27;23;26;44;35;32;39;43;47;44;54;65;122;74;84;74;56;61;84;59;51;50;42;61;33;30;58;77;29;35;33;25;39;39;35
Mujer;ODONTOLOGIA;FORMACION TECNICA PROFESIONAL;DESERTORES;0;0;2;2;0;1;2;4;1;0;3;11;4;7;49;24;14;183;98;121;139;130;161;161;147;106;122;138;162;148;221;151;186;228;225;175;200;106;214;174;136;256;250;171;230;190;205;92;105;93;119;86;62;34
Mujer;ODONTOLOGIA;ESPECIALIZACION;DESERTORES;;;;;;;;;;;;;;;;;;;;;;;;;;;;;0;;;;;;;;;;;;;;;;;;;;;;;;;
Mujer;"OPTOMETRIA, OTROS PROGRAMAS DE CIENCIAS DE LA SALUD";UNIVERSITARIA;DESERTORES;0;0;99;26;25;37;44;32;51;52;60;46;85;63;70;68;54;50;53;33;45;74;64;79;78;81;74;72;63;74;88;75;84;103;71;93;52;58;45;46;60;71;81;59;63;71;57;51;63;82;91;90;115;91
Mujer;"OPTOMETRIA, OTROS PROGRAMAS DE CIENCIAS DE LA SALUD";TECNOLOGICA;DESERTORES;0;0;6;4;10;9;14;5;12;8;4;7;4;8;5;2;49;65;47;29;46;42;90;121;193;166;142;187;173;188;192;220;154;203;138;117;127;152;133;121;100;103;93;101;94;99;81;57;118;112;128;100;97;121
Mujer;"OPTOMETRIA, OTROS PROGRAMAS DE CIENCIAS DE LA SALUD";FORMACION TECNICA PROFESIONAL;DESERTORES;;;;;;;;;;;0;0;6;15;0;0;5;14;19;15;14;12;17;37;22;23;38;71;54;101;96;62;100;101;112;92;77;89;55;;;139;;;;;;;;;;;;
Mujer;SALUD PUBLICA;UNIVERSITARIA;DESERTORES;;;;;0;0;15;19;48;24;40;32;48;72;62;57;37;82;50;76;112;73;212;262;782;754;1076;390;1190;423;1413;1634;365;629;537;1856;485;374;478;501;345;646;955;506;468;511;385;423;527;711;742;727;704;696
Mujer;SALUD PUBLICA;TECNOLOGICA;DESERTORES;0;0;0;5;7;7;12;5;6;32;8;8;20;9;24;33;34;17;56;37;68;93;122;81;115;94;109;198;221;196;754;412;1268;954;1489;800;1342;1211;628;1254;550;1275;302;1099;335;910;649;472;401;450;501;522;477;451
Mujer;SALUD PUBLICA;FORMACION TECNICA PROFESIONAL;DESERTORES;;;0;;0;15;10;21;15;18;30;19;30;39;68;88;72;51;44;26;66;75;72;93;178;180;193;183;219;203;157;224;218;227;335;212;172;155;144;137;96;105;107;110;101;123;140;148;340;305;308;753;841;461
Mujer;"ANTROPOLOGIA, ARTES LIBERALES";UNIVERSITARIA;DESERTORES;0;0;19;16;20;23;32;19;49;68;28;62;54;60;76;86;72;65;90;78;83;108;114;85;87;100;107;96;90;104;97;117;102;115;111;112;121;99;141;87;110;105;122;144;155;145;172;79;212;134;132;171;192;179
Mujer;"BIBLIOTECOLOGIA, OTROS DE CIENCIAS SOCIALES Y HUMANAS";UNIVERSITARIA;DESERTORES;0;0;0;3;4;2;8;8;25;22;28;24;32;34;40;39;21;39;40;105;54;86;121;92;90;112;167;138;145;172;195;169;215;233;206;191;662;143;175;168;44;209;144;125;135;127;223;73;140;129;118;181;154;150
Mujer;"BIBLIOTECOLOGIA, OTROS DE CIENCIAS SOCIALES Y HUMANAS";TECNOLOGICA;DESERTORES;;;;;0;0;1;4;5;1;2;1;2;1;0;0;1;7;5;1;9;10;8;12;10;7;8;10;17;242;1985;206;456;429;337;276;739;513;90;624;208;664;33;773;25;883;521;1035;396;1071;30;929;30;477
Mujer;"BIBLIOTECOLOGIA, OTROS DE CIENCIAS SOCIALES Y HUMANAS";FORMACION TECNICA PROFESIONAL;DESERTORES;;;;;;;;;;;;;;;;;;;0;0;0;0;0;0;1;8;6;0;;;;;;;;;;5;28;0;;5;0;0;32;20;0;1;0;2;0;1;0;0
Mujer;"CIENCIA POLITICA, RELACIONES INTERNACIONALES";UNIVERSITARIA;DESERTORES;0;0;17;26;62;44;56;61;81;160;111;130;147;176;189;187;209;202;232;255;346;358;456;298;380;363;463;437;362;441;343;384;365;409;430;385;411;355;469;402;417;409;357;430;481;527;492;458;670;669;645;643;736;655
Mujer;"CIENCIA POLITICA, RELACIONES INTERNACIONALES";TECNOLOGICA;DESERTORES;;;;;;;;;;;;;;;;;;;;;;0;0;8;11;11;9;22;22;22;29;29;29;18;25;19;14;13;14;7;6;7;3;3;2;0;1;3;1;5;11;4;5;0
Mujer;"COMUNICACIÓN SOCIAL, PERIODISMO Y AFINES";UNIVERSITARIA;DESERTORES;0;0;1036;236;394;313;369;370;610;546;514;609;712;839;908;980;960;948;1070;1307;1396;1456;1523;1493;1486;1454;1491;1560;1520;1787;1600;1648;1806;1706;1801;1702;1726;1502;1906;1837;1785;1615;1679;1686;1846;1822;2193;1532;1736;1677;1745;1830;2014;1897
Mujer;"COMUNICACIÓN SOCIAL, PERIODISMO Y AFINES";TECNOLOGICA;DESERTORES;0;0;28;34;40;36;44;57;41;41;47;46;24;23;41;29;24;32;31;59;82;63;139;93;100;114;133;137;199;161;161;148;205;152;166;120;237;255;178;290;160;397;272;277;175;250;302;204;191;261;216;238;243;163
Mujer;"COMUNICACIÓN SOCIAL, PERIODISMO Y AFINES";FORMACION TECNICA PROFESIONAL;DESERTORES;0;0;9;7;64;4;20;26;10;4;25;48;22;70;48;16;87;134;72;17;75;82;107;111;77;118;90;129;159;170;181;152;230;281;257;218;169;452;335;267;164;253;346;339;228;904;540;381;385;972;492;506;452;482
Mujer;"DEPORTES, EDUCACION FISICA Y RECREACION";UNIVERSITARIA;DESERTORES;0;0;91;38;39;35;43;67;188;77;111;50;72;57;116;90;65;160;98;118;158;128;144;127;143;147;144;93;119;138;106;93;146;108;210;214;247;377;331;320;561;479;504;706;690;800;880;547;629;742;600;764;680;654
Mujer;"DEPORTES, EDUCACION FISICA Y RECREACION";TECNOLOGICA;DESERTORES;0;0;1;3;5;5;0;1;4;3;4;27;10;7;10;13;9;9;19;42;12;7;29;13;29;11;15;26;45;30;29;50;54;75;50;70;102;101;87;111;136;147;157;172;204;271;237;248;115;729;203;1185;261;677
Mujer;"DEPORTES, EDUCACION FISICA Y RECREACION";FORMACION TECNICA PROFESIONAL;DESERTORES;;;;;0;0;0;4;3;0;1;5;2;4;1;2;2;1;3;1;15;0;3;9;18;10;8;4;18;7;18;10;13;11;28;23;35;39;65;49;60;36;39;44;35;33;67;53;42;33;46;47;70;52
Mujer;DERECHO Y AFINES;UNIVERSITARIA;DESERTORES;0;0;3528;1258;3635;1515;1755;2088;2726;2333;2791;3105;3701;3132;3844;3310;3321;4027;4146;6113;3691;5618;4739;5235;4615;5422;5522;5779;5402;6843;5221;6727;5991;7130;6658;7094;6281;6779;7208;7426;6954;7991;7185;7453;7270;7963;7352;7106;7475;7331;6923;8439;8002;8707
Mujer;DERECHO Y AFINES;TECNOLOGICA;DESERTORES;0;0;8;17;22;33;63;47;96;69;90;75;78;175;106;98;140;228;167;153;163;157;198;115;119;123;120;175;114;385;162;182;181;199;138;239;151;141;207;195;173;175;171;176;202;237;344;165;297;221;258;184;252;268
Mujer;DERECHO Y AFINES;FORMACION TECNICA PROFESIONAL;DESERTORES;;;;;0;0;0;0;0;0;3;5;0;24;14;1;9;;19;0;8;2;0;7;17;15;63;49;83;71;88;63;102;116;103;40;48;28;49;42;30;52;72;73;53;84;106;89;79;71;189;79;63;88
Mujer;FORMACION RELACIONADA CON EL CAMPO MILITAR O POLICIAL;UNIVERSITARIA;DESERTORES;0;0;3;3;3;1;8;2;1;0;7;5;7;12;2;3;7;11;7;3;30;36;35;12;14;22;14;29;20;33;23;28;43;19;99;79;77;113;101;72;105;91;119;59;113;95;107;47;144;152;146;162;212;86
Mujer;FORMACION RELACIONADA CON EL CAMPO MILITAR O POLICIAL;TECNOLOGICA;DESERTORES;0;0;0;3;8;1;0;0;0;0;0;0;0;0;0;4;0;0;1;1;18;0;34;45;29;36;40;125;29;32;8;6;4;13;69;63;96;83;83;68;77;57;60;91;51;83;59;52;112;112;133;98;204;104
Mujer;FORMACION RELACIONADA CON EL CAMPO MILITAR O POLICIAL;FORMACION TECNICA PROFESIONAL;DESERTORES;;;;;;;;0;;;;;;;;;;;0;0;35;158;24;21;75;32;330;10;84;583;0;243;36;89;27;1075;1022;0;42;23;36;23;28;22;86;146;43;32;132;67;93;75;92;164
Mujer;"GEOGRAFIA, HISTORIA";UNIVERSITARIA;DESERTORES;0;0;71;22;37;19;57;48;54;82;65;94;85;101;95;104;109;77;147;179;175;171;181;175;153;127;143;161;149;139;187;217;169;166;204;170;207;201;266;196;180;218;252;268;299;279;232;203;345;254;298;285;335;258
Mujer;"GEOGRAFIA, HISTORIA";TECNOLOGICA;DESERTORES;0;;;;;;;0;15;1;1;1;5;6;10;10;9;1;6;9;5;9;7;9;7;15;7;4;3;2;2;5;6;3;4;4;6;6;7;9;9;5;6;13;5;9;12;22;5;14;1;0;5;2
Mujer;"LENGUAS MODERNAS, LITERATURA, LINGUISTICA Y AFINES";UNIVERSITARIA;DESERTORES;0;0;21;40;41;49;57;82;72;51;110;121;65;139;114;184;111;127;114;240;169;169;169;174;151;190;205;216;215;251;270;251;259;244;288;290;325;358;471;481;458;444;459;442;560;635;693;528;677;608;765;863;818;696
Mujer;"LENGUAS MODERNAS, LITERATURA, LINGUISTICA Y AFINES";TECNOLOGICA;DESERTORES;;;;;;;;;;;;;;;;;;;;;;;;;;;;;;;0;0;0;1;1;4;1;1;;0;0;4;2;0;;0;2;0;;;;;;
Mujer;"LENGUAS MODERNAS, LITERATURA, LINGUISTICA Y AFINES";FORMACION TECNICA PROFESIONAL;DESERTORES;0;0;4;11;51;5;17;11;2;2;2;43;10;23;9;10;6;5;25;21;16;13;20;20;38;38;7;85;76;60;90;53;79;100;98;63;42;64;;;;;;;;;;;;;;;;
Mujer;PSICOLOGIA;UNIVERSITARIA;DESERTORES;0;0;1116;786;1186;963;1062;1387;1615;1275;1645;2083;2326;2371;2566;2841;1984;1992;2000;3705;1655;3742;2954;3355;3585;3597;3583;3410;4067;4148;4710;5008;5337;5865;5917;5547;5348;5167;6135;5656;5814;5102;6074;5813;5976;6291;5932;4626;5413;5190;6224;6191;6328;5180
Mujer;PSICOLOGIA;FORMACION TECNICA PROFESIONAL;DESERTORES;;;;;;;;;;;;;;;;;;;;;0;0;3;3;2;18;7;0;38;4;3;5;12;4;5;9;6;3;;;;;;;;;;;;;;;;
Mujer;"FILOSOFIA, TEOLOGIA Y AFINES";UNIVERSITARIA;DESERTORES;0;0;134;46;43;32;35;37;45;63;59;81;80;126;122;195;144;205;164;178;167;227;236;208;178;204;213;243;201;203;192;250;219;214;242;289;239;251;285;259;317;261;296;367;388;400;356;410;460;461;484;556;448;500
Mujer;"SOCIOLOGIA, TRABAJO SOCIAL Y AFINES";UNIVERSITARIA;DESERTORES;0;0;217;141;467;168;441;271;333;353;476;501;447;550;582;529;620;618;687;1018;726;832;847;1014;942;967;1092;1143;1358;1378;1167;1373;1138;1382;1260;1242;1255;1229;1505;1780;1363;1408;1435;1750;1683;1849;1953;1494;1958;2165;2116;2108;2276;2206
Mujer;"SOCIOLOGIA, TRABAJO SOCIAL Y AFINES";TECNOLOGICA;DESERTORES;0;0;4;18;17;22;12;35;55;57;20;38;35;44;41;47;22;41;40;17;21;25;35;25;38;29;28;38;60;44;59;56;45;37;59;100;52;66;71;54;124;99;111;88;133;143;98;106;122;213;175;190;116;150
Mujer;"SOCIOLOGIA, TRABAJO SOCIAL Y AFINES";FORMACION TECNICA PROFESIONAL;DESERTORES;0;0;3;1;3;1;9;33;34;20;41;35;58;87;102;112;90;283;232;189;199;259;308;225;289;150;150;343;223;320;261;156;247;185;310;176;158;337;263;114;95;52;151;61;42;62;64;39;73;108;64;58;65;125
Mujer;ECONOMIA;UNIVERSITARIA;DESERTORES;0;0;915;654;646;526;619;662;832;657;657;927;828;904;938;1017;963;1092;949;1798;1316;1686;1656;1802;1731;1679;1895;2092;1613;1827;1593;1573;1515;1598;1761;1606;1608;1628;1901;1978;1722;1816;1765;1776;1997;1922;1781;1458;1881;1905;2045;2057;2209;2069
Mujer;ECONOMIA;TECNOLOGICA;DESERTORES;0;0;6;9;42;42;20;23;46;64;42;44;52;59;69;77;71;104;124;138;160;207;169;220;215;253;273;188;227;274;536;743;1452;1431;1701;1366;2899;3757;6243;2476;1513;2681;203;2356;253;2013;973;1932;509;1549;202;1864;182;1022
Mujer;ECONOMIA;FORMACION TECNICA PROFESIONAL;DESERTORES;0;0;10;5;10;8;13;47;47;29;68;39;77;144;79;100;154;103;159;172;391;286;491;274;447;308;455;393;742;386;500;338;692;632;697;613;447;434;613;455;503;485;445;424;464;458;446;454;555;509;589;465;508;321
Mujer;CONTADURIA PUBLICA;UNIVERSITARIA;DESERTORES;0;0;2609;1502;1852;1676;1672;2034;1889;1754;1901;2550;2113;2232;2458;2388;2804;2433;2629;7148;4557;3616;4415;4584;4530;5401;4817;6860;5627;5461;5698;7208;6086;6788;6490;6349;5400;6093;6450;5923;5588;6018;5859;5599;6171;6490;7064;5071;6246;6175;7162;6480;7340;6905
Mujer;CONTADURIA PUBLICA;TECNOLOGICA;DESERTORES;0;0;106;151;153;160;210;248;370;320;378;426;400;443;361;490;484;553;694;989;728;795;912;984;1315;1640;1392;1240;2309;1765;2208;1949;3477;5242;3045;2914;4327;5942;3276;6312;3917;5283;1393;4235;1275;3658;4458;2558;1221;2710;1299;2882;1200;1675
Mujer;CONTADURIA PUBLICA;FORMACION TECNICA PROFESIONAL;DESERTORES;0;0;37;66;64;90;61;76;66;98;92;60;150;168;163;87;186;341;243;153;499;488;1034;891;759;1054;1060;1384;1423;810;802;838;1079;1406;1865;1309;1591;3009;1774;1251;976;1093;1083;1176;909;1625;1274;1156;1520;1792;1801;1588;1619;1761
Mujer;ARQUITECTURA;UNIVERSITARIA;DESERTORES;0;0;418;167;228;191;261;252;239;228;238;358;229;295;273;303;321;320;322;372;369;438;440;456;508;489;510;475;492;626;572;601;656;708;889;714;922;925;1020;1088;1114;1051;1157;1145;1279;1311;1378;1037;1599;1359;1596;1465;1571;1483
Mujer;ARQUITECTURA;TECNOLOGICA;DESERTORES;0;0;13;42;31;23;35;44;51;45;40;49;40;33;48;36;42;38;49;38;59;55;42;70;58;64;44;50;63;79;43;76;41;66;170;133;501;469;141;660;435;697;179;669;238;1049;164;788;215;763;293;265;222;253
Mujer;ARQUITECTURA;FORMACION TECNICA PROFESIONAL;DESERTORES;0;0;21;8;13;14;6;7;18;9;9;6;9;9;8;19;13;12;13;5;11;14;19;13;27;31;19;23;29;21;15;15;24;22;37;48;31;48;31;22;23;26;30;62;45;55;80;80;90;34;64;53;58;73
Mujer;INGENIERIA BIOMEDICA Y AFINES;UNIVERSITARIA;DESERTORES;0;0;14;29;45;23;26;40;49;27;53;79;50;60;64;68;64;43;52;67;74;71;83;68;105;135;123;102;138;168;177;210;209;190;217;223;211;231;301;241;295;257;337;314;347;281;261;203;308;258;393;300;346;347
Mujer;INGENIERIA BIOMEDICA Y AFINES;TECNOLOGICA;DESERTORES;;;;;0;0;0;12;15;31;43;26;37;29;44;25;45;38;45;30;53;34;61;49;33;42;63;56;36;72;60;92;50;65;68;72;73;68;86;64;95;65;101;135;152;120;81;96;103;103;92;77;107;59
Mujer;INGENIERIA BIOMEDICA Y AFINES;FORMACION TECNICA PROFESIONAL;DESERTORES;0;0;5;13;9;0;26;17;23;15;14;8;12;58;7;4;29;22;17;19;19;12;21;16;39;27;25;25;37;20;16;17;;;;;;;;;;;;;;;;;;;;;;
Mujer;"INGENIERIA AMBIENTAL, SANITARIA Y AFINES";UNIVERSITARIA;DESERTORES;0;0;334;162;261;214;569;264;380;300;367;343;428;356;385;490;397;324;315;575;505;630;770;792;890;2736;816;724;1088;1135;1258;1226;1678;1652;1930;1841;2098;1739;2145;1990;2021;1751;1582;1598;1688;1515;1241;977;1323;1369;1401;1266;1627;1560
Mujer;"INGENIERIA AMBIENTAL, SANITARIA Y AFINES";TECNOLOGICA;DESERTORES;0;0;3;34;10;11;23;11;62;35;41;86;68;100;118;122;117;120;117;82;174;197;176;184;265;206;293;325;573;733;1299;626;2350;1873;2549;1333;3428;2947;1059;3311;1743;3357;473;2820;838;3402;640;3124;441;2663;347;1793;503;998
Mujer;"INGENIERIA AMBIENTAL, SANITARIA Y AFINES";FORMACION TECNICA PROFESIONAL;DESERTORES;0;0;5;17;11;29;11;12;15;3;5;21;14;19;6;4;13;12;14;12;38;17;22;27;34;37;85;191;185;81;122;87;108;104;88;142;75;80;153;68;124;112;267;374;132;223;165;117;171;139;116;115;135;96
Mujer;INGENIERIA ADMNISTRATIVA Y AFINES;UNIVERSITARIA;DESERTORES;0;0;1004;277;200;178;142;237;316;254;241;271;260;277;275;260;247;241;228;315;239;277;286;230;270;195;275;190;227;202;228;211;183;188;202;169;174;205;257;226;243;208;188;197;239;211;177;135;218;216;208;179;217;168
Mujer;INGENIERIA ADMNISTRATIVA Y AFINES;TECNOLOGICA;DESERTORES;0;0;5;2;22;3;1;3;133;4;6;1;0;;;;;;1;1;0;0;6;39;451;301;396;145;108;32;233;344;31;;;;;;;;;;;;;;;;;;;;;
Mujer;INGENIERIA ADMNISTRATIVA Y AFINES;FORMACION TECNICA PROFESIONAL;DESERTORES;;;;;;;;;;;;;;;;;;;;;;;;;;;;;;;;;;;;;0;0;19;21;2;5;5;7;8;21;11;10;7;14;6;;;
Mujer;"INGENIERIA AGRICOLA, FORESTAL Y AFINES";UNIVERSITARIA;DESERTORES;0;0;21;14;32;39;49;23;56;39;47;136;43;66;89;95;119;116;101;131;141;155;175;233;244;232;258;293;243;249;277;339;279;329;297;235;256;324;282;345;266;264;302;362;356;409;326;361;525;492;490;582;674;696
Mujer;"INGENIERIA AGRICOLA, FORESTAL Y AFINES";TECNOLOGICA;DESERTORES;0;;;;;;0;1;9;2;1;3;3;13;15;30;24;14;21;19;16;25;33;31;71;27;55;26;34;58;84;21;126;65;76;71;117;95;52;159;94;179;47;158;39;188;346;211;85;255;151;369;119;181
Mujer;"INGENIERIA AGRICOLA, FORESTAL Y AFINES";FORMACION TECNICA PROFESIONAL;DESERTORES;0;0;0;0;2;1;4;2;0;;;;;;;;1;;;;;;;;;4;1;1;1;0;4;1;2;0;2;4;1;2;1;15;7;7;4;6;7;12;11;29;15;13;24;25;19;18
Mujer;"INGENIERIA AGROINDUSTRIAL, ALIMENTOS Y AFINES";UNIVERSITARIA;DESERTORES;0;0;175;107;111;80;147;185;167;185;145;157;220;219;235;323;256;280;322;589;352;424;428;427;344;337;384;361;365;428;382;410;369;480;458;434;506;450;609;480;403;476;576;701;641;741;498;482;708;665;786;774;885;912
Mujer;"INGENIERIA AGROINDUSTRIAL, ALIMENTOS Y AFINES";TECNOLOGICA;DESERTORES;0;0;18;49;34;43;37;100;99;88;120;111;97;188;181;463;230;108;91;95;58;119;112;81;93;82;72;81;85;87;96;77;61;84;57;59;43;47;39;92;70;168;55;272;66;373;149;613;63;1281;118;1906;116;1001
Mujer;"INGENIERIA AGROINDUSTRIAL, ALIMENTOS Y AFINES";FORMACION TECNICA PROFESIONAL;DESERTORES;;;;;;;;;;;;0;0;4;2;10;6;5;4;4;14;9;6;5;12;69;152;125;60;71;4;38;8;16;27;30;15;90;32;81;25;29;88;91;91;312;101;175;202;255;278;200;236;297
Mujer;"INGENIERIA AGRONOMICA, PECUARIA Y AFINES";UNIVERSITARIA;DESERTORES;0;0;53;54;76;72;95;84;124;148;127;146;146;171;157;259;204;188;163;194;227;168;206;173;216;268;180;204;210;215;228;228;247;225;285;331;312;344;365;362;296;335;391;410;423;440;282;306;370;418;398;444;563;556
Mujer;"INGENIERIA AGRONOMICA, PECUARIA Y AFINES";TECNOLOGICA;DESERTORES;;;;;;;;;;;;;;;;;;;;;;;0;0;0;0;0;0;3;38;86;1;29;50;63;79;76;59;24;96;65;65;20;114;17;164;846;258;10;638;32;990;4;365
Mujer;"INGENIERIA AGRONOMICA, PECUARIA Y AFINES";FORMACION TECNICA PROFESIONAL;DESERTORES;;;;;;;;;;;;;;;;;0;0;6;3;10;5;2;12;10;32;103;10;41;18;12;16;212;22;48;9;0;;2;2;4;5;13;6;15;18;24;35;30;38;38;39;57;137
Mujer;INGENIERIA CIVIL Y AFINES;UNIVERSITARIA;DESERTORES;0;0;196;308;279;258;305;407;459;343;287;404;391;348;411;473;553;459;501;521;845;585;740;658;776;765;791;873;813;1037;901;1038;1109;1142;1488;1463;1842;1809;2093;1976;2030;2067;2186;2006;2288;2095;2168;1588;2045;2061;2364;2542;2717;2360
Mujer;INGENIERIA CIVIL Y AFINES;TECNOLOGICA;DESERTORES;0;0;67;108;77;117;80;77;95;103;79;90;231;109;107;88;83;113;105;124;132;103;137;125;133;165;137;179;199;306;414;298;844;610;859;563;989;976;541;1498;847;1639;447;1366;489;1585;479;1526;815;758;631;848;735;668
Mujer;INGENIERIA CIVIL Y AFINES;FORMACION TECNICA PROFESIONAL;DESERTORES;0;0;1;3;;;;;;;;;;;;;;;;;5;7;0;20;0;33;11;21;10;24;18;24;28;37;37;38;39;53;66;69;101;59;63;59;57;55;83;55;65;88;71;65;87;60
Mujer;"INGENIERIA DE MINAS, METALURGIA Y AFINES";UNIVERSITARIA;DESERTORES;0;0;45;50;42;40;23;72;44;62;73;97;75;95;89;98;135;135;117;154;132;91;104;72;122;136;126;85;119;115;118;116;84;139;141;180;211;250;294;163;199;206;206;219;256;256;146;195;245;246;358;255;323;289
Mujer;"INGENIERIA DE MINAS, METALURGIA Y AFINES";TECNOLOGICA;DESERTORES;;;;;;;;;;;;;;;;;;;;;;;;;0;0;5;0;34;27;68;21;61;191;123;224;444;276;98;239;161;233;89;234;50;205;40;226;35;268;11;208;13;154
Mujer;"INGENIERIA DE MINAS, METALURGIA Y AFINES";FORMACION TECNICA PROFESIONAL;DESERTORES;;;;;;;;;;;;;;;0;0;1;8;7;1;9;6;11;11;15;11;20;26;27;16;39;80;115;51;2;126;106;106;37;133;123;19;26;38;106;88;49;34;46;61;43;111;52;178
Mujer;"INGENIERIA DE SISTEMAS, TELEMATICA Y AFINES";UNIVERSITARIA;DESERTORES;0;0;1702;689;1018;916;1117;1199;1464;1240;1341;1447;1592;1511;1498;1395;1734;1413;1606;1976;1978;2173;2228;1901;2146;1964;2093;1786;2111;1941;1754;1846;1960;1980;2454;2279;3051;2811;2876;3187;3040;3077;3601;3309;3645;3875;3910;3284;4779;4575;6362;6347;7223;7101
Mujer;"INGENIERIA DE SISTEMAS, TELEMATICA Y AFINES";TECNOLOGICA;DESERTORES;0;0;543;669;704;816;801;981;1266;1110;1211;1359;1536;1649;1675;2309;1773;1389;1326;1465;1392;1662;1753;1720;2073;1732;1595;1969;1564;1630;2093;1205;3476;2346;3314;2207;5932;6460;4879;5704;3558;6493;1356;8794;1576;10804;5684;9849;2563;13707;2558;17207;2946;11766
Mujer;"INGENIERIA DE SISTEMAS, TELEMATICA Y AFINES";FORMACION TECNICA PROFESIONAL;DESERTORES;0;0;87;97;369;96;280;276;196;181;356;256;430;426;363;170;449;530;636;291;843;692;969;975;884;1057;1112;1121;1011;1036;625;510;900;575;703;838;765;1079;1055;884;1152;739;1060;851;743;1517;1151;1182;1555;2051;2244;2251;2211;3070
Mujer;INGENIERIA ELECTRICA Y AFINES;UNIVERSITARIA;DESERTORES;0;0;44;17;38;34;50;25;42;40;54;72;40;57;64;72;86;100;106;100;140;139;133;136;150;123;149;145;119;148;153;137;138;187;265;321;537;362;329;310;355;374;395;370;424;384;309;276;447;441;523;621;736;614
Mujer;INGENIERIA ELECTRICA Y AFINES;TECNOLOGICA;DESERTORES;0;0;6;27;25;17;38;32;37;38;40;20;35;37;54;51;42;50;67;92;273;217;79;66;114;62;63;117;71;302;638;266;291;223;343;258;637;828;152;630;340;979;214;949;237;1236;363;1449;361;1494;292;1495;405;970
Mujer;INGENIERIA ELECTRICA Y AFINES;FORMACION TECNICA PROFESIONAL;DESERTORES;;;;;;;;;;;;;;;;0;0;0;;;0;0;0;1;0;2;7;5;6;5;6;8;6;18;28;38;56;55;89;61;78;105;55;45;49;80;22;34;41;42;41;25;23;30
Mujer;"INGENIERIA ELECTRONICA, TELECOMUNICACIONES Y AFINES";UNIVERSITARIA;DESERTORES;0;0;298;147;233;246;286;289;543;357;313;426;340;414;386;387;556;547;516;561;641;693;670;651;688;660;677;558;578;661;545;539;567;723;1184;938;1262;1106;1281;1066;1317;1247;1301;1365;1434;1506;1412;1138;1423;1507;1862;1827;2342;2103
Mujer;"INGENIERIA ELECTRONICA, TELECOMUNICACIONES Y AFINES";TECNOLOGICA;DESERTORES;0;0;25;54;63;66;173;164;216;201;206;221;361;273;283;284;590;454;442;431;379;423;524;516;537;391;453;461;516;350;1007;553;974;480;892;732;1062;1355;1070;1049;1093;1243;1023;1204;1127;1664;1230;1739;1083;3346;1298;3367;1525;2241
Mujer;"INGENIERIA ELECTRONICA, TELECOMUNICACIONES Y AFINES";FORMACION TECNICA PROFESIONAL;DESERTORES;0;0;33;13;66;0;74;80;75;38;77;60;69;132;18;16;63;58;80;69;121;87;142;87;337;250;369;197;207;261;139;150;114;210;216;243;259;246;240;343;229;342;204;334;185;400;288;197;193;237;211;170;259;239
Mujer;INGENIERIA INDUSTRIAL Y AFINES;UNIVERSITARIA;DESERTORES;0;0;1269;530;672;655;919;793;890;742;885;1129;932;1059;1045;1007;1235;1094;1116;1841;1527;1827;2043;1940;2417;2534;2690;2636;2748;2880;3106;3362;2955;3055;3228;3119;3327;3485;4622;3313;3508;3227;3519;3473;3935;3803;3488;3044;3563;3558;3947;3911;4627;4279
Mujer;INGENIERIA INDUSTRIAL Y AFINES;TECNOLOGICA;DESERTORES;0;0;99;105;112;136;144;188;233;185;220;189;197;219;273;334;309;288;367;745;608;598;1013;686;861;861;966;1109;973;1315;1260;1299;1697;2304;1793;1681;1929;1931;1559;1903;1848;2046;1391;1998;1576;2362;1902;2026;1516;2323;1602;2563;1549;1988
Mujer;INGENIERIA INDUSTRIAL Y AFINES;FORMACION TECNICA PROFESIONAL;DESERTORES;0;;;0;4;2;5;6;6;5;6;1;13;13;15;24;35;28;33;36;160;81;225;75;182;403;591;441;510;334;366;492;376;575;484;583;507;514;653;306;390;285;415;283;404;329;459;248;342;367;337;279;256;285
Mujer;INGENIERIA INDUSTRIAL Y AFINES;ESPECIALIZACION;DESERTORES;;;;;;;;;;;;;;;;;;;;;0;;0;;11;;10;;13;;;;;;;;;;;;;;;;;;;;;;;;;
Mujer;INGENIERIA MECANICA Y AFINES;UNIVERSITARIA;DESERTORES;0;0;211;82;153;76;68;104;177;109;113;128;108;175;111;123;215;255;258;188;270;234;240;285;262;258;255;232;283;306;270;232;266;351;937;823;1065;936;997;874;1035;994;1197;1176;1382;1336;1258;986;1338;1313;1601;1621;1823;1557
Mujer;INGENIERIA MECANICA Y AFINES;TECNOLOGICA;DESERTORES;0;0;19;24;23;34;19;27;39;33;45;32;74;49;59;63;153;79;80;90;108;139;143;139;169;85;100;136;171;452;320;480;567;566;821;659;1520;2100;688;2075;1112;3062;537;2263;773;3181;1131;2973;820;3889;803;3592;843;2178
Mujer;INGENIERIA MECANICA Y AFINES;FORMACION TECNICA PROFESIONAL;DESERTORES;0;0;14;22;40;1;56;43;57;37;54;18;37;100;40;13;72;65;101;75;109;123;219;101;117;231;234;324;137;283;172;234;89;225;223;185;211;197;291;288;285;289;312;341;381;379;488;288;298;318;296;274;278;278
Mujer;INGENIERIA QUIMICA Y AFINES;UNIVERSITARIA;DESERTORES;0;0;295;22;78;53;72;103;102;110;119;147;102;132;121;147;148;147;167;113;133;145;183;172;173;174;194;158;213;244;239;214;251;206;269;292;309;273;369;328;384;332;376;405;478;448;370;355;623;553;709;651;833;754
Mujer;INGENIERIA QUIMICA Y AFINES;TECNOLOGICA;DESERTORES;0;0;16;74;31;20;22;32;37;43;42;34;61;38;41;43;63;40;57;87;69;58;54;89;74;50;83;49;107;62;262;100;242;161;250;207;337;257;66;225;101;287;54;212;125;307;144;435;238;586;349;671;612;575
Mujer;INGENIERIA QUIMICA Y AFINES;FORMACION TECNICA PROFESIONAL;DESERTORES;0;0;0;0;4;0;3;28;0;1;4;6;6;15;7;7;9;6;4;6;5;6;4;4;5;6;4;6;6;3;8;8;10;26;18;17;6;10;63;15;19;15;17;14;16;16;19;296;427;627;1042;953;846;996
Mujer;OTRAS INGENIERIAS;UNIVERSITARIA;DESERTORES;0;0;46;57;57;42;38;98;57;113;66;46;70;56;68;182;91;76;84;176;92;49;87;62;69;52;70;66;81;65;109;101;106;117;165;146;185;229;291;251;291;257;285;272;326;331;284;225;315;342;393;406;364;414
Mujer;OTRAS INGENIERIAS;TECNOLOGICA;DESERTORES;0;0;1;3;3;0;5;6;5;1;1;7;1;2;0;47;6;10;15;82;15;12;28;8;32;19;41;128;65;2121;287;705;376;168;255;191;394;357;135;364;257;350;107;346;97;391;94;314;80;162;54;47;61;77
Mujer;OTRAS INGENIERIAS;FORMACION TECNICA PROFESIONAL;DESERTORES;;;;;;;;;;;;;;;;;;;;;;;;;;;;;;;0;0;2;2;13;4;40;17;23;46;7;10;7;2;3;4;22;16;31;24;41;29;69;57
Mujer;"BIOLOGIA, MICROBIOLOGIA Y AFINES";UNIVERSITARIA;DESERTORES;0;0;81;59;136;151;155;195;246;283;238;300;336;378;444;507;438;470;485;661;574;568;696;652;632;538;563;485;532;578;526;535;619;641;604;542;585;556;823;691;626;568;574;671;734;687;657;583;858;764;901;902;1096;967
Mujer;"BIOLOGIA, MICROBIOLOGIA Y AFINES";TECNOLOGICA;DESERTORES;0;0;0;9;6;13;5;9;26;20;33;49;34;46;37;77;71;66;53;126;90;82;94;121;166;141;207;191;203;174;178;103;110;92;162;139;85;72;99;139;181;90;98;126;127;96;84;109;148;248;333;123;73;83
Mujer;"BIOLOGIA, MICROBIOLOGIA Y AFINES";FORMACION TECNICA PROFESIONAL;DESERTORES;0;0;28;21;7;0;7;2;3;5;1;0;9;1;9;14;10;13;20;26;39;23;4;8;0;0;22;63;16;71;10;8;11;3;0;1;0;3;6;9;3;;3;1;4;0;6;;15;5;5;10;3;4
Mujer;FISICA;UNIVERSITARIA;DESERTORES;0;0;9;6;11;16;12;25;37;37;50;45;43;49;44;46;55;71;67;64;53;70;86;57;73;93;74;64;81;80;81;80;72;79;111;131;141;138;205;172;177;219;266;287;261;191;166;262;309;295;361;308;467;374
Mujer;FISICA;TECNOLOGICA;DESERTORES;;;;;;;;;;;;;;;;;;;;;;;;;;;;;;;;;;0;0;0;4;5;6;5;0;4;7;8;3;3;1;;1;4;9;7;3;1
Mujer;FISICA;FORMACION TECNICA PROFESIONAL;DESERTORES;;;;;;;;;;;;;;;;;;;;;;;;;;;;;;0;0;0;2;1;3;4;7;14;7;11;14;4;6;9;12;9;10;;10;6;15;7;22;9
Mujer;"GEOLOGIA, OTROS PROGRAMAS DE CIENCIAS NATURALES";UNIVERSITARIA;DESERTORES;0;0;4;2;0;4;3;7;11;9;12;18;14;22;24;30;36;36;40;30;24;32;23;36;31;27;24;20;20;20;31;24;20;28;32;41;65;58;85;50;71;58;73;62;71;104;63;41;107;88;122;118;148;120
Mujer;"GEOLOGIA, OTROS PROGRAMAS DE CIENCIAS NATURALES";TECNOLOGICA;DESERTORES;;;;;;0;0;4;1;4;4;0;0;6;10;3;4;5;2;5;0;1;10;1;1;2;1;2;10;6;35;4;118;110;152;75;223;347;21;460;181;527;12;505;11;468;9;367;12;78;11;6;11;14
Mujer;"GEOLOGIA, OTROS PROGRAMAS DE CIENCIAS NATURALES";FORMACION TECNICA PROFESIONAL;DESERTORES;;;;;;;;;;;;;;;;;;;;;;;;;;;;;;;;;;0;0;0;9;2;1;4;3;3;1;1;4;2;12;4;3;2;0;2;1;
Mujer;"MATEMATICAS, ESTADISTICA Y AFINES";UNIVERSITARIA;DESERTORES;0;0;15;38;39;63;85;122;110;135;108;87;92;140;150;178;181;167;196;196;213;208;240;206;210;204;302;213;260;228;228;263;248;239;316;284;348;333;406;368;394;358;445;516;548;454;370;413;632;558;632;741;787;750
Mujer;"MATEMATICAS, ESTADISTICA Y AFINES";TECNOLOGICA;DESERTORES;0;0;;;0;0;4;0;1;0;;0;7;2;1;1;0;;;;;;;;;;;;;;;;;;;;;;;;;;;;;;;;;;;;;
Mujer;QUIMICA Y AFINES;UNIVERSITARIA;DESERTORES;0;0;17;25;17;24;97;110;96;134;89;123;120;107;148;173;168;154;154;149;222;164;317;252;205;206;260;247;260;272;358;275;313;632;288;303;376;554;442;291;311;310;339;414;426;349;326;353;541;458;573;606;669;636
Mujer;QUIMICA Y AFINES;TECNOLOGICA;DESERTORES;;;0;0;0;3;10;9;9;21;19;16;16;16;26;26;12;23;40;151;19;22;33;47;40;56;64;49;47;100;106;180;243;307;251;183;389;392;153;389;154;355;252;362;213;422;217;425;171;559;183;527;216;426
Sin informaci¿n;Sin informaci¿n;Sin informaci¿n;DESERTORES;;;;;0;0;;3;3;3;3;;;3;;3;;;;;;1;;;;;;;;;;;;;;;;;;;;;;;;;;;;;;;;
Sin informaci¿n;AGRONOMIA;TECNOLOGICA;DESERTORES;;;;;;;;;0;0;;;;;;;;;;;;;;;;;;;;;;;;0;1;;;;;;;;;;;;;;;;;;;
Sin informaci¿n;AGRONOMIA;FORMACION TECNICA PROFESIONAL;DESERTORES;;;;;;;;;;;;;;;;;;;0;0;0;1;0;13;7;24;0;2;9;;;;;;;;;;;;;;;;;;;;;;;;;
Sin informaci¿n;ZOOTECNIA;UNIVERSITARIA;DESERTORES;0;0;1;2;4;12;8;0;3;6;9;7;3;2;4;7;5;0;2;1;8;3;2;4;2;0;2;0;2;0;2;1;1;0;0;;0;0;0;1;0;1;0;0;;;1;2;;0;0;;;
Sin informaci¿n;ZOOTECNIA;TECNOLOGICA;DESERTORES;;;;;;;;;;0;;;;;;;;;;;;;;;;;;;;;;;;;;;;;;;;;;;;;;;;;;;;
Sin informaci¿n;MEDICINA VETERINARIA;UNIVERSITARIA;DESERTORES;0;0;1;4;6;;4;4;4;7;1;8;6;7;11;8;6;6;4;9;3;3;8;3;0;6;4;;1;2;5;2;1;1;2;0;0;1;0;0;1;0;2;0;;;1;5;;0;1;0;0;1
Sin informaci¿n;"ARTES PLASTICAS, VISUALES Y AFINES";UNIVERSITARIA;DESERTORES;0;0;1;1;2;8;2;4;6;4;5;3;7;4;13;4;9;7;5;4;10;6;1;3;7;7;8;3;3;0;3;5;0;0;14;0;10;4;1;2;2;1;3;1;1;;3;0;3;0;;1;0;
Sin informaci¿n;"ARTES PLASTICAS, VISUALES Y AFINES";TECNOLOGICA;DESERTORES;;;;;;;;;;;0;0;0;0;0;0;;;;;;;;;1;0;0;0;0;1;1;0;0;1;0;0;0;2;0;0;0;;;;;;;;;;;;;
Sin informaci¿n;"ARTES PLASTICAS, VISUALES Y AFINES";FORMACION TECNICA PROFESIONAL;DESERTORES;;;;;;;;;;;;;;;;;;;;;;;;;;;;;;;;;;;;0;;;;;;;;;;;;;;;;;;
Sin informaci¿n;ARTES REPRESENTATIVAS;UNIVERSITARIA;DESERTORES;0;0;2;2;0;2;0;1;0;2;3;3;0;1;1;1;1;1;1;1;1;2;2;0;0;1;0;;0;0;3;1;0;0;2;2;2;2;3;2;11;0;;;;;;;;;;;;
Sin informaci¿n;PUBLICIDAD Y AFINES;UNIVERSITARIA;DESERTORES;;0;0;0;1;0;0;0;0;0;0;0;0;0;;;;;;;;;;;;;;;;;;;;;;;;;;;;;;;;;;;;;;;;
Sin informaci¿n;PUBLICIDAD Y AFINES;TECNOLOGICA;DESERTORES;0;0;0;0;;;;;1;;1;0;;;;;;;;;;;;;;;;;;;;;;;;;;;;;;;;;;;;;;;;;;
Sin informaci¿n;PUBLICIDAD Y AFINES;FORMACION TECNICA PROFESIONAL;DESERTORES;;;;;;;;;;;;;;;;;;;;;;;;;;;;;;;;;0;;;;;;;;;;;;;;;;;;;;;
Sin informaci¿n;DISEÑO;UNIVERSITARIA;DESERTORES;0;0;2;1;0;2;0;0;1;0;0;1;;;0;0;0;;0;;;;;;;;0;;1;0;0;0;0;;;;;;;;;;;;;;;;;;;;;
Sin informaci¿n;DISEÑO;TECNOLOGICA;DESERTORES;;;;;;;;;;;;;;;;;;;;;;;;;;;;;;;;;;0;0;;0;;;1;1;;;;;;;;;;;;;
Sin informaci¿n;DISEÑO;FORMACION TECNICA PROFESIONAL;DESERTORES;;;;;;;;;;;;;;;;;;;;;;0;;;;;0;1;0;0;1;0;1;0;1;0;1;;;;;;;;;;;;;;;;;
Sin informaci¿n;MUSICA;UNIVERSITARIA;DESERTORES;;;;0;0;0;6;6;5;2;2;5;3;2;3;0;6;4;5;2;0;1;1;0;0;1;0;;1;1;0;1;0;0;0;0;1;1;0;3;0;0;0;0;0;;0;0;0;0;;0;0;
Sin informaci¿n;MUSICA;TECNOLOGICA;DESERTORES;0;0;;;;;;;;;;;;;;;;;;;;;;;;;;;;;;;;;;;;;;;;;;;;;;;;;;;;
Sin informaci¿n;ADMINISTRACION;UNIVERSITARIA;DESERTORES;0;0;12;24;11;13;14;24;28;38;24;35;27;39;24;18;17;21;20;17;27;10;11;13;12;5;9;9;8;3;8;13;5;10;11;5;13;8;12;19;8;3;3;2;1;0;0;1;1;1;0;0;0;1
Sin informaci¿n;ADMINISTRACION;TECNOLOGICA;DESERTORES;0;0;2;1;1;1;0;1;0;1;1;0;2;1;2;3;4;2;2;3;1;2;1;2;4;2;1;2;2;1;1;2;2;1;2;1;0;1;0;1;1;;;;;;;;;;;;;
Sin informaci¿n;ADMINISTRACION;FORMACION TECNICA PROFESIONAL;DESERTORES;0;0;4;3;0;0;2;0;1;0;0;2;1;0;2;0;1;1;0;0;2;0;1;2;0;0;1;0;0;0;0;4;2;0;0;7;0;6;5;;;;;;;;;;;;;;;
Sin informaci¿n;OTROS PROGRAMAS ASOCIADOS A BELLAS ARTES;UNIVERSITARIA;DESERTORES;;;;;;;;;;;;;;;0;0;0;0;0;0;3;0;0;5;2;2;2;6;3;0;2;1;1;0;1;0;1;3;;;;;1;6;0;0;0;0;0;0;;0;;0
Sin informaci¿n;EDUCACION;UNIVERSITARIA;DESERTORES;0;0;11;25;41;50;81;66;104;31;87;76;84;104;62;83;89;56;65;80;54;38;39;44;49;42;43;21;41;31;25;26;21;17;15;15;27;14;9;87;9;4;4;5;3;5;6;1;2;0;1;4;1;0
Sin informaci¿n;EDUCACION;FORMACION TECNICA PROFESIONAL;DESERTORES;0;;;;;;;;;;;0;;;;;;;;;;;;;;;;;;;;;;;;;;;;;;;;;;;;;;;;;;
Sin informaci¿n;BACTERIOLOGIA;UNIVERSITARIA;DESERTORES;;;;;0;;;0;0;4;0;1;2;1;1;2;0;1;0;0;3;1;0;0;0;0;2;1;0;;0;0;0;;1;0;0;0;1;0;0;0;0;0;;;;;;;;;;
Sin informaci¿n;ENFERMERIA;UNIVERSITARIA;DESERTORES;0;0;3;0;0;;2;2;0;2;4;3;5;2;5;0;4;6;3;3;2;1;1;3;0;1;0;1;1;2;0;1;1;0;0;;0;1;1;0;0;0;0;1;;;;;;;;;;
Sin informaci¿n;TERAPIAS;UNIVERSITARIA;DESERTORES;;0;0;0;0;0;1;0;0;2;0;0;;;;;;;;;;;;;;;;;;;;;;;;;;;;;;;;;;;;;;;;;;
Sin informaci¿n;INSTRUMENTACION QUIRURGICA;UNIVERSITARIA;DESERTORES;0;0;0;1;2;0;0;1;4;1;0;1;0;4;1;2;2;2;0;3;3;1;0;1;1;1;1;0;0;2;0;0;;0;0;0;0;0;0;1;1;0;;;;;;;;;;;;
Sin informaci¿n;MEDICINA;UNIVERSITARIA;DESERTORES;0;0;1;1;3;6;2;5;1;5;2;4;4;8;0;0;5;3;4;;;;;;;;71;0;0;4;0;0;1;1;1;1;0;0;1;0;1;0;0;2;1;0;0;0;0;0;0;0;0;0
Sin informaci¿n;MEDICINA;TECNOLOGICA;DESERTORES;;;0;0;0;0;0;0;0;1;0;;;;;;;;;;;;;;;;;;;;;;;;;;;;;;;;;;;;;;;;;;;
Sin informaci¿n;MEDICINA;FORMACION TECNICA PROFESIONAL;DESERTORES;;;;;;;;;;;;;;;;;;;;;;0;;0;14;7;2;6;7;4;2;0;2;0;0;0;;0;1;0;;;;;;;;;;;;;;
Sin informaci¿n;NUTRICION Y DIETETICA;UNIVERSITARIA;DESERTORES;0;0;2;4;0;2;4;3;3;5;0;2;3;6;;3;1;5;0;4;3;3;2;0;0;0;1;1;0;;1;2;1;0;1;0;0;0;0;0;0;0;0;1;0;;0;;0;0;0;;0;0
Sin informaci¿n;ODONTOLOGIA;UNIVERSITARIA;DESERTORES;0;;0;0;2;0;2;2;1;3;0;2;0;4;0;2;0;1;1;0;3;1;2;0;0;1;2;0;;1;0;0;0;;0;0;0;0;1;0;0;0;1;0;0;;3;0;;;;;;
Sin informaci¿n;ODONTOLOGIA;TECNOLOGICA;DESERTORES;;;0;0;1;0;0;0;0;1;0;;;;;;;;;;;;;;;;;;;;;;;;;;;;;;;;;;;;;;;;;;;
Sin informaci¿n;ODONTOLOGIA;FORMACION TECNICA PROFESIONAL;DESERTORES;;;;;;;;;;;;;;;;;;;;;;;;;;;;;;;;;;;;0;0;0;;;;;;;;;;;;;;;;
Sin informaci¿n;SALUD PUBLICA;UNIVERSITARIA;DESERTORES;;;;;;;0;;0;2;1;0;0;0;0;0;0;0;0;0;;;;;;;;0;0;0;0;0;;;;;;;;;;;;;;;;;;;;;;
Sin informaci¿n;SALUD PUBLICA;FORMACION TECNICA PROFESIONAL;DESERTORES;;;;;;;;;;;;;;;;;;;;;;0;0;;1;1;0;0;2;1;;;;0;;;0;1;2;;;;;;;;;;;;;;;
Sin informaci¿n;"ANTROPOLOGIA, ARTES LIBERALES";UNIVERSITARIA;DESERTORES;0;0;8;3;7;;11;8;11;7;11;18;11;8;16;;14;18;7;7;14;8;8;9;7;9;8;6;0;8;2;5;1;3;2;2;2;0;3;6;3;0;3;0;1;;1;;1;0;0;0;0;0
Sin informaci¿n;"BIBLIOTECOLOGIA, OTROS DE CIENCIAS SOCIALES Y HUMANAS";UNIVERSITARIA;DESERTORES;0;0;2;1;5;3;6;8;8;7;4;7;4;4;8;10;0;1;7;1;2;4;3;2;1;5;3;1;1;0;2;3;0;5;1;3;0;3;2;8;3;0;1;0;3;1;0;1;2;0;0;1;0;1
Sin informaci¿n;"BIBLIOTECOLOGIA, OTROS DE CIENCIAS SOCIALES Y HUMANAS";TECNOLOGICA;DESERTORES;;;;;;;;;;;;;;;;0;0;2;4;2;1;0;0;1;2;;2;;2;0;0;1;0;2;0;1;0;0;1;;;;;;;;;;;;;;;
Sin informaci¿n;"CIENCIA POLITICA, RELACIONES INTERNACIONALES";UNIVERSITARIA;DESERTORES;0;0;0;0;0;0;0;0;0;0;0;0;0;0;0;4;7;6;6;;5;6;3;2;5;4;6;;8;2;3;3;2;4;5;;4;5;2;4;3;2;3;1;4;;1;2;0;;1;0;3;0
Sin informaci¿n;"COMUNICACIÓN SOCIAL, PERIODISMO Y AFINES";UNIVERSITARIA;DESERTORES;0;0;3;4;1;7;3;3;8;4;6;6;8;5;5;4;7;4;3;6;12;3;10;6;7;3;3;3;3;2;5;1;1;1;4;1;5;1;2;1;2;3;0;0;1;1;1;1;;;;1;1;0
Sin informaci¿n;"DEPORTES, EDUCACION FISICA Y RECREACION";UNIVERSITARIA;DESERTORES;;;;;;;;;;;;;;;;;;;;;;;;0;0;0;0;;1;0;0;1;0;0;3;1;1;1;1;0;2;1;;0;1;0;1;;0;0;0;0;0;0
Sin informaci¿n;"DEPORTES, EDUCACION FISICA Y RECREACION";TECNOLOGICA;DESERTORES;;;;;;;;;0;0;0;0;;;;;;;;;;;;;;;;;;;;;;;;;;;;;;;;;;;;;;;;;;
Sin informaci¿n;DERECHO Y AFINES;UNIVERSITARIA;DESERTORES;0;0;7;4;10;9;21;9;6;26;14;26;22;30;8;39;30;30;24;41;48;4;31;38;29;41;40;27;37;3;18;21;15;17;21;21;14;4;22;18;15;18;15;11;5;4;4;6;11;0;3;0;1;2
Sin informaci¿n;FORMACION RELACIONADA CON EL CAMPO MILITAR O POLICIAL;TECNOLOGICA;DESERTORES;;;;;;;;;;;;;;;;;;;;;;;;;;;;;;;;0;;;;;;;;;;;;;;;;;;;;;;
Sin informaci¿n;FORMACION RELACIONADA CON EL CAMPO MILITAR O POLICIAL;FORMACION TECNICA PROFESIONAL;DESERTORES;;;;;;;;;;;;;;;;;;;;;;;0;0;;;;;;;;;;;;;;;;;;;;;;;;;;;;;;
Sin informaci¿n;"GEOGRAFIA, HISTORIA";UNIVERSITARIA;DESERTORES;0;0;5;3;2;;1;9;14;3;26;11;7;13;18;;12;11;9;4;8;11;2;5;11;8;;3;3;5;9;4;2;3;3;6;3;1;3;4;2;0;2;2;1;;0;;1;3;0;2;0;0
Sin informaci¿n;"GEOGRAFIA, HISTORIA";TECNOLOGICA;DESERTORES;0;;;;;;;;;;;;;;;;;0;;;;;;;;;;;;;;;;;;;;;;;;;;;;;;;;;;;;
Sin informaci¿n;"LENGUAS MODERNAS, LITERATURA, LINGUISTICA Y AFINES";UNIVERSITARIA;DESERTORES;;0;0;9;5;9;14;8;5;9;5;8;7;17;9;3;11;11;10;8;8;7;11;9;3;8;12;2;5;9;4;6;5;1;4;5;2;1;3;8;2;0;1;0;0;;1;0;0;0;1;2;0;0
Sin informaci¿n;"LENGUAS MODERNAS, LITERATURA, LINGUISTICA Y AFINES";FORMACION TECNICA PROFESIONAL;DESERTORES;0;0;;;;;;;;;;;;;;;;;;;;;;;;;;;;;;;;;;;;;;;;;;;;;;;;;;;;
Sin informaci¿n;PSICOLOGIA;UNIVERSITARIA;DESERTORES;0;0;2;4;10;4;5;0;9;8;9;13;11;17;13;11;15;0;10;10;7;10;5;7;5;1;9;8;1;2;1;2;1;4;4;1;3;0;2;1;2;0;1;1;2;1;1;;0;0;0;1;0;
Sin informaci¿n;"FILOSOFIA, TEOLOGIA Y AFINES";UNIVERSITARIA;DESERTORES;0;0;3;4;4;3;7;7;3;6;14;7;10;12;7;12;12;11;7;9;11;11;11;5;7;7;4;4;6;5;6;6;3;1;3;3;3;6;1;3;1;2;1;2;1;;2;2;1;0;;0;0;2
Sin informaci¿n;"SOCIOLOGIA, TRABAJO SOCIAL Y AFINES";UNIVERSITARIA;DESERTORES;0;0;2;5;10;;8;13;12;13;18;20;16;17;28;17;18;0;20;12;10;9;12;6;14;6;10;14;0;6;9;4;4;2;4;;6;7;2;5;0;2;0;3;2;1;0;0;1;0;1;2;1;3
Sin informaci¿n;"SOCIOLOGIA, TRABAJO SOCIAL Y AFINES";FORMACION TECNICA PROFESIONAL;DESERTORES;;;;;;;;;;;;;;;;;;;;;;;;;;;;0;;;;;;;;;0;1;0;0;;;;;;;;;;;;;;
Sin informaci¿n;ECONOMIA;UNIVERSITARIA;DESERTORES;0;0;5;2;2;4;10;14;9;10;14;9;8;6;16;7;10;5;11;11;11;7;4;4;2;3;1;1;4;2;6;4;1;3;2;1;5;0;3;2;3;2;0;0;1;0;0;1;1;0;1;1;0;0
Sin informaci¿n;ECONOMIA;TECNOLOGICA;DESERTORES;;0;0;1;2;6;1;9;10;10;2;12;2;10;;7;9;4;7;6;6;5;7;2;1;2;;6;4;2;7;2;1;4;3;0;2;0;1;2;0;0;0;0;0;;1;0;1;1;0;0;1;
Sin informaci¿n;ECONOMIA;FORMACION TECNICA PROFESIONAL;DESERTORES;;;;;;;;;;;;;;;;0;;;;;;;;;;;;;;;;;;;;0;;;;;;;;;;;;;;;;;;
Sin informaci¿n;CONTADURIA PUBLICA;UNIVERSITARIA;DESERTORES;0;0;0;7;13;5;7;9;9;10;10;12;11;16;12;14;16;9;12;13;11;11;7;4;3;6;7;11;1;5;3;2;0;7;4;0;4;2;2;1;1;1;0;0;0;;0;0;0;;;;0;2
Sin informaci¿n;CONTADURIA PUBLICA;TECNOLOGICA;DESERTORES;;;;;0;0;2;0;1;0;3;1;3;4;0;0;2;1;2;;;0;2;0;0;0;1;0;1;0;0;0;;;;;;;;;;;;;;;;;;;;;;
Sin informaci¿n;CONTADURIA PUBLICA;FORMACION TECNICA PROFESIONAL;DESERTORES;;;;;;;;;;;0;0;1;;;;0;2;1;0;;;0;;0;1;0;0;0;;1;;;;;1;;;;;;;;;;;;;;;;;;
Sin informaci¿n;ARQUITECTURA;UNIVERSITARIA;DESERTORES;0;0;2;2;1;1;0;1;0;1;0;0;0;0;0;1;0;0;;;;;;;;;;;;;;;;;;;;;;;;;;;;;;;;;;;;
Sin informaci¿n;INGENIERIA BIOMEDICA Y AFINES;UNIVERSITARIA;DESERTORES;;0;0;;;;0;;1;1;4;5;3;6;4;;1;5;7;2;3;2;1;3;1;;3;0;1;1;1;2;0;2;0;0;3;1;1;1;1;0;0;0;0;;0;0;0;;0;0;0;
Sin informaci¿n;INGENIERIA BIOMEDICA Y AFINES;TECNOLOGICA;DESERTORES;;;;;;;;;;;;;;;;;;;;;;;;;;;;;;;;;;;;;0;0;1;0;1;;;;;;;;;;;;;
Sin informaci¿n;"INGENIERIA AMBIENTAL, SANITARIA Y AFINES";UNIVERSITARIA;DESERTORES;0;0;3;0;2;10;3;3;19;0;10;7;4;2;3;9;4;8;2;4;0;0;1;1;5;5;3;1;4;7;7;8;5;13;15;7;10;2;4;7;1;0;3;0;2;;0;0;1;;0;0;0;0
Sin informaci¿n;"INGENIERIA AMBIENTAL, SANITARIA Y AFINES";TECNOLOGICA;DESERTORES;0;;;;0;0;0;0;2;3;0;2;1;0;1;5;0;1;1;12;2;1;0;0;0;0;1;2;2;0;0;1;0;1;1;2;2;0;0;3;0;1;0;;;;;;;;;;;
Sin informaci¿n;"INGENIERIA AMBIENTAL, SANITARIA Y AFINES";FORMACION TECNICA PROFESIONAL;DESERTORES;;;;;;;;;;;;;;;;;;;;;;;;;0;;0;1;0;;;;;;;;;;;;;;;;;;;;;;;;;
Sin informaci¿n;INGENIERIA ADMNISTRATIVA Y AFINES;UNIVERSITARIA;DESERTORES;;;;0;0;0;0;0;0;;;;0;1;0;0;0;0;;;;;;;;;;;;;;;;;;;;;;;;;;;;;;;;;;;;
Sin informaci¿n;INGENIERIA ADMNISTRATIVA Y AFINES;TECNOLOGICA;DESERTORES;;;;;;;;;0;;;;;;;;;;;;;;;;;;;;;;;;;;;;;;;;;;;;;;;;;;;;;
Sin informaci¿n;"INGENIERIA AGRICOLA, FORESTAL Y AFINES";UNIVERSITARIA;DESERTORES;;;;;;;;;;;;;;;;;;;;;;;;;;;;;;;;;;;;;0;0;0;0;0;0;0;0;0;0;0;0;0;;;;;
Sin informaci¿n;"INGENIERIA AGRICOLA, FORESTAL Y AFINES";FORMACION TECNICA PROFESIONAL;DESERTORES;0;0;0;0;0;;0;;;;;;;;;;;;;;;;;;;;;;;;;;;;;;;;;;;;;;;;;;;;;;;
Sin informaci¿n;"INGENIERIA AGROINDUSTRIAL, ALIMENTOS Y AFINES";UNIVERSITARIA;DESERTORES;0;0;1;3;6;4;6;6;8;4;6;2;5;5;;1;3;1;4;3;5;2;2;3;2;2;4;3;1;0;1;1;2;1;2;1;3;4;0;0;1;0;1;0;0;0;0;0;0;0;0;0;;
Sin informaci¿n;"INGENIERIA AGROINDUSTRIAL, ALIMENTOS Y AFINES";TECNOLOGICA;DESERTORES;;;;;;;;;;;;;;;;;;;0;0;0;0;0;0;;;;;;;;;;;;;;;;;;;;;;;;;;;;;;
Sin informaci¿n;"INGENIERIA AGRONOMICA, PECUARIA Y AFINES";UNIVERSITARIA;DESERTORES;0;0;0;0;1;0;2;0;1;0;3;0;1;0;1;0;1;1;2;4;2;0;0;2;1;0;0;0;0;0;0;1;;;;;;;;;;;;;;;;;;;;;;
Sin informaci¿n;INGENIERIA CIVIL Y AFINES;UNIVERSITARIA;DESERTORES;;;;;;;;;;;;;;0;0;2;3;1;1;1;5;2;2;0;4;2;0;0;3;1;4;0;2;1;2;0;0;0;1;0;1;1;2;0;0;;1;0;0;;0;1;;
Sin informaci¿n;INGENIERIA CIVIL Y AFINES;TECNOLOGICA;DESERTORES;;0;0;0;0;0;0;0;0;0;0;0;;;;;;;;;;;;;;0;1;0;0;0;0;0;;;;;;;;;;;;;;;;;;;;;;
Sin informaci¿n;INGENIERIA CIVIL Y AFINES;FORMACION TECNICA PROFESIONAL;DESERTORES;;;;;;;;;;;;;;;;;;;;;;;;;0;0;;0;;;;;;;;;;1;1;2;0;;;;;;;0;;;;;;
Sin informaci¿n;"INGENIERIA DE MINAS, METALURGIA Y AFINES";UNIVERSITARIA;DESERTORES;0;;0;5;7;6;9;;13;12;14;6;4;10;3;7;5;2;3;3;4;2;1;1;1;;5;5;2;1;1;1;0;0;2;1;1;1;0;1;0;1;2;0;0;;0;;;;;;;
Sin informaci¿n;"INGENIERIA DE SISTEMAS, TELEMATICA Y AFINES";UNIVERSITARIA;DESERTORES;0;0;5;2;4;4;8;10;17;2;20;14;12;23;5;12;21;7;14;10;17;18;14;15;19;8;3;6;12;7;14;13;9;5;15;8;5;4;4;11;4;2;4;1;1;;2;1;4;;2;3;4;0
Sin informaci¿n;"INGENIERIA DE SISTEMAS, TELEMATICA Y AFINES";TECNOLOGICA;DESERTORES;0;0;;;;0;1;0;0;0;1;2;2;1;2;3;1;0;;1;0;0;0;0;;;;0;;;;;1;1;0;;;;;;;;;;;;;;;;;;;
Sin informaci¿n;"INGENIERIA DE SISTEMAS, TELEMATICA Y AFINES";FORMACION TECNICA PROFESIONAL;DESERTORES;0;0;0;0;0;0;1;2;0;0;1;;;;;;0;;;;;;;0;;;1;;;;;;;;1;1;0;;;;;;;;;;;;;;;;;
Sin informaci¿n;INGENIERIA ELECTRICA Y AFINES;UNIVERSITARIA;DESERTORES;0;0;4;0;3;22;4;10;16;0;10;9;3;11;1;8;10;10;11;10;5;2;1;2;2;;4;4;2;6;0;1;1;0;2;1;2;0;0;2;0;1;0;;;;;;;;;;;
Sin informaci¿n;"INGENIERIA ELECTRONICA, TELECOMUNICACIONES Y AFINES";UNIVERSITARIA;DESERTORES;0;0;1;0;1;13;7;4;9;0;14;10;8;9;0;8;20;17;16;80;5;5;4;3;2;8;4;2;2;1;2;2;1;2;2;2;1;2;3;4;0;0;2;0;3;0;1;0;0;;1;0;1;0
Sin informaci¿n;"INGENIERIA ELECTRONICA, TELECOMUNICACIONES Y AFINES";TECNOLOGICA;DESERTORES;0;0;0;0;1;3;3;5;5;1;4;2;3;2;0;0;0;0;0;;;;;;;;;;;0;0;0;;;;;;;;;;;;;;;;;;;;;;
Sin informaci¿n;"INGENIERIA ELECTRONICA, TELECOMUNICACIONES Y AFINES";FORMACION TECNICA PROFESIONAL;DESERTORES;;;;;;;;;;;;;;;;;;0;0;0;0;0;0;;;;;;;;;;;;;;0;0;0;0;0;;;;;;;;;;;;;
Sin informaci¿n;INGENIERIA INDUSTRIAL Y AFINES;UNIVERSITARIA;DESERTORES;0;0;5;1;10;7;1;15;11;1;5;10;6;10;3;6;7;11;14;43;6;3;7;6;7;4;3;11;7;4;6;8;10;12;9;13;8;8;6;5;4;2;0;1;4;;1;0;1;;1;2;2;1
Sin informaci¿n;INGENIERIA INDUSTRIAL Y AFINES;TECNOLOGICA;DESERTORES;;;;;;;;;;;;;;;;;;;;;;;;;;;;;;;;;;;;;;0;;;;;;;;;;;;;;;;
Sin informaci¿n;INGENIERIA INDUSTRIAL Y AFINES;FORMACION TECNICA PROFESIONAL;DESERTORES;;;;;;;;;;;;;;;;;;;;;;;;;;;;;;;;;;;;;0;0;0;0;0;0;;;;;;;;;;;;
Sin informaci¿n;INGENIERIA MECANICA Y AFINES;UNIVERSITARIA;DESERTORES;0;;0;4;5;16;1;8;10;0;12;4;5;11;2;8;4;3;7;5;3;4;1;3;3;;4;4;4;2;2;2;0;2;1;1;0;0;2;1;0;1;0;0;1;;0;0;0;;0;0;0;1
Sin informaci¿n;INGENIERIA MECANICA Y AFINES;FORMACION TECNICA PROFESIONAL;DESERTORES;;;;;;;;;;;;;;;;;;;;;;;;0;0;0;;;;;;;;;;;;;;;;;;;;;;;;;;;;
Sin informaci¿n;INGENIERIA QUIMICA Y AFINES;UNIVERSITARIA;DESERTORES;0;0;3;0;0;10;1;;5;4;6;4;7;7;2;5;6;4;1;1;4;1;2;2;1;;1;1;1;0;2;1;0;3;0;3;1;0;3;0;1;0;0;0;1;;0;0;0;;0;0;;1
Sin informaci¿n;"BIOLOGIA, MICROBIOLOGIA Y AFINES";UNIVERSITARIA;DESERTORES;0;;0;2;6;6;3;7;4;10;5;3;4;4;6;8;0;3;4;6;10;7;6;1;1;3;3;1;4;2;2;2;0;4;2;2;2;0;1;0;1;2;2;0;1;0;0;0;1;0;0;0;1;0
Sin informaci¿n;"BIOLOGIA, MICROBIOLOGIA Y AFINES";TECNOLOGICA;DESERTORES;;;;;;;;;;;;;;0;;;0;1;1;0;0;0;2;0;0;0;0;4;1;0;0;0;2;0;0;0;;;;;;;;;;;;;;;;;;
Sin informaci¿n;"BIOLOGIA, MICROBIOLOGIA Y AFINES";FORMACION TECNICA PROFESIONAL;DESERTORES;;;;;;;;;;;;;;;;;;;0;0;0;0;;;;;;;;;;;;;;;;;;;;;;;;;;;;;;;;
Sin informaci¿n;FISICA;UNIVERSITARIA;DESERTORES;0;;0;3;6;12;8;5;11;10;5;3;2;5;;6;5;7;5;5;2;3;4;2;2;;6;6;3;0;2;5;5;4;3;2;2;0;3;2;5;2;0;;0;1;0;0;2;;;;;
Sin informaci¿n;"MATEMATICAS, ESTADISTICA Y AFINES";UNIVERSITARIA;DESERTORES;0;;0;5;5;10;13;11;15;10;8;2;12;9;;2;5;4;6;12;2;6;4;3;3;;3;4;4;3;0;0;2;6;2;1;3;2;1;4;2;2;1;;1;1;0;0;0;;1;0;0;0
Sin informaci¿n;QUIMICA Y AFINES;UNIVERSITARIA;DESERTORES;0;0;4;2;8;7;3;8;9;6;6;8;3;8;8;6;0;9;6;2;3;3;3;6;6;2;4;2;0;4;2;3;1;1;3;1;2;2;0;1;0;1;1;1;1;1;1;0;0;0;;;;
Sin informaci¿n;QUIMICA Y AFINES;TECNOLOGICA;DESERTORES;;;0;0;4;5;2;2;4;3;4;2;4;3;;3;4;8;1;0;3;3;2;2;3;3;0;0;1;1;0;1;1;1;0;2;0;0;0;0;;;;;;;;;;;;;;
Hombre;Sin informaci¿n;Sin informaci¿n;DESERTORES;0;0;158;206;159;209;612;269;305;360;307;375;745;1475;325;368;1114;359;514;789;1;118;284;32;41;26;26;78;13;13;6;15;18;18;21;20;21;1;;;;;;;;;;;;;;;;
Hombre;Sin informaci¿n;UNIVERSITARIA;DESERTORES;;;;;;;;;;;;;;;;;;;;;;;;;;;;;;;;;;;;;;;;;;;;;;;;;;;;;;0
Hombre;Sin informaci¿n;TECNOLOGICA;DESERTORES;;;;;;;;;;;;;;;;;;;;;;;;;;;;;;;;;;;;;;;;;;;;;;;;;;;;;;0
Hombre;Sin informaci¿n;FORMACION TECNICA PROFESIONAL;DESERTORES;;;;;;;;;;;;;;;;;;;;;;;;;;;;;;;;;;;;;;;;;;;;;;;;;;;;;;0
Hombre;AGRONOMIA;UNIVERSITARIA;DESERTORES;0;0;11;14;36;26;26;22;56;57;74;73;72;88;107;115;114;96;78;87;97;221;142;183;219;214;198;209;235;194;265;251;264;325;313;416;319;290;503;311;346;280;330;335;238;322;243;237;192;221;234;249;254;224
Hombre;AGRONOMIA;TECNOLOGICA;DESERTORES;0;0;37;42;22;37;51;63;204;141;85;115;161;134;198;171;191;225;269;337;348;245;466;231;543;451;291;298;362;557;570;847;991;1667;773;1066;1035;1071;255;1073;354;1481;139;849;140;813;216;464;80;403;60;347;24;133
Hombre;AGRONOMIA;FORMACION TECNICA PROFESIONAL;DESERTORES;0;0;3;4;1;0;10;10;16;15;19;20;16;25;11;13;28;28;53;29;93;50;70;77;83;83;126;82;107;103;171;112;90;170;61;92;96;146;183;113;98;146;59;84;44;37;33;42;40;27;27;14;22;37
Hombre;ZOOTECNIA;UNIVERSITARIA;DESERTORES;0;0;78;68;126;102;123;125;144;165;143;211;230;221;291;298;291;287;360;354;360;547;516;500;610;500;583;564;575;453;590;464;602;522;514;483;514;409;514;403;437;405;370;378;329;507;257;245;220;266;207;218;221;187
Hombre;ZOOTECNIA;TECNOLOGICA;DESERTORES;0;0;40;55;63;53;128;48;158;127;233;195;216;299;279;618;395;135;115;106;64;145;123;111;169;243;121;150;106;175;399;232;361;429;350;265;342;405;137;346;184;400;41;258;32;308;172;197;23;191;33;220;18;82
Hombre;ZOOTECNIA;FORMACION TECNICA PROFESIONAL;DESERTORES;;;;;;;;;;;;;;;;;;;;;0;0;0;0;8;37;17;14;15;18;17;10;10;17;9;8;0;4;2;48;5;29;14;3;0;1;;0;0;0;0;0;0;1
Hombre;MEDICINA VETERINARIA;UNIVERSITARIA;DESERTORES;0;0;96;74;138;108;152;149;243;219;235;335;318;362;351;404;372;406;449;463;527;507;550;509;545;492;547;501;530;566;585;509;600;621;657;605;505;524;801;587;561;554;472;459;460;734;371;225;355;319;271;258;218;172
Hombre;MEDICINA VETERINARIA;TECNOLOGICA;DESERTORES;;;;0;0;5;3;3;11;6;0;8;4;3;2;2;4;3;13;9;5;13;0;3;1;7;0;0;1;;1;;;;;;;;;;;;1;2;4;2;6;1;5;1;4;2;11;7
Hombre;"ARTES PLASTICAS, VISUALES Y AFINES";UNIVERSITARIA;DESERTORES;0;0;100;110;117;90;102;80;89;122;115;113;103;162;177;178;190;186;201;189;219;224;237;278;288;245;304;308;335;373;309;331;359;395;392;438;414;446;491;483;510;503;449;481;413;443;411;274;351;295;264;243;203;217
Hombre;"ARTES PLASTICAS, VISUALES Y AFINES";TECNOLOGICA;DESERTORES;;;;;;;;0;0;0;6;6;13;8;21;34;26;24;37;24;65;53;88;77;82;74;73;130;115;116;845;116;107;109;136;112;132;130;115;149;107;193;73;244;79;171;97;120;43;132;23;83;32;43
Hombre;"ARTES PLASTICAS, VISUALES Y AFINES";FORMACION TECNICA PROFESIONAL;DESERTORES;0;0;4;1;11;4;29;27;24;35;49;52;64;66;85;75;100;99;122;126;82;63;94;114;25;45;65;49;54;67;106;76;75;81;105;97;73;91;78;90;107;68;90;64;60;36;41;49;61;16;29;39;34;27
Hombre;ARTES REPRESENTATIVAS;UNIVERSITARIA;DESERTORES;0;0;0;22;0;23;2;8;1;35;11;13;61;40;6;10;18;7;43;18;31;17;31;8;47;32;42;27;33;31;60;35;53;45;50;47;56;74;68;99;101;111;48;93;70;48;61;41;48;27;24;47;39;22
Hombre;ARTES REPRESENTATIVAS;TECNOLOGICA;DESERTORES;;;;;;;;;;;;;;;;;;;;;;;;;;0;0;2;1;5;5;1;4;8;10;3;4;6;5;20;1;41;3;49;0;47;3;106;0;80;1;111;0;111
Hombre;ARTES REPRESENTATIVAS;FORMACION TECNICA PROFESIONAL;DESERTORES;;;;;;;0;0;11;4;9;5;7;5;1;18;4;0;2;7;8;3;1;6;9;13;6;4;11;5;9;5;8;6;5;2;6;8;18;5;9;11;12;10;8;1;5;1;2;2;3;1;0;3
Hombre;PUBLICIDAD Y AFINES;UNIVERSITARIA;DESERTORES;0;0;145;145;159;129;148;143;178;174;170;209;236;195;237;208;207;212;247;418;250;285;245;308;314;287;395;284;311;315;340;625;330;370;321;314;240;253;271;283;271;275;201;241;202;190;190;200;198;225;242;211;189;201
Hombre;PUBLICIDAD Y AFINES;TECNOLOGICA;DESERTORES;0;0;127;110;125;111;168;158;115;133;150;139;129;153;179;155;128;136;156;427;141;190;300;448;296;310;342;236;298;260;274;213;245;261;206;178;161;194;449;141;143;73;76;56;59;58;62;124;31;227;38;261;35;150
Hombre;PUBLICIDAD Y AFINES;FORMACION TECNICA PROFESIONAL;DESERTORES;0;0;23;10;34;25;41;48;46;57;51;41;66;65;56;82;80;79;78;60;101;105;139;156;127;152;146;108;140;112;116;110;145;84;111;146;118;95;67;89;37;33;28;27;44;30;40;42;104;142;173;165;147;172
Hombre;DISEÑO;UNIVERSITARIA;DESERTORES;0;0;131;116;193;152;176;238;197;365;249;260;312;283;306;422;439;517;496;444;677;746;952;903;733;916;858;848;919;889;918;974;1071;1015;1067;1165;966;1246;1028;931;949;929;790;789;653;727;758;475;505;514;446;395;334;346
Hombre;DISEÑO;TECNOLOGICA;DESERTORES;0;0;20;22;22;27;31;50;86;81;143;141;145;202;228;212;217;229;245;295;355;357;540;564;594;619;677;853;752;1304;1563;975;1044;1710;1008;865;1233;1352;804;1339;789;1226;255;1033;254;937;309;528;207;442;219;348;147;224
Hombre;DISEÑO;FORMACION TECNICA PROFESIONAL;DESERTORES;0;0;27;28;48;51;195;217;278;283;285;300;325;331;355;455;438;620;441;440;627;659;886;1015;735;1005;777;940;1201;850;964;771;969;1262;792;630;744;1002;952;664;578;557;451;408;301;571;346;180;170;218;133;162;154;112
Hombre;MUSICA;UNIVERSITARIA;DESERTORES;0;0;43;29;42;79;114;133;126;209;151;165;176;206;224;214;243;184;166;286;208;265;248;246;316;246;273;248;266;301;252;312;312;255;284;286;213;238;307;378;233;329;274;304;278;293;248;198;214;258;209;209;230;165
Hombre;MUSICA;TECNOLOGICA;DESERTORES;0;0;3;;;13;;;;;;1;4;0;8;14;36;25;37;45;61;51;31;20;21;33;45;42;41;62;42;59;73;71;55;55;47;49;41;50;46;54;45;68;24;95;16;81;19;59;64;66;14;75
Hombre;MUSICA;FORMACION TECNICA PROFESIONAL;DESERTORES;;;;;;;;;;;;;;;;;;;;;;;;0;0;62;23;21;27;32;23;40;43;62;37;32;45;33;46;36;41;29;30;16;33;17;22;8;7;14;11;11;18;14
Hombre;ADMINISTRACION;UNIVERSITARIA;DESERTORES;0;0;1622;1599;1744;1868;2093;2443;2512;2538;2645;2856;3320;3040;3690;3665;4098;3680;4006;7222;4783;5337;7344;7334;6584;7083;7215;7694;8413;9151;9157;9453;9313;10512;10745;10053;10742;10851;12912;12758;12682;12025;11300;10806;10577;10758;10251;8800;10104;9323;8788;8359;7357;6579
Hombre;ADMINISTRACION;TECNOLOGICA;DESERTORES;0;0;568;529;796;671;875;1167;1174;1075;1300;1288;1462;1329;1507;2231;1853;1377;1611;2136;2276;2448;2944;3048;3585;3709;3895;4140;4500;4602;6002;4884;7729;7053;9105;6044;11073;13306;10281;15752;10099;16352;4987;16294;4069;16174;4936;11936;2983;13697;2895;15456;2250;9003
Hombre;ADMINISTRACION;FORMACION TECNICA PROFESIONAL;DESERTORES;0;0;131;183;272;194;325;392;354;297;505;415;547;668;560;526;774;852;857;859;1553;1962;2198;1986;1988;2027;2290;3288;3409;2691;2845;2700;2988;3197;3735;3077;3498;4818;4071;3786;2876;3837;2845;2894;2209;5082;2076;1836;1663;1984;1978;1648;1423;1365
Hombre;ADMINISTRACION;ESPECIALIZACION;DESERTORES;;;;;;;;;;;;;;;;;;;;;0;;0;;11;;8;;11;;;;;;;;;;;;;;;;;;;;;;;;;
Hombre;SIN CLASIFICAR;UNIVERSITARIA;DESERTORES;;;;;;;;;;;;;;;;;;;;;;;;;;;;;;;;;;;;;;;;;;;;;0;0;0;45;128;749;1633;2232;2452;3515
Hombre;SIN CLASIFICAR;TECNOLOGICA;DESERTORES;;;;;;;;;;;;;;;;;;;;;;;;;;;;;;;;;;;;;;;;;;;;;0;0;1;261;144;1494;604;4154;859;9324
Hombre;SIN CLASIFICAR;FORMACION TECNICA PROFESIONAL;DESERTORES;;;;;;;;;;;;;;;;;;;;;;;;;;;;;;;;;;;;;;;;;;;;;;0;0;0;33;75;96;110;208;260
Hombre;OTROS PROGRAMAS ASOCIADOS A BELLAS ARTES;UNIVERSITARIA;DESERTORES;;;;;;;;;;0;0;2;0;0;0;1;0;1;7;3;8;7;16;23;7;22;25;15;30;20;29;23;35;26;41;73;37;50;54;112;48;43;82;43;46;20;52;32;46;35;41;30;21;24
Hombre;OTROS PROGRAMAS ASOCIADOS A BELLAS ARTES;TECNOLOGICA;DESERTORES;;;;;;;;;;0;0;0;0;0;;1;2;2;;;;;;;2;2;0;10;0;64;159;31;205;125;196;75;542;390;23;414;174;428;23;375;47;378;57;284;47;198;34;116;29;42
Hombre;OTROS PROGRAMAS ASOCIADOS A BELLAS ARTES;FORMACION TECNICA PROFESIONAL;DESERTORES;;;;;;;;;;0;0;0;0;0;;0;0;1;;2;;1;0;0;2;0;3;3;4;4;4;3;0;7;4;2;0;6;30;41;49;37;70;42;25;39;58;21;14;29;29;32;25;32
Hombre;EDUCACION;UNIVERSITARIA;DESERTORES;0;0;1223;841;771;1083;1250;1628;1471;1908;1859;1960;2140;3022;2276;3002;2615;2661;2756;3579;3904;3751;4547;4407;4527;4930;4520;5287;5840;5372;5209;5178;5387;6258;5774;5820;6343;6021;8212;8105;7567;8076;6105;6317;5193;5246;4100;3634;3662;3672;3252;2894;2695;2208
Hombre;EDUCACION;TECNOLOGICA;DESERTORES;;0;0;1;1;1;2;2;11;;;;;;;;;;;;;;10;1;2;10;4;6;10;7;53;33;458;398;429;292;768;927;122;740;646;832;49;701;23;491;91;453;16;155;9;117;7;82
Hombre;EDUCACION;FORMACION TECNICA PROFESIONAL;DESERTORES;0;0;1;1;0;0;0;0;2;4;2;3;0;3;7;11;5;10;8;11;5;9;14;0;13;3;2;3;8;6;19;12;29;18;36;24;36;23;23;18;21;10;2;2;3;6;17;1;14;5;2;1;2;0
Hombre;BACTERIOLOGIA;UNIVERSITARIA;DESERTORES;0;0;44;22;6;10;15;19;48;60;46;45;105;69;83;76;92;103;120;82;94;79;76;77;77;117;85;85;94;84;92;76;74;77;92;100;122;109;99;122;131;101;97;83;57;63;48;23;34;21;34;25;31;19
Hombre;BACTERIOLOGIA;TECNOLOGICA;DESERTORES;0;;;;0;1;0;0;2;1;3;2;2;4;5;7;9;6;16;7;11;9;7;9;15;19;15;7;10;16;8;5;5;9;7;2;7;9;5;2;7;4;4;3;2;4;4;0;2;2;2;1;1;0
Hombre;BACTERIOLOGIA;FORMACION TECNICA PROFESIONAL;DESERTORES;;;;;;;;0;0;2;5;2;5;18;9;5;22;38;30;21;21;14;33;34;12;20;24;17;19;13;4;6;;7;8;15;159;0;0;5;6;3;9;1;2;1;;;;;;;;
Hombre;ENFERMERIA;UNIVERSITARIA;DESERTORES;0;0;46;35;34;38;54;90;69;126;93;79;83;114;138;135;200;186;176;181;180;185;236;215;226;221;243;244;274;263;263;224;251;324;372;430;523;551;642;582;693;732;562;494;406;367;278;208;343;334;204;344;153;121
Hombre;ENFERMERIA;TECNOLOGICA;DESERTORES;;;;;;;0;0;0;0;0;0;0;0;0;6;0;0;0;16;1;0;1;0;3;0;2;5;4;0;5;0;0;0;1;0;2;17;4;17;29;11;0;0;8;4;8;0;;;;;;
Hombre;ENFERMERIA;FORMACION TECNICA PROFESIONAL;DESERTORES;;;;;0;0;0;0;0;0;0;0;0;0;0;2;1;11;13;5;8;14;14;21;15;10;10;10;14;13;18;16;9;14;76;16;15;4;4;;;;;;;;;;;;;;;
Hombre;TERAPIAS;UNIVERSITARIA;DESERTORES;0;0;113;425;28;29;44;45;70;140;50;87;79;78;123;97;120;156;168;166;179;200;219;202;235;185;219;197;238;253;206;210;213;235;329;396;435;518;527;604;710;661;482;451;380;361;308;239;248;221;249;213;176;123
Hombre;TERAPIAS;TECNOLOGICA;DESERTORES;;;0;0;6;7;7;21;1;2;3;;3;4;;;;;;;;;;;3;1;;0;16;111;0;69;131;97;128;79;364;276;21;336;178;426;4;404;2;213;7;212;2;157;2;149;6;116
Hombre;INSTRUMENTACION QUIRURGICA;UNIVERSITARIA;DESERTORES;0;0;4;11;19;14;20;42;32;41;50;34;43;33;34;40;41;42;47;33;46;42;46;32;36;33;39;38;49;62;57;65;48;61;115;107;90;136;119;157;150;127;103;107;65;52;54;41;53;33;31;40;20;21
Hombre;INSTRUMENTACION QUIRURGICA;FORMACION TECNICA PROFESIONAL;DESERTORES;0;0;1;0;1;0;2;1;0;18;5;9;16;15;9;5;25;21;17;17;15;11;7;14;6;8;4;15;5;5;;;0;2;;;;;;;;;;;;;;;;;;;;
Hombre;MEDICINA;UNIVERSITARIA;DESERTORES;0;0;241;88;171;180;261;308;398;397;459;432;617;477;498;506;672;482;564;1423;688;662;749;758;763;707;1144;1641;823;843;789;783;727;927;750;958;687;707;782;802;755;802;720;606;427;392;268;254;235;201;201;170;168;139
Hombre;MEDICINA;TECNOLOGICA;DESERTORES;0;0;1;1;14;4;17;5;4;19;11;20;24;13;17;9;14;14;14;10;12;17;44;33;38;51;38;42;28;42;39;54;48;54;55;66;49;79;61;74;114;138;126;128;103;219;160;250;99;336;115;244;108;176
Hombre;MEDICINA;FORMACION TECNICA PROFESIONAL;DESERTORES;0;0;1;0;3;3;5;8;8;13;10;8;6;6;16;19;11;7;12;15;14;16;14;106;0;65;18;33;25;20;15;10;22;10;27;102;14;24;12;15;9;9;14;10;10;21;12;5;5;5;1;9;5;5
Hombre;NUTRICION Y DIETETICA;UNIVERSITARIA;DESERTORES;0;0;2;9;3;8;8;10;8;10;10;17;5;15;25;11;13;20;21;24;37;21;21;15;23;22;15;27;34;31;29;16;14;29;53;48;72;70;78;72;101;86;96;85;77;66;51;27;40;23;27;28;28;26
Hombre;NUTRICION Y DIETETICA;TECNOLOGICA;DESERTORES;;;;;;;;;;;;;;;;;;;;;;;;;;;;;;;;;;;;;;0;;;0;1;1;6;2;1;;;3;3;2;0;0;0
Hombre;NUTRICION Y DIETETICA;FORMACION TECNICA PROFESIONAL;DESERTORES;;;;;;;;;;;;;;;;;;;;;;;;;;;;;;;;;;;;;0;0;3;3;4;1;5;1;2;4;2;;5;4;1;0;0;0
Hombre;ODONTOLOGIA;UNIVERSITARIA;DESERTORES;0;0;300;124;122;143;117;95;153;105;158;186;204;181;229;188;199;220;185;482;239;264;273;311;269;264;271;416;316;288;273;254;225;276;279;364;279;310;331;308;375;268;275;200;158;210;122;90;110;104;116;92;77;69
Hombre;ODONTOLOGIA;TECNOLOGICA;DESERTORES;0;0;1;6;6;11;9;14;11;8;8;10;11;11;8;10;15;17;17;11;6;13;17;19;19;24;17;27;22;32;40;47;25;28;63;47;49;61;46;40;56;45;31;33;14;46;35;11;4;8;7;5;4;2
Hombre;ODONTOLOGIA;FORMACION TECNICA PROFESIONAL;DESERTORES;0;0;0;2;1;0;0;3;5;1;3;2;1;1;13;10;11;37;31;28;48;40;54;37;40;32;38;32;46;56;54;25;42;58;84;72;116;66;114;89;85;140;109;70;82;80;53;15;29;26;11;11;20;8
Hombre;ODONTOLOGIA;ESPECIALIZACION;DESERTORES;;;;;;;;;;;;;;;;;;;;;;;;;;;;;0;;;;;;;;;;;;;;;;;;;;;;;;;
Hombre;"OPTOMETRIA, OTROS PROGRAMAS DE CIENCIAS DE LA SALUD";UNIVERSITARIA;DESERTORES;0;0;35;10;16;13;24;13;19;18;25;26;34;24;25;25;36;32;19;20;23;27;38;36;34;39;40;37;38;43;45;49;44;36;38;58;40;46;40;43;53;47;54;40;28;26;20;13;21;18;16;22;12;7
Hombre;"OPTOMETRIA, OTROS PROGRAMAS DE CIENCIAS DE LA SALUD";TECNOLOGICA;DESERTORES;0;0;5;5;4;6;18;8;3;7;6;6;9;2;5;1;7;37;29;24;27;24;30;54;135;82;79;94;74;123;91;119;100;94;88;88;84;96;84;76;66;83;70;62;47;54;45;36;51;36;28;15;21;22
Hombre;"OPTOMETRIA, OTROS PROGRAMAS DE CIENCIAS DE LA SALUD";FORMACION TECNICA PROFESIONAL;DESERTORES;;;;;;;;;;;0;0;3;8;0;1;3;5;13;10;3;6;12;25;20;15;33;24;38;46;56;42;63;51;107;69;63;43;42;;;;;;;;;;;;;;;
Hombre;SALUD PUBLICA;UNIVERSITARIA;DESERTORES;;;;;0;0;2;10;12;3;11;7;18;16;19;21;15;15;21;26;45;15;83;81;216;241;348;126;391;156;444;437;164;236;263;531;218;231;280;286;218;381;382;279;257;251;183;214;233;306;288;226;211;199
Hombre;SALUD PUBLICA;TECNOLOGICA;DESERTORES;0;0;0;4;3;3;10;0;12;11;1;10;14;12;27;20;28;21;24;29;23;29;52;54;59;49;59;90;89;83;565;175;495;337;651;390;654;742;468;770;394;913;237;717;175;567;255;208;136;156;162;165;127;115
Hombre;SALUD PUBLICA;FORMACION TECNICA PROFESIONAL;DESERTORES;;;0;;0;0;7;5;7;6;9;10;16;22;33;28;30;26;17;22;37;28;39;57;95;55;87;119;119;85;79;122;112;144;173;123;81;105;136;127;77;74;56;51;39;45;35;47;93;62;65;129;85;52
Hombre;"ANTROPOLOGIA, ARTES LIBERALES";UNIVERSITARIA;DESERTORES;0;0;9;23;15;23;20;22;55;72;40;52;49;84;56;84;80;51;84;82;89;93;106;98;98;120;109;111;82;125;120;116;100;123;123;112;127;90;132;135;96;99;92;114;103;85;95;58;92;65;66;64;55;44
Hombre;"BIBLIOTECOLOGIA, OTROS DE CIENCIAS SOCIALES Y HUMANAS";UNIVERSITARIA;DESERTORES;0;0;1;1;2;3;4;11;18;16;15;23;23;23;27;32;23;30;31;56;46;54;69;36;35;56;86;80;85;84;129;87;99;112;131;106;244;85;135;113;42;106;68;80;76;80;115;40;42;46;44;75;42;55
Hombre;"BIBLIOTECOLOGIA, OTROS DE CIENCIAS SOCIALES Y HUMANAS";TECNOLOGICA;DESERTORES;;;;;;0;0;1;0;0;0;2;0;0;0;0;1;4;5;4;6;1;9;8;4;4;7;7;11;75;540;98;151;124;130;103;263;312;68;376;114;406;41;414;24;394;129;340;89;331;12;247;14;118
Hombre;"BIBLIOTECOLOGIA, OTROS DE CIENCIAS SOCIALES Y HUMANAS";FORMACION TECNICA PROFESIONAL;DESERTORES;;;;;;;;;;;;;;;;;;;0;0;0;0;0;1;0;14;32;0;;;;;;;;;;23;238;0;;5;0;0;154;28;0;4;1;2;0;0;0;0
Hombre;"CIENCIA POLITICA, RELACIONES INTERNACIONALES";UNIVERSITARIA;DESERTORES;0;0;15;20;37;44;39;58;66;153;110;128;95;142;170;162;190;178;201;246;265;269;341;260;310;360;379;328;329;353;368;359;332;413;389;397;436;395;429;408;391;399;314;347;331;276;266;233;256;252;199;175;154;147
Hombre;"CIENCIA POLITICA, RELACIONES INTERNACIONALES";TECNOLOGICA;DESERTORES;;;;;;;;;;;;;;;;;;;;;;0;0;3;12;16;17;17;12;19;13;14;22;25;23;10;16;9;9;4;3;3;4;2;;2;0;2;1;3;1;4;1;2
Hombre;"COMUNICACIÓN SOCIAL, PERIODISMO Y AFINES";UNIVERSITARIA;DESERTORES;0;0;275;176;268;225;358;373;558;421;407;532;563;558;649;731;779;689;813;1023;1035;1055;1071;1079;1061;1099;1078;1101;1044;1154;1212;1163;1261;1248;1340;1499;1710;1514;1850;1637;1597;1497;1331;1281;1121;1135;1013;762;821;673;642;606;493;394
Hombre;"COMUNICACIÓN SOCIAL, PERIODISMO Y AFINES";TECNOLOGICA;DESERTORES;0;0;33;46;51;41;41;84;43;42;53;61;36;29;37;51;42;36;30;67;81;77;123;104;116;130;156;141;174;185;157;159;162;130;166;127;198;214;193;292;259;454;193;231;82;149;130;110;60;115;100;71;56;41
Hombre;"COMUNICACIÓN SOCIAL, PERIODISMO Y AFINES";FORMACION TECNICA PROFESIONAL;DESERTORES;0;0;13;5;13;12;7;19;23;15;16;36;33;45;35;36;98;81;56;25;64;80;99;96;78;97;101;157;221;184;188;165;257;291;319;238;195;518;393;281;198;303;226;236;117;575;185;158;135;266;155;158;107;135
Hombre;"DEPORTES, EDUCACION FISICA Y RECREACION";UNIVERSITARIA;DESERTORES;0;0;97;39;42;38;73;95;284;129;115;173;163;128;213;189;184;265;246;333;362;317;415;304;397;313;374;322;419;474;431;403;567;464;528;435;443;407;515;497;785;490;400;621;408;399;466;280;276;265;202;259;204;141
Hombre;"DEPORTES, EDUCACION FISICA Y RECREACION";TECNOLOGICA;DESERTORES;0;0;7;4;3;0;2;3;3;6;12;66;28;18;29;44;43;49;46;149;34;41;84;53;96;46;81;67;145;93;130;134;152;241;118;124;168;121;144;158;166;119;105;126;106;109;103;97;42;169;30;296;34;111
Hombre;"DEPORTES, EDUCACION FISICA Y RECREACION";FORMACION TECNICA PROFESIONAL;DESERTORES;;;;;0;0;5;15;9;5;14;6;11;5;3;9;6;3;8;5;30;3;17;20;52;27;28;14;55;35;76;30;86;45;81;60;52;63;80;68;63;38;29;22;15;12;20;13;19;3;10;8;3;5
Hombre;DERECHO Y AFINES;UNIVERSITARIA;DESERTORES;0;0;1606;885;2011;1084;1295;1570;2293;1862;2181;2256;3242;2393;3283;2823;2943;3346;3251;5122;2926;4167;3660;3996;3733;4450;4402;4720;4506;5170;4334;5505;4961;5668;5541;6065;5565;6003;6577;6800;6175;6743;5493;6164;5378;6435;5113;4721;4492;5203;4342;3581;3009;2628
Hombre;DERECHO Y AFINES;TECNOLOGICA;DESERTORES;0;0;17;37;58;72;88;86;178;129;123;108;128;128;133;115;163;214;161;118;149;139;181;113;107;142;118;143;109;718;119;168;167;206;174;237;154;134;222;405;237;185;130;139;120;135;87;81;74;82;71;68;52;68
Hombre;DERECHO Y AFINES;FORMACION TECNICA PROFESIONAL;DESERTORES;;;;;0;0;0;0;0;0;8;2;0;8;3;2;;;7;13;5;2;1;1;4;30;45;22;52;51;52;42;80;56;63;44;43;18;73;42;22;36;32;46;48;98;27;56;26;12;44;25;26;41
Hombre;FORMACION RELACIONADA CON EL CAMPO MILITAR O POLICIAL;UNIVERSITARIA;DESERTORES;0;0;18;23;19;39;17;10;7;7;25;30;50;54;29;20;18;22;13;24;166;90;146;92;43;102;51;61;84;125;76;89;116;96;127;92;51;97;122;99;88;61;42;37;30;45;23;14;60;56;14;14;5;7
Hombre;FORMACION RELACIONADA CON EL CAMPO MILITAR O POLICIAL;TECNOLOGICA;DESERTORES;0;0;0;6;22;7;3;30;1;12;0;32;0;4;5;6;0;6;1;10;42;5;26;228;93;161;121;129;152;147;39;60;30;25;115;74;66;73;121;86;59;64;52;38;35;21;34;30;35;39;22;10;23;12
Hombre;FORMACION RELACIONADA CON EL CAMPO MILITAR O POLICIAL;FORMACION TECNICA PROFESIONAL;DESERTORES;;;;;;;;;;;;;;;0;0;;;0;0;14;1247;28;20;41;59;818;40;177;1233;0;404;287;1410;81;3721;1196;0;38;70;31;32;10;9;79;163;29;24;63;20;33;17;13;24
Hombre;"GEOGRAFIA, HISTORIA";UNIVERSITARIA;DESERTORES;0;0;29;17;29;30;70;60;79;78;109;123;97;127;138;144;149;107;140;235;221;150;185;182;203;169;231;228;219;243;227;286;249;224;217;225;232;195;299;246;213;196;181;190;194;173;112;91;118;88;102;111;69;82
Hombre;"GEOGRAFIA, HISTORIA";TECNOLOGICA;DESERTORES;0;;;;;;;0;3;1;4;5;10;7;7;8;3;0;6;9;7;6;10;10;13;10;11;7;9;8;2;4;7;12;5;8;8;3;9;11;3;7;5;10;4;4;2;6;0;6;2;;;
Hombre;"LENGUAS MODERNAS, LITERATURA, LINGUISTICA Y AFINES";UNIVERSITARIA;DESERTORES;0;0;15;12;32;42;42;53;54;35;75;96;52;81;61;115;88;98;82;177;127;93;137;144;111;156;143;146;139;215;227;188;199;218;199;216;275;302;371;395;396;417;340;348;433;343;265;252;245;195;216;221;170;159
Hombre;"LENGUAS MODERNAS, LITERATURA, LINGUISTICA Y AFINES";TECNOLOGICA;DESERTORES;;;;;;;;;;;;;;;;;;;;;;;;;;;;;;;0;0;0;0;0;0;1;1;;0;0;1;0;1;;0;0;0;;;;;;
Hombre;"LENGUAS MODERNAS, LITERATURA, LINGUISTICA Y AFINES";FORMACION TECNICA PROFESIONAL;DESERTORES;0;0;3;3;20;3;22;1;2;0;0;20;5;17;5;7;6;8;17;12;15;11;11;12;14;16;7;38;25;25;33;28;49;52;54;36;43;36;;;;;;;;;;;;;;;;
Hombre;PSICOLOGIA;UNIVERSITARIA;DESERTORES;0;0;180;349;236;264;314;356;636;343;509;534;630;677;737;734;679;603;691;1018;588;1072;917;918;1119;1125;1152;1110;1340;1259;1434;1548;1641;1918;2470;2549;3139;3123;3361;3303;3650;3296;3376;2963;2793;2855;2422;2000;2007;1755;1935;1714;1569;1225
Hombre;PSICOLOGIA;FORMACION TECNICA PROFESIONAL;DESERTORES;;;;;;;;;;;;;;;;;;;;;0;0;0;0;0;0;0;;;;;;1;1;2;1;0;;;;;;;;;;;;;;;;;
Hombre;"FILOSOFIA, TEOLOGIA Y AFINES";UNIVERSITARIA;DESERTORES;0;0;64;94;92;121;98;92;149;323;194;287;228;276;261;452;334;486;279;429;288;457;509;452;406;481;355;483;362;505;394;503;391;473;399;514;380;422;379;411;390;371;310;372;328;339;217;256;286;281;262;291;208;259
Hombre;"SOCIOLOGIA, TRABAJO SOCIAL Y AFINES";UNIVERSITARIA;DESERTORES;0;0;5;26;60;31;55;58;141;99;96;125;109;154;147;220;244;201;233;259;219;251;245;370;310;274;318;328;361;403;324;391;316;413;520;670;850;868;954;1034;972;977;880;954;862;943;840;563;662;736;715;610;514;442
Hombre;"SOCIOLOGIA, TRABAJO SOCIAL Y AFINES";TECNOLOGICA;DESERTORES;0;0;0;2;0;3;1;2;6;3;4;0;9;2;2;5;10;8;6;4;1;3;9;4;7;2;4;4;3;7;9;5;8;4;12;49;27;58;44;40;82;72;75;63;60;44;33;34;39;58;30;32;20;25
Hombre;"SOCIOLOGIA, TRABAJO SOCIAL Y AFINES";FORMACION TECNICA PROFESIONAL;DESERTORES;0;;;;0;2;5;9;11;5;12;12;41;33;48;63;63;115;109;126;113;143;127;154;115;100;70;107;66;61;52;37;60;62;128;77;65;128;93;72;69;48;81;40;27;33;12;2;14;12;10;3;15;52
Hombre;ECONOMIA;UNIVERSITARIA;DESERTORES;0;0;518;509;536;444;506;570;819;628;568;691;753;785;889;856;945;929;991;1448;1192;1435;1512;1479;1475;1480;1638;1688;1543;1652;1570;1612;1596;1505;1804;1524;1510;1532;1784;1836;1510;1663;1340;1270;1201;1067;938;749;759;699;623;564;477;374
Hombre;ECONOMIA;TECNOLOGICA;DESERTORES;0;0;2;3;15;24;14;16;27;44;35;31;24;38;40;54;55;58;76;71;106;107;95;120;156;161;162;126;144;166;311;414;666;707;880;668;1799;2566;3394;1954;942;2120;198;1596;151;1297;277;698;167;454;61;515;49;229
Hombre;ECONOMIA;FORMACION TECNICA PROFESIONAL;DESERTORES;0;0;3;8;9;12;15;25;29;24;40;16;32;92;55;66;73;76;81;110;195;157;307;188;254;201;235;304;505;237;374;257;485;420;578;489;393;399;504;411;334;388;310;262;263;221;178;184;208;150;151;111;81;85
Hombre;CONTADURIA PUBLICA;UNIVERSITARIA;DESERTORES;0;0;731;639;834;750;830;1063;1182;982;996;1191;1190;1343;1479;1389;1470;1430;1502;3385;2124;1952;2387;2377;2324;2804;2544;3287;2929;2935;3100;3761;3373;3533;3553;3469;3385;3624;4198;4100;4009;4271;3657;3390;3626;3711;3501;2599;2924;2726;2715;2341;2416;2139
Hombre;CONTADURIA PUBLICA;TECNOLOGICA;DESERTORES;0;0;58;95;76;83;118;106;151;156;158;173;169;163;186;191;233;243;369;426;348;330;383;436;595;709;601;623;1055;798;1004;897;1623;2415;1530;1508;2498;3952;1705;4312;3037;4253;972;2633;797;2030;1020;930;545;920;501;800;363;497
Hombre;CONTADURIA PUBLICA;FORMACION TECNICA PROFESIONAL;DESERTORES;0;0;23;41;27;44;47;58;44;64;67;49;68;86;51;51;89;137;108;108;227;206;462;385;407;396;490;591;718;367;390;441;540;695;1062;712;884;1496;1094;854;810;775;624;645;437;909;457;400;466;514;541;443;387;450
Hombre;ARQUITECTURA;UNIVERSITARIA;DESERTORES;0;0;259;193;311;287;388;433;464;419;422;591;473;547;548;575;593;553;607;638;636;686;718;750;729;844;808;805;894;979;1015;988;1122;1070;1166;1138;1128;1107;1318;1457;1311;1121;1017;869;794;820;723;573;651;545;548;467;396;331
Hombre;ARQUITECTURA;TECNOLOGICA;DESERTORES;0;0;18;32;38;28;43;44;69;65;67;56;68;86;79;66;65;101;83;74;101;77;87;110;117;108;85;106;96;126;102;122;100;113;224;157;625;555;174;712;435;607;161;494;114;543;96;273;75;188;75;56;48;46
Hombre;ARQUITECTURA;FORMACION TECNICA PROFESIONAL;DESERTORES;0;0;17;6;15;7;14;9;16;15;15;7;9;4;12;7;12;17;8;15;22;18;47;21;55;54;16;44;64;46;46;46;55;65;47;145;57;170;43;38;47;31;27;47;26;25;26;9;12;12;8;8;3;4
Hombre;INGENIERIA BIOMEDICA Y AFINES;UNIVERSITARIA;DESERTORES;0;0;7;12;25;22;28;41;58;23;32;65;63;65;77;73;78;50;73;68;82;103;112;89;114;132;121;114;167;155;185;234;198;205;220;232;231;220;335;279;323;275;250;166;163;136;97;60;99;95;89;52;66;41
Hombre;INGENIERIA BIOMEDICA Y AFINES;TECNOLOGICA;DESERTORES;;;;;;0;0;36;50;70;100;69;53;63;90;74;87;52;61;50;81;66;66;53;35;49;62;54;58;89;95;108;93;92;74;99;79;127;111;97;91;96;106;87;87;73;51;34;37;39;28;23;24;11
Hombre;INGENIERIA BIOMEDICA Y AFINES;FORMACION TECNICA PROFESIONAL;DESERTORES;0;0;4;9;16;0;12;21;11;15;16;14;18;56;10;8;28;16;24;29;33;23;23;20;28;33;37;23;44;26;36;23;;;;;;;;;;;;;;;;;;;;;;
Hombre;"INGENIERIA AMBIENTAL, SANITARIA Y AFINES";UNIVERSITARIA;DESERTORES;0;0;211;166;273;239;444;322;370;365;361;352;479;411;393;561;393;347;397;573;488;526;676;734;810;1470;820;747;1181;1135;1294;1223;1530;1521;1790;1685;2013;1685;2041;1940;1852;1513;1274;1122;1103;950;759;578;638;673;546;463;504;392
Hombre;"INGENIERIA AMBIENTAL, SANITARIA Y AFINES";TECNOLOGICA;DESERTORES;0;0;11;30;17;26;32;20;52;66;49;89;103;99;126;130;124;137;142;96;222;155;179;211;269;232;284;351;532;586;864;554;1521;1196;1621;917;2562;2530;842;2793;1503;3227;430;1990;450;2092;316;947;141;598;125;336;99;159
Hombre;"INGENIERIA AMBIENTAL, SANITARIA Y AFINES";FORMACION TECNICA PROFESIONAL;DESERTORES;0;0;4;19;5;16;9;12;19;9;5;13;6;12;1;5;13;4;8;9;30;10;22;22;44;45;91;71;141;70;108;83;87;112;55;126;60;103;150;115;131;122;86;75;62;61;58;54;58;36;33;30;17;12
Hombre;INGENIERIA ADMNISTRATIVA Y AFINES;UNIVERSITARIA;DESERTORES;0;0;130;200;122;128;174;198;322;127;190;172;215;200;222;189;180;202;163;234;195;207;227;170;204;180;200;174;176;177;177;164;166;184;166;146;179;176;217;226;171;177;131;133;148;128;115;82;101;86;58;67;45;52
Hombre;INGENIERIA ADMNISTRATIVA Y AFINES;TECNOLOGICA;DESERTORES;0;0;3;2;11;3;0;1;76;5;;;;2;1;;;;;1;1;0;2;25;159;115;155;80;32;17;121;101;12;;;;;;;;;;;;;;;;;;;;;
Hombre;INGENIERIA ADMNISTRATIVA Y AFINES;FORMACION TECNICA PROFESIONAL;DESERTORES;;;;;;;;;;;;;;;;;;;;;;;;;;;;;;;;;;;;;0;0;10;25;25;11;9;6;5;5;6;2;5;2;;;;
Hombre;"INGENIERIA AGRICOLA, FORESTAL Y AFINES";UNIVERSITARIA;DESERTORES;0;0;30;34;78;68;97;96;72;93;89;226;109;141;174;194;201;181;196;216;235;291;288;354;379;373;470;347;403;339;436;471;474;513;353;297;273;351;293;372;261;297;193;238;195;192;117;144;171;132;128;175;131;115
Hombre;"INGENIERIA AGRICOLA, FORESTAL Y AFINES";TECNOLOGICA;DESERTORES;;;;;;;0;0;19;1;2;5;14;10;25;46;27;14;25;28;27;53;55;41;106;48;72;52;47;53;97;47;151;109;128;70;154;116;75;153;108;149;25;134;16;106;81;46;31;56;56;47;30;25
Hombre;"INGENIERIA AGRICOLA, FORESTAL Y AFINES";FORMACION TECNICA PROFESIONAL;DESERTORES;0;0;0;1;2;0;7;;2;;;;;;;;;;;;;;;;;3;3;2;5;2;7;1;6;7;5;2;4;4;0;6;8;8;0;2;0;0;2;0;0;0;;;;
Hombre;"INGENIERIA AGROINDUSTRIAL, ALIMENTOS Y AFINES";UNIVERSITARIA;DESERTORES;0;0;141;133;142;133;149;252;209;223;193;202;268;254;283;375;280;324;358;554;376;415;461;413;371;396;446;389;480;433;508;459;421;440;497;450;503;398;614;467;427;493;418;472;372;357;245;222;267;253;243;232;181;192
Hombre;"INGENIERIA AGROINDUSTRIAL, ALIMENTOS Y AFINES";TECNOLOGICA;DESERTORES;0;0;15;25;29;34;37;77;59;63;92;93;101;137;141;327;180;84;87;79;52;97;61;66;65;49;80;73;75;97;113;57;48;85;51;69;53;48;51;98;70;174;34;189;37;237;44;252;27;324;41;444;28;183
Hombre;"INGENIERIA AGROINDUSTRIAL, ALIMENTOS Y AFINES";FORMACION TECNICA PROFESIONAL;DESERTORES;;;;;;;;;;;;0;0;5;4;3;8;5;10;13;10;3;6;7;18;23;24;93;15;30;4;5;6;9;32;14;25;37;42;52;22;26;57;67;61;150;53;59;58;88;77;55;69;80
Hombre;"INGENIERIA AGRONOMICA, PECUARIA Y AFINES";UNIVERSITARIA;DESERTORES;0;0;89;100;167;177;181;205;255;241;237;245;220;317;324;383;348;244;264;353;366;316;360;372;346;372;349;379;401;422;403;386;366;413;381;403;337;346;382;384;330;301;256;241;210;174;102;108;135;149;106;122;124;72
Hombre;"INGENIERIA AGRONOMICA, PECUARIA Y AFINES";TECNOLOGICA;DESERTORES;;;;;;;;;;;;;;;;;;;;;;;0;0;0;0;0;4;3;24;49;2;23;59;79;58;86;49;43;104;52;75;17;86;9;60;147;44;3;111;4;200;1;58
Hombre;"INGENIERIA AGRONOMICA, PECUARIA Y AFINES";FORMACION TECNICA PROFESIONAL;DESERTORES;;;;;;;;;;;;;;;0;;0;0;7;4;16;5;0;6;12;15;32;37;69;53;32;72;148;47;65;0;0;;0;3;3;3;2;1;5;1;4;12;11;8;7;6;4;7
Hombre;INGENIERIA CIVIL Y AFINES;UNIVERSITARIA;DESERTORES;0;0;411;489;644;623;823;873;1066;869;890;1006;1069;952;1180;1121;1120;1006;974;1148;1481;1324;1655;1510;1850;1751;1991;1858;1834;2115;2167;2351;2408;2310;2402;2109;2141;2016;2717;2757;2379;2281;1879;1635;1532;1443;1173;987;1065;1027;1070;913;840;656
Hombre;INGENIERIA CIVIL Y AFINES;TECNOLOGICA;DESERTORES;0;0;95;155;165;182;157;182;227;187;168;165;460;213;226;205;146;212;208;247;246;219;320;298;284;312;351;416;446;627;741;648;1303;1029;1222;905;1375;1312;781;2065;1024;1790;456;1378;366;1192;285;751;331;414;270;230;218;138
Hombre;INGENIERIA CIVIL Y AFINES;FORMACION TECNICA PROFESIONAL;DESERTORES;0;0;4;20;;;;;;;;;;;;;;;;;1;4;0;19;0;27;23;28;16;37;34;27;60;99;73;53;50;55;93;96;97;68;63;40;27;22;36;23;23;41;17;20;15;10
Hombre;"INGENIERIA DE MINAS, METALURGIA Y AFINES";UNIVERSITARIA;DESERTORES;0;0;38;44;130;118;84;205;169;165;217;228;213;303;205;276;256;225;226;357;255;232;239;208;312;271;320;242;351;304;299;260;308;300;223;235;249;260;351;235;202;206;174;124;114;138;57;62;90;78;66;34;65;33
Hombre;"INGENIERIA DE MINAS, METALURGIA Y AFINES";TECNOLOGICA;DESERTORES;;;;;;;;;;;;;;;;;;;;;;;;;0;0;3;0;6;31;98;30;64;218;127;159;392;343;131;305;194;260;71;248;41;195;26;141;13;141;8;119;3;63
Hombre;"INGENIERIA DE MINAS, METALURGIA Y AFINES";FORMACION TECNICA PROFESIONAL;DESERTORES;;;;;;;;;;;;;;;0;0;12;13;27;16;19;31;37;40;38;59;60;72;62;62;68;166;150;66;0;129;67;56;55;23;30;20;16;26;9;16;11;8;13;8;8;6;4;3
Hombre;"INGENIERIA DE SISTEMAS, TELEMATICA Y AFINES";UNIVERSITARIA;DESERTORES;0;0;1067;915;1400;1286;1866;1955;2459;2139;2512;2586;3057;2915;3089;2847;3159;2695;3263;3720;3716;4176;4459;4088;4625;4344;4596;4338;5080;5555;4876;4952;5678;5011;4671;4201;4076;3758;4802;5193;3985;3559;3561;2993;2762;2831;2289;2266;2273;2259;2352;2159;2027;1908
Hombre;"INGENIERIA DE SISTEMAS, TELEMATICA Y AFINES";TECNOLOGICA;DESERTORES;0;0;504;768;822;930;1135;1205;1693;1558;1622;1810;2212;2065;2196;3074;2366;1936;2230;2424;2092;2520;2685;2722;3246;2863;3059;3645;3396;3556;4011;2980;5666;4848;5012;3598;8119;7855;6294;7481;4549;7418;1420;8395;1301;7962;2050;5659;1108;6490;1019;8192;775;4716
Hombre;"INGENIERIA DE SISTEMAS, TELEMATICA Y AFINES";FORMACION TECNICA PROFESIONAL;DESERTORES;0;0;32;93;179;110;298;248;312;242;390;323;445;541;444;227;534;613;814;436;1171;863;1599;1443;1289;1564;1533;1765;1733;1562;1437;1040;1468;1344;1295;1189;962;1400;1230;1219;861;938;893;702;499;1217;560;528;604;888;838;640;627;990
Hombre;INGENIERIA ELECTRICA Y AFINES;UNIVERSITARIA;DESERTORES;0;0;79;78;169;156;212;130;248;184;311;315;252;323;297;362;401;318;359;418;503;478;511;500;520;540;631;520;598;602;644;726;686;781;756;760;693;596;751;623;483;447;377;352;323;247;205;187;200;239;190;161;186;141
Hombre;INGENIERIA ELECTRICA Y AFINES;TECNOLOGICA;DESERTORES;0;0;29;78;83;110;147;174;197;244;294;160;224;211;297;318;237;209;260;353;344;342;324;317;441;374;431;544;414;907;2224;845;1110;808;1147;1030;1428;1499;511;1164;656;1282;253;1051;214;1050;242;823;185;787;132;672;146;370
Hombre;INGENIERIA ELECTRICA Y AFINES;FORMACION TECNICA PROFESIONAL;DESERTORES;;;;;;;;;;;0;0;1;0;0;0;8;0;2;1;7;0;0;5;7;21;48;26;80;40;113;65;166;175;135;131;129;124;167;102;104;128;63;36;52;57;16;31;33;47;23;9;6;7
Hombre;"INGENIERIA ELECTRONICA, TELECOMUNICACIONES Y AFINES";UNIVERSITARIA;DESERTORES;0;0;494;571;771;751;1096;1109;1945;1501;1476;1488;1773;1663;1770;1777;1791;1636;1884;2173;1988;2421;2453;2220;2638;2580;2520;2205;2610;2769;2673;2545;2566;2617;2363;2263;2160;1977;2659;2295;2180;1808;1771;1532;1569;1416;1165;1018;862;935;955;798;953;694
Hombre;"INGENIERIA ELECTRONICA, TELECOMUNICACIONES Y AFINES";TECNOLOGICA;DESERTORES;0;0;183;345;328;515;822;782;1188;1099;1214;1241;1904;1428;1500;1467;2096;1445;1576;1967;1719;1691;2187;2042;2457;2024;2284;2188;2858;2244;4108;3343;3663;2483;2422;2115;2287;2160;2397;1946;1618;1539;969;1210;826;1146;707;910;494;1252;493;1125;368;684
Hombre;"INGENIERIA ELECTRONICA, TELECOMUNICACIONES Y AFINES";FORMACION TECNICA PROFESIONAL;DESERTORES;0;0;6;5;44;3;54;82;103;71;121;106;182;343;92;69;246;185;237;252;380;352;544;428;669;654;839;639;779;534;639;433;523;503;537;316;264;280;489;258;232;192;207;136;139;198;99;73;94;105;73;48;51;61
Hombre;INGENIERIA INDUSTRIAL Y AFINES;UNIVERSITARIA;DESERTORES;0;0;637;770;952;924;1092;1160;1310;1125;1307;1483;1463;1502;1737;1770;1715;1589;1671;2473;2221;2646;2942;2913;3382;3459;3830;3650;4224;4222;4654;4732;4494;4449;4061;3948;3760;3843;5719;4126;4115;3548;3344;3226;3397;3107;2651;2614;2339;2386;2124;1948;2120;1638
Hombre;INGENIERIA INDUSTRIAL Y AFINES;TECNOLOGICA;DESERTORES;0;0;150;159;180;192;199;237;290;248;290;266;262;275;355;431;386;402;602;960;808;893;1262;956;1182;1123;1277;1554;1436;1985;1925;2051;2535;3118;2648;2464;2764;2546;2165;2492;2258;2524;1589;2038;1586;2137;1418;1371;1004;1258;910;1205;789;820
Hombre;INGENIERIA INDUSTRIAL Y AFINES;FORMACION TECNICA PROFESIONAL;DESERTORES;0;0;7;4;1;;3;7;3;5;6;1;9;10;17;21;25;35;41;58;199;151;333;103;264;449;336;463;506;431;398;419;347;445;540;427;499;449;693;338;410;284;302;197;208;164;164;101;104;88;73;67;61;32
Hombre;INGENIERIA INDUSTRIAL Y AFINES;ESPECIALIZACION;DESERTORES;;;;;;;;;;;;;;;;;;;;;0;;0;;28;;25;;27;;;;;;;;;;;;;;;;;;;;;;;;;
Hombre;INGENIERIA MECANICA Y AFINES;UNIVERSITARIA;DESERTORES;0;0;296;353;408;406;561;589;903;672;885;946;964;1019;1025;1033;1043;984;1097;998;1243;1251;1435;1391;1502;1333;1563;1451;1715;1821;1742;1660;1760;1626;1781;1643;1375;1347;1845;1533;1439;1290;1169;1028;1051;859;834;584;600;557;536;425;457;349
Hombre;INGENIERIA MECANICA Y AFINES;TECNOLOGICA;DESERTORES;0;0;75;147;196;167;207;211;304;287;338;164;618;320;349;344;446;325;311;398;563;611;743;665;921;680;799;1007;1133;1782;1617;1794;2335;2331;2910;2215;3048;3459;1509;3235;1867;3201;567;2355;649;2287;637;1323;322;1393;341;1201;194;592
Hombre;INGENIERIA MECANICA Y AFINES;FORMACION TECNICA PROFESIONAL;DESERTORES;0;0;14;23;114;16;108;41;160;72;126;92;169;409;223;52;676;211;340;327;615;499;1232;585;804;988;1003;1187;1118;738;1400;1074;768;546;620;429;384;262;554;406;355;244;293;211;252;171;193;157;149;157;133;94;94;69
Hombre;INGENIERIA QUIMICA Y AFINES;UNIVERSITARIA;DESERTORES;0;0;146;40;74;68;104;126;169;131;191;181;107;174;163;185;178;147;183;185;228;195;207;176;232;197;255;202;284;324;309;261;301;280;289;316;359;315;366;352;329;321;289;257;226;201;145;128;209;155;164;136;153;166
Hombre;INGENIERIA QUIMICA Y AFINES;TECNOLOGICA;DESERTORES;0;0;14;35;30;118;29;23;29;40;38;24;41;24;50;50;51;36;65;71;39;48;73;105;61;50;72;46;81;83;136;94;126;167;182;136;195;208;81;179;77;195;57;161;82;158;71;163;81;218;139;237;210;204
Hombre;INGENIERIA QUIMICA Y AFINES;FORMACION TECNICA PROFESIONAL;DESERTORES;0;0;0;0;0;0;1;19;0;1;7;5;10;18;9;1;10;14;13;7;7;10;14;9;9;10;10;10;17;23;24;31;36;69;43;57;16;21;81;21;25;16;21;19;13;7;9;211;193;356;561;520;479;503
Hombre;OTRAS INGENIERIAS;UNIVERSITARIA;DESERTORES;0;0;72;57;62;62;84;311;134;305;103;125;132;107;135;360;121;119;93;257;134;116;124;122;125;97;145;121;147;181;199;195;193;203;216;213;207;279;303;396;360;270;254;227;177;214;138;119;140;118;130;137;103;91
Hombre;OTRAS INGENIERIAS;TECNOLOGICA;DESERTORES;0;0;23;24;48;42;88;74;96;109;62;78;65;48;65;152;118;120;143;287;150;149;244;156;163;184;225;289;220;1043;325;611;485;368;388;398;479;491;321;506;325;478;181;326;104;378;65;203;37;64;37;24;18;11
Hombre;OTRAS INGENIERIAS;FORMACION TECNICA PROFESIONAL;DESERTORES;;;;;;;;;;;;;;;;;;;;;;;;;;;0;0;;0;1;6;4;10;18;5;28;17;22;48;34;15;13;3;3;3;4;8;6;6;11;2;8;5
Hombre;"BIOLOGIA, MICROBIOLOGIA Y AFINES";UNIVERSITARIA;DESERTORES;0;0;54;62;91;111;116;181;218;219;183;230;209;248;362;390;331;365;418;519;438;419;480;472;476;485;458;378;487;454;459;465;468;513;566;495;528;513;791;591;557;551;419;351;328;325;238;218;295;216;231;192;173;147
Hombre;"BIOLOGIA, MICROBIOLOGIA Y AFINES";TECNOLOGICA;DESERTORES;0;0;0;7;6;14;0;10;16;18;34;17;31;22;19;51;66;50;49;84;64;61;74;93;117;76;141;122;143;93;124;77;57;65;109;87;72;62;78;85;111;57;65;68;66;44;27;58;66;81;116;35;25;28
Hombre;"BIOLOGIA, MICROBIOLOGIA Y AFINES";FORMACION TECNICA PROFESIONAL;DESERTORES;0;0;3;8;2;0;4;0;6;3;3;0;6;1;4;0;5;5;6;9;17;16;5;11;1;1;23;42;8;49;4;7;10;;5;0;3;3;3;3;1;;2;0;0;0;;;;;;;;
Hombre;FISICA;UNIVERSITARIA;DESERTORES;0;0;20;28;49;58;61;99;132;127;122;159;120;146;139;141;112;133;139;168;162;152;206;205;172;180;215;176;234;254;238;230;195;213;240;182;195;161;282;215;172;189;138;142;101;57;41;67;72;69;69;33;57;51
Hombre;FISICA;TECNOLOGICA;DESERTORES;;;;;;;;;;;;;;;;;;;;;;;;;;;;;;;;;;0;0;0;3;8;11;7;10;7;7;9;2;2;1;;2;1;3;7;0;0
Hombre;FISICA;FORMACION TECNICA PROFESIONAL;DESERTORES;;;;;;;;;;;;;;;;;;;;;;;;;;;;;;0;0;1;4;4;13;7;17;16;18;12;14;7;7;4;4;3;2;;0;5;2;0;2;0
Hombre;"GEOLOGIA, OTROS PROGRAMAS DE CIENCIAS NATURALES";UNIVERSITARIA;DESERTORES;0;0;8;2;13;6;14;8;18;25;24;27;31;47;47;59;55;37;57;53;47;50;42;28;38;45;45;48;52;38;48;32;55;57;44;42;49;62;99;54;61;56;50;40;40;38;10;17;28;28;20;28;9;18
Hombre;"GEOLOGIA, OTROS PROGRAMAS DE CIENCIAS NATURALES";TECNOLOGICA;DESERTORES;;;;;;0;0;8;7;5;8;0;1;6;10;2;1;10;5;3;0;0;9;1;1;3;4;9;14;4;31;5;133;100;204;117;251;404;24;535;236;544;10;430;5;343;5;161;5;35;4;5;3;2
Hombre;"GEOLOGIA, OTROS PROGRAMAS DE CIENCIAS NATURALES";FORMACION TECNICA PROFESIONAL;DESERTORES;;;;;;;;;;;;;;;;;;;;;;;;;;;;;;;;;;0;0;1;5;3;0;4;3;2;1;1;2;3;2;2;1;0;;;;
Hombre;"MATEMATICAS, ESTADISTICA Y AFINES";UNIVERSITARIA;DESERTORES;0;0;18;42;44;77;143;238;248;235;180;200;199;280;262;332;270;251;304;334;443;367;429;383;357;392;493;434;486;476;455;475;479;392;385;394;398;338;502;410;356;396;259;275;224;192;110;128;160;134;136;119;116;107
Hombre;"MATEMATICAS, ESTADISTICA Y AFINES";TECNOLOGICA;DESERTORES;0;;;;0;0;3;4;0;1;;2;3;1;0;0;0;0;;;1;;;;;;;;;;;;;;;;;;;;;;;;;;;;;;;;;
Hombre;QUIMICA Y AFINES;UNIVERSITARIA;DESERTORES;0;0;19;19;22;41;65;178;105;161;122;148;103;155;166;181;148;187;211;186;213;222;276;297;236;220;280;244;287;308;288;295;349;559;316;301;366;508;396;297;340;321;284;252;227;177;101;104;141;104;142;113;82;97
Hombre;QUIMICA Y AFINES;TECNOLOGICA;DESERTORES;;;0;0;2;12;9;16;21;20;22;21;27;21;38;31;23;31;39;144;17;26;27;37;42;41;50;45;63;66;99;107;176;177;187;165;355;359;95;374;103;344;125;259;99;178;58;138;60;129;56;133;64;91
Mujer;Sin informaci¿n;Sin informaci¿n;MATRICULADOS;708;839;981;1006;1264;1306;1479;1505;1609;1679;1837;1556;550;566;688;568;498;526;54;214;235;123;112;80;95;183;32;33;61;57;54;62;58;45;55;34;67;50;;;;;;;;;;;;;;;;
Mujer;Sin informaci¿n;UNIVERSITARIA;MATRICULADOS;;;;;;;;;;;;;;;;;;;;;;;;;;;;;;;;;;;;;;;;;;;;;;;;;;;;34;28;4848
Mujer;Sin informaci¿n;TECNOLOGICA;MATRICULADOS;;;;;;;;;;;;;;;;;;;;;;;;;;;;;;;;;;;;;;;;;;;;;;;;;;;;;;786
Mujer;Sin informaci¿n;FORMACION TECNICA PROFESIONAL;MATRICULADOS;;;;;;;;;;;;;;;;;;;;;;;;;;;;;;;;;;;;;;;;;;;;;;;;;;;;;;231
Mujer;AGRONOMIA;UNIVERSITARIA;MATRICULADOS;26;61;76;75;82;87;146;144;231;230;241;205;269;286;279;248;268;268;406;488;525;585;725;702;785;775;821;830;923;918;1025;1117;1147;1233;1295;1309;1496;1399;1616;1563;1848;1855;2213;2330;2729;2359;3371;3647;4178;4452;5376;5792;5015;5764
Mujer;AGRONOMIA;TECNOLOGICA;MATRICULADOS;343;314;347;404;470;486;506;415;455;385;587;496;652;663;743;841;886;867;1073;984;1155;1027;1633;1690;1777;1791;4497;6105;5928;8896;6658;8885;5554;7172;6852;6271;5727;6609;6002;6720;6203;7899;7037;8443;7883;9039;7644;8317;6582;7184;4869;5390;3235;3903
Mujer;AGRONOMIA;FORMACION TECNICA PROFESIONAL;MATRICULADOS;2;5;7;4;14;21;27;39;43;43;43;24;25;73;42;53;85;99;218;190;223;217;193;160;226;439;280;248;440;389;504;474;392;397;606;867;777;645;954;965;1747;1853;1691;1952;1274;1106;1240;1315;992;1124;1316;1964;1226;1803
Mujer;ZOOTECNIA;UNIVERSITARIA;MATRICULADOS;327;358;489;496;580;605;719;746;819;905;1084;1141;1251;1308;1446;1344;1698;1740;2054;2124;2063;2195;2197;2153;2254;2122;2198;1941;2155;2057;2241;2159;2299;2243;2370;2139;2511;2413;2666;2570;2948;2983;3467;3623;3805;4187;5187;5400;5869;6266;7131;7714;6675;7588
Mujer;ZOOTECNIA;TECNOLOGICA;MATRICULADOS;54;90;138;149;257;214;463;477;626;646;702;795;757;804;474;309;322;311;376;353;354;350;449;451;420;416;955;1168;1462;1607;1831;1860;1777;1608;1798;1671;1456;1612;1530;1630;1579;2197;2596;3002;3185;3162;2963;3410;2831;3187;2133;2613;1638;2112
Mujer;ZOOTECNIA;FORMACION TECNICA PROFESIONAL;MATRICULADOS;;;;;;;;;;;;;;;;;;1;;;;;36;36;33;48;39;37;202;240;188;182;106;104;228;226;182;178;208;231;237;218;143;127;91;72;;9;10;4;4;30;17;137
Mujer;MEDICINA VETERINARIA;UNIVERSITARIA;MATRICULADOS;548;608;772;874;1102;1182;1486;1565;1913;2034;2232;2350;2538;2636;2799;2887;3036;3188;3716;3799;3956;3975;4170;4288;4441;4456;4650;4441;4916;4648;5422;5634;5955;6038;6364;6310;7035;6991;7422;7430;8112;8422;9350;9727;10241;9081;12196;12999;13821;14913;15677;16169;14466;15452
Mujer;MEDICINA VETERINARIA;TECNOLOGICA;MATRICULADOS;;;1;9;13;11;17;14;7;11;7;6;8;7;13;19;31;30;26;27;20;21;7;7;;;;;;;;;;;;;;;;;;;14;14;21;17;17;21;33;25;94;134;67;156
Mujer;"ARTES PLASTICAS, VISUALES Y AFINES";UNIVERSITARIA;MATRICULADOS;349;461;594;667;836;922;1039;1161;1330;1450;1630;1645;1817;1871;2004;1973;2018;2050;2410;2399;2524;2598;2778;2776;2990;3123;3337;3364;3453;3563;3756;3872;4051;4054;4114;4139;4244;4175;4479;4448;4841;5104;5635;5920;6470;6026;7545;7711;8742;9173;9700;10302;8955;9679
Mujer;"ARTES PLASTICAS, VISUALES Y AFINES";TECNOLOGICA;MATRICULADOS;;;;;;;;3;8;20;36;57;71;81;97;110;126;156;260;289;321;328;356;364;403;417;616;468;869;535;501;555;591;570;618;605;553;632;729;826;831;896;909;1033;1040;1348;1463;1556;1407;1655;1407;1480;1148;1396
Mujer;"ARTES PLASTICAS, VISUALES Y AFINES";FORMACION TECNICA PROFESIONAL;MATRICULADOS;15;14;40;16;44;42;57;85;97;93;134;143;133;150;166;155;191;152;183;184;160;153;79;155;112;131;158;172;209;202;231;235;282;265;286;305;303;263;353;359;492;399;435;409;438;379;468;354;563;616;667;666;471;524
Mujer;ARTES REPRESENTATIVAS;UNIVERSITARIA;MATRICULADOS;1;46;16;58;28;56;69;85;103;111;193;126;95;162;248;161;272;159;280;238;292;228;329;304;401;268;446;316;485;437;559;602;634;628;677;725;758;812;799;799;856;932;1085;1143;1334;1247;1511;1392;1682;1768;1746;1798;1553;1564
Mujer;ARTES REPRESENTATIVAS;TECNOLOGICA;MATRICULADOS;;;;;;;;;;;;;;;;;;;;;;;;;;3;6;9;14;22;35;33;24;18;24;45;86;123;110;157;141;222;216;444;461;589;541;673;517;648;457;563;311;533
Mujer;ARTES REPRESENTATIVAS;FORMACION TECNICA PROFESIONAL;MATRICULADOS;;;;;;;2;12;22;30;29;32;27;34;19;25;24;24;24;29;33;30;34;46;25;33;51;59;61;45;42;31;39;27;29;24;39;38;43;41;59;59;57;37;60;50;65;72;70;72;81;84;66;39
Mujer;PUBLICIDAD Y AFINES;UNIVERSITARIA;MATRICULADOS;503;363;455;438;518;589;746;862;1070;1216;1460;1471;1700;1735;1841;1858;1965;1916;2072;2192;2296;2472;2554;2452;2809;2826;2933;2943;3103;3243;3198;3143;3040;2928;2818;2832;2812;2718;2623;2564;2571;2540;2613;2601;2987;3030;3752;4138;4751;5115;5665;6019;4945;5755
Mujer;PUBLICIDAD Y AFINES;TECNOLOGICA;MATRICULADOS;1042;1012;1113;1041;1104;1058;1121;1031;1049;1056;1123;1156;1157;1139;1119;1124;1093;1015;1137;1340;1723;1890;1944;1871;1844;1725;1663;1469;1333;1275;1264;1175;1030;914;871;849;843;429;384;311;281;279;347;479;1264;2041;2338;2761;2705;3317;2387;2796;1928;2275
Mujer;PUBLICIDAD Y AFINES;FORMACION TECNICA PROFESIONAL;MATRICULADOS;107;138;217;242;242;274;339;355;406;397;419;467;482;458;440;406;422;389;441;438;524;716;600;480;545;554;485;456;465;438;419;400;473;491;456;339;256;216;160;155;148;153;147;109;146;264;529;747;1019;1116;1273;1279;773;1219
Mujer;DISEÑO;UNIVERSITARIA;MATRICULADOS;877;900;1197;1291;1623;1817;2281;2568;2946;3246;3824;3970;4356;4465;4842;5002;5350;5468;6997;7254;7819;7980;8646;8937;9476;9665;10400;10569;10865;10951;11585;11511;11802;11315;10844;10897;10751;10500;10662;10178;10730;10765;11875;12474;13629;12634;15652;16561;18860;19597;21667;22155;19041;20449
Mujer;DISEÑO;TECNOLOGICA;MATRICULADOS;132;193;286;329;429;473;621;633;900;949;1139;1230;1410;1462;1541;1475;1616;1592;1961;2063;2565;2547;2953;3111;3360;3425;4416;4632;5480;5719;6133;7187;6808;6731;6825;6695;5814;6241;5779;6175;5605;6968;6309;7084;5834;6205;5003;5790;5355;5652;4926;5318;3806;4063
Mujer;DISEÑO;FORMACION TECNICA PROFESIONAL;MATRICULADOS;325;297;459;382;517;592;700;787;918;884;966;1078;1141;1317;1285;1517;1591;1565;2640;2624;3024;2869;2607;2982;3063;2902;3397;3006;3413;3034;3674;3356;3214;3031;3219;3013;2495;2038;2148;1960;2516;2573;3036;3147;3195;2273;2938;3237;3901;4067;4732;4406;3114;3448
Mujer;MUSICA;UNIVERSITARIA;MATRICULADOS;162;98;170;203;247;314;314;447;429;503;580;571;599;579;653;643;672;658;729;766;887;918;977;1002;1040;1109;1101;1044;1179;1253;1296;1360;1587;1680;1834;1993;2088;2157;2348;2638;2913;3141;3466;3742;4052;3789;4622;4670;5036;5181;5234;5562;4950;5220
Mujer;MUSICA;TECNOLOGICA;MATRICULADOS;8;4;1;1;;1;;;;;;;1;5;23;25;29;28;37;27;17;19;30;41;38;34;36;45;39;55;60;71;95;103;122;136;159;179;192;243;320;371;380;447;456;581;581;649;590;540;433;441;281;312
Mujer;MUSICA;FORMACION TECNICA PROFESIONAL;MATRICULADOS;;;;;;;;;;;;;;;;;;;;;;;;36;22;19;25;34;55;60;62;61;78;80;96;102;105;97;117;123;132;136;204;196;229;165;204;226;226;208;233;219;179;181
Mujer;ADMINISTRACION;UNIVERSITARIA;MATRICULADOS;14046;14884;18949;20179;24003;25723;28568;29843;33657;36125;38489;39123;40817;41089;42822;41395;44510;45589;54162;59350;68334;68776;72890;76689;88328;90751;97771;96893;107626;109892;116850;117311;125208;124758;129619;130981;140564;140578;143554;142832;148224;147351;154892;155425;165679;158461;177274;175849;189243;188097;192992;189971;158961;165301
Mujer;ADMINISTRACION;TECNOLOGICA;MATRICULADOS;5980;6822;8153;8436;9600;9942;11387;11401;12787;13409;14100;14230;15184;15492;14349;13187;14946;15264;21234;22872;26383;29191;32813;35435;38928;39032;55068;59689;73570;78799;88616;99702;98618;100427;102918;103137;94867;104541;97980;110843;106630;125036;109994;129987;125451;149444;148584;172175;146175;158616;110425;120536;72011;84534
Mujer;ADMINISTRACION;FORMACION TECNICA PROFESIONAL;MATRICULADOS;1063;1485;2392;1829;2427;2558;2670;3087;3650;3347;3742;3608;3507;3366;4069;4397;4669;4595;10058;9910;11053;9962;10457;12124;13933;16310;15913;14085;15867;14366;16685;16800;19091;16708;19111;17775;14823;12084;14185;14025;18092;18060;21398;22179;17819;15587;17963;19084;20977;19720;20941;18843;11326;12859
Mujer;ADMINISTRACION;ESPECIALIZACION;MATRICULADOS;;;;;;;;;;;;;;;;;;;;;2;;5;;1;;2;;4;;;;;;;;;;;;;;;;;;;;;;;;;
Mujer;SIN CLASIFICAR;UNIVERSITARIA;MATRICULADOS;;;;;;;;;;;;;;;;;;;;;;;;;;;;;;;;;;;;;;;;;;;;;10;667;2825;7069;16795;23927;39515;51046;40501;59737
Mujer;SIN CLASIFICAR;TECNOLOGICA;MATRICULADOS;;;;;;;;;;;;;;;;;;;;;;;;;;;;;;;;;;;;;;;;;;;;1;143;6979;16188;27756;44404;77838;101644;147132;114251;164342
Mujer;SIN CLASIFICAR;FORMACION TECNICA PROFESIONAL;MATRICULADOS;;;;;;;;;;;;;;;;;;;;;;;;;;;;;;;;;;;;;;;;;;;;;;5;376;1117;1892;2470;3949;5523;3581;6269
Mujer;OTROS PROGRAMAS ASOCIADOS A BELLAS ARTES;UNIVERSITARIA;MATRICULADOS;;;;;;;;;;9;9;10;16;24;41;45;68;73;96;110;136;176;202;228;240;260;307;219;348;388;412;483;534;524;523;538;536;606;520;487;557;561;713;715;925;809;1057;1059;1306;1410;1368;1527;1355;1437
Mujer;OTROS PROGRAMAS ASOCIADOS A BELLAS ARTES;TECNOLOGICA;MATRICULADOS;;;;;;;;;;;;;1;;;1;9;3;;;1;;;;139;168;840;1132;1708;1833;2620;2901;2930;2777;3300;2660;2004;2509;2310;2608;2284;2790;2547;3075;2525;2608;2202;2326;1580;1724;1334;1414;957;1039
Mujer;OTROS PROGRAMAS ASOCIADOS A BELLAS ARTES;FORMACION TECNICA PROFESIONAL;MATRICULADOS;;;;;;;;;;;1;1;;1;1;;7;4;32;33;52;94;122;109;146;109;154;100;125;120;108;104;74;50;54;103;220;202;162;205;370;327;337;394;400;262;338;399;433;568;629;760;412;598
Mujer;EDUCACION;UNIVERSITARIA;MATRICULADOS;16676;15715;20665;22313;24670;25462;28589;28479;32164;32564;34692;35935;36001;39042;40776;42531;46367;48623;57358;60958;65825;68144;70896;72718;74676;73865;80802;78789;83170;83806;87048;90358;92474;91900;94347;92793;94764;92548;89359;85638;84554;82605;86924;88135;92283;88921;102202;99726;110417;113991;120516;122085;106991;114456
Mujer;EDUCACION;TECNOLOGICA;MATRICULADOS;51;76;116;138;139;162;33;29;2;;;;;;;;;;;;;;20;60;84;101;652;1129;1733;2117;2429;2942;2933;3131;3517;3542;3110;3611;3192;3540;3049;3741;2855;3717;2762;3096;1646;1773;1340;1556;1097;1288;830;982
Mujer;EDUCACION;FORMACION TECNICA PROFESIONAL;MATRICULADOS;49;64;59;63;71;39;61;82;96;107;180;236;240;35;32;23;33;49;57;55;37;20;21;47;58;59;136;155;211;211;246;224;177;152;117;99;134;120;101;61;38;44;84;98;138;58;202;161;109;75;35;34;27;27
Mujer;BACTERIOLOGIA;UNIVERSITARIA;MATRICULADOS;625;581;723;828;1486;1618;2037;2241;2790;3060;3835;3987;4296;4303;4476;4481;4551;4407;4515;4494;4405;4277;4303;4114;4098;3907;3881;3746;3739;3338;3721;3609;3383;2929;2985;2823;2711;2637;2461;2318;2346;2459;2645;2716;3059;2946;3625;3793;4217;4464;4664;4810;4341;4435
Mujer;BACTERIOLOGIA;TECNOLOGICA;MATRICULADOS;37;42;59;69;80;88;110;142;163;169;198;232;254;261;257;210;238;189;321;349;388;421;557;600;631;627;668;654;582;483;412;374;255;201;176;129;98;101;71;63;68;70;86;72;69;52;62;71;76;82;91;115;102;94
Mujer;BACTERIOLOGIA;FORMACION TECNICA PROFESIONAL;MATRICULADOS;;;;;;;;1;4;5;18;77;106;111;248;241;246;234;226;193;144;125;97;86;158;149;77;77;62;49;20;13;3;83;144;;4;3;7;13;19;25;21;13;11;4;;;;;;;;
Mujer;ENFERMERIA;UNIVERSITARIA;MATRICULADOS;1525;2199;2965;3592;4483;5271;6225;6997;7632;8335;9011;9444;9898;9413;10287;10424;10999;11013;12387;13153;13907;14100;14892;15333;15832;16488;17260;17176;17495;17003;17489;17609;17003;16122;15010;14088;14270;13909;13267;12627;12787;13211;14107;14519;15551;14322;16869;17415;18592;19913;20327;20917;18426;19298
Mujer;ENFERMERIA;TECNOLOGICA;MATRICULADOS;;;;;;;9;9;9;9;13;13;6;6;12;12;11;11;;3;3;3;1;1;1;1;1;1;2;1;1;;8;;23;33;24;32;57;24;14;35;54;64;65;37;54;31;30;46;45;28;15;14
Mujer;ENFERMERIA;FORMACION TECNICA PROFESIONAL;MATRICULADOS;;;;;44;25;69;69;87;127;139;175;214;185;216;253;263;194;247;293;418;449;570;541;574;534;584;591;761;758;678;684;614;396;215;112;69;25;7;;1;;;;;;;;;;;;;
Mujer;TERAPIAS;UNIVERSITARIA;MATRICULADOS;2600;3238;3797;4284;5325;5869;7224;7549;7990;8234;9234;9366;9399;9204;9088;9172;9279;9448;10473;10709;11161;10952;11175;11040;11662;11427;11692;11757;11299;11573;11609;11906;11772;11022;10431;10256;10302;10167;10097;9666;10331;10678;11913;12647;13635;13123;15423;16635;17921;18848;19781;20064;17779;18079
Mujer;TERAPIAS;TECNOLOGICA;MATRICULADOS;1;;194;182;169;151;13;9;16;6;9;7;7;10;7;;;;;;;;;;13;23;;422;;649;866;1187;1163;1182;1497;1506;1301;1779;1568;1728;1581;2301;1819;2134;1590;1867;1663;2170;2070;2768;2247;2750;1871;2449
Mujer;INSTRUMENTACION QUIRURGICA;UNIVERSITARIA;MATRICULADOS;727;1151;1504;1849;2094;2298;2547;2436;2462;2287;2260;2176;2076;1904;1748;1664;1755;1585;1734;1727;1828;1770;1715;1783;1949;1870;1932;1962;2072;2136;2267;2255;2321;2147;2001;1906;1953;1822;1742;1619;1716;1830;2073;2223;2523;2347;2805;2955;3209;3264;3447;3495;2945;3083
Mujer;INSTRUMENTACION QUIRURGICA;FORMACION TECNICA PROFESIONAL;MATRICULADOS;50;71;99;107;118;121;113;101;103;141;176;186;194;122;405;316;332;267;239;208;192;182;139;108;69;67;25;18;5;;;;1;3;3;2;1;;;;;;;;;;;;;;;;;
Mujer;MEDICINA;UNIVERSITARIA;MATRICULADOS;1616;1608;2716;3228;4454;5021;6099;7164;7843;8881;9767;10560;11055;10874;11895;12041;12818;13061;14595;15033;15952;16339;16787;17593;18910;19606;19909;20759;21285;21561;22048;23500;23507;23165;22621;22829;23405;23650;23486;23665;24688;25939;27973;29592;31541;32442;36809;38521;41666;44002;45927;48025;44737;46114
Mujer;MEDICINA;TECNOLOGICA;MATRICULADOS;42;57;95;89;101;104;110;129;135;142;171;161;164;193;194;174;189;179;222;231;275;271;280;308;360;392;467;554;706;826;804;566;815;612;651;644;679;863;1089;1163;1454;1964;2384;3050;3613;4395;4253;5044;4644;5095;4400;4755;3680;4072
Mujer;MEDICINA;FORMACION TECNICA PROFESIONAL;MATRICULADOS;8;13;23;43;57;64;48;51;49;56;54;45;55;44;28;26;26;44;76;81;140;158;170;297;349;429;379;309;293;272;268;237;210;177;144;111;86;94;77;83;103;115;121;111;105;84;84;90;75;72;72;77;53;73
Mujer;NUTRICION Y DIETETICA;UNIVERSITARIA;MATRICULADOS;111;218;234;377;491;590;658;774;895;1026;1036;1319;1473;1464;1137;1473;1560;1560;1685;1685;1724;1749;1795;1770;1810;1896;1988;1985;1940;1484;2052;2259;2358;2320;2254;1914;2332;2435;2452;2464;2712;2924;3155;3243;3607;3559;4142;3857;4507;4585;4694;4734;4231;4235
Mujer;NUTRICION Y DIETETICA;TECNOLOGICA;MATRICULADOS;;;;;;;;;;;;;;;;;;;;;;;;;;;;;;;;;;;;;;;;;42;53;46;11;14;23;2;;35;42;51;52;29;16
Mujer;NUTRICION Y DIETETICA;FORMACION TECNICA PROFESIONAL;MATRICULADOS;;;;;;;;;;;;;;;;;;;;;;;;;;;;;;;;;;;;;9;29;22;20;38;46;65;57;79;88;103;;128;110;101;89;53;76
Mujer;ODONTOLOGIA;UNIVERSITARIA;MATRICULADOS;2603;1817;2375;2762;3155;4251;4874;4920;5284;5410;5557;5473;5625;5457;5513;5518;5703;5774;7067;6939;7372;7289;7338;7365;8203;8625;8652;8731;8835;9140;9290;9510;9049;8324;8038;7820;7884;7598;7177;6760;6780;6541;6967;6919;7387;6799;7997;7996;9243;9624;10400;10397;9497;10333
Mujer;ODONTOLOGIA;TECNOLOGICA;MATRICULADOS;12;50;224;204;177;171;159;131;105;93;109;130;146;164;168;147;173;196;207;227;277;293;316;313;366;344;368;379;436;438;433;422;449;398;427;393;316;311;293;282;331;330;381;381;396;218;321;316;331;369;387;374;317;328
Mujer;ODONTOLOGIA;FORMACION TECNICA PROFESIONAL;MATRICULADOS;16;24;26;27;32;34;18;10;25;38;36;36;78;71;151;460;595;610;752;728;809;689;717;631;718;673;805;788;1020;765;937;910;942;777;898;733;924;845;886;947;949;767;893;711;625;423;505;449;479;340;227;132;64;39
Mujer;ODONTOLOGIA;ESPECIALIZACION;MATRICULADOS;;;;;;;;;;;;;;;;;;;;;;;;;;;;;18;;;;;;;;;;;;;;;;;;;;;;;;;
Mujer;"OPTOMETRIA, OTROS PROGRAMAS DE CIENCIAS DE LA SALUD";UNIVERSITARIA;MATRICULADOS;181;138;238;306;400;423;554;559;705;738;826;812;824;790;770;752;743;721;893;870;882;878;882;849;917;900;941;958;988;988;1024;1103;1069;1054;998;1027;1095;1101;1139;1164;1258;1296;1420;1484;1631;1630;1865;1935;2135;2264;2358;2433;2147;2223
Mujer;"OPTOMETRIA, OTROS PROGRAMAS DE CIENCIAS DE LA SALUD";TECNOLOGICA;MATRICULADOS;36;41;79;95;94;90;127;117;111;118;85;112;118;133;201;263;281;299;519;505;706;1001;1286;1424;1626;1854;1923;1775;1829;1654;1627;1545;1413;1394;1317;1298;1217;1164;1050;962;985;1012;1066;1105;1121;1110;1336;1400;1458;1366;1398;1465;1152;1182
Mujer;"OPTOMETRIA, OTROS PROGRAMAS DE CIENCIAS DE LA SALUD";FORMACION TECNICA PROFESIONAL;MATRICULADOS;;;;;;;;;;;7;16;10;18;60;68;72;68;69;62;89;106;122;140;216;244;328;408;482;497;654;702;931;795;665;549;376;288;1;;;4;;;;;;;;;;;;
Mujer;SALUD PUBLICA;UNIVERSITARIA;MATRICULADOS;;;;;35;97;218;147;328;402;456;496;524;543;590;644;586;533;693;808;1440;1758;3002;3150;4364;2978;6086;4678;6598;5905;5426;5901;6538;5999;4499;4673;4594;4479;4382;4772;4877;4973;5549;6161;6689;7019;7996;8414;8579;8595;8794;8871;7687;7938
Mujer;SALUD PUBLICA;TECNOLOGICA;MATRICULADOS;14;37;51;58;56;44;36;47;33;51;111;173;204;265;263;313;339;389;449;494;663;648;677;752;1239;1319;3312;4665;7115;9067;9553;11164;10345;9498;8394;7994;6198;7409;6250;7414;6323;6792;4845;4784;2833;2603;2460;2616;2817;2889;2937;2660;2075;2022
Mujer;SALUD PUBLICA;FORMACION TECNICA PROFESIONAL;MATRICULADOS;;;15;;31;58;57;82;127;133;161;213;289;297;284;236;197;158;340;345;409;435;569;619;669;657;888;851;928;1025;1070;1176;1344;960;808;608;707;611;608;752;580;536;601;600;899;974;1617;2016;2816;2897;2968;2482;1360;1382
Mujer;"ANTROPOLOGIA, ARTES LIBERALES";UNIVERSITARIA;MATRICULADOS;221;254;289;337;379;372;520;545;569;636;705;734;797;795;819;633;837;837;916;936;960;935;988;1011;1052;1085;975;1213;1213;1279;1336;1391;1423;1479;1474;1252;1510;1447;1519;1513;1627;1707;1840;1859;1997;1364;2199;1966;2351;2418;2452;2464;2187;2238
Mujer;"BIBLIOTECOLOGIA, OTROS DE CIENCIAS SOCIALES Y HUMANAS";UNIVERSITARIA;MATRICULADOS;27;58;95;94;138;187;243;252;308;341;403;385;421;433;263;448;465;457;589;696;830;804;1019;1162;1390;1308;1550;1624;1829;1889;1974;2193;2198;2008;1841;1469;1501;1484;1505;1573;1442;1454;1546;1641;1605;1369;1685;1646;1791;1875;1821;1815;1509;1643
Mujer;"BIBLIOTECOLOGIA, OTROS DE CIENCIAS SOCIALES Y HUMANAS";TECNOLOGICA;MATRICULADOS;;;;;1;11;15;10;10;15;21;19;9;13;16;39;72;90;100;106;116;112;86;67;175;177;1170;1856;2207;3335;3828;4373;3900;4157;4007;3702;3176;4149;3609;4349;4348;5936;5241;6637;6247;7201;4936;5131;3464;4316;3013;3525;2472;3193
Mujer;"BIBLIOTECOLOGIA, OTROS DE CIENCIAS SOCIALES Y HUMANAS";FORMACION TECNICA PROFESIONAL;MATRICULADOS;;;;;;;;;;;;;;;;;;;6;6;12;13;19;14;30;21;31;242;;;;;;;;;;60;60;17;;32;48;35;16;31;30;52;9;37;39;49;49;10
Mujer;"CIENCIA POLITICA, RELACIONES INTERNACIONALES";UNIVERSITARIA;MATRICULADOS;304;385;590;709;903;1039;1309;1498;1739;1930;2287;2465;2710;2736;2935;2913;3134;3123;3619;3496;3831;3632;3835;3844;3946;3941;3923;4061;3948;4257;4460;4524;4631;4551;4572;4405;4738;4601;4653;4637;5024;5388;6100;6412;6848;6869;8125;8260;8417;8295;8930;8745;7580;7723
Mujer;"CIENCIA POLITICA, RELACIONES INTERNACIONALES";TECNOLOGICA;MATRICULADOS;;;;;;;;;;;;;;;;;;;;;;24;59;70;112;124;142;138;137;140;131;118;116;97;73;57;42;28;18;13;6;5;3;2;1;5;9;13;18;11;13;7;7;7
Mujer;"COMUNICACIÓN SOCIAL, PERIODISMO Y AFINES";UNIVERSITARIA;MATRICULADOS;2583;1917;2749;3016;3896;4295;5201;5485;6196;6846;7985;8513;9443;9746;10225;10276;11454;11770;13449;13718;14578;14540;15481;15410;16419;16191;17101;17165;18069;18194;19733;19659;19988;19309;19143;18476;20144;19357;19120;18176;19725;19862;21942;22130;24245;21988;24927;24394;26327;26122;26954;25907;22202;21832
Mujer;"COMUNICACIÓN SOCIAL, PERIODISMO Y AFINES";TECNOLOGICA;MATRICULADOS;320;359;355;327;337;296;264;233;249;236;213;203;192;212;224;237;284;299;487;444;655;589;640;692;881;890;943;943;941;936;1155;1287;1239;1143;1210;1111;1089;1123;1382;1395;1422;1417;1287;1192;1204;961;998;1015;1061;1044;1096;950;691;591
Mujer;"COMUNICACIÓN SOCIAL, PERIODISMO Y AFINES";FORMACION TECNICA PROFESIONAL;MATRICULADOS;65;57;112;41;45;45;36;69;123;109;134;162;119;86;176;217;185;97;400;386;398;400;338;433;428;461;544;547;626;659;932;973;1145;1042;1000;1095;810;579;731;852;1300;1298;1593;1799;1578;1196;1363;1883;1498;1511;1631;1343;765;715
Mujer;"DEPORTES, EDUCACION FISICA Y RECREACION";UNIVERSITARIA;MATRICULADOS;224;196;275;316;366;387;464;379;434;337;547;584;787;843;954;1123;1134;1165;1514;1457;1602;1537;1631;1605;1606;1572;1576;1524;1493;1428;1583;1621;2184;2441;2851;3344;3502;3722;4427;4635;5294;6063;6763;7266;8024;7186;8324;8480;8899;9073;8876;8690;7358;8246
Mujer;"DEPORTES, EDUCACION FISICA Y RECREACION";TECNOLOGICA;MATRICULADOS;73;7;21;15;11;11;18;17;16;47;28;26;34;42;39;53;63;64;54;65;90;86;76;85;99;107;128;110;226;270;265;253;262;322;535;642;694;701;857;905;1081;1155;1595;2046;2765;3526;3847;4356;4163;4489;3468;4263;3154;3891
Mujer;"DEPORTES, EDUCACION FISICA Y RECREACION";FORMACION TECNICA PROFESIONAL;MATRICULADOS;;;;;2;5;7;7;9;12;7;6;5;7;9;7;8;6;20;2;12;20;38;17;31;24;45;32;51;26;50;38;102;118;186;234;237;179;162;151;194;233;255;280;295;245;235;235;271;290;310;300;195;180
Mujer;DERECHO Y AFINES;UNIVERSITARIA;MATRICULADOS;9707;7061;12701;10464;15205;14113;20751;18714;23994;22459;26991;23786;27955;25525;30546;29374;32644;30870;36916;38147;40824;42025;45294;46266;49471;49971;52596;52687;55292;58044;61451;63355;64927;63730;64080;63666;66656;65257;65265;64041;68063;68659;74519;75661;82296;77214;86187;83898;89526;89072;90550;87555;76561;76375
Mujer;DERECHO Y AFINES;TECNOLOGICA;MATRICULADOS;65;128;197;323;483;561;679;628;695;633;672;886;773;721;954;1086;1136;1127;1303;1137;1109;947;962;950;974;1114;1282;1325;1216;1227;1354;1321;1369;1425;1381;1427;1478;1467;1585;1575;1872;1975;2387;2531;2416;2249;2617;2568;2786;2564;2503;2426;1753;1708
Mujer;DERECHO Y AFINES;FORMACION TECNICA PROFESIONAL;MATRICULADOS;;;;;10;12;22;22;36;24;34;54;38;79;79;105;55;;21;14;13;31;80;101;186;172;284;233;248;210;270;258;226;91;180;145;168;143;150;171;220;197;219;252;284;259;340;267;500;297;236;330;123;242
Mujer;FORMACION RELACIONADA CON EL CAMPO MILITAR O POLICIAL;UNIVERSITARIA;MATRICULADOS;17;13;26;23;42;35;207;50;59;52;52;46;43;40;75;77;154;185;266;292;348;360;368;337;406;407;432;442;437;409;433;439;689;690;918;1024;1120;1126;1341;1414;1589;1662;2022;2173;2487;2373;2727;2806;2916;2875;2756;2323;2060;2001
Mujer;FORMACION RELACIONADA CON EL CAMPO MILITAR O POLICIAL;TECNOLOGICA;MATRICULADOS;87;24;19;10;34;33;31;30;34;34;10;10;11;11;11;10;35;45;243;387;549;653;682;661;564;443;282;214;187;148;119;156;499;770;1248;1637;1657;1642;1771;1806;2041;2242;2480;2712;2246;2339;2494;2513;3027;2758;2547;2167;1620;1477
Mujer;FORMACION RELACIONADA CON EL CAMPO MILITAR O POLICIAL;FORMACION TECNICA PROFESIONAL;MATRICULADOS;;;;;;;;2;;;;;;;;;;;584;958;1202;1100;1444;923;1888;1252;2548;2158;906;1434;1350;1980;1048;1844;1115;6;1649;1568;1883;1864;2345;2240;3552;4626;4443;1702;6695;5578;4296;3479;6832;5252;1688;6589
Mujer;"GEOGRAFIA, HISTORIA";UNIVERSITARIA;MATRICULADOS;142;143;223;266;358;377;515;600;667;748;825;911;965;947;1040;985;1156;1193;1284;1258;1268;1238;1246;1260;1311;1360;1326;1396;1524;1519;1598;1605;1764;1698;1788;1667;1903;1781;1974;1948;2224;2230;2532;2483;2494;2635;3293;2853;3579;3556;3775;3662;3271;3208
Mujer;"GEOGRAFIA, HISTORIA";TECNOLOGICA;MATRICULADOS;15;;;;;;;14;34;42;61;64;66;53;44;15;49;44;48;52;57;59;62;58;50;42;38;35;42;47;42;44;48;55;63;60;59;52;55;44;41;45;42;46;55;64;40;52;34;26;23;12;10;6
Mujer;"LENGUAS MODERNAS, LITERATURA, LINGUISTICA Y AFINES";UNIVERSITARIA;MATRICULADOS;265;392;506;624;728;860;975;1028;1171;1224;1302;1432;1421;1459;1469;1461;1499;1498;1606;1597;1690;1701;1809;1816;1876;1780;2053;2209;2408;2378;2486;2529;2603;2725;2951;3223;3716;3778;3775;3662;4251;4373;5268;5554;6123;5568;6935;6984;8296;8356;8640;8248;7250;7170
Mujer;"LENGUAS MODERNAS, LITERATURA, LINGUISTICA Y AFINES";TECNOLOGICA;MATRICULADOS;;;;;;;;;;;;;;;;;;;;;;;;;;;;;;;24;24;23;22;18;17;12;9;;15;11;9;9;9;;7;2;2;;;;;;
Mujer;"LENGUAS MODERNAS, LITERATURA, LINGUISTICA Y AFINES";FORMACION TECNICA PROFESIONAL;MATRICULADOS;13;11;79;6;23;15;39;57;84;84;42;32;10;10;20;25;69;52;41;29;67;84;154;165;224;291;307;319;398;386;493;507;516;374;328;288;241;5;;;;;;;;;;;;;;;;
Mujer;PSICOLOGIA;UNIVERSITARIA;MATRICULADOS;4526;5549;8160;9128;11325;12731;14225;14524;18044;20201;21900;22276;23189;22880;21679;21933;23038;23631;25078;27306;28132;28582;30311;30639;32947;34177;36972;38861;43727;46042;51023;53524;55711;55102;56647;56336;62398;61866;63499;60557;65895;64183;68878;68322;71846;67414;74259;73388;78982;78710;78968;75145;65816;65227
Mujer;PSICOLOGIA;FORMACION TECNICA PROFESIONAL;MATRICULADOS;;;;;;;;;;;;;;;;;;;;;15;14;18;50;11;28;47;16;12;8;23;24;30;25;15;5;2;2;;;;;;;;;;;;;;;;
Mujer;"FILOSOFIA, TEOLOGIA Y AFINES";UNIVERSITARIA;MATRICULADOS;200;121;158;148;200;215;308;341;434;503;616;718;810;884;940;1011;1075;1088;1206;1237;1384;1337;1318;1346;1364;1404;1411;1500;1533;1492;1497;1486;1649;1636;1707;1740;1773;1753;1909;1733;2114;2214;2536;2571;2825;2737;3354;2990;3577;3610;3586;3759;3171;3279
Mujer;"SOCIOLOGIA, TRABAJO SOCIAL Y AFINES";UNIVERSITARIA;MATRICULADOS;1158;1655;1995;1853;2727;2579;3580;3915;4541;4998;5174;5754;6019;6415;6890;6434;7199;7296;7651;8149;9173;9911;10672;11146;11984;12494;13091;14031;15021;15689;16247;17291;17275;17265;17217;16608;18158;18404;17798;17531;18451;18574;21034;22103;24346;21622;26881;27201;29465;30029;31391;30953;26874;27302
Mujer;"SOCIOLOGIA, TRABAJO SOCIAL Y AFINES";TECNOLOGICA;MATRICULADOS;71;159;206;244;280;314;396;376;390;384;414;394;380;319;304;294;277;242;247;283;351;355;388;377;418;419;478;406;480;406;460;573;598;604;644;749;752;756;805;652;657;646;759;915;1141;1265;1457;1528;1446;1253;1068;1095;864;899
Mujer;"SOCIOLOGIA, TRABAJO SOCIAL Y AFINES";FORMACION TECNICA PROFESIONAL;MATRICULADOS;5;2;12;9;45;72;89;74;127;130;196;253;302;281;294;648;611;523;632;594;595;429;599;601;766;953;805;851;872;674;779;758;1023;908;942;927;1012;818;616;533;695;590;600;748;792;539;946;880;803;740;909;812;465;978
Mujer;ECONOMIA;UNIVERSITARIA;MATRICULADOS;3231;3194;4545;4735;6104;6776;7747;8291;9033;9654;9731;10069;10261;10451;10547;10510;10532;10900;12786;13431;14757;15117;15924;16182;16957;16762;17001;17362;17658;17656;18327;18448;18684;17894;17416;17762;18194;17791;17486;17183;18173;18533;20350;20814;21927;21320;24615;24205;25887;26208;27865;27596;24174;24369
Mujer;ECONOMIA;TECNOLOGICA;MATRICULADOS;28;59;159;190;239;304;431;500;497;515;546;595;685;774;597;927;1022;1031;1376;1471;1474;1581;1702;1679;1823;1711;3990;6362;7439;11724;13127;16798;15960;18440;19843;19648;18144;14148;12590;13155;10545;13029;9847;11327;9375;10429;7510;8820;7155;8282;5331;6289;4011;4618
Mujer;ECONOMIA;FORMACION TECNICA PROFESIONAL;MATRICULADOS;44;48;77;85;118;184;181;154;283;248;364;406;394;435;453;506;653;644;1089;1006;1252;890;1370;1183;1447;1267;1779;1281;1634;1434;2324;2016;2230;1882;1723;1689;1956;1633;1867;1745;1832;1696;1996;2016;2295;2141;2482;2253;2650;2381;2217;2035;1415;1878
Mujer;CONTADURIA PUBLICA;UNIVERSITARIA;MATRICULADOS;9793;10174;12241;12616;14182;15798;16876;18254;20605;22752;22815;23616;24431;24835;25316;25056;26047;26454;29131;30465;35570;37533;42363;44260;50510;51574;52594;53886;58365;59942;60696;60682;61095;59214;58535;58799;61452;61292;60621;58905;59724;57606;61250;60857;64188;58199;65911;64983;71348;70007;73689;72375;61414;63776
Mujer;CONTADURIA PUBLICA;TECNOLOGICA;MATRICULADOS;1506;1621;1654;1653;1942;2111;2517;2591;2809;2937;3129;3242;3071;3417;3484;3635;3875;3937;3924;3960;4804;4932;6250;6724;8308;7943;13648;14941;19803;23875;26480;30988;28057;30540;31059;30904;27808;28787;24764;26069;20365;24019;18265;18826;16697;15659;11987;12324;11095;11695;8160;8252;5518;6440
Mujer;CONTADURIA PUBLICA;FORMACION TECNICA PROFESIONAL;MATRICULADOS;160;268;295;320;330;320;314;292;302;265;402;442;480;391;586;714;667;573;1659;1765;2797;2652;2469;3882;4239;3973;3770;3147;3777;4283;5483;6317;7552;7243;7563;7197;4353;3609;3751;3165;4262;3961;4475;4276;4001;3680;4737;4875;5649;5318;5666;5397;3269;4400
Mujer;ARQUITECTURA;UNIVERSITARIA;MATRICULADOS;1774;1763;2362;2503;2928;3130;3506;3610;3793;4089;4020;4058;4111;4005;4178;4132;4277;4250;4621;4867;5370;5487;5740;5994;6393;6747;7291;7661;8151;8524;9401;9905;10783;10801;11613;12078;12734;12738;13158;13075;14325;14602;16218;16497;17325;17047;19580;19326;21865;22254;23272;23259;20570;20686
Mujer;ARQUITECTURA;TECNOLOGICA;MATRICULADOS;90;150;197;211;270;304;336;303;352;351;350;330;346;297;329;315;345;297;342;331;361;383;399;454;456;469;488;476;456;745;993;1632;2038;2221;2820;2972;2854;3030;3012;3215;3356;4342;4979;5057;3708;3806;2677;2727;1774;1692;1616;1624;1180;1230
Mujer;ARQUITECTURA;FORMACION TECNICA PROFESIONAL;MATRICULADOS;142;110;107;83;73;62;66;47;38;32;34;36;42;56;50;49;46;33;46;54;64;73;83;91;87;100;111;110;106;104;131;140;163;203;162;162;146;135;165;184;227;266;274;233;279;250;317;115;342;325;326;315;211;257
Mujer;INGENIERIA BIOMEDICA Y AFINES;UNIVERSITARIA;MATRICULADOS;60;97;163;156;229;256;325;297;453;505;532;590;634;645;678;550;698;702;745;735;784;784;912;977;1010;844;1211;1340;1538;1762;2018;2180;2423;2427;2532;2594;2813;2792;2965;2945;3387;3476;3796;3857;4341;4029;4844;4906;5117;4777;5281;5182;4497;4549
Mujer;INGENIERIA BIOMEDICA Y AFINES;TECNOLOGICA;MATRICULADOS;;;;;1;60;118;155;189;183;202;200;212;178;211;164;164;140;141;110;161;137;190;227;219;204;202;265;275;361;304;333;295;285;304;272;333;313;382;363;489;600;620;538;539;543;582;592;541;485;514;405;329;336
Mujer;INGENIERIA BIOMEDICA Y AFINES;FORMACION TECNICA PROFESIONAL;MATRICULADOS;21;39;50;65;65;78;85;80;82;84;98;103;43;59;98;90;100;105;120;117;131;125;139;135;139;149;154;121;98;71;58;29;;;;;;;;;;;;;;;;;;;;;;
Mujer;"INGENIERIA AMBIENTAL, SANITARIA Y AFINES";UNIVERSITARIA;MATRICULADOS;1222;1249;1884;2045;2834;2847;3384;3222;3667;3727;4086;3971;3990;4348;4106;3835;3976;3945;5037;5489;6025;6722;7859;8724;7808;7990;10135;11019;12590;13403;16026;17104;18443;18653;19419;19093;20296;19618;19675;18351;18341;17690;17943;17415;17506;16275;18293;18105;18376;17508;18985;18657;16122;16232
Mujer;"INGENIERIA AMBIENTAL, SANITARIA Y AFINES";TECNOLOGICA;MATRICULADOS;57;93;88;107;168;181;283;324;448;572;599;654;747;768;816;842;859;853;1153;1294;1470;1569;1552;1721;2304;2546;6348;6945;10391;12814;15912;18707;18718;18112;19284;19010;16591;17919;15540;16131;13639;17478;15846;17614;13724;14892;9996;10719;6922;7529;5381;5595;3812;4083
Mujer;"INGENIERIA AMBIENTAL, SANITARIA Y AFINES";FORMACION TECNICA PROFESIONAL;MATRICULADOS;39;52;51;57;36;54;59;32;54;51;46;40;21;36;51;63;59;67;115;113;141;179;293;360;622;618;634;455;461;289;343;301;281;232;228;377;437;337;441;840;938;839;726;766;751;598;633;522;458;511;489;454;306;331
Mujer;INGENIERIA ADMNISTRATIVA Y AFINES;UNIVERSITARIA;MATRICULADOS;1448;671;1107;1279;1650;2095;2530;2605;2704;3065;3161;3094;3033;2839;2723;2616;2358;2238;2295;2296;2448;2316;2412;2323;2364;2416;2569;2570;2669;2643;2842;2849;2911;2686;2686;2741;2815;2772;2693;2682;2644;2576;2621;2487;2430;2505;2761;2581;2615;2598;2652;2547;2188;2211
Mujer;INGENIERIA ADMNISTRATIVA Y AFINES;TECNOLOGICA;MATRICULADOS;11;7;25;3;4;4;135;5;8;2;1;2;1;;;;;;1;1;12;129;850;463;1030;518;288;374;588;429;72;67;152;;;;;;;;;;;;;;;;;;;;;
Mujer;INGENIERIA ADMNISTRATIVA Y AFINES;FORMACION TECNICA PROFESIONAL;MATRICULADOS;;;;;;;;;;;;;;;;;;;;;;;;;;;;;;;;;;;;;60;36;24;27;36;39;34;38;34;36;31;39;18;11;6;;;
Mujer;"INGENIERIA AGRICOLA, FORESTAL Y AFINES";UNIVERSITARIA;MATRICULADOS;106;110;222;248;314;362;493;531;583;678;698;830;913;933;1029;1047;1048;1157;1373;1438;1564;1737;1890;1964;2060;2100;2186;2186;2373;2459;2412;2348;2324;2298;2443;2446;2543;2474;2493;2428;2832;2885;3157;3235;3046;3726;4464;4471;4857;4976;5510;5593;4804;5074
Mujer;"INGENIERIA AGRICOLA, FORESTAL Y AFINES";TECNOLOGICA;MATRICULADOS;1;;;;;;37;23;23;43;52;72;81;97;116;107;120;126;134;152;182;177;242;170;267;218;359;360;409;346;445;455;525;496;671;696;679;746;752;793;721;958;955;1071;1121;1017;1054;1133;1135;1175;966;999;661;809
Mujer;"INGENIERIA AGRICOLA, FORESTAL Y AFINES";FORMACION TECNICA PROFESIONAL;MATRICULADOS;5;7;9;7;7;3;2;2;4;;;;;;;;1;;;;;;;;;4;6;4;10;6;9;7;17;15;15;13;69;65;91;86;43;86;114;107;121;186;193;178;136;186;126;134;32;45
Mujer;"INGENIERIA AGROINDUSTRIAL, ALIMENTOS Y AFINES";UNIVERSITARIA;MATRICULADOS;722;803;1038;1147;1417;1578;1712;1765;1941;2076;2351;2334;2440;2507;2422;2746;2889;3070;3372;3548;3590;3761;3736;3775;3995;3998;3793;4171;4340;4284;4425;4488;4523;4455;4644;4215;4835;4581;4628;4603;5172;5364;5778;5925;6433;5873;7862;7541;8752;8902;9658;9949;8783;9521
Mujer;"INGENIERIA AGROINDUSTRIAL, ALIMENTOS Y AFINES";TECNOLOGICA;MATRICULADOS;72;130;147;200;270;371;471;502;628;668;703;796;821;852;494;353;377;340;404;418;427;376;370;326;293;290;336;324;341;296;261;275;275;241;249;340;563;726;837;1021;1190;1541;1776;2612;3682;5371;5652;6593;5492;6030;3599;4156;2287;2983
Mujer;"INGENIERIA AGROINDUSTRIAL, ALIMENTOS Y AFINES";FORMACION TECNICA PROFESIONAL;MATRICULADOS;;;;;;;;;;;;15;11;25;26;27;25;23;40;29;21;23;87;223;394;181;131;84;48;47;25;45;114;176;211;242;126;129;92;114;258;315;438;427;265;314;494;527;628;563;593;538;211;369
Mujer;"INGENIERIA AGRONOMICA, PECUARIA Y AFINES";UNIVERSITARIA;MATRICULADOS;403;444;612;744;848;999;1198;1272;1344;1464;1535;1660;1707;1826;1960;1831;2019;2108;2307;2233;2264;2375;2452;2468;2376;2397;2426;2424;2528;2470;2555;2635;2853;3022;3173;3338;3417;3446;3583;3705;3993;4229;4594;4805;4916;5280;5958;6193;6499;6864;7186;7265;6404;6795
Mujer;"INGENIERIA AGRONOMICA, PECUARIA Y AFINES";TECNOLOGICA;MATRICULADOS;;;;;;;;;;;;;;;;;;;;;;;1;1;4;13;212;133;204;256;410;471;502;466;525;476;443;472;429;422;355;428;830;1597;2724;2680;2758;3213;2472;2961;1568;2074;1243;1709
Mujer;"INGENIERIA AGRONOMICA, PECUARIA Y AFINES";FORMACION TECNICA PROFESIONAL;MATRICULADOS;;;;;;;;;;;;;;;;;29;23;29;14;10;29;31;101;148;30;106;80;199;361;353;42;101;13;4;4;2;;19;26;44;49;91;94;134;152;148;166;196;271;374;521;345;404
Mujer;INGENIERIA CIVIL Y AFINES;UNIVERSITARIA;MATRICULADOS;1403;1712;2354;2688;3067;3501;3998;3966;4095;4408;4648;4643;4890;4855;5279;5265;5435;5454;6507;6363;7080;7363;8212;8539;9272;9686;10381;10985;11787;12481;13788;14657;17704;18412;21403;22687;24114;23994;26192;26559;28952;29163;31798;31922;32957;31171;35646;35570;37228;36931;37806;37023;32724;32702
Mujer;INGENIERIA CIVIL Y AFINES;TECNOLOGICA;MATRICULADOS;463;459;478;491;395;444;548;575;586;558;699;549;511;481;441;447;456;431;687;640;767;735;886;970;1133;1267;2306;2961;4036;4493;5128;4930;5610;5724;6396;6861;6537;7663;7351;8334;7338;9153;8235;8326;6390;6682;5123;4858;4645;4580;4329;4085;3213;3293
Mujer;INGENIERIA CIVIL Y AFINES;FORMACION TECNICA PROFESIONAL;MATRICULADOS;1;3;5;7;;;;;;;;;;;;;;;;;1;69;100;101;83;64;71;66;63;53;107;94;136;137;227;238;309;297;397;327;399;385;371;352;351;302;362;401;452;450;459;405;321;296
Mujer;"INGENIERIA DE MINAS, METALURGIA Y AFINES";UNIVERSITARIA;MATRICULADOS;145;137;250;307;325;485;597;654;820;950;1014;1167;1106;1308;1454;1626;1611;1718;1847;1812;1857;1894;2046;2079;2140;2040;2268;2269;2322;2353;2382;2505;2756;2883;3165;3225;3148;2998;2989;2966;3120;3122;3201;3275;2731;3090;3412;3391;3424;3138;3383;3405;3010;3092
Mujer;"INGENIERIA DE MINAS, METALURGIA Y AFINES";TECNOLOGICA;MATRICULADOS;;;;;;;;;;;;;;;;;;;;;;;;;9;7;273;324;491;565;877;1217;1266;1598;1843;1600;1391;1476;1269;1169;901;1020;936;1020;812;968;746;958;668;786;575;642;328;306
Mujer;"INGENIERIA DE MINAS, METALURGIA Y AFINES";FORMACION TECNICA PROFESIONAL;MATRICULADOS;;;;;;;;;;;;;;;13;26;33;35;51;49;72;68;64;68;81;74;76;72;115;201;261;187;96;271;228;212;195;232;181;66;100;107;258;209;190;141;170;148;136;324;272;257;79;134
Mujer;"INGENIERIA DE SISTEMAS, TELEMATICA Y AFINES";UNIVERSITARIA;MATRICULADOS;4260;3806;5515;5868;7269;7782;8934;9155;10431;10602;11219;11076;11009;10737;11459;10904;11232;10705;12772;12573;12943;12402;12958;12352;13468;12916;13192;12742;12695;12646;12938;12951;15246;15520;18901;19355;19738;20019;23389;24056;27904;28971;33468;34659;38959;38449;47510;49918;59795;63102;73030;76936;67162;73905
Mujer;"INGENIERIA DE SISTEMAS, TELEMATICA Y AFINES";TECNOLOGICA;MATRICULADOS;2118;2746;3108;3484;4203;4713;6177;5875;6976;7042;7379;7352;7428;7172;6199;5482;5329;4944;6091;6459;7346;7395;8268;7817;7972;7481;9665;10893;12149;14765;17769;21284;22692;24136;28269;28060;25384;26355;26234;31784;30421;38924;36100;42299;40560;46005;51391;59512;48703;50885;34355;36285;18568;21989
Mujer;"INGENIERIA DE SISTEMAS, TELEMATICA Y AFINES";FORMACION TECNICA PROFESIONAL;MATRICULADOS;261;356;831;527;765;898;873;1148;1321;1075;1203;1102;946;705;1101;1150;1517;1043;2705;2426;2815;2650;2673;2922;3641;2898;2843;2186;1909;1481;2496;1985;2470;2481;3002;3246;3251;2565;3441;2861;3686;3422;4056;4138;4245;3950;5152;5980;8027;8381;9843;10604;6427;7834
Mujer;INGENIERIA ELECTRICA Y AFINES;UNIVERSITARIA;MATRICULADOS;181;173;263;263;337;349;431;469;544;520;604;646;667;742;920;1010;990;987;1357;1369;1439;1492;1566;1621;1640;1637;1694;1720;1799;1805;1919;2043;2693;2937;3627;3658;3658;3708;4120;4247;4747;4927;5330;5456;5397;5605;6351;6527;6836;6630;7127;6989;6094;6366
Mujer;INGENIERIA ELECTRICA Y AFINES;TECNOLOGICA;MATRICULADOS;43;84;114;148;205;210;254;265;276;176;276;280;260;235;269;304;352;388;600;550;467;449;458;418;463;530;930;1587;1427;1990;2133;2694;2888;3114;3686;4056;3375;3955;3777;4587;4456;5818;5506;6867;6423;7134;5873;6408;5771;6597;5366;5996;4327;5157
Mujer;INGENIERIA ELECTRICA Y AFINES;FORMACION TECNICA PROFESIONAL;MATRICULADOS;;;;;;;;;;;;;;;;1;1;1;;;5;5;7;12;16;13;16;12;21;24;42;67;107;132;230;259;263;227;271;272;242;210;232;200;152;166;195;177;182;155;165;183;121;118
Mujer;"INGENIERIA ELECTRONICA, TELECOMUNICACIONES Y AFINES";UNIVERSITARIA;MATRICULADOS;903;900;1684;2032;2327;2517;3025;2790;3370;3656;4151;4147;4296;4345;5241;5232;5332;5153;6094;5870;6127;5853;6004;5732;5819;5346;5491;5322;5138;5081;5213;5444;6970;6991;8689;9079;9221;8929;10598;10711;12294;12788;14342;14669;15702;14626;17668;18291;19921;19680;21743;21755;18919;19905
Mujer;"INGENIERIA ELECTRONICA, TELECOMUNICACIONES Y AFINES";TECNOLOGICA;MATRICULADOS;103;209;297;440;730;898;1213;1299;1483;1546;1766;1664;1630;1548;1987;1918;1928;1795;2103;2201;2412;2323;2369;2292;2492;2417;3208;2855;3711;2964;3362;3199;4393;4431;5724;6209;5773;5316;5861;5826;5828;5758;7675;9144;10775;11628;12055;13749;12182;13240;11025;11175;7866;8587
Mujer;"INGENIERIA ELECTRONICA, TELECOMUNICACIONES Y AFINES";FORMACION TECNICA PROFESIONAL;MATRICULADOS;57;57;125;170;179;240;242;141;251;203;218;204;120;131;185;186;243;173;355;303;336;355;738;558;899;645;750;607;554;415;651;599;831;704;1026;899;1022;824;1060;934;1135;1112;1179;1127;1109;863;930;973;1096;1081;1274;1235;869;947
Mujer;INGENIERIA INDUSTRIAL Y AFINES;UNIVERSITARIA;MATRICULADOS;4016;3853;5318;5859;7101;7722;8949;9455;10865;11771;12586;12920;12984;13372;14109;14112;14785;15064;17289;17999;20009;20555;22901;23193;24995;25390;27712;28547;30288;31735;32700;33737;35282;34702;35941;36684;37582;35452;36512;35542;37524;37540;39869;39370;41312;39962;44118;44102;47687;47649;51216;50576;43404;45061
Mujer;INGENIERIA INDUSTRIAL Y AFINES;TECNOLOGICA;MATRICULADOS;822;908;996;1067;1169;1170;1221;1295;1208;1205;1472;1599;1748;1883;1984;1995;2293;2645;3149;3260;4286;4213;5348;5478;5778;5760;6248;6771;7670;8586;9569;10521;10667;10692;11226;11578;11041;11404;11090;11048;11145;11906;11905;12914;13051;13009;13047;13582;12889;12908;11500;11496;8495;9222
Mujer;INGENIERIA INDUSTRIAL Y AFINES;FORMACION TECNICA PROFESIONAL;MATRICULADOS;4;;;2;5;7;6;5;6;1;13;13;16;24;35;29;42;41;321;215;382;298;589;996;1685;1244;1542;1263;1569;1642;1874;2198;1951;2152;2153;2061;2111;1390;1497;1312;1681;1502;1945;1697;1891;1415;1727;1501;1546;1379;1495;1522;1055;1558
Mujer;INGENIERIA INDUSTRIAL Y AFINES;ESPECIALIZACION;MATRICULADOS;;;;;;;;;;;;;;;;;;;;;14;;11;;21;;2;;33;;;;;;;;;;;;;;;;;;;;;;;;;
Mujer;INGENIERIA MECANICA Y AFINES;UNIVERSITARIA;MATRICULADOS;497;372;544;504;572;723;871;872;1055;1042;1210;1294;1350;1457;2121;2298;2304;2156;2546;2518;2679;2726;2786;2841;2873;2778;3020;3003;3017;3020;3346;3687;5841;6188;8348;8930;9155;9028;11096;11551;13583;14206;15968;16286;17611;17041;19372;18984;20970;20870;22058;21813;19188;19545
Mujer;INGENIERIA MECANICA Y AFINES;TECNOLOGICA;MATRICULADOS;137;116;154;156;207;219;225;170;236;204;253;265;304;345;461;360;369;432;531;571;658;636;531;506;696;762;1441;2694;2479;4048;4404;5787;6967;8414;10454;12148;10653;12432;12514;15312;12239;14669;14151;16310;14611;16486;14308;16172;13256;15011;11112;12017;8036;9284
Mujer;INGENIERIA MECANICA Y AFINES;FORMACION TECNICA PROFESIONAL;MATRICULADOS;80;122;185;196;200;212;225;168;211;171;189;188;108;111;187;235;312;238;509;514;575;419;453;727;978;893;669;704;645;483;474;460;690;564;947;898;1103;926;1245;1077;1474;1291;1591;1440;1595;1146;1321;1319;1445;1285;1495;1382;1000;925
Mujer;INGENIERIA QUIMICA Y AFINES;UNIVERSITARIA;MATRICULADOS;611;405;714;843;1184;1353;1611;1678;2049;2304;2370;2637;2590;2962;3062;3076;3176;3139;3387;3424;3512;3528;3549;3601;3746;3503;4027;4190;4224;4320;4569;4576;4924;4959;5211;5193;5512;5475;5516;5460;5869;5973;6513;6728;6891;7335;8657;8025;9585;9502;10480;10575;9377;10139
Mujer;INGENIERIA QUIMICA Y AFINES;TECNOLOGICA;MATRICULADOS;86;137;127;153;181;217;269;305;365;232;453;441;499;483;500;458;472;433;451;449;505;516;503;451;544;480;1061;1177;1616;1952;2236;2463;2291;2146;1881;1812;1406;1864;1758;1763;1299;1760;1722;2309;2389;3188;3133;3459;3560;4477;4086;4043;3004;3826
Mujer;INGENIERIA QUIMICA Y AFINES;FORMACION TECNICA PROFESIONAL;MATRICULADOS;8;16;19;21;21;30;7;7;28;31;34;30;26;27;32;23;24;27;25;21;17;19;21;20;25;25;37;39;59;63;75;83;71;73;75;89;98;48;62;62;70;90;110;98;139;517;892;1126;1894;1893;2071;2267;1288;2042
Mujer;OTRAS INGENIERIAS;UNIVERSITARIA;MATRICULADOS;200;211;256;283;339;505;579;586;598;612;746;742;821;882;887;895;872;923;881;783;847;815;827;783;842;830;867;859;929;926;1052;1110;1419;1521;1916;2117;2229;2209;2587;2639;3005;3132;3493;3542;3575;3549;4235;4279;4583;4598;4866;4829;4283;4479
Mujer;OTRAS INGENIERIAS;TECNOLOGICA;MATRICULADOS;8;11;13;22;31;33;53;49;48;47;46;43;71;68;46;54;140;137;66;66;100;88;111;106;198;312;813;3663;982;1909;1796;1345;1495;1423;1710;1586;1351;1490;1462;1639;1665;2078;1969;1878;1353;1178;606;579;445;472;443;419;292;311
Mujer;OTRAS INGENIERIAS;FORMACION TECNICA PROFESIONAL;MATRICULADOS;;;;;;;;;;;;;;;;;;;;;;;;;;;;;;;9;10;40;27;97;72;69;77;35;41;42;18;27;17;49;29;105;85;150;109;224;149;95;78
Mujer;"BIOLOGIA, MICROBIOLOGIA Y AFINES";UNIVERSITARIA;MATRICULADOS;779;999;1538;1890;2165;2658;3293;3531;3943;4257;4551;4991;5471;5542;5486;5743;5795;5739;6240;6258;6385;6219;6217;6115;6183;5926;6250;6365;6517;6450;6940;6864;6864;6469;6686;6626;6956;6676;6638;6380;7003;7242;8173;8076;9185;8889;11112;10320;12458;12779;14018;14100;12657;13161
Mujer;"BIOLOGIA, MICROBIOLOGIA Y AFINES";TECNOLOGICA;MATRICULADOS;4;42;26;56;45;94;125;134;169;194;242;286;298;442;462;490;593;624;685;732;732;858;1113;1131;1359;1347;1542;1435;1436;1194;1211;1081;1200;1129;985;918;1008;1070;959;838;1019;1223;1434;1495;1505;1730;1788;1914;1931;1622;1404;1224;904;1124
Mujer;"BIOLOGIA, MICROBIOLOGIA Y AFINES";FORMACION TECNICA PROFESIONAL;MATRICULADOS;47;38;23;16;17;4;6;7;10;10;21;12;30;54;55;87;119;94;91;50;16;15;14;22;176;160;113;105;47;44;27;15;6;1;5;20;47;49;37;25;7;;17;11;27;33;18;;17;26;13;12;8;2
Mujer;FISICA;UNIVERSITARIA;MATRICULADOS;47;47;83;101;111;156;192;214;239;254;254;303;311;324;326;398;386;388;421;435;448;410;403;441;405;363;462;452;487;487;517;557;736;823;911;979;1076;1116;1306;1402;1653;1839;2090;1772;2440;2768;3041;3013;3396;2951;3631;3549;3090;3279
Mujer;FISICA;TECNOLOGICA;MATRICULADOS;;;;;;;;;;;;;;;;;;;;;;;;;;;;;;;;;;6;9;11;13;8;5;11;14;11;6;4;3;15;18;;17;9;4;4;4;7
Mujer;FISICA;FORMACION TECNICA PROFESIONAL;MATRICULADOS;;;;;;;;;;;;;;;;;;;;;;;;;;;;;;17;25;35;51;57;75;76;56;49;50;31;36;46;49;44;38;38;58;;68;79;104;92;74;90
Mujer;"GEOLOGIA, OTROS PROGRAMAS DE CIENCIAS NATURALES";UNIVERSITARIA;MATRICULADOS;26;32;41;55;65;74;94;118;151;176;188;238;245;266;280;301;331;316;361;387;392;415;427;437;479;518;554;600;654;665;702;764;886;928;1051;1063;1109;1078;1162;1198;1338;1398;1530;1570;1679;1383;1949;1969;2080;2139;2132;2131;1871;1881
Mujer;"GEOLOGIA, OTROS PROGRAMAS DE CIENCIAS NATURALES";TECNOLOGICA;MATRICULADOS;;;;;;14;11;10;4;3;6;30;24;14;20;34;29;24;18;18;32;21;18;10;33;51;240;427;665;815;1040;1245;1465;1709;2044;2174;1933;2376;2190;2502;1899;2525;1865;1843;947;869;242;261;100;108;104;121;97;102
Mujer;"GEOLOGIA, OTROS PROGRAMAS DE CIENCIAS NATURALES";FORMACION TECNICA PROFESIONAL;MATRICULADOS;;;;;;;;;;;;;;;;;;;;;;;;;;;;;;;;;;3;14;11;15;15;15;14;14;12;22;23;39;29;39;32;29;20;7;1;1;
Mujer;"MATEMATICAS, ESTADISTICA Y AFINES";UNIVERSITARIA;MATRICULADOS;147;180;270;373;470;493;555;605;611;637;718;829;828;885;899;968;1021;1066;1164;1200;1239;1232;1281;1332;1427;1295;1427;1354;1435;1369;1382;1364;1581;1577;1829;1859;1973;1939;2151;2124;2676;2860;3466;3353;3749;4409;5184;4937;5674;5536;6005;5927;5023;5184
Mujer;"MATEMATICAS, ESTADISTICA Y AFINES";TECNOLOGICA;MATRICULADOS;9;1;;;12;8;8;7;7;7;;10;8;7;6;6;6;;;;;;;;;;;;;;;;;;;;;;;;;;;;;;;;;;;;;
Mujer;QUIMICA Y AFINES;UNIVERSITARIA;MATRICULADOS;169;245;369;493;732;828;1019;1197;1303;1461;1625;1796;1969;2030;1638;2189;2270;2263;2537;2482;2681;2681;2600;2736;2896;2864;2763;3280;3427;3304;3532;3673;3361;3370;3723;3385;3500;3452;3563;3594;3954;4289;4782;4775;5520;5633;6855;6513;7890;7957;8711;8871;7883;8429
Mujer;QUIMICA Y AFINES;TECNOLOGICA;MATRICULADOS;;;4;36;39;85;87;127;122;135;124;164;161;199;122;247;301;311;173;202;256;289;350;423;453;434;634;914;1277;1707;2042;2534;2342;2410;2518;2377;2149;2271;1970;2139;2030;2120;2038;2386;2513;2686;2386;3003;2590;2760;2394;2558;1813;2150
Sin informaci¿n;Sin informaci¿n;Sin informaci¿n;MATRICULADOS;;;;;3;3;;3;3;3;3;;;1;;1;;;;;;1;;;;;;;;;;;;;;;;;;;;;;;;;;;;;;;;
Sin informaci¿n;AGRONOMIA;TECNOLOGICA;MATRICULADOS;;;;;;;;;1;1;;;;;;;;;;;;;;;;;;;;;;;;1;1;;;;;;;;;;;;;;;;;;;
Sin informaci¿n;AGRONOMIA;FORMACION TECNICA PROFESIONAL;MATRICULADOS;;;;;;;;;;;;;;;;;;;13;21;41;41;28;31;18;27;25;16;5;;;;;;;;;;;;;;;;;;;;;;;;;
Sin informaci¿n;ZOOTECNIA;UNIVERSITARIA;MATRICULADOS;12;23;29;46;44;1;46;51;53;48;45;41;43;44;38;34;32;35;35;28;24;22;20;18;17;15;17;1;12;12;10;8;7;7;7;;7;7;7;5;3;3;2;2;;;2;2;;2;1;;;
Sin informaci¿n;ZOOTECNIA;TECNOLOGICA;MATRICULADOS;;;;;;;;;;1;;;;;;;;;;;;;;;;;;;;;;;;;;;;;;;;;;;;;;;;;;;;
Sin informaci¿n;MEDICINA VETERINARIA;UNIVERSITARIA;MATRICULADOS;12;33;39;48;52;;61;70;70;84;82;79;78;69;71;76;66;66;52;53;43;35;31;32;30;20;20;;18;14;12;11;9;8;9;4;9;10;11;10;11;7;6;5;;;3;4;;2;2;2;1;1
Sin informaci¿n;"ARTES PLASTICAS, VISUALES Y AFINES";UNIVERSITARIA;MATRICULADOS;8;18;25;31;25;34;34;36;38;41;43;46;47;38;44;41;39;38;39;40;33;40;40;34;33;25;22;7;27;24;22;26;40;27;49;38;34;34;31;14;13;10;6;6;3;;4;2;2;1;;1;2;
Sin informaci¿n;"ARTES PLASTICAS, VISUALES Y AFINES";TECNOLOGICA;MATRICULADOS;;;;;;;;;;;1;2;2;2;2;1;;;;;;;;;2;6;7;7;8;7;6;6;1;1;1;3;1;1;1;1;1;;;;;;;;;;;;;
Sin informaci¿n;"ARTES PLASTICAS, VISUALES Y AFINES";FORMACION TECNICA PROFESIONAL;MATRICULADOS;;;;;;;;;;;;;;;;;;;;;;;;;;;;;;;;;;;;1;;;;;;;;;;;;;;;;;;
Sin informaci¿n;ARTES REPRESENTATIVAS;UNIVERSITARIA;MATRICULADOS;8;12;10;11;10;11;11;11;9;8;5;6;5;4;3;3;12;10;9;9;2;2;3;3;2;2;2;;15;20;19;19;19;7;9;32;32;50;48;30;19;8;;;;;;;;;;;;
Sin informaci¿n;PUBLICIDAD Y AFINES;UNIVERSITARIA;MATRICULADOS;;2;4;3;3;3;2;3;3;3;1;2;2;1;;;;;;;;;;;;;;;;;;;;;;;;;;;;;;;;;;;;;;;;
Sin informaci¿n;PUBLICIDAD Y AFINES;TECNOLOGICA;MATRICULADOS;4;1;2;1;;;;;1;;1;1;;;;;;;;;;;;;;;;;;;;;;;;;;;;;;;;;;;;;;;;;;
Sin informaci¿n;PUBLICIDAD Y AFINES;FORMACION TECNICA PROFESIONAL;MATRICULADOS;;;;;;;;;;;;;;;;;;;;;;;;;;;;;;;;;1;;;;;;;;;;;;;;;;;;;;;
Sin informaci¿n;DISEÑO;UNIVERSITARIA;MATRICULADOS;7;8;9;8;6;4;3;2;2;3;2;1;;;1;1;1;;1;;;;;;;;1;;1;1;1;1;1;;;;;;;;;;;;;;;;;;;;;
Sin informaci¿n;DISEÑO;TECNOLOGICA;MATRICULADOS;;;;;;;;;;;;;;;;;;;;;;;;;;;;;;;;;;1;1;;1;;;1;1;;;;;;;;;;;;;
Sin informaci¿n;DISEÑO;FORMACION TECNICA PROFESIONAL;MATRICULADOS;;;;;;;;;;;;;;;;;;;;;;1;;;;;1;1;2;1;3;1;2;1;2;1;1;;;;;;;;;;;;;;;;;
Sin informaci¿n;MUSICA;UNIVERSITARIA;MATRICULADOS;;;;1;43;40;37;36;33;31;24;22;21;19;22;16;13;9;8;8;7;7;8;7;6;6;4;;3;4;3;4;3;4;14;14;13;19;16;6;6;6;1;1;1;;1;1;1;1;;1;2;
Sin informaci¿n;MUSICA;TECNOLOGICA;MATRICULADOS;1;1;;;;;;;;;;;;;;;;;;;;;;;;;;;;;;;;;;;;;;;;;;;;;;;;;;;;
Sin informaci¿n;ADMINISTRACION;UNIVERSITARIA;MATRICULADOS;96;152;151;149;187;233;247;260;247;252;228;231;206;200;194;180;159;151;144;67;121;124;110;94;91;78;77;37;75;83;65;67;66;54;66;45;57;56;37;28;26;22;10;11;8;4;3;2;4;2;3;3;3;1
Sin informaci¿n;ADMINISTRACION;TECNOLOGICA;MATRICULADOS;9;6;3;2;2;1;1;1;5;7;8;7;7;13;10;9;13;15;11;12;11;10;18;18;18;20;17;15;9;6;5;1;4;3;2;3;3;4;2;1;1;;;;;;;;;;;;;
Sin informaci¿n;ADMINISTRACION;FORMACION TECNICA PROFESIONAL;MATRICULADOS;7;6;7;5;7;7;7;6;5;4;2;2;3;2;3;2;1;3;5;2;4;4;1;1;7;5;6;6;6;6;2;2;2;8;2;6;6;1;1;;;;;;;;;;;;;;;
Sin informaci¿n;OTROS PROGRAMAS ASOCIADOS A BELLAS ARTES;UNIVERSITARIA;MATRICULADOS;;;;;;;;;;;;;;;4;4;7;10;12;9;9;46;45;44;43;42;23;15;24;22;19;19;21;22;21;20;6;6;;;;;1;1;1;1;2;2;2;2;;1;;1
Sin informaci¿n;EDUCACION;UNIVERSITARIA;MATRICULADOS;217;309;374;536;642;683;767;337;711;838;849;844;504;827;755;688;653;597;522;467;426;470;437;401;370;227;302;227;240;230;188;208;196;204;205;187;149;149;62;52;48;45;31;36;31;14;21;15;19;17;9;8;11;9
Sin informaci¿n;EDUCACION;FORMACION TECNICA PROFESIONAL;MATRICULADOS;2;;;;;;;;;;;1;;;;;;;;;;;;;;;;;;;;;;;;;;;;;;;;;;;;;;;;;;
Sin informaci¿n;BACTERIOLOGIA;UNIVERSITARIA;MATRICULADOS;;;;;2;;;4;2;4;7;9;9;11;10;11;11;11;11;7;8;8;9;10;9;7;6;7;9;;9;9;7;;8;5;6;5;5;5;5;2;2;1;;;;;;;;;;
Sin informaci¿n;ENFERMERIA;UNIVERSITARIA;MATRICULADOS;14;12;13;22;21;;27;43;33;64;57;74;79;31;66;78;52;58;52;38;43;47;38;31;10;29;26;16;13;10;10;8;7;5;7;;6;5;4;5;4;4;3;1;;;;;;;;;;
Sin informaci¿n;TERAPIAS;UNIVERSITARIA;MATRICULADOS;;1;1;3;3;3;3;3;1;1;1;1;;;;;;;;;;;;;;;;;;;;;;;;;;;;;;;;;;;;;;;;;;
Sin informaci¿n;INSTRUMENTACION QUIRURGICA;UNIVERSITARIA;MATRICULADOS;14;30;35;40;35;42;34;30;19;13;10;10;9;10;8;8;8;14;14;9;9;10;10;7;7;7;6;5;2;4;2;1;;1;2;2;4;4;3;1;1;1;;;;;;;;;;;;
Sin informaci¿n;MEDICINA;UNIVERSITARIA;MATRICULADOS;19;24;32;40;49;66;57;67;72;80;80;82;78;27;79;76;83;78;1;;;;;;;;31;29;23;23;19;14;11;9;7;7;12;10;11;8;8;7;7;5;5;4;5;4;4;2;1;1;1;1
Sin informaci¿n;MEDICINA;TECNOLOGICA;MATRICULADOS;;;1;1;1;2;2;2;1;1;1;;;;;;;;;;;;;;;;;;;;;;;;;;;;;;;;;;;;;;;;;;;
Sin informaci¿n;MEDICINA;FORMACION TECNICA PROFESIONAL;MATRICULADOS;;;;;;;;;;;;;;;;;;;;;;14;;30;53;66;45;21;15;10;8;1;2;2;1;1;;2;2;2;;;;;;;;;;;;;;
Sin informaci¿n;NUTRICION Y DIETETICA;UNIVERSITARIA;MATRICULADOS;9;17;1;17;21;23;28;33;38;42;44;47;42;38;;35;30;28;25;25;24;24;20;19;18;18;15;15;13;;10;10;9;7;5;3;5;4;4;3;3;3;2;1;1;;1;;1;1;1;;1;1
Sin informaci¿n;ODONTOLOGIA;UNIVERSITARIA;MATRICULADOS;7;;25;29;34;37;46;51;51;22;57;50;57;44;39;40;42;35;30;23;19;14;13;12;14;11;10;10;;8;6;7;9;;9;10;9;8;8;6;6;5;5;4;1;;1;1;;;;;;
Sin informaci¿n;ODONTOLOGIA;TECNOLOGICA;MATRICULADOS;;;2;1;1;2;2;2;1;1;1;;;;;;;;;;;;;;;;;;;;;;;;;;;;;;;;;;;;;;;;;;;
Sin informaci¿n;ODONTOLOGIA;FORMACION TECNICA PROFESIONAL;MATRICULADOS;;;;;;;;;;;;;;;;;;;;;;;;;;;;;;;;;;;;1;7;4;;;;;;;;;;;;;;;;
Sin informaci¿n;SALUD PUBLICA;UNIVERSITARIA;MATRICULADOS;;;;;;;6;;4;3;2;3;3;3;3;3;3;1;1;1;;;;;;;;1;1;1;1;1;;;;;;;;;;;;;;;;;;;;;;
Sin informaci¿n;SALUD PUBLICA;FORMACION TECNICA PROFESIONAL;MATRICULADOS;;;;;;;;;;;;;;;;;;;;;;1;1;;5;5;6;4;3;3;;;;1;;;3;2;1;;;;;;;;;;;;;;;
Sin informaci¿n;"ANTROPOLOGIA, ARTES LIBERALES";UNIVERSITARIA;MATRICULADOS;29;43;54;62;57;;80;80;82;87;82;79;78;70;60;;51;54;47;39;39;37;36;32;27;30;1;32;24;23;21;22;18;21;24;2;27;21;15;11;10;7;4;4;3;;2;;2;2;3;3;2;3
Sin informaci¿n;"BIBLIOTECOLOGIA, OTROS DE CIENCIAS SOCIALES Y HUMANAS";UNIVERSITARIA;MATRICULADOS;27;26;49;31;64;72;71;70;76;78;76;67;64;59;3;44;43;45;39;42;36;27;24;23;23;5;28;10;32;34;30;36;26;27;23;30;33;32;20;16;18;15;17;13;13;1;13;7;11;10;6;5;3;1
Sin informaci¿n;"BIBLIOTECOLOGIA, OTROS DE CIENCIAS SOCIALES Y HUMANAS";TECNOLOGICA;MATRICULADOS;;;;;;;;;;;;;;;;9;17;18;17;20;20;21;12;8;8;;4;;4;4;5;6;3;2;2;2;2;1;1;;;;;;;;;;;;;;;
Sin informaci¿n;"CIENCIA POLITICA, RELACIONES INTERNACIONALES";UNIVERSITARIA;MATRICULADOS;1;2;2;2;3;3;3;3;3;3;2;1;1;13;23;24;25;22;26;;29;28;34;30;27;25;19;;26;23;22;22;24;19;22;;21;22;17;10;12;9;9;6;5;;4;5;4;;5;1;3;1
Sin informaci¿n;"COMUNICACIÓN SOCIAL, PERIODISMO Y AFINES";UNIVERSITARIA;MATRICULADOS;23;43;52;68;69;74;79;81;87;85;73;72;66;64;68;59;60;60;56;48;45;38;27;25;24;22;22;19;17;13;13;18;18;14;16;11;14;14;14;11;5;6;5;5;4;1;2;1;;;;1;1;1
Sin informaci¿n;"DEPORTES, EDUCACION FISICA Y RECREACION";UNIVERSITARIA;MATRICULADOS;;;;;;;;;;;;;;;;;;;;;;;;1;1;4;4;;7;7;6;8;8;7;9;6;5;5;5;3;2;2;;2;3;2;1;;1;1;1;1;1;1
Sin informaci¿n;"DEPORTES, EDUCACION FISICA Y RECREACION";TECNOLOGICA;MATRICULADOS;;;;;;;;;1;1;1;1;;;;;;;;;;;;;;;;;;;;;;;;;;;;;;;;;;;;;;;;;;
Sin informaci¿n;DERECHO Y AFINES;UNIVERSITARIA;MATRICULADOS;39;16;128;164;186;222;32;284;289;324;358;382;33;417;393;366;339;336;315;14;288;269;241;227;196;174;172;20;179;179;181;180;173;157;149;64;148;131;110;95;73;58;43;37;36;15;25;12;12;1;9;8;6;6
Sin informaci¿n;FORMACION RELACIONADA CON EL CAMPO MILITAR O POLICIAL;TECNOLOGICA;MATRICULADOS;;;;;;;;;;;;;;;;;;;;;;;;;;;;;;;;1;;;;;;;;;;;;;;;;;;;;;;
Sin informaci¿n;FORMACION RELACIONADA CON EL CAMPO MILITAR O POLICIAL;FORMACION TECNICA PROFESIONAL;MATRICULADOS;;;;;;;;;;;;;;;;;;;;;;;1;1;;;;;;;;;;;;;;;;;;;;;;;;;;;;;;
Sin informaci¿n;"GEOGRAFIA, HISTORIA";UNIVERSITARIA;MATRICULADOS;16;20;21;27;37;;53;63;70;51;51;51;54;43;41;;43;39;42;38;28;27;33;28;26;24;;28;29;22;19;21;18;19;15;3;16;14;11;9;11;8;7;6;6;;6;;3;4;2;2;2;2
Sin informaci¿n;"GEOGRAFIA, HISTORIA";TECNOLOGICA;MATRICULADOS;1;;;;;;;;;;;;;;;;;1;;;;;;;;;;;;;;;;;;;;;;;;;;;;;;;;;;;;
Sin informaci¿n;"LENGUAS MODERNAS, LITERATURA, LINGUISTICA Y AFINES";UNIVERSITARIA;MATRICULADOS;;41;54;72;71;64;60;37;72;77;77;87;54;72;72;72;72;67;64;57;63;54;59;54;46;19;38;35;31;30;30;24;23;19;15;18;18;15;8;5;8;8;8;7;5;;5;5;5;5;3;1;3;3
Sin informaci¿n;"LENGUAS MODERNAS, LITERATURA, LINGUISTICA Y AFINES";FORMACION TECNICA PROFESIONAL;MATRICULADOS;1;1;;;;;;;;;;;;;;;;;;;;;;;;;;;;;;;;;;;;;;;;;;;;;;;;;;;;
Sin informaci¿n;PSICOLOGIA;UNIVERSITARIA;MATRICULADOS;21;40;46;58;67;5;102;113;129;139;149;147;137;142;143;4;139;125;112;115;104;91;86;85;75;66;17;56;51;42;39;39;35;28;27;4;20;19;16;12;12;10;8;6;4;2;2;;1;2;1;1;2;
Sin informaci¿n;"FILOSOFIA, TEOLOGIA Y AFINES";UNIVERSITARIA;MATRICULADOS;12;24;23;26;29;38;43;53;58;57;63;65;53;62;57;58;59;68;59;53;53;45;47;47;39;38;37;36;30;27;22;21;21;20;14;18;13;14;11;11;11;10;9;9;7;;4;4;3;4;;4;4;2
Sin informaci¿n;"SOCIOLOGIA, TRABAJO SOCIAL Y AFINES";UNIVERSITARIA;MATRICULADOS;35;75;100;117;133;;169;179;195;207;216;216;207;192;177;19;169;166;143;126;122;106;112;93;85;85;22;71;69;55;50;44;42;41;27;;22;25;18;20;16;14;10;9;6;1;5;2;5;3;2;4;2;2
Sin informaci¿n;"SOCIOLOGIA, TRABAJO SOCIAL Y AFINES";FORMACION TECNICA PROFESIONAL;MATRICULADOS;;;;;;;;;;;;;;;;;;;;;;;;;;;;1;;;;;;;;;1;1;1;1;;;;;;;;;;;;;;
Sin informaci¿n;ECONOMIA;UNIVERSITARIA;MATRICULADOS;11;27;33;17;50;60;53;54;53;51;47;46;54;45;41;40;38;34;28;21;15;15;15;15;13;18;21;21;19;13;10;13;11;10;15;17;19;19;16;11;10;11;11;9;10;3;8;6;6;1;4;3;2;1
Sin informaci¿n;ECONOMIA;TECNOLOGICA;MATRICULADOS;;18;26;37;41;55;60;63;54;63;57;68;58;53;;51;73;78;73;80;82;64;56;46;42;29;;24;26;21;21;22;19;16;15;4;13;12;6;5;6;6;6;4;4;;4;3;2;2;2;1;1;
Sin informaci¿n;ECONOMIA;FORMACION TECNICA PROFESIONAL;MATRICULADOS;;;;;;;;;;;;;;;;1;;;;;;;;;;;;;;;;;;;;1;;;;;;;;;;;;;;;;;;
Sin informaci¿n;CONTADURIA PUBLICA;UNIVERSITARIA;MATRICULADOS;18;53;69;51;93;132;126;140;140;158;159;169;159;143;135;115;101;95;80;73;66;51;50;49;43;39;23;29;25;21;20;24;19;14;17;14;11;9;8;8;7;6;4;2;3;;3;2;2;;;;1;1
Sin informaci¿n;CONTADURIA PUBLICA;TECNOLOGICA;MATRICULADOS;;;;;4;4;8;8;12;11;13;13;9;9;10;6;6;6;2;;;1;1;1;2;1;2;2;1;1;1;1;;;;;;;;;;;;;;;;;;;;;;
Sin informaci¿n;CONTADURIA PUBLICA;FORMACION TECNICA PROFESIONAL;MATRICULADOS;;;;;;;;;;;1;1;2;;;;2;1;1;1;;;1;;2;1;2;2;1;;1;;;;;1;;;;;;;;;;;;;;;;;;
Sin informaci¿n;ARQUITECTURA;UNIVERSITARIA;MATRICULADOS;16;16;14;14;9;7;7;6;3;4;3;2;3;3;2;1;2;1;;;;;;;;;;;;;;;;;;;;;;;;;;;;;;;;;;;;
Sin informaci¿n;INGENIERIA BIOMEDICA Y AFINES;UNIVERSITARIA;MATRICULADOS;;1;1;;;;6;;13;13;12;14;15;13;15;;16;13;10;10;9;10;6;7;4;;6;4;4;3;2;4;3;3;6;4;4;3;2;1;1;1;1;1;1;;1;1;1;;1;1;1;
Sin informaci¿n;INGENIERIA BIOMEDICA Y AFINES;TECNOLOGICA;MATRICULADOS;;;;;;;;;;;;;;;;;;;;;;;;;;;;;;;;;;;;;2;2;2;1;1;;;;;;;;;;;;;
Sin informaci¿n;"INGENIERIA AMBIENTAL, SANITARIA Y AFINES";UNIVERSITARIA;MATRICULADOS;15;4;41;47;41;48;58;1;51;44;41;42;10;48;38;33;25;22;19;16;20;20;25;20;17;1;20;23;21;23;29;34;30;22;25;16;15;17;8;8;7;5;6;4;4;;4;3;3;;2;1;1;1
Sin informaci¿n;"INGENIERIA AMBIENTAL, SANITARIA Y AFINES";TECNOLOGICA;MATRICULADOS;1;;;;3;10;10;12;17;21;17;14;33;42;19;38;38;37;14;14;13;6;5;4;5;10;8;6;6;6;5;7;11;11;16;14;13;11;7;6;4;4;1;;;;;;;;;;;
Sin informaci¿n;"INGENIERIA AMBIENTAL, SANITARIA Y AFINES";FORMACION TECNICA PROFESIONAL;MATRICULADOS;;;;;;;;;;;;;;;;;;;;;;;;;1;;1;1;1;;;;;;;;;;;;;;;;;;;;;;;;;
Sin informaci¿n;INGENIERIA ADMNISTRATIVA Y AFINES;UNIVERSITARIA;MATRICULADOS;;;;1;1;1;1;1;1;;;;1;1;1;1;1;1;;;;;;;;;;;;;;;;;;;;;;;;;;;;;;;;;;;;
Sin informaci¿n;INGENIERIA ADMNISTRATIVA Y AFINES;TECNOLOGICA;MATRICULADOS;;;;;;;;;1;;;;;;;;;;;;;;;;;;;;;;;;;;;;;;;;;;;;;;;;;;;;;
Sin informaci¿n;"INGENIERIA AGRICOLA, FORESTAL Y AFINES";UNIVERSITARIA;MATRICULADOS;;;;;;;;;;;;;;;;;;;;;;;;;;;;;;;;;;;;;1;1;1;1;1;1;1;1;1;1;1;1;1;;;;;
Sin informaci¿n;"INGENIERIA AGRICOLA, FORESTAL Y AFINES";FORMACION TECNICA PROFESIONAL;MATRICULADOS;1;1;1;1;1;;1;;;;;;;;;;;;;;;;;;;;;;;;;;;;;;;;;;;;;;;;;;;;;;;
Sin informaci¿n;"INGENIERIA AGROINDUSTRIAL, ALIMENTOS Y AFINES";UNIVERSITARIA;MATRICULADOS;3;35;47;48;51;45;43;41;42;36;34;31;21;24;;27;26;25;28;27;28;27;25;25;26;25;3;24;25;23;21;17;14;12;14;7;9;8;6;7;5;4;3;2;2;1;2;2;2;1;1;1;;
Sin informaci¿n;"INGENIERIA AGROINDUSTRIAL, ALIMENTOS Y AFINES";TECNOLOGICA;MATRICULADOS;;;;;;;;;;;;;;;;;;;2;2;2;2;2;2;;;;;;;;;;;;;;;;;;;;;;;;;;;;;;
Sin informaci¿n;"INGENIERIA AGRONOMICA, PECUARIA Y AFINES";UNIVERSITARIA;MATRICULADOS;7;6;5;4;5;3;3;2;11;8;8;7;8;9;8;8;6;6;2;1;3;7;3;3;2;2;2;2;2;2;1;1;;;;;;;;;;;;;;;;;;;;;;
Sin informaci¿n;INGENIERIA CIVIL Y AFINES;UNIVERSITARIA;MATRICULADOS;;;;;;;;;;;;;;4;6;6;8;10;13;11;10;12;14;14;12;1;14;12;11;8;9;8;6;3;3;4;6;7;7;5;3;2;2;4;2;;2;2;2;;2;1;;
Sin informaci¿n;INGENIERIA CIVIL Y AFINES;TECNOLOGICA;MATRICULADOS;;1;1;1;1;2;2;2;2;1;1;1;;;;;;;;;;;;;;1;1;2;2;2;2;1;;;;;;;;;;;;;;;;;;;;;;
Sin informaci¿n;INGENIERIA CIVIL Y AFINES;FORMACION TECNICA PROFESIONAL;MATRICULADOS;;;;;;;;;;;;;;;;;;;;;;;;;2;2;;1;;;;;;;;;;3;1;1;1;;;;;;;1;;;;;;
Sin informaci¿n;"INGENIERIA DE MINAS, METALURGIA Y AFINES";UNIVERSITARIA;MATRICULADOS;24;;39;40;45;50;47;;51;41;44;45;5;40;35;29;32;24;22;15;11;12;14;14;9;;7;4;5;4;4;4;5;5;2;1;2;4;4;4;3;1;1;1;1;;1;;;;;;;
Sin informaci¿n;"INGENIERIA DE SISTEMAS, TELEMATICA Y AFINES";UNIVERSITARIA;MATRICULADOS;20;5;44;50;61;69;77;11;81;74;72;74;17;68;67;52;60;59;57;60;59;58;54;41;36;30;49;39;44;38;36;30;38;33;32;33;39;39;28;23;20;17;16;17;14;;15;12;11;;10;7;6;5
Sin informaci¿n;"INGENIERIA DE SISTEMAS, TELEMATICA Y AFINES";TECNOLOGICA;MATRICULADOS;1;2;;;;2;2;1;4;7;5;4;7;7;4;3;3;2;;1;1;1;1;1;;;;1;;;;;1;1;1;;;;;;;;;;;;;;;;;;;
Sin informaci¿n;"INGENIERIA DE SISTEMAS, TELEMATICA Y AFINES";FORMACION TECNICA PROFESIONAL;MATRICULADOS;2;5;5;5;5;5;1;1;1;1;1;;;;;;1;;;;;;;1;;;1;;;;;;;;2;3;3;;;;;;;;;;;;;;;;;
Sin informaci¿n;INGENIERIA ELECTRICA Y AFINES;UNIVERSITARIA;MATRICULADOS;15;1;46;57;45;57;59;2;53;54;53;62;5;60;56;55;47;39;28;19;17;14;15;15;10;;13;12;7;7;7;6;6;3;5;4;4;4;2;2;1;1;1;;;;;;;;;;;
Sin informaci¿n;"INGENIERIA ELECTRONICA, TELECOMUNICACIONES Y AFINES";UNIVERSITARIA;MATRICULADOS;13;3;41;48;42;47;50;3;55;48;48;44;6;45;60;72;72;102;25;22;17;13;12;22;15;5;15;13;14;14;11;13;11;9;7;9;13;14;9;9;10;6;8;5;5;1;4;5;3;;4;3;3;3
Sin informaci¿n;"INGENIERIA ELECTRONICA, TELECOMUNICACIONES Y AFINES";TECNOLOGICA;MATRICULADOS;1;1;3;9;8;9;11;5;7;6;5;5;3;2;1;2;1;1;1;;;;;;;;;;;1;1;1;;;;;;;;;;;;;;;;;;;;;;
Sin informaci¿n;"INGENIERIA ELECTRONICA, TELECOMUNICACIONES Y AFINES";FORMACION TECNICA PROFESIONAL;MATRICULADOS;;;;;;;;;;;;;;;;;;1;1;1;1;1;1;;;;;;;;;;;;;;1;1;1;1;1;;;;;;;;;;;;;
Sin informaci¿n;INGENIERIA INDUSTRIAL Y AFINES;UNIVERSITARIA;MATRICULADOS;9;2;29;29;32;47;41;5;50;55;45;51;10;54;50;56;56;50;15;18;22;21;27;25;36;39;44;42;40;40;43;46;40;36;31;28;30;30;24;21;17;18;18;13;12;;12;11;9;;7;7;3;5
Sin informaci¿n;INGENIERIA INDUSTRIAL Y AFINES;TECNOLOGICA;MATRICULADOS;;;;;;;;;;;;;;;;;;;;;;;;;;;;;;;;;;;;;;1;;;;;;;;;;;;;;;;
Sin informaci¿n;INGENIERIA INDUSTRIAL Y AFINES;FORMACION TECNICA PROFESIONAL;MATRICULADOS;;;;;;;;;;;;;;;;;;;;;;;;;;;;;;;;;;;;;1;1;1;1;1;1;;;;;;;;;;;;
Sin informaci¿n;INGENIERIA MECANICA Y AFINES;UNIVERSITARIA;MATRICULADOS;16;;43;47;36;48;48;1;51;45;48;50;6;48;43;42;39;37;31;27;23;27;25;25;20;;21;17;13;13;11;13;11;11;8;7;9;8;6;7;7;6;6;4;4;;5;5;5;;5;4;3;2
Sin informaci¿n;INGENIERIA MECANICA Y AFINES;FORMACION TECNICA PROFESIONAL;MATRICULADOS;;;;;;;;;;;;;;;;;;;;;;;;1;1;1;;;;;;;;;;;;;;;;;;;;;;;;;;;;
Sin informaci¿n;INGENIERIA QUIMICA Y AFINES;UNIVERSITARIA;MATRICULADOS;5;1;21;27;23;28;27;;26;24;20;21;5;19;20;19;15;17;17;15;16;17;13;13;14;;17;16;16;12;12;13;8;8;6;6;9;6;6;4;3;3;4;2;2;;3;2;2;;2;1;;2
Sin informaci¿n;"BIOLOGIA, MICROBIOLOGIA Y AFINES";UNIVERSITARIA;MATRICULADOS;12;;30;34;35;44;49;53;45;43;42;43;44;39;6;44;35;35;32;29;23;22;22;23;21;7;16;15;15;9;11;16;16;11;12;12;13;14;13;13;11;8;7;3;5;3;4;3;2;1;2;1;1;1
Sin informaci¿n;"BIOLOGIA, MICROBIOLOGIA Y AFINES";TECNOLOGICA;MATRICULADOS;;;;;;;;;;;;;;1;;;7;10;12;19;21;19;16;12;9;11;4;3;3;2;4;1;1;1;1;1;;;;;;;;;;;;;;;;;;
Sin informaci¿n;"BIOLOGIA, MICROBIOLOGIA Y AFINES";FORMACION TECNICA PROFESIONAL;MATRICULADOS;;;;;;;;;;;;;;;;;;;1;1;1;1;;;;;;;;;;;;;;;;;;;;;;;;;;;;;;;;
Sin informaci¿n;FISICA;UNIVERSITARIA;MATRICULADOS;11;;24;28;22;25;27;24;18;15;18;22;18;16;;21;18;19;17;16;16;12;12;17;15;;12;9;15;15;15;14;14;12;11;14;16;11;11;6;4;4;5;;4;4;4;2;2;;;;;
Sin informaci¿n;"MATEMATICAS, ESTADISTICA Y AFINES";UNIVERSITARIA;MATRICULADOS;13;;18;36;35;34;31;26;23;21;25;20;15;17;;16;18;23;15;15;12;11;8;6;7;;9;6;3;4;10;14;10;8;8;8;13;11;8;7;5;4;3;;3;3;3;3;2;;2;2;3;1
Sin informaci¿n;QUIMICA Y AFINES;UNIVERSITARIA;MATRICULADOS;10;16;36;42;45;53;55;57;57;61;60;57;53;46;2;50;43;42;44;38;42;40;38;31;37;29;4;29;27;21;21;20;20;18;17;7;11;11;7;8;6;5;4;3;6;2;4;5;4;2;;;;
Sin informaci¿n;QUIMICA Y AFINES;TECNOLOGICA;MATRICULADOS;;;8;10;6;10;11;12;10;11;12;11;11;13;;12;7;4;9;9;5;4;5;5;2;4;7;6;5;5;5;2;1;3;1;1;2;1;1;1;;;;;;;;;;;;;;
Hombre;Sin informaci¿n;Sin informaci¿n;MATRICULADOS;518;706;935;995;1267;1053;1232;1736;1540;2245;2631;2540;1565;1573;1728;822;908;845;23;140;333;95;128;105;120;165;56;46;66;72;68;76;76;64;84;60;86;59;;;;;;;;;;;;;;;;
Hombre;Sin informaci¿n;UNIVERSITARIA;MATRICULADOS;;;;;;;;;;;;;;;;;;;;;;;;;;;;;;;;;;;;;;;;;;;;;;;;;;;;;;1163
Hombre;Sin informaci¿n;TECNOLOGICA;MATRICULADOS;;;;;;;;;;;;;;;;;;;;;;;;;;;;;;;;;;;;;;;;;;;;;;;;;;;;;;146
Hombre;Sin informaci¿n;FORMACION TECNICA PROFESIONAL;MATRICULADOS;;;;;;;;;;;;;;;;;;;;;;;;;;;;;;;;;;;;;;;;;;;;;;;;;;;;;;27
Hombre;AGRONOMIA;UNIVERSITARIA;MATRICULADOS;40;75;111;110;128;127;214;213;337;344;343;331;418;419;397;344;380;405;595;755;749;847;1053;1102;1214;1285;1409;1426;1593;1542;1692;1815;1788;1804;1792;1752;2010;1830;2070;1872;2029;1979;1951;1912;1909;1715;2009;2063;2048;2033;2085;1966;1721;1827
Hombre;AGRONOMIA;TECNOLOGICA;MATRICULADOS;450;399;404;474;592;640;630;612;630;633;824;813;894;920;970;966;1092;1071;1218;1103;1317;1122;1919;1843;1915;1944;4183;5203;4988;7114;5752;7336;4934;6436;6400;6122;5644;6343;5846;6222;4331;4681;3208;3558;1936;2160;1509;1602;1099;1167;677;672;343;354
Hombre;AGRONOMIA;FORMACION TECNICA PROFESIONAL;MATRICULADOS;11;14;17;17;50;64;79;86;74;76;63;70;57;64;98;105;162;137;250;219;278;282;273;272;362;381;454;368;455;347;404;403;310;329;387;429;489;492;601;525;422;394;256;211;176;188;187;161;165;129;117;167;112;133
Hombre;ZOOTECNIA;UNIVERSITARIA;MATRICULADOS;466;460;679;732;876;874;1101;1219;1369;1509;1793;1887;2081;2167;2322;2132;2617;2651;3054;3233;3245;3310;3586;3443;3670;3510;3602;3195;3600;3321;3631;3428;3367;3288;3318;2931;3320;3112;3269;3134;3026;2908;2723;2613;2212;2188;2331;2196;1912;1883;1810;1600;1393;1421
Hombre;ZOOTECNIA;TECNOLOGICA;MATRICULADOS;89;178;243;243;452;327;742;718;1002;1032;1054;1147;1122;1167;727;401;424;397;470;514;517;467;602;631;562;570;1113;1340;1671;1972;2112;2228;2061;1909;1980;1786;1578;1686;1596;1547;1136;1314;1053;1143;787;836;618;685;503;526;238;272;149;193
Hombre;ZOOTECNIA;FORMACION TECNICA PROFESIONAL;MATRICULADOS;;;;;;;;;;;;;;;;;;;;;1;1;38;43;47;58;63;51;43;25;27;21;13;10;62;59;86;85;37;51;17;3;18;17;25;8;;21;21;9;9;4;3;13
Hombre;MEDICINA VETERINARIA;UNIVERSITARIA;MATRICULADOS;832;970;1197;1332;1578;1733;2106;2162;2676;2891;3131;3338;3561;3654;3834;3890;4002;4057;4692;4806;5060;5051;5375;5346;5658;5527;5820;5538;6018;5579;6201;6144;6364;6498;6906;6843;7481;7360;7727;7875;7556;7260;6900;6462;5602;4500;5215;4797;4041;3635;3053;2530;2062;1743
Hombre;MEDICINA VETERINARIA;TECNOLOGICA;MATRICULADOS;;;;20;31;26;51;41;14;37;39;37;46;51;54;57;61;58;51;56;41;42;26;25;3;4;4;4;1;;2;;;;;;;;;;;;9;6;12;6;10;6;6;7;29;33;26;39
Hombre;"ARTES PLASTICAS, VISUALES Y AFINES";UNIVERSITARIA;MATRICULADOS;288;422;533;602;726;789;919;1088;1239;1358;1494;1585;1766;1845;1922;1865;1933;1942;2271;2336;2459;2495;2606;2622;2807;2973;3143;3192;3412;3497;3668;3712;3903;4146;4434;4459;4734;4783;4944;4859;4637;4420;4088;3737;3329;2624;2793;2360;2147;1888;1626;1588;1298;1276
Hombre;"ARTES PLASTICAS, VISUALES Y AFINES";TECNOLOGICA;MATRICULADOS;;;;;;;;4;18;47;75;114;150;179;192;214;245;268;427;451;541;549;572;565;570;554;987;570;1286;621;598;648;669;631;680;636;638;755;773;877;742;745;558;581;428;424;357;353;216;237;157;137;75;100
Hombre;"ARTES PLASTICAS, VISUALES Y AFINES";FORMACION TECNICA PROFESIONAL;MATRICULADOS;8;4;14;8;56;65;91;137;168;174;207;248;259;244;277;272;297;251;269;266;258;265;103;173;168;183;254;257;331;298;348;364;380;341;337;304;325;316;341;303;274;198;170;128;148;131;130;63;112;106;113;93;64;74
Hombre;ARTES REPRESENTATIVAS;UNIVERSITARIA;MATRICULADOS;3;28;17;43;23;52;59;79;79;76;137;76;68;115;165;122;206;107;183;144;190;129;230;208;278;172;314;249;411;321;419;434;469;482;601;690;751;847;872;883;816;793;721;659;623;537;499;404;401;365;272;256;200;175
Hombre;ARTES REPRESENTATIVAS;TECNOLOGICA;MATRICULADOS;;;;;;;;;;;;;;;;;;;;;;;;;;6;7;18;22;25;31;34;33;20;22;47;89;123;100;182;136;186;188;289;268;361;279;361;265;398;256;322;181;334
Hombre;ARTES REPRESENTATIVAS;FORMACION TECNICA PROFESIONAL;MATRICULADOS;;;;;;;11;5;12;11;11;8;3;26;10;8;11;15;15;10;13;14;21;30;17;18;29;25;27;19;20;24;31;39;45;45;54;39;50;42;35;27;22;16;18;8;7;7;6;4;2;7;5;5
Hombre;PUBLICIDAD Y AFINES;UNIVERSITARIA;MATRICULADOS;335;412;526;554;636;696;848;981;1214;1347;1512;1543;1635;1637;1729;1755;1787;1707;1675;1790;1887;2087;2134;2090;2291;2205;2438;2522;2703;2870;2654;2565;2523;2514;2573;2548;2659;2625;2585;2496;2353;2195;1983;1798;1682;1600;1588;1490;1406;1261;1176;1116;808;924
Hombre;PUBLICIDAD Y AFINES;TECNOLOGICA;MATRICULADOS;759;775;881;917;1009;957;923;912;928;915;948;964;1012;952;943;971;937;874;872;1101;1436;1506;1572;1510;1474;1330;1362;1246;1174;1075;1097;1018;939;875;887;897;923;554;487;342;290;252;233;271;347;588;611;699;585;733;453;477;281;340
Hombre;PUBLICIDAD Y AFINES;FORMACION TECNICA PROFESIONAL;MATRICULADOS;110;118;186;216;269;294;328;358;408;418;456;482;497;515;512;449;461;411;520;502;549;578;560;505;525;491;537;469;487;448;492;414;457;461;446;342;288;256;180;149;134;135;115;76;68;104;238;302;387;387;402;422;246;328
Hombre;DISEÑO;UNIVERSITARIA;MATRICULADOS;585;792;1108;1298;1624;1946;2273;2643;2920;3197;3766;4014;4393;4552;4973;5029;5360;5387;6671;6785;7135;7493;7999;8269;8751;8943;9542;9495;10000;9921;10108;9810;10112;10081;10383;10299;10461;10651;10814;10562;9920;9218;8511;7785;6839;5578;5329;4526;3927;3401;2885;2492;1858;1658
Hombre;DISEÑO;TECNOLOGICA;MATRICULADOS;66;101;125;160;198;242;363;437;619;647;804;844;1013;999;1076;1103;1150;1145;1581;1782;2456;2502;3072;3285;3572;3556;4693;4897;5762;5682;6081;6838;6128;6212;6396;6187;5776;6112;5444;5449;4149;4599;3299;3431;2029;1913;1316;1464;1063;1091;724;736;440;445
Hombre;DISEÑO;FORMACION TECNICA PROFESIONAL;MATRICULADOS;177;208;299;334;537;562;618;660;686;719;817;887;982;1128;1127;1377;1346;1384;2499;2577;2978;2950;2811;3207;3180;3149;3699;3219;3666;3298;3832;3486;3368;3144;3381;3160;2802;2590;2311;2082;1960;1709;1574;1411;997;650;662;638;535;534;470;388;266;320
Hombre;MUSICA;UNIVERSITARIA;MATRICULADOS;162;229;342;445;634;732;807;999;1043;1220;1413;1460;1570;1604;1660;1614;1627;1703;1872;2048;2182;2215;2383;2447;2610;2756;2887;2699;3042;3086;3096;3006;3024;2988;3012;2927;3135;3141;2948;3096;3032;2957;2873;2762;2535;2238;2338;2144;1954;1768;1544;1477;1247;1284
Hombre;MUSICA;TECNOLOGICA;MATRICULADOS;14;19;4;;;5;;;;;;1;31;56;107;105;111;108;114;91;82;89;118;143;174;180;199;225;215;268;306;313;272;271;273;259;279;281;255;298;344;367;323;362;288;352;277;341;314;262;190;188;97;101
Hombre;MUSICA;FORMACION TECNICA PROFESIONAL;MATRICULADOS;;;;;;;;;;;;;;;;;;;;;;;;137;71;86;126;134;174;197;210;215;186;178;201;170;213;200;204;173;162;136;145;104;112;77;74;96;93;81;74;60;41;44
Hombre;ADMINISTRACION;UNIVERSITARIA;MATRICULADOS;6951;8630;11116;12494;14957;16657;18519;19704;22165;23859;26200;26977;28753;29044;30786;30152;32134;32669;36598;39428;45348;45857;49057;51374;57425;59108;63674;63603;70129;70665;73981;74689;79996;81923;90062;91737;102791;106199;110400;109586;107576;103670;100393;95057;92284;83745;82701;73982;69205;62352;56728;51054;39958;38467
Hombre;ADMINISTRACION;TECNOLOGICA;MATRICULADOS;2634;3123;4057;4139;4880;4869;5473;5245;6185;6216;6608;6450;7055;7186;6940;6607;7742;7998;10722;11835;14576;16211;18473;19853;21562;22083;29164;31025;38230;40086;45486;51861;55655;60828;69229;73673;72450;80422;78399;86480;72609;78465;60105;64685;47665;55156;50179;57992;43717;44796;25571;26398;11977;13830
Hombre;ADMINISTRACION;FORMACION TECNICA PROFESIONAL;MATRICULADOS;530;693;1008;944;1301;1441;1491;1552;1816;1630;1967;1969;1954;1871;2333;2441;2745;2618;5422;5468;6121;5558;5869;7073;8091;8893;9685;8396;9728;9142;10633;10712;12924;12154;14230;13605;14102;14644;13662;13410;12368;11086;10566;10168;6239;5448;5486;5319;5182;4572;4416;3880;2394;2793
Hombre;ADMINISTRACION;ESPECIALIZACION;MATRICULADOS;;;;;;;;;;;;;;;;;;;;;15;;16;;17;;10;;39;;;;;;;;;;;;;;;;;;;;;;;;;
Hombre;SIN CLASIFICAR;UNIVERSITARIA;MATRICULADOS;;;;;;;;;;;;;;;;;;;;;;;;;;;;;;;;;;;;;;;;;;;;;3;226;702;2113;5081;7015;10726;14620;9303;14552
Hombre;SIN CLASIFICAR;TECNOLOGICA;MATRICULADOS;;;;;;;;;;;;;;;;;;;;;;;;;;;;;;;;;;;;;;;;;;;;;14;1849;3627;7183;10147;21911;30576;56554;45301;58086
Hombre;SIN CLASIFICAR;FORMACION TECNICA PROFESIONAL;MATRICULADOS;;;;;;;;;;;;;;;;;;;;;;;;;;;;;;;;;;;;;;;;;;;;;;2;74;216;301;351;540;680;345;895
Hombre;OTROS PROGRAMAS ASOCIADOS A BELLAS ARTES;UNIVERSITARIA;MATRICULADOS;;;;;;;;;;4;7;10;15;20;38;43;64;67;79;99;111;147;163;195;233;244;274;223;323;342;400;471;498;534;528;548;557;582;523;486;451;405;366;344;370;269;328;271;268;229;151;170;142;123
Hombre;OTROS PROGRAMAS ASOCIADOS A BELLAS ARTES;TECNOLOGICA;MATRICULADOS;;;;;;;;;;1;1;1;2;2;;2;2;2;;;;;;;49;63;324;512;698;760;1035;1328;1477;1494;1892;1581;1246;1601;1455;1658;1241;1535;1217;1362;801;827;547;540;281;310;171;177;101;106
Hombre;OTROS PROGRAMAS ASOCIADOS A BELLAS ARTES;FORMACION TECNICA PROFESIONAL;MATRICULADOS;;;;;;;;;;1;1;1;1;1;;1;2;1;;1;;2;4;3;9;8;14;16;15;17;9;11;10;9;18;44;75;109;130;136;154;123;102;119;112;72;62;94;82;82;76;70;40;72
Hombre;EDUCACION;UNIVERSITARIA;MATRICULADOS;6413;5772;7599;9010;10836;11708;13175;13457;15339;16092;17476;18782;18623;20618;22174;22963;25387;26809;30550;32130;35046;36140;38755;40332;42171;42553;45999;44232;46674;47086;48341;49560;52096;54763;59722;60650;63845;63159;64689;63857;60861;57144;53948;50640;46166;41441;41174;36475;33806;30060;26503;23347;19216;18507
Hombre;EDUCACION;TECNOLOGICA;MATRICULADOS;;1;1;1;11;23;22;11;1;;;;;;;;;;;;;;9;24;90;96;832;1468;2299;2823;3410;4337;4289;4386;4739;4516;3751;4429;3792;3702;2792;3070;1799;2013;1022;1143;471;515;369;425;249;295;173;203
Hombre;EDUCACION;FORMACION TECNICA PROFESIONAL;MATRICULADOS;1;2;5;5;9;11;17;17;14;12;3;8;9;13;11;17;17;41;51;52;42;14;16;6;11;16;28;30;61;79;109;94;127;98;113;98;105;102;77;56;42;32;36;36;40;10;43;28;16;6;2;1;1;2
Hombre;BACTERIOLOGIA;UNIVERSITARIA;MATRICULADOS;74;66;87;123;221;275;362;406;494;565;745;751;811;837;999;1068;1093;1042;1045;1052;1048;1043;1062;1042;1038;1004;991;968;1009;846;964;971;1134;1084;1456;1578;1601;1700;1867;1980;2009;1970;1824;1691;1469;1220;1300;1106;1043;841;668;558;450;398
Hombre;BACTERIOLOGIA;TECNOLOGICA;MATRICULADOS;1;;;;2;4;12;16;21;26;29;33;36;33;43;43;50;38;53;56;60;60;82;83;70;66;72;70;61;52;48;48;46;37;47;53;45;38;57;55;54;49;47;45;27;23;22;19;16;15;16;16;13;9
Hombre;BACTERIOLOGIA;FORMACION TECNICA PROFESIONAL;MATRICULADOS;;;;;;;;2;5;2;5;22;34;35;120;135;115;122;116;84;99;99;86;74;61;48;49;42;29;24;15;9;;71;161;2;9;22;21;17;19;10;7;5;5;5;;;;;;;;
Hombre;ENFERMERIA;UNIVERSITARIA;MATRICULADOS;174;245;332;455;582;698;793;875;907;1013;1156;1254;1339;1263;1726;1904;2138;2169;2374;2487;2653;2688;2755;2767;2820;2957;3126;3164;3331;3292;3427;3600;4493;5333;6816;7563;8336;8766;9950;10871;10711;10344;9717;8889;8049;6756;6710;5740;4854;4384;3570;3048;2494;2236
Hombre;ENFERMERIA;TECNOLOGICA;MATRICULADOS;;;;;;;12;12;12;13;21;21;14;14;21;21;17;17;4;8;19;16;27;22;41;36;30;12;43;20;20;19;30;10;27;32;13;26;29;11;4;3;22;16;15;7;7;3;;;;;;
Hombre;ENFERMERIA;FORMACION TECNICA PROFESIONAL;MATRICULADOS;;;;;1;1;2;2;2;3;8;9;10;10;37;55;57;46;59;68;76;72;74;62;63;68;81;86;91;93;71;76;220;133;104;81;71;15;1;;;;;;;;;;;;;;;
Hombre;TERAPIAS;UNIVERSITARIA;MATRICULADOS;797;735;228;335;422;483;580;662;687;775;947;1012;1069;1122;1402;1711;1868;1965;2198;2232;2264;2308;2349;2229;2361;2311;2464;2364;2574;2504;2505;2645;3327;4087;5403;6082;6861;7501;8431;8969;8938;8854;8394;7784;6901;5884;5719;5004;4292;3505;2806;2236;1762;1424
Hombre;TERAPIAS;TECNOLOGICA;MATRICULADOS;;;32;28;30;24;1;2;3;3;4;;3;1;;;;;;;;;;;6;17;;454;1;722;1013;1462;1445;1454;1759;1679;1473;1925;1629;1697;1238;1576;911;980;581;651;451;584;458;607;422;524;341;427
Hombre;INSTRUMENTACION QUIRURGICA;UNIVERSITARIA;MATRICULADOS;40;95;129;158;185;243;253;272;276;257;252;237;245;242;251;284;310;306;357;345;348;349;348;361;390;374;404;432;486;483;463;492;751;855;1121;1244;1332;1316;1544;1602;1553;1466;1297;1164;1063;913;807;650;525;434;340;280;220;183
Hombre;INSTRUMENTACION QUIRURGICA;FORMACION TECNICA PROFESIONAL;MATRICULADOS;5;6;9;9;10;13;25;24;14;18;27;30;35;29;90;83;79;73;77;60;55;58;42;37;28;26;9;7;2;2;;;3;3;;;;;;;;;;;;;;;;;;;;
Hombre;MEDICINA;UNIVERSITARIA;MATRICULADOS;973;1460;2295;2835;3996;4452;5301;5812;6634;7155;8087;8490;9137;8845;9842;9713;10505;10586;11410;11811;12158;12498;12933;13307;14599;14701;15105;15377;16111;15992;16069;16696;17053;17959;18916;19653;20742;21300;21764;22372;21656;20712;19728;18606;17379;15326;14751;13051;11689;10102;8210;6530;4966;3841
Hombre;MEDICINA;TECNOLOGICA;MATRICULADOS;18;37;59;53;69;58;72;93;95;107;133;124;136;156;170;169;169;152;183;190;249;230;283;342;369;417;445;522;590;694;714;643;722;648;688;708;726;835;1037;1112;1112;1246;1290;1544;1585;1808;1661;1900;1533;1555;1260;1277;950;945
Hombre;MEDICINA;FORMACION TECNICA PROFESIONAL;MATRICULADOS;10;20;40;62;78;77;64;62;53;59;71;80;97;85;65;55;53;38;41;44;35;123;27;133;184;207;152;114;75;62;50;120;207;246;162;160;136;139;154;158;142;110;85;71;60;31;36;31;24;35;25;18;9;10
Hombre;NUTRICION Y DIETETICA;UNIVERSITARIA;MATRICULADOS;21;38;26;46;54;63;77;94;110;129;133;154;180;172;166;257;293;301;327;324;318;317;327;312;317;323;338;299;288;188;287;376;580;776;1018;1143;1460;1606;1959;2238;2372;2393;2307;2128;1951;1651;1682;1307;1270;1022;813;638;503;415
Hombre;NUTRICION Y DIETETICA;TECNOLOGICA;MATRICULADOS;;;;;;;;;;;;;;;;;;;;;;;;;;;;;;;;;;;;;;1;;;14;17;10;6;8;8;;;4;2;2;5;4;1
Hombre;NUTRICION Y DIETETICA;FORMACION TECNICA PROFESIONAL;MATRICULADOS;;;;;;;;;;;;;;;;;;;;;;;;;;;;;;;;;;;;;24;28;25;21;17;13;14;11;9;10;8;;6;6;5;3;2;1
Hombre;ODONTOLOGIA;UNIVERSITARIA;MATRICULADOS;778;623;799;935;1071;1289;1528;1595;1934;2046;2220;2198;2363;2277;2465;2555;2641;2656;3067;3043;3257;3238;3305;3340;3624;3739;3750;3709;3709;3909;3878;4004;4313;4329;4813;5063;5177;5140;5463;5386;5205;4870;4548;4215;3686;3019;2981;2545;2321;1892;1571;1238;1025;855
Hombre;ODONTOLOGIA;TECNOLOGICA;MATRICULADOS;4;14;58;61;57;63;54;43;41;39;47;69;71;77;89;83;83;77;85;103;128;124;143;150;152;145;157;161;170;161;152;155;247;228;316;320;286;298;354;325;274;248;222;196;145;67;69;59;50;44;35;27;26;24
Hombre;ODONTOLOGIA;FORMACION TECNICA PROFESIONAL;MATRICULADOS;7;7;13;14;19;20;16;14;12;11;11;9;25;27;72;147;196;191;233;211;214;175;167;138;150;131;156;167;185;132;187;202;346;349;559;535;615;534;617;625;521;417;372;256;170;108;130;106;79;57;49;25;6;3
Hombre;ODONTOLOGIA;ESPECIALIZACION;MATRICULADOS;;;;;;;;;;;;;;;;;;;;;;;;;;;;;11;;;;;;;;;;;;;;;;;;;;;;;;;
Hombre;"OPTOMETRIA, OTROS PROGRAMAS DE CIENCIAS DE LA SALUD";UNIVERSITARIA;MATRICULADOS;76;67;93;105;148;144;180;192;241;248;273;254;272;266;302;295;287;276;346;329;345;343;355;361;378;368;390;401;433;434;433;466;547;619;732;785;853;900;1009;1076;1028;989;926;864;752;664;634;542;430;355;300;259;225;207
Hombre;"OPTOMETRIA, OTROS PROGRAMAS DE CIENCIAS DE LA SALUD";TECNOLOGICA;MATRICULADOS;32;39;62;80;86;83;88;87;86;91;89;90;96;90;131;161;171;177;207;227;271;466;636;610;721;834;879;821;772;726;680;611;615;672;717;721;738;766;817;818;717;667;607;569;455;392;354;322;278;214;207;188;133;136
Hombre;"OPTOMETRIA, OTROS PROGRAMAS DE CIENCIAS DE LA SALUD";FORMACION TECNICA PROFESIONAL;MATRICULADOS;;;;;;;;;;;3;8;1;5;26;30;40;36;31;34;49;71;75;89;126;142;195;221;265;269;335;322;440;323;234;153;85;21;1;;;;;;;;;;;;;;;
Hombre;SALUD PUBLICA;UNIVERSITARIA;MATRICULADOS;;;;;9;28;52;36;79;101;124;125;139;144;134;142;141;127;169;226;425;520;852;892;1328;964;1836;1508;2038;1785;1721;1867;2078;1980;1914;2080;2249;2406;2546;2837;2873;2999;3182;3307;3320;3392;3561;3548;3270;3028;2877;2738;2308;2211
Hombre;SALUD PUBLICA;TECNOLOGICA;MATRICULADOS;3;22;30;27;24;14;13;11;20;49;80;109;147;162;182;195;192;203;234;251;355;345;343;384;549;565;1400;1661;2779;3177;3308;3854;4082;4186;4363;4789;4222;4828;4520;5493;4339;4391;3053;2834;1216;1046;843;798;775;751;662;576;449;412
Hombre;SALUD PUBLICA;FORMACION TECNICA PROFESIONAL;MATRICULADOS;;;1;;13;14;22;31;48;54;79;86;96;88;103;101;95;87;160;155;209;238;305;284;329;349;397;337;433;451;449;529;716;587;604;519;475;381;342;322;242;191;177;190;274;304;406;424;398;378;282;260;181;223
Hombre;"ANTROPOLOGIA, ARTES LIBERALES";UNIVERSITARIA;MATRICULADOS;122;167;185;236;290;302;449;470;482;523;583;633;629;653;679;522;714;690;743;754;804;792;854;867;867;897;788;969;1002;998;1022;1078;1153;1256;1396;1270;1549;1550;1596;1620;1587;1555;1440;1304;1185;645;1006;722;766;683;562;476;405;371
Hombre;"BIBLIOTECOLOGIA, OTROS DE CIENCIAS SOCIALES Y HUMANAS";UNIVERSITARIA;MATRICULADOS;11;25;37;40;72;94;114;119;143;178;189;204;217;240;183;268;269;270;314;332;379;348;448;520;622;562;671;671;817;794;843;915;976;892;923;798;914;868;779;872;791;784;780;784;744;556;671;618;658;664;598;567;460;497
Hombre;"BIBLIOTECOLOGIA, OTROS DE CIENCIAS SOCIALES Y HUMANAS";TECNOLOGICA;MATRICULADOS;;;;;;2;2;2;2;4;3;3;1;2;3;19;46;55;61;59;63;55;35;29;60;60;362;531;650;954;1088;1429;1448;1739;1922;2088;1876;2377;2200;2740;2435;2953;2301;2722;1929;2180;1346;1417;826;993;595;690;447;566
Hombre;"BIBLIOTECOLOGIA, OTROS DE CIENCIAS SOCIALES Y HUMANAS";FORMACION TECNICA PROFESIONAL;MATRICULADOS;;;;;;;;;;;;;;;;;;;20;18;17;36;201;32;380;50;268;247;;;;;;;;;;198;198;13;;152;244;116;89;67;63;88;16;84;100;110;110;10
Hombre;"CIENCIA POLITICA, RELACIONES INTERNACIONALES";UNIVERSITARIA;MATRICULADOS;171;237;371;478;617;717;869;1049;1183;1370;1587;1730;1913;2001;2167;2178;2387;2344;2599;2483;2699;2628;2758;2832;2947;2974;3147;3067;3316;3463;3557;3695;3945;4207;4597;4368;4817;4863;5031;5028;4681;4524;4052;3607;3078;2582;2528;2075;1639;1313;1249;1085;888;853
Hombre;"CIENCIA POLITICA, RELACIONES INTERNACIONALES";TECNOLOGICA;MATRICULADOS;;;;;;;;;;;;;;;;;;;;;;22;60;73;92;99;103;95;80;87;86;79;68;58;57;49;38;28;23;15;12;4;2;2;;2;5;7;7;8;8;9;6;8
Hombre;"COMUNICACIÓN SOCIAL, PERIODISMO Y AFINES";UNIVERSITARIA;MATRICULADOS;1187;1215;1687;1891;2674;2923;3373;3469;3860;4329;4962;5356;5889;6180;6794;6827;7403;7577;8260;8428;8732;8771;9327;9146;9498;9325;9703;9688;10337;10400;11135;11219;13047;13783;16070;16440;17680;17439;18717;18623;17956;16705;15095;13234;11584;9461;8931;6991;5798;4643;3750;3008;2335;2085
Hombre;"COMUNICACIÓN SOCIAL, PERIODISMO Y AFINES";TECNOLOGICA;MATRICULADOS;257;285;291;291;305;293;227;215;239;229;201;193;178;208;211;218;235;305;457;431;579;562;660;691;851;854;929;926;895;831;929;1059;1071;1035;1073;1006;1225;1414;1671;1534;1170;1081;789;644;464;348;325;313;246;194;187;139;95;56
Hombre;"COMUNICACIÓN SOCIAL, PERIODISMO Y AFINES";FORMACION TECNICA PROFESIONAL;MATRICULADOS;84;68;72;52;45;55;51;69;90;86;109;120;144;147;226;207;168;124;289;308;345;322;298;390;466;550;649;583;677;742;967;951;1212;1126;1279;1404;1228;1149;988;1002;1047;947;972;1011;483;386;378;511;418;398;393;315;151;142
Hombre;"DEPORTES, EDUCACION FISICA Y RECREACION";UNIVERSITARIA;MATRICULADOS;262;288;351;446;597;720;876;860;963;1032;1284;1370;1635;1844;1977;2206;2363;2473;3028;3015;3322;3260;3607;3533;3845;3934;4255;4139;4368;4238;4880;4963;5069;4974;4929;4792;5160;5227;5288;4790;4531;4480;4108;3989;3666;3123;3039;2628;2430;2148;1721;1470;1159;1434
Hombre;"DEPORTES, EDUCACION FISICA Y RECREACION";TECNOLOGICA;MATRICULADOS;54;11;7;6;5;4;22;30;43;138;113;110;136;156;171;173;188;201;146;185;246;237;242;270;313;320;473;330;664;808;832;863;678;704;819;777;890;881;882;791;794;767;757;757;786;998;986;1051;843;867;493;578;372;473
Hombre;"DEPORTES, EDUCACION FISICA Y RECREACION";FORMACION TECNICA PROFESIONAL;MATRICULADOS;;;;;10;27;27;30;31;28;23;15;17;21;20;15;18;11;38;12;36;48;89;49;87;81;200;156;225;140;250;203;296;269;303;311;307;237;190;172;165;157;126;106;86;69;72;49;50;36;30;24;12;15
Hombre;DERECHO Y AFINES;UNIVERSITARIA;MATRICULADOS;5582;4547;8018;7087;10974;10352;14997;13251;17770;16419;20478;17674;21268;19335;23585;22489;24809;23561;27401;27864;30102;31368;34247;35061;37610;38004;40713;40332;43578;45378;46833;47960;51010;52319;56686;56628;60414;59904;61775;61352;58559;55811;51794;48131;43627;37821;36296;31516;26896;22554;19446;16550;13612;12627
Hombre;DERECHO Y AFINES;TECNOLOGICA;MATRICULADOS;115;225;369;505;703;843;1017;946;899;829;815;808;856;787;1002;1010;1002;960;1156;950;937;794;782;743;705;767;1404;1479;1597;1917;2226;2336;1844;1864;1783;1596;1779;1904;1770;1631;1322;1161;1111;978;695;757;756;652;433;591;421;413;250;231
Hombre;DERECHO Y AFINES;FORMACION TECNICA PROFESIONAL;MATRICULADOS;;;;;7;18;25;25;29;11;9;21;17;17;21;16;;;42;38;15;41;58;85;123;87;175;175;148;119;151;118;148;79;175;139;167;135;139;146;128;120;101;164;107;128;108;138;171;127;67;107;62;71
Hombre;FORMACION RELACIONADA CON EL CAMPO MILITAR O POLICIAL;UNIVERSITARIA;MATRICULADOS;146;137;226;223;293;271;360;348;372;338;354;343;366;349;343;323;646;766;1328;1401;1879;1996;1941;2066;1864;1818;1677;1630;1499;1445;1555;1603;1611;1444;1548;1462;1605;1358;1228;1141;989;952;888;840;567;474;429;309;170;120;88;58;46;21
Hombre;FORMACION RELACIONADA CON EL CAMPO MILITAR O POLICIAL;TECNOLOGICA;MATRICULADOS;95;95;119;96;114;108;134;126;154;151;142;142;114;107;105;100;187;270;1112;1876;2768;3538;3527;3513;3061;2716;2642;2376;2221;1932;1483;964;768;1145;1425;1714;1719;1608;1622;1521;1250;1068;961;875;704;552;445;311;277;187;166;104;67;30
Hombre;FORMACION RELACIONADA CON EL CAMPO MILITAR O POLICIAL;FORMACION TECNICA PROFESIONAL;MATRICULADOS;;;;;;;;;;;;;;;1;1;;;4210;5063;5406;6037;6051;5179;7790;5411;4697;5277;2588;5065;3401;4306;3647;5543;1446;3;2076;2091;1571;1562;1572;1570;1987;2067;1838;706;1866;1544;1154;833;953;592;362;677
Hombre;"GEOGRAFIA, HISTORIA";UNIVERSITARIA;MATRICULADOS;107;142;238;310;421;449;618;691;782;844;916;1015;1107;1098;1194;1125;1275;1340;1412;1354;1403;1448;1501;1504;1616;1605;1649;1739;1858;1873;1944;1889;1986;2010;2098;1925;2253;2195;2247;2158;2114;1973;1850;1650;1244;1222;1353;1076;1153;1011;868;757;595;521
Hombre;"GEOGRAFIA, HISTORIA";TECNOLOGICA;MATRICULADOS;3;;;;;;;11;26;33;43;42;47;37;34;5;36;32;32;37;44;47;51;46;50;48;53;51;56;66;72;81;74;77;81;72;73;62;51;52;43;38;19;19;18;19;10;14;7;3;2;;;
Hombre;"LENGUAS MODERNAS, LITERATURA, LINGUISTICA Y AFINES";UNIVERSITARIA;MATRICULADOS;114;191;275;339;370;469;539;583;664;739;762;825;836;911;929;941;974;995;1028;1055;1139;1151;1198;1195;1254;1145;1386;1518;1588;1561;1654;1712;1903;2093;2642;3043;3436;3443;3865;3939;3839;3614;3427;3089;2752;2343;2213;1913;1792;1536;1313;1103;868;753
Hombre;"LENGUAS MODERNAS, LITERATURA, LINGUISTICA Y AFINES";TECNOLOGICA;MATRICULADOS;;;;;;;;;;;;;;;;;;;;;;;;;;;;;;;5;5;5;5;4;4;2;3;;4;3;3;2;2;;2;1;1;;;;;;
Hombre;"LENGUAS MODERNAS, LITERATURA, LINGUISTICA Y AFINES";FORMACION TECNICA PROFESIONAL;MATRICULADOS;6;3;48;5;25;4;20;35;45;46;26;22;8;7;18;21;43;30;34;24;31;40;64;77;100;129;132;151;195;192;226;248;340;264;248;198;176;3;;;;;;;;;;;;;;;;
Hombre;PSICOLOGIA;UNIVERSITARIA;MATRICULADOS;874;1267;1521;1872;2506;2807;3164;3054;3926;4407;4906;5117;5386;5340;5550;5609;6119;6212;6547;7135;7296;7552;8243;8422;8911;9089;9915;10268;11819;12266;13319;14441;18933;21403;28439;30585;34329;35374;40719;41935;43439;41832;40200;37222;33517;29210;28095;24735;21546;18251;15573;13009;10757;9701
Hombre;PSICOLOGIA;FORMACION TECNICA PROFESIONAL;MATRICULADOS;;;;;;;;;;;;;;;;;;;;;1;1;2;3;2;3;1;;;;;;7;5;4;4;1;;;;;;;;;;;;;;;;;
Hombre;"FILOSOFIA, TEOLOGIA Y AFINES";UNIVERSITARIA;MATRICULADOS;343;353;556;544;683;690;1008;1063;1176;1188;1367;1432;1699;1755;1913;1897;1958;1940;2175;2195;2390;2248;2263;2245;2327;2371;2524;2516;2618;2584;2678;2661;2726;2657;2605;2586;2671;2611;2656;2366;2377;2278;2148;2014;1823;1657;1826;1607;1607;1532;1342;1371;1035;1025
Hombre;"SOCIOLOGIA, TRABAJO SOCIAL Y AFINES";UNIVERSITARIA;MATRICULADOS;71;166;254;286;422;466;686;720;803;914;931;1081;1151;1266;1477;1407;1691;1722;1777;1941;2131;2337;2423;2457;2586;2783;2684;3036;3160;3330;3342;3716;4995;6041;7949;8646;9967;10507;12116;13185;13398;13070;12884;12391;11408;9269;10055;8994;8264;7148;6206;5366;4387;4025
Hombre;"SOCIOLOGIA, TRABAJO SOCIAL Y AFINES";TECNOLOGICA;MATRICULADOS;8;15;15;21;24;27;23;27;29;24;35;30;33;30;42;42;41;31;30;42;50;39;41;33;39;30;37;39;40;33;51;80;110;209;288;365;417;442;508;451;406;367;365;384;371;331;296;290;205;171;123;120;87;106
Hombre;"SOCIOLOGIA, TRABAJO SOCIAL Y AFINES";FORMACION TECNICA PROFESIONAL;MATRICULADOS;2;;;;8;12;23;16;34;44;89;92;134;160;165;327;320;298;301;276;245;217;210;220;215;206;159;141;158;122;159;147;312;309;385;397;484;393;434;394;521;452;356;382;300;178;298;204;177;135;197;179;77;66
Hombre;ECONOMIA;UNIVERSITARIA;MATRICULADOS;2322;2523;3322;3393;4392;4857;5402;5564;6145;6620;6983;7335;7610;7816;8114;8130;8461;8622;9879;10302;11255;11597;12404;12739;13399;13340;13952;14131;14698;14700;14910;14859;15485;15236;15789;15944;16745;16497;16445;16169;15079;14052;12780;11545;10112;8657;8171;6652;5720;4681;4088;3282;2663;2371
Hombre;ECONOMIA;TECNOLOGICA;MATRICULADOS;14;21;65;96;120;142;198;248;252;257;247;275;351;375;286;435;510;533;680;735;759;797;860;841;916;894;1923;2888;3580;5233;5768;8481;8744;11187;13249;13502;12516;10843;9904;10342;7463;8269;5325;5537;2779;3057;1854;2093;1426;1583;840;1006;608;691
Hombre;ECONOMIA;FORMACION TECNICA PROFESIONAL;MATRICULADOS;24;40;67;82;99;116;101;97;130;121;173;213;189;226;217;275;341;352;543;541;710;493;790;714;859;850;1079;795;1068;961;1493;1314;1739;1489;1602;1555;1736;1488;1515;1363;1171;977;921;809;759;699;717;552;484;391;320;295;210;303
Hombre;CONTADURIA PUBLICA;UNIVERSITARIA;MATRICULADOS;3652;4438;5458;5788;6812;7741;8333;8652;9783;10465;10971;11535;11901;11968;12488;12567;13057;13086;13976;14648;16917;17543;19594;20445;22611;22996;23867;24315;26517;27215;27649;27804;29189;29550;32179;32924;36798;38737;40452;40047;38427;36515;35859;33578;31769;27346;27380;24556;23195;20574;19018;16809;13370;12628
Hombre;CONTADURIA PUBLICA;TECNOLOGICA;MATRICULADOS;572;640;642;668;743;767;874;924;933;951;1011;1004;1011;1091;1200;1253;1401;1342;1392;1310;1698;1853;2494;2710;3336;3330;5660;6120;7967;9780;11026;14195;14531;16873;19521;20610;19012;21540;19885;19702;14024;14323;9597;8613;4796;4622;3433;3351;2672;2663;1893;1842;1188;1314
Hombre;CONTADURIA PUBLICA;FORMACION TECNICA PROFESIONAL;MATRICULADOS;72;123;131;178;206;206;187;186;179;147;169;177;183;157;243;289;283;301;685;698;1122;990;1030;1409;1678;1547;1684;1284;1628;1865;2364;2714;3606;3475;3976;3669;3056;3225;3021;2500;2556;2200;1996;1879;1224;1115;1302;1291;1404;1266;1278;1279;779;1098
Hombre;ARQUITECTURA;UNIVERSITARIA;MATRICULADOS;2039;2390;3242;3582;4303;4724;5223;5328;6021;6368;6444;6720;6790;6716;6685;6568;6678;6532;6980;7067;7399;7631;8094;8354;8922;9259;10175;10510;11547;11772;12433;12556;13080;13390;14304;14195;15209;15327;15117;14601;13614;12740;11780;10791;9134;8305;7536;6212;5338;4313;3541;2906;2288;1927
Hombre;ARQUITECTURA;TECNOLOGICA;MATRICULADOS;113;143;204;230;317;376;428;385;442;457;509;483;482;485;510;525;498;471;512;473;538;552;591;628;607;638;667;650;632;999;1333;2092;2489;2696;3269;3236;3045;3347;3116;3145;2473;2727;2165;2108;1098;1069;651;616;363;290;240;208;155;138
Hombre;ARQUITECTURA;FORMACION TECNICA PROFESIONAL;MATRICULADOS;123;98;96;73;73;73;71;59;50;50;49;50;46;42;50;54;49;57;84;86;122;133;142;135;121;144;189;196;212;226;243;235;220;484;358;336;235;215;227;205;182;160;117;84;61;39;46;31;34;29;18;17;12;9
Hombre;INGENIERIA BIOMEDICA Y AFINES;UNIVERSITARIA;MATRICULADOS;47;87;147;171;209;243;288;258;368;419;454;517;567;558;612;455;625;616;687;707;767;791;867;929;958;785;1138;1211;1460;1608;1683;1762;1935;2078;2377;2470;2768;2743;3019;2952;2749;2570;2378;2152;1928;1561;1598;1352;1053;711;688;552;435;353
Hombre;INGENIERIA BIOMEDICA Y AFINES;TECNOLOGICA;MATRICULADOS;;;;;;148;269;327;365;347;354;369;401;351;337;228;248;205;206;174;192;184;199;227;221;254;280;360;391;458;451;461;418;425;434;452;437;407;438;434;418;405;353;290;237;213;210;189;154;123;106;72;55;55
Hombre;INGENIERIA BIOMEDICA Y AFINES;FORMACION TECNICA PROFESIONAL;MATRICULADOS;16;36;48;55;55;88;84;87;96;101;112;114;70;77;107;93;125;126;148;124;139;138;157;173;182;166;187;145;123;78;54;24;;;;;;;;;;;;;;;;;;;;;;
Hombre;"INGENIERIA AMBIENTAL, SANITARIA Y AFINES";UNIVERSITARIA;MATRICULADOS;899;1022;1617;1777;2338;2599;2974;2822;3096;3148;3438;3362;3256;3560;3372;3158;3295;3263;3723;3983;4373;4844;5607;6146;6287;6278;8003;8469;9793;10176;11977;12614;14253;15140;16907;16806;18032;17905;18418;17709;16738;15527;14268;12962;11202;9664;9371;8150;6773;5228;4629;3705;2930;2517
Hombre;"INGENIERIA AMBIENTAL, SANITARIA Y AFINES";TECNOLOGICA;MATRICULADOS;73;95;98;140;191;207;312;379;491;584;599;621;725;739;816;840;858;826;1068;1096;1269;1355;1353;1482;1902;2106;4040;4240;6332;7601;9132;11604;12325;13148;15701;16380;14884;16058;14637;15090;10372;11075;8094;8097;3849;3811;2147;2219;1217;1245;805;774;500;526
Hombre;"INGENIERIA AMBIENTAL, SANITARIA Y AFINES";FORMACION TECNICA PROFESIONAL;MATRICULADOS;28;52;48;62;51;54;53;28;30;30;21;22;12;23;42;43;49;55;101;104;130;148;262;297;422;414;497;377;378;235;258;241;216;227;408;436;641;617;496;438;351;348;318;310;303;215;192;129;113;109;73;67;41;45
Hombre;INGENIERIA ADMNISTRATIVA Y AFINES;UNIVERSITARIA;MATRICULADOS;411;610;802;1024;1555;1637;1898;1726;1858;1911;2060;1996;2043;1872;1846;1756;1689;1661;1775;1733;1779;1724;1864;1788;1818;1834;1925;1884;1954;1894;1944;1893;1934;1882;2059;2040;2204;2217;2169;2182;2035;1947;1782;1593;1274;1241;1098;856;669;590;454;379;308;250
Hombre;INGENIERIA ADMNISTRATIVA Y AFINES;TECNOLOGICA;MATRICULADOS;9;6;12;3;1;1;80;5;3;1;;;;1;1;;;;;1;10;78;314;181;396;214;96;139;252;148;32;39;79;;;;;;;;;;;;;;;;;;;;;
Hombre;INGENIERIA ADMNISTRATIVA Y AFINES;FORMACION TECNICA PROFESIONAL;MATRICULADOS;;;;;;;;;;;;;;;;;;;;;;;;;;;;;;;;;;;;;49;114;106;74;71;27;17;14;15;11;10;6;4;1;;;;
Hombre;"INGENIERIA AGRICOLA, FORESTAL Y AFINES";UNIVERSITARIA;MATRICULADOS;138;188;339;403;492;567;625;739;799;907;896;1058;1191;1263;1345;1333;1419;1451;1736;1861;1975;2245;2460;2552;2695;2619;2829;2752;2857;3013;3020;2913;2706;2642;2681;2620;2679;2635;2624;2600;2410;2314;2118;1925;1468;1725;1795;1634;1539;1497;1409;1327;1134;1095
Hombre;"INGENIERIA AGRICOLA, FORESTAL Y AFINES";TECNOLOGICA;MATRICULADOS;;;;;;;24;20;30;56;71;81;102;122;124;117;135;160;187;227;235;215;333;236;331;281;484;510;598;562;714;733;782;718;848;735;692;768;742;689;500;556;371;397;226;223;204;205;202;164;140;124;79;98
Hombre;"INGENIERIA AGRICOLA, FORESTAL Y AFINES";FORMACION TECNICA PROFESIONAL;MATRICULADOS;8;10;10;8;11;3;3;;3;;;;;;;;;;;;;;;;;11;18;12;20;13;26;20;20;15;13;9;27;27;52;44;18;25;7;7;9;3;3;3;3;2;;;;
Hombre;"INGENIERIA AGROINDUSTRIAL, ALIMENTOS Y AFINES";UNIVERSITARIA;MATRICULADOS;587;773;984;1113;1299;1449;1528;1511;1729;1784;2011;2039;2202;2292;2189;2425;2531;2598;2853;3069;3079;3207;3268;3389;3520;3559;3525;3722;4020;3948;3991;4050;4171;4080;4284;3971;4682;4407;4484;4413;4415;4213;3931;3677;3467;2911;3454;3041;2995;2699;2429;2093;1761;1663
Hombre;"INGENIERIA AGROINDUSTRIAL, ALIMENTOS Y AFINES";TECNOLOGICA;MATRICULADOS;58;102;126;155;199;236;277;308;414;459;497;543;570;633;399;287;303;266;328;330;274;306;326;293;304;269;326;336;322;250;234;271;276;237;256;352;575;737;786;928;839;1017;870;1090;1058;1452;1240;1434;1075;1118;509;553;266;341
Hombre;"INGENIERIA AGROINDUSTRIAL, ALIMENTOS Y AFINES";FORMACION TECNICA PROFESIONAL;MATRICULADOS;;;;;;;;;;;;21;16;18;26;30;31;33;40;37;29;39;80;100;161;139;58;47;21;10;20;21;102;109;161;142;94;88;62;95;154;154;202;196;97;117;128;146;145;140;146;140;57;99
Hombre;"INGENIERIA AGRONOMICA, PECUARIA Y AFINES";UNIVERSITARIA;MATRICULADOS;756;811;1076;1253;1385;1720;1924;1937;2168;2320;2485;2691;2749;2884;2969;2742;2942;3080;3313;3235;3117;3290;3339;3428;3467;3557;3663;3728;3808;3723;3903;4071;4027;4041;4004;3962;4073;4099;4037;4042;3758;3452;3250;3096;2693;2711;2673;2381;2068;1830;1576;1246;1064;950
Hombre;"INGENIERIA AGRONOMICA, PECUARIA Y AFINES";TECNOLOGICA;MATRICULADOS;;;;;;;;;;;;;;;;;;;;;;;1;2;3;15;137;97;131;196;404;551;578;536;617;555;553;540;430;427;317;326;256;432;494;517;496;540;380;453;160;219;119;159
Hombre;"INGENIERIA AGRONOMICA, PECUARIA Y AFINES";FORMACION TECNICA PROFESIONAL;MATRICULADOS;;;;;;;;;;;;;;;1;;30;23;27;11;6;30;76;128;155;130;238;222;265;395;323;101;107;3;2;3;3;;15;22;28;31;36;28;38;55;47;43;35;29;22;24;18;22
Hombre;INGENIERIA CIVIL Y AFINES;UNIVERSITARIA;MATRICULADOS;2707;3476;4698;5338;6362;7332;8222;8360;9141;9675;10537;10651;11068;11031;10881;10486;10776;10803;12640;12831;13955;14819;16368;16780;18332;18667;20672;21572;23847;24482;26441;26936;27351;27236;28275;27864;31144;30887;30205;29013;26541;24408;22669;21027;18357;16413;15725;13693;11542;9615;8223;6887;5689;4956
Hombre;INGENIERIA CIVIL Y AFINES;TECNOLOGICA;MATRICULADOS;553;619;773;862;739;989;1091;1113;1096;1112;1320;973;945;902;776;807;835;782;1209;1248;1542;1569;1794;2058;2366;2566;3974;4792;6250;7111;8091;8004;8258;8339;8603;8749;8545;9975;8865;9463;7620;8006;5841;5562;3397;3339;2219;1941;1462;1272;1045;872;681;640
Hombre;INGENIERIA CIVIL Y AFINES;FORMACION TECNICA PROFESIONAL;MATRICULADOS;4;20;1;4;;;;;;;;;;;;;;;;;6;49;82;82;120;103;108;105;120;114;263;244;234;213;287;317;515;492;514;438;323;252;171;151;122;106;115;127;105;94;76;61;45;41
Hombre;"INGENIERIA DE MINAS, METALURGIA Y AFINES";UNIVERSITARIA;MATRICULADOS;248;319;572;685;713;1129;1331;1370;1793;1971;2181;2395;2303;2742;2780;2828;2955;3184;3308;3406;3569;3663;3877;3913;4166;4060;4647;4537;4757;4700;4921;4842;4656;4545;4386;4149;4153;3887;3562;3355;2970;2617;2253;2038;1425;1455;1435;1210;986;767;732;558;451;356
Hombre;"INGENIERIA DE MINAS, METALURGIA Y AFINES";TECNOLOGICA;MATRICULADOS;;;;;;;;;;;;;;;;;;;;;;;;;8;18;303;393;640;777;986;1554;1555;1956;2150;1956;1701;1770;1496;1360;1060;1080;790;815;469;593;379;463;291;333;187;199;99;88
Hombre;"INGENIERIA DE MINAS, METALURGIA Y AFINES";FORMACION TECNICA PROFESIONAL;MATRICULADOS;;;;;;;;;;;;;;;32;54;107;121;153;185;211;220;218;247;273;287;283;293;332;410;396;297;7;303;209;160;134;102;102;84;80;66;55;45;33;25;37;18;17;8;4;6;3;7
Hombre;"INGENIERIA DE SISTEMAS, TELEMATICA Y AFINES";UNIVERSITARIA;MATRICULADOS;4117;4767;6932;7827;10404;11521;13957;14196;17094;17521;19779;19980;20676;20638;21140;20076;21387;20906;24294;24516;25940;25429;27464;26980;29343;28719;31648;31469;32580;32703;34803;33672;32399;31174;30632;29481;33139;33239;31402;29522;28128;26124;25406;24341;23058;21879;21727;19981;18929;17423;16693;15341;12326;12161
Hombre;"INGENIERIA DE SISTEMAS, TELEMATICA Y AFINES";TECNOLOGICA;MATRICULADOS;1816;2665;3198;3720;4831;5325;7135;6863;8122;8283;9094;8997;9487;9636;8467;7472;7815;7206;8818;9547;11281;11835;13466;13159;14194;13816;17463;19330;21088;25596;30246;34858;34351;34701;36949;34915;33043;34658;31185;34107;27566;31505;22491;24529;18051;21435;22124;25332;18601;18485;9227;9275;2783;3117
Hombre;"INGENIERIA DE SISTEMAS, TELEMATICA Y AFINES";FORMACION TECNICA PROFESIONAL;MATRICULADOS;158;244;576;453;764;883;1029;1169;1344;1145;1239;1281;1160;916;1412;1416;1808;1327;3607;3244;4200;3996;4080;4557;5154;4635;4989;4127;4297;3195;4632;4134;4016;3728;3833;3770;3971;4022;3482;3219;3071;2578;2543;2528;1756;1653;1782;2117;2172;2113;2144;2500;1309;1731
Hombre;INGENIERIA ELECTRICA Y AFINES;UNIVERSITARIA;MATRICULADOS;615;696;1116;1273;1568;1804;2205;2082;2684;2519;3049;3318;3228;3763;3780;3695;3778;3898;4516;4599;5036;5140;5369;5549;5797;5517;6268;6388;7071;7158;7430;7658;7571;7388;7259;6846;7289;7150;6569;6272;5753;5329;4700;4217;3600;3435;3288;3000;2558;2191;2050;1811;1440;1395
Hombre;INGENIERIA ELECTRICA Y AFINES;TECNOLOGICA;MATRICULADOS;110;292;476;700;871;1047;1206;1322;1369;940;1328;1288;1344;1310;1251;1276;1341;1525;1708;1732;1956;1980;2163;2228;2503;2536;3946;5239;5666;7064;7927;8856;8491;8322;7886;7514;6196;6982;5957;6446;5288;5903;4268;4838;3579;4067;3019;3248;2452;2785;1962;2129;1400;1648
Hombre;INGENIERIA ELECTRICA Y AFINES;FORMACION TECNICA PROFESIONAL;MATRICULADOS;;;;;;;;;;;20;21;25;25;25;10;4;2;8;1;6;13;30;47;108;104;192;169;296;256;489;543;477;506;561;505;553;438;413;360;252;196;196;158;111;163;157;135;90;44;42;49;32;49
Hombre;"INGENIERIA ELECTRONICA, TELECOMUNICACIONES Y AFINES";UNIVERSITARIA;MATRICULADOS;2599;3481;5188;5841;7795;8685;10475;10236;12223;12984;14982;15310;15919;16309;16435;15755;16723;16362;18573;18580;19370;18904;19803;19553;20123;18988;20794;20392;20821;20284;20713;20421;19465;18537;17974;16953;18359;17483;16568;15243;14594;13424;12817;11810;11048;9930;10022;9382;8760;7700;7455;6476;5346;5501
Hombre;"INGENIERIA ELECTRONICA, TELECOMUNICACIONES Y AFINES";TECNOLOGICA;MATRICULADOS;517;1180;1575;2376;3374;3842;5153;5436;6256;6431;7579;7008;7267;6964;7459;6559;6990;6735;7733;7667;8843;9114;10327;9869;11063;10903;14095;12359;15930;14133;14701;13177;11973;11063;10831;9632;9771;8703;7790;7048;5950;5517;4974;5285;4639;4750;4243;4730;3612;3618;2582;2544;1552;1705
Hombre;"INGENIERIA ELECTRONICA, TELECOMUNICACIONES Y AFINES";FORMACION TECNICA PROFESIONAL;MATRICULADOS;22;36;128;173;195;344;411;314;505;491;616;629;457;493;663;558;741;636;1268;1209;1461;1359;1930;1917;2280;1831;2103;1627;1922;1585;1762;1581;1492;1170;1184;1098;1272;984;887;740;756;615;578;488;337;283;276;295;245;222;203;204;121;184
Hombre;INGENIERIA INDUSTRIAL Y AFINES;UNIVERSITARIA;MATRICULADOS;3631;4562;5995;6610;7942;8756;10058;10407;12002;12764;13736;14408;14823;15210;15495;15465;16439;16886;19230;20244;22368;23340;26021;26387;28751;29299;32513;33074;36120;36921;37828;37900;37834;37108;38066;38146;40972;38791;38873;37168;35549;33781;32056;29784;27525;25270;24221;22058;20031;17780;16919;14843;12082;11647
Hombre;INGENIERIA INDUSTRIAL Y AFINES;TECNOLOGICA;MATRICULADOS;693;869;1044;1151;1227;1319;1444;1453;1397;1376;1588;1673;1816;1955;2074;2154;2546;2889;3746;4003;5010;5225;6623;6879;7345;7469;8323;8969;10316;11320;12698;13549;13619;13555;14339;14161;14098;14486;13717;13427;11883;11526;10293;9772;8141;7470;6651;6397;5420;5085;4213;3824;2689;2697
Hombre;INGENIERIA INDUSTRIAL Y AFINES;FORMACION TECNICA PROFESIONAL;MATRICULADOS;7;4;1;3;7;;3;5;6;1;9;10;18;21;26;43;59;59;424;346;510;400;789;1102;1299;1181;1465;1281;1486;1492;1655;1760;1916;1835;2129;1991;2204;1597;1606;1235;1122;848;789;662;592;442;432;332;281;233;192;150;107;145
Hombre;INGENIERIA INDUSTRIAL Y AFINES;ESPECIALIZACION;MATRICULADOS;;;;;;;;;;;;;;;;;;;;;34;;26;;34;;19;;103;;;;;;;;;;;;;;;;;;;;;;;;;
Hombre;INGENIERIA MECANICA Y AFINES;UNIVERSITARIA;MATRICULADOS;1856;2176;3057;3363;4264;4758;5877;5825;7491;7571;8752;9179;9616;10187;10333;10115;10636;10242;11894;11910;12835;12830;13477;13376;14454;14224;16088;16209;17321;17376;18914;18850;18292;17328;16591;15753;17633;16920;15904;14812;13391;12044;11005;10088;9010;7966;7545;6371;5700;4712;4191;3551;2777;2694
Hombre;INGENIERIA MECANICA Y AFINES;TECNOLOGICA;MATRICULADOS;261;423;561;580;727;891;1125;1218;1417;1086;1855;1571;1608;1591;1604;1340;1513;1945;2664;2894;3448;3660;3694;4080;4882;5149;7448;10729;11853;16800;18689;21437;20282;19965;19061;18626;15620;17942;15429;16226;11840;12331;8477;8965;5763;6486;4981;5485;3877;4236;2615;2832;1815;2067
Hombre;INGENIERIA MECANICA Y AFINES;FORMACION TECNICA PROFESIONAL;MATRICULADOS;136;189;394;397;483;608;796;725;957;991;1199;1213;1033;1259;1495;1128;1506;1375;2791;2807;3452;2676;3318;3926;4419;4046;3983;3344;3697;2588;2572;1928;1911;1480;1475;1191;1699;1394;1308;1099;1161;970;956;804;840;739;701;650;578;511;458;393;301;291
Hombre;INGENIERIA QUIMICA Y AFINES;UNIVERSITARIA;MATRICULADOS;427;373;688;813;1168;1340;1625;1589;2030;2147;2180;2558;2420;2823;2936;2936;3045;3085;3262;3235;3288;3292;3433;3386;3600;3377;3952;4023;4225;4206;4415;4461;4708;4853;5210;5199;5530;5501;5588;5561;5123;4819;4390;4003;3455;3100;3033;2266;2248;1820;1764;1629;1272;1434
Hombre;INGENIERIA QUIMICA Y AFINES;TECNOLOGICA;MATRICULADOS;39;64;75;184;116;128;184;223;247;156;289;298;347;330;322;304;320;263;307;334;392;383;362;346;423;362;692;760;982;1162;1272;1438;1385;1341;1296;1314;1106;1307;1228;1284;912;1066;873;1068;863;1171;1056;1144;1094;1422;1275;1241;910;1233
Hombre;INGENIERIA QUIMICA Y AFINES;FORMACION TECNICA PROFESIONAL;MATRICULADOS;2;2;7;8;8;22;7;5;34;35;44;42;37;32;41;32;32;23;31;33;39;36;40;37;38;41;84;99;145;157;198;212;173;160;128;127;143;78;90;74;62;47;33;21;40;330;412;619;970;1017;1108;1195;701;1032
Hombre;OTRAS INGENIERIAS;UNIVERSITARIA;MATRICULADOS;318;341;416;532;556;963;884;909;749;787;1002;1027;1132;1233;1092;1084;1093;1203;1275;1205;1237;1229;1274;1226;1386;1385;1578;1647;1780;1832;1969;2069;2158;2254;2538;2646;3024;3096;3058;2924;2720;2517;2338;2222;1903;1728;1655;1520;1331;1183;1008;821;697;657
Hombre;OTRAS INGENIERIAS;TECNOLOGICA;MATRICULADOS;128;238;307;368;546;567;678;663;580;581;620;616;695;695;672;601;658;656;549;461;742;769;989;1023;1092;1177;1530;2652;1550;2233;2349;2239;2253;2324;2384;2260;2066;2081;1922;1982;1704;1855;1592;1419;836;707;293;255;143;106;89;71;58;49
Hombre;OTRAS INGENIERIAS;FORMACION TECNICA PROFESIONAL;MATRICULADOS;;;;;;;;;;;;;;;;;;;;;;;;;;;1;1;;11;30;55;71;49;76;50;59;185;133;106;96;16;10;6;15;13;27;25;26;16;17;9;4;4
Hombre;"BIOLOGIA, MICROBIOLOGIA Y AFINES";UNIVERSITARIA;MATRICULADOS;339;473;711;915;1099;1338;1617;1714;1966;2198;2238;2700;2982;3076;3131;3458;3606;3536;3801;3871;3919;3920;3984;3982;4050;3835;4266;4293;4481;4447;4671;4704;5170;5193;5816;6068;6366;6141;6512;6453;6185;5799;5493;4837;4387;3723;3945;3040;3052;2583;2213;1836;1513;1308
Hombre;"BIOLOGIA, MICROBIOLOGIA Y AFINES";TECNOLOGICA;MATRICULADOS;3;30;22;44;30;57;68;69;100;91;117;141;158;247;287;285;325;331;363;368;391;424;578;532;746;664;775;652;733;565;550;484;591;580;556;513;622;638;664;628;652;684;692;670;632;683;655;642;598;483;399;314;219;263
Hombre;"BIOLOGIA, MICROBIOLOGIA Y AFINES";FORMACION TECNICA PROFESIONAL;MATRICULADOS;8;15;9;7;10;2;9;4;4;7;12;6;17;13;28;37;66;54;69;51;25;18;8;14;105;88;75;78;39;41;27;10;1;;10;9;17;21;13;11;5;;2;1;2;3;;;;;;;;
Hombre;FISICA;UNIVERSITARIA;MATRICULADOS;143;148;232;328;405;521;605;667;737;854;862;945;961;997;803;1003;1031;1074;1129;1129;1110;1080;1016;1132;1175;1062;1381;1381;1410;1369;1423;1443;1428;1342;1352;1382;1527;1467;1391;1396;1255;1192;1030;741;850;843;806;673;619;419;484;428;341;289
Hombre;FISICA;TECNOLOGICA;MATRICULADOS;;;;;;;;;;;;;;;;;;;;;;;;;;;;;;;;;;5;10;24;21;16;17;16;13;9;2;3;3;6;4;;7;9;1;1;1;2
Hombre;FISICA;FORMACION TECNICA PROFESIONAL;MATRICULADOS;;;;;;;;;;;;;;;;;;;;;;;;;;;;;;23;54;80;87;95;89;71;69;51;47;27;21;16;13;10;6;4;7;;5;4;5;3;3;1
Hombre;"GEOLOGIA, OTROS PROGRAMAS DE CIENCIAS NATURALES";UNIVERSITARIA;MATRICULADOS;29;33;63;69;106;113;166;197;236;284;326;372;398;405;407;389;438;446;503;521;526;540;574;608;660;708;797;828;929;995;1121;1156;1165;1150;1214;1229;1332;1265;1288;1257;1178;1109;939;871;762;515;636;561;455;413;320;264;199;168
Hombre;"GEOLOGIA, OTROS PROGRAMAS DE CIENCIAS NATURALES";TECNOLOGICA;MATRICULADOS;;;;;;38;30;23;8;10;13;27;25;15;16;32;23;15;12;13;33;23;20;16;38;63;324;525;840;1069;1385;1773;1983;2340;2512;2709;2276;2839;2506;2664;1794;2173;1354;1330;523;477;114;110;34;34;24;25;20;16
Hombre;"GEOLOGIA, OTROS PROGRAMAS DE CIENCIAS NATURALES";FORMACION TECNICA PROFESIONAL;MATRICULADOS;;;;;;;;;;;;;;;;;;;;;;;;;;;;;;;;;;5;20;21;23;29;23;24;17;10;15;10;11;10;11;5;7;3;;;;
Hombre;"MATEMATICAS, ESTADISTICA Y AFINES";UNIVERSITARIA;MATRICULADOS;156;208;318;518;734;845;955;998;1028;1116;1217;1411;1424;1560;1423;1553;1645;1719;1918;1890;1924;1970;1988;2103;2273;2119;2414;2387;2537;2462;2506;2387;2455;2412;2467;2393;2623;2490;2444;2373;2202;2057;1933;1597;1375;1534;1511;1261;1205;974;910;757;632;602
Hombre;"MATEMATICAS, ESTADISTICA Y AFINES";TECNOLOGICA;MATRICULADOS;4;;;;13;10;6;6;5;3;;9;8;8;8;8;8;1;;;1;;;;;;;;;;;;;;;;;;;;;;;;;;;;;;;;;
Hombre;QUIMICA Y AFINES;UNIVERSITARIA;MATRICULADOS;127;218;330;486;639;835;901;1076;1154;1327;1394;1589;1684;1836;1451;1985;2063;2093;2290;2285;2365;2375;2302;2379;2525;2415;2390;2710;2803;2790;2968;2982;2818;2912;3267;3046;3247;3201;3405;3508;3339;3291;3096;2756;2535;2304;2485;2114;2105;1853;1678;1410;1138;1019
Hombre;QUIMICA Y AFINES;TECNOLOGICA;MATRICULADOS;;;6;59;58;111;107;150;142;160;152;184;190;222;144;227;246;268;126;160;189;210;250;286;309;281;428;573;747;874;1021;1232;1276;1566;1748;1718;1626;1899;1669;1807;1435;1434;1054;1067;796;799;652;755;602;602;462;469;339;365
