lag4,lag3,lag2,lag1,semestre,CARACTER,ORIGEN,DEPARTAMENTO,MUNICIPIO
0.0,0.0,2.48,4.99,1,Universidad,Oficial,bogota d c,bogota dc
0.0,2.48,4.99,4.72,2,Universidad,Oficial,bogota d c,bogota dc
2.48,4.99,4.72,4.79,1,Universidad,Oficial,bogota d c,bogota dc
4.99,4.72,4.79,5.52,2,Universidad,Oficial,bogota d c,bogota dc
4.72,4.79,5.52,4.55,1,Universidad,Oficial,bogota d c,bogota dc
4.79,5.52,4.55,4.98,2,Universidad,Oficial,bogota d c,bogota dc
5.52,4.55,4.98,4.82,1,Universidad,Oficial,bogota d c,bogota dc
4.55,4.98,4.82,5.04,2,Universidad,Oficial,bogota d c,bogota dc
4.98,4.82,5.04,7.3,1,Universidad,Oficial,bogota d c,bogota dc
4.82,5.04,7.3,1.36,2,Universidad,Oficial,bogota d c,bogota dc
5.04,7.3,1.36,4.3,1,Universidad,Oficial,bogota d c,bogota dc
7.3,1.36,4.3,4.28,2,Universidad,Oficial,bogota d c,bogota dc
1.36,4.3,4.28,4.22,1,Universidad,Oficial,bogota d c,bogota dc
4.3,4.28,4.22,4.56,2,Universidad,Oficial,bogota d c,bogota dc
4.28,4.22,4.56,4.92,1,Universidad,Oficial,bogota d c,bogota dc
4.22,4.56,4.92,4.88,2,Universidad,Oficial,bogota d c,bogota dc
4.56,4.92,4.88,4.37,1,Universidad,Oficial,bogota d c,bogota dc
4.92,4.88,4.37,5.51,2,Universidad,Oficial,bogota d c,bogota dc
4.88,4.37,5.51,4.55,1,Universidad,Oficial,bogota d c,bogota dc
4.37,5.51,4.55,4.76,2,Universidad,Oficial,bogota d c,bogota dc
5.51,4.55,4.76,4.62,1,Universidad,Oficial,bogota d c,bogota dc
4.55,4.76,4.62,3.37,2,Universidad,Oficial,bogota d c,bogota dc
4.76,4.62,3.37,3.67,1,Universidad,Oficial,bogota d c,bogota dc
4.62,3.37,3.67,4.06,2,Universidad,Oficial,bogota d c,bogota dc
3.37,3.67,4.06,3.98,1,Universidad,Oficial,bogota d c,bogota dc
3.67,4.06,3.98,4.18,2,Universidad,Oficial,bogota d c,bogota dc
4.06,3.98,4.18,3.96,1,Universidad,Oficial,bogota d c,bogota dc
3.98,4.18,3.96,4.09,2,Universidad,Oficial,bogota d c,bogota dc
4.18,3.96,4.09,3.86,1,Universidad,Oficial,bogota d c,bogota dc
3.96,4.09,3.86,4.75,2,Universidad,Oficial,bogota d c,bogota dc
4.09,3.86,4.75,4.62,1,Universidad,Oficial,bogota d c,bogota dc
3.86,4.75,4.62,4.39,2,Universidad,Oficial,bogota d c,bogota dc
4.75,4.62,4.39,4.48,1,Universidad,Oficial,bogota d c,bogota dc
4.62,4.39,4.48,4.5,2,Universidad,Oficial,bogota d c,bogota dc
4.39,4.48,4.5,3.88,1,Universidad,Oficial,bogota d c,bogota dc
4.48,4.5,3.88,4.12,2,Universidad,Oficial,bogota d c,bogota dc
4.5,3.88,4.12,3.79,1,Universidad,Oficial,bogota d c,bogota dc
3.88,4.12,3.79,3.89,2,Universidad,Oficial,bogota d c,bogota dc
4.12,3.79,3.89,4.65,1,Universidad,Oficial,bogota d c,bogota dc
3.79,3.89,4.65,6.51,2,Universidad,Oficial,bogota d c,bogota dc
3.89,4.65,6.51,4.4,1,Universidad,Oficial,bogota d c,bogota dc
4.65,6.51,4.4,4.4,2,Universidad,Oficial,bogota d c,bogota dc
6.51,4.4,4.4,4.63,1,Universidad,Oficial,bogota d c,bogota dc
4.4,4.4,4.63,2.91,2,Universidad,Oficial,bogota d c,bogota dc
4.4,4.63,2.91,1.92,1,Universidad,Oficial,bogota d c,bogota dc
4.63,2.91,1.92,4.29,2,Universidad,Oficial,bogota d c,bogota dc
2.91,1.92,4.29,3.76,1,Universidad,Oficial,bogota d c,bogota dc
0.0,0.0,5.64,0.32,1,Universidad,Oficial,antioquia,medellin
0.0,5.64,0.32,7.85,2,Universidad,Oficial,antioquia,medellin
5.64,0.32,7.85,6.52,1,Universidad,Oficial,antioquia,medellin
0.32,7.85,6.52,7.47,2,Universidad,Oficial,antioquia,medellin
7.85,6.52,7.47,8.81,1,Universidad,Oficial,antioquia,medellin
6.52,7.47,8.81,9.62,2,Universidad,Oficial,antioquia,medellin
7.47,8.81,9.62,6.73,1,Universidad,Oficial,antioquia,medellin
8.81,9.62,6.73,7.02,2,Universidad,Oficial,antioquia,medellin
9.62,6.73,7.02,19.52,1,Universidad,Oficial,antioquia,medellin
6.73,7.02,19.52,1.28,2,Universidad,Oficial,antioquia,medellin
7.02,19.52,1.28,6.39,1,Universidad,Oficial,antioquia,medellin
19.52,1.28,6.39,6.73,2,Universidad,Oficial,antioquia,medellin
1.28,6.39,6.73,7.19,1,Universidad,Oficial,antioquia,medellin
6.39,6.73,7.19,9.71,2,Universidad,Oficial,antioquia,medellin
6.73,7.19,9.71,7.84,1,Universidad,Oficial,antioquia,medellin
7.19,9.71,7.84,7.83,2,Universidad,Oficial,antioquia,medellin
9.71,7.84,7.83,9.35,1,Universidad,Oficial,antioquia,medellin
7.84,7.83,9.35,8.98,2,Universidad,Oficial,antioquia,medellin
7.83,9.35,8.98,8.32,1,Universidad,Oficial,antioquia,medellin
9.35,8.98,8.32,8.51,2,Universidad,Oficial,antioquia,medellin
8.98,8.32,8.51,11.17,1,Universidad,Oficial,antioquia,medellin
8.32,8.51,11.17,8.37,2,Universidad,Oficial,antioquia,medellin
8.51,11.17,8.37,7.29,1,Universidad,Oficial,antioquia,medellin
11.17,8.37,7.29,9.06,2,Universidad,Oficial,antioquia,medellin
8.37,7.29,9.06,6.88,1,Universidad,Oficial,antioquia,medellin
7.29,9.06,6.88,7.25,2,Universidad,Oficial,antioquia,medellin
9.06,6.88,7.25,6.39,1,Universidad,Oficial,antioquia,medellin
6.88,7.25,6.39,7.64,2,Universidad,Oficial,antioquia,medellin
7.25,6.39,7.64,6.7,1,Universidad,Oficial,antioquia,medellin
6.39,7.64,6.7,6.85,2,Universidad,Oficial,antioquia,medellin
7.64,6.7,6.85,6.55,1,Universidad,Oficial,antioquia,medellin
6.7,6.85,6.55,6.5,2,Universidad,Oficial,antioquia,medellin
6.85,6.55,6.5,6.39,1,Universidad,Oficial,antioquia,medellin
6.55,6.5,6.39,5.19,2,Universidad,Oficial,antioquia,medellin
6.5,6.39,5.19,6.97,1,Universidad,Oficial,antioquia,medellin
6.39,5.19,6.97,7.12,2,Universidad,Oficial,antioquia,medellin
5.19,6.97,7.12,7.83,1,Universidad,Oficial,antioquia,medellin
6.97,7.12,7.83,7.85,2,Universidad,Oficial,antioquia,medellin
7.12,7.83,7.85,7.48,1,Universidad,Oficial,antioquia,medellin
7.83,7.85,7.48,7.39,2,Universidad,Oficial,antioquia,medellin
7.85,7.48,7.39,7.22,1,Universidad,Oficial,antioquia,medellin
7.48,7.39,7.22,63.86,2,Universidad,Oficial,antioquia,medellin
7.39,7.22,63.86,12.11,1,Universidad,Oficial,antioquia,medellin
7.22,63.86,12.11,1.06,2,Universidad,Oficial,antioquia,medellin
63.86,12.11,1.06,3.16,1,Universidad,Oficial,antioquia,medellin
12.11,1.06,3.16,7.42,2,Universidad,Oficial,antioquia,medellin
1.06,3.16,7.42,7.23,1,Universidad,Oficial,antioquia,medellin
0.0,0.0,2.51,3.28,1,Universidad,Oficial,caldas,manizales
0.0,2.51,3.28,3.22,2,Universidad,Oficial,caldas,manizales
2.51,3.28,3.22,4.44,1,Universidad,Oficial,caldas,manizales
3.28,3.22,4.44,5.02,2,Universidad,Oficial,caldas,manizales
3.22,4.44,5.02,5.04,1,Universidad,Oficial,caldas,manizales
4.44,5.02,5.04,5.63,2,Universidad,Oficial,caldas,manizales
5.02,5.04,5.63,4.39,1,Universidad,Oficial,caldas,manizales
5.04,5.63,4.39,5.93,2,Universidad,Oficial,caldas,manizales
5.63,4.39,5.93,10.67,1,Universidad,Oficial,caldas,manizales
4.39,5.93,10.67,1.19,2,Universidad,Oficial,caldas,manizales
5.93,10.67,1.19,4.98,1,Universidad,Oficial,caldas,manizales
10.67,1.19,4.98,5.94,2,Universidad,Oficial,caldas,manizales
1.19,4.98,5.94,4.32,1,Universidad,Oficial,caldas,manizales
4.98,5.94,4.32,4.84,2,Universidad,Oficial,caldas,manizales
5.94,4.32,4.84,9.88,1,Universidad,Oficial,caldas,manizales
4.32,4.84,9.88,5.72,2,Universidad,Oficial,caldas,manizales
4.84,9.88,5.72,9.42,1,Universidad,Oficial,caldas,manizales
9.88,5.72,9.42,4.45,2,Universidad,Oficial,caldas,manizales
5.72,9.42,4.45,5.05,1,Universidad,Oficial,caldas,manizales
9.42,4.45,5.05,9.41,2,Universidad,Oficial,caldas,manizales
4.45,5.05,9.41,5.29,1,Universidad,Oficial,caldas,manizales
5.05,9.41,5.29,3.62,2,Universidad,Oficial,caldas,manizales
9.41,5.29,3.62,4.67,1,Universidad,Oficial,caldas,manizales
5.29,3.62,4.67,5.34,2,Universidad,Oficial,caldas,manizales
3.62,4.67,5.34,4.77,1,Universidad,Oficial,caldas,manizales
4.67,5.34,4.77,5.05,2,Universidad,Oficial,caldas,manizales
5.34,4.77,5.05,4.89,1,Universidad,Oficial,caldas,manizales
4.77,5.05,4.89,4.37,2,Universidad,Oficial,caldas,manizales
5.05,4.89,4.37,5.13,1,Universidad,Oficial,caldas,manizales
4.89,4.37,5.13,5.39,2,Universidad,Oficial,caldas,manizales
4.37,5.13,5.39,5.59,1,Universidad,Oficial,caldas,manizales
5.13,5.39,5.59,4.3,2,Universidad,Oficial,caldas,manizales
5.39,5.59,4.3,4.56,1,Universidad,Oficial,caldas,manizales
5.59,4.3,4.56,4.7,2,Universidad,Oficial,caldas,manizales
4.3,4.56,4.7,4.22,1,Universidad,Oficial,caldas,manizales
4.56,4.7,4.22,5.21,2,Universidad,Oficial,caldas,manizales
4.7,4.22,5.21,5.4,1,Universidad,Oficial,caldas,manizales
4.22,5.21,5.4,5.18,2,Universidad,Oficial,caldas,manizales
5.21,5.4,5.18,6.18,1,Universidad,Oficial,caldas,manizales
5.4,5.18,6.18,5.8,2,Universidad,Oficial,caldas,manizales
5.18,6.18,5.8,5.34,1,Universidad,Oficial,caldas,manizales
6.18,5.8,5.34,5.2,2,Universidad,Oficial,caldas,manizales
5.8,5.34,5.2,3.83,1,Universidad,Oficial,caldas,manizales
5.34,5.2,3.83,3.99,2,Universidad,Oficial,caldas,manizales
5.2,3.83,3.99,2.57,1,Universidad,Oficial,caldas,manizales
3.83,3.99,2.57,6.41,2,Universidad,Oficial,caldas,manizales
3.99,2.57,6.41,5.91,1,Universidad,Oficial,caldas,manizales
0.0,0.0,12.08,17.38,1,Universidad,Oficial,valle del cauca,palmira
0.0,12.08,17.38,15.03,2,Universidad,Oficial,valle del cauca,palmira
12.08,17.38,15.03,19.09,1,Universidad,Oficial,valle del cauca,palmira
17.38,15.03,19.09,15.08,2,Universidad,Oficial,valle del cauca,palmira
15.03,19.09,15.08,14.37,1,Universidad,Oficial,valle del cauca,palmira
19.09,15.08,14.37,6.96,2,Universidad,Oficial,valle del cauca,palmira
15.08,14.37,6.96,16.87,1,Universidad,Oficial,valle del cauca,palmira
14.37,6.96,16.87,1.78,2,Universidad,Oficial,valle del cauca,palmira
6.96,16.87,1.78,11.41,1,Universidad,Oficial,valle del cauca,palmira
16.87,1.78,11.41,8.9,2,Universidad,Oficial,valle del cauca,palmira
1.78,11.41,8.9,8.94,1,Universidad,Oficial,valle del cauca,palmira
11.41,8.9,8.94,10.97,2,Universidad,Oficial,valle del cauca,palmira
8.9,8.94,10.97,8.96,1,Universidad,Oficial,valle del cauca,palmira
8.94,10.97,8.96,7.39,2,Universidad,Oficial,valle del cauca,palmira
10.97,8.96,7.39,8.4,1,Universidad,Oficial,valle del cauca,palmira
8.96,7.39,8.4,6.96,2,Universidad,Oficial,valle del cauca,palmira
7.39,8.4,6.96,5.05,1,Universidad,Oficial,valle del cauca,palmira
8.4,6.96,5.05,100.0,2,Universidad,Oficial,valle del cauca,palmira
6.96,5.05,100.0,9.28,1,Universidad,Oficial,valle del cauca,palmira
5.05,100.0,9.28,0.0,2,Universidad,Oficial,valle del cauca,palmira
100.0,9.28,0.0,10.9,1,Universidad,Oficial,valle del cauca,palmira
9.28,0.0,10.9,2.41,2,Universidad,Oficial,valle del cauca,palmira
0.0,10.9,2.41,6.74,1,Universidad,Oficial,valle del cauca,palmira
10.9,2.41,6.74,5.72,2,Universidad,Oficial,valle del cauca,palmira
2.41,6.74,5.72,4.94,1,Universidad,Oficial,valle del cauca,palmira
6.74,5.72,4.94,5.15,2,Universidad,Oficial,valle del cauca,palmira
5.72,4.94,5.15,5.3,1,Universidad,Oficial,valle del cauca,palmira
4.94,5.15,5.3,5.41,2,Universidad,Oficial,valle del cauca,palmira
5.15,5.3,5.41,5.41,1,Universidad,Oficial,valle del cauca,palmira
5.3,5.41,5.41,5.83,2,Universidad,Oficial,valle del cauca,palmira
5.41,5.41,5.83,5.18,1,Universidad,Oficial,valle del cauca,palmira
5.41,5.83,5.18,3.41,2,Universidad,Oficial,valle del cauca,palmira
5.83,5.18,3.41,3.97,1,Universidad,Oficial,valle del cauca,palmira
5.18,3.41,3.97,5.08,2,Universidad,Oficial,valle del cauca,palmira
3.41,3.97,5.08,4.17,1,Universidad,Oficial,valle del cauca,palmira
3.97,5.08,4.17,4.81,2,Universidad,Oficial,valle del cauca,palmira
5.08,4.17,4.81,4.62,1,Universidad,Oficial,valle del cauca,palmira
4.17,4.81,4.62,5.99,2,Universidad,Oficial,valle del cauca,palmira
4.81,4.62,5.99,5.24,1,Universidad,Oficial,valle del cauca,palmira
4.62,5.99,5.24,5.9,2,Universidad,Oficial,valle del cauca,palmira
5.99,5.24,5.9,6.07,1,Universidad,Oficial,valle del cauca,palmira
5.24,5.9,6.07,4.73,2,Universidad,Oficial,valle del cauca,palmira
5.9,6.07,4.73,5.11,1,Universidad,Oficial,valle del cauca,palmira
6.07,4.73,5.11,2.6,2,Universidad,Oficial,valle del cauca,palmira
4.73,5.11,2.6,4.13,1,Universidad,Oficial,valle del cauca,palmira
5.11,2.6,4.13,5.84,2,Universidad,Oficial,valle del cauca,palmira
2.6,4.13,5.84,7.43,1,Universidad,Oficial,valle del cauca,palmira
0.0,0.0,5.71,5.68,1,Universidad,Oficial,bogota d c,bogota dc
0.0,5.71,5.68,6.43,2,Universidad,Oficial,bogota d c,bogota dc
5.71,5.68,6.43,6.35,1,Universidad,Oficial,bogota d c,bogota dc
5.68,6.43,6.35,5.45,2,Universidad,Oficial,bogota d c,bogota dc
6.43,6.35,5.45,5.96,1,Universidad,Oficial,bogota d c,bogota dc
6.35,5.45,5.96,6.42,2,Universidad,Oficial,bogota d c,bogota dc
5.45,5.96,6.42,4.87,1,Universidad,Oficial,bogota d c,bogota dc
5.96,6.42,4.87,4.8,2,Universidad,Oficial,bogota d c,bogota dc
6.42,4.87,4.8,4.5,1,Universidad,Oficial,bogota d c,bogota dc
4.87,4.8,4.5,4.39,2,Universidad,Oficial,bogota d c,bogota dc
4.8,4.5,4.39,4.15,1,Universidad,Oficial,bogota d c,bogota dc
4.5,4.39,4.15,4.45,2,Universidad,Oficial,bogota d c,bogota dc
4.39,4.15,4.45,5.19,1,Universidad,Oficial,bogota d c,bogota dc
4.15,4.45,5.19,6.12,2,Universidad,Oficial,bogota d c,bogota dc
4.45,5.19,6.12,5.32,1,Universidad,Oficial,bogota d c,bogota dc
5.19,6.12,5.32,5.19,2,Universidad,Oficial,bogota d c,bogota dc
6.12,5.32,5.19,4.36,1,Universidad,Oficial,bogota d c,bogota dc
5.32,5.19,4.36,5.37,2,Universidad,Oficial,bogota d c,bogota dc
5.19,4.36,5.37,4.94,1,Universidad,Oficial,bogota d c,bogota dc
4.36,5.37,4.94,7.12,2,Universidad,Oficial,bogota d c,bogota dc
5.37,4.94,7.12,8.6,1,Universidad,Oficial,bogota d c,bogota dc
4.94,7.12,8.6,6.59,2,Universidad,Oficial,bogota d c,bogota dc
7.12,8.6,6.59,7.15,1,Universidad,Oficial,bogota d c,bogota dc
8.6,6.59,7.15,7.15,2,Universidad,Oficial,bogota d c,bogota dc
6.59,7.15,7.15,7.98,1,Universidad,Oficial,bogota d c,bogota dc
7.15,7.15,7.98,6.12,2,Universidad,Oficial,bogota d c,bogota dc
7.15,7.98,6.12,7.87,1,Universidad,Oficial,bogota d c,bogota dc
7.98,6.12,7.87,7.83,2,Universidad,Oficial,bogota d c,bogota dc
6.12,7.87,7.83,6.58,1,Universidad,Oficial,bogota d c,bogota dc
7.87,7.83,6.58,12.97,2,Universidad,Oficial,bogota d c,bogota dc
7.83,6.58,12.97,9.72,1,Universidad,Oficial,bogota d c,bogota dc
6.58,12.97,9.72,6.92,2,Universidad,Oficial,bogota d c,bogota dc
12.97,9.72,6.92,7.16,1,Universidad,Oficial,bogota d c,bogota dc
9.72,6.92,7.16,7.44,2,Universidad,Oficial,bogota d c,bogota dc
6.92,7.16,7.44,7.87,1,Universidad,Oficial,bogota d c,bogota dc
7.16,7.44,7.87,6.15,2,Universidad,Oficial,bogota d c,bogota dc
7.44,7.87,6.15,6.45,1,Universidad,Oficial,bogota d c,bogota dc
7.87,6.15,6.45,6.7,2,Universidad,Oficial,bogota d c,bogota dc
6.15,6.45,6.7,6.84,1,Universidad,Oficial,bogota d c,bogota dc
6.45,6.7,6.84,7.44,2,Universidad,Oficial,bogota d c,bogota dc
6.7,6.84,7.44,7.93,1,Universidad,Oficial,bogota d c,bogota dc
6.84,7.44,7.93,7.32,2,Universidad,Oficial,bogota d c,bogota dc
7.44,7.93,7.32,9.09,1,Universidad,Oficial,bogota d c,bogota dc
7.93,7.32,9.09,4.34,2,Universidad,Oficial,bogota d c,bogota dc
7.32,9.09,4.34,5.69,1,Universidad,Oficial,bogota d c,bogota dc
9.09,4.34,5.69,6.24,2,Universidad,Oficial,bogota d c,bogota dc
4.34,5.69,6.24,7.72,1,Universidad,Oficial,bogota d c,bogota dc
0.0,0.0,3.58,2.51,1,Universidad,Oficial,boyaca,tunja
0.0,3.58,2.51,15.72,2,Universidad,Oficial,boyaca,tunja
3.58,2.51,15.72,8.55,1,Universidad,Oficial,boyaca,tunja
2.51,15.72,8.55,6.43,2,Universidad,Oficial,boyaca,tunja
15.72,8.55,6.43,5.07,1,Universidad,Oficial,boyaca,tunja
8.55,6.43,5.07,5.83,2,Universidad,Oficial,boyaca,tunja
6.43,5.07,5.83,6.26,1,Universidad,Oficial,boyaca,tunja
5.07,5.83,6.26,5.64,2,Universidad,Oficial,boyaca,tunja
5.83,6.26,5.64,5.93,1,Universidad,Oficial,boyaca,tunja
6.26,5.64,5.93,6.48,2,Universidad,Oficial,boyaca,tunja
5.64,5.93,6.48,6.51,1,Universidad,Oficial,boyaca,tunja
5.93,6.48,6.51,7.5,2,Universidad,Oficial,boyaca,tunja
6.48,6.51,7.5,6.34,1,Universidad,Oficial,boyaca,tunja
6.51,7.5,6.34,5.09,2,Universidad,Oficial,boyaca,tunja
7.5,6.34,5.09,5.65,1,Universidad,Oficial,boyaca,tunja
6.34,5.09,5.65,6.31,2,Universidad,Oficial,boyaca,tunja
5.09,5.65,6.31,5.72,1,Universidad,Oficial,boyaca,tunja
5.65,6.31,5.72,7.05,2,Universidad,Oficial,boyaca,tunja
6.31,5.72,7.05,5.95,1,Universidad,Oficial,boyaca,tunja
5.72,7.05,5.95,7.94,2,Universidad,Oficial,boyaca,tunja
7.05,5.95,7.94,5.77,1,Universidad,Oficial,boyaca,tunja
5.95,7.94,5.77,5.41,2,Universidad,Oficial,boyaca,tunja
7.94,5.77,5.41,6.09,1,Universidad,Oficial,boyaca,tunja
5.77,5.41,6.09,5.81,2,Universidad,Oficial,boyaca,tunja
5.41,6.09,5.81,5.4,1,Universidad,Oficial,boyaca,tunja
6.09,5.81,5.4,6.39,2,Universidad,Oficial,boyaca,tunja
5.81,5.4,6.39,7.53,1,Universidad,Oficial,boyaca,tunja
5.4,6.39,7.53,6.59,2,Universidad,Oficial,boyaca,tunja
6.39,7.53,6.59,5.77,1,Universidad,Oficial,boyaca,tunja
7.53,6.59,5.77,4.99,2,Universidad,Oficial,boyaca,tunja
6.59,5.77,4.99,6.45,1,Universidad,Oficial,boyaca,tunja
5.77,4.99,6.45,6.58,2,Universidad,Oficial,boyaca,tunja
4.99,6.45,6.58,5.83,1,Universidad,Oficial,boyaca,tunja
6.45,6.58,5.83,5.8,2,Universidad,Oficial,boyaca,tunja
6.58,5.83,5.8,7.4,1,Universidad,Oficial,boyaca,tunja
5.83,5.8,7.4,7.36,2,Universidad,Oficial,boyaca,tunja
5.8,7.4,7.36,8.05,1,Universidad,Oficial,boyaca,tunja
7.4,7.36,8.05,9.67,2,Universidad,Oficial,boyaca,tunja
7.36,8.05,9.67,6.0,1,Universidad,Oficial,boyaca,tunja
8.05,9.67,6.0,4.98,2,Universidad,Oficial,boyaca,tunja
9.67,6.0,4.98,5.37,1,Universidad,Oficial,boyaca,tunja
6.0,4.98,5.37,4.78,2,Universidad,Oficial,boyaca,tunja
4.98,5.37,4.78,5.42,1,Universidad,Oficial,boyaca,tunja
5.37,4.78,5.42,4.15,2,Universidad,Oficial,boyaca,tunja
4.78,5.42,4.15,5.73,1,Universidad,Oficial,boyaca,tunja
5.42,4.15,5.73,5.69,2,Universidad,Oficial,boyaca,tunja
4.15,5.73,5.69,5.14,1,Universidad,Oficial,boyaca,tunja
0.0,0.0,5.32,13.56,1,Universidad,Oficial,boyaca,duitama
0.0,5.32,13.56,29.54,2,Universidad,Oficial,boyaca,duitama
5.32,13.56,29.54,7.31,1,Universidad,Oficial,boyaca,duitama
13.56,29.54,7.31,4.14,2,Universidad,Oficial,boyaca,duitama
29.54,7.31,4.14,100.0,1,Universidad,Oficial,boyaca,duitama
7.31,4.14,100.0,100.0,2,Universidad,Oficial,boyaca,duitama
4.14,100.0,100.0,100.0,1,Universidad,Oficial,boyaca,duitama
100.0,100.0,100.0,78.5,2,Universidad,Oficial,boyaca,duitama
100.0,100.0,78.5,4.56,1,Universidad,Oficial,boyaca,duitama
100.0,78.5,4.56,8.27,2,Universidad,Oficial,boyaca,duitama
78.5,4.56,8.27,11.93,1,Universidad,Oficial,boyaca,duitama
4.56,8.27,11.93,7.58,2,Universidad,Oficial,boyaca,duitama
8.27,11.93,7.58,8.3,1,Universidad,Oficial,boyaca,duitama
11.93,7.58,8.3,9.46,2,Universidad,Oficial,boyaca,duitama
7.58,8.3,9.46,7.33,1,Universidad,Oficial,boyaca,duitama
8.3,9.46,7.33,3.16,2,Universidad,Oficial,boyaca,duitama
9.46,7.33,3.16,3.3,1,Universidad,Oficial,boyaca,duitama
7.33,3.16,3.3,5.88,2,Universidad,Oficial,boyaca,duitama
3.16,3.3,5.88,5.22,1,Universidad,Oficial,boyaca,duitama
3.3,5.88,5.22,5.16,2,Universidad,Oficial,boyaca,duitama
5.88,5.22,5.16,4.85,1,Universidad,Oficial,boyaca,duitama
5.22,5.16,4.85,3.9,2,Universidad,Oficial,boyaca,duitama
5.16,4.85,3.9,6.52,1,Universidad,Oficial,boyaca,duitama
4.85,3.9,6.52,6.52,2,Universidad,Oficial,boyaca,duitama
3.9,6.52,6.52,5.05,1,Universidad,Oficial,boyaca,duitama
6.52,6.52,5.05,4.49,2,Universidad,Oficial,boyaca,duitama
6.52,5.05,4.49,9.63,1,Universidad,Oficial,boyaca,duitama
5.05,4.49,9.63,4.98,2,Universidad,Oficial,boyaca,duitama
4.49,9.63,4.98,5.19,1,Universidad,Oficial,boyaca,duitama
9.63,4.98,5.19,4.48,2,Universidad,Oficial,boyaca,duitama
4.98,5.19,4.48,4.05,1,Universidad,Oficial,boyaca,duitama
5.19,4.48,4.05,6.25,2,Universidad,Oficial,boyaca,duitama
4.48,4.05,6.25,3.92,1,Universidad,Oficial,boyaca,duitama
4.05,6.25,3.92,5.6,2,Universidad,Oficial,boyaca,duitama
6.25,3.92,5.6,4.59,1,Universidad,Oficial,boyaca,duitama
3.92,5.6,4.59,5.43,2,Universidad,Oficial,boyaca,duitama
5.6,4.59,5.43,3.94,1,Universidad,Oficial,boyaca,duitama
4.59,5.43,3.94,5.18,2,Universidad,Oficial,boyaca,duitama
5.43,3.94,5.18,4.79,1,Universidad,Oficial,boyaca,duitama
3.94,5.18,4.79,4.4,2,Universidad,Oficial,boyaca,duitama
5.18,4.79,4.4,4.75,1,Universidad,Oficial,boyaca,duitama
4.79,4.4,4.75,3.45,2,Universidad,Oficial,boyaca,duitama
4.4,4.75,3.45,4.41,1,Universidad,Oficial,boyaca,duitama
4.75,3.45,4.41,3.85,2,Universidad,Oficial,boyaca,duitama
3.45,4.41,3.85,5.18,1,Universidad,Oficial,boyaca,duitama
4.41,3.85,5.18,5.03,2,Universidad,Oficial,boyaca,duitama
3.85,5.18,5.03,4.92,1,Universidad,Oficial,boyaca,duitama
0.0,0.0,1.66,6.3,1,Universidad,Oficial,boyaca,sogamoso
0.0,1.66,6.3,38.39,2,Universidad,Oficial,boyaca,sogamoso
1.66,6.3,38.39,8.66,1,Universidad,Oficial,boyaca,sogamoso
6.3,38.39,8.66,3.39,2,Universidad,Oficial,boyaca,sogamoso
38.39,8.66,3.39,91.75,1,Universidad,Oficial,boyaca,sogamoso
8.66,3.39,91.75,9.86,2,Universidad,Oficial,boyaca,sogamoso
3.39,91.75,9.86,7.75,1,Universidad,Oficial,boyaca,sogamoso
91.75,9.86,7.75,9.34,2,Universidad,Oficial,boyaca,sogamoso
9.86,7.75,9.34,6.76,1,Universidad,Oficial,boyaca,sogamoso
7.75,9.34,6.76,6.69,2,Universidad,Oficial,boyaca,sogamoso
9.34,6.76,6.69,9.98,1,Universidad,Oficial,boyaca,sogamoso
6.76,6.69,9.98,8.59,2,Universidad,Oficial,boyaca,sogamoso
6.69,9.98,8.59,12.53,1,Universidad,Oficial,boyaca,sogamoso
9.98,8.59,12.53,9.76,2,Universidad,Oficial,boyaca,sogamoso
8.59,12.53,9.76,5.11,1,Universidad,Oficial,boyaca,sogamoso
12.53,9.76,5.11,2.61,2,Universidad,Oficial,boyaca,sogamoso
9.76,5.11,2.61,6.17,1,Universidad,Oficial,boyaca,sogamoso
5.11,2.61,6.17,7.24,2,Universidad,Oficial,boyaca,sogamoso
2.61,6.17,7.24,8.64,1,Universidad,Oficial,boyaca,sogamoso
6.17,7.24,8.64,6.34,2,Universidad,Oficial,boyaca,sogamoso
7.24,8.64,6.34,4.16,1,Universidad,Oficial,boyaca,sogamoso
8.64,6.34,4.16,4.74,2,Universidad,Oficial,boyaca,sogamoso
6.34,4.16,4.74,5.62,1,Universidad,Oficial,boyaca,sogamoso
4.16,4.74,5.62,4.3,2,Universidad,Oficial,boyaca,sogamoso
4.74,5.62,4.3,5.05,1,Universidad,Oficial,boyaca,sogamoso
5.62,4.3,5.05,5.85,2,Universidad,Oficial,boyaca,sogamoso
4.3,5.05,5.85,12.11,1,Universidad,Oficial,boyaca,sogamoso
5.05,5.85,12.11,4.96,2,Universidad,Oficial,boyaca,sogamoso
5.85,12.11,4.96,3.77,1,Universidad,Oficial,boyaca,sogamoso
12.11,4.96,3.77,4.0,2,Universidad,Oficial,boyaca,sogamoso
4.96,3.77,4.0,3.33,1,Universidad,Oficial,boyaca,sogamoso
3.77,4.0,3.33,4.13,2,Universidad,Oficial,boyaca,sogamoso
4.0,3.33,4.13,2.06,1,Universidad,Oficial,boyaca,sogamoso
3.33,4.13,2.06,3.65,2,Universidad,Oficial,boyaca,sogamoso
4.13,2.06,3.65,3.48,1,Universidad,Oficial,boyaca,sogamoso
2.06,3.65,3.48,4.82,2,Universidad,Oficial,boyaca,sogamoso
3.65,3.48,4.82,3.04,1,Universidad,Oficial,boyaca,sogamoso
3.48,4.82,3.04,4.38,2,Universidad,Oficial,boyaca,sogamoso
4.82,3.04,4.38,3.59,1,Universidad,Oficial,boyaca,sogamoso
3.04,4.38,3.59,3.96,2,Universidad,Oficial,boyaca,sogamoso
4.38,3.59,3.96,2.97,1,Universidad,Oficial,boyaca,sogamoso
3.59,3.96,2.97,2.54,2,Universidad,Oficial,boyaca,sogamoso
3.96,2.97,2.54,4.03,1,Universidad,Oficial,boyaca,sogamoso
2.97,2.54,4.03,2.04,2,Universidad,Oficial,boyaca,sogamoso
2.54,4.03,2.04,3.7,1,Universidad,Oficial,boyaca,sogamoso
4.03,2.04,3.7,3.29,2,Universidad,Oficial,boyaca,sogamoso
2.04,3.7,3.29,3.69,1,Universidad,Oficial,boyaca,sogamoso
0.0,0.0,10.58,10.0,1,Universidad,Oficial,boyaca,chiquinquira
0.0,10.58,10.0,57.52,2,Universidad,Oficial,boyaca,chiquinquira
10.58,10.0,57.52,18.26,1,Universidad,Oficial,boyaca,chiquinquira
10.0,57.52,18.26,2.3,2,Universidad,Oficial,boyaca,chiquinquira
57.52,18.26,2.3,10.77,1,Universidad,Oficial,boyaca,chiquinquira
18.26,2.3,10.77,58.99,2,Universidad,Oficial,boyaca,chiquinquira
2.3,10.77,58.99,7.59,1,Universidad,Oficial,boyaca,chiquinquira
10.77,58.99,7.59,9.23,2,Universidad,Oficial,boyaca,chiquinquira
58.99,7.59,9.23,3.58,1,Universidad,Oficial,boyaca,chiquinquira
7.59,9.23,3.58,4.35,2,Universidad,Oficial,boyaca,chiquinquira
9.23,3.58,4.35,5.95,1,Universidad,Oficial,boyaca,chiquinquira
3.58,4.35,5.95,4.9,2,Universidad,Oficial,boyaca,chiquinquira
4.35,5.95,4.9,3.56,1,Universidad,Oficial,boyaca,chiquinquira
5.95,4.9,3.56,7.1,2,Universidad,Oficial,boyaca,chiquinquira
4.9,3.56,7.1,3.72,1,Universidad,Oficial,boyaca,chiquinquira
3.56,7.1,3.72,6.44,2,Universidad,Oficial,boyaca,chiquinquira
7.1,3.72,6.44,6.32,1,Universidad,Oficial,boyaca,chiquinquira
3.72,6.44,6.32,8.01,2,Universidad,Oficial,boyaca,chiquinquira
6.44,6.32,8.01,6.47,1,Universidad,Oficial,boyaca,chiquinquira
6.32,8.01,6.47,8.06,2,Universidad,Oficial,boyaca,chiquinquira
8.01,6.47,8.06,7.5,1,Universidad,Oficial,boyaca,chiquinquira
6.47,8.06,7.5,6.21,2,Universidad,Oficial,boyaca,chiquinquira
8.06,7.5,6.21,7.44,1,Universidad,Oficial,boyaca,chiquinquira
7.5,6.21,7.44,5.38,2,Universidad,Oficial,boyaca,chiquinquira
6.21,7.44,5.38,5.2,1,Universidad,Oficial,boyaca,chiquinquira
7.44,5.38,5.2,5.83,2,Universidad,Oficial,boyaca,chiquinquira
5.38,5.2,5.83,8.89,1,Universidad,Oficial,boyaca,chiquinquira
5.2,5.83,8.89,4.65,2,Universidad,Oficial,boyaca,chiquinquira
5.83,8.89,4.65,5.43,1,Universidad,Oficial,boyaca,chiquinquira
8.89,4.65,5.43,4.09,2,Universidad,Oficial,boyaca,chiquinquira
4.65,5.43,4.09,5.33,1,Universidad,Oficial,boyaca,chiquinquira
5.43,4.09,5.33,7.29,2,Universidad,Oficial,boyaca,chiquinquira
4.09,5.33,7.29,5.76,1,Universidad,Oficial,boyaca,chiquinquira
5.33,7.29,5.76,4.16,2,Universidad,Oficial,boyaca,chiquinquira
7.29,5.76,4.16,5.16,1,Universidad,Oficial,boyaca,chiquinquira
5.76,4.16,5.16,8.56,2,Universidad,Oficial,boyaca,chiquinquira
4.16,5.16,8.56,6.27,1,Universidad,Oficial,boyaca,chiquinquira
5.16,8.56,6.27,6.75,2,Universidad,Oficial,boyaca,chiquinquira
8.56,6.27,6.75,5.45,1,Universidad,Oficial,boyaca,chiquinquira
6.27,6.75,5.45,4.8,2,Universidad,Oficial,boyaca,chiquinquira
6.75,5.45,4.8,8.02,1,Universidad,Oficial,boyaca,chiquinquira
5.45,4.8,8.02,4.51,2,Universidad,Oficial,boyaca,chiquinquira
4.8,8.02,4.51,5.85,1,Universidad,Oficial,boyaca,chiquinquira
8.02,4.51,5.85,1.76,2,Universidad,Oficial,boyaca,chiquinquira
4.51,5.85,1.76,7.52,1,Universidad,Oficial,boyaca,chiquinquira
5.85,1.76,7.52,21.03,2,Universidad,Oficial,boyaca,chiquinquira
1.76,7.52,21.03,9.03,1,Universidad,Oficial,boyaca,chiquinquira
0.0,0.0,0.0,0.0,1,Universidad,Oficial,caldas,manizales
0.0,0.0,0.0,0.0,2,Universidad,Oficial,caldas,manizales
0.0,0.0,0.0,0.0,1,Universidad,Oficial,caldas,manizales
0.0,0.0,0.0,0.0,2,Universidad,Oficial,caldas,manizales
0.0,0.0,0.0,0.0,1,Universidad,Oficial,caldas,manizales
0.0,0.0,0.0,6.99,2,Universidad,Oficial,caldas,manizales
0.0,0.0,6.99,12.1,1,Universidad,Oficial,caldas,manizales
0.0,6.99,12.1,9.72,2,Universidad,Oficial,caldas,manizales
6.99,12.1,9.72,15.45,1,Universidad,Oficial,caldas,manizales
12.1,9.72,15.45,13.35,2,Universidad,Oficial,caldas,manizales
9.72,15.45,13.35,23.95,1,Universidad,Oficial,caldas,manizales
15.45,13.35,23.95,19.55,2,Universidad,Oficial,caldas,manizales
13.35,23.95,19.55,18.21,1,Universidad,Oficial,caldas,manizales
23.95,19.55,18.21,14.42,2,Universidad,Oficial,caldas,manizales
19.55,18.21,14.42,11.28,1,Universidad,Oficial,caldas,manizales
18.21,14.42,11.28,8.82,2,Universidad,Oficial,caldas,manizales
14.42,11.28,8.82,11.43,1,Universidad,Oficial,caldas,manizales
11.28,8.82,11.43,6.84,2,Universidad,Oficial,caldas,manizales
8.82,11.43,6.84,8.2,1,Universidad,Oficial,caldas,manizales
11.43,6.84,8.2,7.32,2,Universidad,Oficial,caldas,manizales
6.84,8.2,7.32,8.2,1,Universidad,Oficial,caldas,manizales
8.2,7.32,8.2,6.18,2,Universidad,Oficial,caldas,manizales
7.32,8.2,6.18,6.14,1,Universidad,Oficial,caldas,manizales
8.2,6.18,6.14,5.91,2,Universidad,Oficial,caldas,manizales
6.18,6.14,5.91,7.06,1,Universidad,Oficial,caldas,manizales
6.14,5.91,7.06,6.38,2,Universidad,Oficial,caldas,manizales
5.91,7.06,6.38,5.05,1,Universidad,Oficial,caldas,manizales
7.06,6.38,5.05,4.33,2,Universidad,Oficial,caldas,manizales
6.38,5.05,4.33,7.28,1,Universidad,Oficial,caldas,manizales
5.05,4.33,7.28,5.5,2,Universidad,Oficial,caldas,manizales
4.33,7.28,5.5,4.61,1,Universidad,Oficial,caldas,manizales
7.28,5.5,4.61,5.89,2,Universidad,Oficial,caldas,manizales
5.5,4.61,5.89,5.38,1,Universidad,Oficial,caldas,manizales
4.61,5.89,5.38,8.57,2,Universidad,Oficial,caldas,manizales
5.89,5.38,8.57,6.86,1,Universidad,Oficial,caldas,manizales
5.38,8.57,6.86,5.56,2,Universidad,Oficial,caldas,manizales
8.57,6.86,5.56,6.68,1,Universidad,Oficial,caldas,manizales
6.86,5.56,6.68,5.25,2,Universidad,Oficial,caldas,manizales
5.56,6.68,5.25,7.59,1,Universidad,Oficial,caldas,manizales
6.68,5.25,7.59,5.65,2,Universidad,Oficial,caldas,manizales
5.25,7.59,5.65,42.81,1,Universidad,Oficial,caldas,manizales
7.59,5.65,42.81,11.58,2,Universidad,Oficial,caldas,manizales
5.65,42.81,11.58,3.77,1,Universidad,Oficial,caldas,manizales
42.81,11.58,3.77,11.66,2,Universidad,Oficial,caldas,manizales
11.58,3.77,11.66,10.93,1,Universidad,Oficial,caldas,manizales
0.0,0.0,14.54,3.16,1,Universidad,Oficial,cordoba,monteria
0.0,14.54,3.16,6.3,2,Universidad,Oficial,cordoba,monteria
14.54,3.16,6.3,8.2,1,Universidad,Oficial,cordoba,monteria
3.16,6.3,8.2,10.72,2,Universidad,Oficial,cordoba,monteria
6.3,8.2,10.72,11.41,1,Universidad,Oficial,cordoba,monteria
8.2,10.72,11.41,15.28,2,Universidad,Oficial,cordoba,monteria
10.72,11.41,15.28,25.06,1,Universidad,Oficial,cordoba,monteria
11.41,15.28,25.06,8.5,2,Universidad,Oficial,cordoba,monteria
15.28,25.06,8.5,8.53,1,Universidad,Oficial,cordoba,monteria
25.06,8.5,8.53,10.41,2,Universidad,Oficial,cordoba,monteria
8.5,8.53,10.41,22.44,1,Universidad,Oficial,cordoba,monteria
8.53,10.41,22.44,10.57,2,Universidad,Oficial,cordoba,monteria
10.41,22.44,10.57,14.99,1,Universidad,Oficial,cordoba,monteria
22.44,10.57,14.99,10.0,2,Universidad,Oficial,cordoba,monteria
10.57,14.99,10.0,9.55,1,Universidad,Oficial,cordoba,monteria
14.99,10.0,9.55,8.89,2,Universidad,Oficial,cordoba,monteria
10.0,9.55,8.89,7.57,1,Universidad,Oficial,cordoba,monteria
9.55,8.89,7.57,10.58,2,Universidad,Oficial,cordoba,monteria
8.89,7.57,10.58,9.47,1,Universidad,Oficial,cordoba,monteria
7.57,10.58,9.47,10.63,2,Universidad,Oficial,cordoba,monteria
10.58,9.47,10.63,8.32,1,Universidad,Oficial,cordoba,monteria
9.47,10.63,8.32,8.38,2,Universidad,Oficial,cordoba,monteria
10.63,8.32,8.38,7.67,1,Universidad,Oficial,cordoba,monteria
8.32,8.38,7.67,9.13,2,Universidad,Oficial,cordoba,monteria
8.38,7.67,9.13,8.03,1,Universidad,Oficial,cordoba,monteria
7.67,9.13,8.03,7.78,2,Universidad,Oficial,cordoba,monteria
9.13,8.03,7.78,8.87,1,Universidad,Oficial,cordoba,monteria
8.03,7.78,8.87,7.03,2,Universidad,Oficial,cordoba,monteria
7.78,8.87,7.03,4.7,1,Universidad,Oficial,cordoba,monteria
8.87,7.03,4.7,4.49,2,Universidad,Oficial,cordoba,monteria
7.03,4.7,4.49,7.28,1,Universidad,Oficial,cordoba,monteria
4.7,4.49,7.28,6.62,2,Universidad,Oficial,cordoba,monteria
4.49,7.28,6.62,6.09,1,Universidad,Oficial,cordoba,monteria
7.28,6.62,6.09,7.39,2,Universidad,Oficial,cordoba,monteria
6.62,6.09,7.39,6.73,1,Universidad,Oficial,cordoba,monteria
6.09,7.39,6.73,11.28,2,Universidad,Oficial,cordoba,monteria
7.39,6.73,11.28,6.28,1,Universidad,Oficial,cordoba,monteria
6.73,11.28,6.28,4.13,2,Universidad,Oficial,cordoba,monteria
11.28,6.28,4.13,5.48,1,Universidad,Oficial,cordoba,monteria
6.28,4.13,5.48,4.93,2,Universidad,Oficial,cordoba,monteria
4.13,5.48,4.93,10.84,1,Universidad,Oficial,cordoba,monteria
5.48,4.93,10.84,7.9,2,Universidad,Oficial,cordoba,monteria
4.93,10.84,7.9,3.05,1,Universidad,Oficial,cordoba,monteria
10.84,7.9,3.05,2.24,2,Universidad,Oficial,cordoba,monteria
7.9,3.05,2.24,3.11,1,Universidad,Oficial,cordoba,monteria
3.05,2.24,3.11,5.0,2,Universidad,Oficial,cordoba,monteria
2.24,3.11,5.0,4.45,1,Universidad,Oficial,cordoba,monteria
0.0,0.0,10.55,8.96,1,Universidad,Oficial,huila,neiva
0.0,10.55,8.96,7.42,2,Universidad,Oficial,huila,neiva
10.55,8.96,7.42,6.23,1,Universidad,Oficial,huila,neiva
8.96,7.42,6.23,8.91,2,Universidad,Oficial,huila,neiva
7.42,6.23,8.91,4.67,1,Universidad,Oficial,huila,neiva
6.23,8.91,4.67,5.05,2,Universidad,Oficial,huila,neiva
8.91,4.67,5.05,4.72,1,Universidad,Oficial,huila,neiva
4.67,5.05,4.72,8.73,2,Universidad,Oficial,huila,neiva
5.05,4.72,8.73,7.02,1,Universidad,Oficial,huila,neiva
4.72,8.73,7.02,5.74,2,Universidad,Oficial,huila,neiva
8.73,7.02,5.74,6.65,1,Universidad,Oficial,huila,neiva
7.02,5.74,6.65,7.08,2,Universidad,Oficial,huila,neiva
5.74,6.65,7.08,6.24,1,Universidad,Oficial,huila,neiva
6.65,7.08,6.24,6.17,2,Universidad,Oficial,huila,neiva
7.08,6.24,6.17,5.88,1,Universidad,Oficial,huila,neiva
6.24,6.17,5.88,5.34,2,Universidad,Oficial,huila,neiva
6.17,5.88,5.34,4.98,1,Universidad,Oficial,huila,neiva
5.88,5.34,4.98,5.09,2,Universidad,Oficial,huila,neiva
5.34,4.98,5.09,4.47,1,Universidad,Oficial,huila,neiva
4.98,5.09,4.47,4.27,2,Universidad,Oficial,huila,neiva
5.09,4.47,4.27,4.71,1,Universidad,Oficial,huila,neiva
4.47,4.27,4.71,6.32,2,Universidad,Oficial,huila,neiva
4.27,4.71,6.32,4.89,1,Universidad,Oficial,huila,neiva
4.71,6.32,4.89,5.68,2,Universidad,Oficial,huila,neiva
6.32,4.89,5.68,6.94,1,Universidad,Oficial,huila,neiva
4.89,5.68,6.94,5.63,2,Universidad,Oficial,huila,neiva
5.68,6.94,5.63,6.29,1,Universidad,Oficial,huila,neiva
6.94,5.63,6.29,5.48,2,Universidad,Oficial,huila,neiva
5.63,6.29,5.48,5.97,1,Universidad,Oficial,huila,neiva
6.29,5.48,5.97,9.37,2,Universidad,Oficial,huila,neiva
5.48,5.97,9.37,14.12,1,Universidad,Oficial,huila,neiva
5.97,9.37,14.12,6.36,2,Universidad,Oficial,huila,neiva
9.37,14.12,6.36,4.9,1,Universidad,Oficial,huila,neiva
14.12,6.36,4.9,6.8,2,Universidad,Oficial,huila,neiva
6.36,4.9,6.8,9.12,1,Universidad,Oficial,huila,neiva
4.9,6.8,9.12,6.55,2,Universidad,Oficial,huila,neiva
6.8,9.12,6.55,6.26,1,Universidad,Oficial,huila,neiva
9.12,6.55,6.26,7.25,2,Universidad,Oficial,huila,neiva
6.55,6.26,7.25,6.73,1,Universidad,Oficial,huila,neiva
6.26,7.25,6.73,5.69,2,Universidad,Oficial,huila,neiva
7.25,6.73,5.69,7.19,1,Universidad,Oficial,huila,neiva
6.73,5.69,7.19,7.17,2,Universidad,Oficial,huila,neiva
5.69,7.19,7.17,7.17,1,Universidad,Oficial,huila,neiva
7.19,7.17,7.17,5.62,2,Universidad,Oficial,huila,neiva
7.17,7.17,5.62,10.41,1,Universidad,Oficial,huila,neiva
7.17,5.62,10.41,7.28,2,Universidad,Oficial,huila,neiva
5.62,10.41,7.28,7.83,1,Universidad,Oficial,huila,neiva
0.0,0.0,6.53,1.34,1,Universidad,Oficial,caqueta,florencia
0.0,6.53,1.34,5.5,2,Universidad,Oficial,caqueta,florencia
6.53,1.34,5.5,8.23,1,Universidad,Oficial,caqueta,florencia
1.34,5.5,8.23,11.36,2,Universidad,Oficial,caqueta,florencia
5.5,8.23,11.36,12.53,1,Universidad,Oficial,caqueta,florencia
8.23,11.36,12.53,12.42,2,Universidad,Oficial,caqueta,florencia
11.36,12.53,12.42,9.67,1,Universidad,Oficial,caqueta,florencia
12.53,12.42,9.67,10.16,2,Universidad,Oficial,caqueta,florencia
12.42,9.67,10.16,9.14,1,Universidad,Oficial,caqueta,florencia
9.67,10.16,9.14,9.99,2,Universidad,Oficial,caqueta,florencia
10.16,9.14,9.99,11.12,1,Universidad,Oficial,caqueta,florencia
9.14,9.99,11.12,9.66,2,Universidad,Oficial,caqueta,florencia
9.99,11.12,9.66,8.09,1,Universidad,Oficial,caqueta,florencia
11.12,9.66,8.09,11.27,2,Universidad,Oficial,caqueta,florencia
9.66,8.09,11.27,19.63,1,Universidad,Oficial,caqueta,florencia
8.09,11.27,19.63,16.98,2,Universidad,Oficial,caqueta,florencia
11.27,19.63,16.98,10.59,1,Universidad,Oficial,caqueta,florencia
19.63,16.98,10.59,9.97,2,Universidad,Oficial,caqueta,florencia
16.98,10.59,9.97,10.56,1,Universidad,Oficial,caqueta,florencia
10.59,9.97,10.56,8.92,2,Universidad,Oficial,caqueta,florencia
9.97,10.56,8.92,16.58,1,Universidad,Oficial,caqueta,florencia
10.56,8.92,16.58,10.34,2,Universidad,Oficial,caqueta,florencia
8.92,16.58,10.34,10.98,1,Universidad,Oficial,caqueta,florencia
16.58,10.34,10.98,8.86,2,Universidad,Oficial,caqueta,florencia
10.34,10.98,8.86,8.09,1,Universidad,Oficial,caqueta,florencia
10.98,8.86,8.09,9.2,2,Universidad,Oficial,caqueta,florencia
8.86,8.09,9.2,12.88,1,Universidad,Oficial,caqueta,florencia
8.09,9.2,12.88,7.37,2,Universidad,Oficial,caqueta,florencia
9.2,12.88,7.37,8.89,1,Universidad,Oficial,caqueta,florencia
12.88,7.37,8.89,7.04,2,Universidad,Oficial,caqueta,florencia
7.37,8.89,7.04,11.84,1,Universidad,Oficial,caqueta,florencia
8.89,7.04,11.84,7.36,2,Universidad,Oficial,caqueta,florencia
7.04,11.84,7.36,6.36,1,Universidad,Oficial,caqueta,florencia
11.84,7.36,6.36,6.79,2,Universidad,Oficial,caqueta,florencia
7.36,6.36,6.79,7.13,1,Universidad,Oficial,caqueta,florencia
6.36,6.79,7.13,7.11,2,Universidad,Oficial,caqueta,florencia
6.79,7.13,7.11,6.95,1,Universidad,Oficial,caqueta,florencia
7.13,7.11,6.95,7.67,2,Universidad,Oficial,caqueta,florencia
7.11,6.95,7.67,7.42,1,Universidad,Oficial,caqueta,florencia
6.95,7.67,7.42,6.72,2,Universidad,Oficial,caqueta,florencia
7.67,7.42,6.72,8.47,1,Universidad,Oficial,caqueta,florencia
7.42,6.72,8.47,6.02,2,Universidad,Oficial,caqueta,florencia
6.72,8.47,6.02,9.71,1,Universidad,Oficial,caqueta,florencia
8.47,6.02,9.71,3.62,2,Universidad,Oficial,caqueta,florencia
6.02,9.71,3.62,6.67,1,Universidad,Oficial,caqueta,florencia
9.71,3.62,6.67,8.26,2,Universidad,Oficial,caqueta,florencia
3.62,6.67,8.26,7.23,1,Universidad,Oficial,caqueta,florencia
0.0,0.0,5.29,5.93,1,Universidad,Oficial,bogota d c,bogota dc
0.0,5.29,5.93,8.12,2,Universidad,Oficial,bogota d c,bogota dc
5.29,5.93,8.12,6.4,1,Universidad,Oficial,bogota d c,bogota dc
5.93,8.12,6.4,6.87,2,Universidad,Oficial,bogota d c,bogota dc
8.12,6.4,6.87,6.66,1,Universidad,Oficial,bogota d c,bogota dc
6.4,6.87,6.66,6.61,2,Universidad,Oficial,bogota d c,bogota dc
6.87,6.66,6.61,6.43,1,Universidad,Oficial,bogota d c,bogota dc
6.66,6.61,6.43,7.08,2,Universidad,Oficial,bogota d c,bogota dc
6.61,6.43,7.08,7.51,1,Universidad,Oficial,bogota d c,bogota dc
6.43,7.08,7.51,9.21,2,Universidad,Oficial,bogota d c,bogota dc
7.08,7.51,9.21,7.82,1,Universidad,Oficial,bogota d c,bogota dc
7.51,9.21,7.82,9.26,2,Universidad,Oficial,bogota d c,bogota dc
9.21,7.82,9.26,7.62,1,Universidad,Oficial,bogota d c,bogota dc
7.82,9.26,7.62,7.89,2,Universidad,Oficial,bogota d c,bogota dc
9.26,7.62,7.89,6.55,1,Universidad,Oficial,bogota d c,bogota dc
7.62,7.89,6.55,5.87,2,Universidad,Oficial,bogota d c,bogota dc
7.89,6.55,5.87,6.96,1,Universidad,Oficial,bogota d c,bogota dc
6.55,5.87,6.96,13.5,2,Universidad,Oficial,bogota d c,bogota dc
5.87,6.96,13.5,12.76,1,Universidad,Oficial,bogota d c,bogota dc
6.96,13.5,12.76,18.76,2,Universidad,Oficial,bogota d c,bogota dc
13.5,12.76,18.76,7.21,1,Universidad,Oficial,bogota d c,bogota dc
12.76,18.76,7.21,14.13,2,Universidad,Oficial,bogota d c,bogota dc
18.76,7.21,14.13,14.87,1,Universidad,Oficial,bogota d c,bogota dc
7.21,14.13,14.87,16.84,2,Universidad,Oficial,bogota d c,bogota dc
14.13,14.87,16.84,22.31,1,Universidad,Oficial,bogota d c,bogota dc
14.87,16.84,22.31,12.03,2,Universidad,Oficial,bogota d c,bogota dc
16.84,22.31,12.03,15.15,1,Universidad,Oficial,bogota d c,bogota dc
22.31,12.03,15.15,10.85,2,Universidad,Oficial,bogota d c,bogota dc
12.03,15.15,10.85,12.05,1,Universidad,Oficial,bogota d c,bogota dc
15.15,10.85,12.05,9.27,2,Universidad,Oficial,bogota d c,bogota dc
10.85,12.05,9.27,10.3,1,Universidad,Oficial,bogota d c,bogota dc
12.05,9.27,10.3,10.77,2,Universidad,Oficial,bogota d c,bogota dc
9.27,10.3,10.77,10.12,1,Universidad,Oficial,bogota d c,bogota dc
10.3,10.77,10.12,9.31,2,Universidad,Oficial,bogota d c,bogota dc
10.77,10.12,9.31,9.41,1,Universidad,Oficial,bogota d c,bogota dc
10.12,9.31,9.41,9.64,2,Universidad,Oficial,bogota d c,bogota dc
9.31,9.41,9.64,10.9,1,Universidad,Oficial,bogota d c,bogota dc
9.41,9.64,10.9,12.11,2,Universidad,Oficial,bogota d c,bogota dc
9.64,10.9,12.11,10.35,1,Universidad,Oficial,bogota d c,bogota dc
10.9,12.11,10.35,9.99,2,Universidad,Oficial,bogota d c,bogota dc
12.11,10.35,9.99,8.28,1,Universidad,Oficial,bogota d c,bogota dc
10.35,9.99,8.28,9.97,2,Universidad,Oficial,bogota d c,bogota dc
9.99,8.28,9.97,9.79,1,Universidad,Oficial,bogota d c,bogota dc
8.28,9.97,9.79,7.88,2,Universidad,Oficial,bogota d c,bogota dc
9.97,9.79,7.88,6.73,1,Universidad,Oficial,bogota d c,bogota dc
9.79,7.88,6.73,6.92,2,Universidad,Oficial,bogota d c,bogota dc
7.88,6.73,6.92,7.22,1,Universidad,Oficial,bogota d c,bogota dc
0.0,0.0,6.2,5.6,1,Universidad,Oficial,choco,quibdo
0.0,6.2,5.6,17.33,2,Universidad,Oficial,choco,quibdo
6.2,5.6,17.33,12.02,1,Universidad,Oficial,choco,quibdo
5.6,17.33,12.02,10.33,2,Universidad,Oficial,choco,quibdo
17.33,12.02,10.33,10.37,1,Universidad,Oficial,choco,quibdo
12.02,10.33,10.37,8.46,2,Universidad,Oficial,choco,quibdo
10.33,10.37,8.46,8.94,1,Universidad,Oficial,choco,quibdo
10.37,8.46,8.94,10.6,2,Universidad,Oficial,choco,quibdo
8.46,8.94,10.6,7.51,1,Universidad,Oficial,choco,quibdo
8.94,10.6,7.51,11.33,2,Universidad,Oficial,choco,quibdo
10.6,7.51,11.33,13.38,1,Universidad,Oficial,choco,quibdo
7.51,11.33,13.38,8.78,2,Universidad,Oficial,choco,quibdo
11.33,13.38,8.78,11.97,1,Universidad,Oficial,choco,quibdo
13.38,8.78,11.97,11.79,2,Universidad,Oficial,choco,quibdo
8.78,11.97,11.79,8.0,1,Universidad,Oficial,choco,quibdo
11.97,11.79,8.0,8.42,2,Universidad,Oficial,choco,quibdo
11.79,8.0,8.42,8.56,1,Universidad,Oficial,choco,quibdo
8.0,8.42,8.56,10.13,2,Universidad,Oficial,choco,quibdo
8.42,8.56,10.13,8.29,1,Universidad,Oficial,choco,quibdo
8.56,10.13,8.29,10.3,2,Universidad,Oficial,choco,quibdo
10.13,8.29,10.3,11.25,1,Universidad,Oficial,choco,quibdo
8.29,10.3,11.25,13.91,2,Universidad,Oficial,choco,quibdo
10.3,11.25,13.91,51.41,1,Universidad,Oficial,choco,quibdo
11.25,13.91,51.41,6.99,2,Universidad,Oficial,choco,quibdo
13.91,51.41,6.99,1.93,1,Universidad,Oficial,choco,quibdo
51.41,6.99,1.93,8.53,2,Universidad,Oficial,choco,quibdo
6.99,1.93,8.53,9.93,1,Universidad,Oficial,choco,quibdo
1.93,8.53,9.93,4.34,2,Universidad,Oficial,choco,quibdo
8.53,9.93,4.34,5.11,1,Universidad,Oficial,choco,quibdo
9.93,4.34,5.11,4.23,2,Universidad,Oficial,choco,quibdo
4.34,5.11,4.23,12.21,1,Universidad,Oficial,choco,quibdo
0.0,0.0,5.42,6.07,1,Universidad,Oficial,cesar,valledupar
0.0,5.42,6.07,12.3,2,Universidad,Oficial,cesar,valledupar
5.42,6.07,12.3,14.26,1,Universidad,Oficial,cesar,valledupar
6.07,12.3,14.26,6.3,2,Universidad,Oficial,cesar,valledupar
12.3,14.26,6.3,5.28,1,Universidad,Oficial,cesar,valledupar
14.26,6.3,5.28,11.71,2,Universidad,Oficial,cesar,valledupar
6.3,5.28,11.71,7.35,1,Universidad,Oficial,cesar,valledupar
5.28,11.71,7.35,10.64,2,Universidad,Oficial,cesar,valledupar
11.71,7.35,10.64,15.59,1,Universidad,Oficial,cesar,valledupar
7.35,10.64,15.59,12.53,2,Universidad,Oficial,cesar,valledupar
10.64,15.59,12.53,14.87,1,Universidad,Oficial,cesar,valledupar
15.59,12.53,14.87,22.09,2,Universidad,Oficial,cesar,valledupar
12.53,14.87,22.09,27.0,1,Universidad,Oficial,cesar,valledupar
14.87,22.09,27.0,20.74,2,Universidad,Oficial,cesar,valledupar
22.09,27.0,20.74,33.91,1,Universidad,Oficial,cesar,valledupar
27.0,20.74,33.91,14.95,2,Universidad,Oficial,cesar,valledupar
20.74,33.91,14.95,17.73,1,Universidad,Oficial,cesar,valledupar
33.91,14.95,17.73,8.57,2,Universidad,Oficial,cesar,valledupar
14.95,17.73,8.57,8.52,1,Universidad,Oficial,cesar,valledupar
17.73,8.57,8.52,9.3,2,Universidad,Oficial,cesar,valledupar
8.57,8.52,9.3,10.36,1,Universidad,Oficial,cesar,valledupar
8.52,9.3,10.36,10.27,2,Universidad,Oficial,cesar,valledupar
9.3,10.36,10.27,11.07,1,Universidad,Oficial,cesar,valledupar
10.36,10.27,11.07,10.71,2,Universidad,Oficial,cesar,valledupar
10.27,11.07,10.71,9.07,1,Universidad,Oficial,cesar,valledupar
11.07,10.71,9.07,8.11,2,Universidad,Oficial,cesar,valledupar
10.71,9.07,8.11,9.64,1,Universidad,Oficial,cesar,valledupar
9.07,8.11,9.64,9.45,2,Universidad,Oficial,cesar,valledupar
8.11,9.64,9.45,15.06,1,Universidad,Oficial,cesar,valledupar
9.64,9.45,15.06,7.45,2,Universidad,Oficial,cesar,valledupar
9.45,15.06,7.45,9.72,1,Universidad,Oficial,cesar,valledupar
15.06,7.45,9.72,12.44,2,Universidad,Oficial,cesar,valledupar
7.45,9.72,12.44,8.79,1,Universidad,Oficial,cesar,valledupar
9.72,12.44,8.79,7.97,2,Universidad,Oficial,cesar,valledupar
12.44,8.79,7.97,7.92,1,Universidad,Oficial,cesar,valledupar
8.79,7.97,7.92,9.81,2,Universidad,Oficial,cesar,valledupar
7.97,7.92,9.81,9.65,1,Universidad,Oficial,cesar,valledupar
7.92,9.81,9.65,9.17,2,Universidad,Oficial,cesar,valledupar
9.81,9.65,9.17,11.61,1,Universidad,Oficial,cesar,valledupar
9.65,9.17,11.61,8.9,2,Universidad,Oficial,cesar,valledupar
9.17,11.61,8.9,11.17,1,Universidad,Oficial,cesar,valledupar
11.61,8.9,11.17,8.12,2,Universidad,Oficial,cesar,valledupar
8.9,11.17,8.12,7.05,1,Universidad,Oficial,cesar,valledupar
11.17,8.12,7.05,6.6,2,Universidad,Oficial,cesar,valledupar
8.12,7.05,6.6,8.45,1,Universidad,Oficial,cesar,valledupar
7.05,6.6,8.45,9.0,2,Universidad,Oficial,cesar,valledupar
6.6,8.45,9.0,8.54,1,Universidad,Oficial,cesar,valledupar
0.0,0.0,32.86,89.33,1,Universidad,Oficial,bogota d c,bogota dc
0.0,32.86,89.33,94.44,2,Universidad,Oficial,bogota d c,bogota dc
32.86,89.33,94.44,100.0,1,Universidad,Oficial,bogota d c,bogota dc
89.33,94.44,100.0,100.0,2,Universidad,Oficial,bogota d c,bogota dc
94.44,100.0,100.0,100.0,1,Universidad,Oficial,bogota d c,bogota dc
100.0,100.0,100.0,6.05,2,Universidad,Oficial,bogota d c,bogota dc
100.0,100.0,6.05,0.28,1,Universidad,Oficial,bogota d c,bogota dc
100.0,6.05,0.28,5.19,2,Universidad,Oficial,bogota d c,bogota dc
6.05,0.28,5.19,4.14,1,Universidad,Oficial,bogota d c,bogota dc
0.28,5.19,4.14,4.72,2,Universidad,Oficial,bogota d c,bogota dc
5.19,4.14,4.72,4.66,1,Universidad,Oficial,bogota d c,bogota dc
4.14,4.72,4.66,5.81,2,Universidad,Oficial,bogota d c,bogota dc
4.72,4.66,5.81,5.03,1,Universidad,Oficial,bogota d c,bogota dc
4.66,5.81,5.03,4.87,2,Universidad,Oficial,bogota d c,bogota dc
5.81,5.03,4.87,5.54,1,Universidad,Oficial,bogota d c,bogota dc
5.03,4.87,5.54,5.39,2,Universidad,Oficial,bogota d c,bogota dc
4.87,5.54,5.39,4.99,1,Universidad,Oficial,bogota d c,bogota dc
5.54,5.39,4.99,9.22,2,Universidad,Oficial,bogota d c,bogota dc
5.39,4.99,9.22,7.83,1,Universidad,Oficial,bogota d c,bogota dc
4.99,9.22,7.83,7.09,2,Universidad,Oficial,bogota d c,bogota dc
9.22,7.83,7.09,7.02,1,Universidad,Oficial,bogota d c,bogota dc
7.83,7.09,7.02,5.86,2,Universidad,Oficial,bogota d c,bogota dc
7.09,7.02,5.86,7.8,1,Universidad,Oficial,bogota d c,bogota dc
7.02,5.86,7.8,5.72,2,Universidad,Oficial,bogota d c,bogota dc
5.86,7.8,5.72,8.1,1,Universidad,Oficial,bogota d c,bogota dc
7.8,5.72,8.1,7.77,2,Universidad,Oficial,bogota d c,bogota dc
5.72,8.1,7.77,8.33,1,Universidad,Oficial,bogota d c,bogota dc
8.1,7.77,8.33,5.72,2,Universidad,Oficial,bogota d c,bogota dc
7.77,8.33,5.72,5.48,1,Universidad,Oficial,bogota d c,bogota dc
8.33,5.72,5.48,8.76,2,Universidad,Oficial,bogota d c,bogota dc
5.72,5.48,8.76,6.93,1,Universidad,Oficial,bogota d c,bogota dc
5.48,8.76,6.93,7.25,2,Universidad,Oficial,bogota d c,bogota dc
8.76,6.93,7.25,7.02,1,Universidad,Oficial,bogota d c,bogota dc
6.93,7.25,7.02,6.83,2,Universidad,Oficial,bogota d c,bogota dc
7.25,7.02,6.83,6.28,1,Universidad,Oficial,bogota d c,bogota dc
7.02,6.83,6.28,5.75,2,Universidad,Oficial,bogota d c,bogota dc
6.83,6.28,5.75,7.6,1,Universidad,Oficial,bogota d c,bogota dc
6.28,5.75,7.6,6.82,2,Universidad,Oficial,bogota d c,bogota dc
5.75,7.6,6.82,7.15,1,Universidad,Oficial,bogota d c,bogota dc
7.6,6.82,7.15,5.96,2,Universidad,Oficial,bogota d c,bogota dc
6.82,7.15,5.96,7.66,1,Universidad,Oficial,bogota d c,bogota dc
7.15,5.96,7.66,6.7,2,Universidad,Oficial,bogota d c,bogota dc
5.96,7.66,6.7,5.8,1,Universidad,Oficial,bogota d c,bogota dc
7.66,6.7,5.8,3.63,2,Universidad,Oficial,bogota d c,bogota dc
6.7,5.8,3.63,4.3,1,Universidad,Oficial,bogota d c,bogota dc
5.8,3.63,4.3,3.53,2,Universidad,Oficial,bogota d c,bogota dc
3.63,4.3,3.53,5.76,1,Universidad,Oficial,bogota d c,bogota dc
0.0,0.0,8.08,17.97,2,Universidad,Oficial,valle del cauca,buenaventura
0.0,8.08,17.97,13.47,1,Universidad,Oficial,valle del cauca,buenaventura
8.08,17.97,13.47,10.0,2,Universidad,Oficial,valle del cauca,buenaventura
17.97,13.47,10.0,12.32,1,Universidad,Oficial,valle del cauca,buenaventura
13.47,10.0,12.32,24.61,2,Universidad,Oficial,valle del cauca,buenaventura
10.0,12.32,24.61,21.49,1,Universidad,Oficial,valle del cauca,buenaventura
12.32,24.61,21.49,15.35,2,Universidad,Oficial,valle del cauca,buenaventura
24.61,21.49,15.35,18.84,1,Universidad,Oficial,valle del cauca,buenaventura
21.49,15.35,18.84,11.84,2,Universidad,Oficial,valle del cauca,buenaventura
15.35,18.84,11.84,15.92,1,Universidad,Oficial,valle del cauca,buenaventura
18.84,11.84,15.92,15.78,2,Universidad,Oficial,valle del cauca,buenaventura
11.84,15.92,15.78,12.0,1,Universidad,Oficial,valle del cauca,buenaventura
15.92,15.78,12.0,12.65,2,Universidad,Oficial,valle del cauca,buenaventura
15.78,12.0,12.65,31.25,1,Universidad,Oficial,valle del cauca,buenaventura
12.0,12.65,31.25,13.85,2,Universidad,Oficial,valle del cauca,buenaventura
12.65,31.25,13.85,33.61,1,Universidad,Oficial,valle del cauca,buenaventura
31.25,13.85,33.61,16.62,2,Universidad,Oficial,valle del cauca,buenaventura
13.85,33.61,16.62,12.34,1,Universidad,Oficial,valle del cauca,buenaventura
33.61,16.62,12.34,12.92,2,Universidad,Oficial,valle del cauca,buenaventura
16.62,12.34,12.92,19.91,1,Universidad,Oficial,valle del cauca,buenaventura
12.34,12.92,19.91,15.25,2,Universidad,Oficial,valle del cauca,buenaventura
12.92,19.91,15.25,28.37,1,Universidad,Oficial,valle del cauca,buenaventura
19.91,15.25,28.37,23.16,2,Universidad,Oficial,valle del cauca,buenaventura
15.25,28.37,23.16,8.38,1,Universidad,Oficial,valle del cauca,buenaventura
28.37,23.16,8.38,14.05,2,Universidad,Oficial,valle del cauca,buenaventura
23.16,8.38,14.05,15.56,1,Universidad,Oficial,valle del cauca,buenaventura
8.38,14.05,15.56,12.42,2,Universidad,Oficial,valle del cauca,buenaventura
14.05,15.56,12.42,11.31,1,Universidad,Oficial,valle del cauca,buenaventura
15.56,12.42,11.31,12.57,2,Universidad,Oficial,valle del cauca,buenaventura
12.42,11.31,12.57,13.34,1,Universidad,Oficial,valle del cauca,buenaventura
11.31,12.57,13.34,11.92,2,Universidad,Oficial,valle del cauca,buenaventura
12.57,13.34,11.92,18.69,1,Universidad,Oficial,valle del cauca,buenaventura
13.34,11.92,18.69,9.56,2,Universidad,Oficial,valle del cauca,buenaventura
11.92,18.69,9.56,9.82,1,Universidad,Oficial,valle del cauca,buenaventura
18.69,9.56,9.82,12.37,2,Universidad,Oficial,valle del cauca,buenaventura
9.56,9.82,12.37,13.54,1,Universidad,Oficial,valle del cauca,buenaventura
9.82,12.37,13.54,8.0,2,Universidad,Oficial,valle del cauca,buenaventura
12.37,13.54,8.0,9.56,1,Universidad,Oficial,valle del cauca,buenaventura
13.54,8.0,9.56,7.22,2,Universidad,Oficial,valle del cauca,buenaventura
8.0,9.56,7.22,10.07,1,Universidad,Oficial,valle del cauca,buenaventura
9.56,7.22,10.07,21.41,2,Universidad,Oficial,valle del cauca,buenaventura
7.22,10.07,21.41,11.6,1,Universidad,Oficial,valle del cauca,buenaventura
0.0,0.0,1.37,13.12,1,Universidad,Oficial,cesar,aguachica
0.0,1.37,13.12,5.05,2,Universidad,Oficial,cesar,aguachica
1.37,13.12,5.05,60.81,1,Universidad,Oficial,cesar,aguachica
13.12,5.05,60.81,8.7,2,Universidad,Oficial,cesar,aguachica
5.05,60.81,8.7,13.58,1,Universidad,Oficial,cesar,aguachica
60.81,8.7,13.58,87.94,2,Universidad,Oficial,cesar,aguachica
8.7,13.58,87.94,9.38,1,Universidad,Oficial,cesar,aguachica
13.58,87.94,9.38,6.06,2,Universidad,Oficial,cesar,aguachica
87.94,9.38,6.06,16.81,1,Universidad,Oficial,cesar,aguachica
9.38,6.06,16.81,12.91,2,Universidad,Oficial,cesar,aguachica
6.06,16.81,12.91,6.76,1,Universidad,Oficial,cesar,aguachica
16.81,12.91,6.76,10.63,2,Universidad,Oficial,cesar,aguachica
12.91,6.76,10.63,15.82,1,Universidad,Oficial,cesar,aguachica
6.76,10.63,15.82,29.71,2,Universidad,Oficial,cesar,aguachica
10.63,15.82,29.71,12.37,1,Universidad,Oficial,cesar,aguachica
15.82,29.71,12.37,11.53,2,Universidad,Oficial,cesar,aguachica
29.71,12.37,11.53,14.46,1,Universidad,Oficial,cesar,aguachica
12.37,11.53,14.46,23.59,2,Universidad,Oficial,cesar,aguachica
11.53,14.46,23.59,13.03,1,Universidad,Oficial,cesar,aguachica
14.46,23.59,13.03,12.9,2,Universidad,Oficial,cesar,aguachica
23.59,13.03,12.9,12.61,1,Universidad,Oficial,cesar,aguachica
13.03,12.9,12.61,11.27,2,Universidad,Oficial,cesar,aguachica
12.9,12.61,11.27,14.62,1,Universidad,Oficial,cesar,aguachica
12.61,11.27,14.62,17.12,2,Universidad,Oficial,cesar,aguachica
11.27,14.62,17.12,16.23,1,Universidad,Oficial,cesar,aguachica
14.62,17.12,16.23,14.98,2,Universidad,Oficial,cesar,aguachica
17.12,16.23,14.98,20.58,1,Universidad,Oficial,cesar,aguachica
16.23,14.98,20.58,17.41,2,Universidad,Oficial,cesar,aguachica
14.98,20.58,17.41,20.17,1,Universidad,Oficial,cesar,aguachica
20.58,17.41,20.17,13.82,2,Universidad,Oficial,cesar,aguachica
17.41,20.17,13.82,28.47,1,Universidad,Oficial,cesar,aguachica
20.17,13.82,28.47,12.75,2,Universidad,Oficial,cesar,aguachica
13.82,28.47,12.75,23.34,1,Universidad,Oficial,cesar,aguachica
28.47,12.75,23.34,11.17,2,Universidad,Oficial,cesar,aguachica
12.75,23.34,11.17,12.09,1,Universidad,Oficial,cesar,aguachica
23.34,11.17,12.09,12.88,2,Universidad,Oficial,cesar,aguachica
11.17,12.09,12.88,9.85,1,Universidad,Oficial,cesar,aguachica
12.09,12.88,9.85,12.09,2,Universidad,Oficial,cesar,aguachica
12.88,9.85,12.09,8.57,1,Universidad,Oficial,cesar,aguachica
9.85,12.09,8.57,9.4,2,Universidad,Oficial,cesar,aguachica
12.09,8.57,9.4,8.17,1,Universidad,Oficial,cesar,aguachica
8.57,9.4,8.17,10.2,2,Universidad,Oficial,cesar,aguachica
9.4,8.17,10.2,6.78,1,Universidad,Oficial,cesar,aguachica
8.17,10.2,6.78,5.18,2,Universidad,Oficial,cesar,aguachica
10.2,6.78,5.18,8.26,1,Universidad,Oficial,cesar,aguachica
6.78,5.18,8.26,9.22,2,Universidad,Oficial,cesar,aguachica
5.18,8.26,9.22,10.05,1,Universidad,Oficial,cesar,aguachica
0.0,0.0,5.36,2.46,1,Universidad,Oficial,arauca,arauca
0.0,5.36,2.46,2.56,2,Universidad,Oficial,arauca,arauca
5.36,2.46,2.56,6.25,1,Universidad,Oficial,arauca,arauca
2.46,2.56,6.25,4.55,2,Universidad,Oficial,arauca,arauca
2.56,6.25,4.55,1.18,1,Universidad,Oficial,arauca,arauca
6.25,4.55,1.18,1.95,2,Universidad,Oficial,arauca,arauca
4.55,1.18,1.95,13.39,1,Universidad,Oficial,arauca,arauca
1.18,1.95,13.39,20.97,2,Universidad,Oficial,arauca,arauca
1.95,13.39,20.97,4.17,1,Universidad,Oficial,arauca,arauca
13.39,20.97,4.17,5.06,2,Universidad,Oficial,arauca,arauca
20.97,4.17,5.06,52.31,1,Universidad,Oficial,arauca,arauca
4.17,5.06,52.31,2.82,2,Universidad,Oficial,arauca,arauca
5.06,52.31,2.82,0.0,1,Universidad,Oficial,arauca,arauca
52.31,2.82,0.0,5.26,2,Universidad,Oficial,arauca,arauca
2.82,0.0,5.26,0.0,1,Universidad,Oficial,arauca,arauca
0.0,5.26,0.0,0.0,2,Universidad,Oficial,arauca,arauca
5.26,0.0,0.0,0.0,1,Universidad,Oficial,arauca,arauca
0.0,0.0,11.62,3.01,1,Universidad,Oficial,antioquia,medellin
0.0,11.62,3.01,5.1,2,Universidad,Oficial,antioquia,medellin
11.62,3.01,5.1,6.77,1,Universidad,Oficial,antioquia,medellin
3.01,5.1,6.77,5.13,2,Universidad,Oficial,antioquia,medellin
5.1,6.77,5.13,10.03,1,Universidad,Oficial,antioquia,medellin
6.77,5.13,10.03,8.0,2,Universidad,Oficial,antioquia,medellin
5.13,10.03,8.0,5.89,1,Universidad,Oficial,antioquia,medellin
10.03,8.0,5.89,7.13,2,Universidad,Oficial,antioquia,medellin
8.0,5.89,7.13,7.01,1,Universidad,Oficial,antioquia,medellin
5.89,7.13,7.01,10.21,2,Universidad,Oficial,antioquia,medellin
7.13,7.01,10.21,9.3,1,Universidad,Oficial,antioquia,medellin
7.01,10.21,9.3,6.25,2,Universidad,Oficial,antioquia,medellin
10.21,9.3,6.25,8.7,1,Universidad,Oficial,antioquia,medellin
9.3,6.25,8.7,7.19,2,Universidad,Oficial,antioquia,medellin
6.25,8.7,7.19,5.87,1,Universidad,Oficial,antioquia,medellin
8.7,7.19,5.87,7.97,2,Universidad,Oficial,antioquia,medellin
7.19,5.87,7.97,17.66,1,Universidad,Oficial,antioquia,medellin
5.87,7.97,17.66,8.95,2,Universidad,Oficial,antioquia,medellin
7.97,17.66,8.95,7.06,1,Universidad,Oficial,antioquia,medellin
17.66,8.95,7.06,7.04,2,Universidad,Oficial,antioquia,medellin
8.95,7.06,7.04,8.52,1,Universidad,Oficial,antioquia,medellin
7.06,7.04,8.52,8.54,2,Universidad,Oficial,antioquia,medellin
7.04,8.52,8.54,16.29,1,Universidad,Oficial,antioquia,medellin
8.52,8.54,16.29,11.74,2,Universidad,Oficial,antioquia,medellin
8.54,16.29,11.74,10.88,1,Universidad,Oficial,antioquia,medellin
16.29,11.74,10.88,9.57,2,Universidad,Oficial,antioquia,medellin
11.74,10.88,9.57,7.39,1,Universidad,Oficial,antioquia,medellin
10.88,9.57,7.39,9.71,2,Universidad,Oficial,antioquia,medellin
9.57,7.39,9.71,8.75,1,Universidad,Oficial,antioquia,medellin
7.39,9.71,8.75,8.03,2,Universidad,Oficial,antioquia,medellin
9.71,8.75,8.03,8.75,1,Universidad,Oficial,antioquia,medellin
8.75,8.03,8.75,9.29,2,Universidad,Oficial,antioquia,medellin
8.03,8.75,9.29,10.35,1,Universidad,Oficial,antioquia,medellin
8.75,9.29,10.35,8.49,2,Universidad,Oficial,antioquia,medellin
9.29,10.35,8.49,4.55,1,Universidad,Oficial,antioquia,medellin
10.35,8.49,4.55,8.2,2,Universidad,Oficial,antioquia,medellin
8.49,4.55,8.2,9.79,1,Universidad,Oficial,antioquia,medellin
4.55,8.2,9.79,8.79,2,Universidad,Oficial,antioquia,medellin
8.2,9.79,8.79,8.64,1,Universidad,Oficial,antioquia,medellin
9.79,8.79,8.64,10.62,2,Universidad,Oficial,antioquia,medellin
8.79,8.64,10.62,10.2,1,Universidad,Oficial,antioquia,medellin
8.64,10.62,10.2,9.96,2,Universidad,Oficial,antioquia,medellin
10.62,10.2,9.96,30.44,1,Universidad,Oficial,antioquia,medellin
10.2,9.96,30.44,7.37,2,Universidad,Oficial,antioquia,medellin
9.96,30.44,7.37,2.71,1,Universidad,Oficial,antioquia,medellin
30.44,7.37,2.71,9.73,2,Universidad,Oficial,antioquia,medellin
7.37,2.71,9.73,12.62,1,Universidad,Oficial,antioquia,medellin
0.0,0.0,8.47,15.69,1,Universidad,Oficial,atlantico,puerto colombia
0.0,8.47,15.69,6.16,2,Universidad,Oficial,atlantico,puerto colombia
8.47,15.69,6.16,5.13,1,Universidad,Oficial,atlantico,puerto colombia
15.69,6.16,5.13,13.6,2,Universidad,Oficial,atlantico,puerto colombia
6.16,5.13,13.6,39.83,1,Universidad,Oficial,atlantico,puerto colombia
5.13,13.6,39.83,6.21,2,Universidad,Oficial,atlantico,puerto colombia
13.6,39.83,6.21,8.55,1,Universidad,Oficial,atlantico,puerto colombia
39.83,6.21,8.55,100.0,2,Universidad,Oficial,atlantico,puerto colombia
6.21,8.55,100.0,14.43,1,Universidad,Oficial,atlantico,puerto colombia
8.55,100.0,14.43,2.13,2,Universidad,Oficial,atlantico,puerto colombia
100.0,14.43,2.13,6.53,1,Universidad,Oficial,atlantico,puerto colombia
14.43,2.13,6.53,8.73,2,Universidad,Oficial,atlantico,puerto colombia
2.13,6.53,8.73,8.42,1,Universidad,Oficial,atlantico,puerto colombia
6.53,8.73,8.42,11.89,2,Universidad,Oficial,atlantico,puerto colombia
8.73,8.42,11.89,11.78,1,Universidad,Oficial,atlantico,puerto colombia
8.42,11.89,11.78,14.7,2,Universidad,Oficial,atlantico,puerto colombia
11.89,11.78,14.7,15.11,1,Universidad,Oficial,atlantico,puerto colombia
11.78,14.7,15.11,15.02,2,Universidad,Oficial,atlantico,puerto colombia
14.7,15.11,15.02,18.62,1,Universidad,Oficial,atlantico,puerto colombia
15.11,15.02,18.62,17.17,2,Universidad,Oficial,atlantico,puerto colombia
15.02,18.62,17.17,16.33,1,Universidad,Oficial,atlantico,puerto colombia
18.62,17.17,16.33,11.42,2,Universidad,Oficial,atlantico,puerto colombia
17.17,16.33,11.42,9.5,1,Universidad,Oficial,atlantico,puerto colombia
16.33,11.42,9.5,8.26,2,Universidad,Oficial,atlantico,puerto colombia
11.42,9.5,8.26,9.44,1,Universidad,Oficial,atlantico,puerto colombia
9.5,8.26,9.44,9.17,2,Universidad,Oficial,atlantico,puerto colombia
8.26,9.44,9.17,9.81,1,Universidad,Oficial,atlantico,puerto colombia
9.44,9.17,9.81,7.48,2,Universidad,Oficial,atlantico,puerto colombia
9.17,9.81,7.48,9.2,1,Universidad,Oficial,atlantico,puerto colombia
9.81,7.48,9.2,7.88,2,Universidad,Oficial,atlantico,puerto colombia
7.48,9.2,7.88,9.46,1,Universidad,Oficial,atlantico,puerto colombia
9.2,7.88,9.46,9.9,2,Universidad,Oficial,atlantico,puerto colombia
7.88,9.46,9.9,8.79,1,Universidad,Oficial,atlantico,puerto colombia
9.46,9.9,8.79,9.24,2,Universidad,Oficial,atlantico,puerto colombia
9.9,8.79,9.24,9.97,1,Universidad,Oficial,atlantico,puerto colombia
8.79,9.24,9.97,9.51,2,Universidad,Oficial,atlantico,puerto colombia
9.24,9.97,9.51,10.42,1,Universidad,Oficial,atlantico,puerto colombia
9.97,9.51,10.42,10.41,2,Universidad,Oficial,atlantico,puerto colombia
9.51,10.42,10.41,10.49,1,Universidad,Oficial,atlantico,puerto colombia
10.42,10.41,10.49,10.12,2,Universidad,Oficial,atlantico,puerto colombia
10.41,10.49,10.12,21.32,1,Universidad,Oficial,atlantico,puerto colombia
10.49,10.12,21.32,12.49,2,Universidad,Oficial,atlantico,puerto colombia
10.12,21.32,12.49,9.14,1,Universidad,Oficial,atlantico,puerto colombia
21.32,12.49,9.14,9.65,2,Universidad,Oficial,atlantico,puerto colombia
12.49,9.14,9.65,100.0,1,Universidad,Oficial,atlantico,puerto colombia
9.14,9.65,100.0,11.76,2,Universidad,Oficial,atlantico,puerto colombia
9.65,100.0,11.76,3.72,1,Universidad,Oficial,atlantico,puerto colombia
0.0,0.0,4.57,7.71,1,Universidad,Oficial,valle del cauca,cali
0.0,4.57,7.71,3.72,2,Universidad,Oficial,valle del cauca,cali
4.57,7.71,3.72,8.1,1,Universidad,Oficial,valle del cauca,cali
7.71,3.72,8.1,5.17,2,Universidad,Oficial,valle del cauca,cali
3.72,8.1,5.17,8.54,1,Universidad,Oficial,valle del cauca,cali
8.1,5.17,8.54,8.35,2,Universidad,Oficial,valle del cauca,cali
5.17,8.54,8.35,9.82,1,Universidad,Oficial,valle del cauca,cali
8.54,8.35,9.82,8.29,2,Universidad,Oficial,valle del cauca,cali
8.35,9.82,8.29,10.12,1,Universidad,Oficial,valle del cauca,cali
9.82,8.29,10.12,7.33,2,Universidad,Oficial,valle del cauca,cali
8.29,10.12,7.33,7.42,1,Universidad,Oficial,valle del cauca,cali
10.12,7.33,7.42,7.6,2,Universidad,Oficial,valle del cauca,cali
7.33,7.42,7.6,8.72,1,Universidad,Oficial,valle del cauca,cali
7.42,7.6,8.72,9.0,2,Universidad,Oficial,valle del cauca,cali
7.6,8.72,9.0,8.37,1,Universidad,Oficial,valle del cauca,cali
8.72,9.0,8.37,13.33,2,Universidad,Oficial,valle del cauca,cali
9.0,8.37,13.33,58.26,1,Universidad,Oficial,valle del cauca,cali
8.37,13.33,58.26,6.03,2,Universidad,Oficial,valle del cauca,cali
13.33,58.26,6.03,6.53,1,Universidad,Oficial,valle del cauca,cali
58.26,6.03,6.53,9.65,2,Universidad,Oficial,valle del cauca,cali
6.03,6.53,9.65,14.81,1,Universidad,Oficial,valle del cauca,cali
6.53,9.65,14.81,6.87,2,Universidad,Oficial,valle del cauca,cali
9.65,14.81,6.87,7.66,1,Universidad,Oficial,valle del cauca,cali
14.81,6.87,7.66,7.71,2,Universidad,Oficial,valle del cauca,cali
6.87,7.66,7.71,7.81,1,Universidad,Oficial,valle del cauca,cali
7.66,7.71,7.81,8.24,2,Universidad,Oficial,valle del cauca,cali
7.71,7.81,8.24,6.7,1,Universidad,Oficial,valle del cauca,cali
7.81,8.24,6.7,7.82,2,Universidad,Oficial,valle del cauca,cali
8.24,6.7,7.82,6.83,1,Universidad,Oficial,valle del cauca,cali
6.7,7.82,6.83,6.7,2,Universidad,Oficial,valle del cauca,cali
7.82,6.83,6.7,7.24,1,Universidad,Oficial,valle del cauca,cali
6.83,6.7,7.24,7.79,2,Universidad,Oficial,valle del cauca,cali
6.7,7.24,7.79,7.08,1,Universidad,Oficial,valle del cauca,cali
7.24,7.79,7.08,7.31,2,Universidad,Oficial,valle del cauca,cali
7.79,7.08,7.31,5.76,1,Universidad,Oficial,valle del cauca,cali
7.08,7.31,5.76,7.44,2,Universidad,Oficial,valle del cauca,cali
7.31,5.76,7.44,5.99,1,Universidad,Oficial,valle del cauca,cali
5.76,7.44,5.99,6.15,2,Universidad,Oficial,valle del cauca,cali
7.44,5.99,6.15,5.66,1,Universidad,Oficial,valle del cauca,cali
5.99,6.15,5.66,7.18,2,Universidad,Oficial,valle del cauca,cali
6.15,5.66,7.18,9.22,1,Universidad,Oficial,valle del cauca,cali
5.66,7.18,9.22,14.28,2,Universidad,Oficial,valle del cauca,cali
7.18,9.22,14.28,5.81,1,Universidad,Oficial,valle del cauca,cali
9.22,14.28,5.81,5.31,2,Universidad,Oficial,valle del cauca,cali
14.28,5.81,5.31,8.93,1,Universidad,Oficial,valle del cauca,cali
5.81,5.31,8.93,4.95,2,Universidad,Oficial,valle del cauca,cali
5.31,8.93,4.95,7.93,1,Universidad,Oficial,valle del cauca,cali
0.0,0.0,100.0,14.29,1,Universidad,Oficial,santander,bucaramanga
0.0,100.0,14.29,16.39,2,Universidad,Oficial,santander,bucaramanga
100.0,14.29,16.39,42.86,1,Universidad,Oficial,santander,bucaramanga
14.29,16.39,42.86,2.7,2,Universidad,Oficial,santander,bucaramanga
16.39,42.86,2.7,0.11,1,Universidad,Oficial,santander,bucaramanga
42.86,2.7,0.11,6.9,2,Universidad,Oficial,santander,bucaramanga
2.7,0.11,6.9,4.62,1,Universidad,Oficial,santander,bucaramanga
0.11,6.9,4.62,5.7,2,Universidad,Oficial,santander,bucaramanga
6.9,4.62,5.7,5.05,1,Universidad,Oficial,santander,bucaramanga
4.62,5.7,5.05,5.37,2,Universidad,Oficial,santander,bucaramanga
5.7,5.05,5.37,6.44,1,Universidad,Oficial,santander,bucaramanga
5.05,5.37,6.44,5.76,2,Universidad,Oficial,santander,bucaramanga
5.37,6.44,5.76,5.02,1,Universidad,Oficial,santander,bucaramanga
6.44,5.76,5.02,6.81,2,Universidad,Oficial,santander,bucaramanga
5.76,5.02,6.81,6.21,1,Universidad,Oficial,santander,bucaramanga
5.02,6.81,6.21,4.75,2,Universidad,Oficial,santander,bucaramanga
6.81,6.21,4.75,5.17,1,Universidad,Oficial,santander,bucaramanga
6.21,4.75,5.17,6.36,2,Universidad,Oficial,santander,bucaramanga
4.75,5.17,6.36,5.24,1,Universidad,Oficial,santander,bucaramanga
5.17,6.36,5.24,5.25,2,Universidad,Oficial,santander,bucaramanga
6.36,5.24,5.25,5.44,1,Universidad,Oficial,santander,bucaramanga
5.24,5.25,5.44,6.41,2,Universidad,Oficial,santander,bucaramanga
5.25,5.44,6.41,5.27,1,Universidad,Oficial,santander,bucaramanga
5.44,6.41,5.27,5.62,2,Universidad,Oficial,santander,bucaramanga
6.41,5.27,5.62,6.83,1,Universidad,Oficial,santander,bucaramanga
5.27,5.62,6.83,6.74,2,Universidad,Oficial,santander,bucaramanga
5.62,6.83,6.74,5.87,1,Universidad,Oficial,santander,bucaramanga
6.83,6.74,5.87,6.53,2,Universidad,Oficial,santander,bucaramanga
6.74,5.87,6.53,5.94,1,Universidad,Oficial,santander,bucaramanga
5.87,6.53,5.94,6.22,2,Universidad,Oficial,santander,bucaramanga
6.53,5.94,6.22,5.45,1,Universidad,Oficial,santander,bucaramanga
5.94,6.22,5.45,3.88,2,Universidad,Oficial,santander,bucaramanga
6.22,5.45,3.88,7.87,1,Universidad,Oficial,santander,bucaramanga
5.45,3.88,7.87,6.21,2,Universidad,Oficial,santander,bucaramanga
3.88,7.87,6.21,6.21,1,Universidad,Oficial,santander,bucaramanga
7.87,6.21,6.21,5.77,2,Universidad,Oficial,santander,bucaramanga
6.21,6.21,5.77,4.43,1,Universidad,Oficial,santander,bucaramanga
6.21,5.77,4.43,4.82,2,Universidad,Oficial,santander,bucaramanga
5.77,4.43,4.82,5.25,1,Universidad,Oficial,santander,bucaramanga
4.43,4.82,5.25,5.49,2,Universidad,Oficial,santander,bucaramanga
4.82,5.25,5.49,5.35,1,Universidad,Oficial,santander,bucaramanga
5.25,5.49,5.35,4.62,2,Universidad,Oficial,santander,bucaramanga
5.49,5.35,4.62,4.22,1,Universidad,Oficial,santander,bucaramanga
5.35,4.62,4.22,2.31,2,Universidad,Oficial,santander,bucaramanga
4.62,4.22,2.31,3.15,1,Universidad,Oficial,santander,bucaramanga
4.22,2.31,3.15,4.29,2,Universidad,Oficial,santander,bucaramanga
2.31,3.15,4.29,5.39,1,Universidad,Oficial,santander,bucaramanga
0.0,0.0,0.74,1.02,1,Universidad,Oficial,bolivar,cartagena de indias
0.0,0.74,1.02,0.69,2,Universidad,Oficial,bolivar,cartagena de indias
0.74,1.02,0.69,0.57,1,Universidad,Oficial,bolivar,cartagena de indias
1.02,0.69,0.57,0.5,2,Universidad,Oficial,bolivar,cartagena de indias
0.69,0.57,0.5,22.79,1,Universidad,Oficial,bolivar,cartagena de indias
0.57,0.5,22.79,6.93,2,Universidad,Oficial,bolivar,cartagena de indias
0.5,22.79,6.93,5.6,1,Universidad,Oficial,bolivar,cartagena de indias
22.79,6.93,5.6,6.48,2,Universidad,Oficial,bolivar,cartagena de indias
6.93,5.6,6.48,5.29,1,Universidad,Oficial,bolivar,cartagena de indias
5.6,6.48,5.29,6.72,2,Universidad,Oficial,bolivar,cartagena de indias
6.48,5.29,6.72,5.65,1,Universidad,Oficial,bolivar,cartagena de indias
5.29,6.72,5.65,6.32,2,Universidad,Oficial,bolivar,cartagena de indias
6.72,5.65,6.32,5.53,1,Universidad,Oficial,bolivar,cartagena de indias
5.65,6.32,5.53,6.6,2,Universidad,Oficial,bolivar,cartagena de indias
6.32,5.53,6.6,6.03,1,Universidad,Oficial,bolivar,cartagena de indias
5.53,6.6,6.03,5.6,2,Universidad,Oficial,bolivar,cartagena de indias
6.6,6.03,5.6,6.23,1,Universidad,Oficial,bolivar,cartagena de indias
6.03,5.6,6.23,9.61,2,Universidad,Oficial,bolivar,cartagena de indias
5.6,6.23,9.61,6.97,1,Universidad,Oficial,bolivar,cartagena de indias
6.23,9.61,6.97,11.72,2,Universidad,Oficial,bolivar,cartagena de indias
9.61,6.97,11.72,8.22,1,Universidad,Oficial,bolivar,cartagena de indias
6.97,11.72,8.22,6.45,2,Universidad,Oficial,bolivar,cartagena de indias
11.72,8.22,6.45,6.59,1,Universidad,Oficial,bolivar,cartagena de indias
8.22,6.45,6.59,9.75,2,Universidad,Oficial,bolivar,cartagena de indias
6.45,6.59,9.75,7.48,1,Universidad,Oficial,bolivar,cartagena de indias
6.59,9.75,7.48,9.93,2,Universidad,Oficial,bolivar,cartagena de indias
9.75,7.48,9.93,9.52,1,Universidad,Oficial,bolivar,cartagena de indias
7.48,9.93,9.52,10.3,2,Universidad,Oficial,bolivar,cartagena de indias
9.93,9.52,10.3,12.23,1,Universidad,Oficial,bolivar,cartagena de indias
9.52,10.3,12.23,9.35,2,Universidad,Oficial,bolivar,cartagena de indias
10.3,12.23,9.35,8.55,1,Universidad,Oficial,bolivar,cartagena de indias
12.23,9.35,8.55,11.5,2,Universidad,Oficial,bolivar,cartagena de indias
9.35,8.55,11.5,10.96,1,Universidad,Oficial,bolivar,cartagena de indias
8.55,11.5,10.96,10.15,2,Universidad,Oficial,bolivar,cartagena de indias
11.5,10.96,10.15,9.76,1,Universidad,Oficial,bolivar,cartagena de indias
10.96,10.15,9.76,9.94,2,Universidad,Oficial,bolivar,cartagena de indias
10.15,9.76,9.94,9.37,1,Universidad,Oficial,bolivar,cartagena de indias
9.76,9.94,9.37,8.47,2,Universidad,Oficial,bolivar,cartagena de indias
9.94,9.37,8.47,8.52,1,Universidad,Oficial,bolivar,cartagena de indias
9.37,8.47,8.52,8.99,2,Universidad,Oficial,bolivar,cartagena de indias
8.47,8.52,8.99,10.03,1,Universidad,Oficial,bolivar,cartagena de indias
8.52,8.99,10.03,8.46,2,Universidad,Oficial,bolivar,cartagena de indias
8.99,10.03,8.46,7.69,1,Universidad,Oficial,bolivar,cartagena de indias
10.03,8.46,7.69,3.63,2,Universidad,Oficial,bolivar,cartagena de indias
8.46,7.69,3.63,12.42,1,Universidad,Oficial,bolivar,cartagena de indias
7.69,3.63,12.42,5.92,2,Universidad,Oficial,bolivar,cartagena de indias
3.63,12.42,5.92,3.01,1,Universidad,Oficial,bolivar,cartagena de indias
0.0,0.0,5.14,8.06,1,Universidad,Oficial,narino,pasto
0.0,5.14,8.06,6.98,2,Universidad,Oficial,narino,pasto
5.14,8.06,6.98,6.02,1,Universidad,Oficial,narino,pasto
8.06,6.98,6.02,3.53,2,Universidad,Oficial,narino,pasto
6.98,6.02,3.53,4.17,1,Universidad,Oficial,narino,pasto
6.02,3.53,4.17,1.79,2,Universidad,Oficial,narino,pasto
3.53,4.17,1.79,4.09,1,Universidad,Oficial,narino,pasto
4.17,1.79,4.09,2.06,2,Universidad,Oficial,narino,pasto
1.79,4.09,2.06,4.12,1,Universidad,Oficial,narino,pasto
4.09,2.06,4.12,5.96,2,Universidad,Oficial,narino,pasto
2.06,4.12,5.96,7.34,1,Universidad,Oficial,narino,pasto
4.12,5.96,7.34,4.17,2,Universidad,Oficial,narino,pasto
5.96,7.34,4.17,7.21,1,Universidad,Oficial,narino,pasto
7.34,4.17,7.21,8.2,2,Universidad,Oficial,narino,pasto
4.17,7.21,8.2,5.81,1,Universidad,Oficial,narino,pasto
7.21,8.2,5.81,2.63,2,Universidad,Oficial,narino,pasto
8.2,5.81,2.63,2.12,1,Universidad,Oficial,narino,pasto
5.81,2.63,2.12,5.15,2,Universidad,Oficial,narino,pasto
2.63,2.12,5.15,3.37,1,Universidad,Oficial,narino,pasto
2.12,5.15,3.37,5.08,2,Universidad,Oficial,narino,pasto
5.15,3.37,5.08,8.7,1,Universidad,Oficial,narino,pasto
3.37,5.08,8.7,6.21,2,Universidad,Oficial,narino,pasto
5.08,8.7,6.21,8.78,1,Universidad,Oficial,narino,pasto
8.7,6.21,8.78,4.85,2,Universidad,Oficial,narino,pasto
6.21,8.78,4.85,4.2,1,Universidad,Oficial,narino,pasto
8.78,4.85,4.2,3.88,2,Universidad,Oficial,narino,pasto
4.85,4.2,3.88,6.44,1,Universidad,Oficial,narino,pasto
4.2,3.88,6.44,5.87,2,Universidad,Oficial,narino,pasto
3.88,6.44,5.87,5.83,1,Universidad,Oficial,narino,pasto
6.44,5.87,5.83,6.03,2,Universidad,Oficial,narino,pasto
5.87,5.83,6.03,4.77,1,Universidad,Oficial,narino,pasto
5.83,6.03,4.77,4.86,2,Universidad,Oficial,narino,pasto
6.03,4.77,4.86,4.27,1,Universidad,Oficial,narino,pasto
4.77,4.86,4.27,6.4,2,Universidad,Oficial,narino,pasto
4.86,4.27,6.4,4.83,1,Universidad,Oficial,narino,pasto
4.27,6.4,4.83,5.82,2,Universidad,Oficial,narino,pasto
6.4,4.83,5.82,4.88,1,Universidad,Oficial,narino,pasto
4.83,5.82,4.88,5.64,2,Universidad,Oficial,narino,pasto
5.82,4.88,5.64,3.86,1,Universidad,Oficial,narino,pasto
4.88,5.64,3.86,4.76,2,Universidad,Oficial,narino,pasto
5.64,3.86,4.76,4.46,1,Universidad,Oficial,narino,pasto
3.86,4.76,4.46,4.57,2,Universidad,Oficial,narino,pasto
4.76,4.46,4.57,4.13,1,Universidad,Oficial,narino,pasto
4.46,4.57,4.13,4.37,2,Universidad,Oficial,narino,pasto
4.57,4.13,4.37,2.97,1,Universidad,Oficial,narino,pasto
4.13,4.37,2.97,5.82,2,Universidad,Oficial,narino,pasto
4.37,2.97,5.82,6.77,1,Universidad,Oficial,narino,pasto
0.0,0.0,7.17,7.51,1,Universidad,Oficial,tolima,ibague
0.0,7.17,7.51,6.82,2,Universidad,Oficial,tolima,ibague
7.17,7.51,6.82,6.43,1,Universidad,Oficial,tolima,ibague
7.51,6.82,6.43,4.14,2,Universidad,Oficial,tolima,ibague
6.82,6.43,4.14,2.54,1,Universidad,Oficial,tolima,ibague
6.43,4.14,2.54,24.1,2,Universidad,Oficial,tolima,ibague
4.14,2.54,24.1,4.53,1,Universidad,Oficial,tolima,ibague
2.54,24.1,4.53,8.85,2,Universidad,Oficial,tolima,ibague
24.1,4.53,8.85,10.12,1,Universidad,Oficial,tolima,ibague
4.53,8.85,10.12,17.28,2,Universidad,Oficial,tolima,ibague
8.85,10.12,17.28,32.39,1,Universidad,Oficial,tolima,ibague
10.12,17.28,32.39,17.98,2,Universidad,Oficial,tolima,ibague
17.28,32.39,17.98,18.96,1,Universidad,Oficial,tolima,ibague
32.39,17.98,18.96,17.06,2,Universidad,Oficial,tolima,ibague
17.98,18.96,17.06,29.2,1,Universidad,Oficial,tolima,ibague
18.96,17.06,29.2,8.74,2,Universidad,Oficial,tolima,ibague
17.06,29.2,8.74,7.42,1,Universidad,Oficial,tolima,ibague
29.2,8.74,7.42,7.32,2,Universidad,Oficial,tolima,ibague
8.74,7.42,7.32,5.36,1,Universidad,Oficial,tolima,ibague
7.42,7.32,5.36,12.95,2,Universidad,Oficial,tolima,ibague
7.32,5.36,12.95,23.77,1,Universidad,Oficial,tolima,ibague
5.36,12.95,23.77,25.77,2,Universidad,Oficial,tolima,ibague
12.95,23.77,25.77,22.63,1,Universidad,Oficial,tolima,ibague
23.77,25.77,22.63,19.94,2,Universidad,Oficial,tolima,ibague
25.77,22.63,19.94,14.54,1,Universidad,Oficial,tolima,ibague
22.63,19.94,14.54,21.22,2,Universidad,Oficial,tolima,ibague
19.94,14.54,21.22,12.44,1,Universidad,Oficial,tolima,ibague
14.54,21.22,12.44,29.81,2,Universidad,Oficial,tolima,ibague
21.22,12.44,29.81,31.16,1,Universidad,Oficial,tolima,ibague
12.44,29.81,31.16,5.74,2,Universidad,Oficial,tolima,ibague
29.81,31.16,5.74,9.86,1,Universidad,Oficial,tolima,ibague
31.16,5.74,9.86,11.18,2,Universidad,Oficial,tolima,ibague
5.74,9.86,11.18,13.49,1,Universidad,Oficial,tolima,ibague
9.86,11.18,13.49,11.9,2,Universidad,Oficial,tolima,ibague
11.18,13.49,11.9,9.01,1,Universidad,Oficial,tolima,ibague
13.49,11.9,9.01,12.94,2,Universidad,Oficial,tolima,ibague
11.9,9.01,12.94,24.11,1,Universidad,Oficial,tolima,ibague
9.01,12.94,24.11,11.85,2,Universidad,Oficial,tolima,ibague
12.94,24.11,11.85,8.99,1,Universidad,Oficial,tolima,ibague
24.11,11.85,8.99,8.31,2,Universidad,Oficial,tolima,ibague
11.85,8.99,8.31,10.49,1,Universidad,Oficial,tolima,ibague
8.99,8.31,10.49,6.81,2,Universidad,Oficial,tolima,ibague
8.31,10.49,6.81,7.55,1,Universidad,Oficial,tolima,ibague
10.49,6.81,7.55,4.0,2,Universidad,Oficial,tolima,ibague
6.81,7.55,4.0,6.31,1,Universidad,Oficial,tolima,ibague
7.55,4.0,6.31,10.95,2,Universidad,Oficial,tolima,ibague
4.0,6.31,10.95,13.11,1,Universidad,Oficial,tolima,ibague
0.0,0.0,0.0,0.0,1,Universidad,Oficial,quindio,armenia
0.0,0.0,0.0,0.0,2,Universidad,Oficial,quindio,armenia
0.0,0.0,0.0,0.0,1,Universidad,Oficial,quindio,armenia
0.0,0.0,0.0,8.19,2,Universidad,Oficial,quindio,armenia
0.0,0.0,8.19,10.25,1,Universidad,Oficial,quindio,armenia
0.0,8.19,10.25,10.01,2,Universidad,Oficial,quindio,armenia
8.19,10.25,10.01,7.65,1,Universidad,Oficial,quindio,armenia
10.25,10.01,7.65,10.2,2,Universidad,Oficial,quindio,armenia
10.01,7.65,10.2,8.89,1,Universidad,Oficial,quindio,armenia
7.65,10.2,8.89,8.76,2,Universidad,Oficial,quindio,armenia
10.2,8.89,8.76,10.63,1,Universidad,Oficial,quindio,armenia
8.89,8.76,10.63,10.36,2,Universidad,Oficial,quindio,armenia
8.76,10.63,10.36,10.96,1,Universidad,Oficial,quindio,armenia
10.63,10.36,10.96,12.65,2,Universidad,Oficial,quindio,armenia
10.36,10.96,12.65,15.37,1,Universidad,Oficial,quindio,armenia
10.96,12.65,15.37,12.82,2,Universidad,Oficial,quindio,armenia
12.65,15.37,12.82,10.46,1,Universidad,Oficial,quindio,armenia
15.37,12.82,10.46,9.52,2,Universidad,Oficial,quindio,armenia
12.82,10.46,9.52,8.42,1,Universidad,Oficial,quindio,armenia
10.46,9.52,8.42,12.2,2,Universidad,Oficial,quindio,armenia
9.52,8.42,12.2,13.37,1,Universidad,Oficial,quindio,armenia
8.42,12.2,13.37,9.57,2,Universidad,Oficial,quindio,armenia
12.2,13.37,9.57,13.33,1,Universidad,Oficial,quindio,armenia
13.37,9.57,13.33,11.7,2,Universidad,Oficial,quindio,armenia
9.57,13.33,11.7,10.33,1,Universidad,Oficial,quindio,armenia
13.33,11.7,10.33,9.27,2,Universidad,Oficial,quindio,armenia
11.7,10.33,9.27,9.99,1,Universidad,Oficial,quindio,armenia
10.33,9.27,9.99,8.81,2,Universidad,Oficial,quindio,armenia
9.27,9.99,8.81,8.43,1,Universidad,Oficial,quindio,armenia
9.99,8.81,8.43,8.04,2,Universidad,Oficial,quindio,armenia
8.81,8.43,8.04,8.82,1,Universidad,Oficial,quindio,armenia
8.43,8.04,8.82,7.74,2,Universidad,Oficial,quindio,armenia
8.04,8.82,7.74,7.67,1,Universidad,Oficial,quindio,armenia
8.82,7.74,7.67,6.28,2,Universidad,Oficial,quindio,armenia
7.74,7.67,6.28,9.29,1,Universidad,Oficial,quindio,armenia
7.67,6.28,9.29,16.88,2,Universidad,Oficial,quindio,armenia
6.28,9.29,16.88,10.72,1,Universidad,Oficial,quindio,armenia
9.29,16.88,10.72,2.38,2,Universidad,Oficial,quindio,armenia
16.88,10.72,2.38,21.47,1,Universidad,Oficial,quindio,armenia
10.72,2.38,21.47,11.56,2,Universidad,Oficial,quindio,armenia
2.38,21.47,11.56,9.44,1,Universidad,Oficial,quindio,armenia
21.47,11.56,9.44,7.2,2,Universidad,Oficial,quindio,armenia
11.56,9.44,7.2,9.03,1,Universidad,Oficial,quindio,armenia
9.44,7.2,9.03,4.89,2,Universidad,Oficial,quindio,armenia
7.2,9.03,4.89,6.71,1,Universidad,Oficial,quindio,armenia
9.03,4.89,6.71,6.58,2,Universidad,Oficial,quindio,armenia
4.89,6.71,6.58,8.26,1,Universidad,Oficial,quindio,armenia
0.0,0.0,24.77,100.0,1,Universidad,Oficial,norte de santander,cucuta
0.0,24.77,100.0,57.21,2,Universidad,Oficial,norte de santander,cucuta
24.77,100.0,57.21,10.8,1,Universidad,Oficial,norte de santander,cucuta
100.0,57.21,10.8,4.81,2,Universidad,Oficial,norte de santander,cucuta
57.21,10.8,4.81,8.02,1,Universidad,Oficial,norte de santander,cucuta
10.8,4.81,8.02,7.46,2,Universidad,Oficial,norte de santander,cucuta
4.81,8.02,7.46,8.08,1,Universidad,Oficial,norte de santander,cucuta
8.02,7.46,8.08,8.76,2,Universidad,Oficial,norte de santander,cucuta
7.46,8.08,8.76,9.16,1,Universidad,Oficial,norte de santander,cucuta
8.08,8.76,9.16,9.39,2,Universidad,Oficial,norte de santander,cucuta
8.76,9.16,9.39,12.89,1,Universidad,Oficial,norte de santander,cucuta
9.16,9.39,12.89,6.56,2,Universidad,Oficial,norte de santander,cucuta
9.39,12.89,6.56,9.68,1,Universidad,Oficial,norte de santander,cucuta
12.89,6.56,9.68,8.71,2,Universidad,Oficial,norte de santander,cucuta
6.56,9.68,8.71,11.02,1,Universidad,Oficial,norte de santander,cucuta
9.68,8.71,11.02,12.55,2,Universidad,Oficial,norte de santander,cucuta
8.71,11.02,12.55,44.05,1,Universidad,Oficial,norte de santander,cucuta
11.02,12.55,44.05,13.39,2,Universidad,Oficial,norte de santander,cucuta
12.55,44.05,13.39,9.77,1,Universidad,Oficial,norte de santander,cucuta
44.05,13.39,9.77,7.97,2,Universidad,Oficial,norte de santander,cucuta
13.39,9.77,7.97,8.61,1,Universidad,Oficial,norte de santander,cucuta
9.77,7.97,8.61,9.56,2,Universidad,Oficial,norte de santander,cucuta
7.97,8.61,9.56,7.37,1,Universidad,Oficial,norte de santander,cucuta
8.61,9.56,7.37,7.29,2,Universidad,Oficial,norte de santander,cucuta
9.56,7.37,7.29,9.83,1,Universidad,Oficial,norte de santander,cucuta
7.37,7.29,9.83,8.98,2,Universidad,Oficial,norte de santander,cucuta
7.29,9.83,8.98,10.5,1,Universidad,Oficial,norte de santander,cucuta
9.83,8.98,10.5,14.21,2,Universidad,Oficial,norte de santander,cucuta
8.98,10.5,14.21,9.8,1,Universidad,Oficial,norte de santander,cucuta
10.5,14.21,9.8,6.33,2,Universidad,Oficial,norte de santander,cucuta
14.21,9.8,6.33,7.34,1,Universidad,Oficial,norte de santander,cucuta
9.8,6.33,7.34,6.86,2,Universidad,Oficial,norte de santander,cucuta
6.33,7.34,6.86,6.48,1,Universidad,Oficial,norte de santander,cucuta
7.34,6.86,6.48,4.65,2,Universidad,Oficial,norte de santander,cucuta
6.86,6.48,4.65,5.72,1,Universidad,Oficial,norte de santander,cucuta
6.48,4.65,5.72,9.04,2,Universidad,Oficial,norte de santander,cucuta
4.65,5.72,9.04,6.86,1,Universidad,Oficial,norte de santander,cucuta
5.72,9.04,6.86,6.36,2,Universidad,Oficial,norte de santander,cucuta
9.04,6.86,6.36,5.94,1,Universidad,Oficial,norte de santander,cucuta
6.86,6.36,5.94,5.83,2,Universidad,Oficial,norte de santander,cucuta
6.36,5.94,5.83,5.7,1,Universidad,Oficial,norte de santander,cucuta
5.94,5.83,5.7,5.62,2,Universidad,Oficial,norte de santander,cucuta
5.83,5.7,5.62,4.88,1,Universidad,Oficial,norte de santander,cucuta
5.7,5.62,4.88,2.25,2,Universidad,Oficial,norte de santander,cucuta
5.62,4.88,2.25,2.51,1,Universidad,Oficial,norte de santander,cucuta
4.88,2.25,2.51,3.34,2,Universidad,Oficial,norte de santander,cucuta
2.25,2.51,3.34,6.37,1,Universidad,Oficial,norte de santander,cucuta
0.0,0.0,5.27,3.83,1,Universidad,Oficial,norte de santander,ocana
0.0,5.27,3.83,1.28,2,Universidad,Oficial,norte de santander,ocana
5.27,3.83,1.28,0.93,1,Universidad,Oficial,norte de santander,ocana
3.83,1.28,0.93,1.64,2,Universidad,Oficial,norte de santander,ocana
1.28,0.93,1.64,15.68,1,Universidad,Oficial,norte de santander,ocana
0.93,1.64,15.68,100.0,2,Universidad,Oficial,norte de santander,ocana
1.64,15.68,100.0,62.95,1,Universidad,Oficial,norte de santander,ocana
15.68,100.0,62.95,5.02,2,Universidad,Oficial,norte de santander,ocana
100.0,62.95,5.02,10.74,1,Universidad,Oficial,norte de santander,ocana
62.95,5.02,10.74,41.63,2,Universidad,Oficial,norte de santander,ocana
5.02,10.74,41.63,7.64,1,Universidad,Oficial,norte de santander,ocana
10.74,41.63,7.64,7.66,2,Universidad,Oficial,norte de santander,ocana
41.63,7.64,7.66,25.48,1,Universidad,Oficial,norte de santander,ocana
7.64,7.66,25.48,20.2,2,Universidad,Oficial,norte de santander,ocana
7.66,25.48,20.2,8.78,1,Universidad,Oficial,norte de santander,ocana
25.48,20.2,8.78,38.37,2,Universidad,Oficial,norte de santander,ocana
20.2,8.78,38.37,48.26,1,Universidad,Oficial,norte de santander,ocana
8.78,38.37,48.26,10.47,2,Universidad,Oficial,norte de santander,ocana
38.37,48.26,10.47,12.52,1,Universidad,Oficial,norte de santander,ocana
48.26,10.47,12.52,10.06,2,Universidad,Oficial,norte de santander,ocana
10.47,12.52,10.06,10.12,1,Universidad,Oficial,norte de santander,ocana
12.52,10.06,10.12,10.56,2,Universidad,Oficial,norte de santander,ocana
10.06,10.12,10.56,7.89,1,Universidad,Oficial,norte de santander,ocana
10.12,10.56,7.89,9.32,2,Universidad,Oficial,norte de santander,ocana
10.56,7.89,9.32,7.92,1,Universidad,Oficial,norte de santander,ocana
7.89,9.32,7.92,12.42,2,Universidad,Oficial,norte de santander,ocana
9.32,7.92,12.42,13.87,1,Universidad,Oficial,norte de santander,ocana
7.92,12.42,13.87,9.16,2,Universidad,Oficial,norte de santander,ocana
12.42,13.87,9.16,6.8,1,Universidad,Oficial,norte de santander,ocana
13.87,9.16,6.8,6.58,2,Universidad,Oficial,norte de santander,ocana
9.16,6.8,6.58,10.77,1,Universidad,Oficial,norte de santander,ocana
6.8,6.58,10.77,7.76,2,Universidad,Oficial,norte de santander,ocana
6.58,10.77,7.76,6.57,1,Universidad,Oficial,norte de santander,ocana
10.77,7.76,6.57,8.25,2,Universidad,Oficial,norte de santander,ocana
7.76,6.57,8.25,7.08,1,Universidad,Oficial,norte de santander,ocana
6.57,8.25,7.08,6.97,2,Universidad,Oficial,norte de santander,ocana
8.25,7.08,6.97,6.51,1,Universidad,Oficial,norte de santander,ocana
7.08,6.97,6.51,5.44,2,Universidad,Oficial,norte de santander,ocana
6.97,6.51,5.44,4.58,1,Universidad,Oficial,norte de santander,ocana
6.51,5.44,4.58,4.64,2,Universidad,Oficial,norte de santander,ocana
5.44,4.58,4.64,4.09,1,Universidad,Oficial,norte de santander,ocana
4.58,4.64,4.09,4.25,2,Universidad,Oficial,norte de santander,ocana
4.64,4.09,4.25,3.91,1,Universidad,Oficial,norte de santander,ocana
4.09,4.25,3.91,2.35,2,Universidad,Oficial,norte de santander,ocana
4.25,3.91,2.35,2.22,1,Universidad,Oficial,norte de santander,ocana
3.91,2.35,2.22,3.22,2,Universidad,Oficial,norte de santander,ocana
2.35,2.22,3.22,4.87,1,Universidad,Oficial,norte de santander,ocana
0.0,0.0,0.46,0.8,1,Universidad,Oficial,norte de santander,pamplona
0.0,0.46,0.8,0.53,2,Universidad,Oficial,norte de santander,pamplona
0.46,0.8,0.53,0.58,1,Universidad,Oficial,norte de santander,pamplona
0.8,0.53,0.58,2.89,2,Universidad,Oficial,norte de santander,pamplona
0.53,0.58,2.89,1.91,1,Universidad,Oficial,norte de santander,pamplona
0.58,2.89,1.91,6.03,2,Universidad,Oficial,norte de santander,pamplona
2.89,1.91,6.03,5.03,1,Universidad,Oficial,norte de santander,pamplona
1.91,6.03,5.03,4.86,2,Universidad,Oficial,norte de santander,pamplona
6.03,5.03,4.86,5.85,1,Universidad,Oficial,norte de santander,pamplona
5.03,4.86,5.85,6.98,2,Universidad,Oficial,norte de santander,pamplona
4.86,5.85,6.98,8.82,1,Universidad,Oficial,norte de santander,pamplona
5.85,6.98,8.82,11.99,2,Universidad,Oficial,norte de santander,pamplona
6.98,8.82,11.99,13.22,1,Universidad,Oficial,norte de santander,pamplona
8.82,11.99,13.22,7.77,2,Universidad,Oficial,norte de santander,pamplona
11.99,13.22,7.77,8.88,1,Universidad,Oficial,norte de santander,pamplona
13.22,7.77,8.88,6.3,2,Universidad,Oficial,norte de santander,pamplona
7.77,8.88,6.3,7.01,1,Universidad,Oficial,norte de santander,pamplona
8.88,6.3,7.01,11.22,2,Universidad,Oficial,norte de santander,pamplona
6.3,7.01,11.22,11.33,1,Universidad,Oficial,norte de santander,pamplona
7.01,11.22,11.33,15.82,2,Universidad,Oficial,norte de santander,pamplona
11.22,11.33,15.82,10.64,1,Universidad,Oficial,norte de santander,pamplona
11.33,15.82,10.64,9.73,2,Universidad,Oficial,norte de santander,pamplona
15.82,10.64,9.73,14.83,1,Universidad,Oficial,norte de santander,pamplona
10.64,9.73,14.83,7.91,2,Universidad,Oficial,norte de santander,pamplona
9.73,14.83,7.91,7.47,1,Universidad,Oficial,norte de santander,pamplona
14.83,7.91,7.47,8.73,2,Universidad,Oficial,norte de santander,pamplona
7.91,7.47,8.73,10.83,1,Universidad,Oficial,norte de santander,pamplona
7.47,8.73,10.83,8.74,2,Universidad,Oficial,norte de santander,pamplona
8.73,10.83,8.74,10.34,1,Universidad,Oficial,norte de santander,pamplona
10.83,8.74,10.34,6.74,2,Universidad,Oficial,norte de santander,pamplona
8.74,10.34,6.74,8.0,1,Universidad,Oficial,norte de santander,pamplona
10.34,6.74,8.0,6.75,2,Universidad,Oficial,norte de santander,pamplona
6.74,8.0,6.75,7.08,1,Universidad,Oficial,norte de santander,pamplona
8.0,6.75,7.08,7.15,2,Universidad,Oficial,norte de santander,pamplona
6.75,7.08,7.15,6.18,1,Universidad,Oficial,norte de santander,pamplona
7.08,7.15,6.18,7.06,2,Universidad,Oficial,norte de santander,pamplona
7.15,6.18,7.06,8.34,1,Universidad,Oficial,norte de santander,pamplona
6.18,7.06,8.34,6.74,2,Universidad,Oficial,norte de santander,pamplona
7.06,8.34,6.74,7.5,1,Universidad,Oficial,norte de santander,pamplona
8.34,6.74,7.5,5.76,2,Universidad,Oficial,norte de santander,pamplona
6.74,7.5,5.76,7.62,1,Universidad,Oficial,norte de santander,pamplona
7.5,5.76,7.62,4.85,2,Universidad,Oficial,norte de santander,pamplona
5.76,7.62,4.85,5.84,1,Universidad,Oficial,norte de santander,pamplona
7.62,4.85,5.84,2.93,2,Universidad,Oficial,norte de santander,pamplona
4.85,5.84,2.93,4.49,1,Universidad,Oficial,norte de santander,pamplona
5.84,2.93,4.49,4.48,2,Universidad,Oficial,norte de santander,pamplona
2.93,4.49,4.48,7.21,1,Universidad,Oficial,norte de santander,pamplona
0.0,0.0,0.0,0.0,1,Universidad,Oficial,magdalena,santa marta
0.0,0.0,0.0,2.47,2,Universidad,Oficial,magdalena,santa marta
0.0,0.0,2.47,7.3,1,Universidad,Oficial,magdalena,santa marta
0.0,2.47,7.3,8.49,2,Universidad,Oficial,magdalena,santa marta
2.47,7.3,8.49,8.15,1,Universidad,Oficial,magdalena,santa marta
7.3,8.49,8.15,8.47,2,Universidad,Oficial,magdalena,santa marta
8.49,8.15,8.47,3.26,1,Universidad,Oficial,magdalena,santa marta
8.15,8.47,3.26,5.11,2,Universidad,Oficial,magdalena,santa marta
8.47,3.26,5.11,10.33,1,Universidad,Oficial,magdalena,santa marta
3.26,5.11,10.33,5.85,2,Universidad,Oficial,magdalena,santa marta
5.11,10.33,5.85,5.73,1,Universidad,Oficial,magdalena,santa marta
10.33,5.85,5.73,6.79,2,Universidad,Oficial,magdalena,santa marta
5.85,5.73,6.79,10.07,1,Universidad,Oficial,magdalena,santa marta
5.73,6.79,10.07,10.75,2,Universidad,Oficial,magdalena,santa marta
6.79,10.07,10.75,8.47,1,Universidad,Oficial,magdalena,santa marta
10.07,10.75,8.47,8.36,2,Universidad,Oficial,magdalena,santa marta
10.75,8.47,8.36,8.87,1,Universidad,Oficial,magdalena,santa marta
8.47,8.36,8.87,9.43,2,Universidad,Oficial,magdalena,santa marta
8.36,8.87,9.43,6.01,1,Universidad,Oficial,magdalena,santa marta
8.87,9.43,6.01,6.66,2,Universidad,Oficial,magdalena,santa marta
9.43,6.01,6.66,12.94,1,Universidad,Oficial,magdalena,santa marta
6.01,6.66,12.94,10.59,2,Universidad,Oficial,magdalena,santa marta
6.66,12.94,10.59,7.83,1,Universidad,Oficial,magdalena,santa marta
12.94,10.59,7.83,6.53,2,Universidad,Oficial,magdalena,santa marta
10.59,7.83,6.53,9.8,1,Universidad,Oficial,magdalena,santa marta
7.83,6.53,9.8,7.26,2,Universidad,Oficial,magdalena,santa marta
6.53,9.8,7.26,7.73,1,Universidad,Oficial,magdalena,santa marta
9.8,7.26,7.73,7.97,2,Universidad,Oficial,magdalena,santa marta
7.26,7.73,7.97,8.39,1,Universidad,Oficial,magdalena,santa marta
7.73,7.97,8.39,7.84,2,Universidad,Oficial,magdalena,santa marta
7.97,8.39,7.84,11.52,1,Universidad,Oficial,magdalena,santa marta
8.39,7.84,11.52,7.27,2,Universidad,Oficial,magdalena,santa marta
7.84,11.52,7.27,6.66,1,Universidad,Oficial,magdalena,santa marta
11.52,7.27,6.66,9.21,2,Universidad,Oficial,magdalena,santa marta
7.27,6.66,9.21,9.54,1,Universidad,Oficial,magdalena,santa marta
6.66,9.21,9.54,8.09,2,Universidad,Oficial,magdalena,santa marta
9.21,9.54,8.09,5.36,1,Universidad,Oficial,magdalena,santa marta
9.54,8.09,5.36,6.07,2,Universidad,Oficial,magdalena,santa marta
8.09,5.36,6.07,4.97,1,Universidad,Oficial,magdalena,santa marta
5.36,6.07,4.97,4.71,2,Universidad,Oficial,magdalena,santa marta
6.07,4.97,4.71,4.57,1,Universidad,Oficial,magdalena,santa marta
4.97,4.71,4.57,4.67,2,Universidad,Oficial,magdalena,santa marta
4.71,4.57,4.67,3.28,1,Universidad,Oficial,magdalena,santa marta
4.57,4.67,3.28,0.95,2,Universidad,Oficial,magdalena,santa marta
4.67,3.28,0.95,2.94,1,Universidad,Oficial,magdalena,santa marta
3.28,0.95,2.94,4.89,2,Universidad,Oficial,magdalena,santa marta
0.95,2.94,4.89,4.34,1,Universidad,Oficial,magdalena,santa marta
0.0,0.0,32.1,8.5,1,Universidad,Oficial,cundinamarca,fusagasuga
0.0,32.1,8.5,11.75,2,Universidad,Oficial,cundinamarca,fusagasuga
32.1,8.5,11.75,12.71,1,Universidad,Oficial,cundinamarca,fusagasuga
8.5,11.75,12.71,9.91,2,Universidad,Oficial,cundinamarca,fusagasuga
11.75,12.71,9.91,6.99,1,Universidad,Oficial,cundinamarca,fusagasuga
12.71,9.91,6.99,9.92,2,Universidad,Oficial,cundinamarca,fusagasuga
9.91,6.99,9.92,9.62,1,Universidad,Oficial,cundinamarca,fusagasuga
6.99,9.92,9.62,10.97,2,Universidad,Oficial,cundinamarca,fusagasuga
9.92,9.62,10.97,10.45,1,Universidad,Oficial,cundinamarca,fusagasuga
9.62,10.97,10.45,13.43,2,Universidad,Oficial,cundinamarca,fusagasuga
10.97,10.45,13.43,12.69,1,Universidad,Oficial,cundinamarca,fusagasuga
10.45,13.43,12.69,13.02,2,Universidad,Oficial,cundinamarca,fusagasuga
13.43,12.69,13.02,56.27,1,Universidad,Oficial,cundinamarca,fusagasuga
12.69,13.02,56.27,14.69,2,Universidad,Oficial,cundinamarca,fusagasuga
13.02,56.27,14.69,3.23,1,Universidad,Oficial,cundinamarca,fusagasuga
56.27,14.69,3.23,7.63,2,Universidad,Oficial,cundinamarca,fusagasuga
14.69,3.23,7.63,13.74,1,Universidad,Oficial,cundinamarca,fusagasuga
3.23,7.63,13.74,7.71,2,Universidad,Oficial,cundinamarca,fusagasuga
7.63,13.74,7.71,10.4,1,Universidad,Oficial,cundinamarca,fusagasuga
13.74,7.71,10.4,9.3,2,Universidad,Oficial,cundinamarca,fusagasuga
7.71,10.4,9.3,8.34,1,Universidad,Oficial,cundinamarca,fusagasuga
10.4,9.3,8.34,10.17,2,Universidad,Oficial,cundinamarca,fusagasuga
9.3,8.34,10.17,11.33,1,Universidad,Oficial,cundinamarca,fusagasuga
8.34,10.17,11.33,7.92,2,Universidad,Oficial,cundinamarca,fusagasuga
10.17,11.33,7.92,8.5,1,Universidad,Oficial,cundinamarca,fusagasuga
11.33,7.92,8.5,8.47,2,Universidad,Oficial,cundinamarca,fusagasuga
7.92,8.5,8.47,8.54,1,Universidad,Oficial,cundinamarca,fusagasuga
8.5,8.47,8.54,6.79,2,Universidad,Oficial,cundinamarca,fusagasuga
8.47,8.54,6.79,7.32,1,Universidad,Oficial,cundinamarca,fusagasuga
8.54,6.79,7.32,7.47,2,Universidad,Oficial,cundinamarca,fusagasuga
6.79,7.32,7.47,8.6,1,Universidad,Oficial,cundinamarca,fusagasuga
7.32,7.47,8.6,8.26,2,Universidad,Oficial,cundinamarca,fusagasuga
7.47,8.6,8.26,8.16,1,Universidad,Oficial,cundinamarca,fusagasuga
8.6,8.26,8.16,8.62,2,Universidad,Oficial,cundinamarca,fusagasuga
8.26,8.16,8.62,8.17,1,Universidad,Oficial,cundinamarca,fusagasuga
8.16,8.62,8.17,7.09,2,Universidad,Oficial,cundinamarca,fusagasuga
8.62,8.17,7.09,8.89,1,Universidad,Oficial,cundinamarca,fusagasuga
8.17,7.09,8.89,8.75,2,Universidad,Oficial,cundinamarca,fusagasuga
7.09,8.89,8.75,7.62,1,Universidad,Oficial,cundinamarca,fusagasuga
8.89,8.75,7.62,7.7,2,Universidad,Oficial,cundinamarca,fusagasuga
8.75,7.62,7.7,7.43,1,Universidad,Oficial,cundinamarca,fusagasuga
7.62,7.7,7.43,6.57,2,Universidad,Oficial,cundinamarca,fusagasuga
7.7,7.43,6.57,6.89,1,Universidad,Oficial,cundinamarca,fusagasuga
7.43,6.57,6.89,4.18,2,Universidad,Oficial,cundinamarca,fusagasuga
6.57,6.89,4.18,4.61,1,Universidad,Oficial,cundinamarca,fusagasuga
6.89,4.18,4.61,5.83,2,Universidad,Oficial,cundinamarca,fusagasuga
4.18,4.61,5.83,7.38,1,Universidad,Oficial,cundinamarca,fusagasuga
0.0,0.0,13.2,8.41,1,Universidad,Oficial,cundinamarca,girardot
0.0,13.2,8.41,9.0,2,Universidad,Oficial,cundinamarca,girardot
13.2,8.41,9.0,8.35,1,Universidad,Oficial,cundinamarca,girardot
8.41,9.0,8.35,7.44,2,Universidad,Oficial,cundinamarca,girardot
9.0,8.35,7.44,7.48,1,Universidad,Oficial,cundinamarca,girardot
8.35,7.44,7.48,7.68,2,Universidad,Oficial,cundinamarca,girardot
7.44,7.48,7.68,7.13,1,Universidad,Oficial,cundinamarca,girardot
7.48,7.68,7.13,7.72,2,Universidad,Oficial,cundinamarca,girardot
7.68,7.13,7.72,6.73,1,Universidad,Oficial,cundinamarca,girardot
7.13,7.72,6.73,11.55,2,Universidad,Oficial,cundinamarca,girardot
7.72,6.73,11.55,10.94,1,Universidad,Oficial,cundinamarca,girardot
6.73,11.55,10.94,11.92,2,Universidad,Oficial,cundinamarca,girardot
11.55,10.94,11.92,100.0,1,Universidad,Oficial,cundinamarca,girardot
10.94,11.92,100.0,27.25,2,Universidad,Oficial,cundinamarca,girardot
11.92,100.0,27.25,0.34,1,Universidad,Oficial,cundinamarca,girardot
100.0,27.25,0.34,18.75,2,Universidad,Oficial,cundinamarca,girardot
27.25,0.34,18.75,16.48,1,Universidad,Oficial,cundinamarca,girardot
0.34,18.75,16.48,7.73,2,Universidad,Oficial,cundinamarca,girardot
18.75,16.48,7.73,7.31,1,Universidad,Oficial,cundinamarca,girardot
16.48,7.73,7.31,4.23,2,Universidad,Oficial,cundinamarca,girardot
7.73,7.31,4.23,7.65,1,Universidad,Oficial,cundinamarca,girardot
7.31,4.23,7.65,9.1,2,Universidad,Oficial,cundinamarca,girardot
4.23,7.65,9.1,10.8,1,Universidad,Oficial,cundinamarca,girardot
7.65,9.1,10.8,6.74,2,Universidad,Oficial,cundinamarca,girardot
9.1,10.8,6.74,7.49,1,Universidad,Oficial,cundinamarca,girardot
10.8,6.74,7.49,7.13,2,Universidad,Oficial,cundinamarca,girardot
6.74,7.49,7.13,7.89,1,Universidad,Oficial,cundinamarca,girardot
7.49,7.13,7.89,5.95,2,Universidad,Oficial,cundinamarca,girardot
7.13,7.89,5.95,6.83,1,Universidad,Oficial,cundinamarca,girardot
7.89,5.95,6.83,5.17,2,Universidad,Oficial,cundinamarca,girardot
5.95,6.83,5.17,7.64,1,Universidad,Oficial,cundinamarca,girardot
6.83,5.17,7.64,7.15,2,Universidad,Oficial,cundinamarca,girardot
5.17,7.64,7.15,7.49,1,Universidad,Oficial,cundinamarca,girardot
7.64,7.15,7.49,8.61,2,Universidad,Oficial,cundinamarca,girardot
7.15,7.49,8.61,7.59,1,Universidad,Oficial,cundinamarca,girardot
7.49,8.61,7.59,7.51,2,Universidad,Oficial,cundinamarca,girardot
8.61,7.59,7.51,6.84,1,Universidad,Oficial,cundinamarca,girardot
7.59,7.51,6.84,5.82,2,Universidad,Oficial,cundinamarca,girardot
7.51,6.84,5.82,7.2,1,Universidad,Oficial,cundinamarca,girardot
6.84,5.82,7.2,8.02,2,Universidad,Oficial,cundinamarca,girardot
5.82,7.2,8.02,7.68,1,Universidad,Oficial,cundinamarca,girardot
7.2,8.02,7.68,4.03,2,Universidad,Oficial,cundinamarca,girardot
8.02,7.68,4.03,4.5,1,Universidad,Oficial,cundinamarca,girardot
7.68,4.03,4.5,2.84,2,Universidad,Oficial,cundinamarca,girardot
4.03,4.5,2.84,3.51,1,Universidad,Oficial,cundinamarca,girardot
4.5,2.84,3.51,4.47,2,Universidad,Oficial,cundinamarca,girardot
2.84,3.51,4.47,8.37,1,Universidad,Oficial,cundinamarca,girardot
0.0,0.0,23.57,0.0,1,Universidad,Oficial,cundinamarca,villa de san diego de ubate
0.0,23.57,0.0,14.29,2,Universidad,Oficial,cundinamarca,villa de san diego de ubate
23.57,0.0,14.29,18.89,1,Universidad,Oficial,cundinamarca,villa de san diego de ubate
0.0,14.29,18.89,13.11,2,Universidad,Oficial,cundinamarca,villa de san diego de ubate
14.29,18.89,13.11,8.05,1,Universidad,Oficial,cundinamarca,villa de san diego de ubate
18.89,13.11,8.05,11.17,2,Universidad,Oficial,cundinamarca,villa de san diego de ubate
13.11,8.05,11.17,13.52,1,Universidad,Oficial,cundinamarca,villa de san diego de ubate
8.05,11.17,13.52,19.06,2,Universidad,Oficial,cundinamarca,villa de san diego de ubate
11.17,13.52,19.06,19.63,1,Universidad,Oficial,cundinamarca,villa de san diego de ubate
13.52,19.06,19.63,16.6,2,Universidad,Oficial,cundinamarca,villa de san diego de ubate
19.06,19.63,16.6,24.65,1,Universidad,Oficial,cundinamarca,villa de san diego de ubate
19.63,16.6,24.65,20.09,2,Universidad,Oficial,cundinamarca,villa de san diego de ubate
16.6,24.65,20.09,100.0,1,Universidad,Oficial,cundinamarca,villa de san diego de ubate
24.65,20.09,100.0,47.59,2,Universidad,Oficial,cundinamarca,villa de san diego de ubate
20.09,100.0,47.59,4.24,1,Universidad,Oficial,cundinamarca,villa de san diego de ubate
100.0,47.59,4.24,13.64,2,Universidad,Oficial,cundinamarca,villa de san diego de ubate
47.59,4.24,13.64,42.07,1,Universidad,Oficial,cundinamarca,villa de san diego de ubate
4.24,13.64,42.07,12.44,2,Universidad,Oficial,cundinamarca,villa de san diego de ubate
13.64,42.07,12.44,8.88,1,Universidad,Oficial,cundinamarca,villa de san diego de ubate
42.07,12.44,8.88,14.0,2,Universidad,Oficial,cundinamarca,villa de san diego de ubate
12.44,8.88,14.0,9.01,1,Universidad,Oficial,cundinamarca,villa de san diego de ubate
8.88,14.0,9.01,10.38,2,Universidad,Oficial,cundinamarca,villa de san diego de ubate
14.0,9.01,10.38,11.62,1,Universidad,Oficial,cundinamarca,villa de san diego de ubate
9.01,10.38,11.62,9.23,2,Universidad,Oficial,cundinamarca,villa de san diego de ubate
10.38,11.62,9.23,8.21,1,Universidad,Oficial,cundinamarca,villa de san diego de ubate
11.62,9.23,8.21,12.35,2,Universidad,Oficial,cundinamarca,villa de san diego de ubate
9.23,8.21,12.35,9.64,1,Universidad,Oficial,cundinamarca,villa de san diego de ubate
8.21,12.35,9.64,5.37,2,Universidad,Oficial,cundinamarca,villa de san diego de ubate
12.35,9.64,5.37,6.04,1,Universidad,Oficial,cundinamarca,villa de san diego de ubate
9.64,5.37,6.04,6.67,2,Universidad,Oficial,cundinamarca,villa de san diego de ubate
5.37,6.04,6.67,6.21,1,Universidad,Oficial,cundinamarca,villa de san diego de ubate
6.04,6.67,6.21,6.28,2,Universidad,Oficial,cundinamarca,villa de san diego de ubate
6.67,6.21,6.28,9.4,1,Universidad,Oficial,cundinamarca,villa de san diego de ubate
6.21,6.28,9.4,7.13,2,Universidad,Oficial,cundinamarca,villa de san diego de ubate
6.28,9.4,7.13,8.87,1,Universidad,Oficial,cundinamarca,villa de san diego de ubate
9.4,7.13,8.87,11.37,2,Universidad,Oficial,cundinamarca,villa de san diego de ubate
7.13,8.87,11.37,7.31,1,Universidad,Oficial,cundinamarca,villa de san diego de ubate
8.87,11.37,7.31,9.07,2,Universidad,Oficial,cundinamarca,villa de san diego de ubate
11.37,7.31,9.07,8.91,1,Universidad,Oficial,cundinamarca,villa de san diego de ubate
7.31,9.07,8.91,7.34,2,Universidad,Oficial,cundinamarca,villa de san diego de ubate
9.07,8.91,7.34,7.17,1,Universidad,Oficial,cundinamarca,villa de san diego de ubate
8.91,7.34,7.17,6.04,2,Universidad,Oficial,cundinamarca,villa de san diego de ubate
7.34,7.17,6.04,7.71,1,Universidad,Oficial,cundinamarca,villa de san diego de ubate
7.17,6.04,7.71,5.63,2,Universidad,Oficial,cundinamarca,villa de san diego de ubate
6.04,7.71,5.63,4.98,1,Universidad,Oficial,cundinamarca,villa de san diego de ubate
7.71,5.63,4.98,7.04,2,Universidad,Oficial,cundinamarca,villa de san diego de ubate
5.63,4.98,7.04,6.3,1,Universidad,Oficial,cundinamarca,villa de san diego de ubate
0.0,0.0,5.88,7.34,2,Universidad,Oficial,antioquia,el carmen de viboral
0.0,5.88,7.34,4.93,1,Universidad,Oficial,antioquia,el carmen de viboral
5.88,7.34,4.93,11.22,2,Universidad,Oficial,antioquia,el carmen de viboral
7.34,4.93,11.22,7.75,1,Universidad,Oficial,antioquia,el carmen de viboral
4.93,11.22,7.75,13.95,2,Universidad,Oficial,antioquia,el carmen de viboral
11.22,7.75,13.95,21.63,1,Universidad,Oficial,antioquia,el carmen de viboral
7.75,13.95,21.63,11.38,2,Universidad,Oficial,antioquia,el carmen de viboral
13.95,21.63,11.38,7.37,1,Universidad,Oficial,antioquia,el carmen de viboral
21.63,11.38,7.37,3.28,2,Universidad,Oficial,antioquia,el carmen de viboral
11.38,7.37,3.28,7.79,1,Universidad,Oficial,antioquia,el carmen de viboral
7.37,3.28,7.79,9.66,2,Universidad,Oficial,antioquia,el carmen de viboral
3.28,7.79,9.66,9.13,1,Universidad,Oficial,antioquia,el carmen de viboral
7.79,9.66,9.13,8.07,2,Universidad,Oficial,antioquia,el carmen de viboral
9.66,9.13,8.07,6.15,1,Universidad,Oficial,antioquia,el carmen de viboral
9.13,8.07,6.15,7.5,2,Universidad,Oficial,antioquia,el carmen de viboral
8.07,6.15,7.5,6.33,1,Universidad,Oficial,antioquia,el carmen de viboral
6.15,7.5,6.33,7.61,2,Universidad,Oficial,antioquia,el carmen de viboral
7.5,6.33,7.61,6.73,1,Universidad,Oficial,antioquia,el carmen de viboral
6.33,7.61,6.73,14.74,2,Universidad,Oficial,antioquia,el carmen de viboral
7.61,6.73,14.74,10.05,1,Universidad,Oficial,antioquia,el carmen de viboral
6.73,14.74,10.05,8.19,2,Universidad,Oficial,antioquia,el carmen de viboral
14.74,10.05,8.19,12.8,1,Universidad,Oficial,antioquia,el carmen de viboral
10.05,8.19,12.8,3.73,2,Universidad,Oficial,antioquia,el carmen de viboral
8.19,12.8,3.73,4.35,1,Universidad,Oficial,antioquia,el carmen de viboral
12.8,3.73,4.35,7.09,2,Universidad,Oficial,antioquia,el carmen de viboral
3.73,4.35,7.09,6.28,1,Universidad,Oficial,antioquia,el carmen de viboral
4.35,7.09,6.28,7.41,2,Universidad,Oficial,antioquia,el carmen de viboral
7.09,6.28,7.41,7.72,1,Universidad,Oficial,antioquia,el carmen de viboral
6.28,7.41,7.72,6.59,2,Universidad,Oficial,antioquia,el carmen de viboral
7.41,7.72,6.59,30.9,1,Universidad,Oficial,antioquia,el carmen de viboral
7.72,6.59,30.9,7.97,2,Universidad,Oficial,antioquia,el carmen de viboral
6.59,30.9,7.97,15.14,1,Universidad,Oficial,antioquia,el carmen de viboral
30.9,7.97,15.14,8.78,2,Universidad,Oficial,antioquia,el carmen de viboral
7.97,15.14,8.78,28.78,1,Universidad,Oficial,antioquia,el carmen de viboral
15.14,8.78,28.78,3.83,2,Universidad,Oficial,antioquia,el carmen de viboral
8.78,28.78,3.83,7.69,1,Universidad,Oficial,antioquia,el carmen de viboral
28.78,3.83,7.69,12.37,2,Universidad,Oficial,antioquia,el carmen de viboral
3.83,7.69,12.37,10.15,1,Universidad,Oficial,antioquia,el carmen de viboral
7.69,12.37,10.15,19.81,2,Universidad,Oficial,antioquia,el carmen de viboral
12.37,10.15,19.81,28.57,1,Universidad,Oficial,antioquia,el carmen de viboral
10.15,19.81,28.57,31.06,2,Universidad,Oficial,antioquia,el carmen de viboral
19.81,28.57,31.06,5.96,1,Universidad,Oficial,antioquia,el carmen de viboral
28.57,31.06,5.96,10.95,2,Universidad,Oficial,antioquia,el carmen de viboral
31.06,5.96,10.95,12.84,1,Universidad,Oficial,antioquia,el carmen de viboral
0.0,0.0,6.41,2.5,2,Universidad,Oficial,antioquia,andes
0.0,6.41,2.5,29.31,1,Universidad,Oficial,antioquia,andes
6.41,2.5,29.31,6.61,2,Universidad,Oficial,antioquia,andes
2.5,29.31,6.61,0.65,1,Universidad,Oficial,antioquia,andes
29.31,6.61,0.65,7.82,2,Universidad,Oficial,antioquia,andes
6.61,0.65,7.82,20.92,1,Universidad,Oficial,antioquia,andes
0.65,7.82,20.92,13.23,2,Universidad,Oficial,antioquia,andes
7.82,20.92,13.23,6.37,1,Universidad,Oficial,antioquia,andes
20.92,13.23,6.37,8.06,2,Universidad,Oficial,antioquia,andes
13.23,6.37,8.06,4.07,1,Universidad,Oficial,antioquia,andes
6.37,8.06,4.07,9.57,2,Universidad,Oficial,antioquia,andes
8.06,4.07,9.57,7.74,1,Universidad,Oficial,antioquia,andes
4.07,9.57,7.74,9.06,2,Universidad,Oficial,antioquia,andes
9.57,7.74,9.06,10.34,1,Universidad,Oficial,antioquia,andes
7.74,9.06,10.34,10.47,2,Universidad,Oficial,antioquia,andes
9.06,10.34,10.47,7.94,1,Universidad,Oficial,antioquia,andes
10.34,10.47,7.94,8.13,2,Universidad,Oficial,antioquia,andes
10.47,7.94,8.13,12.03,1,Universidad,Oficial,antioquia,andes
7.94,8.13,12.03,16.8,2,Universidad,Oficial,antioquia,andes
8.13,12.03,16.8,5.89,1,Universidad,Oficial,antioquia,andes
12.03,16.8,5.89,11.41,2,Universidad,Oficial,antioquia,andes
16.8,5.89,11.41,27.78,1,Universidad,Oficial,antioquia,andes
5.89,11.41,27.78,13.6,2,Universidad,Oficial,antioquia,andes
11.41,27.78,13.6,5.36,1,Universidad,Oficial,antioquia,andes
27.78,13.6,5.36,16.77,2,Universidad,Oficial,antioquia,andes
13.6,5.36,16.77,4.49,1,Universidad,Oficial,antioquia,andes
5.36,16.77,4.49,5.59,2,Universidad,Oficial,antioquia,andes
16.77,4.49,5.59,21.2,1,Universidad,Oficial,antioquia,andes
4.49,5.59,21.2,7.07,2,Universidad,Oficial,antioquia,andes
5.59,21.2,7.07,7.16,1,Universidad,Oficial,antioquia,andes
21.2,7.07,7.16,15.95,2,Universidad,Oficial,antioquia,andes
7.07,7.16,15.95,11.49,1,Universidad,Oficial,antioquia,andes
7.16,15.95,11.49,10.6,2,Universidad,Oficial,antioquia,andes
15.95,11.49,10.6,15.69,1,Universidad,Oficial,antioquia,andes
11.49,10.6,15.69,7.69,2,Universidad,Oficial,antioquia,andes
10.6,15.69,7.69,4.17,1,Universidad,Oficial,antioquia,andes
15.69,7.69,4.17,5.57,2,Universidad,Oficial,antioquia,andes
7.69,4.17,5.57,5.04,1,Universidad,Oficial,antioquia,andes
4.17,5.57,5.04,14.29,2,Universidad,Oficial,antioquia,andes
5.57,5.04,14.29,5.08,1,Universidad,Oficial,antioquia,andes
5.04,14.29,5.08,8.74,2,Universidad,Oficial,antioquia,andes
14.29,5.08,8.74,3.92,1,Universidad,Oficial,antioquia,andes
5.08,8.74,3.92,7.51,2,Universidad,Oficial,antioquia,andes
8.74,3.92,7.51,15.14,1,Universidad,Oficial,antioquia,andes
0.0,0.0,10.84,4.17,1,Universidad,Oficial,antioquia,caucasia
0.0,10.84,4.17,2.08,2,Universidad,Oficial,antioquia,caucasia
10.84,4.17,2.08,1.69,1,Universidad,Oficial,antioquia,caucasia
4.17,2.08,1.69,2.22,2,Universidad,Oficial,antioquia,caucasia
2.08,1.69,2.22,7.79,1,Universidad,Oficial,antioquia,caucasia
1.69,2.22,7.79,0.0,2,Universidad,Oficial,antioquia,caucasia
2.22,7.79,0.0,18.84,1,Universidad,Oficial,antioquia,caucasia
7.79,0.0,18.84,18.71,2,Universidad,Oficial,antioquia,caucasia
0.0,18.84,18.71,5.8,1,Universidad,Oficial,antioquia,caucasia
18.84,18.71,5.8,14.13,2,Universidad,Oficial,antioquia,caucasia
18.71,5.8,14.13,7.77,1,Universidad,Oficial,antioquia,caucasia
5.8,14.13,7.77,4.4,2,Universidad,Oficial,antioquia,caucasia
14.13,7.77,4.4,7.74,1,Universidad,Oficial,antioquia,caucasia
7.77,4.4,7.74,7.81,2,Universidad,Oficial,antioquia,caucasia
4.4,7.74,7.81,7.58,1,Universidad,Oficial,antioquia,caucasia
7.74,7.81,7.58,7.26,2,Universidad,Oficial,antioquia,caucasia
7.81,7.58,7.26,7.8,1,Universidad,Oficial,antioquia,caucasia
7.58,7.26,7.8,8.16,2,Universidad,Oficial,antioquia,caucasia
7.26,7.8,8.16,15.9,1,Universidad,Oficial,antioquia,caucasia
7.8,8.16,15.9,9.82,2,Universidad,Oficial,antioquia,caucasia
8.16,15.9,9.82,8.32,1,Universidad,Oficial,antioquia,caucasia
15.9,9.82,8.32,16.58,2,Universidad,Oficial,antioquia,caucasia
9.82,8.32,16.58,9.12,1,Universidad,Oficial,antioquia,caucasia
8.32,16.58,9.12,6.97,2,Universidad,Oficial,antioquia,caucasia
16.58,9.12,6.97,24.4,1,Universidad,Oficial,antioquia,caucasia
9.12,6.97,24.4,9.07,2,Universidad,Oficial,antioquia,caucasia
6.97,24.4,9.07,14.79,1,Universidad,Oficial,antioquia,caucasia
24.4,9.07,14.79,21.18,2,Universidad,Oficial,antioquia,caucasia
9.07,14.79,21.18,12.39,1,Universidad,Oficial,antioquia,caucasia
14.79,21.18,12.39,11.32,2,Universidad,Oficial,antioquia,caucasia
21.18,12.39,11.32,22.62,1,Universidad,Oficial,antioquia,caucasia
12.39,11.32,22.62,6.79,2,Universidad,Oficial,antioquia,caucasia
11.32,22.62,6.79,7.41,1,Universidad,Oficial,antioquia,caucasia
22.62,6.79,7.41,11.92,2,Universidad,Oficial,antioquia,caucasia
6.79,7.41,11.92,10.42,1,Universidad,Oficial,antioquia,caucasia
7.41,11.92,10.42,6.15,2,Universidad,Oficial,antioquia,caucasia
11.92,10.42,6.15,31.61,1,Universidad,Oficial,antioquia,caucasia
10.42,6.15,31.61,14.79,2,Universidad,Oficial,antioquia,caucasia
6.15,31.61,14.79,17.04,1,Universidad,Oficial,antioquia,caucasia
31.61,14.79,17.04,11.64,2,Universidad,Oficial,antioquia,caucasia
14.79,17.04,11.64,5.88,1,Universidad,Oficial,antioquia,caucasia
17.04,11.64,5.88,7.56,2,Universidad,Oficial,antioquia,caucasia
11.64,5.88,7.56,9.72,1,Universidad,Oficial,antioquia,caucasia
5.88,7.56,9.72,5.49,2,Universidad,Oficial,antioquia,caucasia
7.56,9.72,5.49,4.71,1,Universidad,Oficial,antioquia,caucasia
9.72,5.49,4.71,14.36,2,Universidad,Oficial,antioquia,caucasia
5.49,4.71,14.36,10.9,1,Universidad,Oficial,antioquia,caucasia
0.0,0.0,18.97,3.23,1,Universidad,Oficial,antioquia,turbo
0.0,18.97,3.23,4.1,2,Universidad,Oficial,antioquia,turbo
18.97,3.23,4.1,2.73,1,Universidad,Oficial,antioquia,turbo
3.23,4.1,2.73,12.17,2,Universidad,Oficial,antioquia,turbo
4.1,2.73,12.17,4.2,1,Universidad,Oficial,antioquia,turbo
2.73,12.17,4.2,6.98,2,Universidad,Oficial,antioquia,turbo
12.17,4.2,6.98,10.56,1,Universidad,Oficial,antioquia,turbo
4.2,6.98,10.56,3.7,2,Universidad,Oficial,antioquia,turbo
6.98,10.56,3.7,3.31,1,Universidad,Oficial,antioquia,turbo
10.56,3.7,3.31,10.47,2,Universidad,Oficial,antioquia,turbo
3.7,3.31,10.47,9.57,1,Universidad,Oficial,antioquia,turbo
3.31,10.47,9.57,5.43,2,Universidad,Oficial,antioquia,turbo
10.47,9.57,5.43,6.39,1,Universidad,Oficial,antioquia,turbo
9.57,5.43,6.39,6.47,2,Universidad,Oficial,antioquia,turbo
5.43,6.39,6.47,10.04,1,Universidad,Oficial,antioquia,turbo
6.39,6.47,10.04,5.13,2,Universidad,Oficial,antioquia,turbo
6.47,10.04,5.13,4.52,1,Universidad,Oficial,antioquia,turbo
10.04,5.13,4.52,3.69,2,Universidad,Oficial,antioquia,turbo
5.13,4.52,3.69,6.83,1,Universidad,Oficial,antioquia,turbo
4.52,3.69,6.83,9.86,2,Universidad,Oficial,antioquia,turbo
3.69,6.83,9.86,7.4,1,Universidad,Oficial,antioquia,turbo
6.83,9.86,7.4,17.88,2,Universidad,Oficial,antioquia,turbo
9.86,7.4,17.88,11.92,1,Universidad,Oficial,antioquia,turbo
7.4,17.88,11.92,5.55,2,Universidad,Oficial,antioquia,turbo
17.88,11.92,5.55,8.96,1,Universidad,Oficial,antioquia,turbo
11.92,5.55,8.96,8.3,2,Universidad,Oficial,antioquia,turbo
5.55,8.96,8.3,12.84,1,Universidad,Oficial,antioquia,turbo
8.96,8.3,12.84,17.26,2,Universidad,Oficial,antioquia,turbo
8.3,12.84,17.26,25.49,1,Universidad,Oficial,antioquia,turbo
12.84,17.26,25.49,11.38,2,Universidad,Oficial,antioquia,turbo
17.26,25.49,11.38,14.43,1,Universidad,Oficial,antioquia,turbo
25.49,11.38,14.43,16.7,2,Universidad,Oficial,antioquia,turbo
11.38,14.43,16.7,17.8,1,Universidad,Oficial,antioquia,turbo
14.43,16.7,17.8,19.62,2,Universidad,Oficial,antioquia,turbo
16.7,17.8,19.62,21.79,1,Universidad,Oficial,antioquia,turbo
17.8,19.62,21.79,14.22,2,Universidad,Oficial,antioquia,turbo
19.62,21.79,14.22,9.81,1,Universidad,Oficial,antioquia,turbo
21.79,14.22,9.81,4.18,2,Universidad,Oficial,antioquia,turbo
14.22,9.81,4.18,12.92,1,Universidad,Oficial,antioquia,turbo
9.81,4.18,12.92,17.42,2,Universidad,Oficial,antioquia,turbo
4.18,12.92,17.42,9.96,1,Universidad,Oficial,antioquia,turbo
12.92,17.42,9.96,8.91,2,Universidad,Oficial,antioquia,turbo
17.42,9.96,8.91,10.6,1,Universidad,Oficial,antioquia,turbo
9.96,8.91,10.6,7.97,2,Universidad,Oficial,antioquia,turbo
8.91,10.6,7.97,4.38,1,Universidad,Oficial,antioquia,turbo
10.6,7.97,4.38,5.78,2,Universidad,Oficial,antioquia,turbo
7.97,4.38,5.78,4.44,1,Universidad,Oficial,antioquia,turbo
0.0,0.0,13.0,16.48,1,Universidad,Oficial,bogota d c,bogota dc
0.0,13.0,16.48,15.21,2,Universidad,Oficial,bogota d c,bogota dc
13.0,16.48,15.21,13.83,1,Universidad,Oficial,bogota d c,bogota dc
16.48,15.21,13.83,18.1,2,Universidad,Oficial,bogota d c,bogota dc
15.21,13.83,18.1,15.84,1,Universidad,Oficial,bogota d c,bogota dc
13.83,18.1,15.84,11.97,2,Universidad,Oficial,bogota d c,bogota dc
18.1,15.84,11.97,12.95,1,Universidad,Oficial,bogota d c,bogota dc
15.84,11.97,12.95,7.21,2,Universidad,Oficial,bogota d c,bogota dc
11.97,12.95,7.21,8.96,1,Universidad,Oficial,bogota d c,bogota dc
12.95,7.21,8.96,34.25,2,Universidad,Oficial,bogota d c,bogota dc
7.21,8.96,34.25,13.56,1,Universidad,Oficial,bogota d c,bogota dc
8.96,34.25,13.56,12.88,2,Universidad,Oficial,bogota d c,bogota dc
34.25,13.56,12.88,11.74,1,Universidad,Oficial,bogota d c,bogota dc
13.56,12.88,11.74,13.87,2,Universidad,Oficial,bogota d c,bogota dc
12.88,11.74,13.87,14.35,1,Universidad,Oficial,bogota d c,bogota dc
11.74,13.87,14.35,8.45,2,Universidad,Oficial,bogota d c,bogota dc
13.87,14.35,8.45,6.19,1,Universidad,Oficial,bogota d c,bogota dc
14.35,8.45,6.19,10.56,2,Universidad,Oficial,bogota d c,bogota dc
8.45,6.19,10.56,8.85,1,Universidad,Oficial,bogota d c,bogota dc
6.19,10.56,8.85,6.24,2,Universidad,Oficial,bogota d c,bogota dc
10.56,8.85,6.24,4.22,1,Universidad,Oficial,bogota d c,bogota dc
8.85,6.24,4.22,5.25,2,Universidad,Oficial,bogota d c,bogota dc
6.24,4.22,5.25,6.65,1,Universidad,Oficial,bogota d c,bogota dc
4.22,5.25,6.65,10.94,2,Universidad,Oficial,bogota d c,bogota dc
5.25,6.65,10.94,12.78,1,Universidad,Oficial,bogota d c,bogota dc
6.65,10.94,12.78,5.66,2,Universidad,Oficial,bogota d c,bogota dc
10.94,12.78,5.66,15.7,1,Universidad,Oficial,bogota d c,bogota dc
12.78,5.66,15.7,8.73,2,Universidad,Oficial,bogota d c,bogota dc
5.66,15.7,8.73,12.63,1,Universidad,Oficial,bogota d c,bogota dc
15.7,8.73,12.63,21.62,2,Universidad,Oficial,bogota d c,bogota dc
8.73,12.63,21.62,13.7,1,Universidad,Oficial,bogota d c,bogota dc
12.63,21.62,13.7,9.92,2,Universidad,Oficial,bogota d c,bogota dc
21.62,13.7,9.92,9.61,1,Universidad,Oficial,bogota d c,bogota dc
13.7,9.92,9.61,9.11,2,Universidad,Oficial,bogota d c,bogota dc
9.92,9.61,9.11,9.01,1,Universidad,Oficial,bogota d c,bogota dc
9.61,9.11,9.01,13.67,2,Universidad,Oficial,bogota d c,bogota dc
9.11,9.01,13.67,32.45,1,Universidad,Oficial,bogota d c,bogota dc
9.01,13.67,32.45,24.17,2,Universidad,Oficial,bogota d c,bogota dc
13.67,32.45,24.17,15.76,1,Universidad,Oficial,bogota d c,bogota dc
32.45,24.17,15.76,4.73,2,Universidad,Oficial,bogota d c,bogota dc
24.17,15.76,4.73,17.28,1,Universidad,Oficial,bogota d c,bogota dc
15.76,4.73,17.28,9.9,2,Universidad,Oficial,bogota d c,bogota dc
4.73,17.28,9.9,4.56,1,Universidad,Oficial,bogota d c,bogota dc
17.28,9.9,4.56,8.51,2,Universidad,Oficial,bogota d c,bogota dc
9.9,4.56,8.51,7.81,1,Universidad,Oficial,bogota d c,bogota dc
4.56,8.51,7.81,11.39,2,Universidad,Oficial,bogota d c,bogota dc
8.51,7.81,11.39,3.24,1,Universidad,Oficial,bogota d c,bogota dc
0.0,0.0,3.01,3.63,1,Universidad,No oficial,bogota d c,bogota dc
0.0,3.01,3.63,4.68,2,Universidad,No oficial,bogota d c,bogota dc
3.01,3.63,4.68,5.65,1,Universidad,No oficial,bogota d c,bogota dc
3.63,4.68,5.65,4.39,2,Universidad,No oficial,bogota d c,bogota dc
4.68,5.65,4.39,4.12,1,Universidad,No oficial,bogota d c,bogota dc
5.65,4.39,4.12,4.34,2,Universidad,No oficial,bogota d c,bogota dc
4.39,4.12,4.34,4.77,1,Universidad,No oficial,bogota d c,bogota dc
4.12,4.34,4.77,4.85,2,Universidad,No oficial,bogota d c,bogota dc
4.34,4.77,4.85,5.32,1,Universidad,No oficial,bogota d c,bogota dc
4.77,4.85,5.32,5.19,2,Universidad,No oficial,bogota d c,bogota dc
4.85,5.32,5.19,5.22,1,Universidad,No oficial,bogota d c,bogota dc
5.32,5.19,5.22,6.25,2,Universidad,No oficial,bogota d c,bogota dc
5.19,5.22,6.25,9.87,1,Universidad,No oficial,bogota d c,bogota dc
5.22,6.25,9.87,6.08,2,Universidad,No oficial,bogota d c,bogota dc
6.25,9.87,6.08,7.02,1,Universidad,No oficial,bogota d c,bogota dc
9.87,6.08,7.02,4.85,2,Universidad,No oficial,bogota d c,bogota dc
6.08,7.02,4.85,5.25,1,Universidad,No oficial,bogota d c,bogota dc
7.02,4.85,5.25,6.73,2,Universidad,No oficial,bogota d c,bogota dc
4.85,5.25,6.73,7.84,1,Universidad,No oficial,bogota d c,bogota dc
5.25,6.73,7.84,10.04,2,Universidad,No oficial,bogota d c,bogota dc
6.73,7.84,10.04,9.2,1,Universidad,No oficial,bogota d c,bogota dc
7.84,10.04,9.2,7.65,2,Universidad,No oficial,bogota d c,bogota dc
10.04,9.2,7.65,6.4,1,Universidad,No oficial,bogota d c,bogota dc
9.2,7.65,6.4,6.55,2,Universidad,No oficial,bogota d c,bogota dc
7.65,6.4,6.55,10.55,1,Universidad,No oficial,bogota d c,bogota dc
6.4,6.55,10.55,6.23,2,Universidad,No oficial,bogota d c,bogota dc
6.55,10.55,6.23,6.9,1,Universidad,No oficial,bogota d c,bogota dc
10.55,6.23,6.9,5.91,2,Universidad,No oficial,bogota d c,bogota dc
6.23,6.9,5.91,5.43,1,Universidad,No oficial,bogota d c,bogota dc
6.9,5.91,5.43,5.07,2,Universidad,No oficial,bogota d c,bogota dc
5.91,5.43,5.07,5.81,1,Universidad,No oficial,bogota d c,bogota dc
5.43,5.07,5.81,5.23,2,Universidad,No oficial,bogota d c,bogota dc
5.07,5.81,5.23,5.28,1,Universidad,No oficial,bogota d c,bogota dc
5.81,5.23,5.28,4.64,2,Universidad,No oficial,bogota d c,bogota dc
5.23,5.28,4.64,5.27,1,Universidad,No oficial,bogota d c,bogota dc
5.28,4.64,5.27,6.79,2,Universidad,No oficial,bogota d c,bogota dc
4.64,5.27,6.79,4.22,1,Universidad,No oficial,bogota d c,bogota dc
5.27,6.79,4.22,5.2,2,Universidad,No oficial,bogota d c,bogota dc
6.79,4.22,5.2,5.09,1,Universidad,No oficial,bogota d c,bogota dc
4.22,5.2,5.09,4.48,2,Universidad,No oficial,bogota d c,bogota dc
5.2,5.09,4.48,4.79,1,Universidad,No oficial,bogota d c,bogota dc
5.09,4.48,4.79,4.58,2,Universidad,No oficial,bogota d c,bogota dc
4.48,4.79,4.58,4.99,1,Universidad,No oficial,bogota d c,bogota dc
4.79,4.58,4.99,3.92,2,Universidad,No oficial,bogota d c,bogota dc
4.58,4.99,3.92,3.83,1,Universidad,No oficial,bogota d c,bogota dc
4.99,3.92,3.83,3.97,2,Universidad,No oficial,bogota d c,bogota dc
3.92,3.83,3.97,3.95,1,Universidad,No oficial,bogota d c,bogota dc
0.0,0.0,3.88,7.69,1,Universidad,No oficial,valle del cauca,cali
0.0,3.88,7.69,10.31,2,Universidad,No oficial,valle del cauca,cali
3.88,7.69,10.31,9.26,1,Universidad,No oficial,valle del cauca,cali
7.69,10.31,9.26,8.79,2,Universidad,No oficial,valle del cauca,cali
10.31,9.26,8.79,7.9,1,Universidad,No oficial,valle del cauca,cali
9.26,8.79,7.9,7.76,2,Universidad,No oficial,valle del cauca,cali
8.79,7.9,7.76,7.89,1,Universidad,No oficial,valle del cauca,cali
7.9,7.76,7.89,7.92,2,Universidad,No oficial,valle del cauca,cali
7.76,7.89,7.92,6.89,1,Universidad,No oficial,valle del cauca,cali
7.89,7.92,6.89,7.36,2,Universidad,No oficial,valle del cauca,cali
7.92,6.89,7.36,6.8,1,Universidad,No oficial,valle del cauca,cali
6.89,7.36,6.8,7.63,2,Universidad,No oficial,valle del cauca,cali
7.36,6.8,7.63,6.9,1,Universidad,No oficial,valle del cauca,cali
6.8,7.63,6.9,7.14,2,Universidad,No oficial,valle del cauca,cali
7.63,6.9,7.14,7.17,1,Universidad,No oficial,valle del cauca,cali
6.9,7.14,7.17,6.66,2,Universidad,No oficial,valle del cauca,cali
7.14,7.17,6.66,7.34,1,Universidad,No oficial,valle del cauca,cali
7.17,6.66,7.34,7.23,2,Universidad,No oficial,valle del cauca,cali
6.66,7.34,7.23,7.28,1,Universidad,No oficial,valle del cauca,cali
7.34,7.23,7.28,7.66,2,Universidad,No oficial,valle del cauca,cali
7.23,7.28,7.66,7.27,1,Universidad,No oficial,valle del cauca,cali
7.28,7.66,7.27,8.06,2,Universidad,No oficial,valle del cauca,cali
7.66,7.27,8.06,7.6,1,Universidad,No oficial,valle del cauca,cali
7.27,8.06,7.6,6.21,2,Universidad,No oficial,valle del cauca,cali
8.06,7.6,6.21,6.08,1,Universidad,No oficial,valle del cauca,cali
7.6,6.21,6.08,6.31,2,Universidad,No oficial,valle del cauca,cali
6.21,6.08,6.31,7.0,1,Universidad,No oficial,valle del cauca,cali
6.08,6.31,7.0,7.01,2,Universidad,No oficial,valle del cauca,cali
6.31,7.0,7.01,7.65,1,Universidad,No oficial,valle del cauca,cali
7.0,7.01,7.65,7.13,2,Universidad,No oficial,valle del cauca,cali
7.01,7.65,7.13,6.61,1,Universidad,No oficial,valle del cauca,cali
7.65,7.13,6.61,7.1,2,Universidad,No oficial,valle del cauca,cali
7.13,6.61,7.1,6.33,1,Universidad,No oficial,valle del cauca,cali
6.61,7.1,6.33,6.59,2,Universidad,No oficial,valle del cauca,cali
7.1,6.33,6.59,6.48,1,Universidad,No oficial,valle del cauca,cali
6.33,6.59,6.48,6.41,2,Universidad,No oficial,valle del cauca,cali
6.59,6.48,6.41,5.28,1,Universidad,No oficial,valle del cauca,cali
6.48,6.41,5.28,5.64,2,Universidad,No oficial,valle del cauca,cali
6.41,5.28,5.64,5.56,1,Universidad,No oficial,valle del cauca,cali
5.28,5.64,5.56,5.59,2,Universidad,No oficial,valle del cauca,cali
5.64,5.56,5.59,5.28,1,Universidad,No oficial,valle del cauca,cali
5.56,5.59,5.28,4.85,2,Universidad,No oficial,valle del cauca,cali
5.59,5.28,4.85,5.14,1,Universidad,No oficial,valle del cauca,cali
5.28,4.85,5.14,4.34,2,Universidad,No oficial,valle del cauca,cali
4.85,5.14,4.34,4.1,1,Universidad,No oficial,valle del cauca,cali
5.14,4.34,4.1,4.82,2,Universidad,No oficial,valle del cauca,cali
4.34,4.1,4.82,5.31,1,Universidad,No oficial,valle del cauca,cali
0.0,0.0,11.68,12.13,1,Universidad,No oficial,bogota d c,bogota dc
0.0,11.68,12.13,14.89,2,Universidad,No oficial,bogota d c,bogota dc
11.68,12.13,14.89,13.82,1,Universidad,No oficial,bogota d c,bogota dc
12.13,14.89,13.82,12.53,2,Universidad,No oficial,bogota d c,bogota dc
14.89,13.82,12.53,10.36,1,Universidad,No oficial,bogota d c,bogota dc
13.82,12.53,10.36,10.82,2,Universidad,No oficial,bogota d c,bogota dc
12.53,10.36,10.82,8.09,1,Universidad,No oficial,bogota d c,bogota dc
10.36,10.82,8.09,12.04,2,Universidad,No oficial,bogota d c,bogota dc
10.82,8.09,12.04,11.43,1,Universidad,No oficial,bogota d c,bogota dc
8.09,12.04,11.43,11.79,2,Universidad,No oficial,bogota d c,bogota dc
12.04,11.43,11.79,14.91,1,Universidad,No oficial,bogota d c,bogota dc
11.43,11.79,14.91,16.68,2,Universidad,No oficial,bogota d c,bogota dc
11.79,14.91,16.68,10.27,1,Universidad,No oficial,bogota d c,bogota dc
14.91,16.68,10.27,10.0,2,Universidad,No oficial,bogota d c,bogota dc
16.68,10.27,10.0,9.83,1,Universidad,No oficial,bogota d c,bogota dc
10.27,10.0,9.83,13.15,2,Universidad,No oficial,bogota d c,bogota dc
10.0,9.83,13.15,27.3,1,Universidad,No oficial,bogota d c,bogota dc
9.83,13.15,27.3,10.85,2,Universidad,No oficial,bogota d c,bogota dc
13.15,27.3,10.85,11.45,1,Universidad,No oficial,bogota d c,bogota dc
27.3,10.85,11.45,11.84,2,Universidad,No oficial,bogota d c,bogota dc
10.85,11.45,11.84,12.84,1,Universidad,No oficial,bogota d c,bogota dc
11.45,11.84,12.84,12.75,2,Universidad,No oficial,bogota d c,bogota dc
11.84,12.84,12.75,11.61,1,Universidad,No oficial,bogota d c,bogota dc
12.84,12.75,11.61,12.37,2,Universidad,No oficial,bogota d c,bogota dc
12.75,11.61,12.37,12.51,1,Universidad,No oficial,bogota d c,bogota dc
11.61,12.37,12.51,13.1,2,Universidad,No oficial,bogota d c,bogota dc
12.37,12.51,13.1,13.85,1,Universidad,No oficial,bogota d c,bogota dc
12.51,13.1,13.85,12.88,2,Universidad,No oficial,bogota d c,bogota dc
13.1,13.85,12.88,15.59,1,Universidad,No oficial,bogota d c,bogota dc
13.85,12.88,15.59,13.12,2,Universidad,No oficial,bogota d c,bogota dc
12.88,15.59,13.12,12.33,1,Universidad,No oficial,bogota d c,bogota dc
15.59,13.12,12.33,13.72,2,Universidad,No oficial,bogota d c,bogota dc
13.12,12.33,13.72,12.66,1,Universidad,No oficial,bogota d c,bogota dc
12.33,13.72,12.66,8.95,2,Universidad,No oficial,bogota d c,bogota dc
13.72,12.66,8.95,17.27,1,Universidad,No oficial,bogota d c,bogota dc
12.66,8.95,17.27,18.95,2,Universidad,No oficial,bogota d c,bogota dc
8.95,17.27,18.95,17.46,1,Universidad,No oficial,bogota d c,bogota dc
17.27,18.95,17.46,19.91,2,Universidad,No oficial,bogota d c,bogota dc
18.95,17.46,19.91,19.96,1,Universidad,No oficial,bogota d c,bogota dc
17.46,19.91,19.96,21.36,2,Universidad,No oficial,bogota d c,bogota dc
19.91,19.96,21.36,35.8,1,Universidad,No oficial,bogota d c,bogota dc
19.96,21.36,35.8,52.63,2,Universidad,No oficial,bogota d c,bogota dc
21.36,35.8,52.63,16.84,1,Universidad,No oficial,bogota d c,bogota dc
35.8,52.63,16.84,20.11,2,Universidad,No oficial,bogota d c,bogota dc
52.63,16.84,20.11,24.81,1,Universidad,No oficial,bogota d c,bogota dc
16.84,20.11,24.81,24.55,2,Universidad,No oficial,bogota d c,bogota dc
20.11,24.81,24.55,24.9,1,Universidad,No oficial,bogota d c,bogota dc
0.0,0.0,6.8,9.08,1,Universidad,No oficial,bogota d c,bogota dc
0.0,6.8,9.08,9.41,2,Universidad,No oficial,bogota d c,bogota dc
6.8,9.08,9.41,8.91,1,Universidad,No oficial,bogota d c,bogota dc
9.08,9.41,8.91,11.27,2,Universidad,No oficial,bogota d c,bogota dc
9.41,8.91,11.27,50.47,1,Universidad,No oficial,bogota d c,bogota dc
8.91,11.27,50.47,100.0,2,Universidad,No oficial,bogota d c,bogota dc
11.27,50.47,100.0,6.55,1,Universidad,No oficial,bogota d c,bogota dc
50.47,100.0,6.55,9.38,2,Universidad,No oficial,bogota d c,bogota dc
100.0,6.55,9.38,8.31,1,Universidad,No oficial,bogota d c,bogota dc
6.55,9.38,8.31,9.06,2,Universidad,No oficial,bogota d c,bogota dc
9.38,8.31,9.06,7.23,1,Universidad,No oficial,bogota d c,bogota dc
8.31,9.06,7.23,10.43,2,Universidad,No oficial,bogota d c,bogota dc
9.06,7.23,10.43,7.28,1,Universidad,No oficial,bogota d c,bogota dc
7.23,10.43,7.28,8.07,2,Universidad,No oficial,bogota d c,bogota dc
10.43,7.28,8.07,6.98,1,Universidad,No oficial,bogota d c,bogota dc
7.28,8.07,6.98,6.9,2,Universidad,No oficial,bogota d c,bogota dc
8.07,6.98,6.9,7.04,1,Universidad,No oficial,bogota d c,bogota dc
6.98,6.9,7.04,8.69,2,Universidad,No oficial,bogota d c,bogota dc
6.9,7.04,8.69,10.43,1,Universidad,No oficial,bogota d c,bogota dc
7.04,8.69,10.43,12.39,2,Universidad,No oficial,bogota d c,bogota dc
8.69,10.43,12.39,12.06,1,Universidad,No oficial,bogota d c,bogota dc
10.43,12.39,12.06,10.76,2,Universidad,No oficial,bogota d c,bogota dc
12.39,12.06,10.76,12.64,1,Universidad,No oficial,bogota d c,bogota dc
12.06,10.76,12.64,11.73,2,Universidad,No oficial,bogota d c,bogota dc
10.76,12.64,11.73,10.99,1,Universidad,No oficial,bogota d c,bogota dc
12.64,11.73,10.99,11.0,2,Universidad,No oficial,bogota d c,bogota dc
11.73,10.99,11.0,12.34,1,Universidad,No oficial,bogota d c,bogota dc
10.99,11.0,12.34,8.64,2,Universidad,No oficial,bogota d c,bogota dc
11.0,12.34,8.64,8.86,1,Universidad,No oficial,bogota d c,bogota dc
12.34,8.64,8.86,8.03,2,Universidad,No oficial,bogota d c,bogota dc
8.64,8.86,8.03,5.06,1,Universidad,No oficial,bogota d c,bogota dc
8.86,8.03,5.06,9.72,2,Universidad,No oficial,bogota d c,bogota dc
8.03,5.06,9.72,7.66,1,Universidad,No oficial,bogota d c,bogota dc
5.06,9.72,7.66,8.33,2,Universidad,No oficial,bogota d c,bogota dc
9.72,7.66,8.33,9.98,1,Universidad,No oficial,bogota d c,bogota dc
7.66,8.33,9.98,12.1,2,Universidad,No oficial,bogota d c,bogota dc
8.33,9.98,12.1,10.9,1,Universidad,No oficial,bogota d c,bogota dc
9.98,12.1,10.9,10.11,2,Universidad,No oficial,bogota d c,bogota dc
12.1,10.9,10.11,9.09,1,Universidad,No oficial,bogota d c,bogota dc
10.9,10.11,9.09,10.29,2,Universidad,No oficial,bogota d c,bogota dc
10.11,9.09,10.29,10.22,1,Universidad,No oficial,bogota d c,bogota dc
9.09,10.29,10.22,9.28,2,Universidad,No oficial,bogota d c,bogota dc
10.29,10.22,9.28,9.94,1,Universidad,No oficial,bogota d c,bogota dc
10.22,9.28,9.94,8.15,2,Universidad,No oficial,bogota d c,bogota dc
9.28,9.94,8.15,8.75,1,Universidad,No oficial,bogota d c,bogota dc
9.94,8.15,8.75,10.26,2,Universidad,No oficial,bogota d c,bogota dc
8.15,8.75,10.26,9.28,1,Universidad,No oficial,bogota d c,bogota dc
0.0,0.0,5.82,8.46,1,Universidad,No oficial,santander,bucaramanga
0.0,5.82,8.46,7.95,2,Universidad,No oficial,santander,bucaramanga
5.82,8.46,7.95,5.88,1,Universidad,No oficial,santander,bucaramanga
8.46,7.95,5.88,6.72,2,Universidad,No oficial,santander,bucaramanga
7.95,5.88,6.72,6.77,1,Universidad,No oficial,santander,bucaramanga
5.88,6.72,6.77,6.1,2,Universidad,No oficial,santander,bucaramanga
6.72,6.77,6.1,4.08,1,Universidad,No oficial,santander,bucaramanga
6.77,6.1,4.08,5.78,2,Universidad,No oficial,santander,bucaramanga
6.1,4.08,5.78,6.91,1,Universidad,No oficial,santander,bucaramanga
4.08,5.78,6.91,7.26,2,Universidad,No oficial,santander,bucaramanga
5.78,6.91,7.26,6.52,1,Universidad,No oficial,santander,bucaramanga
6.91,7.26,6.52,6.62,2,Universidad,No oficial,santander,bucaramanga
7.26,6.52,6.62,7.94,1,Universidad,No oficial,santander,bucaramanga
6.52,6.62,7.94,7.64,2,Universidad,No oficial,santander,bucaramanga
6.62,7.94,7.64,6.26,1,Universidad,No oficial,santander,bucaramanga
7.94,7.64,6.26,7.12,2,Universidad,No oficial,santander,bucaramanga
7.64,6.26,7.12,7.14,1,Universidad,No oficial,santander,bucaramanga
6.26,7.12,7.14,6.64,2,Universidad,No oficial,santander,bucaramanga
7.12,7.14,6.64,6.87,1,Universidad,No oficial,santander,bucaramanga
7.14,6.64,6.87,9.11,2,Universidad,No oficial,santander,bucaramanga
6.64,6.87,9.11,9.42,1,Universidad,No oficial,santander,bucaramanga
6.87,9.11,9.42,9.61,2,Universidad,No oficial,santander,bucaramanga
9.11,9.42,9.61,8.02,1,Universidad,No oficial,santander,bucaramanga
9.42,9.61,8.02,7.52,2,Universidad,No oficial,santander,bucaramanga
9.61,8.02,7.52,9.81,1,Universidad,No oficial,santander,bucaramanga
8.02,7.52,9.81,7.64,2,Universidad,No oficial,santander,bucaramanga
7.52,9.81,7.64,14.61,1,Universidad,No oficial,santander,bucaramanga
9.81,7.64,14.61,7.94,2,Universidad,No oficial,santander,bucaramanga
7.64,14.61,7.94,11.27,1,Universidad,No oficial,santander,bucaramanga
14.61,7.94,11.27,8.4,2,Universidad,No oficial,santander,bucaramanga
7.94,11.27,8.4,10.1,1,Universidad,No oficial,santander,bucaramanga
11.27,8.4,10.1,8.64,2,Universidad,No oficial,santander,bucaramanga
8.4,10.1,8.64,8.46,1,Universidad,No oficial,santander,bucaramanga
10.1,8.64,8.46,8.47,2,Universidad,No oficial,santander,bucaramanga
8.64,8.46,8.47,11.16,1,Universidad,No oficial,santander,bucaramanga
8.46,8.47,11.16,9.21,2,Universidad,No oficial,santander,bucaramanga
8.47,11.16,9.21,9.01,1,Universidad,No oficial,santander,bucaramanga
11.16,9.21,9.01,9.4,2,Universidad,No oficial,santander,bucaramanga
9.21,9.01,9.4,16.27,1,Universidad,No oficial,santander,bucaramanga
9.01,9.4,16.27,7.04,2,Universidad,No oficial,santander,bucaramanga
9.4,16.27,7.04,7.76,1,Universidad,No oficial,santander,bucaramanga
16.27,7.04,7.76,6.97,2,Universidad,No oficial,santander,bucaramanga
7.04,7.76,6.97,11.74,1,Universidad,No oficial,santander,bucaramanga
7.76,6.97,11.74,8.8,2,Universidad,No oficial,santander,bucaramanga
6.97,11.74,8.8,10.74,1,Universidad,No oficial,santander,bucaramanga
11.74,8.8,10.74,10.94,2,Universidad,No oficial,santander,bucaramanga
8.8,10.74,10.94,14.45,1,Universidad,No oficial,santander,bucaramanga
0.0,0.0,9.21,5.54,1,Universidad,No oficial,bogota d c,bogota dc
0.0,9.21,5.54,6.1,2,Universidad,No oficial,bogota d c,bogota dc
9.21,5.54,6.1,10.56,1,Universidad,No oficial,bogota d c,bogota dc
5.54,6.1,10.56,11.48,2,Universidad,No oficial,bogota d c,bogota dc
6.1,10.56,11.48,15.73,1,Universidad,No oficial,bogota d c,bogota dc
10.56,11.48,15.73,4.63,2,Universidad,No oficial,bogota d c,bogota dc
11.48,15.73,4.63,8.82,1,Universidad,No oficial,bogota d c,bogota dc
15.73,4.63,8.82,5.86,2,Universidad,No oficial,bogota d c,bogota dc
4.63,8.82,5.86,11.81,1,Universidad,No oficial,bogota d c,bogota dc
8.82,5.86,11.81,13.66,2,Universidad,No oficial,bogota d c,bogota dc
5.86,11.81,13.66,5.71,1,Universidad,No oficial,bogota d c,bogota dc
11.81,13.66,5.71,12.21,2,Universidad,No oficial,bogota d c,bogota dc
13.66,5.71,12.21,4.01,1,Universidad,No oficial,bogota d c,bogota dc
5.71,12.21,4.01,13.42,2,Universidad,No oficial,bogota d c,bogota dc
12.21,4.01,13.42,13.21,1,Universidad,No oficial,bogota d c,bogota dc
4.01,13.42,13.21,9.3,2,Universidad,No oficial,bogota d c,bogota dc
13.42,13.21,9.3,11.0,1,Universidad,No oficial,bogota d c,bogota dc
13.21,9.3,11.0,10.27,2,Universidad,No oficial,bogota d c,bogota dc
9.3,11.0,10.27,11.74,1,Universidad,No oficial,bogota d c,bogota dc
11.0,10.27,11.74,10.51,2,Universidad,No oficial,bogota d c,bogota dc
10.27,11.74,10.51,13.46,1,Universidad,No oficial,bogota d c,bogota dc
11.74,10.51,13.46,12.98,2,Universidad,No oficial,bogota d c,bogota dc
10.51,13.46,12.98,14.08,1,Universidad,No oficial,bogota d c,bogota dc
13.46,12.98,14.08,11.9,2,Universidad,No oficial,bogota d c,bogota dc
12.98,14.08,11.9,12.69,1,Universidad,No oficial,bogota d c,bogota dc
14.08,11.9,12.69,11.65,2,Universidad,No oficial,bogota d c,bogota dc
11.9,12.69,11.65,15.08,1,Universidad,No oficial,bogota d c,bogota dc
12.69,11.65,15.08,11.73,2,Universidad,No oficial,bogota d c,bogota dc
11.65,15.08,11.73,11.39,1,Universidad,No oficial,bogota d c,bogota dc
15.08,11.73,11.39,10.23,2,Universidad,No oficial,bogota d c,bogota dc
11.73,11.39,10.23,11.49,1,Universidad,No oficial,bogota d c,bogota dc
11.39,10.23,11.49,9.4,2,Universidad,No oficial,bogota d c,bogota dc
10.23,11.49,9.4,10.03,1,Universidad,No oficial,bogota d c,bogota dc
11.49,9.4,10.03,9.54,2,Universidad,No oficial,bogota d c,bogota dc
9.4,10.03,9.54,9.99,1,Universidad,No oficial,bogota d c,bogota dc
10.03,9.54,9.99,8.45,2,Universidad,No oficial,bogota d c,bogota dc
9.54,9.99,8.45,11.53,1,Universidad,No oficial,bogota d c,bogota dc
9.99,8.45,11.53,7.81,2,Universidad,No oficial,bogota d c,bogota dc
8.45,11.53,7.81,10.99,1,Universidad,No oficial,bogota d c,bogota dc
11.53,7.81,10.99,10.7,2,Universidad,No oficial,bogota d c,bogota dc
7.81,10.99,10.7,10.43,1,Universidad,No oficial,bogota d c,bogota dc
10.99,10.7,10.43,7.41,2,Universidad,No oficial,bogota d c,bogota dc
10.7,10.43,7.41,9.3,1,Universidad,No oficial,bogota d c,bogota dc
10.43,7.41,9.3,5.55,2,Universidad,No oficial,bogota d c,bogota dc
7.41,9.3,5.55,7.5,1,Universidad,No oficial,bogota d c,bogota dc
9.3,5.55,7.5,7.05,2,Universidad,No oficial,bogota d c,bogota dc
5.55,7.5,7.05,8.78,1,Universidad,No oficial,bogota d c,bogota dc
0.0,0.0,12.6,14.06,1,Universidad,No oficial,bogota d c,bogota dc
0.0,12.6,14.06,15.55,2,Universidad,No oficial,bogota d c,bogota dc
12.6,14.06,15.55,9.85,1,Universidad,No oficial,bogota d c,bogota dc
14.06,15.55,9.85,9.73,2,Universidad,No oficial,bogota d c,bogota dc
15.55,9.85,9.73,7.52,1,Universidad,No oficial,bogota d c,bogota dc
9.85,9.73,7.52,5.93,2,Universidad,No oficial,bogota d c,bogota dc
9.73,7.52,5.93,4.5,1,Universidad,No oficial,bogota d c,bogota dc
7.52,5.93,4.5,4.81,2,Universidad,No oficial,bogota d c,bogota dc
5.93,4.5,4.81,5.2,1,Universidad,No oficial,bogota d c,bogota dc
4.5,4.81,5.2,6.01,2,Universidad,No oficial,bogota d c,bogota dc
4.81,5.2,6.01,6.08,1,Universidad,No oficial,bogota d c,bogota dc
5.2,6.01,6.08,7.61,2,Universidad,No oficial,bogota d c,bogota dc
6.01,6.08,7.61,11.0,1,Universidad,No oficial,bogota d c,bogota dc
6.08,7.61,11.0,9.68,2,Universidad,No oficial,bogota d c,bogota dc
7.61,11.0,9.68,10.01,1,Universidad,No oficial,bogota d c,bogota dc
11.0,9.68,10.01,7.25,2,Universidad,No oficial,bogota d c,bogota dc
9.68,10.01,7.25,5.72,1,Universidad,No oficial,bogota d c,bogota dc
10.01,7.25,5.72,10.53,2,Universidad,No oficial,bogota d c,bogota dc
7.25,5.72,10.53,8.74,1,Universidad,No oficial,bogota d c,bogota dc
5.72,10.53,8.74,10.08,2,Universidad,No oficial,bogota d c,bogota dc
10.53,8.74,10.08,9.6,1,Universidad,No oficial,bogota d c,bogota dc
8.74,10.08,9.6,8.19,2,Universidad,No oficial,bogota d c,bogota dc
10.08,9.6,8.19,8.89,1,Universidad,No oficial,bogota d c,bogota dc
9.6,8.19,8.89,8.26,2,Universidad,No oficial,bogota d c,bogota dc
8.19,8.89,8.26,7.94,1,Universidad,No oficial,bogota d c,bogota dc
8.89,8.26,7.94,9.32,2,Universidad,No oficial,bogota d c,bogota dc
8.26,7.94,9.32,8.48,1,Universidad,No oficial,bogota d c,bogota dc
7.94,9.32,8.48,8.01,2,Universidad,No oficial,bogota d c,bogota dc
9.32,8.48,8.01,8.29,1,Universidad,No oficial,bogota d c,bogota dc
8.48,8.01,8.29,8.58,2,Universidad,No oficial,bogota d c,bogota dc
8.01,8.29,8.58,7.96,1,Universidad,No oficial,bogota d c,bogota dc
8.29,8.58,7.96,7.42,2,Universidad,No oficial,bogota d c,bogota dc
8.58,7.96,7.42,7.58,1,Universidad,No oficial,bogota d c,bogota dc
7.96,7.42,7.58,7.18,2,Universidad,No oficial,bogota d c,bogota dc
7.42,7.58,7.18,8.83,1,Universidad,No oficial,bogota d c,bogota dc
7.58,7.18,8.83,6.65,2,Universidad,No oficial,bogota d c,bogota dc
7.18,8.83,6.65,8.09,1,Universidad,No oficial,bogota d c,bogota dc
8.83,6.65,8.09,8.85,2,Universidad,No oficial,bogota d c,bogota dc
6.65,8.09,8.85,5.99,1,Universidad,No oficial,bogota d c,bogota dc
8.09,8.85,5.99,6.25,2,Universidad,No oficial,bogota d c,bogota dc
8.85,5.99,6.25,5.75,1,Universidad,No oficial,bogota d c,bogota dc
5.99,6.25,5.75,6.71,2,Universidad,No oficial,bogota d c,bogota dc
6.25,5.75,6.71,8.06,1,Universidad,No oficial,bogota d c,bogota dc
5.75,6.71,8.06,8.33,2,Universidad,No oficial,bogota d c,bogota dc
6.71,8.06,8.33,5.47,1,Universidad,No oficial,bogota d c,bogota dc
8.06,8.33,5.47,6.95,2,Universidad,No oficial,bogota d c,bogota dc
8.33,5.47,6.95,7.41,1,Universidad,No oficial,bogota d c,bogota dc
0.0,0.0,7.31,8.79,1,Universidad,No oficial,bolivar,cartagena de indias
0.0,7.31,8.79,8.89,2,Universidad,No oficial,bolivar,cartagena de indias
7.31,8.79,8.89,8.97,1,Universidad,No oficial,bolivar,cartagena de indias
8.79,8.89,8.97,8.88,2,Universidad,No oficial,bolivar,cartagena de indias
8.89,8.97,8.88,10.84,1,Universidad,No oficial,bolivar,cartagena de indias
8.97,8.88,10.84,9.59,2,Universidad,No oficial,bolivar,cartagena de indias
8.88,10.84,9.59,10.32,1,Universidad,No oficial,bolivar,cartagena de indias
10.84,9.59,10.32,9.82,2,Universidad,No oficial,bolivar,cartagena de indias
9.59,10.32,9.82,11.48,1,Universidad,No oficial,bolivar,cartagena de indias
10.32,9.82,11.48,8.48,2,Universidad,No oficial,bolivar,cartagena de indias
9.82,11.48,8.48,6.37,1,Universidad,No oficial,bolivar,cartagena de indias
11.48,8.48,6.37,7.45,2,Universidad,No oficial,bolivar,cartagena de indias
8.48,6.37,7.45,6.78,1,Universidad,No oficial,bolivar,cartagena de indias
6.37,7.45,6.78,8.16,2,Universidad,No oficial,bolivar,cartagena de indias
7.45,6.78,8.16,7.02,1,Universidad,No oficial,bolivar,cartagena de indias
6.78,8.16,7.02,6.83,2,Universidad,No oficial,bolivar,cartagena de indias
8.16,7.02,6.83,11.31,1,Universidad,No oficial,bolivar,cartagena de indias
7.02,6.83,11.31,12.08,2,Universidad,No oficial,bolivar,cartagena de indias
6.83,11.31,12.08,8.88,1,Universidad,No oficial,bolivar,cartagena de indias
11.31,12.08,8.88,12.12,2,Universidad,No oficial,bolivar,cartagena de indias
12.08,8.88,12.12,12.49,1,Universidad,No oficial,bolivar,cartagena de indias
8.88,12.12,12.49,11.5,2,Universidad,No oficial,bolivar,cartagena de indias
12.12,12.49,11.5,12.54,1,Universidad,No oficial,bolivar,cartagena de indias
12.49,11.5,12.54,13.83,2,Universidad,No oficial,bolivar,cartagena de indias
11.5,12.54,13.83,14.97,1,Universidad,No oficial,bolivar,cartagena de indias
12.54,13.83,14.97,17.65,2,Universidad,No oficial,bolivar,cartagena de indias
13.83,14.97,17.65,19.13,1,Universidad,No oficial,bolivar,cartagena de indias
14.97,17.65,19.13,13.23,2,Universidad,No oficial,bolivar,cartagena de indias
17.65,19.13,13.23,11.84,1,Universidad,No oficial,bolivar,cartagena de indias
19.13,13.23,11.84,14.13,2,Universidad,No oficial,bolivar,cartagena de indias
13.23,11.84,14.13,17.16,1,Universidad,No oficial,bolivar,cartagena de indias
11.84,14.13,17.16,13.61,2,Universidad,No oficial,bolivar,cartagena de indias
14.13,17.16,13.61,11.99,1,Universidad,No oficial,bolivar,cartagena de indias
17.16,13.61,11.99,12.41,2,Universidad,No oficial,bolivar,cartagena de indias
13.61,11.99,12.41,9.9,1,Universidad,No oficial,bolivar,cartagena de indias
11.99,12.41,9.9,12.33,2,Universidad,No oficial,bolivar,cartagena de indias
12.41,9.9,12.33,17.38,1,Universidad,No oficial,bolivar,cartagena de indias
9.9,12.33,17.38,9.39,2,Universidad,No oficial,bolivar,cartagena de indias
12.33,17.38,9.39,7.12,1,Universidad,No oficial,bolivar,cartagena de indias
17.38,9.39,7.12,10.54,2,Universidad,No oficial,bolivar,cartagena de indias
9.39,7.12,10.54,13.19,1,Universidad,No oficial,bolivar,cartagena de indias
7.12,10.54,13.19,8.41,2,Universidad,No oficial,bolivar,cartagena de indias
10.54,13.19,8.41,8.5,1,Universidad,No oficial,bolivar,cartagena de indias
13.19,8.41,8.5,11.32,2,Universidad,No oficial,bolivar,cartagena de indias
8.41,8.5,11.32,13.87,1,Universidad,No oficial,bolivar,cartagena de indias
8.5,11.32,13.87,14.08,2,Universidad,No oficial,bolivar,cartagena de indias
0.0,0.0,12.9,14.65,1,Universidad,No oficial,bogota d c,bogota dc
0.0,12.9,14.65,15.94,2,Universidad,No oficial,bogota d c,bogota dc
12.9,14.65,15.94,15.21,1,Universidad,No oficial,bogota d c,bogota dc
14.65,15.94,15.21,13.87,2,Universidad,No oficial,bogota d c,bogota dc
15.94,15.21,13.87,14.32,1,Universidad,No oficial,bogota d c,bogota dc
15.21,13.87,14.32,12.72,2,Universidad,No oficial,bogota d c,bogota dc
13.87,14.32,12.72,9.97,1,Universidad,No oficial,bogota d c,bogota dc
14.32,12.72,9.97,10.42,2,Universidad,No oficial,bogota d c,bogota dc
12.72,9.97,10.42,10.58,1,Universidad,No oficial,bogota d c,bogota dc
9.97,10.42,10.58,13.28,2,Universidad,No oficial,bogota d c,bogota dc
10.42,10.58,13.28,14.06,1,Universidad,No oficial,bogota d c,bogota dc
10.58,13.28,14.06,15.72,2,Universidad,No oficial,bogota d c,bogota dc
13.28,14.06,15.72,12.12,1,Universidad,No oficial,bogota d c,bogota dc
14.06,15.72,12.12,10.61,2,Universidad,No oficial,bogota d c,bogota dc
15.72,12.12,10.61,10.59,1,Universidad,No oficial,bogota d c,bogota dc
12.12,10.61,10.59,15.12,2,Universidad,No oficial,bogota d c,bogota dc
10.61,10.59,15.12,37.57,1,Universidad,No oficial,bogota d c,bogota dc
10.59,15.12,37.57,11.2,2,Universidad,No oficial,bogota d c,bogota dc
15.12,37.57,11.2,12.81,1,Universidad,No oficial,bogota d c,bogota dc
37.57,11.2,12.81,12.17,2,Universidad,No oficial,bogota d c,bogota dc
11.2,12.81,12.17,11.23,1,Universidad,No oficial,bogota d c,bogota dc
12.81,12.17,11.23,10.83,2,Universidad,No oficial,bogota d c,bogota dc
12.17,11.23,10.83,10.39,1,Universidad,No oficial,bogota d c,bogota dc
11.23,10.83,10.39,9.47,2,Universidad,No oficial,bogota d c,bogota dc
10.83,10.39,9.47,9.19,1,Universidad,No oficial,bogota d c,bogota dc
10.39,9.47,9.19,9.41,2,Universidad,No oficial,bogota d c,bogota dc
9.47,9.19,9.41,8.63,1,Universidad,No oficial,bogota d c,bogota dc
9.19,9.41,8.63,9.32,2,Universidad,No oficial,bogota d c,bogota dc
9.41,8.63,9.32,19.64,1,Universidad,No oficial,bogota d c,bogota dc
8.63,9.32,19.64,8.68,2,Universidad,No oficial,bogota d c,bogota dc
9.32,19.64,8.68,8.11,1,Universidad,No oficial,bogota d c,bogota dc
19.64,8.68,8.11,7.94,2,Universidad,No oficial,bogota d c,bogota dc
8.68,8.11,7.94,8.4,1,Universidad,No oficial,bogota d c,bogota dc
8.11,7.94,8.4,7.72,2,Universidad,No oficial,bogota d c,bogota dc
7.94,8.4,7.72,7.97,1,Universidad,No oficial,bogota d c,bogota dc
8.4,7.72,7.97,8.31,2,Universidad,No oficial,bogota d c,bogota dc
7.72,7.97,8.31,8.71,1,Universidad,No oficial,bogota d c,bogota dc
7.97,8.31,8.71,9.03,2,Universidad,No oficial,bogota d c,bogota dc
8.31,8.71,9.03,9.59,1,Universidad,No oficial,bogota d c,bogota dc
8.71,9.03,9.59,10.04,2,Universidad,No oficial,bogota d c,bogota dc
9.03,9.59,10.04,9.91,1,Universidad,No oficial,bogota d c,bogota dc
9.59,10.04,9.91,8.63,2,Universidad,No oficial,bogota d c,bogota dc
10.04,9.91,8.63,9.67,1,Universidad,No oficial,bogota d c,bogota dc
9.91,8.63,9.67,9.99,2,Universidad,No oficial,bogota d c,bogota dc
8.63,9.67,9.99,5.94,1,Universidad,No oficial,bogota d c,bogota dc
9.67,9.99,5.94,7.03,2,Universidad,No oficial,bogota d c,bogota dc
9.99,5.94,7.03,7.17,1,Universidad,No oficial,bogota d c,bogota dc
0.0,0.0,66.89,7.78,1,Universidad,No oficial,antioquia,medellin
0.0,66.89,7.78,9.72,2,Universidad,No oficial,antioquia,medellin
66.89,7.78,9.72,6.75,1,Universidad,No oficial,antioquia,medellin
7.78,9.72,6.75,8.16,2,Universidad,No oficial,antioquia,medellin
9.72,6.75,8.16,0.39,1,Universidad,No oficial,antioquia,medellin
6.75,8.16,0.39,4.51,2,Universidad,No oficial,antioquia,medellin
8.16,0.39,4.51,14.14,1,Universidad,No oficial,antioquia,medellin
0.39,4.51,14.14,4.84,2,Universidad,No oficial,antioquia,medellin
4.51,14.14,4.84,11.78,1,Universidad,No oficial,antioquia,medellin
14.14,4.84,11.78,6.9,2,Universidad,No oficial,antioquia,medellin
4.84,11.78,6.9,6.43,1,Universidad,No oficial,antioquia,medellin
11.78,6.9,6.43,6.95,2,Universidad,No oficial,antioquia,medellin
6.9,6.43,6.95,13.04,1,Universidad,No oficial,antioquia,medellin
6.43,6.95,13.04,8.29,2,Universidad,No oficial,antioquia,medellin
6.95,13.04,8.29,12.78,1,Universidad,No oficial,antioquia,medellin
13.04,8.29,12.78,8.95,2,Universidad,No oficial,antioquia,medellin
8.29,12.78,8.95,7.77,1,Universidad,No oficial,antioquia,medellin
12.78,8.95,7.77,7.06,2,Universidad,No oficial,antioquia,medellin
8.95,7.77,7.06,9.77,1,Universidad,No oficial,antioquia,medellin
7.77,7.06,9.77,8.0,2,Universidad,No oficial,antioquia,medellin
7.06,9.77,8.0,7.59,1,Universidad,No oficial,antioquia,medellin
9.77,8.0,7.59,7.8,2,Universidad,No oficial,antioquia,medellin
8.0,7.59,7.8,7.96,1,Universidad,No oficial,antioquia,medellin
7.59,7.8,7.96,8.64,2,Universidad,No oficial,antioquia,medellin
7.8,7.96,8.64,8.86,1,Universidad,No oficial,antioquia,medellin
7.96,8.64,8.86,6.97,2,Universidad,No oficial,antioquia,medellin
8.64,8.86,6.97,9.52,1,Universidad,No oficial,antioquia,medellin
8.86,6.97,9.52,7.5,2,Universidad,No oficial,antioquia,medellin
6.97,9.52,7.5,7.03,1,Universidad,No oficial,antioquia,medellin
9.52,7.5,7.03,9.6,2,Universidad,No oficial,antioquia,medellin
7.5,7.03,9.6,8.87,1,Universidad,No oficial,antioquia,medellin
7.03,9.6,8.87,9.94,2,Universidad,No oficial,antioquia,medellin
9.6,8.87,9.94,13.97,1,Universidad,No oficial,antioquia,medellin
8.87,9.94,13.97,9.82,2,Universidad,No oficial,antioquia,medellin
9.94,13.97,9.82,7.97,1,Universidad,No oficial,antioquia,medellin
13.97,9.82,7.97,7.22,2,Universidad,No oficial,antioquia,medellin
9.82,7.97,7.22,7.52,1,Universidad,No oficial,antioquia,medellin
7.97,7.22,7.52,7.08,2,Universidad,No oficial,antioquia,medellin
7.22,7.52,7.08,6.51,1,Universidad,No oficial,antioquia,medellin
7.52,7.08,6.51,6.75,2,Universidad,No oficial,antioquia,medellin
7.08,6.51,6.75,7.56,1,Universidad,No oficial,antioquia,medellin
6.51,6.75,7.56,6.35,2,Universidad,No oficial,antioquia,medellin
6.75,7.56,6.35,6.91,1,Universidad,No oficial,antioquia,medellin
7.56,6.35,6.91,5.61,2,Universidad,No oficial,antioquia,medellin
6.35,6.91,5.61,4.96,1,Universidad,No oficial,antioquia,medellin
6.91,5.61,4.96,6.42,2,Universidad,No oficial,antioquia,medellin
5.61,4.96,6.42,12.68,1,Universidad,No oficial,antioquia,medellin
0.0,0.0,3.68,6.56,1,Universidad,No oficial,cundinamarca,chia
0.0,3.68,6.56,7.49,2,Universidad,No oficial,cundinamarca,chia
3.68,6.56,7.49,9.13,1,Universidad,No oficial,cundinamarca,chia
6.56,7.49,9.13,9.32,2,Universidad,No oficial,cundinamarca,chia
7.49,9.13,9.32,8.86,1,Universidad,No oficial,cundinamarca,chia
9.13,9.32,8.86,9.47,2,Universidad,No oficial,cundinamarca,chia
9.32,8.86,9.47,7.6,1,Universidad,No oficial,cundinamarca,chia
8.86,9.47,7.6,7.93,2,Universidad,No oficial,cundinamarca,chia
9.47,7.6,7.93,1.79,1,Universidad,No oficial,cundinamarca,chia
7.6,7.93,1.79,4.35,2,Universidad,No oficial,cundinamarca,chia
7.93,1.79,4.35,7.76,1,Universidad,No oficial,cundinamarca,chia
1.79,4.35,7.76,7.87,2,Universidad,No oficial,cundinamarca,chia
4.35,7.76,7.87,8.58,1,Universidad,No oficial,cundinamarca,chia
7.76,7.87,8.58,8.34,2,Universidad,No oficial,cundinamarca,chia
7.87,8.58,8.34,9.14,1,Universidad,No oficial,cundinamarca,chia
8.58,8.34,9.14,8.63,2,Universidad,No oficial,cundinamarca,chia
8.34,9.14,8.63,6.16,1,Universidad,No oficial,cundinamarca,chia
9.14,8.63,6.16,5.74,2,Universidad,No oficial,cundinamarca,chia
8.63,6.16,5.74,4.27,1,Universidad,No oficial,cundinamarca,chia
6.16,5.74,4.27,4.91,2,Universidad,No oficial,cundinamarca,chia
5.74,4.27,4.91,4.47,1,Universidad,No oficial,cundinamarca,chia
4.27,4.91,4.47,4.89,2,Universidad,No oficial,cundinamarca,chia
4.91,4.47,4.89,5.27,1,Universidad,No oficial,cundinamarca,chia
4.47,4.89,5.27,5.63,2,Universidad,No oficial,cundinamarca,chia
4.89,5.27,5.63,4.57,1,Universidad,No oficial,cundinamarca,chia
5.27,5.63,4.57,6.02,2,Universidad,No oficial,cundinamarca,chia
5.63,4.57,6.02,4.34,1,Universidad,No oficial,cundinamarca,chia
4.57,6.02,4.34,4.75,2,Universidad,No oficial,cundinamarca,chia
6.02,4.34,4.75,4.88,1,Universidad,No oficial,cundinamarca,chia
4.34,4.75,4.88,4.34,2,Universidad,No oficial,cundinamarca,chia
4.75,4.88,4.34,3.62,1,Universidad,No oficial,cundinamarca,chia
4.88,4.34,3.62,3.24,2,Universidad,No oficial,cundinamarca,chia
4.34,3.62,3.24,5.02,1,Universidad,No oficial,cundinamarca,chia
3.62,3.24,5.02,2.95,2,Universidad,No oficial,cundinamarca,chia
3.24,5.02,2.95,2.79,1,Universidad,No oficial,cundinamarca,chia
5.02,2.95,2.79,3.91,2,Universidad,No oficial,cundinamarca,chia
2.95,2.79,3.91,3.0,1,Universidad,No oficial,cundinamarca,chia
2.79,3.91,3.0,3.74,2,Universidad,No oficial,cundinamarca,chia
3.91,3.0,3.74,4.4,1,Universidad,No oficial,cundinamarca,chia
3.0,3.74,4.4,6.04,2,Universidad,No oficial,cundinamarca,chia
3.74,4.4,6.04,3.47,1,Universidad,No oficial,cundinamarca,chia
4.4,6.04,3.47,3.24,2,Universidad,No oficial,cundinamarca,chia
6.04,3.47,3.24,2.38,1,Universidad,No oficial,cundinamarca,chia
3.47,3.24,2.38,2.33,2,Universidad,No oficial,cundinamarca,chia
3.24,2.38,2.33,3.22,1,Universidad,No oficial,cundinamarca,chia
2.38,2.33,3.22,1.66,2,Universidad,No oficial,cundinamarca,chia
2.33,3.22,1.66,3.26,1,Universidad,No oficial,cundinamarca,chia
0.0,0.0,7.45,6.52,1,Universidad,No oficial,antioquia,medellin
0.0,7.45,6.52,8.39,2,Universidad,No oficial,antioquia,medellin
7.45,6.52,8.39,23.52,1,Universidad,No oficial,antioquia,medellin
6.52,8.39,23.52,7.97,2,Universidad,No oficial,antioquia,medellin
8.39,23.52,7.97,8.77,1,Universidad,No oficial,antioquia,medellin
23.52,7.97,8.77,8.25,2,Universidad,No oficial,antioquia,medellin
7.97,8.77,8.25,7.26,1,Universidad,No oficial,antioquia,medellin
8.77,8.25,7.26,6.67,2,Universidad,No oficial,antioquia,medellin
8.25,7.26,6.67,7.26,1,Universidad,No oficial,antioquia,medellin
7.26,6.67,7.26,7.56,2,Universidad,No oficial,antioquia,medellin
6.67,7.26,7.56,7.67,1,Universidad,No oficial,antioquia,medellin
7.26,7.56,7.67,9.35,2,Universidad,No oficial,antioquia,medellin
7.56,7.67,9.35,6.95,1,Universidad,No oficial,antioquia,medellin
7.67,9.35,6.95,8.67,2,Universidad,No oficial,antioquia,medellin
9.35,6.95,8.67,9.61,1,Universidad,No oficial,antioquia,medellin
6.95,8.67,9.61,4.72,2,Universidad,No oficial,antioquia,medellin
8.67,9.61,4.72,3.86,1,Universidad,No oficial,antioquia,medellin
9.61,4.72,3.86,4.91,2,Universidad,No oficial,antioquia,medellin
4.72,3.86,4.91,4.95,1,Universidad,No oficial,antioquia,medellin
3.86,4.91,4.95,5.41,2,Universidad,No oficial,antioquia,medellin
4.91,4.95,5.41,6.42,1,Universidad,No oficial,antioquia,medellin
4.95,5.41,6.42,5.82,2,Universidad,No oficial,antioquia,medellin
5.41,6.42,5.82,5.21,1,Universidad,No oficial,antioquia,medellin
6.42,5.82,5.21,5.12,2,Universidad,No oficial,antioquia,medellin
5.82,5.21,5.12,5.71,1,Universidad,No oficial,antioquia,medellin
5.21,5.12,5.71,5.39,2,Universidad,No oficial,antioquia,medellin
5.12,5.71,5.39,5.22,1,Universidad,No oficial,antioquia,medellin
5.71,5.39,5.22,5.28,2,Universidad,No oficial,antioquia,medellin
5.39,5.22,5.28,5.66,1,Universidad,No oficial,antioquia,medellin
5.22,5.28,5.66,5.77,2,Universidad,No oficial,antioquia,medellin
5.28,5.66,5.77,6.12,1,Universidad,No oficial,antioquia,medellin
5.66,5.77,6.12,5.07,2,Universidad,No oficial,antioquia,medellin
5.77,6.12,5.07,4.93,1,Universidad,No oficial,antioquia,medellin
6.12,5.07,4.93,6.09,2,Universidad,No oficial,antioquia,medellin
5.07,4.93,6.09,5.26,1,Universidad,No oficial,antioquia,medellin
4.93,6.09,5.26,6.18,2,Universidad,No oficial,antioquia,medellin
6.09,5.26,6.18,5.69,1,Universidad,No oficial,antioquia,medellin
5.26,6.18,5.69,5.98,2,Universidad,No oficial,antioquia,medellin
6.18,5.69,5.98,6.19,1,Universidad,No oficial,antioquia,medellin
5.69,5.98,6.19,5.78,2,Universidad,No oficial,antioquia,medellin
5.98,6.19,5.78,5.0,1,Universidad,No oficial,antioquia,medellin
6.19,5.78,5.0,5.38,2,Universidad,No oficial,antioquia,medellin
5.78,5.0,5.38,4.35,1,Universidad,No oficial,antioquia,medellin
5.0,5.38,4.35,3.77,2,Universidad,No oficial,antioquia,medellin
5.38,4.35,3.77,3.83,1,Universidad,No oficial,antioquia,medellin
4.35,3.77,3.83,4.33,2,Universidad,No oficial,antioquia,medellin
3.77,3.83,4.33,3.33,1,Universidad,No oficial,antioquia,medellin
0.0,0.0,7.31,5.75,1,Universidad,No oficial,atlantico,barranquilla
0.0,7.31,5.75,6.76,2,Universidad,No oficial,atlantico,barranquilla
7.31,5.75,6.76,6.64,1,Universidad,No oficial,atlantico,barranquilla
5.75,6.76,6.64,7.16,2,Universidad,No oficial,atlantico,barranquilla
6.76,6.64,7.16,5.11,1,Universidad,No oficial,atlantico,barranquilla
6.64,7.16,5.11,6.96,2,Universidad,No oficial,atlantico,barranquilla
7.16,5.11,6.96,6.9,1,Universidad,No oficial,atlantico,barranquilla
5.11,6.96,6.9,6.79,2,Universidad,No oficial,atlantico,barranquilla
6.96,6.9,6.79,5.81,1,Universidad,No oficial,atlantico,barranquilla
6.9,6.79,5.81,5.0,2,Universidad,No oficial,atlantico,barranquilla
6.79,5.81,5.0,5.43,1,Universidad,No oficial,atlantico,barranquilla
5.81,5.0,5.43,5.45,2,Universidad,No oficial,atlantico,barranquilla
5.0,5.43,5.45,5.95,1,Universidad,No oficial,atlantico,barranquilla
5.43,5.45,5.95,6.35,2,Universidad,No oficial,atlantico,barranquilla
5.45,5.95,6.35,5.21,1,Universidad,No oficial,atlantico,barranquilla
5.95,6.35,5.21,5.98,2,Universidad,No oficial,atlantico,barranquilla
6.35,5.21,5.98,5.06,1,Universidad,No oficial,atlantico,barranquilla
5.21,5.98,5.06,6.16,2,Universidad,No oficial,atlantico,barranquilla
5.98,5.06,6.16,5.67,1,Universidad,No oficial,atlantico,barranquilla
5.06,6.16,5.67,5.18,2,Universidad,No oficial,atlantico,barranquilla
6.16,5.67,5.18,4.79,1,Universidad,No oficial,atlantico,barranquilla
5.67,5.18,4.79,4.18,2,Universidad,No oficial,atlantico,barranquilla
5.18,4.79,4.18,4.21,1,Universidad,No oficial,atlantico,barranquilla
4.79,4.18,4.21,5.14,2,Universidad,No oficial,atlantico,barranquilla
4.18,4.21,5.14,4.18,1,Universidad,No oficial,atlantico,barranquilla
4.21,5.14,4.18,3.71,2,Universidad,No oficial,atlantico,barranquilla
5.14,4.18,3.71,2.97,1,Universidad,No oficial,atlantico,barranquilla
4.18,3.71,2.97,3.18,2,Universidad,No oficial,atlantico,barranquilla
3.71,2.97,3.18,5.17,1,Universidad,No oficial,atlantico,barranquilla
2.97,3.18,5.17,3.47,2,Universidad,No oficial,atlantico,barranquilla
3.18,5.17,3.47,3.4,1,Universidad,No oficial,atlantico,barranquilla
5.17,3.47,3.4,3.08,2,Universidad,No oficial,atlantico,barranquilla
3.47,3.4,3.08,3.46,1,Universidad,No oficial,atlantico,barranquilla
3.4,3.08,3.46,3.5,2,Universidad,No oficial,atlantico,barranquilla
3.08,3.46,3.5,4.24,1,Universidad,No oficial,atlantico,barranquilla
3.46,3.5,4.24,3.32,2,Universidad,No oficial,atlantico,barranquilla
3.5,4.24,3.32,3.01,1,Universidad,No oficial,atlantico,barranquilla
4.24,3.32,3.01,2.72,2,Universidad,No oficial,atlantico,barranquilla
3.32,3.01,2.72,3.51,1,Universidad,No oficial,atlantico,barranquilla
0.0,0.0,2.68,6.63,1,Universidad,No oficial,bogota d c,bogota dc
0.0,2.68,6.63,4.9,2,Universidad,No oficial,bogota d c,bogota dc
2.68,6.63,4.9,5.32,1,Universidad,No oficial,bogota d c,bogota dc
6.63,4.9,5.32,5.01,2,Universidad,No oficial,bogota d c,bogota dc
4.9,5.32,5.01,5.17,1,Universidad,No oficial,bogota d c,bogota dc
5.32,5.01,5.17,4.86,2,Universidad,No oficial,bogota d c,bogota dc
5.01,5.17,4.86,5.13,1,Universidad,No oficial,bogota d c,bogota dc
5.17,4.86,5.13,6.12,2,Universidad,No oficial,bogota d c,bogota dc
4.86,5.13,6.12,8.71,1,Universidad,No oficial,bogota d c,bogota dc
5.13,6.12,8.71,8.67,2,Universidad,No oficial,bogota d c,bogota dc
6.12,8.71,8.67,7.26,1,Universidad,No oficial,bogota d c,bogota dc
8.71,8.67,7.26,6.17,2,Universidad,No oficial,bogota d c,bogota dc
8.67,7.26,6.17,5.76,1,Universidad,No oficial,bogota d c,bogota dc
7.26,6.17,5.76,6.46,2,Universidad,No oficial,bogota d c,bogota dc
6.17,5.76,6.46,6.13,1,Universidad,No oficial,bogota d c,bogota dc
5.76,6.46,6.13,8.05,2,Universidad,No oficial,bogota d c,bogota dc
6.46,6.13,8.05,9.34,1,Universidad,No oficial,bogota d c,bogota dc
6.13,8.05,9.34,10.12,2,Universidad,No oficial,bogota d c,bogota dc
8.05,9.34,10.12,9.35,1,Universidad,No oficial,bogota d c,bogota dc
9.34,10.12,9.35,7.02,2,Universidad,No oficial,bogota d c,bogota dc
10.12,9.35,7.02,7.27,1,Universidad,No oficial,bogota d c,bogota dc
9.35,7.02,7.27,6.59,2,Universidad,No oficial,bogota d c,bogota dc
7.02,7.27,6.59,6.46,1,Universidad,No oficial,bogota d c,bogota dc
7.27,6.59,6.46,6.51,2,Universidad,No oficial,bogota d c,bogota dc
6.59,6.46,6.51,6.12,1,Universidad,No oficial,bogota d c,bogota dc
6.46,6.51,6.12,6.19,2,Universidad,No oficial,bogota d c,bogota dc
6.51,6.12,6.19,6.36,1,Universidad,No oficial,bogota d c,bogota dc
6.12,6.19,6.36,6.57,2,Universidad,No oficial,bogota d c,bogota dc
6.19,6.36,6.57,6.36,1,Universidad,No oficial,bogota d c,bogota dc
6.36,6.57,6.36,5.89,2,Universidad,No oficial,bogota d c,bogota dc
6.57,6.36,5.89,6.74,1,Universidad,No oficial,bogota d c,bogota dc
6.36,5.89,6.74,7.63,2,Universidad,No oficial,bogota d c,bogota dc
5.89,6.74,7.63,5.63,1,Universidad,No oficial,bogota d c,bogota dc
6.74,7.63,5.63,5.55,2,Universidad,No oficial,bogota d c,bogota dc
7.63,5.63,5.55,5.56,1,Universidad,No oficial,bogota d c,bogota dc
5.63,5.55,5.56,5.64,2,Universidad,No oficial,bogota d c,bogota dc
5.55,5.56,5.64,5.69,1,Universidad,No oficial,bogota d c,bogota dc
5.56,5.64,5.69,2.48,2,Universidad,No oficial,bogota d c,bogota dc
5.64,5.69,2.48,5.2,1,Universidad,No oficial,bogota d c,bogota dc
5.69,2.48,5.2,4.65,2,Universidad,No oficial,bogota d c,bogota dc
2.48,5.2,4.65,4.02,1,Universidad,No oficial,bogota d c,bogota dc
5.2,4.65,4.02,4.93,2,Universidad,No oficial,bogota d c,bogota dc
4.65,4.02,4.93,3.22,1,Universidad,No oficial,bogota d c,bogota dc
4.02,4.93,3.22,3.61,2,Universidad,No oficial,bogota d c,bogota dc
4.93,3.22,3.61,4.64,1,Universidad,No oficial,bogota d c,bogota dc
0.0,0.0,27.58,0.6,1,Universidad,No oficial,bogota d c,bogota dc
0.0,27.58,0.6,7.06,2,Universidad,No oficial,bogota d c,bogota dc
27.58,0.6,7.06,6.02,1,Universidad,No oficial,bogota d c,bogota dc
0.6,7.06,6.02,7.37,2,Universidad,No oficial,bogota d c,bogota dc
7.06,6.02,7.37,5.94,1,Universidad,No oficial,bogota d c,bogota dc
6.02,7.37,5.94,4.51,2,Universidad,No oficial,bogota d c,bogota dc
7.37,5.94,4.51,4.86,1,Universidad,No oficial,bogota d c,bogota dc
5.94,4.51,4.86,5.34,2,Universidad,No oficial,bogota d c,bogota dc
4.51,4.86,5.34,4.07,1,Universidad,No oficial,bogota d c,bogota dc
4.86,5.34,4.07,5.03,2,Universidad,No oficial,bogota d c,bogota dc
5.34,4.07,5.03,5.54,1,Universidad,No oficial,bogota d c,bogota dc
4.07,5.03,5.54,4.08,2,Universidad,No oficial,bogota d c,bogota dc
5.03,5.54,4.08,4.19,1,Universidad,No oficial,bogota d c,bogota dc
5.54,4.08,4.19,4.54,2,Universidad,No oficial,bogota d c,bogota dc
4.08,4.19,4.54,3.69,1,Universidad,No oficial,bogota d c,bogota dc
4.19,4.54,3.69,3.99,2,Universidad,No oficial,bogota d c,bogota dc
4.54,3.69,3.99,5.19,1,Universidad,No oficial,bogota d c,bogota dc
3.69,3.99,5.19,3.34,2,Universidad,No oficial,bogota d c,bogota dc
3.99,5.19,3.34,2.97,1,Universidad,No oficial,bogota d c,bogota dc
5.19,3.34,2.97,3.59,2,Universidad,No oficial,bogota d c,bogota dc
3.34,2.97,3.59,4.29,1,Universidad,No oficial,bogota d c,bogota dc
2.97,3.59,4.29,4.22,2,Universidad,No oficial,bogota d c,bogota dc
3.59,4.29,4.22,4.28,1,Universidad,No oficial,bogota d c,bogota dc
4.29,4.22,4.28,4.68,2,Universidad,No oficial,bogota d c,bogota dc
4.22,4.28,4.68,3.67,1,Universidad,No oficial,bogota d c,bogota dc
4.28,4.68,3.67,4.69,2,Universidad,No oficial,bogota d c,bogota dc
4.68,3.67,4.69,3.13,1,Universidad,No oficial,bogota d c,bogota dc
3.67,4.69,3.13,3.76,2,Universidad,No oficial,bogota d c,bogota dc
4.69,3.13,3.76,3.21,1,Universidad,No oficial,bogota d c,bogota dc
3.13,3.76,3.21,3.02,2,Universidad,No oficial,bogota d c,bogota dc
3.76,3.21,3.02,3.46,1,Universidad,No oficial,bogota d c,bogota dc
3.21,3.02,3.46,5.02,2,Universidad,No oficial,bogota d c,bogota dc
3.02,3.46,5.02,4.73,1,Universidad,No oficial,bogota d c,bogota dc
3.46,5.02,4.73,4.43,2,Universidad,No oficial,bogota d c,bogota dc
5.02,4.73,4.43,4.15,1,Universidad,No oficial,bogota d c,bogota dc
4.73,4.43,4.15,5.7,2,Universidad,No oficial,bogota d c,bogota dc
4.43,4.15,5.7,4.64,1,Universidad,No oficial,bogota d c,bogota dc
4.15,5.7,4.64,5.79,2,Universidad,No oficial,bogota d c,bogota dc
5.7,4.64,5.79,4.85,1,Universidad,No oficial,bogota d c,bogota dc
4.64,5.79,4.85,4.45,2,Universidad,No oficial,bogota d c,bogota dc
5.79,4.85,4.45,3.43,1,Universidad,No oficial,bogota d c,bogota dc
4.85,4.45,3.43,4.77,2,Universidad,No oficial,bogota d c,bogota dc
4.45,3.43,4.77,3.13,1,Universidad,No oficial,bogota d c,bogota dc
3.43,4.77,3.13,3.88,2,Universidad,No oficial,bogota d c,bogota dc
4.77,3.13,3.88,5.69,1,Universidad,No oficial,bogota d c,bogota dc
3.13,3.88,5.69,6.31,2,Universidad,No oficial,bogota d c,bogota dc
3.88,5.69,6.31,7.47,1,Universidad,No oficial,bogota d c,bogota dc
0.0,0.0,6.71,8.9,1,Universidad,No oficial,valle del cauca,cali
0.0,6.71,8.9,10.38,2,Universidad,No oficial,valle del cauca,cali
6.71,8.9,10.38,10.03,1,Universidad,No oficial,valle del cauca,cali
8.9,10.38,10.03,10.39,2,Universidad,No oficial,valle del cauca,cali
10.38,10.03,10.39,10.68,1,Universidad,No oficial,valle del cauca,cali
10.03,10.39,10.68,9.63,2,Universidad,No oficial,valle del cauca,cali
10.39,10.68,9.63,8.77,1,Universidad,No oficial,valle del cauca,cali
10.68,9.63,8.77,8.91,2,Universidad,No oficial,valle del cauca,cali
9.63,8.77,8.91,9.38,1,Universidad,No oficial,valle del cauca,cali
8.77,8.91,9.38,9.69,2,Universidad,No oficial,valle del cauca,cali
8.91,9.38,9.69,8.7,1,Universidad,No oficial,valle del cauca,cali
9.38,9.69,8.7,11.47,2,Universidad,No oficial,valle del cauca,cali
9.69,8.7,11.47,10.4,1,Universidad,No oficial,valle del cauca,cali
8.7,11.47,10.4,11.72,2,Universidad,No oficial,valle del cauca,cali
11.47,10.4,11.72,9.57,1,Universidad,No oficial,valle del cauca,cali
10.4,11.72,9.57,8.65,2,Universidad,No oficial,valle del cauca,cali
11.72,9.57,8.65,8.48,1,Universidad,No oficial,valle del cauca,cali
9.57,8.65,8.48,8.81,2,Universidad,No oficial,valle del cauca,cali
8.65,8.48,8.81,8.59,1,Universidad,No oficial,valle del cauca,cali
8.48,8.81,8.59,8.22,2,Universidad,No oficial,valle del cauca,cali
8.81,8.59,8.22,8.2,1,Universidad,No oficial,valle del cauca,cali
8.59,8.22,8.2,7.32,2,Universidad,No oficial,valle del cauca,cali
8.22,8.2,7.32,7.39,1,Universidad,No oficial,valle del cauca,cali
8.2,7.32,7.39,8.65,2,Universidad,No oficial,valle del cauca,cali
7.32,7.39,8.65,7.55,1,Universidad,No oficial,valle del cauca,cali
7.39,8.65,7.55,8.52,2,Universidad,No oficial,valle del cauca,cali
8.65,7.55,8.52,7.8,1,Universidad,No oficial,valle del cauca,cali
7.55,8.52,7.8,7.84,2,Universidad,No oficial,valle del cauca,cali
8.52,7.8,7.84,9.11,1,Universidad,No oficial,valle del cauca,cali
7.8,7.84,9.11,7.87,2,Universidad,No oficial,valle del cauca,cali
7.84,9.11,7.87,8.8,1,Universidad,No oficial,valle del cauca,cali
9.11,7.87,8.8,7.03,2,Universidad,No oficial,valle del cauca,cali
7.87,8.8,7.03,7.38,1,Universidad,No oficial,valle del cauca,cali
8.8,7.03,7.38,6.27,2,Universidad,No oficial,valle del cauca,cali
7.03,7.38,6.27,7.35,1,Universidad,No oficial,valle del cauca,cali
7.38,6.27,7.35,10.88,2,Universidad,No oficial,valle del cauca,cali
6.27,7.35,10.88,9.94,1,Universidad,No oficial,valle del cauca,cali
7.35,10.88,9.94,7.37,2,Universidad,No oficial,valle del cauca,cali
10.88,9.94,7.37,10.66,1,Universidad,No oficial,valle del cauca,cali
9.94,7.37,10.66,8.35,2,Universidad,No oficial,valle del cauca,cali
7.37,10.66,8.35,5.21,1,Universidad,No oficial,valle del cauca,cali
10.66,8.35,5.21,7.79,2,Universidad,No oficial,valle del cauca,cali
8.35,5.21,7.79,8.1,1,Universidad,No oficial,valle del cauca,cali
5.21,7.79,8.1,8.73,2,Universidad,No oficial,valle del cauca,cali
7.79,8.1,8.73,5.26,1,Universidad,No oficial,valle del cauca,cali
8.1,8.73,5.26,6.09,2,Universidad,No oficial,valle del cauca,cali
8.73,5.26,6.09,5.36,1,Universidad,No oficial,valle del cauca,cali
0.0,0.0,16.7,11.33,1,Universidad,No oficial,antioquia,medellin
0.0,16.7,11.33,9.47,2,Universidad,No oficial,antioquia,medellin
16.7,11.33,9.47,7.35,1,Universidad,No oficial,antioquia,medellin
11.33,9.47,7.35,9.92,2,Universidad,No oficial,antioquia,medellin
9.47,7.35,9.92,6.37,1,Universidad,No oficial,antioquia,medellin
7.35,9.92,6.37,8.41,2,Universidad,No oficial,antioquia,medellin
9.92,6.37,8.41,6.52,1,Universidad,No oficial,antioquia,medellin
6.37,8.41,6.52,7.25,2,Universidad,No oficial,antioquia,medellin
8.41,6.52,7.25,6.34,1,Universidad,No oficial,antioquia,medellin
6.52,7.25,6.34,7.26,2,Universidad,No oficial,antioquia,medellin
7.25,6.34,7.26,6.66,1,Universidad,No oficial,antioquia,medellin
6.34,7.26,6.66,5.77,2,Universidad,No oficial,antioquia,medellin
7.26,6.66,5.77,6.5,1,Universidad,No oficial,antioquia,medellin
6.66,5.77,6.5,6.81,2,Universidad,No oficial,antioquia,medellin
5.77,6.5,6.81,7.24,1,Universidad,No oficial,antioquia,medellin
6.5,6.81,7.24,7.72,2,Universidad,No oficial,antioquia,medellin
6.81,7.24,7.72,9.16,1,Universidad,No oficial,antioquia,medellin
7.24,7.72,9.16,10.84,2,Universidad,No oficial,antioquia,medellin
7.72,9.16,10.84,9.36,1,Universidad,No oficial,antioquia,medellin
9.16,10.84,9.36,10.4,2,Universidad,No oficial,antioquia,medellin
10.84,9.36,10.4,7.88,1,Universidad,No oficial,antioquia,medellin
9.36,10.4,7.88,7.74,2,Universidad,No oficial,antioquia,medellin
10.4,7.88,7.74,9.05,1,Universidad,No oficial,antioquia,medellin
7.88,7.74,9.05,9.1,2,Universidad,No oficial,antioquia,medellin
7.74,9.05,9.1,7.39,1,Universidad,No oficial,antioquia,medellin
9.05,9.1,7.39,6.88,2,Universidad,No oficial,antioquia,medellin
9.1,7.39,6.88,7.39,1,Universidad,No oficial,antioquia,medellin
7.39,6.88,7.39,7.64,2,Universidad,No oficial,antioquia,medellin
6.88,7.39,7.64,7.6,1,Universidad,No oficial,antioquia,medellin
7.39,7.64,7.6,8.09,2,Universidad,No oficial,antioquia,medellin
7.64,7.6,8.09,10.46,1,Universidad,No oficial,antioquia,medellin
7.6,8.09,10.46,7.42,2,Universidad,No oficial,antioquia,medellin
8.09,10.46,7.42,6.0,1,Universidad,No oficial,antioquia,medellin
10.46,7.42,6.0,7.47,2,Universidad,No oficial,antioquia,medellin
7.42,6.0,7.47,8.67,1,Universidad,No oficial,antioquia,medellin
6.0,7.47,8.67,10.27,2,Universidad,No oficial,antioquia,medellin
7.47,8.67,10.27,8.37,1,Universidad,No oficial,antioquia,medellin
8.67,10.27,8.37,9.18,2,Universidad,No oficial,antioquia,medellin
10.27,8.37,9.18,8.92,1,Universidad,No oficial,antioquia,medellin
8.37,9.18,8.92,8.63,2,Universidad,No oficial,antioquia,medellin
9.18,8.92,8.63,10.18,1,Universidad,No oficial,antioquia,medellin
8.92,8.63,10.18,11.56,2,Universidad,No oficial,antioquia,medellin
8.63,10.18,11.56,8.77,1,Universidad,No oficial,antioquia,medellin
10.18,11.56,8.77,10.62,2,Universidad,No oficial,antioquia,medellin
11.56,8.77,10.62,9.62,1,Universidad,No oficial,antioquia,medellin
0.0,0.0,8.95,9.76,1,Universidad,No oficial,bogota d c,bogota dc
0.0,8.95,9.76,11.64,2,Universidad,No oficial,bogota d c,bogota dc
8.95,9.76,11.64,11.22,1,Universidad,No oficial,bogota d c,bogota dc
9.76,11.64,11.22,11.69,2,Universidad,No oficial,bogota d c,bogota dc
11.64,11.22,11.69,9.48,1,Universidad,No oficial,bogota d c,bogota dc
11.22,11.69,9.48,7.09,2,Universidad,No oficial,bogota d c,bogota dc
11.69,9.48,7.09,6.83,1,Universidad,No oficial,bogota d c,bogota dc
9.48,7.09,6.83,6.94,2,Universidad,No oficial,bogota d c,bogota dc
7.09,6.83,6.94,9.24,1,Universidad,No oficial,bogota d c,bogota dc
6.83,6.94,9.24,7.9,2,Universidad,No oficial,bogota d c,bogota dc
6.94,9.24,7.9,9.78,1,Universidad,No oficial,bogota d c,bogota dc
9.24,7.9,9.78,9.66,2,Universidad,No oficial,bogota d c,bogota dc
7.9,9.78,9.66,11.12,1,Universidad,No oficial,bogota d c,bogota dc
9.78,9.66,11.12,13.11,2,Universidad,No oficial,bogota d c,bogota dc
9.66,11.12,13.11,14.63,1,Universidad,No oficial,bogota d c,bogota dc
11.12,13.11,14.63,14.44,2,Universidad,No oficial,bogota d c,bogota dc
13.11,14.63,14.44,13.21,1,Universidad,No oficial,bogota d c,bogota dc
14.63,14.44,13.21,15.14,2,Universidad,No oficial,bogota d c,bogota dc
14.44,13.21,15.14,22.89,1,Universidad,No oficial,bogota d c,bogota dc
13.21,15.14,22.89,10.72,2,Universidad,No oficial,bogota d c,bogota dc
15.14,22.89,10.72,14.62,1,Universidad,No oficial,bogota d c,bogota dc
22.89,10.72,14.62,11.83,2,Universidad,No oficial,bogota d c,bogota dc
10.72,14.62,11.83,9.07,1,Universidad,No oficial,bogota d c,bogota dc
14.62,11.83,9.07,9.82,2,Universidad,No oficial,bogota d c,bogota dc
11.83,9.07,9.82,31.91,1,Universidad,No oficial,bogota d c,bogota dc
9.07,9.82,31.91,62.56,2,Universidad,No oficial,bogota d c,bogota dc
9.82,31.91,62.56,8.31,1,Universidad,No oficial,bogota d c,bogota dc
31.91,62.56,8.31,8.98,2,Universidad,No oficial,bogota d c,bogota dc
62.56,8.31,8.98,9.85,1,Universidad,No oficial,bogota d c,bogota dc
8.31,8.98,9.85,13.52,2,Universidad,No oficial,bogota d c,bogota dc
8.98,9.85,13.52,16.47,1,Universidad,No oficial,bogota d c,bogota dc
9.85,13.52,16.47,10.92,2,Universidad,No oficial,bogota d c,bogota dc
13.52,16.47,10.92,12.08,1,Universidad,No oficial,bogota d c,bogota dc
16.47,10.92,12.08,9.13,2,Universidad,No oficial,bogota d c,bogota dc
10.92,12.08,9.13,7.53,1,Universidad,No oficial,bogota d c,bogota dc
12.08,9.13,7.53,7.13,2,Universidad,No oficial,bogota d c,bogota dc
9.13,7.53,7.13,10.57,1,Universidad,No oficial,bogota d c,bogota dc
7.53,7.13,10.57,8.62,2,Universidad,No oficial,bogota d c,bogota dc
7.13,10.57,8.62,7.78,1,Universidad,No oficial,bogota d c,bogota dc
10.57,8.62,7.78,7.93,2,Universidad,No oficial,bogota d c,bogota dc
8.62,7.78,7.93,8.1,1,Universidad,No oficial,bogota d c,bogota dc
0.0,0.0,12.13,12.32,1,Universidad,No oficial,bogota d c,bogota dc
0.0,12.13,12.32,10.42,2,Universidad,No oficial,bogota d c,bogota dc
12.13,12.32,10.42,9.71,1,Universidad,No oficial,bogota d c,bogota dc
12.32,10.42,9.71,8.76,2,Universidad,No oficial,bogota d c,bogota dc
10.42,9.71,8.76,8.66,1,Universidad,No oficial,bogota d c,bogota dc
9.71,8.76,8.66,10.13,2,Universidad,No oficial,bogota d c,bogota dc
8.76,8.66,10.13,7.72,1,Universidad,No oficial,bogota d c,bogota dc
8.66,10.13,7.72,9.16,2,Universidad,No oficial,bogota d c,bogota dc
10.13,7.72,9.16,9.34,1,Universidad,No oficial,bogota d c,bogota dc
7.72,9.16,9.34,10.0,2,Universidad,No oficial,bogota d c,bogota dc
9.16,9.34,10.0,13.08,1,Universidad,No oficial,bogota d c,bogota dc
9.34,10.0,13.08,9.87,2,Universidad,No oficial,bogota d c,bogota dc
10.0,13.08,9.87,9.82,1,Universidad,No oficial,bogota d c,bogota dc
13.08,9.87,9.82,12.3,2,Universidad,No oficial,bogota d c,bogota dc
9.87,9.82,12.3,10.09,1,Universidad,No oficial,bogota d c,bogota dc
9.82,12.3,10.09,12.2,2,Universidad,No oficial,bogota d c,bogota dc
12.3,10.09,12.2,17.15,1,Universidad,No oficial,bogota d c,bogota dc
10.09,12.2,17.15,13.68,2,Universidad,No oficial,bogota d c,bogota dc
12.2,17.15,13.68,13.8,1,Universidad,No oficial,bogota d c,bogota dc
17.15,13.68,13.8,11.34,2,Universidad,No oficial,bogota d c,bogota dc
13.68,13.8,11.34,3.15,1,Universidad,No oficial,bogota d c,bogota dc
13.8,11.34,3.15,20.57,2,Universidad,No oficial,bogota d c,bogota dc
11.34,3.15,20.57,11.92,1,Universidad,No oficial,bogota d c,bogota dc
3.15,20.57,11.92,12.37,2,Universidad,No oficial,bogota d c,bogota dc
20.57,11.92,12.37,10.23,1,Universidad,No oficial,bogota d c,bogota dc
11.92,12.37,10.23,10.03,2,Universidad,No oficial,bogota d c,bogota dc
12.37,10.23,10.03,10.0,1,Universidad,No oficial,bogota d c,bogota dc
10.23,10.03,10.0,10.58,2,Universidad,No oficial,bogota d c,bogota dc
10.03,10.0,10.58,10.8,1,Universidad,No oficial,bogota d c,bogota dc
10.0,10.58,10.8,10.52,2,Universidad,No oficial,bogota d c,bogota dc
10.58,10.8,10.52,10.46,1,Universidad,No oficial,bogota d c,bogota dc
10.8,10.52,10.46,10.21,2,Universidad,No oficial,bogota d c,bogota dc
10.52,10.46,10.21,9.72,1,Universidad,No oficial,bogota d c,bogota dc
10.46,10.21,9.72,10.58,2,Universidad,No oficial,bogota d c,bogota dc
10.21,9.72,10.58,9.21,1,Universidad,No oficial,bogota d c,bogota dc
9.72,10.58,9.21,9.48,2,Universidad,No oficial,bogota d c,bogota dc
10.58,9.21,9.48,10.67,1,Universidad,No oficial,bogota d c,bogota dc
9.21,9.48,10.67,9.95,2,Universidad,No oficial,bogota d c,bogota dc
9.48,10.67,9.95,11.12,1,Universidad,No oficial,bogota d c,bogota dc
10.67,9.95,11.12,10.49,2,Universidad,No oficial,bogota d c,bogota dc
9.95,11.12,10.49,9.35,1,Universidad,No oficial,bogota d c,bogota dc
11.12,10.49,9.35,9.56,2,Universidad,No oficial,bogota d c,bogota dc
10.49,9.35,9.56,9.78,1,Universidad,No oficial,bogota d c,bogota dc
9.35,9.56,9.78,10.09,2,Universidad,No oficial,bogota d c,bogota dc
9.56,9.78,10.09,9.52,1,Universidad,No oficial,bogota d c,bogota dc
9.78,10.09,9.52,9.68,2,Universidad,No oficial,bogota d c,bogota dc
10.09,9.52,9.68,10.35,1,Universidad,No oficial,bogota d c,bogota dc
0.0,0.0,6.05,10.15,1,Universidad,No oficial,narino,pasto
0.0,6.05,10.15,77.25,2,Universidad,No oficial,narino,pasto
6.05,10.15,77.25,73.14,1,Universidad,No oficial,narino,pasto
10.15,77.25,73.14,17.47,2,Universidad,No oficial,narino,pasto
77.25,73.14,17.47,6.72,1,Universidad,No oficial,narino,pasto
73.14,17.47,6.72,6.36,2,Universidad,No oficial,narino,pasto
17.47,6.72,6.36,6.87,1,Universidad,No oficial,narino,pasto
6.72,6.36,6.87,10.46,2,Universidad,No oficial,narino,pasto
6.36,6.87,10.46,6.21,1,Universidad,No oficial,narino,pasto
6.87,10.46,6.21,6.95,2,Universidad,No oficial,narino,pasto
10.46,6.21,6.95,9.38,1,Universidad,No oficial,narino,pasto
6.21,6.95,9.38,4.99,2,Universidad,No oficial,narino,pasto
6.95,9.38,4.99,5.9,1,Universidad,No oficial,narino,pasto
9.38,4.99,5.9,4.99,2,Universidad,No oficial,narino,pasto
4.99,5.9,4.99,5.77,1,Universidad,No oficial,narino,pasto
5.9,4.99,5.77,5.08,2,Universidad,No oficial,narino,pasto
4.99,5.77,5.08,4.56,1,Universidad,No oficial,narino,pasto
5.77,5.08,4.56,8.61,2,Universidad,No oficial,narino,pasto
5.08,4.56,8.61,13.07,1,Universidad,No oficial,narino,pasto
4.56,8.61,13.07,6.42,2,Universidad,No oficial,narino,pasto
8.61,13.07,6.42,4.81,1,Universidad,No oficial,narino,pasto
13.07,6.42,4.81,7.24,2,Universidad,No oficial,narino,pasto
6.42,4.81,7.24,8.61,1,Universidad,No oficial,narino,pasto
4.81,7.24,8.61,7.38,2,Universidad,No oficial,narino,pasto
7.24,8.61,7.38,7.33,1,Universidad,No oficial,narino,pasto
8.61,7.38,7.33,5.92,2,Universidad,No oficial,narino,pasto
7.38,7.33,5.92,5.21,1,Universidad,No oficial,narino,pasto
7.33,5.92,5.21,4.01,2,Universidad,No oficial,narino,pasto
5.92,5.21,4.01,4.64,1,Universidad,No oficial,narino,pasto
5.21,4.01,4.64,3.85,2,Universidad,No oficial,narino,pasto
4.01,4.64,3.85,4.66,1,Universidad,No oficial,narino,pasto
4.64,3.85,4.66,4.54,2,Universidad,No oficial,narino,pasto
3.85,4.66,4.54,4.7,1,Universidad,No oficial,narino,pasto
4.66,4.54,4.7,3.94,2,Universidad,No oficial,narino,pasto
4.54,4.7,3.94,4.53,1,Universidad,No oficial,narino,pasto
4.7,3.94,4.53,4.44,2,Universidad,No oficial,narino,pasto
3.94,4.53,4.44,4.52,1,Universidad,No oficial,narino,pasto
4.53,4.44,4.52,5.39,2,Universidad,No oficial,narino,pasto
4.44,4.52,5.39,5.09,1,Universidad,No oficial,narino,pasto
4.52,5.39,5.09,5.96,2,Universidad,No oficial,narino,pasto
5.39,5.09,5.96,7.51,1,Universidad,No oficial,narino,pasto
5.09,5.96,7.51,8.47,2,Universidad,No oficial,narino,pasto
5.96,7.51,8.47,6.44,1,Universidad,No oficial,narino,pasto
7.51,8.47,6.44,7.52,2,Universidad,No oficial,narino,pasto
8.47,6.44,7.52,5.42,1,Universidad,No oficial,narino,pasto
0.0,0.0,3.63,6.33,1,Universidad,No oficial,caldas,manizales
0.0,3.63,6.33,6.1,2,Universidad,No oficial,caldas,manizales
3.63,6.33,6.1,7.76,1,Universidad,No oficial,caldas,manizales
6.33,6.1,7.76,7.55,2,Universidad,No oficial,caldas,manizales
6.1,7.76,7.55,7.27,1,Universidad,No oficial,caldas,manizales
7.76,7.55,7.27,8.48,2,Universidad,No oficial,caldas,manizales
7.55,7.27,8.48,8.27,1,Universidad,No oficial,caldas,manizales
7.27,8.48,8.27,5.97,2,Universidad,No oficial,caldas,manizales
8.48,8.27,5.97,6.79,1,Universidad,No oficial,caldas,manizales
8.27,5.97,6.79,7.03,2,Universidad,No oficial,caldas,manizales
5.97,6.79,7.03,7.71,1,Universidad,No oficial,caldas,manizales
6.79,7.03,7.71,7.04,2,Universidad,No oficial,caldas,manizales
7.03,7.71,7.04,7.02,1,Universidad,No oficial,caldas,manizales
7.71,7.04,7.02,6.93,2,Universidad,No oficial,caldas,manizales
7.04,7.02,6.93,8.43,1,Universidad,No oficial,caldas,manizales
7.02,6.93,8.43,5.01,2,Universidad,No oficial,caldas,manizales
6.93,8.43,5.01,6.57,1,Universidad,No oficial,caldas,manizales
8.43,5.01,6.57,5.0,2,Universidad,No oficial,caldas,manizales
5.01,6.57,5.0,7.28,1,Universidad,No oficial,caldas,manizales
6.57,5.0,7.28,5.59,2,Universidad,No oficial,caldas,manizales
5.0,7.28,5.59,6.45,1,Universidad,No oficial,caldas,manizales
7.28,5.59,6.45,6.27,2,Universidad,No oficial,caldas,manizales
5.59,6.45,6.27,7.28,1,Universidad,No oficial,caldas,manizales
6.45,6.27,7.28,5.4,2,Universidad,No oficial,caldas,manizales
6.27,7.28,5.4,5.68,1,Universidad,No oficial,caldas,manizales
7.28,5.4,5.68,6.63,2,Universidad,No oficial,caldas,manizales
5.4,5.68,6.63,6.97,1,Universidad,No oficial,caldas,manizales
5.68,6.63,6.97,5.54,2,Universidad,No oficial,caldas,manizales
6.63,6.97,5.54,5.62,1,Universidad,No oficial,caldas,manizales
6.97,5.54,5.62,4.62,2,Universidad,No oficial,caldas,manizales
5.54,5.62,4.62,6.86,1,Universidad,No oficial,caldas,manizales
5.62,4.62,6.86,4.19,2,Universidad,No oficial,caldas,manizales
4.62,6.86,4.19,4.45,1,Universidad,No oficial,caldas,manizales
6.86,4.19,4.45,5.04,2,Universidad,No oficial,caldas,manizales
4.19,4.45,5.04,7.28,1,Universidad,No oficial,caldas,manizales
4.45,5.04,7.28,4.83,2,Universidad,No oficial,caldas,manizales
5.04,7.28,4.83,7.34,1,Universidad,No oficial,caldas,manizales
7.28,4.83,7.34,5.26,2,Universidad,No oficial,caldas,manizales
4.83,7.34,5.26,7.32,1,Universidad,No oficial,caldas,manizales
7.34,5.26,7.32,5.67,2,Universidad,No oficial,caldas,manizales
5.26,7.32,5.67,8.62,1,Universidad,No oficial,caldas,manizales
7.32,5.67,8.62,6.24,2,Universidad,No oficial,caldas,manizales
5.67,8.62,6.24,8.47,1,Universidad,No oficial,caldas,manizales
8.62,6.24,8.47,7.03,2,Universidad,No oficial,caldas,manizales
6.24,8.47,7.03,7.78,1,Universidad,No oficial,caldas,manizales
8.47,7.03,7.78,6.38,2,Universidad,No oficial,caldas,manizales
7.03,7.78,6.38,10.01,1,Universidad,No oficial,caldas,manizales
0.0,0.0,24.2,4.02,1,Universidad,No oficial,santander,bucaramanga
0.0,24.2,4.02,8.64,2,Universidad,No oficial,santander,bucaramanga
24.2,4.02,8.64,4.62,1,Universidad,No oficial,santander,bucaramanga
4.02,8.64,4.62,6.37,2,Universidad,No oficial,santander,bucaramanga
8.64,4.62,6.37,4.07,1,Universidad,No oficial,santander,bucaramanga
4.62,6.37,4.07,5.01,2,Universidad,No oficial,santander,bucaramanga
6.37,4.07,5.01,2.62,1,Universidad,No oficial,santander,bucaramanga
4.07,5.01,2.62,4.86,2,Universidad,No oficial,santander,bucaramanga
5.01,2.62,4.86,4.91,1,Universidad,No oficial,santander,bucaramanga
2.62,4.86,4.91,6.64,2,Universidad,No oficial,santander,bucaramanga
4.86,4.91,6.64,8.1,1,Universidad,No oficial,santander,bucaramanga
4.91,6.64,8.1,4.92,2,Universidad,No oficial,santander,bucaramanga
6.64,8.1,4.92,6.37,1,Universidad,No oficial,santander,bucaramanga
8.1,4.92,6.37,6.77,2,Universidad,No oficial,santander,bucaramanga
4.92,6.37,6.77,6.95,1,Universidad,No oficial,santander,bucaramanga
6.37,6.77,6.95,5.58,2,Universidad,No oficial,santander,bucaramanga
6.77,6.95,5.58,8.91,1,Universidad,No oficial,santander,bucaramanga
6.95,5.58,8.91,7.31,2,Universidad,No oficial,santander,bucaramanga
5.58,8.91,7.31,9.29,1,Universidad,No oficial,santander,bucaramanga
8.91,7.31,9.29,7.91,2,Universidad,No oficial,santander,bucaramanga
7.31,9.29,7.91,7.62,1,Universidad,No oficial,santander,bucaramanga
9.29,7.91,7.62,7.49,2,Universidad,No oficial,santander,bucaramanga
7.91,7.62,7.49,7.93,1,Universidad,No oficial,santander,bucaramanga
7.62,7.49,7.93,7.04,2,Universidad,No oficial,santander,bucaramanga
7.49,7.93,7.04,6.53,1,Universidad,No oficial,santander,bucaramanga
7.93,7.04,6.53,7.09,2,Universidad,No oficial,santander,bucaramanga
7.04,6.53,7.09,6.86,1,Universidad,No oficial,santander,bucaramanga
6.53,7.09,6.86,7.14,2,Universidad,No oficial,santander,bucaramanga
7.09,6.86,7.14,6.6,1,Universidad,No oficial,santander,bucaramanga
6.86,7.14,6.6,6.95,2,Universidad,No oficial,santander,bucaramanga
7.14,6.6,6.95,6.6,1,Universidad,No oficial,santander,bucaramanga
6.6,6.95,6.6,6.56,2,Universidad,No oficial,santander,bucaramanga
6.95,6.6,6.56,5.79,1,Universidad,No oficial,santander,bucaramanga
6.6,6.56,5.79,6.29,2,Universidad,No oficial,santander,bucaramanga
6.56,5.79,6.29,6.42,1,Universidad,No oficial,santander,bucaramanga
5.79,6.29,6.42,5.82,2,Universidad,No oficial,santander,bucaramanga
6.29,6.42,5.82,6.01,1,Universidad,No oficial,santander,bucaramanga
6.42,5.82,6.01,6.01,2,Universidad,No oficial,santander,bucaramanga
5.82,6.01,6.01,5.65,1,Universidad,No oficial,santander,bucaramanga
6.01,6.01,5.65,7.39,2,Universidad,No oficial,santander,bucaramanga
6.01,5.65,7.39,7.19,1,Universidad,No oficial,santander,bucaramanga
5.65,7.39,7.19,7.34,2,Universidad,No oficial,santander,bucaramanga
7.39,7.19,7.34,6.87,1,Universidad,No oficial,santander,bucaramanga
7.19,7.34,6.87,7.78,2,Universidad,No oficial,santander,bucaramanga
7.34,6.87,7.78,6.43,1,Universidad,No oficial,santander,bucaramanga
6.87,7.78,6.43,7.75,2,Universidad,No oficial,santander,bucaramanga
7.78,6.43,7.75,9.11,1,Universidad,No oficial,santander,bucaramanga
0.0,0.0,100.0,100.0,1,Universidad,No oficial,bolivar,cartagena de indias
0.0,100.0,100.0,0.93,2,Universidad,No oficial,bolivar,cartagena de indias
100.0,100.0,0.93,0.11,1,Universidad,No oficial,bolivar,cartagena de indias
100.0,0.93,0.11,9.53,2,Universidad,No oficial,bolivar,cartagena de indias
0.93,0.11,9.53,9.01,1,Universidad,No oficial,bolivar,cartagena de indias
0.11,9.53,9.01,12.8,2,Universidad,No oficial,bolivar,cartagena de indias
9.53,9.01,12.8,12.62,1,Universidad,No oficial,bolivar,cartagena de indias
9.01,12.8,12.62,14.42,2,Universidad,No oficial,bolivar,cartagena de indias
12.8,12.62,14.42,12.27,1,Universidad,No oficial,bolivar,cartagena de indias
12.62,14.42,12.27,14.81,2,Universidad,No oficial,bolivar,cartagena de indias
14.42,12.27,14.81,12.61,1,Universidad,No oficial,bolivar,cartagena de indias
12.27,14.81,12.61,17.1,2,Universidad,No oficial,bolivar,cartagena de indias
14.81,12.61,17.1,14.07,1,Universidad,No oficial,bolivar,cartagena de indias
12.61,17.1,14.07,13.99,2,Universidad,No oficial,bolivar,cartagena de indias
17.1,14.07,13.99,10.42,1,Universidad,No oficial,bolivar,cartagena de indias
14.07,13.99,10.42,13.03,2,Universidad,No oficial,bolivar,cartagena de indias
13.99,10.42,13.03,11.58,1,Universidad,No oficial,bolivar,cartagena de indias
10.42,13.03,11.58,13.51,2,Universidad,No oficial,bolivar,cartagena de indias
13.03,11.58,13.51,10.94,1,Universidad,No oficial,bolivar,cartagena de indias
11.58,13.51,10.94,16.31,2,Universidad,No oficial,bolivar,cartagena de indias
13.51,10.94,16.31,15.48,1,Universidad,No oficial,bolivar,cartagena de indias
10.94,16.31,15.48,9.74,2,Universidad,No oficial,bolivar,cartagena de indias
16.31,15.48,9.74,12.87,1,Universidad,No oficial,bolivar,cartagena de indias
15.48,9.74,12.87,10.65,2,Universidad,No oficial,bolivar,cartagena de indias
9.74,12.87,10.65,9.63,1,Universidad,No oficial,bolivar,cartagena de indias
12.87,10.65,9.63,7.82,2,Universidad,No oficial,bolivar,cartagena de indias
10.65,9.63,7.82,10.41,1,Universidad,No oficial,bolivar,cartagena de indias
9.63,7.82,10.41,10.01,2,Universidad,No oficial,bolivar,cartagena de indias
7.82,10.41,10.01,9.81,1,Universidad,No oficial,bolivar,cartagena de indias
10.41,10.01,9.81,8.7,2,Universidad,No oficial,bolivar,cartagena de indias
10.01,9.81,8.7,9.09,1,Universidad,No oficial,bolivar,cartagena de indias
9.81,8.7,9.09,9.58,2,Universidad,No oficial,bolivar,cartagena de indias
8.7,9.09,9.58,9.42,1,Universidad,No oficial,bolivar,cartagena de indias
9.09,9.58,9.42,8.72,2,Universidad,No oficial,bolivar,cartagena de indias
9.58,9.42,8.72,8.87,1,Universidad,No oficial,bolivar,cartagena de indias
9.42,8.72,8.87,8.78,2,Universidad,No oficial,bolivar,cartagena de indias
8.72,8.87,8.78,7.3,1,Universidad,No oficial,bolivar,cartagena de indias
8.87,8.78,7.3,7.31,2,Universidad,No oficial,bolivar,cartagena de indias
8.78,7.3,7.31,5.9,1,Universidad,No oficial,bolivar,cartagena de indias
7.3,7.31,5.9,6.39,2,Universidad,No oficial,bolivar,cartagena de indias
7.31,5.9,6.39,4.74,1,Universidad,No oficial,bolivar,cartagena de indias
5.9,6.39,4.74,5.27,2,Universidad,No oficial,bolivar,cartagena de indias
6.39,4.74,5.27,6.1,1,Universidad,No oficial,bolivar,cartagena de indias
4.74,5.27,6.1,6.91,2,Universidad,No oficial,bolivar,cartagena de indias
5.27,6.1,6.91,3.69,1,Universidad,No oficial,bolivar,cartagena de indias
6.1,6.91,3.69,4.57,2,Universidad,No oficial,bolivar,cartagena de indias
6.91,3.69,4.57,3.22,1,Universidad,No oficial,bolivar,cartagena de indias
0.0,0.0,11.07,12.07,1,Universidad,No oficial,bogota d c,bogota dc
0.0,11.07,12.07,11.31,2,Universidad,No oficial,bogota d c,bogota dc
11.07,12.07,11.31,9.87,1,Universidad,No oficial,bogota d c,bogota dc
12.07,11.31,9.87,8.02,2,Universidad,No oficial,bogota d c,bogota dc
11.31,9.87,8.02,8.63,1,Universidad,No oficial,bogota d c,bogota dc
9.87,8.02,8.63,10.11,2,Universidad,No oficial,bogota d c,bogota dc
8.02,8.63,10.11,9.17,1,Universidad,No oficial,bogota d c,bogota dc
8.63,10.11,9.17,8.88,2,Universidad,No oficial,bogota d c,bogota dc
10.11,9.17,8.88,9.68,1,Universidad,No oficial,bogota d c,bogota dc
9.17,8.88,9.68,10.0,2,Universidad,No oficial,bogota d c,bogota dc
8.88,9.68,10.0,10.74,1,Universidad,No oficial,bogota d c,bogota dc
9.68,10.0,10.74,9.6,2,Universidad,No oficial,bogota d c,bogota dc
10.0,10.74,9.6,10.63,1,Universidad,No oficial,bogota d c,bogota dc
10.74,9.6,10.63,10.01,2,Universidad,No oficial,bogota d c,bogota dc
9.6,10.63,10.01,11.21,1,Universidad,No oficial,bogota d c,bogota dc
10.63,10.01,11.21,11.0,2,Universidad,No oficial,bogota d c,bogota dc
10.01,11.21,11.0,9.64,1,Universidad,No oficial,bogota d c,bogota dc
11.21,11.0,9.64,10.61,2,Universidad,No oficial,bogota d c,bogota dc
11.0,9.64,10.61,10.78,1,Universidad,No oficial,bogota d c,bogota dc
9.64,10.61,10.78,11.62,2,Universidad,No oficial,bogota d c,bogota dc
10.61,10.78,11.62,12.88,1,Universidad,No oficial,bogota d c,bogota dc
10.78,11.62,12.88,15.68,2,Universidad,No oficial,bogota d c,bogota dc
11.62,12.88,15.68,15.9,1,Universidad,No oficial,bogota d c,bogota dc
12.88,15.68,15.9,10.87,2,Universidad,No oficial,bogota d c,bogota dc
15.68,15.9,10.87,12.21,1,Universidad,No oficial,bogota d c,bogota dc
15.9,10.87,12.21,11.58,2,Universidad,No oficial,bogota d c,bogota dc
10.87,12.21,11.58,12.12,1,Universidad,No oficial,bogota d c,bogota dc
12.21,11.58,12.12,13.16,2,Universidad,No oficial,bogota d c,bogota dc
11.58,12.12,13.16,12.89,1,Universidad,No oficial,bogota d c,bogota dc
12.12,13.16,12.89,14.05,2,Universidad,No oficial,bogota d c,bogota dc
13.16,12.89,14.05,12.95,1,Universidad,No oficial,bogota d c,bogota dc
12.89,14.05,12.95,65.43,2,Universidad,No oficial,bogota d c,bogota dc
14.05,12.95,65.43,26.6,1,Universidad,No oficial,bogota d c,bogota dc
12.95,65.43,26.6,4.3,2,Universidad,No oficial,bogota d c,bogota dc
65.43,26.6,4.3,10.7,1,Universidad,No oficial,bogota d c,bogota dc
26.6,4.3,10.7,14.47,2,Universidad,No oficial,bogota d c,bogota dc
4.3,10.7,14.47,16.04,1,Universidad,No oficial,bogota d c,bogota dc
10.7,14.47,16.04,14.95,2,Universidad,No oficial,bogota d c,bogota dc
14.47,16.04,14.95,9.03,1,Universidad,No oficial,bogota d c,bogota dc
16.04,14.95,9.03,18.34,2,Universidad,No oficial,bogota d c,bogota dc
14.95,9.03,18.34,28.18,1,Universidad,No oficial,bogota d c,bogota dc
9.03,18.34,28.18,39.58,2,Universidad,No oficial,bogota d c,bogota dc
18.34,28.18,39.58,17.06,1,Universidad,No oficial,bogota d c,bogota dc
28.18,39.58,17.06,35.52,2,Universidad,No oficial,bogota d c,bogota dc
39.58,17.06,35.52,13.89,1,Universidad,No oficial,bogota d c,bogota dc
17.06,35.52,13.89,24.12,2,Universidad,No oficial,bogota d c,bogota dc
35.52,13.89,24.12,27.32,1,Universidad,No oficial,bogota d c,bogota dc
0.0,0.0,6.76,11.13,1,Universidad,No oficial,antioquia,rionegro
0.0,6.76,11.13,9.63,2,Universidad,No oficial,antioquia,rionegro
6.76,11.13,9.63,14.56,1,Universidad,No oficial,antioquia,rionegro
11.13,9.63,14.56,9.51,2,Universidad,No oficial,antioquia,rionegro
9.63,14.56,9.51,9.48,1,Universidad,No oficial,antioquia,rionegro
14.56,9.51,9.48,7.57,2,Universidad,No oficial,antioquia,rionegro
9.51,9.48,7.57,10.32,1,Universidad,No oficial,antioquia,rionegro
9.48,7.57,10.32,9.32,2,Universidad,No oficial,antioquia,rionegro
7.57,10.32,9.32,9.85,1,Universidad,No oficial,antioquia,rionegro
10.32,9.32,9.85,7.75,2,Universidad,No oficial,antioquia,rionegro
9.32,9.85,7.75,13.26,1,Universidad,No oficial,antioquia,rionegro
9.85,7.75,13.26,11.12,2,Universidad,No oficial,antioquia,rionegro
7.75,13.26,11.12,12.55,1,Universidad,No oficial,antioquia,rionegro
13.26,11.12,12.55,12.11,2,Universidad,No oficial,antioquia,rionegro
11.12,12.55,12.11,10.08,1,Universidad,No oficial,antioquia,rionegro
12.55,12.11,10.08,9.63,2,Universidad,No oficial,antioquia,rionegro
12.11,10.08,9.63,11.5,1,Universidad,No oficial,antioquia,rionegro
10.08,9.63,11.5,10.39,2,Universidad,No oficial,antioquia,rionegro
9.63,11.5,10.39,8.6,1,Universidad,No oficial,antioquia,rionegro
11.5,10.39,8.6,9.52,2,Universidad,No oficial,antioquia,rionegro
10.39,8.6,9.52,10.17,1,Universidad,No oficial,antioquia,rionegro
8.6,9.52,10.17,10.99,2,Universidad,No oficial,antioquia,rionegro
9.52,10.17,10.99,11.24,1,Universidad,No oficial,antioquia,rionegro
10.17,10.99,11.24,10.09,2,Universidad,No oficial,antioquia,rionegro
10.99,11.24,10.09,9.11,1,Universidad,No oficial,antioquia,rionegro
11.24,10.09,9.11,7.73,2,Universidad,No oficial,antioquia,rionegro
10.09,9.11,7.73,6.73,1,Universidad,No oficial,antioquia,rionegro
9.11,7.73,6.73,12.35,2,Universidad,No oficial,antioquia,rionegro
7.73,6.73,12.35,12.66,1,Universidad,No oficial,antioquia,rionegro
6.73,12.35,12.66,9.31,2,Universidad,No oficial,antioquia,rionegro
12.35,12.66,9.31,7.9,1,Universidad,No oficial,antioquia,rionegro
12.66,9.31,7.9,8.15,2,Universidad,No oficial,antioquia,rionegro
9.31,7.9,8.15,12.16,1,Universidad,No oficial,antioquia,rionegro
7.9,8.15,12.16,9.85,2,Universidad,No oficial,antioquia,rionegro
8.15,12.16,9.85,8.6,1,Universidad,No oficial,antioquia,rionegro
12.16,9.85,8.6,9.16,2,Universidad,No oficial,antioquia,rionegro
9.85,8.6,9.16,9.44,1,Universidad,No oficial,antioquia,rionegro
8.6,9.16,9.44,8.05,2,Universidad,No oficial,antioquia,rionegro
9.16,9.44,8.05,7.84,1,Universidad,No oficial,antioquia,rionegro
9.44,8.05,7.84,7.78,2,Universidad,No oficial,antioquia,rionegro
8.05,7.84,7.78,9.47,1,Universidad,No oficial,antioquia,rionegro
7.84,7.78,9.47,9.0,2,Universidad,No oficial,antioquia,rionegro
7.78,9.47,9.0,9.53,1,Universidad,No oficial,antioquia,rionegro
9.47,9.0,9.53,8.45,2,Universidad,No oficial,antioquia,rionegro
9.0,9.53,8.45,8.58,1,Universidad,No oficial,antioquia,rionegro
9.53,8.45,8.58,9.06,2,Universidad,No oficial,antioquia,rionegro
8.45,8.58,9.06,8.38,1,Universidad,No oficial,antioquia,rionegro
0.0,0.0,26.74,8.65,1,Universidad,No oficial,cordoba,monteria
0.0,26.74,8.65,5.72,2,Universidad,No oficial,cordoba,monteria
26.74,8.65,5.72,5.55,1,Universidad,No oficial,cordoba,monteria
8.65,5.72,5.55,6.36,2,Universidad,No oficial,cordoba,monteria
5.72,5.55,6.36,8.18,1,Universidad,No oficial,cordoba,monteria
5.55,6.36,8.18,8.76,2,Universidad,No oficial,cordoba,monteria
6.36,8.18,8.76,8.2,1,Universidad,No oficial,cordoba,monteria
8.18,8.76,8.2,7.82,2,Universidad,No oficial,cordoba,monteria
8.76,8.2,7.82,7.19,1,Universidad,No oficial,cordoba,monteria
8.2,7.82,7.19,9.67,2,Universidad,No oficial,cordoba,monteria
7.82,7.19,9.67,7.99,1,Universidad,No oficial,cordoba,monteria
7.19,9.67,7.99,8.56,2,Universidad,No oficial,cordoba,monteria
9.67,7.99,8.56,7.34,1,Universidad,No oficial,cordoba,monteria
7.99,8.56,7.34,7.36,2,Universidad,No oficial,cordoba,monteria
8.56,7.34,7.36,14.49,1,Universidad,No oficial,cordoba,monteria
7.34,7.36,14.49,6.22,2,Universidad,No oficial,cordoba,monteria
7.36,14.49,6.22,5.49,1,Universidad,No oficial,cordoba,monteria
14.49,6.22,5.49,5.97,2,Universidad,No oficial,cordoba,monteria
6.22,5.49,5.97,7.17,1,Universidad,No oficial,cordoba,monteria
5.49,5.97,7.17,7.4,2,Universidad,No oficial,cordoba,monteria
5.97,7.17,7.4,8.06,1,Universidad,No oficial,cordoba,monteria
7.17,7.4,8.06,9.38,2,Universidad,No oficial,cordoba,monteria
7.4,8.06,9.38,8.71,1,Universidad,No oficial,cordoba,monteria
8.06,9.38,8.71,8.33,2,Universidad,No oficial,cordoba,monteria
9.38,8.71,8.33,9.35,1,Universidad,No oficial,cordoba,monteria
8.71,8.33,9.35,6.77,2,Universidad,No oficial,cordoba,monteria
8.33,9.35,6.77,8.88,1,Universidad,No oficial,cordoba,monteria
9.35,6.77,8.88,9.34,2,Universidad,No oficial,cordoba,monteria
6.77,8.88,9.34,10.28,1,Universidad,No oficial,cordoba,monteria
8.88,9.34,10.28,9.87,2,Universidad,No oficial,cordoba,monteria
9.34,10.28,9.87,7.32,1,Universidad,No oficial,cordoba,monteria
10.28,9.87,7.32,7.7,2,Universidad,No oficial,cordoba,monteria
9.87,7.32,7.7,6.3,1,Universidad,No oficial,cordoba,monteria
7.32,7.7,6.3,6.6,2,Universidad,No oficial,cordoba,monteria
7.7,6.3,6.6,6.35,1,Universidad,No oficial,cordoba,monteria
6.3,6.6,6.35,6.32,2,Universidad,No oficial,cordoba,monteria
6.6,6.35,6.32,5.51,1,Universidad,No oficial,cordoba,monteria
6.35,6.32,5.51,6.23,2,Universidad,No oficial,cordoba,monteria
6.32,5.51,6.23,6.44,1,Universidad,No oficial,cordoba,monteria
5.51,6.23,6.44,4.9,2,Universidad,No oficial,cordoba,monteria
6.23,6.44,4.9,3.67,1,Universidad,No oficial,cordoba,monteria
6.44,4.9,3.67,4.56,2,Universidad,No oficial,cordoba,monteria
4.9,3.67,4.56,3.82,1,Universidad,No oficial,cordoba,monteria
3.67,4.56,3.82,3.69,2,Universidad,No oficial,cordoba,monteria
4.56,3.82,3.69,3.65,1,Universidad,No oficial,cordoba,monteria
3.82,3.69,3.65,3.34,2,Universidad,No oficial,cordoba,monteria
3.69,3.65,3.34,4.6,1,Universidad,No oficial,cordoba,monteria
0.0,0.0,56.57,76.7,1,Universidad,No oficial,bogota d c,bogota dc
0.0,56.57,76.7,2.83,2,Universidad,No oficial,bogota d c,bogota dc
56.57,76.7,2.83,0.79,1,Universidad,No oficial,bogota d c,bogota dc
76.7,2.83,0.79,1.53,2,Universidad,No oficial,bogota d c,bogota dc
2.83,0.79,1.53,0.74,1,Universidad,No oficial,bogota d c,bogota dc
0.79,1.53,0.74,1.44,2,Universidad,No oficial,bogota d c,bogota dc
1.53,0.74,1.44,8.27,1,Universidad,No oficial,bogota d c,bogota dc
0.74,1.44,8.27,7.16,2,Universidad,No oficial,bogota d c,bogota dc
1.44,8.27,7.16,7.48,1,Universidad,No oficial,bogota d c,bogota dc
8.27,7.16,7.48,8.27,2,Universidad,No oficial,bogota d c,bogota dc
7.16,7.48,8.27,7.61,1,Universidad,No oficial,bogota d c,bogota dc
7.48,8.27,7.61,7.37,2,Universidad,No oficial,bogota d c,bogota dc
8.27,7.61,7.37,8.81,1,Universidad,No oficial,bogota d c,bogota dc
7.61,7.37,8.81,9.8,2,Universidad,No oficial,bogota d c,bogota dc
7.37,8.81,9.8,8.94,1,Universidad,No oficial,bogota d c,bogota dc
8.81,9.8,8.94,7.63,2,Universidad,No oficial,bogota d c,bogota dc
9.8,8.94,7.63,7.8,1,Universidad,No oficial,bogota d c,bogota dc
8.94,7.63,7.8,8.17,2,Universidad,No oficial,bogota d c,bogota dc
7.63,7.8,8.17,9.85,1,Universidad,No oficial,bogota d c,bogota dc
7.8,8.17,9.85,9.42,2,Universidad,No oficial,bogota d c,bogota dc
8.17,9.85,9.42,9.42,1,Universidad,No oficial,bogota d c,bogota dc
9.85,9.42,9.42,9.0,2,Universidad,No oficial,bogota d c,bogota dc
9.42,9.42,9.0,9.03,1,Universidad,No oficial,bogota d c,bogota dc
9.42,9.0,9.03,8.66,2,Universidad,No oficial,bogota d c,bogota dc
9.0,9.03,8.66,9.26,1,Universidad,No oficial,bogota d c,bogota dc
9.03,8.66,9.26,9.03,2,Universidad,No oficial,bogota d c,bogota dc
8.66,9.26,9.03,8.76,1,Universidad,No oficial,bogota d c,bogota dc
9.26,9.03,8.76,10.39,2,Universidad,No oficial,bogota d c,bogota dc
9.03,8.76,10.39,10.51,1,Universidad,No oficial,bogota d c,bogota dc
8.76,10.39,10.51,9.04,2,Universidad,No oficial,bogota d c,bogota dc
10.39,10.51,9.04,10.15,1,Universidad,No oficial,bogota d c,bogota dc
10.51,9.04,10.15,8.47,2,Universidad,No oficial,bogota d c,bogota dc
9.04,10.15,8.47,8.28,1,Universidad,No oficial,bogota d c,bogota dc
10.15,8.47,8.28,7.68,2,Universidad,No oficial,bogota d c,bogota dc
8.47,8.28,7.68,8.06,1,Universidad,No oficial,bogota d c,bogota dc
8.28,7.68,8.06,8.42,2,Universidad,No oficial,bogota d c,bogota dc
7.68,8.06,8.42,7.59,1,Universidad,No oficial,bogota d c,bogota dc
8.06,8.42,7.59,9.4,2,Universidad,No oficial,bogota d c,bogota dc
8.42,7.59,9.4,8.06,1,Universidad,No oficial,bogota d c,bogota dc
7.59,9.4,8.06,8.14,2,Universidad,No oficial,bogota d c,bogota dc
9.4,8.06,8.14,7.11,1,Universidad,No oficial,bogota d c,bogota dc
8.06,8.14,7.11,7.68,2,Universidad,No oficial,bogota d c,bogota dc
8.14,7.11,7.68,8.96,1,Universidad,No oficial,bogota d c,bogota dc
7.11,7.68,8.96,8.19,2,Universidad,No oficial,bogota d c,bogota dc
7.68,8.96,8.19,6.97,1,Universidad,No oficial,bogota d c,bogota dc
8.96,8.19,6.97,7.53,2,Universidad,No oficial,bogota d c,bogota dc
8.19,6.97,7.53,7.76,1,Universidad,No oficial,bogota d c,bogota dc
0.0,0.0,5.66,12.92,1,Universidad,No oficial,bogota d c,bogota dc
0.0,5.66,12.92,7.0,2,Universidad,No oficial,bogota d c,bogota dc
5.66,12.92,7.0,4.36,1,Universidad,No oficial,bogota d c,bogota dc
12.92,7.0,4.36,6.16,2,Universidad,No oficial,bogota d c,bogota dc
7.0,4.36,6.16,11.38,1,Universidad,No oficial,bogota d c,bogota dc
4.36,6.16,11.38,11.39,2,Universidad,No oficial,bogota d c,bogota dc
6.16,11.38,11.39,8.89,1,Universidad,No oficial,bogota d c,bogota dc
11.38,11.39,8.89,9.61,2,Universidad,No oficial,bogota d c,bogota dc
11.39,8.89,9.61,9.05,1,Universidad,No oficial,bogota d c,bogota dc
8.89,9.61,9.05,7.84,2,Universidad,No oficial,bogota d c,bogota dc
9.61,9.05,7.84,8.42,1,Universidad,No oficial,bogota d c,bogota dc
9.05,7.84,8.42,6.86,2,Universidad,No oficial,bogota d c,bogota dc
7.84,8.42,6.86,6.85,1,Universidad,No oficial,bogota d c,bogota dc
8.42,6.86,6.85,11.0,2,Universidad,No oficial,bogota d c,bogota dc
6.86,6.85,11.0,10.97,1,Universidad,No oficial,bogota d c,bogota dc
6.85,11.0,10.97,6.66,2,Universidad,No oficial,bogota d c,bogota dc
11.0,10.97,6.66,7.2,1,Universidad,No oficial,bogota d c,bogota dc
10.97,6.66,7.2,7.42,2,Universidad,No oficial,bogota d c,bogota dc
6.66,7.2,7.42,6.47,1,Universidad,No oficial,bogota d c,bogota dc
7.2,7.42,6.47,7.16,2,Universidad,No oficial,bogota d c,bogota dc
7.42,6.47,7.16,7.34,1,Universidad,No oficial,bogota d c,bogota dc
6.47,7.16,7.34,7.7,2,Universidad,No oficial,bogota d c,bogota dc
7.16,7.34,7.7,7.55,1,Universidad,No oficial,bogota d c,bogota dc
7.34,7.7,7.55,7.82,2,Universidad,No oficial,bogota d c,bogota dc
7.7,7.55,7.82,7.18,1,Universidad,No oficial,bogota d c,bogota dc
7.55,7.82,7.18,6.89,2,Universidad,No oficial,bogota d c,bogota dc
7.82,7.18,6.89,6.29,1,Universidad,No oficial,bogota d c,bogota dc
7.18,6.89,6.29,5.92,2,Universidad,No oficial,bogota d c,bogota dc
6.89,6.29,5.92,6.19,1,Universidad,No oficial,bogota d c,bogota dc
6.29,5.92,6.19,6.49,2,Universidad,No oficial,bogota d c,bogota dc
5.92,6.19,6.49,5.95,1,Universidad,No oficial,bogota d c,bogota dc
6.19,6.49,5.95,6.43,2,Universidad,No oficial,bogota d c,bogota dc
6.49,5.95,6.43,5.76,1,Universidad,No oficial,bogota d c,bogota dc
5.95,6.43,5.76,5.42,2,Universidad,No oficial,bogota d c,bogota dc
6.43,5.76,5.42,5.18,1,Universidad,No oficial,bogota d c,bogota dc
5.76,5.42,5.18,6.75,2,Universidad,No oficial,bogota d c,bogota dc
5.42,5.18,6.75,7.92,1,Universidad,No oficial,bogota d c,bogota dc
5.18,6.75,7.92,6.59,2,Universidad,No oficial,bogota d c,bogota dc
6.75,7.92,6.59,5.88,1,Universidad,No oficial,bogota d c,bogota dc
7.92,6.59,5.88,5.92,2,Universidad,No oficial,bogota d c,bogota dc
6.59,5.88,5.92,6.04,1,Universidad,No oficial,bogota d c,bogota dc
5.88,5.92,6.04,6.67,2,Universidad,No oficial,bogota d c,bogota dc
5.92,6.04,6.67,6.65,1,Universidad,No oficial,bogota d c,bogota dc
6.04,6.67,6.65,5.95,2,Universidad,No oficial,bogota d c,bogota dc
6.67,6.65,5.95,5.04,1,Universidad,No oficial,bogota d c,bogota dc
6.65,5.95,5.04,6.36,2,Universidad,No oficial,bogota d c,bogota dc
5.95,5.04,6.36,7.29,1,Universidad,No oficial,bogota d c,bogota dc
0.0,0.0,9.8,4.29,1,Universidad,No oficial,valle del cauca,palmira
0.0,9.8,4.29,0.0,2,Universidad,No oficial,valle del cauca,palmira
9.8,4.29,0.0,14.29,1,Universidad,No oficial,valle del cauca,palmira
4.29,0.0,14.29,2.3,2,Universidad,No oficial,valle del cauca,palmira
0.0,14.29,2.3,4.41,1,Universidad,No oficial,valle del cauca,palmira
14.29,2.3,4.41,0.88,2,Universidad,No oficial,valle del cauca,palmira
2.3,4.41,0.88,18.05,1,Universidad,No oficial,valle del cauca,palmira
4.41,0.88,18.05,1.04,2,Universidad,No oficial,valle del cauca,palmira
0.88,18.05,1.04,1.46,1,Universidad,No oficial,valle del cauca,palmira
18.05,1.04,1.46,5.97,2,Universidad,No oficial,valle del cauca,palmira
1.04,1.46,5.97,8.38,1,Universidad,No oficial,valle del cauca,palmira
1.46,5.97,8.38,12.73,2,Universidad,No oficial,valle del cauca,palmira
5.97,8.38,12.73,8.33,1,Universidad,No oficial,valle del cauca,palmira
8.38,12.73,8.33,2.17,2,Universidad,No oficial,valle del cauca,palmira
12.73,8.33,2.17,9.78,1,Universidad,No oficial,valle del cauca,palmira
8.33,2.17,9.78,6.47,2,Universidad,No oficial,valle del cauca,palmira
2.17,9.78,6.47,6.8,1,Universidad,No oficial,valle del cauca,palmira
9.78,6.47,6.8,8.06,2,Universidad,No oficial,valle del cauca,palmira
6.47,6.8,8.06,9.05,1,Universidad,No oficial,valle del cauca,palmira
6.8,8.06,9.05,8.17,2,Universidad,No oficial,valle del cauca,palmira
8.06,9.05,8.17,11.27,1,Universidad,No oficial,valle del cauca,palmira
9.05,8.17,11.27,6.15,2,Universidad,No oficial,valle del cauca,palmira
8.17,11.27,6.15,6.04,1,Universidad,No oficial,valle del cauca,palmira
11.27,6.15,6.04,2.82,2,Universidad,No oficial,valle del cauca,palmira
6.15,6.04,2.82,3.11,1,Universidad,No oficial,valle del cauca,palmira
6.04,2.82,3.11,6.93,2,Universidad,No oficial,valle del cauca,palmira
2.82,3.11,6.93,4.6,1,Universidad,No oficial,valle del cauca,palmira
3.11,6.93,4.6,4.07,2,Universidad,No oficial,valle del cauca,palmira
6.93,4.6,4.07,3.29,1,Universidad,No oficial,valle del cauca,palmira
4.6,4.07,3.29,6.04,2,Universidad,No oficial,valle del cauca,palmira
4.07,3.29,6.04,5.95,1,Universidad,No oficial,valle del cauca,palmira
3.29,6.04,5.95,5.22,2,Universidad,No oficial,valle del cauca,palmira
6.04,5.95,5.22,2.19,1,Universidad,No oficial,valle del cauca,palmira
5.95,5.22,2.19,5.11,2,Universidad,No oficial,valle del cauca,palmira
5.22,2.19,5.11,8.64,1,Universidad,No oficial,valle del cauca,palmira
2.19,5.11,8.64,4.08,2,Universidad,No oficial,valle del cauca,palmira
5.11,8.64,4.08,7.36,1,Universidad,No oficial,valle del cauca,palmira
8.64,4.08,7.36,3.1,2,Universidad,No oficial,valle del cauca,palmira
4.08,7.36,3.1,7.0,1,Universidad,No oficial,valle del cauca,palmira
0.0,0.0,3.31,1.6,1,Universidad,No oficial,boyaca,tunja
0.0,3.31,1.6,2.87,2,Universidad,No oficial,boyaca,tunja
3.31,1.6,2.87,4.01,1,Universidad,No oficial,boyaca,tunja
1.6,2.87,4.01,9.04,2,Universidad,No oficial,boyaca,tunja
2.87,4.01,9.04,8.6,1,Universidad,No oficial,boyaca,tunja
4.01,9.04,8.6,8.8,2,Universidad,No oficial,boyaca,tunja
9.04,8.6,8.8,11.43,1,Universidad,No oficial,boyaca,tunja
8.6,8.8,11.43,12.61,2,Universidad,No oficial,boyaca,tunja
8.8,11.43,12.61,11.16,1,Universidad,No oficial,boyaca,tunja
11.43,12.61,11.16,11.18,2,Universidad,No oficial,boyaca,tunja
12.61,11.16,11.18,15.93,1,Universidad,No oficial,boyaca,tunja
11.16,11.18,15.93,31.92,2,Universidad,No oficial,boyaca,tunja
11.18,15.93,31.92,78.24,1,Universidad,No oficial,boyaca,tunja
15.93,31.92,78.24,10.13,2,Universidad,No oficial,boyaca,tunja
31.92,78.24,10.13,11.72,1,Universidad,No oficial,boyaca,tunja
78.24,10.13,11.72,7.91,2,Universidad,No oficial,boyaca,tunja
10.13,11.72,7.91,9.06,1,Universidad,No oficial,boyaca,tunja
11.72,7.91,9.06,11.41,2,Universidad,No oficial,boyaca,tunja
7.91,9.06,11.41,10.79,1,Universidad,No oficial,boyaca,tunja
9.06,11.41,10.79,13.99,2,Universidad,No oficial,boyaca,tunja
11.41,10.79,13.99,12.2,1,Universidad,No oficial,boyaca,tunja
10.79,13.99,12.2,10.35,2,Universidad,No oficial,boyaca,tunja
13.99,12.2,10.35,7.42,1,Universidad,No oficial,boyaca,tunja
12.2,10.35,7.42,9.78,2,Universidad,No oficial,boyaca,tunja
10.35,7.42,9.78,12.51,1,Universidad,No oficial,boyaca,tunja
7.42,9.78,12.51,10.77,2,Universidad,No oficial,boyaca,tunja
9.78,12.51,10.77,17.95,1,Universidad,No oficial,boyaca,tunja
12.51,10.77,17.95,9.89,2,Universidad,No oficial,boyaca,tunja
10.77,17.95,9.89,8.06,1,Universidad,No oficial,boyaca,tunja
17.95,9.89,8.06,10.62,2,Universidad,No oficial,boyaca,tunja
9.89,8.06,10.62,9.32,1,Universidad,No oficial,boyaca,tunja
8.06,10.62,9.32,10.76,2,Universidad,No oficial,boyaca,tunja
10.62,9.32,10.76,10.74,1,Universidad,No oficial,boyaca,tunja
9.32,10.76,10.74,7.31,2,Universidad,No oficial,boyaca,tunja
10.76,10.74,7.31,7.72,1,Universidad,No oficial,boyaca,tunja
10.74,7.31,7.72,6.32,2,Universidad,No oficial,boyaca,tunja
7.31,7.72,6.32,12.3,1,Universidad,No oficial,boyaca,tunja
7.72,6.32,12.3,11.23,2,Universidad,No oficial,boyaca,tunja
6.32,12.3,11.23,7.9,1,Universidad,No oficial,boyaca,tunja
12.3,11.23,7.9,6.14,2,Universidad,No oficial,boyaca,tunja
11.23,7.9,6.14,6.75,1,Universidad,No oficial,boyaca,tunja
7.9,6.14,6.75,6.19,2,Universidad,No oficial,boyaca,tunja
6.14,6.75,6.19,10.08,1,Universidad,No oficial,boyaca,tunja
6.75,6.19,10.08,7.92,2,Universidad,No oficial,boyaca,tunja
6.19,10.08,7.92,6.79,1,Universidad,No oficial,boyaca,tunja
10.08,7.92,6.79,6.12,2,Universidad,No oficial,boyaca,tunja
7.92,6.79,6.12,7.04,1,Universidad,No oficial,boyaca,tunja
0.0,0.0,38.46,64.52,1,Universidad,No oficial,magdalena,santa marta
0.0,38.46,64.52,2.58,2,Universidad,No oficial,magdalena,santa marta
38.46,64.52,2.58,0.58,1,Universidad,No oficial,magdalena,santa marta
64.52,2.58,0.58,2.16,2,Universidad,No oficial,magdalena,santa marta
2.58,0.58,2.16,0.4,1,Universidad,No oficial,magdalena,santa marta
0.58,2.16,0.4,2.03,2,Universidad,No oficial,magdalena,santa marta
2.16,0.4,2.03,1.02,1,Universidad,No oficial,magdalena,santa marta
0.4,2.03,1.02,0.61,2,Universidad,No oficial,magdalena,santa marta
2.03,1.02,0.61,1.29,1,Universidad,No oficial,magdalena,santa marta
1.02,0.61,1.29,5.36,2,Universidad,No oficial,magdalena,santa marta
0.61,1.29,5.36,2.07,1,Universidad,No oficial,magdalena,santa marta
1.29,5.36,2.07,12.48,2,Universidad,No oficial,magdalena,santa marta
5.36,2.07,12.48,12.5,1,Universidad,No oficial,magdalena,santa marta
2.07,12.48,12.5,14.59,2,Universidad,No oficial,magdalena,santa marta
12.48,12.5,14.59,11.88,1,Universidad,No oficial,magdalena,santa marta
12.5,14.59,11.88,9.07,2,Universidad,No oficial,magdalena,santa marta
14.59,11.88,9.07,10.38,1,Universidad,No oficial,magdalena,santa marta
11.88,9.07,10.38,7.46,2,Universidad,No oficial,magdalena,santa marta
9.07,10.38,7.46,9.23,1,Universidad,No oficial,magdalena,santa marta
10.38,7.46,9.23,11.98,2,Universidad,No oficial,magdalena,santa marta
7.46,9.23,11.98,9.18,1,Universidad,No oficial,magdalena,santa marta
9.23,11.98,9.18,10.01,2,Universidad,No oficial,magdalena,santa marta
11.98,9.18,10.01,9.12,1,Universidad,No oficial,magdalena,santa marta
9.18,10.01,9.12,10.58,2,Universidad,No oficial,magdalena,santa marta
10.01,9.12,10.58,10.28,1,Universidad,No oficial,magdalena,santa marta
9.12,10.58,10.28,8.9,2,Universidad,No oficial,magdalena,santa marta
10.58,10.28,8.9,8.91,1,Universidad,No oficial,magdalena,santa marta
10.28,8.9,8.91,9.6,2,Universidad,No oficial,magdalena,santa marta
8.9,8.91,9.6,15.89,1,Universidad,No oficial,magdalena,santa marta
8.91,9.6,15.89,13.49,2,Universidad,No oficial,magdalena,santa marta
9.6,15.89,13.49,11.59,1,Universidad,No oficial,magdalena,santa marta
15.89,13.49,11.59,11.19,2,Universidad,No oficial,magdalena,santa marta
13.49,11.59,11.19,11.37,1,Universidad,No oficial,magdalena,santa marta
11.59,11.19,11.37,10.58,2,Universidad,No oficial,magdalena,santa marta
11.19,11.37,10.58,8.52,1,Universidad,No oficial,magdalena,santa marta
11.37,10.58,8.52,8.82,2,Universidad,No oficial,magdalena,santa marta
10.58,8.52,8.82,9.94,1,Universidad,No oficial,magdalena,santa marta
8.52,8.82,9.94,9.83,2,Universidad,No oficial,magdalena,santa marta
8.82,9.94,9.83,14.92,1,Universidad,No oficial,magdalena,santa marta
9.94,9.83,14.92,8.83,2,Universidad,No oficial,magdalena,santa marta
9.83,14.92,8.83,8.24,1,Universidad,No oficial,magdalena,santa marta
14.92,8.83,8.24,8.75,2,Universidad,No oficial,magdalena,santa marta
8.83,8.24,8.75,10.76,1,Universidad,No oficial,magdalena,santa marta
8.24,8.75,10.76,9.38,2,Universidad,No oficial,magdalena,santa marta
8.75,10.76,9.38,8.65,1,Universidad,No oficial,magdalena,santa marta
10.76,9.38,8.65,10.16,2,Universidad,No oficial,magdalena,santa marta
9.38,8.65,10.16,8.1,1,Universidad,No oficial,magdalena,santa marta
0.0,0.0,100.0,8.36,1,Universidad,No oficial,boyaca,tunja
0.0,100.0,8.36,7.22,2,Universidad,No oficial,boyaca,tunja
100.0,8.36,7.22,8.6,1,Universidad,No oficial,boyaca,tunja
8.36,7.22,8.6,9.02,2,Universidad,No oficial,boyaca,tunja
7.22,8.6,9.02,6.75,1,Universidad,No oficial,boyaca,tunja
8.6,9.02,6.75,10.07,2,Universidad,No oficial,boyaca,tunja
9.02,6.75,10.07,9.01,1,Universidad,No oficial,boyaca,tunja
6.75,10.07,9.01,11.23,2,Universidad,No oficial,boyaca,tunja
10.07,9.01,11.23,10.75,1,Universidad,No oficial,boyaca,tunja
9.01,11.23,10.75,16.48,2,Universidad,No oficial,boyaca,tunja
11.23,10.75,16.48,19.52,1,Universidad,No oficial,boyaca,tunja
10.75,16.48,19.52,14.77,2,Universidad,No oficial,boyaca,tunja
16.48,19.52,14.77,11.01,1,Universidad,No oficial,boyaca,tunja
19.52,14.77,11.01,14.84,2,Universidad,No oficial,boyaca,tunja
14.77,11.01,14.84,11.25,1,Universidad,No oficial,boyaca,tunja
11.01,14.84,11.25,11.87,2,Universidad,No oficial,boyaca,tunja
14.84,11.25,11.87,6.77,1,Universidad,No oficial,boyaca,tunja
11.25,11.87,6.77,5.81,2,Universidad,No oficial,boyaca,tunja
11.87,6.77,5.81,6.93,1,Universidad,No oficial,boyaca,tunja
6.77,5.81,6.93,6.94,2,Universidad,No oficial,boyaca,tunja
5.81,6.93,6.94,8.4,1,Universidad,No oficial,boyaca,tunja
6.93,6.94,8.4,9.25,2,Universidad,No oficial,boyaca,tunja
6.94,8.4,9.25,8.65,1,Universidad,No oficial,boyaca,tunja
8.4,9.25,8.65,8.96,2,Universidad,No oficial,boyaca,tunja
9.25,8.65,8.96,7.2,1,Universidad,No oficial,boyaca,tunja
8.65,8.96,7.2,7.5,2,Universidad,No oficial,boyaca,tunja
8.96,7.2,7.5,8.17,1,Universidad,No oficial,boyaca,tunja
7.2,7.5,8.17,8.59,2,Universidad,No oficial,boyaca,tunja
7.5,8.17,8.59,8.61,1,Universidad,No oficial,boyaca,tunja
8.17,8.59,8.61,10.01,2,Universidad,No oficial,boyaca,tunja
8.59,8.61,10.01,9.03,1,Universidad,No oficial,boyaca,tunja
8.61,10.01,9.03,7.94,2,Universidad,No oficial,boyaca,tunja
10.01,9.03,7.94,8.24,1,Universidad,No oficial,boyaca,tunja
9.03,7.94,8.24,8.67,2,Universidad,No oficial,boyaca,tunja
7.94,8.24,8.67,8.1,1,Universidad,No oficial,boyaca,tunja
8.24,8.67,8.1,8.91,2,Universidad,No oficial,boyaca,tunja
8.67,8.1,8.91,9.34,1,Universidad,No oficial,boyaca,tunja
8.1,8.91,9.34,10.1,2,Universidad,No oficial,boyaca,tunja
8.91,9.34,10.1,9.81,1,Universidad,No oficial,boyaca,tunja
9.34,10.1,9.81,9.73,2,Universidad,No oficial,boyaca,tunja
10.1,9.81,9.73,9.0,1,Universidad,No oficial,boyaca,tunja
9.81,9.73,9.0,9.21,2,Universidad,No oficial,boyaca,tunja
9.73,9.0,9.21,11.22,1,Universidad,No oficial,boyaca,tunja
9.0,9.21,11.22,10.07,2,Universidad,No oficial,boyaca,tunja
9.21,11.22,10.07,4.42,1,Universidad,No oficial,boyaca,tunja
11.22,10.07,4.42,6.05,2,Universidad,No oficial,boyaca,tunja
10.07,4.42,6.05,5.73,1,Universidad,No oficial,boyaca,tunja
0.0,0.0,2.6,8.51,1,Universidad,No oficial,bogota d c,bogota dc
0.0,2.6,8.51,9.69,2,Universidad,No oficial,bogota d c,bogota dc
2.6,8.51,9.69,7.12,1,Universidad,No oficial,bogota d c,bogota dc
8.51,9.69,7.12,7.63,2,Universidad,No oficial,bogota d c,bogota dc
9.69,7.12,7.63,13.09,1,Universidad,No oficial,bogota d c,bogota dc
7.12,7.63,13.09,10.8,2,Universidad,No oficial,bogota d c,bogota dc
7.63,13.09,10.8,9.01,1,Universidad,No oficial,bogota d c,bogota dc
13.09,10.8,9.01,15.04,2,Universidad,No oficial,bogota d c,bogota dc
10.8,9.01,15.04,11.13,1,Universidad,No oficial,bogota d c,bogota dc
9.01,15.04,11.13,12.99,2,Universidad,No oficial,bogota d c,bogota dc
15.04,11.13,12.99,14.28,1,Universidad,No oficial,bogota d c,bogota dc
11.13,12.99,14.28,13.33,2,Universidad,No oficial,bogota d c,bogota dc
12.99,14.28,13.33,10.21,1,Universidad,No oficial,bogota d c,bogota dc
14.28,13.33,10.21,13.96,2,Universidad,No oficial,bogota d c,bogota dc
13.33,10.21,13.96,12.68,1,Universidad,No oficial,bogota d c,bogota dc
10.21,13.96,12.68,9.49,2,Universidad,No oficial,bogota d c,bogota dc
13.96,12.68,9.49,7.71,1,Universidad,No oficial,bogota d c,bogota dc
12.68,9.49,7.71,9.52,2,Universidad,No oficial,bogota d c,bogota dc
9.49,7.71,9.52,11.5,1,Universidad,No oficial,bogota d c,bogota dc
7.71,9.52,11.5,12.8,2,Universidad,No oficial,bogota d c,bogota dc
9.52,11.5,12.8,10.98,1,Universidad,No oficial,bogota d c,bogota dc
11.5,12.8,10.98,11.0,2,Universidad,No oficial,bogota d c,bogota dc
12.8,10.98,11.0,13.59,1,Universidad,No oficial,bogota d c,bogota dc
10.98,11.0,13.59,12.72,2,Universidad,No oficial,bogota d c,bogota dc
11.0,13.59,12.72,9.67,1,Universidad,No oficial,bogota d c,bogota dc
13.59,12.72,9.67,9.41,2,Universidad,No oficial,bogota d c,bogota dc
12.72,9.67,9.41,10.7,1,Universidad,No oficial,bogota d c,bogota dc
9.67,9.41,10.7,10.67,2,Universidad,No oficial,bogota d c,bogota dc
9.41,10.7,10.67,9.91,1,Universidad,No oficial,bogota d c,bogota dc
10.7,10.67,9.91,7.61,2,Universidad,No oficial,bogota d c,bogota dc
10.67,9.91,7.61,16.36,1,Universidad,No oficial,bogota d c,bogota dc
9.91,7.61,16.36,7.71,2,Universidad,No oficial,bogota d c,bogota dc
7.61,16.36,7.71,14.51,1,Universidad,No oficial,bogota d c,bogota dc
16.36,7.71,14.51,12.66,2,Universidad,No oficial,bogota d c,bogota dc
7.71,14.51,12.66,12.32,1,Universidad,No oficial,bogota d c,bogota dc
14.51,12.66,12.32,14.37,2,Universidad,No oficial,bogota d c,bogota dc
12.66,12.32,14.37,14.93,1,Universidad,No oficial,bogota d c,bogota dc
12.32,14.37,14.93,16.85,2,Universidad,No oficial,bogota d c,bogota dc
14.37,14.93,16.85,16.58,1,Universidad,No oficial,bogota d c,bogota dc
14.93,16.85,16.58,14.0,2,Universidad,No oficial,bogota d c,bogota dc
16.85,16.58,14.0,12.55,1,Universidad,No oficial,bogota d c,bogota dc
16.58,14.0,12.55,13.28,2,Universidad,No oficial,bogota d c,bogota dc
14.0,12.55,13.28,13.58,1,Universidad,No oficial,bogota d c,bogota dc
12.55,13.28,13.58,16.98,2,Universidad,No oficial,bogota d c,bogota dc
13.28,13.58,16.98,13.71,1,Universidad,No oficial,bogota d c,bogota dc
13.58,16.98,13.71,8.42,2,Universidad,No oficial,bogota d c,bogota dc
16.98,13.71,8.42,10.21,1,Universidad,No oficial,bogota d c,bogota dc
0.0,0.0,21.0,8.18,1,Universidad,No oficial,bogota d c,bogota dc
0.0,21.0,8.18,13.23,2,Universidad,No oficial,bogota d c,bogota dc
21.0,8.18,13.23,9.63,1,Universidad,No oficial,bogota d c,bogota dc
8.18,13.23,9.63,14.28,2,Universidad,No oficial,bogota d c,bogota dc
13.23,9.63,14.28,6.79,1,Universidad,No oficial,bogota d c,bogota dc
9.63,14.28,6.79,12.74,2,Universidad,No oficial,bogota d c,bogota dc
14.28,6.79,12.74,5.46,1,Universidad,No oficial,bogota d c,bogota dc
6.79,12.74,5.46,14.81,2,Universidad,No oficial,bogota d c,bogota dc
12.74,5.46,14.81,6.29,1,Universidad,No oficial,bogota d c,bogota dc
5.46,14.81,6.29,17.21,2,Universidad,No oficial,bogota d c,bogota dc
14.81,6.29,17.21,9.69,1,Universidad,No oficial,bogota d c,bogota dc
6.29,17.21,9.69,16.37,2,Universidad,No oficial,bogota d c,bogota dc
17.21,9.69,16.37,7.16,1,Universidad,No oficial,bogota d c,bogota dc
9.69,16.37,7.16,7.93,2,Universidad,No oficial,bogota d c,bogota dc
16.37,7.16,7.93,10.86,1,Universidad,No oficial,bogota d c,bogota dc
7.16,7.93,10.86,7.88,2,Universidad,No oficial,bogota d c,bogota dc
7.93,10.86,7.88,15.17,1,Universidad,No oficial,bogota d c,bogota dc
10.86,7.88,15.17,8.6,2,Universidad,No oficial,bogota d c,bogota dc
7.88,15.17,8.6,11.41,1,Universidad,No oficial,bogota d c,bogota dc
15.17,8.6,11.41,10.34,2,Universidad,No oficial,bogota d c,bogota dc
8.6,11.41,10.34,12.12,1,Universidad,No oficial,bogota d c,bogota dc
11.41,10.34,12.12,10.64,2,Universidad,No oficial,bogota d c,bogota dc
10.34,12.12,10.64,11.57,1,Universidad,No oficial,bogota d c,bogota dc
12.12,10.64,11.57,9.77,2,Universidad,No oficial,bogota d c,bogota dc
10.64,11.57,9.77,10.75,1,Universidad,No oficial,bogota d c,bogota dc
11.57,9.77,10.75,10.06,2,Universidad,No oficial,bogota d c,bogota dc
9.77,10.75,10.06,10.17,1,Universidad,No oficial,bogota d c,bogota dc
10.75,10.06,10.17,9.75,2,Universidad,No oficial,bogota d c,bogota dc
10.06,10.17,9.75,11.78,1,Universidad,No oficial,bogota d c,bogota dc
10.17,9.75,11.78,10.66,2,Universidad,No oficial,bogota d c,bogota dc
9.75,11.78,10.66,12.18,1,Universidad,No oficial,bogota d c,bogota dc
11.78,10.66,12.18,11.93,2,Universidad,No oficial,bogota d c,bogota dc
10.66,12.18,11.93,11.56,1,Universidad,No oficial,bogota d c,bogota dc
12.18,11.93,11.56,10.69,2,Universidad,No oficial,bogota d c,bogota dc
11.93,11.56,10.69,12.25,1,Universidad,No oficial,bogota d c,bogota dc
11.56,10.69,12.25,13.61,2,Universidad,No oficial,bogota d c,bogota dc
10.69,12.25,13.61,12.02,1,Universidad,No oficial,bogota d c,bogota dc
12.25,13.61,12.02,11.48,2,Universidad,No oficial,bogota d c,bogota dc
13.61,12.02,11.48,13.89,1,Universidad,No oficial,bogota d c,bogota dc
12.02,11.48,13.89,13.08,2,Universidad,No oficial,bogota d c,bogota dc
11.48,13.89,13.08,13.86,1,Universidad,No oficial,bogota d c,bogota dc
13.89,13.08,13.86,13.84,2,Universidad,No oficial,bogota d c,bogota dc
13.08,13.86,13.84,18.35,1,Universidad,No oficial,bogota d c,bogota dc
13.86,13.84,18.35,19.74,2,Universidad,No oficial,bogota d c,bogota dc
13.84,18.35,19.74,10.33,1,Universidad,No oficial,bogota d c,bogota dc
18.35,19.74,10.33,10.51,2,Universidad,No oficial,bogota d c,bogota dc
19.74,10.33,10.51,13.11,1,Universidad,No oficial,bogota d c,bogota dc
0.0,0.0,18.18,27.44,1,Universidad,No oficial,quindio,armenia
0.0,18.18,27.44,2.79,2,Universidad,No oficial,quindio,armenia
18.18,27.44,2.79,9.76,1,Universidad,No oficial,quindio,armenia
27.44,2.79,9.76,8.59,2,Universidad,No oficial,quindio,armenia
2.79,9.76,8.59,8.16,1,Universidad,No oficial,quindio,armenia
9.76,8.59,8.16,6.93,2,Universidad,No oficial,quindio,armenia
8.59,8.16,6.93,10.87,1,Universidad,No oficial,quindio,armenia
8.16,6.93,10.87,11.26,2,Universidad,No oficial,quindio,armenia
6.93,10.87,11.26,13.57,1,Universidad,No oficial,quindio,armenia
10.87,11.26,13.57,8.31,2,Universidad,No oficial,quindio,armenia
11.26,13.57,8.31,13.77,1,Universidad,No oficial,quindio,armenia
13.57,8.31,13.77,8.74,2,Universidad,No oficial,quindio,armenia
8.31,13.77,8.74,15.45,1,Universidad,No oficial,quindio,armenia
13.77,8.74,15.45,8.5,2,Universidad,No oficial,quindio,armenia
8.74,15.45,8.5,17.71,1,Universidad,No oficial,quindio,armenia
15.45,8.5,17.71,10.07,2,Universidad,No oficial,quindio,armenia
8.5,17.71,10.07,25.25,1,Universidad,No oficial,quindio,armenia
17.71,10.07,25.25,7.85,2,Universidad,No oficial,quindio,armenia
10.07,25.25,7.85,6.51,1,Universidad,No oficial,quindio,armenia
25.25,7.85,6.51,20.53,2,Universidad,No oficial,quindio,armenia
7.85,6.51,20.53,10.94,1,Universidad,No oficial,quindio,armenia
6.51,20.53,10.94,11.06,2,Universidad,No oficial,quindio,armenia
20.53,10.94,11.06,9.89,1,Universidad,No oficial,quindio,armenia
10.94,11.06,9.89,11.06,2,Universidad,No oficial,quindio,armenia
11.06,9.89,11.06,9.08,1,Universidad,No oficial,quindio,armenia
9.89,11.06,9.08,10.9,2,Universidad,No oficial,quindio,armenia
11.06,9.08,10.9,9.18,1,Universidad,No oficial,quindio,armenia
9.08,10.9,9.18,8.83,2,Universidad,No oficial,quindio,armenia
10.9,9.18,8.83,10.5,1,Universidad,No oficial,quindio,armenia
9.18,8.83,10.5,6.56,2,Universidad,No oficial,quindio,armenia
8.83,10.5,6.56,10.7,1,Universidad,No oficial,quindio,armenia
10.5,6.56,10.7,6.23,2,Universidad,No oficial,quindio,armenia
6.56,10.7,6.23,7.69,1,Universidad,No oficial,quindio,armenia
10.7,6.23,7.69,7.29,2,Universidad,No oficial,quindio,armenia
6.23,7.69,7.29,5.9,1,Universidad,No oficial,quindio,armenia
7.69,7.29,5.9,18.08,2,Universidad,No oficial,quindio,armenia
7.29,5.9,18.08,9.45,1,Universidad,No oficial,quindio,armenia
5.9,18.08,9.45,9.73,2,Universidad,No oficial,quindio,armenia
18.08,9.45,9.73,9.58,1,Universidad,No oficial,quindio,armenia
9.45,9.73,9.58,8.7,2,Universidad,No oficial,quindio,armenia
9.73,9.58,8.7,9.4,1,Universidad,No oficial,quindio,armenia
9.58,8.7,9.4,10.35,2,Universidad,No oficial,quindio,armenia
8.7,9.4,10.35,10.42,1,Universidad,No oficial,quindio,armenia
9.4,10.35,10.42,10.45,2,Universidad,No oficial,quindio,armenia
10.35,10.42,10.45,10.35,1,Universidad,No oficial,quindio,armenia
10.42,10.45,10.35,13.42,2,Universidad,No oficial,quindio,armenia
10.45,10.35,13.42,11.16,1,Universidad,No oficial,quindio,armenia
0.0,0.0,0.71,0.95,1,Universidad,No oficial,bogota d c,bogota dc
0.0,0.71,0.95,1.14,2,Universidad,No oficial,bogota d c,bogota dc
0.71,0.95,1.14,1.3,1,Universidad,No oficial,bogota d c,bogota dc
0.95,1.14,1.3,1.05,2,Universidad,No oficial,bogota d c,bogota dc
1.14,1.3,1.05,1.04,1,Universidad,No oficial,bogota d c,bogota dc
1.3,1.05,1.04,1.42,2,Universidad,No oficial,bogota d c,bogota dc
1.05,1.04,1.42,1.44,1,Universidad,No oficial,bogota d c,bogota dc
1.04,1.42,1.44,1.48,2,Universidad,No oficial,bogota d c,bogota dc
1.42,1.44,1.48,5.33,1,Universidad,No oficial,bogota d c,bogota dc
1.44,1.48,5.33,7.28,2,Universidad,No oficial,bogota d c,bogota dc
1.48,5.33,7.28,8.21,1,Universidad,No oficial,bogota d c,bogota dc
5.33,7.28,8.21,11.87,2,Universidad,No oficial,bogota d c,bogota dc
7.28,8.21,11.87,13.57,1,Universidad,No oficial,bogota d c,bogota dc
8.21,11.87,13.57,9.79,2,Universidad,No oficial,bogota d c,bogota dc
11.87,13.57,9.79,7.91,1,Universidad,No oficial,bogota d c,bogota dc
13.57,9.79,7.91,4.34,2,Universidad,No oficial,bogota d c,bogota dc
9.79,7.91,4.34,5.82,1,Universidad,No oficial,bogota d c,bogota dc
7.91,4.34,5.82,9.53,2,Universidad,No oficial,bogota d c,bogota dc
4.34,5.82,9.53,10.19,1,Universidad,No oficial,bogota d c,bogota dc
5.82,9.53,10.19,9.62,2,Universidad,No oficial,bogota d c,bogota dc
9.53,10.19,9.62,9.69,1,Universidad,No oficial,bogota d c,bogota dc
10.19,9.62,9.69,11.1,2,Universidad,No oficial,bogota d c,bogota dc
9.62,9.69,11.1,10.6,1,Universidad,No oficial,bogota d c,bogota dc
9.69,11.1,10.6,10.12,2,Universidad,No oficial,bogota d c,bogota dc
11.1,10.6,10.12,9.76,1,Universidad,No oficial,bogota d c,bogota dc
10.6,10.12,9.76,10.06,2,Universidad,No oficial,bogota d c,bogota dc
10.12,9.76,10.06,10.99,1,Universidad,No oficial,bogota d c,bogota dc
9.76,10.06,10.99,10.54,2,Universidad,No oficial,bogota d c,bogota dc
10.06,10.99,10.54,11.73,1,Universidad,No oficial,bogota d c,bogota dc
10.99,10.54,11.73,11.62,2,Universidad,No oficial,bogota d c,bogota dc
10.54,11.73,11.62,11.19,1,Universidad,No oficial,bogota d c,bogota dc
11.73,11.62,11.19,9.66,2,Universidad,No oficial,bogota d c,bogota dc
11.62,11.19,9.66,9.39,1,Universidad,No oficial,bogota d c,bogota dc
11.19,9.66,9.39,8.36,2,Universidad,No oficial,bogota d c,bogota dc
9.66,9.39,8.36,9.94,1,Universidad,No oficial,bogota d c,bogota dc
9.39,8.36,9.94,8.56,2,Universidad,No oficial,bogota d c,bogota dc
8.36,9.94,8.56,8.33,1,Universidad,No oficial,bogota d c,bogota dc
9.94,8.56,8.33,8.55,2,Universidad,No oficial,bogota d c,bogota dc
8.56,8.33,8.55,8.06,1,Universidad,No oficial,bogota d c,bogota dc
8.33,8.55,8.06,8.28,2,Universidad,No oficial,bogota d c,bogota dc
8.55,8.06,8.28,8.03,1,Universidad,No oficial,bogota d c,bogota dc
8.06,8.28,8.03,8.55,2,Universidad,No oficial,bogota d c,bogota dc
8.28,8.03,8.55,10.6,1,Universidad,No oficial,bogota d c,bogota dc
8.03,8.55,10.6,9.18,2,Universidad,No oficial,bogota d c,bogota dc
8.55,10.6,9.18,8.61,1,Universidad,No oficial,bogota d c,bogota dc
10.6,9.18,8.61,8.8,2,Universidad,No oficial,bogota d c,bogota dc
9.18,8.61,8.8,9.61,1,Universidad,No oficial,bogota d c,bogota dc
0.0,0.0,8.99,9.55,1,Universidad,No oficial,atlantico,barranquilla
0.0,8.99,9.55,10.02,2,Universidad,No oficial,atlantico,barranquilla
8.99,9.55,10.02,8.15,1,Universidad,No oficial,atlantico,barranquilla
9.55,10.02,8.15,8.69,2,Universidad,No oficial,atlantico,barranquilla
10.02,8.15,8.69,7.83,1,Universidad,No oficial,atlantico,barranquilla
8.15,8.69,7.83,9.87,2,Universidad,No oficial,atlantico,barranquilla
8.69,7.83,9.87,7.7,1,Universidad,No oficial,atlantico,barranquilla
7.83,9.87,7.7,8.84,2,Universidad,No oficial,atlantico,barranquilla
9.87,7.7,8.84,11.44,1,Universidad,No oficial,atlantico,barranquilla
7.7,8.84,11.44,9.18,2,Universidad,No oficial,atlantico,barranquilla
8.84,11.44,9.18,9.13,1,Universidad,No oficial,atlantico,barranquilla
11.44,9.18,9.13,8.93,2,Universidad,No oficial,atlantico,barranquilla
9.18,9.13,8.93,8.84,1,Universidad,No oficial,atlantico,barranquilla
9.13,8.93,8.84,7.8,2,Universidad,No oficial,atlantico,barranquilla
8.93,8.84,7.8,6.91,1,Universidad,No oficial,atlantico,barranquilla
8.84,7.8,6.91,8.0,2,Universidad,No oficial,atlantico,barranquilla
7.8,6.91,8.0,7.67,1,Universidad,No oficial,atlantico,barranquilla
6.91,8.0,7.67,7.22,2,Universidad,No oficial,atlantico,barranquilla
8.0,7.67,7.22,9.08,1,Universidad,No oficial,atlantico,barranquilla
7.67,7.22,9.08,10.12,2,Universidad,No oficial,atlantico,barranquilla
7.22,9.08,10.12,10.29,1,Universidad,No oficial,atlantico,barranquilla
9.08,10.12,10.29,10.14,2,Universidad,No oficial,atlantico,barranquilla
10.12,10.29,10.14,10.29,1,Universidad,No oficial,atlantico,barranquilla
10.29,10.14,10.29,8.92,2,Universidad,No oficial,atlantico,barranquilla
10.14,10.29,8.92,8.58,1,Universidad,No oficial,atlantico,barranquilla
10.29,8.92,8.58,9.29,2,Universidad,No oficial,atlantico,barranquilla
8.92,8.58,9.29,9.34,1,Universidad,No oficial,atlantico,barranquilla
8.58,9.29,9.34,10.02,2,Universidad,No oficial,atlantico,barranquilla
9.29,9.34,10.02,10.91,1,Universidad,No oficial,atlantico,barranquilla
9.34,10.02,10.91,9.4,2,Universidad,No oficial,atlantico,barranquilla
10.02,10.91,9.4,9.1,1,Universidad,No oficial,atlantico,barranquilla
10.91,9.4,9.1,10.54,2,Universidad,No oficial,atlantico,barranquilla
9.4,9.1,10.54,12.67,1,Universidad,No oficial,atlantico,barranquilla
9.1,10.54,12.67,9.58,2,Universidad,No oficial,atlantico,barranquilla
10.54,12.67,9.58,9.89,1,Universidad,No oficial,atlantico,barranquilla
12.67,9.58,9.89,9.43,2,Universidad,No oficial,atlantico,barranquilla
9.58,9.89,9.43,11.2,1,Universidad,No oficial,atlantico,barranquilla
9.89,9.43,11.2,9.18,2,Universidad,No oficial,atlantico,barranquilla
9.43,11.2,9.18,13.46,1,Universidad,No oficial,atlantico,barranquilla
11.2,9.18,13.46,17.07,2,Universidad,No oficial,atlantico,barranquilla
9.18,13.46,17.07,10.14,1,Universidad,No oficial,atlantico,barranquilla
13.46,17.07,10.14,12.84,2,Universidad,No oficial,atlantico,barranquilla
17.07,10.14,12.84,14.92,1,Universidad,No oficial,atlantico,barranquilla
10.14,12.84,14.92,15.48,2,Universidad,No oficial,atlantico,barranquilla
12.84,14.92,15.48,7.55,1,Universidad,No oficial,atlantico,barranquilla
14.92,15.48,7.55,11.06,2,Universidad,No oficial,atlantico,barranquilla
15.48,7.55,11.06,9.85,1,Universidad,No oficial,atlantico,barranquilla
0.0,0.0,5.04,11.93,1,Universidad,No oficial,valle del cauca,cali
0.0,5.04,11.93,11.6,2,Universidad,No oficial,valle del cauca,cali
5.04,11.93,11.6,11.64,1,Universidad,No oficial,valle del cauca,cali
11.93,11.6,11.64,10.09,2,Universidad,No oficial,valle del cauca,cali
11.6,11.64,10.09,13.71,1,Universidad,No oficial,valle del cauca,cali
11.64,10.09,13.71,13.9,2,Universidad,No oficial,valle del cauca,cali
10.09,13.71,13.9,7.86,1,Universidad,No oficial,valle del cauca,cali
13.71,13.9,7.86,8.21,2,Universidad,No oficial,valle del cauca,cali
13.9,7.86,8.21,11.45,1,Universidad,No oficial,valle del cauca,cali
7.86,8.21,11.45,14.54,2,Universidad,No oficial,valle del cauca,cali
8.21,11.45,14.54,13.27,1,Universidad,No oficial,valle del cauca,cali
11.45,14.54,13.27,16.05,2,Universidad,No oficial,valle del cauca,cali
14.54,13.27,16.05,14.44,1,Universidad,No oficial,valle del cauca,cali
13.27,16.05,14.44,12.54,2,Universidad,No oficial,valle del cauca,cali
16.05,14.44,12.54,11.14,1,Universidad,No oficial,valle del cauca,cali
14.44,12.54,11.14,9.96,2,Universidad,No oficial,valle del cauca,cali
12.54,11.14,9.96,8.92,1,Universidad,No oficial,valle del cauca,cali
11.14,9.96,8.92,11.23,2,Universidad,No oficial,valle del cauca,cali
9.96,8.92,11.23,13.17,1,Universidad,No oficial,valle del cauca,cali
8.92,11.23,13.17,13.52,2,Universidad,No oficial,valle del cauca,cali
11.23,13.17,13.52,15.85,1,Universidad,No oficial,valle del cauca,cali
13.17,13.52,15.85,12.7,2,Universidad,No oficial,valle del cauca,cali
13.52,15.85,12.7,12.48,1,Universidad,No oficial,valle del cauca,cali
15.85,12.7,12.48,13.38,2,Universidad,No oficial,valle del cauca,cali
12.7,12.48,13.38,18.99,1,Universidad,No oficial,valle del cauca,cali
12.48,13.38,18.99,15.86,2,Universidad,No oficial,valle del cauca,cali
13.38,18.99,15.86,12.24,1,Universidad,No oficial,valle del cauca,cali
18.99,15.86,12.24,11.76,2,Universidad,No oficial,valle del cauca,cali
15.86,12.24,11.76,12.36,1,Universidad,No oficial,valle del cauca,cali
12.24,11.76,12.36,11.66,2,Universidad,No oficial,valle del cauca,cali
11.76,12.36,11.66,14.95,1,Universidad,No oficial,valle del cauca,cali
12.36,11.66,14.95,14.51,2,Universidad,No oficial,valle del cauca,cali
11.66,14.95,14.51,11.59,1,Universidad,No oficial,valle del cauca,cali
14.95,14.51,11.59,10.66,2,Universidad,No oficial,valle del cauca,cali
14.51,11.59,10.66,9.37,1,Universidad,No oficial,valle del cauca,cali
11.59,10.66,9.37,9.69,2,Universidad,No oficial,valle del cauca,cali
10.66,9.37,9.69,17.66,1,Universidad,No oficial,valle del cauca,cali
9.37,9.69,17.66,16.14,2,Universidad,No oficial,valle del cauca,cali
9.69,17.66,16.14,13.91,1,Universidad,No oficial,valle del cauca,cali
17.66,16.14,13.91,13.3,2,Universidad,No oficial,valle del cauca,cali
16.14,13.91,13.3,8.84,1,Universidad,No oficial,valle del cauca,cali
13.91,13.3,8.84,7.68,2,Universidad,No oficial,valle del cauca,cali
13.3,8.84,7.68,12.55,1,Universidad,No oficial,valle del cauca,cali
8.84,7.68,12.55,9.99,2,Universidad,No oficial,valle del cauca,cali
7.68,12.55,9.99,4.84,1,Universidad,No oficial,valle del cauca,cali
12.55,9.99,4.84,5.85,2,Universidad,No oficial,valle del cauca,cali
9.99,4.84,5.85,6.44,1,Universidad,No oficial,valle del cauca,cali
0.0,0.0,71.08,5.29,1,Universidad,No oficial,bogota d c,bogota dc
0.0,71.08,5.29,50.77,2,Universidad,No oficial,bogota d c,bogota dc
71.08,5.29,50.77,22.25,1,Universidad,No oficial,bogota d c,bogota dc
5.29,50.77,22.25,5.02,2,Universidad,No oficial,bogota d c,bogota dc
50.77,22.25,5.02,8.68,1,Universidad,No oficial,bogota d c,bogota dc
22.25,5.02,8.68,16.69,2,Universidad,No oficial,bogota d c,bogota dc
5.02,8.68,16.69,9.6,1,Universidad,No oficial,bogota d c,bogota dc
8.68,16.69,9.6,13.79,2,Universidad,No oficial,bogota d c,bogota dc
16.69,9.6,13.79,11.22,1,Universidad,No oficial,bogota d c,bogota dc
9.6,13.79,11.22,47.09,2,Universidad,No oficial,bogota d c,bogota dc
13.79,11.22,47.09,23.14,1,Universidad,No oficial,bogota d c,bogota dc
11.22,47.09,23.14,8.46,2,Universidad,No oficial,bogota d c,bogota dc
47.09,23.14,8.46,9.02,1,Universidad,No oficial,bogota d c,bogota dc
23.14,8.46,9.02,7.42,2,Universidad,No oficial,bogota d c,bogota dc
8.46,9.02,7.42,13.72,1,Universidad,No oficial,bogota d c,bogota dc
9.02,7.42,13.72,11.4,2,Universidad,No oficial,bogota d c,bogota dc
7.42,13.72,11.4,21.27,1,Universidad,No oficial,bogota d c,bogota dc
13.72,11.4,21.27,7.74,2,Universidad,No oficial,bogota d c,bogota dc
11.4,21.27,7.74,12.52,1,Universidad,No oficial,bogota d c,bogota dc
21.27,7.74,12.52,8.9,2,Universidad,No oficial,bogota d c,bogota dc
7.74,12.52,8.9,11.6,1,Universidad,No oficial,bogota d c,bogota dc
12.52,8.9,11.6,7.37,2,Universidad,No oficial,bogota d c,bogota dc
8.9,11.6,7.37,11.28,1,Universidad,No oficial,bogota d c,bogota dc
11.6,7.37,11.28,6.63,2,Universidad,No oficial,bogota d c,bogota dc
7.37,11.28,6.63,13.66,1,Universidad,No oficial,bogota d c,bogota dc
11.28,6.63,13.66,7.93,2,Universidad,No oficial,bogota d c,bogota dc
6.63,13.66,7.93,13.67,1,Universidad,No oficial,bogota d c,bogota dc
13.66,7.93,13.67,8.34,2,Universidad,No oficial,bogota d c,bogota dc
7.93,13.67,8.34,13.22,1,Universidad,No oficial,bogota d c,bogota dc
13.67,8.34,13.22,8.51,2,Universidad,No oficial,bogota d c,bogota dc
8.34,13.22,8.51,12.64,1,Universidad,No oficial,bogota d c,bogota dc
13.22,8.51,12.64,8.31,2,Universidad,No oficial,bogota d c,bogota dc
8.51,12.64,8.31,11.84,1,Universidad,No oficial,bogota d c,bogota dc
12.64,8.31,11.84,8.24,2,Universidad,No oficial,bogota d c,bogota dc
8.31,11.84,8.24,12.56,1,Universidad,No oficial,bogota d c,bogota dc
11.84,8.24,12.56,9.63,2,Universidad,No oficial,bogota d c,bogota dc
8.24,12.56,9.63,12.81,1,Universidad,No oficial,bogota d c,bogota dc
12.56,9.63,12.81,8.81,2,Universidad,No oficial,bogota d c,bogota dc
9.63,12.81,8.81,11.83,1,Universidad,No oficial,bogota d c,bogota dc
12.81,8.81,11.83,7.71,2,Universidad,No oficial,bogota d c,bogota dc
8.81,11.83,7.71,13.04,1,Universidad,No oficial,bogota d c,bogota dc
11.83,7.71,13.04,8.56,2,Universidad,No oficial,bogota d c,bogota dc
7.71,13.04,8.56,15.04,1,Universidad,No oficial,bogota d c,bogota dc
13.04,8.56,15.04,9.11,2,Universidad,No oficial,bogota d c,bogota dc
8.56,15.04,9.11,12.84,1,Universidad,No oficial,bogota d c,bogota dc
15.04,9.11,12.84,7.89,2,Universidad,No oficial,bogota d c,bogota dc
9.11,12.84,7.89,12.28,1,Universidad,No oficial,bogota d c,bogota dc
0.0,0.0,8.17,31.2,1,Universidad,No oficial,valle del cauca,cali
0.0,8.17,31.2,10.3,2,Universidad,No oficial,valle del cauca,cali
8.17,31.2,10.3,24.76,1,Universidad,No oficial,valle del cauca,cali
31.2,10.3,24.76,42.76,2,Universidad,No oficial,valle del cauca,cali
10.3,24.76,42.76,5.66,1,Universidad,No oficial,valle del cauca,cali
24.76,42.76,5.66,8.24,2,Universidad,No oficial,valle del cauca,cali
42.76,5.66,8.24,22.07,1,Universidad,No oficial,valle del cauca,cali
5.66,8.24,22.07,4.99,2,Universidad,No oficial,valle del cauca,cali
8.24,22.07,4.99,27.04,1,Universidad,No oficial,valle del cauca,cali
22.07,4.99,27.04,15.46,2,Universidad,No oficial,valle del cauca,cali
4.99,27.04,15.46,14.42,1,Universidad,No oficial,valle del cauca,cali
27.04,15.46,14.42,20.61,2,Universidad,No oficial,valle del cauca,cali
15.46,14.42,20.61,31.25,1,Universidad,No oficial,valle del cauca,cali
14.42,20.61,31.25,29.72,2,Universidad,No oficial,valle del cauca,cali
20.61,31.25,29.72,22.02,1,Universidad,No oficial,valle del cauca,cali
31.25,29.72,22.02,16.17,2,Universidad,No oficial,valle del cauca,cali
29.72,22.02,16.17,21.74,1,Universidad,No oficial,valle del cauca,cali
22.02,16.17,21.74,10.15,2,Universidad,No oficial,valle del cauca,cali
16.17,21.74,10.15,13.39,1,Universidad,No oficial,valle del cauca,cali
21.74,10.15,13.39,18.16,2,Universidad,No oficial,valle del cauca,cali
10.15,13.39,18.16,26.59,1,Universidad,No oficial,valle del cauca,cali
13.39,18.16,26.59,10.6,2,Universidad,No oficial,valle del cauca,cali
18.16,26.59,10.6,16.14,1,Universidad,No oficial,valle del cauca,cali
26.59,10.6,16.14,7.2,2,Universidad,No oficial,valle del cauca,cali
10.6,16.14,7.2,20.58,1,Universidad,No oficial,valle del cauca,cali
16.14,7.2,20.58,6.33,2,Universidad,No oficial,valle del cauca,cali
7.2,20.58,6.33,9.01,1,Universidad,No oficial,valle del cauca,cali
20.58,6.33,9.01,5.31,2,Universidad,No oficial,valle del cauca,cali
6.33,9.01,5.31,9.25,1,Universidad,No oficial,valle del cauca,cali
9.01,5.31,9.25,5.65,2,Universidad,No oficial,valle del cauca,cali
5.31,9.25,5.65,9.5,1,Universidad,No oficial,valle del cauca,cali
9.25,5.65,9.5,5.07,2,Universidad,No oficial,valle del cauca,cali
5.65,9.5,5.07,8.7,1,Universidad,No oficial,valle del cauca,cali
9.5,5.07,8.7,5.97,2,Universidad,No oficial,valle del cauca,cali
5.07,8.7,5.97,9.04,1,Universidad,No oficial,valle del cauca,cali
8.7,5.97,9.04,4.76,2,Universidad,No oficial,valle del cauca,cali
5.97,9.04,4.76,4.05,1,Universidad,No oficial,valle del cauca,cali
9.04,4.76,4.05,9.43,2,Universidad,No oficial,valle del cauca,cali
4.76,4.05,9.43,14.22,1,Universidad,No oficial,valle del cauca,cali
4.05,9.43,14.22,6.21,2,Universidad,No oficial,valle del cauca,cali
9.43,14.22,6.21,8.47,1,Universidad,No oficial,valle del cauca,cali
14.22,6.21,8.47,6.55,2,Universidad,No oficial,valle del cauca,cali
6.21,8.47,6.55,12.2,1,Universidad,No oficial,valle del cauca,cali
8.47,6.55,12.2,9.62,2,Universidad,No oficial,valle del cauca,cali
6.55,12.2,9.62,10.27,1,Universidad,No oficial,valle del cauca,cali
12.2,9.62,10.27,7.41,2,Universidad,No oficial,valle del cauca,cali
9.62,10.27,7.41,7.46,1,Universidad,No oficial,valle del cauca,cali
0.0,0.0,3.48,2.81,1,Universidad,No oficial,atlantico,barranquilla
0.0,3.48,2.81,7.75,2,Universidad,No oficial,atlantico,barranquilla
3.48,2.81,7.75,4.4,1,Universidad,No oficial,atlantico,barranquilla
2.81,7.75,4.4,6.37,2,Universidad,No oficial,atlantico,barranquilla
7.75,4.4,6.37,6.92,1,Universidad,No oficial,atlantico,barranquilla
4.4,6.37,6.92,6.83,2,Universidad,No oficial,atlantico,barranquilla
6.37,6.92,6.83,6.39,1,Universidad,No oficial,atlantico,barranquilla
6.92,6.83,6.39,11.98,2,Universidad,No oficial,atlantico,barranquilla
6.83,6.39,11.98,10.39,1,Universidad,No oficial,atlantico,barranquilla
6.39,11.98,10.39,15.81,2,Universidad,No oficial,atlantico,barranquilla
11.98,10.39,15.81,5.69,1,Universidad,No oficial,atlantico,barranquilla
10.39,15.81,5.69,14.06,2,Universidad,No oficial,atlantico,barranquilla
15.81,5.69,14.06,11.05,1,Universidad,No oficial,atlantico,barranquilla
5.69,14.06,11.05,16.1,2,Universidad,No oficial,atlantico,barranquilla
14.06,11.05,16.1,4.33,1,Universidad,No oficial,atlantico,barranquilla
11.05,16.1,4.33,14.58,2,Universidad,No oficial,atlantico,barranquilla
16.1,4.33,14.58,10.39,1,Universidad,No oficial,atlantico,barranquilla
4.33,14.58,10.39,9.92,2,Universidad,No oficial,atlantico,barranquilla
14.58,10.39,9.92,13.33,1,Universidad,No oficial,atlantico,barranquilla
10.39,9.92,13.33,6.63,2,Universidad,No oficial,atlantico,barranquilla
9.92,13.33,6.63,9.61,1,Universidad,No oficial,atlantico,barranquilla
13.33,6.63,9.61,3.84,2,Universidad,No oficial,atlantico,barranquilla
6.63,9.61,3.84,9.63,1,Universidad,No oficial,atlantico,barranquilla
9.61,3.84,9.63,4.29,2,Universidad,No oficial,atlantico,barranquilla
3.84,9.63,4.29,8.59,1,Universidad,No oficial,atlantico,barranquilla
9.63,4.29,8.59,3.43,2,Universidad,No oficial,atlantico,barranquilla
4.29,8.59,3.43,5.92,1,Universidad,No oficial,atlantico,barranquilla
8.59,3.43,5.92,4.24,2,Universidad,No oficial,atlantico,barranquilla
3.43,5.92,4.24,6.13,1,Universidad,No oficial,atlantico,barranquilla
5.92,4.24,6.13,4.0,2,Universidad,No oficial,atlantico,barranquilla
4.24,6.13,4.0,6.12,1,Universidad,No oficial,atlantico,barranquilla
6.13,4.0,6.12,3.85,2,Universidad,No oficial,atlantico,barranquilla
4.0,6.12,3.85,4.72,1,Universidad,No oficial,atlantico,barranquilla
6.12,3.85,4.72,2.98,2,Universidad,No oficial,atlantico,barranquilla
3.85,4.72,2.98,6.26,1,Universidad,No oficial,atlantico,barranquilla
4.72,2.98,6.26,6.2,2,Universidad,No oficial,atlantico,barranquilla
2.98,6.26,6.2,29.84,1,Universidad,No oficial,atlantico,barranquilla
6.26,6.2,29.84,8.43,2,Universidad,No oficial,atlantico,barranquilla
6.2,29.84,8.43,4.38,1,Universidad,No oficial,atlantico,barranquilla
29.84,8.43,4.38,4.1,2,Universidad,No oficial,atlantico,barranquilla
8.43,4.38,4.1,8.13,1,Universidad,No oficial,atlantico,barranquilla
4.38,4.1,8.13,4.68,2,Universidad,No oficial,atlantico,barranquilla
4.1,8.13,4.68,9.68,1,Universidad,No oficial,atlantico,barranquilla
8.13,4.68,9.68,5.59,2,Universidad,No oficial,atlantico,barranquilla
4.68,9.68,5.59,8.14,1,Universidad,No oficial,atlantico,barranquilla
9.68,5.59,8.14,4.7,2,Universidad,No oficial,atlantico,barranquilla
5.59,8.14,4.7,8.4,1,Universidad,No oficial,atlantico,barranquilla
0.0,0.0,10.14,44.17,1,Universidad,No oficial,risaralda,pereira
0.0,10.14,44.17,14.57,2,Universidad,No oficial,risaralda,pereira
10.14,44.17,14.57,10.78,1,Universidad,No oficial,risaralda,pereira
44.17,14.57,10.78,15.42,2,Universidad,No oficial,risaralda,pereira
14.57,10.78,15.42,8.82,1,Universidad,No oficial,risaralda,pereira
10.78,15.42,8.82,18.37,2,Universidad,No oficial,risaralda,pereira
15.42,8.82,18.37,6.92,1,Universidad,No oficial,risaralda,pereira
8.82,18.37,6.92,12.23,2,Universidad,No oficial,risaralda,pereira
18.37,6.92,12.23,8.54,1,Universidad,No oficial,risaralda,pereira
6.92,12.23,8.54,15.73,2,Universidad,No oficial,risaralda,pereira
12.23,8.54,15.73,8.85,1,Universidad,No oficial,risaralda,pereira
8.54,15.73,8.85,11.17,2,Universidad,No oficial,risaralda,pereira
15.73,8.85,11.17,7.03,1,Universidad,No oficial,risaralda,pereira
8.85,11.17,7.03,14.98,2,Universidad,No oficial,risaralda,pereira
11.17,7.03,14.98,9.71,1,Universidad,No oficial,risaralda,pereira
7.03,14.98,9.71,18.21,2,Universidad,No oficial,risaralda,pereira
14.98,9.71,18.21,5.85,1,Universidad,No oficial,risaralda,pereira
9.71,18.21,5.85,5.91,2,Universidad,No oficial,risaralda,pereira
18.21,5.85,5.91,12.62,1,Universidad,No oficial,risaralda,pereira
5.85,5.91,12.62,10.21,2,Universidad,No oficial,risaralda,pereira
5.91,12.62,10.21,11.66,1,Universidad,No oficial,risaralda,pereira
12.62,10.21,11.66,9.86,2,Universidad,No oficial,risaralda,pereira
10.21,11.66,9.86,16.45,1,Universidad,No oficial,risaralda,pereira
11.66,9.86,16.45,10.74,2,Universidad,No oficial,risaralda,pereira
9.86,16.45,10.74,14.35,1,Universidad,No oficial,risaralda,pereira
16.45,10.74,14.35,5.7,2,Universidad,No oficial,risaralda,pereira
10.74,14.35,5.7,12.66,1,Universidad,No oficial,risaralda,pereira
14.35,5.7,12.66,7.53,2,Universidad,No oficial,risaralda,pereira
5.7,12.66,7.53,10.85,1,Universidad,No oficial,risaralda,pereira
12.66,7.53,10.85,7.51,2,Universidad,No oficial,risaralda,pereira
7.53,10.85,7.51,15.04,1,Universidad,No oficial,risaralda,pereira
10.85,7.51,15.04,7.4,2,Universidad,No oficial,risaralda,pereira
7.51,15.04,7.4,8.82,1,Universidad,No oficial,risaralda,pereira
15.04,7.4,8.82,6.21,2,Universidad,No oficial,risaralda,pereira
7.4,8.82,6.21,11.14,1,Universidad,No oficial,risaralda,pereira
8.82,6.21,11.14,15.99,2,Universidad,No oficial,risaralda,pereira
6.21,11.14,15.99,14.34,1,Universidad,No oficial,risaralda,pereira
11.14,15.99,14.34,7.73,2,Universidad,No oficial,risaralda,pereira
15.99,14.34,7.73,13.72,1,Universidad,No oficial,risaralda,pereira
14.34,7.73,13.72,6.63,2,Universidad,No oficial,risaralda,pereira
7.73,13.72,6.63,10.97,1,Universidad,No oficial,risaralda,pereira
13.72,6.63,10.97,5.92,2,Universidad,No oficial,risaralda,pereira
6.63,10.97,5.92,9.09,1,Universidad,No oficial,risaralda,pereira
10.97,5.92,9.09,7.07,2,Universidad,No oficial,risaralda,pereira
5.92,9.09,7.07,8.82,1,Universidad,No oficial,risaralda,pereira
9.09,7.07,8.82,6.68,2,Universidad,No oficial,risaralda,pereira
7.07,8.82,6.68,10.61,1,Universidad,No oficial,risaralda,pereira
0.0,0.0,3.99,15.12,1,Universidad,No oficial,norte de santander,cucuta
0.0,3.99,15.12,6.05,2,Universidad,No oficial,norte de santander,cucuta
3.99,15.12,6.05,13.96,1,Universidad,No oficial,norte de santander,cucuta
15.12,6.05,13.96,7.04,2,Universidad,No oficial,norte de santander,cucuta
6.05,13.96,7.04,12.68,1,Universidad,No oficial,norte de santander,cucuta
13.96,7.04,12.68,3.46,2,Universidad,No oficial,norte de santander,cucuta
7.04,12.68,3.46,8.64,1,Universidad,No oficial,norte de santander,cucuta
12.68,3.46,8.64,4.25,2,Universidad,No oficial,norte de santander,cucuta
3.46,8.64,4.25,10.41,1,Universidad,No oficial,norte de santander,cucuta
8.64,4.25,10.41,3.32,2,Universidad,No oficial,norte de santander,cucuta
4.25,10.41,3.32,10.8,1,Universidad,No oficial,norte de santander,cucuta
10.41,3.32,10.8,1.83,2,Universidad,No oficial,norte de santander,cucuta
3.32,10.8,1.83,9.56,1,Universidad,No oficial,norte de santander,cucuta
10.8,1.83,9.56,2.65,2,Universidad,No oficial,norte de santander,cucuta
1.83,9.56,2.65,10.37,1,Universidad,No oficial,norte de santander,cucuta
9.56,2.65,10.37,1.37,2,Universidad,No oficial,norte de santander,cucuta
2.65,10.37,1.37,17.32,1,Universidad,No oficial,norte de santander,cucuta
10.37,1.37,17.32,1.94,2,Universidad,No oficial,norte de santander,cucuta
1.37,17.32,1.94,11.16,1,Universidad,No oficial,norte de santander,cucuta
17.32,1.94,11.16,2.8,2,Universidad,No oficial,norte de santander,cucuta
1.94,11.16,2.8,12.42,1,Universidad,No oficial,norte de santander,cucuta
11.16,2.8,12.42,3.38,2,Universidad,No oficial,norte de santander,cucuta
2.8,12.42,3.38,12.55,1,Universidad,No oficial,norte de santander,cucuta
12.42,3.38,12.55,6.35,2,Universidad,No oficial,norte de santander,cucuta
3.38,12.55,6.35,12.53,1,Universidad,No oficial,norte de santander,cucuta
12.55,6.35,12.53,4.54,2,Universidad,No oficial,norte de santander,cucuta
6.35,12.53,4.54,12.28,1,Universidad,No oficial,norte de santander,cucuta
12.53,4.54,12.28,5.64,2,Universidad,No oficial,norte de santander,cucuta
4.54,12.28,5.64,11.25,1,Universidad,No oficial,norte de santander,cucuta
12.28,5.64,11.25,4.34,2,Universidad,No oficial,norte de santander,cucuta
5.64,11.25,4.34,12.52,1,Universidad,No oficial,norte de santander,cucuta
11.25,4.34,12.52,5.12,2,Universidad,No oficial,norte de santander,cucuta
4.34,12.52,5.12,10.54,1,Universidad,No oficial,norte de santander,cucuta
12.52,5.12,10.54,5.57,2,Universidad,No oficial,norte de santander,cucuta
5.12,10.54,5.57,12.76,1,Universidad,No oficial,norte de santander,cucuta
10.54,5.57,12.76,7.4,2,Universidad,No oficial,norte de santander,cucuta
5.57,12.76,7.4,14.97,1,Universidad,No oficial,norte de santander,cucuta
12.76,7.4,14.97,7.82,2,Universidad,No oficial,norte de santander,cucuta
7.4,14.97,7.82,17.05,1,Universidad,No oficial,norte de santander,cucuta
14.97,7.82,17.05,8.88,2,Universidad,No oficial,norte de santander,cucuta
7.82,17.05,8.88,16.2,1,Universidad,No oficial,norte de santander,cucuta
17.05,8.88,16.2,9.16,2,Universidad,No oficial,norte de santander,cucuta
8.88,16.2,9.16,17.58,1,Universidad,No oficial,norte de santander,cucuta
16.2,9.16,17.58,11.3,2,Universidad,No oficial,norte de santander,cucuta
9.16,17.58,11.3,18.17,1,Universidad,No oficial,norte de santander,cucuta
17.58,11.3,18.17,10.13,2,Universidad,No oficial,norte de santander,cucuta
11.3,18.17,10.13,13.26,1,Universidad,No oficial,norte de santander,cucuta
0.0,0.0,7.58,12.34,1,Universidad,No oficial,santander,socorro
0.0,7.58,12.34,4.09,2,Universidad,No oficial,santander,socorro
7.58,12.34,4.09,14.51,1,Universidad,No oficial,santander,socorro
12.34,4.09,14.51,12.11,2,Universidad,No oficial,santander,socorro
4.09,14.51,12.11,14.1,1,Universidad,No oficial,santander,socorro
14.51,12.11,14.1,7.28,2,Universidad,No oficial,santander,socorro
12.11,14.1,7.28,12.01,1,Universidad,No oficial,santander,socorro
14.1,7.28,12.01,4.58,2,Universidad,No oficial,santander,socorro
7.28,12.01,4.58,10.98,1,Universidad,No oficial,santander,socorro
12.01,4.58,10.98,3.15,2,Universidad,No oficial,santander,socorro
4.58,10.98,3.15,13.82,1,Universidad,No oficial,santander,socorro
10.98,3.15,13.82,4.75,2,Universidad,No oficial,santander,socorro
3.15,13.82,4.75,11.61,1,Universidad,No oficial,santander,socorro
13.82,4.75,11.61,5.12,2,Universidad,No oficial,santander,socorro
4.75,11.61,5.12,12.78,1,Universidad,No oficial,santander,socorro
11.61,5.12,12.78,6.3,2,Universidad,No oficial,santander,socorro
5.12,12.78,6.3,12.59,1,Universidad,No oficial,santander,socorro
12.78,6.3,12.59,5.33,2,Universidad,No oficial,santander,socorro
6.3,12.59,5.33,10.07,1,Universidad,No oficial,santander,socorro
12.59,5.33,10.07,1.09,2,Universidad,No oficial,santander,socorro
5.33,10.07,1.09,13.67,1,Universidad,No oficial,santander,socorro
10.07,1.09,13.67,5.03,2,Universidad,No oficial,santander,socorro
1.09,13.67,5.03,12.7,1,Universidad,No oficial,santander,socorro
13.67,5.03,12.7,6.1,2,Universidad,No oficial,santander,socorro
5.03,12.7,6.1,12.19,1,Universidad,No oficial,santander,socorro
12.7,6.1,12.19,4.44,2,Universidad,No oficial,santander,socorro
6.1,12.19,4.44,11.8,1,Universidad,No oficial,santander,socorro
12.19,4.44,11.8,5.82,2,Universidad,No oficial,santander,socorro
4.44,11.8,5.82,14.66,1,Universidad,No oficial,santander,socorro
11.8,5.82,14.66,5.04,2,Universidad,No oficial,santander,socorro
5.82,14.66,5.04,11.13,1,Universidad,No oficial,santander,socorro
14.66,5.04,11.13,4.68,2,Universidad,No oficial,santander,socorro
5.04,11.13,4.68,10.94,1,Universidad,No oficial,santander,socorro
11.13,4.68,10.94,4.86,2,Universidad,No oficial,santander,socorro
4.68,10.94,4.86,11.14,1,Universidad,No oficial,santander,socorro
10.94,4.86,11.14,6.13,2,Universidad,No oficial,santander,socorro
4.86,11.14,6.13,11.56,1,Universidad,No oficial,santander,socorro
11.14,6.13,11.56,6.18,2,Universidad,No oficial,santander,socorro
6.13,11.56,6.18,13.91,1,Universidad,No oficial,santander,socorro
11.56,6.18,13.91,5.36,2,Universidad,No oficial,santander,socorro
6.18,13.91,5.36,15.03,1,Universidad,No oficial,santander,socorro
13.91,5.36,15.03,8.97,2,Universidad,No oficial,santander,socorro
5.36,15.03,8.97,19.94,1,Universidad,No oficial,santander,socorro
15.03,8.97,19.94,8.01,2,Universidad,No oficial,santander,socorro
8.97,19.94,8.01,18.45,1,Universidad,No oficial,santander,socorro
19.94,8.01,18.45,9.23,2,Universidad,No oficial,santander,socorro
8.01,18.45,9.23,19.24,1,Universidad,No oficial,santander,socorro
0.0,0.0,11.9,8.57,1,Universidad,No oficial,antioquia,medellin
0.0,11.9,8.57,9.62,2,Universidad,No oficial,antioquia,medellin
11.9,8.57,9.62,9.57,1,Universidad,No oficial,antioquia,medellin
8.57,9.62,9.57,6.95,2,Universidad,No oficial,antioquia,medellin
9.62,9.57,6.95,8.27,1,Universidad,No oficial,antioquia,medellin
9.57,6.95,8.27,8.6,2,Universidad,No oficial,antioquia,medellin
6.95,8.27,8.6,9.03,1,Universidad,No oficial,antioquia,medellin
8.27,8.6,9.03,7.28,2,Universidad,No oficial,antioquia,medellin
8.6,9.03,7.28,10.42,1,Universidad,No oficial,antioquia,medellin
9.03,7.28,10.42,7.4,2,Universidad,No oficial,antioquia,medellin
7.28,10.42,7.4,9.84,1,Universidad,No oficial,antioquia,medellin
10.42,7.4,9.84,6.86,2,Universidad,No oficial,antioquia,medellin
7.4,9.84,6.86,8.37,1,Universidad,No oficial,antioquia,medellin
9.84,6.86,8.37,6.54,2,Universidad,No oficial,antioquia,medellin
6.86,8.37,6.54,8.91,1,Universidad,No oficial,antioquia,medellin
8.37,6.54,8.91,6.64,2,Universidad,No oficial,antioquia,medellin
6.54,8.91,6.64,6.69,1,Universidad,No oficial,antioquia,medellin
8.91,6.64,6.69,7.53,2,Universidad,No oficial,antioquia,medellin
6.64,6.69,7.53,9.02,1,Universidad,No oficial,antioquia,medellin
6.69,7.53,9.02,6.49,2,Universidad,No oficial,antioquia,medellin
7.53,9.02,6.49,7.43,1,Universidad,No oficial,antioquia,medellin
9.02,6.49,7.43,6.58,2,Universidad,No oficial,antioquia,medellin
6.49,7.43,6.58,8.5,1,Universidad,No oficial,antioquia,medellin
7.43,6.58,8.5,7.84,2,Universidad,No oficial,antioquia,medellin
6.58,8.5,7.84,8.23,1,Universidad,No oficial,antioquia,medellin
8.5,7.84,8.23,8.19,2,Universidad,No oficial,antioquia,medellin
7.84,8.23,8.19,8.61,1,Universidad,No oficial,antioquia,medellin
8.23,8.19,8.61,7.59,2,Universidad,No oficial,antioquia,medellin
8.19,8.61,7.59,9.12,1,Universidad,No oficial,antioquia,medellin
8.61,7.59,9.12,8.3,2,Universidad,No oficial,antioquia,medellin
7.59,9.12,8.3,9.41,1,Universidad,No oficial,antioquia,medellin
9.12,8.3,9.41,7.2,2,Universidad,No oficial,antioquia,medellin
8.3,9.41,7.2,7.73,1,Universidad,No oficial,antioquia,medellin
9.41,7.2,7.73,8.11,2,Universidad,No oficial,antioquia,medellin
7.2,7.73,8.11,7.14,1,Universidad,No oficial,antioquia,medellin
7.73,8.11,7.14,8.19,2,Universidad,No oficial,antioquia,medellin
8.11,7.14,8.19,8.22,1,Universidad,No oficial,antioquia,medellin
7.14,8.19,8.22,9.42,2,Universidad,No oficial,antioquia,medellin
8.19,8.22,9.42,8.78,1,Universidad,No oficial,antioquia,medellin
8.22,9.42,8.78,8.36,2,Universidad,No oficial,antioquia,medellin
9.42,8.78,8.36,8.59,1,Universidad,No oficial,antioquia,medellin
8.78,8.36,8.59,10.41,2,Universidad,No oficial,antioquia,medellin
8.36,8.59,10.41,9.44,1,Universidad,No oficial,antioquia,medellin
8.59,10.41,9.44,8.26,2,Universidad,No oficial,antioquia,medellin
10.41,9.44,8.26,7.99,1,Universidad,No oficial,antioquia,medellin
9.44,8.26,7.99,8.59,2,Universidad,No oficial,antioquia,medellin
8.26,7.99,8.59,8.6,1,Universidad,No oficial,antioquia,medellin
0.0,0.0,4.6,4.82,1,Universidad,No oficial,bogota d c,bogota dc
0.0,4.6,4.82,6.6,2,Universidad,No oficial,bogota d c,bogota dc
4.6,4.82,6.6,5.02,1,Universidad,No oficial,bogota d c,bogota dc
4.82,6.6,5.02,7.09,2,Universidad,No oficial,bogota d c,bogota dc
6.6,5.02,7.09,5.04,1,Universidad,No oficial,bogota d c,bogota dc
5.02,7.09,5.04,5.39,2,Universidad,No oficial,bogota d c,bogota dc
7.09,5.04,5.39,4.09,1,Universidad,No oficial,bogota d c,bogota dc
5.04,5.39,4.09,4.45,2,Universidad,No oficial,bogota d c,bogota dc
5.39,4.09,4.45,3.57,1,Universidad,No oficial,bogota d c,bogota dc
4.09,4.45,3.57,4.35,2,Universidad,No oficial,bogota d c,bogota dc
4.45,3.57,4.35,3.26,1,Universidad,No oficial,bogota d c,bogota dc
3.57,4.35,3.26,3.95,2,Universidad,No oficial,bogota d c,bogota dc
4.35,3.26,3.95,3.62,1,Universidad,No oficial,bogota d c,bogota dc
3.26,3.95,3.62,3.8,2,Universidad,No oficial,bogota d c,bogota dc
3.95,3.62,3.8,2.97,1,Universidad,No oficial,bogota d c,bogota dc
3.62,3.8,2.97,3.89,2,Universidad,No oficial,bogota d c,bogota dc
3.8,2.97,3.89,3.2,1,Universidad,No oficial,bogota d c,bogota dc
2.97,3.89,3.2,3.78,2,Universidad,No oficial,bogota d c,bogota dc
3.89,3.2,3.78,3.43,1,Universidad,No oficial,bogota d c,bogota dc
3.2,3.78,3.43,3.6,2,Universidad,No oficial,bogota d c,bogota dc
3.78,3.43,3.6,3.81,1,Universidad,No oficial,bogota d c,bogota dc
3.43,3.6,3.81,4.34,2,Universidad,No oficial,bogota d c,bogota dc
3.6,3.81,4.34,3.44,1,Universidad,No oficial,bogota d c,bogota dc
3.81,4.34,3.44,3.44,2,Universidad,No oficial,bogota d c,bogota dc
4.34,3.44,3.44,1.85,1,Universidad,No oficial,bogota d c,bogota dc
3.44,3.44,1.85,2.32,2,Universidad,No oficial,bogota d c,bogota dc
3.44,1.85,2.32,11.88,1,Universidad,No oficial,bogota d c,bogota dc
1.85,2.32,11.88,3.29,2,Universidad,No oficial,bogota d c,bogota dc
2.32,11.88,3.29,3.21,1,Universidad,No oficial,bogota d c,bogota dc
11.88,3.29,3.21,3.22,2,Universidad,No oficial,bogota d c,bogota dc
3.29,3.21,3.22,2.94,1,Universidad,No oficial,bogota d c,bogota dc
3.21,3.22,2.94,3.51,2,Universidad,No oficial,bogota d c,bogota dc
3.22,2.94,3.51,2.51,1,Universidad,No oficial,bogota d c,bogota dc
2.94,3.51,2.51,3.32,2,Universidad,No oficial,bogota d c,bogota dc
3.51,2.51,3.32,2.83,1,Universidad,No oficial,bogota d c,bogota dc
2.51,3.32,2.83,3.29,2,Universidad,No oficial,bogota d c,bogota dc
3.32,2.83,3.29,3.02,1,Universidad,No oficial,bogota d c,bogota dc
2.83,3.29,3.02,3.02,2,Universidad,No oficial,bogota d c,bogota dc
3.29,3.02,3.02,2.7,1,Universidad,No oficial,bogota d c,bogota dc
3.02,3.02,2.7,2.96,2,Universidad,No oficial,bogota d c,bogota dc
3.02,2.7,2.96,1.77,1,Universidad,No oficial,bogota d c,bogota dc
2.7,2.96,1.77,3.02,2,Universidad,No oficial,bogota d c,bogota dc
2.96,1.77,3.02,2.68,1,Universidad,No oficial,bogota d c,bogota dc
1.77,3.02,2.68,2.38,2,Universidad,No oficial,bogota d c,bogota dc
3.02,2.68,2.38,2.48,1,Universidad,No oficial,bogota d c,bogota dc
2.68,2.38,2.48,3.14,2,Universidad,No oficial,bogota d c,bogota dc
2.38,2.48,3.14,3.44,1,Universidad,No oficial,bogota d c,bogota dc
0.0,0.0,1.14,21.47,1,Universidad,No oficial,antioquia,medellin
0.0,1.14,21.47,1.83,2,Universidad,No oficial,antioquia,medellin
1.14,21.47,1.83,28.25,1,Universidad,No oficial,antioquia,medellin
21.47,1.83,28.25,2.85,2,Universidad,No oficial,antioquia,medellin
1.83,28.25,2.85,21.61,1,Universidad,No oficial,antioquia,medellin
28.25,2.85,21.61,3.79,2,Universidad,No oficial,antioquia,medellin
2.85,21.61,3.79,36.85,1,Universidad,No oficial,antioquia,medellin
21.61,3.79,36.85,4.25,2,Universidad,No oficial,antioquia,medellin
3.79,36.85,4.25,34.5,1,Universidad,No oficial,antioquia,medellin
36.85,4.25,34.5,4.11,2,Universidad,No oficial,antioquia,medellin
4.25,34.5,4.11,29.71,1,Universidad,No oficial,antioquia,medellin
34.5,4.11,29.71,2.87,2,Universidad,No oficial,antioquia,medellin
4.11,29.71,2.87,21.49,1,Universidad,No oficial,antioquia,medellin
29.71,2.87,21.49,2.63,2,Universidad,No oficial,antioquia,medellin
2.87,21.49,2.63,31.68,1,Universidad,No oficial,antioquia,medellin
21.49,2.63,31.68,0.3,2,Universidad,No oficial,antioquia,medellin
2.63,31.68,0.3,36.9,1,Universidad,No oficial,antioquia,medellin
31.68,0.3,36.9,1.72,2,Universidad,No oficial,antioquia,medellin
0.3,36.9,1.72,34.14,1,Universidad,No oficial,antioquia,medellin
36.9,1.72,34.14,38.62,2,Universidad,No oficial,antioquia,medellin
1.72,34.14,38.62,8.44,1,Universidad,No oficial,antioquia,medellin
34.14,38.62,8.44,4.08,2,Universidad,No oficial,antioquia,medellin
38.62,8.44,4.08,8.89,1,Universidad,No oficial,antioquia,medellin
8.44,4.08,8.89,6.54,2,Universidad,No oficial,antioquia,medellin
4.08,8.89,6.54,7.4,1,Universidad,No oficial,antioquia,medellin
8.89,6.54,7.4,7.43,2,Universidad,No oficial,antioquia,medellin
6.54,7.4,7.43,7.27,1,Universidad,No oficial,antioquia,medellin
7.4,7.43,7.27,6.47,2,Universidad,No oficial,antioquia,medellin
7.43,7.27,6.47,6.53,1,Universidad,No oficial,antioquia,medellin
7.27,6.47,6.53,6.45,2,Universidad,No oficial,antioquia,medellin
6.47,6.53,6.45,7.92,1,Universidad,No oficial,antioquia,medellin
6.53,6.45,7.92,7.08,2,Universidad,No oficial,antioquia,medellin
6.45,7.92,7.08,7.98,1,Universidad,No oficial,antioquia,medellin
7.92,7.08,7.98,8.84,2,Universidad,No oficial,antioquia,medellin
7.08,7.98,8.84,10.3,1,Universidad,No oficial,antioquia,medellin
7.98,8.84,10.3,9.48,2,Universidad,No oficial,antioquia,medellin
8.84,10.3,9.48,14.06,1,Universidad,No oficial,antioquia,medellin
10.3,9.48,14.06,7.97,2,Universidad,No oficial,antioquia,medellin
9.48,14.06,7.97,8.49,1,Universidad,No oficial,antioquia,medellin
14.06,7.97,8.49,9.53,2,Universidad,No oficial,antioquia,medellin
7.97,8.49,9.53,7.96,1,Universidad,No oficial,antioquia,medellin
8.49,9.53,7.96,8.91,2,Universidad,No oficial,antioquia,medellin
9.53,7.96,8.91,9.11,1,Universidad,No oficial,antioquia,medellin
7.96,8.91,9.11,9.03,2,Universidad,No oficial,antioquia,medellin
8.91,9.11,9.03,10.71,1,Universidad,No oficial,antioquia,medellin
9.11,9.03,10.71,10.29,2,Universidad,No oficial,antioquia,medellin
9.03,10.71,10.29,10.66,1,Universidad,No oficial,antioquia,medellin
0.0,0.0,0.55,0.82,1,Universidad,No oficial,bogota d c,bogota dc
0.0,0.55,0.82,1.1,2,Universidad,No oficial,bogota d c,bogota dc
0.55,0.82,1.1,1.38,1,Universidad,No oficial,bogota d c,bogota dc
0.82,1.1,1.38,1.4,2,Universidad,No oficial,bogota d c,bogota dc
1.1,1.38,1.4,1.21,1,Universidad,No oficial,bogota d c,bogota dc
1.38,1.4,1.21,2.07,2,Universidad,No oficial,bogota d c,bogota dc
1.4,1.21,2.07,1.53,1,Universidad,No oficial,bogota d c,bogota dc
1.21,2.07,1.53,1.28,2,Universidad,No oficial,bogota d c,bogota dc
2.07,1.53,1.28,1.82,1,Universidad,No oficial,bogota d c,bogota dc
1.53,1.28,1.82,7.95,2,Universidad,No oficial,bogota d c,bogota dc
1.28,1.82,7.95,8.98,1,Universidad,No oficial,bogota d c,bogota dc
1.82,7.95,8.98,10.3,2,Universidad,No oficial,bogota d c,bogota dc
7.95,8.98,10.3,10.06,1,Universidad,No oficial,bogota d c,bogota dc
8.98,10.3,10.06,9.04,2,Universidad,No oficial,bogota d c,bogota dc
10.3,10.06,9.04,9.34,1,Universidad,No oficial,bogota d c,bogota dc
10.06,9.04,9.34,11.65,2,Universidad,No oficial,bogota d c,bogota dc
9.04,9.34,11.65,6.64,1,Universidad,No oficial,bogota d c,bogota dc
9.34,11.65,6.64,8.03,2,Universidad,No oficial,bogota d c,bogota dc
11.65,6.64,8.03,9.0,1,Universidad,No oficial,bogota d c,bogota dc
6.64,8.03,9.0,10.71,2,Universidad,No oficial,bogota d c,bogota dc
8.03,9.0,10.71,9.91,1,Universidad,No oficial,bogota d c,bogota dc
9.0,10.71,9.91,8.04,2,Universidad,No oficial,bogota d c,bogota dc
10.71,9.91,8.04,7.66,1,Universidad,No oficial,bogota d c,bogota dc
9.91,8.04,7.66,6.79,2,Universidad,No oficial,bogota d c,bogota dc
8.04,7.66,6.79,6.17,1,Universidad,No oficial,bogota d c,bogota dc
7.66,6.79,6.17,7.47,2,Universidad,No oficial,bogota d c,bogota dc
6.79,6.17,7.47,7.22,1,Universidad,No oficial,bogota d c,bogota dc
6.17,7.47,7.22,8.19,2,Universidad,No oficial,bogota d c,bogota dc
7.47,7.22,8.19,7.53,1,Universidad,No oficial,bogota d c,bogota dc
7.22,8.19,7.53,6.87,2,Universidad,No oficial,bogota d c,bogota dc
8.19,7.53,6.87,8.44,1,Universidad,No oficial,bogota d c,bogota dc
7.53,6.87,8.44,7.64,2,Universidad,No oficial,bogota d c,bogota dc
6.87,8.44,7.64,7.8,1,Universidad,No oficial,bogota d c,bogota dc
8.44,7.64,7.8,7.1,2,Universidad,No oficial,bogota d c,bogota dc
7.64,7.8,7.1,7.36,1,Universidad,No oficial,bogota d c,bogota dc
7.8,7.1,7.36,0.02,2,Universidad,No oficial,bogota d c,bogota dc
7.1,7.36,0.02,16.66,1,Universidad,No oficial,bogota d c,bogota dc
7.36,0.02,16.66,9.09,2,Universidad,No oficial,bogota d c,bogota dc
0.02,16.66,9.09,8.93,1,Universidad,No oficial,bogota d c,bogota dc
16.66,9.09,8.93,8.35,2,Universidad,No oficial,bogota d c,bogota dc
9.09,8.93,8.35,6.72,1,Universidad,No oficial,bogota d c,bogota dc
8.93,8.35,6.72,7.36,2,Universidad,No oficial,bogota d c,bogota dc
8.35,6.72,7.36,9.69,1,Universidad,No oficial,bogota d c,bogota dc
6.72,7.36,9.69,10.76,2,Universidad,No oficial,bogota d c,bogota dc
7.36,9.69,10.76,6.3,1,Universidad,No oficial,bogota d c,bogota dc
9.69,10.76,6.3,9.78,2,Universidad,No oficial,bogota d c,bogota dc
10.76,6.3,9.78,7.39,1,Universidad,No oficial,bogota d c,bogota dc
0.0,0.0,45.71,14.84,1,Universidad,No oficial,antioquia,medellin
0.0,45.71,14.84,18.55,2,Universidad,No oficial,antioquia,medellin
45.71,14.84,18.55,12.31,1,Universidad,No oficial,antioquia,medellin
14.84,18.55,12.31,1.18,2,Universidad,No oficial,antioquia,medellin
18.55,12.31,1.18,28.03,1,Universidad,No oficial,antioquia,medellin
12.31,1.18,28.03,21.73,2,Universidad,No oficial,antioquia,medellin
1.18,28.03,21.73,7.26,1,Universidad,No oficial,antioquia,medellin
28.03,21.73,7.26,10.08,2,Universidad,No oficial,antioquia,medellin
21.73,7.26,10.08,13.9,1,Universidad,No oficial,antioquia,medellin
7.26,10.08,13.9,10.9,2,Universidad,No oficial,antioquia,medellin
10.08,13.9,10.9,11.61,1,Universidad,No oficial,antioquia,medellin
13.9,10.9,11.61,16.94,2,Universidad,No oficial,antioquia,medellin
10.9,11.61,16.94,16.65,1,Universidad,No oficial,antioquia,medellin
11.61,16.94,16.65,10.49,2,Universidad,No oficial,antioquia,medellin
16.94,16.65,10.49,11.02,1,Universidad,No oficial,antioquia,medellin
16.65,10.49,11.02,42.27,2,Universidad,No oficial,antioquia,medellin
10.49,11.02,42.27,29.92,1,Universidad,No oficial,antioquia,medellin
11.02,42.27,29.92,22.77,2,Universidad,No oficial,antioquia,medellin
42.27,29.92,22.77,31.53,1,Universidad,No oficial,antioquia,medellin
29.92,22.77,31.53,12.39,2,Universidad,No oficial,antioquia,medellin
22.77,31.53,12.39,12.9,1,Universidad,No oficial,antioquia,medellin
31.53,12.39,12.9,12.84,2,Universidad,No oficial,antioquia,medellin
12.39,12.9,12.84,16.83,1,Universidad,No oficial,antioquia,medellin
12.9,12.84,16.83,10.97,2,Universidad,No oficial,antioquia,medellin
12.84,16.83,10.97,24.17,1,Universidad,No oficial,antioquia,medellin
16.83,10.97,24.17,16.46,2,Universidad,No oficial,antioquia,medellin
10.97,24.17,16.46,13.39,1,Universidad,No oficial,antioquia,medellin
24.17,16.46,13.39,11.85,2,Universidad,No oficial,antioquia,medellin
16.46,13.39,11.85,9.45,1,Universidad,No oficial,antioquia,medellin
13.39,11.85,9.45,9.35,2,Universidad,No oficial,antioquia,medellin
11.85,9.45,9.35,9.4,1,Universidad,No oficial,antioquia,medellin
9.45,9.35,9.4,9.25,2,Universidad,No oficial,antioquia,medellin
9.35,9.4,9.25,8.73,1,Universidad,No oficial,antioquia,medellin
9.4,9.25,8.73,8.9,2,Universidad,No oficial,antioquia,medellin
9.25,8.73,8.9,8.01,1,Universidad,No oficial,antioquia,medellin
8.73,8.9,8.01,8.44,2,Universidad,No oficial,antioquia,medellin
8.9,8.01,8.44,7.52,1,Universidad,No oficial,antioquia,medellin
8.01,8.44,7.52,7.0,2,Universidad,No oficial,antioquia,medellin
8.44,7.52,7.0,7.45,1,Universidad,No oficial,antioquia,medellin
7.52,7.0,7.45,7.86,2,Universidad,No oficial,antioquia,medellin
7.0,7.45,7.86,6.83,1,Universidad,No oficial,antioquia,medellin
7.45,7.86,6.83,6.94,2,Universidad,No oficial,antioquia,medellin
7.86,6.83,6.94,6.79,1,Universidad,No oficial,antioquia,medellin
6.83,6.94,6.79,7.86,2,Universidad,No oficial,antioquia,medellin
6.94,6.79,7.86,6.49,1,Universidad,No oficial,antioquia,medellin
6.79,7.86,6.49,8.53,2,Universidad,No oficial,antioquia,medellin
7.86,6.49,8.53,9.29,1,Universidad,No oficial,antioquia,medellin
0.0,0.0,9.24,15.95,1,Universidad,No oficial,santander,bucaramanga
0.0,9.24,15.95,11.62,2,Universidad,No oficial,santander,bucaramanga
9.24,15.95,11.62,10.78,1,Universidad,No oficial,santander,bucaramanga
15.95,11.62,10.78,11.6,2,Universidad,No oficial,santander,bucaramanga
11.62,10.78,11.6,10.84,1,Universidad,No oficial,santander,bucaramanga
10.78,11.6,10.84,8.33,2,Universidad,No oficial,santander,bucaramanga
11.6,10.84,8.33,10.16,1,Universidad,No oficial,santander,bucaramanga
10.84,8.33,10.16,9.63,2,Universidad,No oficial,santander,bucaramanga
8.33,10.16,9.63,12.33,1,Universidad,No oficial,santander,bucaramanga
10.16,9.63,12.33,10.62,2,Universidad,No oficial,santander,bucaramanga
9.63,12.33,10.62,11.54,1,Universidad,No oficial,santander,bucaramanga
12.33,10.62,11.54,10.6,2,Universidad,No oficial,santander,bucaramanga
10.62,11.54,10.6,10.25,1,Universidad,No oficial,santander,bucaramanga
11.54,10.6,10.25,10.05,2,Universidad,No oficial,santander,bucaramanga
10.6,10.25,10.05,11.64,1,Universidad,No oficial,santander,bucaramanga
10.25,10.05,11.64,11.03,2,Universidad,No oficial,santander,bucaramanga
10.05,11.64,11.03,11.2,1,Universidad,No oficial,santander,bucaramanga
11.64,11.03,11.2,13.56,2,Universidad,No oficial,santander,bucaramanga
11.03,11.2,13.56,12.58,1,Universidad,No oficial,santander,bucaramanga
11.2,13.56,12.58,10.51,2,Universidad,No oficial,santander,bucaramanga
13.56,12.58,10.51,9.15,1,Universidad,No oficial,santander,bucaramanga
12.58,10.51,9.15,15.22,2,Universidad,No oficial,santander,bucaramanga
10.51,9.15,15.22,12.81,1,Universidad,No oficial,santander,bucaramanga
9.15,15.22,12.81,10.11,2,Universidad,No oficial,santander,bucaramanga
15.22,12.81,10.11,11.58,1,Universidad,No oficial,santander,bucaramanga
12.81,10.11,11.58,10.45,2,Universidad,No oficial,santander,bucaramanga
10.11,11.58,10.45,11.16,1,Universidad,No oficial,santander,bucaramanga
11.58,10.45,11.16,13.21,2,Universidad,No oficial,santander,bucaramanga
10.45,11.16,13.21,12.91,1,Universidad,No oficial,santander,bucaramanga
11.16,13.21,12.91,12.32,2,Universidad,No oficial,santander,bucaramanga
13.21,12.91,12.32,12.21,1,Universidad,No oficial,santander,bucaramanga
12.91,12.32,12.21,9.02,2,Universidad,No oficial,santander,bucaramanga
12.32,12.21,9.02,10.19,1,Universidad,No oficial,santander,bucaramanga
12.21,9.02,10.19,12.56,2,Universidad,No oficial,santander,bucaramanga
9.02,10.19,12.56,8.07,1,Universidad,No oficial,santander,bucaramanga
10.19,12.56,8.07,10.02,2,Universidad,No oficial,santander,bucaramanga
12.56,8.07,10.02,11.24,1,Universidad,No oficial,santander,bucaramanga
8.07,10.02,11.24,9.78,2,Universidad,No oficial,santander,bucaramanga
10.02,11.24,9.78,8.75,1,Universidad,No oficial,santander,bucaramanga
11.24,9.78,8.75,9.86,2,Universidad,No oficial,santander,bucaramanga
9.78,8.75,9.86,8.07,1,Universidad,No oficial,santander,bucaramanga
8.75,9.86,8.07,9.09,2,Universidad,No oficial,santander,bucaramanga
9.86,8.07,9.09,9.2,1,Universidad,No oficial,santander,bucaramanga
8.07,9.09,9.2,10.41,2,Universidad,No oficial,santander,bucaramanga
9.09,9.2,10.41,6.21,1,Universidad,No oficial,santander,bucaramanga
9.2,10.41,6.21,7.61,2,Universidad,No oficial,santander,bucaramanga
10.41,6.21,7.61,7.96,1,Universidad,No oficial,santander,bucaramanga
0.0,0.0,12.27,14.82,1,Universidad,No oficial,bogota d c,bogota dc
0.0,12.27,14.82,14.94,2,Universidad,No oficial,bogota d c,bogota dc
12.27,14.82,14.94,11.67,1,Universidad,No oficial,bogota d c,bogota dc
14.82,14.94,11.67,10.69,2,Universidad,No oficial,bogota d c,bogota dc
14.94,11.67,10.69,10.02,1,Universidad,No oficial,bogota d c,bogota dc
11.67,10.69,10.02,11.13,2,Universidad,No oficial,bogota d c,bogota dc
10.69,10.02,11.13,9.91,1,Universidad,No oficial,bogota d c,bogota dc
10.02,11.13,9.91,11.41,2,Universidad,No oficial,bogota d c,bogota dc
11.13,9.91,11.41,12.89,1,Universidad,No oficial,bogota d c,bogota dc
9.91,11.41,12.89,13.25,2,Universidad,No oficial,bogota d c,bogota dc
11.41,12.89,13.25,12.34,1,Universidad,No oficial,bogota d c,bogota dc
12.89,13.25,12.34,13.94,2,Universidad,No oficial,bogota d c,bogota dc
13.25,12.34,13.94,12.81,1,Universidad,No oficial,bogota d c,bogota dc
12.34,13.94,12.81,14.57,2,Universidad,No oficial,bogota d c,bogota dc
13.94,12.81,14.57,15.13,1,Universidad,No oficial,bogota d c,bogota dc
12.81,14.57,15.13,14.43,2,Universidad,No oficial,bogota d c,bogota dc
14.57,15.13,14.43,30.53,1,Universidad,No oficial,bogota d c,bogota dc
15.13,14.43,30.53,16.75,2,Universidad,No oficial,bogota d c,bogota dc
14.43,30.53,16.75,14.54,1,Universidad,No oficial,bogota d c,bogota dc
30.53,16.75,14.54,13.59,2,Universidad,No oficial,bogota d c,bogota dc
16.75,14.54,13.59,14.89,1,Universidad,No oficial,bogota d c,bogota dc
14.54,13.59,14.89,11.72,2,Universidad,No oficial,bogota d c,bogota dc
13.59,14.89,11.72,13.67,1,Universidad,No oficial,bogota d c,bogota dc
14.89,11.72,13.67,13.55,2,Universidad,No oficial,bogota d c,bogota dc
11.72,13.67,13.55,27.33,1,Universidad,No oficial,bogota d c,bogota dc
13.67,13.55,27.33,9.75,2,Universidad,No oficial,bogota d c,bogota dc
13.55,27.33,9.75,12.18,1,Universidad,No oficial,bogota d c,bogota dc
27.33,9.75,12.18,9.62,2,Universidad,No oficial,bogota d c,bogota dc
9.75,12.18,9.62,10.64,1,Universidad,No oficial,bogota d c,bogota dc
12.18,9.62,10.64,10.85,2,Universidad,No oficial,bogota d c,bogota dc
9.62,10.64,10.85,10.58,1,Universidad,No oficial,bogota d c,bogota dc
10.64,10.85,10.58,9.33,2,Universidad,No oficial,bogota d c,bogota dc
10.85,10.58,9.33,8.89,1,Universidad,No oficial,bogota d c,bogota dc
10.58,9.33,8.89,10.25,2,Universidad,No oficial,bogota d c,bogota dc
9.33,8.89,10.25,9.29,1,Universidad,No oficial,bogota d c,bogota dc
8.89,10.25,9.29,9.19,2,Universidad,No oficial,bogota d c,bogota dc
10.25,9.29,9.19,9.36,1,Universidad,No oficial,bogota d c,bogota dc
9.29,9.19,9.36,9.95,2,Universidad,No oficial,bogota d c,bogota dc
9.19,9.36,9.95,9.76,1,Universidad,No oficial,bogota d c,bogota dc
9.36,9.95,9.76,9.38,2,Universidad,No oficial,bogota d c,bogota dc
9.95,9.76,9.38,9.17,1,Universidad,No oficial,bogota d c,bogota dc
9.76,9.38,9.17,8.9,2,Universidad,No oficial,bogota d c,bogota dc
9.38,9.17,8.9,11.38,1,Universidad,No oficial,bogota d c,bogota dc
9.17,8.9,11.38,12.5,2,Universidad,No oficial,bogota d c,bogota dc
8.9,11.38,12.5,8.62,1,Universidad,No oficial,bogota d c,bogota dc
11.38,12.5,8.62,9.33,2,Universidad,No oficial,bogota d c,bogota dc
12.5,8.62,9.33,10.39,1,Universidad,No oficial,bogota d c,bogota dc
0.0,0.0,50.68,6.4,1,Universidad,No oficial,santander,barrancabermeja
0.0,50.68,6.4,12.01,2,Universidad,No oficial,santander,barrancabermeja
50.68,6.4,12.01,7.11,1,Universidad,No oficial,santander,barrancabermeja
6.4,12.01,7.11,10.25,2,Universidad,No oficial,santander,barrancabermeja
12.01,7.11,10.25,11.82,1,Universidad,No oficial,santander,barrancabermeja
7.11,10.25,11.82,12.82,2,Universidad,No oficial,santander,barrancabermeja
10.25,11.82,12.82,8.84,1,Universidad,No oficial,santander,barrancabermeja
11.82,12.82,8.84,10.75,2,Universidad,No oficial,santander,barrancabermeja
12.82,8.84,10.75,12.3,1,Universidad,No oficial,santander,barrancabermeja
8.84,10.75,12.3,10.68,2,Universidad,No oficial,santander,barrancabermeja
10.75,12.3,10.68,14.59,1,Universidad,No oficial,santander,barrancabermeja
12.3,10.68,14.59,26.29,2,Universidad,No oficial,santander,barrancabermeja
10.68,14.59,26.29,24.13,1,Universidad,No oficial,santander,barrancabermeja
14.59,26.29,24.13,11.27,2,Universidad,No oficial,santander,barrancabermeja
26.29,24.13,11.27,27.98,1,Universidad,No oficial,santander,barrancabermeja
24.13,11.27,27.98,21.35,2,Universidad,No oficial,santander,barrancabermeja
11.27,27.98,21.35,30.91,1,Universidad,No oficial,santander,barrancabermeja
27.98,21.35,30.91,11.66,2,Universidad,No oficial,santander,barrancabermeja
21.35,30.91,11.66,9.94,1,Universidad,No oficial,santander,barrancabermeja
30.91,11.66,9.94,8.14,2,Universidad,No oficial,santander,barrancabermeja
11.66,9.94,8.14,9.05,1,Universidad,No oficial,santander,barrancabermeja
9.94,8.14,9.05,8.34,2,Universidad,No oficial,santander,barrancabermeja
8.14,9.05,8.34,8.47,1,Universidad,No oficial,santander,barrancabermeja
9.05,8.34,8.47,6.49,2,Universidad,No oficial,santander,barrancabermeja
8.34,8.47,6.49,10.16,1,Universidad,No oficial,santander,barrancabermeja
8.47,6.49,10.16,12.73,2,Universidad,No oficial,santander,barrancabermeja
6.49,10.16,12.73,11.18,1,Universidad,No oficial,santander,barrancabermeja
10.16,12.73,11.18,7.86,2,Universidad,No oficial,santander,barrancabermeja
12.73,11.18,7.86,12.47,1,Universidad,No oficial,santander,barrancabermeja
11.18,7.86,12.47,11.93,2,Universidad,No oficial,santander,barrancabermeja
7.86,12.47,11.93,12.67,1,Universidad,No oficial,santander,barrancabermeja
12.47,11.93,12.67,8.21,2,Universidad,No oficial,santander,barrancabermeja
11.93,12.67,8.21,10.11,1,Universidad,No oficial,santander,barrancabermeja
12.67,8.21,10.11,8.08,2,Universidad,No oficial,santander,barrancabermeja
8.21,10.11,8.08,8.76,1,Universidad,No oficial,santander,barrancabermeja
10.11,8.08,8.76,10.97,2,Universidad,No oficial,santander,barrancabermeja
8.08,8.76,10.97,11.42,1,Universidad,No oficial,santander,barrancabermeja
8.76,10.97,11.42,12.5,2,Universidad,No oficial,santander,barrancabermeja
10.97,11.42,12.5,9.05,1,Universidad,No oficial,santander,barrancabermeja
11.42,12.5,9.05,7.57,2,Universidad,No oficial,santander,barrancabermeja
12.5,9.05,7.57,9.2,1,Universidad,No oficial,santander,barrancabermeja
9.05,7.57,9.2,11.26,2,Universidad,No oficial,santander,barrancabermeja
7.57,9.2,11.26,14.96,1,Universidad,No oficial,santander,barrancabermeja
9.2,11.26,14.96,17.91,2,Universidad,No oficial,santander,barrancabermeja
11.26,14.96,17.91,14.84,1,Universidad,No oficial,santander,barrancabermeja
14.96,17.91,14.84,20.08,2,Universidad,No oficial,santander,barrancabermeja
17.91,14.84,20.08,18.2,1,Universidad,No oficial,santander,barrancabermeja
0.0,0.0,13.02,6.97,1,Universidad,No oficial,magdalena,santa marta
0.0,13.02,6.97,5.93,2,Universidad,No oficial,magdalena,santa marta
13.02,6.97,5.93,3.04,1,Universidad,No oficial,magdalena,santa marta
6.97,5.93,3.04,7.53,2,Universidad,No oficial,magdalena,santa marta
5.93,3.04,7.53,32.46,1,Universidad,No oficial,magdalena,santa marta
3.04,7.53,32.46,7.31,2,Universidad,No oficial,magdalena,santa marta
7.53,32.46,7.31,2.21,1,Universidad,No oficial,magdalena,santa marta
32.46,7.31,2.21,3.35,2,Universidad,No oficial,magdalena,santa marta
7.31,2.21,3.35,26.43,1,Universidad,No oficial,magdalena,santa marta
2.21,3.35,26.43,14.83,2,Universidad,No oficial,magdalena,santa marta
3.35,26.43,14.83,19.09,1,Universidad,No oficial,magdalena,santa marta
26.43,14.83,19.09,15.75,2,Universidad,No oficial,magdalena,santa marta
14.83,19.09,15.75,9.82,1,Universidad,No oficial,magdalena,santa marta
19.09,15.75,9.82,13.69,2,Universidad,No oficial,magdalena,santa marta
15.75,9.82,13.69,6.4,1,Universidad,No oficial,magdalena,santa marta
9.82,13.69,6.4,4.97,2,Universidad,No oficial,magdalena,santa marta
13.69,6.4,4.97,5.35,1,Universidad,No oficial,magdalena,santa marta
6.4,4.97,5.35,6.34,2,Universidad,No oficial,magdalena,santa marta
4.97,5.35,6.34,20.21,1,Universidad,No oficial,magdalena,santa marta
5.35,6.34,20.21,11.07,2,Universidad,No oficial,magdalena,santa marta
6.34,20.21,11.07,13.23,1,Universidad,No oficial,magdalena,santa marta
20.21,11.07,13.23,9.75,2,Universidad,No oficial,magdalena,santa marta
11.07,13.23,9.75,9.63,1,Universidad,No oficial,magdalena,santa marta
13.23,9.75,9.63,13.12,2,Universidad,No oficial,magdalena,santa marta
9.75,9.63,13.12,23.71,1,Universidad,No oficial,magdalena,santa marta
9.63,13.12,23.71,8.57,2,Universidad,No oficial,magdalena,santa marta
13.12,23.71,8.57,7.76,1,Universidad,No oficial,magdalena,santa marta
23.71,8.57,7.76,7.12,2,Universidad,No oficial,magdalena,santa marta
8.57,7.76,7.12,6.51,1,Universidad,No oficial,magdalena,santa marta
7.76,7.12,6.51,7.57,2,Universidad,No oficial,magdalena,santa marta
7.12,6.51,7.57,7.13,1,Universidad,No oficial,magdalena,santa marta
6.51,7.57,7.13,6.61,2,Universidad,No oficial,magdalena,santa marta
7.57,7.13,6.61,6.58,1,Universidad,No oficial,magdalena,santa marta
7.13,6.61,6.58,5.12,2,Universidad,No oficial,magdalena,santa marta
6.61,6.58,5.12,6.51,1,Universidad,No oficial,magdalena,santa marta
6.58,5.12,6.51,7.32,2,Universidad,No oficial,magdalena,santa marta
5.12,6.51,7.32,6.2,1,Universidad,No oficial,magdalena,santa marta
6.51,7.32,6.2,8.13,2,Universidad,No oficial,magdalena,santa marta
7.32,6.2,8.13,7.07,1,Universidad,No oficial,magdalena,santa marta
6.2,8.13,7.07,6.08,2,Universidad,No oficial,magdalena,santa marta
8.13,7.07,6.08,6.8,1,Universidad,No oficial,magdalena,santa marta
7.07,6.08,6.8,6.39,2,Universidad,No oficial,magdalena,santa marta
6.08,6.8,6.39,7.27,1,Universidad,No oficial,magdalena,santa marta
6.8,6.39,7.27,9.17,2,Universidad,No oficial,magdalena,santa marta
6.39,7.27,9.17,4.66,1,Universidad,No oficial,magdalena,santa marta
7.27,9.17,4.66,6.0,2,Universidad,No oficial,magdalena,santa marta
9.17,4.66,6.0,4.9,1,Universidad,No oficial,magdalena,santa marta
0.0,0.0,0.0,1.82,1,Universidad,No oficial,cundinamarca,girardot
0.0,0.0,1.82,1.89,2,Universidad,No oficial,cundinamarca,girardot
0.0,1.82,1.89,0.0,1,Universidad,No oficial,cundinamarca,girardot
1.82,1.89,0.0,0.87,2,Universidad,No oficial,cundinamarca,girardot
1.89,0.0,0.87,1.36,1,Universidad,No oficial,cundinamarca,girardot
0.0,0.87,1.36,1.82,2,Universidad,No oficial,cundinamarca,girardot
0.87,1.36,1.82,2.18,1,Universidad,No oficial,cundinamarca,girardot
1.36,1.82,2.18,1.03,2,Universidad,No oficial,cundinamarca,girardot
1.82,2.18,1.03,3.06,1,Universidad,No oficial,cundinamarca,girardot
2.18,1.03,3.06,14.7,2,Universidad,No oficial,cundinamarca,girardot
1.03,3.06,14.7,9.71,1,Universidad,No oficial,cundinamarca,girardot
3.06,14.7,9.71,12.98,2,Universidad,No oficial,cundinamarca,girardot
14.7,9.71,12.98,9.27,1,Universidad,No oficial,cundinamarca,girardot
9.71,12.98,9.27,5.98,2,Universidad,No oficial,cundinamarca,girardot
12.98,9.27,5.98,9.76,1,Universidad,No oficial,cundinamarca,girardot
9.27,5.98,9.76,8.39,2,Universidad,No oficial,cundinamarca,girardot
5.98,9.76,8.39,18.18,1,Universidad,No oficial,cundinamarca,girardot
9.76,8.39,18.18,13.11,2,Universidad,No oficial,cundinamarca,girardot
8.39,18.18,13.11,7.87,1,Universidad,No oficial,cundinamarca,girardot
18.18,13.11,7.87,11.07,2,Universidad,No oficial,cundinamarca,girardot
13.11,7.87,11.07,9.68,1,Universidad,No oficial,cundinamarca,girardot
7.87,11.07,9.68,15.88,2,Universidad,No oficial,cundinamarca,girardot
11.07,9.68,15.88,9.04,1,Universidad,No oficial,cundinamarca,girardot
9.68,15.88,9.04,6.22,2,Universidad,No oficial,cundinamarca,girardot
15.88,9.04,6.22,7.57,1,Universidad,No oficial,cundinamarca,girardot
9.04,6.22,7.57,6.88,2,Universidad,No oficial,cundinamarca,girardot
6.22,7.57,6.88,5.75,1,Universidad,No oficial,cundinamarca,girardot
7.57,6.88,5.75,7.54,2,Universidad,No oficial,cundinamarca,girardot
6.88,5.75,7.54,7.91,1,Universidad,No oficial,cundinamarca,girardot
5.75,7.54,7.91,7.46,2,Universidad,No oficial,cundinamarca,girardot
7.54,7.91,7.46,7.21,1,Universidad,No oficial,cundinamarca,girardot
7.91,7.46,7.21,7.61,2,Universidad,No oficial,cundinamarca,girardot
7.46,7.21,7.61,6.32,1,Universidad,No oficial,cundinamarca,girardot
7.21,7.61,6.32,7.6,2,Universidad,No oficial,cundinamarca,girardot
7.61,6.32,7.6,9.31,1,Universidad,No oficial,cundinamarca,girardot
6.32,7.6,9.31,9.2,2,Universidad,No oficial,cundinamarca,girardot
7.6,9.31,9.2,11.23,1,Universidad,No oficial,cundinamarca,girardot
9.31,9.2,11.23,10.12,2,Universidad,No oficial,cundinamarca,girardot
9.2,11.23,10.12,12.2,1,Universidad,No oficial,cundinamarca,girardot
11.23,10.12,12.2,8.92,2,Universidad,No oficial,cundinamarca,girardot
10.12,12.2,8.92,11.67,1,Universidad,No oficial,cundinamarca,girardot
12.2,8.92,11.67,9.33,2,Universidad,No oficial,cundinamarca,girardot
8.92,11.67,9.33,12.55,1,Universidad,No oficial,cundinamarca,girardot
11.67,9.33,12.55,16.33,2,Universidad,No oficial,cundinamarca,girardot
9.33,12.55,16.33,10.48,1,Universidad,No oficial,cundinamarca,girardot
12.55,16.33,10.48,7.25,2,Universidad,No oficial,cundinamarca,girardot
16.33,10.48,7.25,10.53,1,Universidad,No oficial,cundinamarca,girardot
0.0,0.0,100.0,8.15,1,Universidad,No oficial,santander,bucaramanga
0.0,100.0,8.15,6.21,2,Universidad,No oficial,santander,bucaramanga
100.0,8.15,6.21,9.01,1,Universidad,No oficial,santander,bucaramanga
8.15,6.21,9.01,11.03,2,Universidad,No oficial,santander,bucaramanga
6.21,9.01,11.03,7.54,1,Universidad,No oficial,santander,bucaramanga
9.01,11.03,7.54,13.56,2,Universidad,No oficial,santander,bucaramanga
11.03,7.54,13.56,3.12,1,Universidad,No oficial,santander,bucaramanga
7.54,13.56,3.12,6.42,2,Universidad,No oficial,santander,bucaramanga
13.56,3.12,6.42,9.0,1,Universidad,No oficial,santander,bucaramanga
3.12,6.42,9.0,9.22,2,Universidad,No oficial,santander,bucaramanga
6.42,9.0,9.22,8.5,1,Universidad,No oficial,santander,bucaramanga
9.0,9.22,8.5,9.89,2,Universidad,No oficial,santander,bucaramanga
9.22,8.5,9.89,10.94,1,Universidad,No oficial,santander,bucaramanga
8.5,9.89,10.94,13.12,2,Universidad,No oficial,santander,bucaramanga
9.89,10.94,13.12,24.11,1,Universidad,No oficial,santander,bucaramanga
10.94,13.12,24.11,7.15,2,Universidad,No oficial,santander,bucaramanga
13.12,24.11,7.15,5.93,1,Universidad,No oficial,santander,bucaramanga
24.11,7.15,5.93,9.92,2,Universidad,No oficial,santander,bucaramanga
7.15,5.93,9.92,8.53,1,Universidad,No oficial,santander,bucaramanga
5.93,9.92,8.53,9.4,2,Universidad,No oficial,santander,bucaramanga
9.92,8.53,9.4,7.92,1,Universidad,No oficial,santander,bucaramanga
8.53,9.4,7.92,6.63,2,Universidad,No oficial,santander,bucaramanga
9.4,7.92,6.63,10.13,1,Universidad,No oficial,santander,bucaramanga
7.92,6.63,10.13,7.63,2,Universidad,No oficial,santander,bucaramanga
6.63,10.13,7.63,15.29,1,Universidad,No oficial,santander,bucaramanga
10.13,7.63,15.29,8.46,2,Universidad,No oficial,santander,bucaramanga
7.63,15.29,8.46,19.49,1,Universidad,No oficial,santander,bucaramanga
15.29,8.46,19.49,8.1,2,Universidad,No oficial,santander,bucaramanga
8.46,19.49,8.1,8.51,1,Universidad,No oficial,santander,bucaramanga
19.49,8.1,8.51,8.62,2,Universidad,No oficial,santander,bucaramanga
8.1,8.51,8.62,8.57,1,Universidad,No oficial,santander,bucaramanga
8.51,8.62,8.57,8.69,2,Universidad,No oficial,santander,bucaramanga
8.62,8.57,8.69,8.96,1,Universidad,No oficial,santander,bucaramanga
8.57,8.69,8.96,10.36,2,Universidad,No oficial,santander,bucaramanga
8.69,8.96,10.36,6.98,1,Universidad,No oficial,santander,bucaramanga
8.96,10.36,6.98,8.33,2,Universidad,No oficial,santander,bucaramanga
10.36,6.98,8.33,9.01,1,Universidad,No oficial,santander,bucaramanga
6.98,8.33,9.01,8.61,2,Universidad,No oficial,santander,bucaramanga
8.33,9.01,8.61,8.14,1,Universidad,No oficial,santander,bucaramanga
9.01,8.61,8.14,8.87,2,Universidad,No oficial,santander,bucaramanga
8.61,8.14,8.87,8.91,1,Universidad,No oficial,santander,bucaramanga
8.14,8.87,8.91,8.72,2,Universidad,No oficial,santander,bucaramanga
8.87,8.91,8.72,10.53,1,Universidad,No oficial,santander,bucaramanga
8.91,8.72,10.53,9.24,2,Universidad,No oficial,santander,bucaramanga
8.72,10.53,9.24,8.9,1,Universidad,No oficial,santander,bucaramanga
10.53,9.24,8.9,9.28,2,Universidad,No oficial,santander,bucaramanga
9.24,8.9,9.28,9.39,1,Universidad,No oficial,santander,bucaramanga
0.0,0.0,5.52,4.24,1,Universidad,No oficial,atlantico,barranquilla
0.0,5.52,4.24,3.7,2,Universidad,No oficial,atlantico,barranquilla
5.52,4.24,3.7,3.03,1,Universidad,No oficial,atlantico,barranquilla
4.24,3.7,3.03,6.21,2,Universidad,No oficial,atlantico,barranquilla
3.7,3.03,6.21,3.01,1,Universidad,No oficial,atlantico,barranquilla
3.03,6.21,3.01,4.03,2,Universidad,No oficial,atlantico,barranquilla
6.21,3.01,4.03,4.78,1,Universidad,No oficial,atlantico,barranquilla
3.01,4.03,4.78,2.98,2,Universidad,No oficial,atlantico,barranquilla
4.03,4.78,2.98,4.04,1,Universidad,No oficial,atlantico,barranquilla
4.78,2.98,4.04,12.77,2,Universidad,No oficial,atlantico,barranquilla
2.98,4.04,12.77,8.76,1,Universidad,No oficial,atlantico,barranquilla
4.04,12.77,8.76,7.16,2,Universidad,No oficial,atlantico,barranquilla
12.77,8.76,7.16,5.09,1,Universidad,No oficial,atlantico,barranquilla
8.76,7.16,5.09,5.08,2,Universidad,No oficial,atlantico,barranquilla
7.16,5.09,5.08,6.12,1,Universidad,No oficial,atlantico,barranquilla
5.09,5.08,6.12,5.11,2,Universidad,No oficial,atlantico,barranquilla
5.08,6.12,5.11,3.98,1,Universidad,No oficial,atlantico,barranquilla
6.12,5.11,3.98,3.34,2,Universidad,No oficial,atlantico,barranquilla
5.11,3.98,3.34,4.67,1,Universidad,No oficial,atlantico,barranquilla
3.98,3.34,4.67,4.67,2,Universidad,No oficial,atlantico,barranquilla
3.34,4.67,4.67,4.76,1,Universidad,No oficial,atlantico,barranquilla
4.67,4.67,4.76,4.25,2,Universidad,No oficial,atlantico,barranquilla
4.67,4.76,4.25,5.46,1,Universidad,No oficial,atlantico,barranquilla
4.76,4.25,5.46,5.62,2,Universidad,No oficial,atlantico,barranquilla
4.25,5.46,5.62,5.39,1,Universidad,No oficial,atlantico,barranquilla
5.46,5.62,5.39,5.16,2,Universidad,No oficial,atlantico,barranquilla
5.62,5.39,5.16,9.01,1,Universidad,No oficial,atlantico,barranquilla
5.39,5.16,9.01,21.95,2,Universidad,No oficial,atlantico,barranquilla
5.16,9.01,21.95,9.17,1,Universidad,No oficial,atlantico,barranquilla
9.01,21.95,9.17,2.47,2,Universidad,No oficial,atlantico,barranquilla
21.95,9.17,2.47,4.66,1,Universidad,No oficial,atlantico,barranquilla
9.17,2.47,4.66,8.14,2,Universidad,No oficial,atlantico,barranquilla
2.47,4.66,8.14,6.19,1,Universidad,No oficial,atlantico,barranquilla
4.66,8.14,6.19,3.95,2,Universidad,No oficial,atlantico,barranquilla
8.14,6.19,3.95,3.89,1,Universidad,No oficial,atlantico,barranquilla
6.19,3.95,3.89,3.7,2,Universidad,No oficial,atlantico,barranquilla
3.95,3.89,3.7,4.38,1,Universidad,No oficial,atlantico,barranquilla
3.89,3.7,4.38,4.08,2,Universidad,No oficial,atlantico,barranquilla
3.7,4.38,4.08,3.4,1,Universidad,No oficial,atlantico,barranquilla
4.38,4.08,3.4,7.22,2,Universidad,No oficial,atlantico,barranquilla
4.08,3.4,7.22,3.28,1,Universidad,No oficial,atlantico,barranquilla
3.4,7.22,3.28,2.28,2,Universidad,No oficial,atlantico,barranquilla
7.22,3.28,2.28,3.45,1,Universidad,No oficial,atlantico,barranquilla
3.28,2.28,3.45,3.85,2,Universidad,No oficial,atlantico,barranquilla
2.28,3.45,3.85,1.24,1,Universidad,No oficial,atlantico,barranquilla
3.45,3.85,1.24,1.47,2,Universidad,No oficial,atlantico,barranquilla
3.85,1.24,1.47,1.66,1,Universidad,No oficial,atlantico,barranquilla
0.0,0.0,100.0,14.56,1,Universidad,No oficial,caldas,manizales
0.0,100.0,14.56,21.83,2,Universidad,No oficial,caldas,manizales
100.0,14.56,21.83,13.75,1,Universidad,No oficial,caldas,manizales
14.56,21.83,13.75,10.51,2,Universidad,No oficial,caldas,manizales
21.83,13.75,10.51,9.04,1,Universidad,No oficial,caldas,manizales
13.75,10.51,9.04,7.74,2,Universidad,No oficial,caldas,manizales
10.51,9.04,7.74,7.98,1,Universidad,No oficial,caldas,manizales
9.04,7.74,7.98,14.24,2,Universidad,No oficial,caldas,manizales
7.74,7.98,14.24,15.21,1,Universidad,No oficial,caldas,manizales
7.98,14.24,15.21,8.83,2,Universidad,No oficial,caldas,manizales
14.24,15.21,8.83,19.32,1,Universidad,No oficial,caldas,manizales
15.21,8.83,19.32,8.86,2,Universidad,No oficial,caldas,manizales
8.83,19.32,8.86,5.95,1,Universidad,No oficial,caldas,manizales
19.32,8.86,5.95,6.27,2,Universidad,No oficial,caldas,manizales
8.86,5.95,6.27,8.95,1,Universidad,No oficial,caldas,manizales
5.95,6.27,8.95,5.03,2,Universidad,No oficial,caldas,manizales
6.27,8.95,5.03,4.08,1,Universidad,No oficial,caldas,manizales
8.95,5.03,4.08,7.65,2,Universidad,No oficial,caldas,manizales
5.03,4.08,7.65,7.5,1,Universidad,No oficial,caldas,manizales
4.08,7.65,7.5,7.68,2,Universidad,No oficial,caldas,manizales
7.65,7.5,7.68,7.58,1,Universidad,No oficial,caldas,manizales
7.5,7.68,7.58,10.32,2,Universidad,No oficial,caldas,manizales
7.68,7.58,10.32,8.56,1,Universidad,No oficial,caldas,manizales
7.58,10.32,8.56,9.64,2,Universidad,No oficial,caldas,manizales
10.32,8.56,9.64,12.48,1,Universidad,No oficial,caldas,manizales
8.56,9.64,12.48,11.69,2,Universidad,No oficial,caldas,manizales
9.64,12.48,11.69,12.63,1,Universidad,No oficial,caldas,manizales
12.48,11.69,12.63,12.12,2,Universidad,No oficial,caldas,manizales
11.69,12.63,12.12,10.23,1,Universidad,No oficial,caldas,manizales
12.63,12.12,10.23,10.38,2,Universidad,No oficial,caldas,manizales
12.12,10.23,10.38,8.78,1,Universidad,No oficial,caldas,manizales
10.23,10.38,8.78,9.69,2,Universidad,No oficial,caldas,manizales
10.38,8.78,9.69,9.76,1,Universidad,No oficial,caldas,manizales
8.78,9.69,9.76,6.55,2,Universidad,No oficial,caldas,manizales
9.69,9.76,6.55,8.07,1,Universidad,No oficial,caldas,manizales
9.76,6.55,8.07,9.98,2,Universidad,No oficial,caldas,manizales
6.55,8.07,9.98,13.14,1,Universidad,No oficial,caldas,manizales
8.07,9.98,13.14,10.83,2,Universidad,No oficial,caldas,manizales
9.98,13.14,10.83,9.17,1,Universidad,No oficial,caldas,manizales
13.14,10.83,9.17,12.1,2,Universidad,No oficial,caldas,manizales
10.83,9.17,12.1,10.01,1,Universidad,No oficial,caldas,manizales
9.17,12.1,10.01,11.85,2,Universidad,No oficial,caldas,manizales
12.1,10.01,11.85,11.85,1,Universidad,No oficial,caldas,manizales
10.01,11.85,11.85,10.01,2,Universidad,No oficial,caldas,manizales
11.85,11.85,10.01,9.5,1,Universidad,No oficial,caldas,manizales
11.85,10.01,9.5,8.27,2,Universidad,No oficial,caldas,manizales
10.01,9.5,8.27,10.44,1,Universidad,No oficial,caldas,manizales
0.0,0.0,12.5,0.1,1,Universidad,No oficial,bogota d c,bogota dc
0.0,12.5,0.1,0.22,2,Universidad,No oficial,bogota d c,bogota dc
12.5,0.1,0.22,100.0,1,Universidad,No oficial,bogota d c,bogota dc
0.1,0.22,100.0,9.25,2,Universidad,No oficial,bogota d c,bogota dc
0.22,100.0,9.25,13.17,1,Universidad,No oficial,bogota d c,bogota dc
100.0,9.25,13.17,16.31,2,Universidad,No oficial,bogota d c,bogota dc
9.25,13.17,16.31,12.68,1,Universidad,No oficial,bogota d c,bogota dc
13.17,16.31,12.68,12.54,2,Universidad,No oficial,bogota d c,bogota dc
16.31,12.68,12.54,10.44,1,Universidad,No oficial,bogota d c,bogota dc
12.68,12.54,10.44,6.4,2,Universidad,No oficial,bogota d c,bogota dc
12.54,10.44,6.4,14.27,1,Universidad,No oficial,bogota d c,bogota dc
10.44,6.4,14.27,12.14,2,Universidad,No oficial,bogota d c,bogota dc
6.4,14.27,12.14,8.52,1,Universidad,No oficial,bogota d c,bogota dc
14.27,12.14,8.52,10.93,2,Universidad,No oficial,bogota d c,bogota dc
12.14,8.52,10.93,12.67,1,Universidad,No oficial,bogota d c,bogota dc
8.52,10.93,12.67,11.11,2,Universidad,No oficial,bogota d c,bogota dc
10.93,12.67,11.11,10.77,1,Universidad,No oficial,bogota d c,bogota dc
12.67,11.11,10.77,9.9,2,Universidad,No oficial,bogota d c,bogota dc
11.11,10.77,9.9,10.22,1,Universidad,No oficial,bogota d c,bogota dc
10.77,9.9,10.22,8.91,2,Universidad,No oficial,bogota d c,bogota dc
9.9,10.22,8.91,9.26,1,Universidad,No oficial,bogota d c,bogota dc
10.22,8.91,9.26,9.52,2,Universidad,No oficial,bogota d c,bogota dc
8.91,9.26,9.52,9.15,1,Universidad,No oficial,bogota d c,bogota dc
9.26,9.52,9.15,9.13,2,Universidad,No oficial,bogota d c,bogota dc
9.52,9.15,9.13,8.57,1,Universidad,No oficial,bogota d c,bogota dc
9.15,9.13,8.57,10.01,2,Universidad,No oficial,bogota d c,bogota dc
9.13,8.57,10.01,8.85,1,Universidad,No oficial,bogota d c,bogota dc
8.57,10.01,8.85,8.02,2,Universidad,No oficial,bogota d c,bogota dc
10.01,8.85,8.02,7.99,1,Universidad,No oficial,bogota d c,bogota dc
8.85,8.02,7.99,9.39,2,Universidad,No oficial,bogota d c,bogota dc
8.02,7.99,9.39,9.21,1,Universidad,No oficial,bogota d c,bogota dc
7.99,9.39,9.21,8.88,2,Universidad,No oficial,bogota d c,bogota dc
9.39,9.21,8.88,8.67,1,Universidad,No oficial,bogota d c,bogota dc
9.21,8.88,8.67,7.89,2,Universidad,No oficial,bogota d c,bogota dc
8.88,8.67,7.89,6.94,1,Universidad,No oficial,bogota d c,bogota dc
8.67,7.89,6.94,7.65,2,Universidad,No oficial,bogota d c,bogota dc
7.89,6.94,7.65,8.22,1,Universidad,No oficial,bogota d c,bogota dc
6.94,7.65,8.22,7.73,2,Universidad,No oficial,bogota d c,bogota dc
7.65,8.22,7.73,5.34,1,Universidad,No oficial,bogota d c,bogota dc
8.22,7.73,5.34,6.83,2,Universidad,No oficial,bogota d c,bogota dc
7.73,5.34,6.83,6.74,1,Universidad,No oficial,bogota d c,bogota dc
0.0,0.0,4.35,14.7,1,Universidad,No oficial,caldas,manizales
0.0,4.35,14.7,4.96,2,Universidad,No oficial,caldas,manizales
4.35,14.7,4.96,10.66,1,Universidad,No oficial,caldas,manizales
14.7,4.96,10.66,9.12,2,Universidad,No oficial,caldas,manizales
4.96,10.66,9.12,9.59,1,Universidad,No oficial,caldas,manizales
10.66,9.12,9.59,12.31,2,Universidad,No oficial,caldas,manizales
9.12,9.59,12.31,9.08,1,Universidad,No oficial,caldas,manizales
9.59,12.31,9.08,5.24,2,Universidad,No oficial,caldas,manizales
12.31,9.08,5.24,6.63,1,Universidad,No oficial,caldas,manizales
9.08,5.24,6.63,6.56,2,Universidad,No oficial,caldas,manizales
5.24,6.63,6.56,7.85,1,Universidad,No oficial,caldas,manizales
6.63,6.56,7.85,8.9,2,Universidad,No oficial,caldas,manizales
6.56,7.85,8.9,10.41,1,Universidad,No oficial,caldas,manizales
7.85,8.9,10.41,6.14,2,Universidad,No oficial,caldas,manizales
8.9,10.41,6.14,6.98,1,Universidad,No oficial,caldas,manizales
10.41,6.14,6.98,5.06,2,Universidad,No oficial,caldas,manizales
6.14,6.98,5.06,3.71,1,Universidad,No oficial,caldas,manizales
6.98,5.06,3.71,3.14,2,Universidad,No oficial,caldas,manizales
5.06,3.71,3.14,4.1,1,Universidad,No oficial,caldas,manizales
3.71,3.14,4.1,4.25,2,Universidad,No oficial,caldas,manizales
3.14,4.1,4.25,4.13,1,Universidad,No oficial,caldas,manizales
4.1,4.25,4.13,4.36,2,Universidad,No oficial,caldas,manizales
4.25,4.13,4.36,4.1,1,Universidad,No oficial,caldas,manizales
4.13,4.36,4.1,3.32,2,Universidad,No oficial,caldas,manizales
4.36,4.1,3.32,6.35,1,Universidad,No oficial,caldas,manizales
4.1,3.32,6.35,7.52,2,Universidad,No oficial,caldas,manizales
3.32,6.35,7.52,5.88,1,Universidad,No oficial,caldas,manizales
6.35,7.52,5.88,7.86,2,Universidad,No oficial,caldas,manizales
7.52,5.88,7.86,6.49,1,Universidad,No oficial,caldas,manizales
5.88,7.86,6.49,7.88,2,Universidad,No oficial,caldas,manizales
7.86,6.49,7.88,9.36,1,Universidad,No oficial,caldas,manizales
6.49,7.88,9.36,5.92,2,Universidad,No oficial,caldas,manizales
7.88,9.36,5.92,5.76,1,Universidad,No oficial,caldas,manizales
9.36,5.92,5.76,3.97,2,Universidad,No oficial,caldas,manizales
5.92,5.76,3.97,6.23,1,Universidad,No oficial,caldas,manizales
5.76,3.97,6.23,3.89,2,Universidad,No oficial,caldas,manizales
3.97,6.23,3.89,11.82,1,Universidad,No oficial,caldas,manizales
6.23,3.89,11.82,4.21,2,Universidad,No oficial,caldas,manizales
3.89,11.82,4.21,7.39,1,Universidad,No oficial,caldas,manizales
11.82,4.21,7.39,8.23,2,Universidad,No oficial,caldas,manizales
4.21,7.39,8.23,7.45,1,Universidad,No oficial,caldas,manizales
7.39,8.23,7.45,5.3,2,Universidad,No oficial,caldas,manizales
8.23,7.45,5.3,5.3,1,Universidad,No oficial,caldas,manizales
7.45,5.3,5.3,4.8,2,Universidad,No oficial,caldas,manizales
5.3,5.3,4.8,13.11,1,Universidad,No oficial,caldas,manizales
5.3,4.8,13.11,5.79,2,Universidad,No oficial,caldas,manizales
4.8,13.11,5.79,10.11,1,Universidad,No oficial,caldas,manizales
0.0,0.0,0.0,12.77,1,Universidad,No oficial,valle del cauca,cali
0.0,0.0,12.77,22.35,2,Universidad,No oficial,valle del cauca,cali
0.0,12.77,22.35,0.0,1,Universidad,No oficial,valle del cauca,cali
12.77,22.35,0.0,13.75,2,Universidad,No oficial,valle del cauca,cali
22.35,0.0,13.75,11.39,1,Universidad,No oficial,valle del cauca,cali
0.0,13.75,11.39,9.4,2,Universidad,No oficial,valle del cauca,cali
13.75,11.39,9.4,7.26,1,Universidad,No oficial,valle del cauca,cali
11.39,9.4,7.26,6.79,2,Universidad,No oficial,valle del cauca,cali
9.4,7.26,6.79,6.2,1,Universidad,No oficial,valle del cauca,cali
7.26,6.79,6.2,7.31,2,Universidad,No oficial,valle del cauca,cali
6.79,6.2,7.31,7.42,1,Universidad,No oficial,valle del cauca,cali
6.2,7.31,7.42,7.79,2,Universidad,No oficial,valle del cauca,cali
7.31,7.42,7.79,7.21,1,Universidad,No oficial,valle del cauca,cali
7.42,7.79,7.21,6.08,2,Universidad,No oficial,valle del cauca,cali
7.79,7.21,6.08,6.42,1,Universidad,No oficial,valle del cauca,cali
7.21,6.08,6.42,5.74,2,Universidad,No oficial,valle del cauca,cali
6.08,6.42,5.74,5.64,1,Universidad,No oficial,valle del cauca,cali
6.42,5.74,5.64,1.73,2,Universidad,No oficial,valle del cauca,cali
5.74,5.64,1.73,10.18,1,Universidad,No oficial,valle del cauca,cali
5.64,1.73,10.18,6.47,2,Universidad,No oficial,valle del cauca,cali
1.73,10.18,6.47,5.89,1,Universidad,No oficial,valle del cauca,cali
10.18,6.47,5.89,6.03,2,Universidad,No oficial,valle del cauca,cali
6.47,5.89,6.03,5.25,1,Universidad,No oficial,valle del cauca,cali
5.89,6.03,5.25,4.87,2,Universidad,No oficial,valle del cauca,cali
6.03,5.25,4.87,6.2,1,Universidad,No oficial,valle del cauca,cali
5.25,4.87,6.2,4.12,2,Universidad,No oficial,valle del cauca,cali
4.87,6.2,4.12,5.89,1,Universidad,No oficial,valle del cauca,cali
6.2,4.12,5.89,5.82,2,Universidad,No oficial,valle del cauca,cali
4.12,5.89,5.82,5.37,1,Universidad,No oficial,valle del cauca,cali
5.89,5.82,5.37,5.27,2,Universidad,No oficial,valle del cauca,cali
5.82,5.37,5.27,5.44,1,Universidad,No oficial,valle del cauca,cali
5.37,5.27,5.44,4.32,2,Universidad,No oficial,valle del cauca,cali
5.27,5.44,4.32,4.88,1,Universidad,No oficial,valle del cauca,cali
5.44,4.32,4.88,4.82,2,Universidad,No oficial,valle del cauca,cali
4.32,4.88,4.82,4.92,1,Universidad,No oficial,valle del cauca,cali
4.88,4.82,4.92,5.31,2,Universidad,No oficial,valle del cauca,cali
4.82,4.92,5.31,4.57,1,Universidad,No oficial,valle del cauca,cali
4.92,5.31,4.57,6.23,2,Universidad,No oficial,valle del cauca,cali
5.31,4.57,6.23,4.63,1,Universidad,No oficial,valle del cauca,cali
4.57,6.23,4.63,4.87,2,Universidad,No oficial,valle del cauca,cali
6.23,4.63,4.87,3.72,1,Universidad,No oficial,valle del cauca,cali
4.63,4.87,3.72,3.5,2,Universidad,No oficial,valle del cauca,cali
4.87,3.72,3.5,3.37,1,Universidad,No oficial,valle del cauca,cali
3.72,3.5,3.37,2.42,2,Universidad,No oficial,valle del cauca,cali
3.5,3.37,2.42,2.54,1,Universidad,No oficial,valle del cauca,cali
3.37,2.42,2.54,3.16,2,Universidad,No oficial,valle del cauca,cali
2.42,2.54,3.16,2.41,1,Universidad,No oficial,valle del cauca,cali
0.0,0.0,4.97,3.64,2,Universidad,No oficial,valle del cauca,palmira
0.0,4.97,3.64,10.58,1,Universidad,No oficial,valle del cauca,palmira
4.97,3.64,10.58,6.46,2,Universidad,No oficial,valle del cauca,palmira
3.64,10.58,6.46,6.97,1,Universidad,No oficial,valle del cauca,palmira
10.58,6.46,6.97,11.3,2,Universidad,No oficial,valle del cauca,palmira
6.46,6.97,11.3,5.65,1,Universidad,No oficial,valle del cauca,palmira
6.97,11.3,5.65,6.62,2,Universidad,No oficial,valle del cauca,palmira
11.3,5.65,6.62,6.92,1,Universidad,No oficial,valle del cauca,palmira
5.65,6.62,6.92,6.11,2,Universidad,No oficial,valle del cauca,palmira
6.62,6.92,6.11,13.53,1,Universidad,No oficial,valle del cauca,palmira
6.92,6.11,13.53,6.19,2,Universidad,No oficial,valle del cauca,palmira
6.11,13.53,6.19,1.81,1,Universidad,No oficial,valle del cauca,palmira
13.53,6.19,1.81,4.08,2,Universidad,No oficial,valle del cauca,palmira
6.19,1.81,4.08,7.34,1,Universidad,No oficial,valle del cauca,palmira
1.81,4.08,7.34,2.1,2,Universidad,No oficial,valle del cauca,palmira
4.08,7.34,2.1,12.56,1,Universidad,No oficial,valle del cauca,palmira
7.34,2.1,12.56,45.45,2,Universidad,No oficial,valle del cauca,palmira
2.1,12.56,45.45,4.88,1,Universidad,No oficial,valle del cauca,palmira
12.56,45.45,4.88,6.1,2,Universidad,No oficial,valle del cauca,palmira
45.45,4.88,6.1,8.43,1,Universidad,No oficial,valle del cauca,palmira
4.88,6.1,8.43,7.14,2,Universidad,No oficial,valle del cauca,palmira
6.1,8.43,7.14,33.81,1,Universidad,No oficial,valle del cauca,palmira
8.43,7.14,33.81,12.07,2,Universidad,No oficial,valle del cauca,palmira
7.14,33.81,12.07,8.91,1,Universidad,No oficial,valle del cauca,palmira
33.81,12.07,8.91,13.07,2,Universidad,No oficial,valle del cauca,palmira
12.07,8.91,13.07,16.12,1,Universidad,No oficial,valle del cauca,palmira
8.91,13.07,16.12,11.81,2,Universidad,No oficial,valle del cauca,palmira
13.07,16.12,11.81,17.74,1,Universidad,No oficial,valle del cauca,palmira
16.12,11.81,17.74,2.53,2,Universidad,No oficial,valle del cauca,palmira
11.81,17.74,2.53,7.45,1,Universidad,No oficial,valle del cauca,palmira
17.74,2.53,7.45,7.01,2,Universidad,No oficial,valle del cauca,palmira
2.53,7.45,7.01,7.31,1,Universidad,No oficial,valle del cauca,palmira
7.45,7.01,7.31,5.54,2,Universidad,No oficial,valle del cauca,palmira
7.01,7.31,5.54,5.12,1,Universidad,No oficial,valle del cauca,palmira
7.31,5.54,5.12,8.87,2,Universidad,No oficial,valle del cauca,palmira
5.54,5.12,8.87,5.75,1,Universidad,No oficial,valle del cauca,palmira
0.0,0.0,8.22,13.13,1,Universidad,No oficial,valle del cauca,cali
0.0,8.22,13.13,14.86,2,Universidad,No oficial,valle del cauca,cali
8.22,13.13,14.86,9.8,1,Universidad,No oficial,valle del cauca,cali
13.13,14.86,9.8,9.46,2,Universidad,No oficial,valle del cauca,cali
14.86,9.8,9.46,10.0,1,Universidad,No oficial,valle del cauca,cali
9.8,9.46,10.0,9.61,2,Universidad,No oficial,valle del cauca,cali
9.46,10.0,9.61,7.92,1,Universidad,No oficial,valle del cauca,cali
10.0,9.61,7.92,6.12,2,Universidad,No oficial,valle del cauca,cali
9.61,7.92,6.12,7.45,1,Universidad,No oficial,valle del cauca,cali
7.92,6.12,7.45,7.78,2,Universidad,No oficial,valle del cauca,cali
6.12,7.45,7.78,8.87,1,Universidad,No oficial,valle del cauca,cali
7.45,7.78,8.87,9.64,2,Universidad,No oficial,valle del cauca,cali
7.78,8.87,9.64,8.99,1,Universidad,No oficial,valle del cauca,cali
8.87,9.64,8.99,11.23,2,Universidad,No oficial,valle del cauca,cali
9.64,8.99,11.23,11.25,1,Universidad,No oficial,valle del cauca,cali
8.99,11.23,11.25,10.24,2,Universidad,No oficial,valle del cauca,cali
11.23,11.25,10.24,17.88,1,Universidad,No oficial,valle del cauca,cali
11.25,10.24,17.88,10.18,2,Universidad,No oficial,valle del cauca,cali
10.24,17.88,10.18,10.02,1,Universidad,No oficial,valle del cauca,cali
17.88,10.18,10.02,11.48,2,Universidad,No oficial,valle del cauca,cali
10.18,10.02,11.48,11.81,1,Universidad,No oficial,valle del cauca,cali
10.02,11.48,11.81,12.21,2,Universidad,No oficial,valle del cauca,cali
11.48,11.81,12.21,11.04,1,Universidad,No oficial,valle del cauca,cali
11.81,12.21,11.04,10.56,2,Universidad,No oficial,valle del cauca,cali
12.21,11.04,10.56,10.47,1,Universidad,No oficial,valle del cauca,cali
11.04,10.56,10.47,9.34,2,Universidad,No oficial,valle del cauca,cali
10.56,10.47,9.34,10.95,1,Universidad,No oficial,valle del cauca,cali
10.47,9.34,10.95,10.78,2,Universidad,No oficial,valle del cauca,cali
9.34,10.95,10.78,9.53,1,Universidad,No oficial,valle del cauca,cali
10.95,10.78,9.53,9.13,2,Universidad,No oficial,valle del cauca,cali
10.78,9.53,9.13,11.89,1,Universidad,No oficial,valle del cauca,cali
9.53,9.13,11.89,9.39,2,Universidad,No oficial,valle del cauca,cali
9.13,11.89,9.39,8.2,1,Universidad,No oficial,valle del cauca,cali
11.89,9.39,8.2,8.13,2,Universidad,No oficial,valle del cauca,cali
9.39,8.2,8.13,7.42,1,Universidad,No oficial,valle del cauca,cali
8.2,8.13,7.42,8.18,2,Universidad,No oficial,valle del cauca,cali
8.13,7.42,8.18,8.83,1,Universidad,No oficial,valle del cauca,cali
7.42,8.18,8.83,8.39,2,Universidad,No oficial,valle del cauca,cali
8.18,8.83,8.39,8.66,1,Universidad,No oficial,valle del cauca,cali
8.83,8.39,8.66,7.75,2,Universidad,No oficial,valle del cauca,cali
8.39,8.66,7.75,9.0,1,Universidad,No oficial,valle del cauca,cali
8.66,7.75,9.0,9.35,2,Universidad,No oficial,valle del cauca,cali
7.75,9.0,9.35,10.48,1,Universidad,No oficial,valle del cauca,cali
9.0,9.35,10.48,10.34,2,Universidad,No oficial,valle del cauca,cali
9.35,10.48,10.34,9.0,1,Universidad,No oficial,valle del cauca,cali
10.48,10.34,9.0,9.78,2,Universidad,No oficial,valle del cauca,cali
10.34,9.0,9.78,7.48,1,Universidad,No oficial,valle del cauca,cali
0.0,0.0,7.16,8.24,1,Universidad,No oficial,tolima,ibague
0.0,7.16,8.24,8.45,2,Universidad,No oficial,tolima,ibague
7.16,8.24,8.45,6.98,1,Universidad,No oficial,tolima,ibague
8.24,8.45,6.98,7.25,2,Universidad,No oficial,tolima,ibague
8.45,6.98,7.25,7.53,1,Universidad,No oficial,tolima,ibague
6.98,7.25,7.53,8.14,2,Universidad,No oficial,tolima,ibague
7.25,7.53,8.14,6.04,1,Universidad,No oficial,tolima,ibague
7.53,8.14,6.04,6.4,2,Universidad,No oficial,tolima,ibague
8.14,6.04,6.4,7.05,1,Universidad,No oficial,tolima,ibague
6.04,6.4,7.05,9.5,2,Universidad,No oficial,tolima,ibague
6.4,7.05,9.5,9.32,1,Universidad,No oficial,tolima,ibague
7.05,9.5,9.32,9.37,2,Universidad,No oficial,tolima,ibague
9.5,9.32,9.37,9.48,1,Universidad,No oficial,tolima,ibague
9.32,9.37,9.48,9.54,2,Universidad,No oficial,tolima,ibague
9.37,9.48,9.54,10.44,1,Universidad,No oficial,tolima,ibague
9.48,9.54,10.44,9.28,2,Universidad,No oficial,tolima,ibague
9.54,10.44,9.28,8.96,1,Universidad,No oficial,tolima,ibague
10.44,9.28,8.96,9.05,2,Universidad,No oficial,tolima,ibague
9.28,8.96,9.05,8.31,1,Universidad,No oficial,tolima,ibague
8.96,9.05,8.31,9.7,2,Universidad,No oficial,tolima,ibague
9.05,8.31,9.7,9.24,1,Universidad,No oficial,tolima,ibague
8.31,9.7,9.24,9.64,2,Universidad,No oficial,tolima,ibague
9.7,9.24,9.64,8.64,1,Universidad,No oficial,tolima,ibague
9.24,9.64,8.64,9.62,2,Universidad,No oficial,tolima,ibague
9.64,8.64,9.62,8.31,1,Universidad,No oficial,tolima,ibague
8.64,9.62,8.31,9.08,2,Universidad,No oficial,tolima,ibague
9.62,8.31,9.08,10.56,1,Universidad,No oficial,tolima,ibague
8.31,9.08,10.56,10.72,2,Universidad,No oficial,tolima,ibague
9.08,10.56,10.72,9.43,1,Universidad,No oficial,tolima,ibague
10.56,10.72,9.43,8.65,2,Universidad,No oficial,tolima,ibague
10.72,9.43,8.65,9.29,1,Universidad,No oficial,tolima,ibague
9.43,8.65,9.29,9.07,2,Universidad,No oficial,tolima,ibague
8.65,9.29,9.07,7.78,1,Universidad,No oficial,tolima,ibague
9.29,9.07,7.78,8.25,2,Universidad,No oficial,tolima,ibague
9.07,7.78,8.25,7.61,1,Universidad,No oficial,tolima,ibague
7.78,8.25,7.61,9.23,2,Universidad,No oficial,tolima,ibague
8.25,7.61,9.23,10.59,1,Universidad,No oficial,tolima,ibague
7.61,9.23,10.59,10.33,2,Universidad,No oficial,tolima,ibague
9.23,10.59,10.33,10.22,1,Universidad,No oficial,tolima,ibague
10.59,10.33,10.22,7.96,2,Universidad,No oficial,tolima,ibague
10.33,10.22,7.96,8.19,1,Universidad,No oficial,tolima,ibague
10.22,7.96,8.19,8.83,2,Universidad,No oficial,tolima,ibague
7.96,8.19,8.83,9.26,1,Universidad,No oficial,tolima,ibague
8.19,8.83,9.26,8.09,2,Universidad,No oficial,tolima,ibague
8.83,9.26,8.09,6.14,1,Universidad,No oficial,tolima,ibague
9.26,8.09,6.14,7.9,2,Universidad,No oficial,tolima,ibague
8.09,6.14,7.9,8.26,1,Universidad,No oficial,tolima,ibague
0.0,0.0,12.37,11.73,1,Universidad,No oficial,bolivar,cartagena de indias
0.0,12.37,11.73,13.49,2,Universidad,No oficial,bolivar,cartagena de indias
12.37,11.73,13.49,14.0,1,Universidad,No oficial,bolivar,cartagena de indias
11.73,13.49,14.0,10.59,2,Universidad,No oficial,bolivar,cartagena de indias
13.49,14.0,10.59,12.38,1,Universidad,No oficial,bolivar,cartagena de indias
14.0,10.59,12.38,13.1,2,Universidad,No oficial,bolivar,cartagena de indias
10.59,12.38,13.1,11.53,1,Universidad,No oficial,bolivar,cartagena de indias
12.38,13.1,11.53,9.79,2,Universidad,No oficial,bolivar,cartagena de indias
13.1,11.53,9.79,8.78,1,Universidad,No oficial,bolivar,cartagena de indias
11.53,9.79,8.78,10.9,2,Universidad,No oficial,bolivar,cartagena de indias
9.79,8.78,10.9,10.19,1,Universidad,No oficial,bolivar,cartagena de indias
8.78,10.9,10.19,11.97,2,Universidad,No oficial,bolivar,cartagena de indias
10.9,10.19,11.97,14.16,1,Universidad,No oficial,bolivar,cartagena de indias
10.19,11.97,14.16,15.38,2,Universidad,No oficial,bolivar,cartagena de indias
11.97,14.16,15.38,18.68,1,Universidad,No oficial,bolivar,cartagena de indias
14.16,15.38,18.68,24.51,2,Universidad,No oficial,bolivar,cartagena de indias
15.38,18.68,24.51,19.58,1,Universidad,No oficial,bolivar,cartagena de indias
18.68,24.51,19.58,16.47,2,Universidad,No oficial,bolivar,cartagena de indias
24.51,19.58,16.47,20.14,1,Universidad,No oficial,bolivar,cartagena de indias
19.58,16.47,20.14,16.43,2,Universidad,No oficial,bolivar,cartagena de indias
16.47,20.14,16.43,10.89,1,Universidad,No oficial,bolivar,cartagena de indias
20.14,16.43,10.89,9.15,2,Universidad,No oficial,bolivar,cartagena de indias
16.43,10.89,9.15,10.39,1,Universidad,No oficial,bolivar,cartagena de indias
10.89,9.15,10.39,12.52,2,Universidad,No oficial,bolivar,cartagena de indias
9.15,10.39,12.52,15.65,1,Universidad,No oficial,bolivar,cartagena de indias
10.39,12.52,15.65,17.5,2,Universidad,No oficial,bolivar,cartagena de indias
12.52,15.65,17.5,18.67,1,Universidad,No oficial,bolivar,cartagena de indias
15.65,17.5,18.67,24.12,2,Universidad,No oficial,bolivar,cartagena de indias
17.5,18.67,24.12,16.16,1,Universidad,No oficial,bolivar,cartagena de indias
18.67,24.12,16.16,11.35,2,Universidad,No oficial,bolivar,cartagena de indias
24.12,16.16,11.35,13.8,1,Universidad,No oficial,bolivar,cartagena de indias
16.16,11.35,13.8,10.55,2,Universidad,No oficial,bolivar,cartagena de indias
11.35,13.8,10.55,10.37,1,Universidad,No oficial,bolivar,cartagena de indias
13.8,10.55,10.37,12.68,2,Universidad,No oficial,bolivar,cartagena de indias
10.55,10.37,12.68,9.08,1,Universidad,No oficial,bolivar,cartagena de indias
10.37,12.68,9.08,10.5,2,Universidad,No oficial,bolivar,cartagena de indias
12.68,9.08,10.5,13.2,1,Universidad,No oficial,bolivar,cartagena de indias
9.08,10.5,13.2,10.8,2,Universidad,No oficial,bolivar,cartagena de indias
10.5,13.2,10.8,10.77,1,Universidad,No oficial,bolivar,cartagena de indias
13.2,10.8,10.77,10.77,2,Universidad,No oficial,bolivar,cartagena de indias
10.8,10.77,10.77,13.75,1,Universidad,No oficial,bolivar,cartagena de indias
10.77,10.77,13.75,10.69,2,Universidad,No oficial,bolivar,cartagena de indias
10.77,13.75,10.69,9.3,1,Universidad,No oficial,bolivar,cartagena de indias
13.75,10.69,9.3,6.66,2,Universidad,No oficial,bolivar,cartagena de indias
10.69,9.3,6.66,5.37,1,Universidad,No oficial,bolivar,cartagena de indias
9.3,6.66,5.37,6.11,2,Universidad,No oficial,bolivar,cartagena de indias
6.66,5.37,6.11,5.52,1,Universidad,No oficial,bolivar,cartagena de indias
0.0,0.0,7.72,5.45,1,Universidad,No oficial,cordoba,monteria
0.0,7.72,5.45,7.8,2,Universidad,No oficial,cordoba,monteria
7.72,5.45,7.8,10.06,1,Universidad,No oficial,cordoba,monteria
5.45,7.8,10.06,7.27,2,Universidad,No oficial,cordoba,monteria
7.8,10.06,7.27,9.98,1,Universidad,No oficial,cordoba,monteria
10.06,7.27,9.98,11.95,2,Universidad,No oficial,cordoba,monteria
7.27,9.98,11.95,11.48,1,Universidad,No oficial,cordoba,monteria
9.98,11.95,11.48,8.82,2,Universidad,No oficial,cordoba,monteria
11.95,11.48,8.82,12.87,1,Universidad,No oficial,cordoba,monteria
11.48,8.82,12.87,11.24,2,Universidad,No oficial,cordoba,monteria
8.82,12.87,11.24,18.66,1,Universidad,No oficial,cordoba,monteria
12.87,11.24,18.66,8.33,2,Universidad,No oficial,cordoba,monteria
11.24,18.66,8.33,14.45,1,Universidad,No oficial,cordoba,monteria
18.66,8.33,14.45,9.53,2,Universidad,No oficial,cordoba,monteria
8.33,14.45,9.53,15.28,1,Universidad,No oficial,cordoba,monteria
14.45,9.53,15.28,8.97,2,Universidad,No oficial,cordoba,monteria
9.53,15.28,8.97,15.42,1,Universidad,No oficial,cordoba,monteria
15.28,8.97,15.42,9.23,2,Universidad,No oficial,cordoba,monteria
8.97,15.42,9.23,13.76,1,Universidad,No oficial,cordoba,monteria
15.42,9.23,13.76,10.62,2,Universidad,No oficial,cordoba,monteria
9.23,13.76,10.62,12.15,1,Universidad,No oficial,cordoba,monteria
13.76,10.62,12.15,8.73,2,Universidad,No oficial,cordoba,monteria
10.62,12.15,8.73,11.67,1,Universidad,No oficial,cordoba,monteria
12.15,8.73,11.67,10.45,2,Universidad,No oficial,cordoba,monteria
8.73,11.67,10.45,12.07,1,Universidad,No oficial,cordoba,monteria
11.67,10.45,12.07,10.03,2,Universidad,No oficial,cordoba,monteria
10.45,12.07,10.03,10.0,1,Universidad,No oficial,cordoba,monteria
12.07,10.03,10.0,8.78,2,Universidad,No oficial,cordoba,monteria
10.03,10.0,8.78,10.55,1,Universidad,No oficial,cordoba,monteria
10.0,8.78,10.55,9.12,2,Universidad,No oficial,cordoba,monteria
8.78,10.55,9.12,8.05,1,Universidad,No oficial,cordoba,monteria
10.55,9.12,8.05,8.78,2,Universidad,No oficial,cordoba,monteria
9.12,8.05,8.78,7.39,1,Universidad,No oficial,cordoba,monteria
8.05,8.78,7.39,8.14,2,Universidad,No oficial,cordoba,monteria
8.78,7.39,8.14,7.67,1,Universidad,No oficial,cordoba,monteria
7.39,8.14,7.67,7.28,2,Universidad,No oficial,cordoba,monteria
8.14,7.67,7.28,9.5,1,Universidad,No oficial,cordoba,monteria
7.67,7.28,9.5,7.88,2,Universidad,No oficial,cordoba,monteria
7.28,9.5,7.88,7.8,1,Universidad,No oficial,cordoba,monteria
9.5,7.88,7.8,7.47,2,Universidad,No oficial,cordoba,monteria
7.88,7.8,7.47,8.0,1,Universidad,No oficial,cordoba,monteria
7.8,7.47,8.0,7.48,2,Universidad,No oficial,cordoba,monteria
7.47,8.0,7.48,8.79,1,Universidad,No oficial,cordoba,monteria
8.0,7.48,8.79,7.83,2,Universidad,No oficial,cordoba,monteria
7.48,8.79,7.83,7.09,1,Universidad,No oficial,cordoba,monteria
8.79,7.83,7.09,6.72,2,Universidad,No oficial,cordoba,monteria
7.83,7.09,6.72,6.09,1,Universidad,No oficial,cordoba,monteria
0.0,0.0,2.98,0.51,1,Universidad,No oficial,bolivar,cartagena de indias
0.0,2.98,0.51,2.17,2,Universidad,No oficial,bolivar,cartagena de indias
2.98,0.51,2.17,3.45,1,Universidad,No oficial,bolivar,cartagena de indias
0.51,2.17,3.45,1.79,2,Universidad,No oficial,bolivar,cartagena de indias
2.17,3.45,1.79,5.24,1,Universidad,No oficial,bolivar,cartagena de indias
3.45,1.79,5.24,4.1,2,Universidad,No oficial,bolivar,cartagena de indias
1.79,5.24,4.1,3.14,1,Universidad,No oficial,bolivar,cartagena de indias
5.24,4.1,3.14,5.37,2,Universidad,No oficial,bolivar,cartagena de indias
4.1,3.14,5.37,5.02,1,Universidad,No oficial,bolivar,cartagena de indias
3.14,5.37,5.02,3.61,2,Universidad,No oficial,bolivar,cartagena de indias
5.37,5.02,3.61,5.07,1,Universidad,No oficial,bolivar,cartagena de indias
5.02,3.61,5.07,4.07,2,Universidad,No oficial,bolivar,cartagena de indias
3.61,5.07,4.07,4.78,1,Universidad,No oficial,bolivar,cartagena de indias
5.07,4.07,4.78,4.31,2,Universidad,No oficial,bolivar,cartagena de indias
4.07,4.78,4.31,5.58,1,Universidad,No oficial,bolivar,cartagena de indias
4.78,4.31,5.58,4.33,2,Universidad,No oficial,bolivar,cartagena de indias
4.31,5.58,4.33,4.81,1,Universidad,No oficial,bolivar,cartagena de indias
5.58,4.33,4.81,4.9,2,Universidad,No oficial,bolivar,cartagena de indias
4.33,4.81,4.9,4.92,1,Universidad,No oficial,bolivar,cartagena de indias
4.81,4.9,4.92,5.87,2,Universidad,No oficial,bolivar,cartagena de indias
4.9,4.92,5.87,6.27,1,Universidad,No oficial,bolivar,cartagena de indias
4.92,5.87,6.27,6.38,2,Universidad,No oficial,bolivar,cartagena de indias
5.87,6.27,6.38,5.03,1,Universidad,No oficial,bolivar,cartagena de indias
6.27,6.38,5.03,5.54,2,Universidad,No oficial,bolivar,cartagena de indias
6.38,5.03,5.54,6.18,1,Universidad,No oficial,bolivar,cartagena de indias
5.03,5.54,6.18,6.16,2,Universidad,No oficial,bolivar,cartagena de indias
5.54,6.18,6.16,5.29,1,Universidad,No oficial,bolivar,cartagena de indias
6.18,6.16,5.29,5.7,2,Universidad,No oficial,bolivar,cartagena de indias
6.16,5.29,5.7,5.28,1,Universidad,No oficial,bolivar,cartagena de indias
5.29,5.7,5.28,6.21,2,Universidad,No oficial,bolivar,cartagena de indias
5.7,5.28,6.21,5.68,1,Universidad,No oficial,bolivar,cartagena de indias
5.28,6.21,5.68,5.87,2,Universidad,No oficial,bolivar,cartagena de indias
6.21,5.68,5.87,5.26,1,Universidad,No oficial,bolivar,cartagena de indias
5.68,5.87,5.26,4.97,2,Universidad,No oficial,bolivar,cartagena de indias
5.87,5.26,4.97,3.94,1,Universidad,No oficial,bolivar,cartagena de indias
5.26,4.97,3.94,4.08,2,Universidad,No oficial,bolivar,cartagena de indias
4.97,3.94,4.08,5.45,1,Universidad,No oficial,bolivar,cartagena de indias
3.94,4.08,5.45,5.76,2,Universidad,No oficial,bolivar,cartagena de indias
4.08,5.45,5.76,5.86,1,Universidad,No oficial,bolivar,cartagena de indias
5.45,5.76,5.86,7.74,2,Universidad,No oficial,bolivar,cartagena de indias
5.76,5.86,7.74,12.09,1,Universidad,No oficial,bolivar,cartagena de indias
5.86,7.74,12.09,12.94,2,Universidad,No oficial,bolivar,cartagena de indias
7.74,12.09,12.94,4.74,1,Universidad,No oficial,bolivar,cartagena de indias
12.09,12.94,4.74,5.26,2,Universidad,No oficial,bolivar,cartagena de indias
12.94,4.74,5.26,6.23,1,Universidad,No oficial,bolivar,cartagena de indias
0.0,0.0,12.07,16.22,1,Universidad,No oficial,bogota d c,bogota dc
0.0,12.07,16.22,11.8,2,Universidad,No oficial,bogota d c,bogota dc
12.07,16.22,11.8,8.39,1,Universidad,No oficial,bogota d c,bogota dc
16.22,11.8,8.39,8.01,2,Universidad,No oficial,bogota d c,bogota dc
11.8,8.39,8.01,8.73,1,Universidad,No oficial,bogota d c,bogota dc
8.39,8.01,8.73,8.47,2,Universidad,No oficial,bogota d c,bogota dc
8.01,8.73,8.47,10.57,1,Universidad,No oficial,bogota d c,bogota dc
8.73,8.47,10.57,11.8,2,Universidad,No oficial,bogota d c,bogota dc
8.47,10.57,11.8,10.79,1,Universidad,No oficial,bogota d c,bogota dc
10.57,11.8,10.79,10.23,2,Universidad,No oficial,bogota d c,bogota dc
11.8,10.79,10.23,9.52,1,Universidad,No oficial,bogota d c,bogota dc
10.79,10.23,9.52,10.53,2,Universidad,No oficial,bogota d c,bogota dc
10.23,9.52,10.53,8.94,1,Universidad,No oficial,bogota d c,bogota dc
9.52,10.53,8.94,9.78,2,Universidad,No oficial,bogota d c,bogota dc
10.53,8.94,9.78,7.21,1,Universidad,No oficial,bogota d c,bogota dc
8.94,9.78,7.21,9.44,2,Universidad,No oficial,bogota d c,bogota dc
9.78,7.21,9.44,15.94,1,Universidad,No oficial,bogota d c,bogota dc
7.21,9.44,15.94,13.27,2,Universidad,No oficial,bogota d c,bogota dc
9.44,15.94,13.27,12.31,1,Universidad,No oficial,bogota d c,bogota dc
15.94,13.27,12.31,26.05,2,Universidad,No oficial,bogota d c,bogota dc
13.27,12.31,26.05,8.31,1,Universidad,No oficial,bogota d c,bogota dc
12.31,26.05,8.31,10.63,2,Universidad,No oficial,bogota d c,bogota dc
26.05,8.31,10.63,11.24,1,Universidad,No oficial,bogota d c,bogota dc
8.31,10.63,11.24,14.62,2,Universidad,No oficial,bogota d c,bogota dc
10.63,11.24,14.62,8.89,1,Universidad,No oficial,bogota d c,bogota dc
11.24,14.62,8.89,10.36,2,Universidad,No oficial,bogota d c,bogota dc
14.62,8.89,10.36,68.98,1,Universidad,No oficial,bogota d c,bogota dc
8.89,10.36,68.98,18.4,2,Universidad,No oficial,bogota d c,bogota dc
10.36,68.98,18.4,2.71,1,Universidad,No oficial,bogota d c,bogota dc
68.98,18.4,2.71,12.38,2,Universidad,No oficial,bogota d c,bogota dc
18.4,2.71,12.38,10.96,1,Universidad,No oficial,bogota d c,bogota dc
2.71,12.38,10.96,9.38,2,Universidad,No oficial,bogota d c,bogota dc
12.38,10.96,9.38,10.32,1,Universidad,No oficial,bogota d c,bogota dc
10.96,9.38,10.32,9.54,2,Universidad,No oficial,bogota d c,bogota dc
9.38,10.32,9.54,7.77,1,Universidad,No oficial,bogota d c,bogota dc
10.32,9.54,7.77,11.27,2,Universidad,No oficial,bogota d c,bogota dc
9.54,7.77,11.27,7.17,1,Universidad,No oficial,bogota d c,bogota dc
7.77,11.27,7.17,9.39,2,Universidad,No oficial,bogota d c,bogota dc
11.27,7.17,9.39,8.82,1,Universidad,No oficial,bogota d c,bogota dc
7.17,9.39,8.82,7.49,2,Universidad,No oficial,bogota d c,bogota dc
9.39,8.82,7.49,7.45,1,Universidad,No oficial,bogota d c,bogota dc
8.82,7.49,7.45,8.46,2,Universidad,No oficial,bogota d c,bogota dc
7.49,7.45,8.46,8.99,1,Universidad,No oficial,bogota d c,bogota dc
7.45,8.46,8.99,8.02,2,Universidad,No oficial,bogota d c,bogota dc
8.46,8.99,8.02,4.35,1,Universidad,No oficial,bogota d c,bogota dc
8.99,8.02,4.35,6.85,2,Universidad,No oficial,bogota d c,bogota dc
8.02,4.35,6.85,5.51,1,Universidad,No oficial,bogota d c,bogota dc
0.0,0.0,12.65,20.97,1,Universidad,Oficial,bogota d c,bogota dc
0.0,12.65,20.97,14.49,2,Universidad,Oficial,bogota d c,bogota dc
12.65,20.97,14.49,12.42,1,Universidad,Oficial,bogota d c,bogota dc
20.97,14.49,12.42,13.25,2,Universidad,Oficial,bogota d c,bogota dc
14.49,12.42,13.25,15.16,1,Universidad,Oficial,bogota d c,bogota dc
12.42,13.25,15.16,14.34,2,Universidad,Oficial,bogota d c,bogota dc
13.25,15.16,14.34,12.57,1,Universidad,Oficial,bogota d c,bogota dc
15.16,14.34,12.57,17.81,2,Universidad,Oficial,bogota d c,bogota dc
14.34,12.57,17.81,18.96,1,Universidad,Oficial,bogota d c,bogota dc
12.57,17.81,18.96,18.82,2,Universidad,Oficial,bogota d c,bogota dc
17.81,18.96,18.82,22.03,1,Universidad,Oficial,bogota d c,bogota dc
18.96,18.82,22.03,32.73,2,Universidad,Oficial,bogota d c,bogota dc
18.82,22.03,32.73,78.69,1,Universidad,Oficial,bogota d c,bogota dc
22.03,32.73,78.69,34.27,2,Universidad,Oficial,bogota d c,bogota dc
32.73,78.69,34.27,13.64,1,Universidad,Oficial,bogota d c,bogota dc
78.69,34.27,13.64,17.81,2,Universidad,Oficial,bogota d c,bogota dc
34.27,13.64,17.81,22.16,1,Universidad,Oficial,bogota d c,bogota dc
13.64,17.81,22.16,1.98,2,Universidad,Oficial,bogota d c,bogota dc
17.81,22.16,1.98,29.95,1,Universidad,Oficial,bogota d c,bogota dc
22.16,1.98,29.95,19.21,2,Universidad,Oficial,bogota d c,bogota dc
1.98,29.95,19.21,21.58,1,Universidad,Oficial,bogota d c,bogota dc
29.95,19.21,21.58,26.8,2,Universidad,Oficial,bogota d c,bogota dc
19.21,21.58,26.8,23.81,1,Universidad,Oficial,bogota d c,bogota dc
21.58,26.8,23.81,20.72,2,Universidad,Oficial,bogota d c,bogota dc
26.8,23.81,20.72,18.39,1,Universidad,Oficial,bogota d c,bogota dc
23.81,20.72,18.39,20.1,2,Universidad,Oficial,bogota d c,bogota dc
20.72,18.39,20.1,18.08,1,Universidad,Oficial,bogota d c,bogota dc
18.39,20.1,18.08,21.15,2,Universidad,Oficial,bogota d c,bogota dc
20.1,18.08,21.15,21.53,1,Universidad,Oficial,bogota d c,bogota dc
18.08,21.15,21.53,21.5,2,Universidad,Oficial,bogota d c,bogota dc
21.15,21.53,21.5,23.87,1,Universidad,Oficial,bogota d c,bogota dc
21.53,21.5,23.87,25.48,2,Universidad,Oficial,bogota d c,bogota dc
21.5,23.87,25.48,23.24,1,Universidad,Oficial,bogota d c,bogota dc
23.87,25.48,23.24,22.13,2,Universidad,Oficial,bogota d c,bogota dc
25.48,23.24,22.13,21.75,1,Universidad,Oficial,bogota d c,bogota dc
23.24,22.13,21.75,22.9,2,Universidad,Oficial,bogota d c,bogota dc
22.13,21.75,22.9,22.17,1,Universidad,Oficial,bogota d c,bogota dc
21.75,22.9,22.17,22.82,2,Universidad,Oficial,bogota d c,bogota dc
22.9,22.17,22.82,16.99,1,Universidad,Oficial,bogota d c,bogota dc
22.17,22.82,16.99,18.87,2,Universidad,Oficial,bogota d c,bogota dc
22.82,16.99,18.87,17.72,1,Universidad,Oficial,bogota d c,bogota dc
16.99,18.87,17.72,16.47,2,Universidad,Oficial,bogota d c,bogota dc
18.87,17.72,16.47,17.87,1,Universidad,Oficial,bogota d c,bogota dc
17.72,16.47,17.87,11.87,2,Universidad,Oficial,bogota d c,bogota dc
16.47,17.87,11.87,11.46,1,Universidad,Oficial,bogota d c,bogota dc
17.87,11.87,11.46,8.26,2,Universidad,Oficial,bogota d c,bogota dc
11.87,11.46,8.26,9.98,1,Universidad,Oficial,bogota d c,bogota dc
0.0,0.0,3.54,2.57,1,Institución universitaria/Escuela Tecnológica,Oficial,bogota d c,bogota dc
0.0,3.54,2.57,4.49,2,Institución universitaria/Escuela Tecnológica,Oficial,bogota d c,bogota dc
3.54,2.57,4.49,8.31,1,Institución universitaria/Escuela Tecnológica,Oficial,bogota d c,bogota dc
2.57,4.49,8.31,7.05,2,Institución universitaria/Escuela Tecnológica,Oficial,bogota d c,bogota dc
4.49,8.31,7.05,16.99,1,Institución universitaria/Escuela Tecnológica,Oficial,bogota d c,bogota dc
8.31,7.05,16.99,12.89,2,Institución universitaria/Escuela Tecnológica,Oficial,bogota d c,bogota dc
7.05,16.99,12.89,11.52,1,Institución universitaria/Escuela Tecnológica,Oficial,bogota d c,bogota dc
16.99,12.89,11.52,11.04,2,Institución universitaria/Escuela Tecnológica,Oficial,bogota d c,bogota dc
12.89,11.52,11.04,11.72,1,Institución universitaria/Escuela Tecnológica,Oficial,bogota d c,bogota dc
11.52,11.04,11.72,15.29,2,Institución universitaria/Escuela Tecnológica,Oficial,bogota d c,bogota dc
11.04,11.72,15.29,8.4,1,Institución universitaria/Escuela Tecnológica,Oficial,bogota d c,bogota dc
11.72,15.29,8.4,17.03,2,Institución universitaria/Escuela Tecnológica,Oficial,bogota d c,bogota dc
15.29,8.4,17.03,12.59,1,Institución universitaria/Escuela Tecnológica,Oficial,bogota d c,bogota dc
8.4,17.03,12.59,18.08,2,Institución universitaria/Escuela Tecnológica,Oficial,bogota d c,bogota dc
17.03,12.59,18.08,13.99,1,Institución universitaria/Escuela Tecnológica,Oficial,bogota d c,bogota dc
12.59,18.08,13.99,39.58,2,Institución universitaria/Escuela Tecnológica,Oficial,bogota d c,bogota dc
18.08,13.99,39.58,100.0,1,Institución universitaria/Escuela Tecnológica,Oficial,bogota d c,bogota dc
13.99,39.58,100.0,5.32,2,Institución universitaria/Escuela Tecnológica,Oficial,bogota d c,bogota dc
39.58,100.0,5.32,5.1,1,Institución universitaria/Escuela Tecnológica,Oficial,bogota d c,bogota dc
100.0,5.32,5.1,5.66,2,Institución universitaria/Escuela Tecnológica,Oficial,bogota d c,bogota dc
5.32,5.1,5.66,5.02,1,Institución universitaria/Escuela Tecnológica,Oficial,bogota d c,bogota dc
5.1,5.66,5.02,7.4,2,Institución universitaria/Escuela Tecnológica,Oficial,bogota d c,bogota dc
5.66,5.02,7.4,10.79,1,Institución universitaria/Escuela Tecnológica,Oficial,bogota d c,bogota dc
5.02,7.4,10.79,7.27,2,Institución universitaria/Escuela Tecnológica,Oficial,bogota d c,bogota dc
7.4,10.79,7.27,24.19,1,Institución universitaria/Escuela Tecnológica,Oficial,bogota d c,bogota dc
10.79,7.27,24.19,15.21,2,Institución universitaria/Escuela Tecnológica,Oficial,bogota d c,bogota dc
7.27,24.19,15.21,29.15,1,Institución universitaria/Escuela Tecnológica,Oficial,bogota d c,bogota dc
24.19,15.21,29.15,6.8,2,Institución universitaria/Escuela Tecnológica,Oficial,bogota d c,bogota dc
15.21,29.15,6.8,26.53,1,Institución universitaria/Escuela Tecnológica,Oficial,bogota d c,bogota dc
29.15,6.8,26.53,18.25,2,Institución universitaria/Escuela Tecnológica,Oficial,bogota d c,bogota dc
6.8,26.53,18.25,28.77,1,Institución universitaria/Escuela Tecnológica,Oficial,bogota d c,bogota dc
26.53,18.25,28.77,11.77,2,Institución universitaria/Escuela Tecnológica,Oficial,bogota d c,bogota dc
18.25,28.77,11.77,6.64,1,Institución universitaria/Escuela Tecnológica,Oficial,bogota d c,bogota dc
28.77,11.77,6.64,13.05,2,Institución universitaria/Escuela Tecnológica,Oficial,bogota d c,bogota dc
11.77,6.64,13.05,6.19,1,Institución universitaria/Escuela Tecnológica,Oficial,bogota d c,bogota dc
6.64,13.05,6.19,10.6,2,Institución universitaria/Escuela Tecnológica,Oficial,bogota d c,bogota dc
13.05,6.19,10.6,11.94,1,Institución universitaria/Escuela Tecnológica,Oficial,bogota d c,bogota dc
6.19,10.6,11.94,8.8,2,Institución universitaria/Escuela Tecnológica,Oficial,bogota d c,bogota dc
10.6,11.94,8.8,6.92,1,Institución universitaria/Escuela Tecnológica,Oficial,bogota d c,bogota dc
11.94,8.8,6.92,6.26,2,Institución universitaria/Escuela Tecnológica,Oficial,bogota d c,bogota dc
8.8,6.92,6.26,6.06,1,Institución universitaria/Escuela Tecnológica,Oficial,bogota d c,bogota dc
6.92,6.26,6.06,6.62,2,Institución universitaria/Escuela Tecnológica,Oficial,bogota d c,bogota dc
6.26,6.06,6.62,3.68,1,Institución universitaria/Escuela Tecnológica,Oficial,bogota d c,bogota dc
6.06,6.62,3.68,3.04,2,Institución universitaria/Escuela Tecnológica,Oficial,bogota d c,bogota dc
6.62,3.68,3.04,4.5,1,Institución universitaria/Escuela Tecnológica,Oficial,bogota d c,bogota dc
3.68,3.04,4.5,15.45,2,Institución universitaria/Escuela Tecnológica,Oficial,bogota d c,bogota dc
3.04,4.5,15.45,17.28,1,Institución universitaria/Escuela Tecnológica,Oficial,bogota d c,bogota dc
0.0,0.0,0.67,23.43,1,Institución universitaria/Escuela Tecnológica,Oficial,antioquia,medellin
0.0,0.67,23.43,8.15,2,Institución universitaria/Escuela Tecnológica,Oficial,antioquia,medellin
0.67,23.43,8.15,7.6,1,Institución universitaria/Escuela Tecnológica,Oficial,antioquia,medellin
23.43,8.15,7.6,11.7,2,Institución universitaria/Escuela Tecnológica,Oficial,antioquia,medellin
8.15,7.6,11.7,16.8,1,Institución universitaria/Escuela Tecnológica,Oficial,antioquia,medellin
7.6,11.7,16.8,12.69,2,Institución universitaria/Escuela Tecnológica,Oficial,antioquia,medellin
11.7,16.8,12.69,10.54,1,Institución universitaria/Escuela Tecnológica,Oficial,antioquia,medellin
16.8,12.69,10.54,13.34,2,Institución universitaria/Escuela Tecnológica,Oficial,antioquia,medellin
12.69,10.54,13.34,11.81,1,Institución universitaria/Escuela Tecnológica,Oficial,antioquia,medellin
10.54,13.34,11.81,13.63,2,Institución universitaria/Escuela Tecnológica,Oficial,antioquia,medellin
13.34,11.81,13.63,11.85,1,Institución universitaria/Escuela Tecnológica,Oficial,antioquia,medellin
11.81,13.63,11.85,13.99,2,Institución universitaria/Escuela Tecnológica,Oficial,antioquia,medellin
13.63,11.85,13.99,16.03,1,Institución universitaria/Escuela Tecnológica,Oficial,antioquia,medellin
11.85,13.99,16.03,16.02,2,Institución universitaria/Escuela Tecnológica,Oficial,antioquia,medellin
13.99,16.03,16.02,12.01,1,Institución universitaria/Escuela Tecnológica,Oficial,antioquia,medellin
16.03,16.02,12.01,23.43,2,Institución universitaria/Escuela Tecnológica,Oficial,antioquia,medellin
16.02,12.01,23.43,10.87,1,Institución universitaria/Escuela Tecnológica,Oficial,antioquia,medellin
12.01,23.43,10.87,18.99,2,Institución universitaria/Escuela Tecnológica,Oficial,antioquia,medellin
23.43,10.87,18.99,14.71,1,Institución universitaria/Escuela Tecnológica,Oficial,antioquia,medellin
10.87,18.99,14.71,11.24,2,Institución universitaria/Escuela Tecnológica,Oficial,antioquia,medellin
18.99,14.71,11.24,9.56,1,Institución universitaria/Escuela Tecnológica,Oficial,antioquia,medellin
14.71,11.24,9.56,8.32,2,Institución universitaria/Escuela Tecnológica,Oficial,antioquia,medellin
11.24,9.56,8.32,7.68,1,Institución universitaria/Escuela Tecnológica,Oficial,antioquia,medellin
9.56,8.32,7.68,9.98,2,Institución universitaria/Escuela Tecnológica,Oficial,antioquia,medellin
8.32,7.68,9.98,9.39,1,Institución universitaria/Escuela Tecnológica,Oficial,antioquia,medellin
7.68,9.98,9.39,10.22,2,Institución universitaria/Escuela Tecnológica,Oficial,antioquia,medellin
9.98,9.39,10.22,9.98,1,Institución universitaria/Escuela Tecnológica,Oficial,antioquia,medellin
9.39,10.22,9.98,11.46,2,Institución universitaria/Escuela Tecnológica,Oficial,antioquia,medellin
10.22,9.98,11.46,7.85,1,Institución universitaria/Escuela Tecnológica,Oficial,antioquia,medellin
9.98,11.46,7.85,7.25,2,Institución universitaria/Escuela Tecnológica,Oficial,antioquia,medellin
11.46,7.85,7.25,9.03,1,Institución universitaria/Escuela Tecnológica,Oficial,antioquia,medellin
7.85,7.25,9.03,7.31,2,Institución universitaria/Escuela Tecnológica,Oficial,antioquia,medellin
7.25,9.03,7.31,7.71,1,Institución universitaria/Escuela Tecnológica,Oficial,antioquia,medellin
9.03,7.31,7.71,6.84,2,Institución universitaria/Escuela Tecnológica,Oficial,antioquia,medellin
7.31,7.71,6.84,9.03,1,Institución universitaria/Escuela Tecnológica,Oficial,antioquia,medellin
7.71,6.84,9.03,8.21,2,Institución universitaria/Escuela Tecnológica,Oficial,antioquia,medellin
6.84,9.03,8.21,9.71,1,Institución universitaria/Escuela Tecnológica,Oficial,antioquia,medellin
9.03,8.21,9.71,9.52,2,Institución universitaria/Escuela Tecnológica,Oficial,antioquia,medellin
8.21,9.71,9.52,4.95,1,Institución universitaria/Escuela Tecnológica,Oficial,antioquia,medellin
9.71,9.52,4.95,9.42,2,Institución universitaria/Escuela Tecnológica,Oficial,antioquia,medellin
9.52,4.95,9.42,9.18,1,Institución universitaria/Escuela Tecnológica,Oficial,antioquia,medellin
4.95,9.42,9.18,9.51,2,Institución universitaria/Escuela Tecnológica,Oficial,antioquia,medellin
9.42,9.18,9.51,12.25,1,Institución universitaria/Escuela Tecnológica,Oficial,antioquia,medellin
9.18,9.51,12.25,6.98,2,Institución universitaria/Escuela Tecnológica,Oficial,antioquia,medellin
9.51,12.25,6.98,8.86,1,Institución universitaria/Escuela Tecnológica,Oficial,antioquia,medellin
12.25,6.98,8.86,11.45,2,Institución universitaria/Escuela Tecnológica,Oficial,antioquia,medellin
6.98,8.86,11.45,12.62,1,Institución universitaria/Escuela Tecnológica,Oficial,antioquia,medellin
0.0,0.0,3.88,1.9,1,Institución universitaria/Escuela Tecnológica,Oficial,valle del cauca,cali
0.0,3.88,1.9,6.13,2,Institución universitaria/Escuela Tecnológica,Oficial,valle del cauca,cali
3.88,1.9,6.13,7.32,1,Institución universitaria/Escuela Tecnológica,Oficial,valle del cauca,cali
1.9,6.13,7.32,8.75,2,Institución universitaria/Escuela Tecnológica,Oficial,valle del cauca,cali
6.13,7.32,8.75,20.18,1,Institución universitaria/Escuela Tecnológica,Oficial,valle del cauca,cali
7.32,8.75,20.18,42.96,2,Institución universitaria/Escuela Tecnológica,Oficial,valle del cauca,cali
8.75,20.18,42.96,38.07,1,Institución universitaria/Escuela Tecnológica,Oficial,valle del cauca,cali
20.18,42.96,38.07,38.19,2,Institución universitaria/Escuela Tecnológica,Oficial,valle del cauca,cali
42.96,38.07,38.19,41.67,1,Institución universitaria/Escuela Tecnológica,Oficial,valle del cauca,cali
38.07,38.19,41.67,12.33,2,Institución universitaria/Escuela Tecnológica,Oficial,valle del cauca,cali
38.19,41.67,12.33,4.71,1,Institución universitaria/Escuela Tecnológica,Oficial,valle del cauca,cali
41.67,12.33,4.71,14.08,2,Institución universitaria/Escuela Tecnológica,Oficial,valle del cauca,cali
12.33,4.71,14.08,11.75,1,Institución universitaria/Escuela Tecnológica,Oficial,valle del cauca,cali
4.71,14.08,11.75,6.22,2,Institución universitaria/Escuela Tecnológica,Oficial,valle del cauca,cali
14.08,11.75,6.22,9.64,1,Institución universitaria/Escuela Tecnológica,Oficial,valle del cauca,cali
11.75,6.22,9.64,7.22,2,Institución universitaria/Escuela Tecnológica,Oficial,valle del cauca,cali
6.22,9.64,7.22,7.96,1,Institución universitaria/Escuela Tecnológica,Oficial,valle del cauca,cali
9.64,7.22,7.96,7.52,2,Institución universitaria/Escuela Tecnológica,Oficial,valle del cauca,cali
7.22,7.96,7.52,7.95,1,Institución universitaria/Escuela Tecnológica,Oficial,valle del cauca,cali
7.96,7.52,7.95,6.33,2,Institución universitaria/Escuela Tecnológica,Oficial,valle del cauca,cali
7.52,7.95,6.33,3.47,1,Institución universitaria/Escuela Tecnológica,Oficial,valle del cauca,cali
7.95,6.33,3.47,13.33,2,Institución universitaria/Escuela Tecnológica,Oficial,valle del cauca,cali
6.33,3.47,13.33,0.08,1,Institución universitaria/Escuela Tecnológica,Oficial,valle del cauca,cali
3.47,13.33,0.08,8.53,2,Institución universitaria/Escuela Tecnológica,Oficial,valle del cauca,cali
13.33,0.08,8.53,0.81,1,Institución universitaria/Escuela Tecnológica,Oficial,valle del cauca,cali
0.08,8.53,0.81,12.61,2,Institución universitaria/Escuela Tecnológica,Oficial,valle del cauca,cali
8.53,0.81,12.61,7.25,1,Institución universitaria/Escuela Tecnológica,Oficial,valle del cauca,cali
0.81,12.61,7.25,8.03,2,Institución universitaria/Escuela Tecnológica,Oficial,valle del cauca,cali
12.61,7.25,8.03,6.78,1,Institución universitaria/Escuela Tecnológica,Oficial,valle del cauca,cali
7.25,8.03,6.78,6.13,2,Institución universitaria/Escuela Tecnológica,Oficial,valle del cauca,cali
8.03,6.78,6.13,5.07,1,Institución universitaria/Escuela Tecnológica,Oficial,valle del cauca,cali
6.78,6.13,5.07,6.1,2,Institución universitaria/Escuela Tecnológica,Oficial,valle del cauca,cali
6.13,5.07,6.1,4.89,1,Institución universitaria/Escuela Tecnológica,Oficial,valle del cauca,cali
5.07,6.1,4.89,5.69,2,Institución universitaria/Escuela Tecnológica,Oficial,valle del cauca,cali
6.1,4.89,5.69,7.14,1,Institución universitaria/Escuela Tecnológica,Oficial,valle del cauca,cali
4.89,5.69,7.14,7.09,2,Institución universitaria/Escuela Tecnológica,Oficial,valle del cauca,cali
5.69,7.14,7.09,7.42,1,Institución universitaria/Escuela Tecnológica,Oficial,valle del cauca,cali
7.14,7.09,7.42,7.38,2,Institución universitaria/Escuela Tecnológica,Oficial,valle del cauca,cali
7.09,7.42,7.38,8.69,1,Institución universitaria/Escuela Tecnológica,Oficial,valle del cauca,cali
7.42,7.38,8.69,7.92,2,Institución universitaria/Escuela Tecnológica,Oficial,valle del cauca,cali
7.38,8.69,7.92,8.69,1,Institución universitaria/Escuela Tecnológica,Oficial,valle del cauca,cali
8.69,7.92,8.69,6.47,2,Institución universitaria/Escuela Tecnológica,Oficial,valle del cauca,cali
7.92,8.69,6.47,8.5,1,Institución universitaria/Escuela Tecnológica,Oficial,valle del cauca,cali
8.69,6.47,8.5,6.17,2,Institución universitaria/Escuela Tecnológica,Oficial,valle del cauca,cali
6.47,8.5,6.17,4.42,1,Institución universitaria/Escuela Tecnológica,Oficial,valle del cauca,cali
8.5,6.17,4.42,4.32,2,Institución universitaria/Escuela Tecnológica,Oficial,valle del cauca,cali
6.17,4.42,4.32,4.97,1,Institución universitaria/Escuela Tecnológica,Oficial,valle del cauca,cali
0.0,0.0,3.5,8.25,1,Institución universitaria/Escuela Tecnológica,Oficial,valle del cauca,cali
0.0,3.5,8.25,5.13,2,Institución universitaria/Escuela Tecnológica,Oficial,valle del cauca,cali
3.5,8.25,5.13,9.47,1,Institución universitaria/Escuela Tecnológica,Oficial,valle del cauca,cali
8.25,5.13,9.47,5.02,2,Institución universitaria/Escuela Tecnológica,Oficial,valle del cauca,cali
5.13,9.47,5.02,8.12,1,Institución universitaria/Escuela Tecnológica,Oficial,valle del cauca,cali
9.47,5.02,8.12,8.0,2,Institución universitaria/Escuela Tecnológica,Oficial,valle del cauca,cali
5.02,8.12,8.0,6.95,1,Institución universitaria/Escuela Tecnológica,Oficial,valle del cauca,cali
8.12,8.0,6.95,7.23,2,Institución universitaria/Escuela Tecnológica,Oficial,valle del cauca,cali
8.0,6.95,7.23,6.71,1,Institución universitaria/Escuela Tecnológica,Oficial,valle del cauca,cali
6.95,7.23,6.71,9.76,2,Institución universitaria/Escuela Tecnológica,Oficial,valle del cauca,cali
7.23,6.71,9.76,9.51,1,Institución universitaria/Escuela Tecnológica,Oficial,valle del cauca,cali
6.71,9.76,9.51,7.48,2,Institución universitaria/Escuela Tecnológica,Oficial,valle del cauca,cali
9.76,9.51,7.48,6.89,1,Institución universitaria/Escuela Tecnológica,Oficial,valle del cauca,cali
9.51,7.48,6.89,10.37,2,Institución universitaria/Escuela Tecnológica,Oficial,valle del cauca,cali
7.48,6.89,10.37,7.25,1,Institución universitaria/Escuela Tecnológica,Oficial,valle del cauca,cali
6.89,10.37,7.25,8.51,2,Institución universitaria/Escuela Tecnológica,Oficial,valle del cauca,cali
10.37,7.25,8.51,8.21,1,Institución universitaria/Escuela Tecnológica,Oficial,valle del cauca,cali
7.25,8.51,8.21,6.24,2,Institución universitaria/Escuela Tecnológica,Oficial,valle del cauca,cali
8.51,8.21,6.24,6.03,1,Institución universitaria/Escuela Tecnológica,Oficial,valle del cauca,cali
8.21,6.24,6.03,8.79,2,Institución universitaria/Escuela Tecnológica,Oficial,valle del cauca,cali
6.24,6.03,8.79,11.89,1,Institución universitaria/Escuela Tecnológica,Oficial,valle del cauca,cali
6.03,8.79,11.89,7.03,2,Institución universitaria/Escuela Tecnológica,Oficial,valle del cauca,cali
8.79,11.89,7.03,5.2,1,Institución universitaria/Escuela Tecnológica,Oficial,valle del cauca,cali
11.89,7.03,5.2,6.52,2,Institución universitaria/Escuela Tecnológica,Oficial,valle del cauca,cali
7.03,5.2,6.52,6.83,1,Institución universitaria/Escuela Tecnológica,Oficial,valle del cauca,cali
5.2,6.52,6.83,8.81,2,Institución universitaria/Escuela Tecnológica,Oficial,valle del cauca,cali
6.52,6.83,8.81,8.85,1,Institución universitaria/Escuela Tecnológica,Oficial,valle del cauca,cali
6.83,8.81,8.85,10.36,2,Institución universitaria/Escuela Tecnológica,Oficial,valle del cauca,cali
8.81,8.85,10.36,12.68,1,Institución universitaria/Escuela Tecnológica,Oficial,valle del cauca,cali
8.85,10.36,12.68,11.42,2,Institución universitaria/Escuela Tecnológica,Oficial,valle del cauca,cali
10.36,12.68,11.42,7.42,1,Institución universitaria/Escuela Tecnológica,Oficial,valle del cauca,cali
12.68,11.42,7.42,10.43,2,Institución universitaria/Escuela Tecnológica,Oficial,valle del cauca,cali
11.42,7.42,10.43,14.29,1,Institución universitaria/Escuela Tecnológica,Oficial,valle del cauca,cali
7.42,10.43,14.29,11.41,2,Institución universitaria/Escuela Tecnológica,Oficial,valle del cauca,cali
10.43,14.29,11.41,11.15,1,Institución universitaria/Escuela Tecnológica,Oficial,valle del cauca,cali
14.29,11.41,11.15,12.66,2,Institución universitaria/Escuela Tecnológica,Oficial,valle del cauca,cali
11.41,11.15,12.66,9.23,1,Institución universitaria/Escuela Tecnológica,Oficial,valle del cauca,cali
11.15,12.66,9.23,12.83,2,Institución universitaria/Escuela Tecnológica,Oficial,valle del cauca,cali
12.66,9.23,12.83,9.95,1,Institución universitaria/Escuela Tecnológica,Oficial,valle del cauca,cali
9.23,12.83,9.95,6.47,2,Institución universitaria/Escuela Tecnológica,Oficial,valle del cauca,cali
12.83,9.95,6.47,6.88,1,Institución universitaria/Escuela Tecnológica,Oficial,valle del cauca,cali
9.95,6.47,6.88,11.08,2,Institución universitaria/Escuela Tecnológica,Oficial,valle del cauca,cali
6.47,6.88,11.08,6.14,1,Institución universitaria/Escuela Tecnológica,Oficial,valle del cauca,cali
6.88,11.08,6.14,3.98,2,Institución universitaria/Escuela Tecnológica,Oficial,valle del cauca,cali
11.08,6.14,3.98,10.41,1,Institución universitaria/Escuela Tecnológica,Oficial,valle del cauca,cali
6.14,3.98,10.41,9.22,2,Institución universitaria/Escuela Tecnológica,Oficial,valle del cauca,cali
3.98,10.41,9.22,7.63,1,Institución universitaria/Escuela Tecnológica,Oficial,valle del cauca,cali
0.0,0.0,24.15,7.48,1,Institución universitaria/Escuela Tecnológica,Oficial,santander,barrancabermeja
0.0,24.15,7.48,15.81,2,Institución universitaria/Escuela Tecnológica,Oficial,santander,barrancabermeja
24.15,7.48,15.81,3.89,1,Institución universitaria/Escuela Tecnológica,Oficial,santander,barrancabermeja
7.48,15.81,3.89,14.51,2,Institución universitaria/Escuela Tecnológica,Oficial,santander,barrancabermeja
15.81,3.89,14.51,15.7,1,Institución universitaria/Escuela Tecnológica,Oficial,santander,barrancabermeja
3.89,14.51,15.7,14.67,2,Institución universitaria/Escuela Tecnológica,Oficial,santander,barrancabermeja
14.51,15.7,14.67,10.67,1,Institución universitaria/Escuela Tecnológica,Oficial,santander,barrancabermeja
15.7,14.67,10.67,13.75,2,Institución universitaria/Escuela Tecnológica,Oficial,santander,barrancabermeja
14.67,10.67,13.75,16.08,1,Institución universitaria/Escuela Tecnológica,Oficial,santander,barrancabermeja
10.67,13.75,16.08,20.29,2,Institución universitaria/Escuela Tecnológica,Oficial,santander,barrancabermeja
13.75,16.08,20.29,2.37,1,Institución universitaria/Escuela Tecnológica,Oficial,santander,barrancabermeja
16.08,20.29,2.37,11.16,2,Institución universitaria/Escuela Tecnológica,Oficial,santander,barrancabermeja
20.29,2.37,11.16,100.0,1,Institución universitaria/Escuela Tecnológica,Oficial,santander,barrancabermeja
2.37,11.16,100.0,13.36,2,Institución universitaria/Escuela Tecnológica,Oficial,santander,barrancabermeja
11.16,100.0,13.36,6.38,1,Institución universitaria/Escuela Tecnológica,Oficial,santander,barrancabermeja
100.0,13.36,6.38,8.64,2,Institución universitaria/Escuela Tecnológica,Oficial,santander,barrancabermeja
13.36,6.38,8.64,41.06,1,Institución universitaria/Escuela Tecnológica,Oficial,santander,barrancabermeja
6.38,8.64,41.06,15.33,2,Institución universitaria/Escuela Tecnológica,Oficial,santander,barrancabermeja
8.64,41.06,15.33,12.97,1,Institución universitaria/Escuela Tecnológica,Oficial,santander,barrancabermeja
41.06,15.33,12.97,11.94,2,Institución universitaria/Escuela Tecnológica,Oficial,santander,barrancabermeja
15.33,12.97,11.94,13.37,1,Institución universitaria/Escuela Tecnológica,Oficial,santander,barrancabermeja
12.97,11.94,13.37,11.94,2,Institución universitaria/Escuela Tecnológica,Oficial,santander,barrancabermeja
11.94,13.37,11.94,12.35,1,Institución universitaria/Escuela Tecnológica,Oficial,santander,barrancabermeja
13.37,11.94,12.35,13.39,2,Institución universitaria/Escuela Tecnológica,Oficial,santander,barrancabermeja
11.94,12.35,13.39,13.27,1,Institución universitaria/Escuela Tecnológica,Oficial,santander,barrancabermeja
12.35,13.39,13.27,19.76,2,Institución universitaria/Escuela Tecnológica,Oficial,santander,barrancabermeja
13.39,13.27,19.76,17.87,1,Institución universitaria/Escuela Tecnológica,Oficial,santander,barrancabermeja
13.27,19.76,17.87,12.89,2,Institución universitaria/Escuela Tecnológica,Oficial,santander,barrancabermeja
19.76,17.87,12.89,9.6,1,Institución universitaria/Escuela Tecnológica,Oficial,santander,barrancabermeja
17.87,12.89,9.6,13.03,2,Institución universitaria/Escuela Tecnológica,Oficial,santander,barrancabermeja
12.89,9.6,13.03,11.17,1,Institución universitaria/Escuela Tecnológica,Oficial,santander,barrancabermeja
9.6,13.03,11.17,12.55,2,Institución universitaria/Escuela Tecnológica,Oficial,santander,barrancabermeja
13.03,11.17,12.55,13.67,1,Institución universitaria/Escuela Tecnológica,Oficial,santander,barrancabermeja
11.17,12.55,13.67,12.79,2,Institución universitaria/Escuela Tecnológica,Oficial,santander,barrancabermeja
12.55,13.67,12.79,13.67,1,Institución universitaria/Escuela Tecnológica,Oficial,santander,barrancabermeja
13.67,12.79,13.67,15.8,2,Institución universitaria/Escuela Tecnológica,Oficial,santander,barrancabermeja
12.79,13.67,15.8,17.84,1,Institución universitaria/Escuela Tecnológica,Oficial,santander,barrancabermeja
13.67,15.8,17.84,15.92,2,Institución universitaria/Escuela Tecnológica,Oficial,santander,barrancabermeja
15.8,17.84,15.92,14.91,1,Institución universitaria/Escuela Tecnológica,Oficial,santander,barrancabermeja
17.84,15.92,14.91,13.9,2,Institución universitaria/Escuela Tecnológica,Oficial,santander,barrancabermeja
15.92,14.91,13.9,14.76,1,Institución universitaria/Escuela Tecnológica,Oficial,santander,barrancabermeja
14.91,13.9,14.76,13.85,2,Institución universitaria/Escuela Tecnológica,Oficial,santander,barrancabermeja
13.9,14.76,13.85,11.64,1,Institución universitaria/Escuela Tecnológica,Oficial,santander,barrancabermeja
14.76,13.85,11.64,7.3,2,Institución universitaria/Escuela Tecnológica,Oficial,santander,barrancabermeja
13.85,11.64,7.3,8.24,1,Institución universitaria/Escuela Tecnológica,Oficial,santander,barrancabermeja
11.64,7.3,8.24,10.69,2,Institución universitaria/Escuela Tecnológica,Oficial,santander,barrancabermeja
7.3,8.24,10.69,12.81,1,Institución universitaria/Escuela Tecnológica,Oficial,santander,barrancabermeja
0.0,0.0,0.0,0.0,1,Institución universitaria/Escuela Tecnológica,Oficial,tolima,ibague
0.0,0.0,0.0,0.0,2,Institución universitaria/Escuela Tecnológica,Oficial,tolima,ibague
0.0,0.0,0.0,1.79,1,Institución universitaria/Escuela Tecnológica,Oficial,tolima,ibague
0.0,0.0,1.79,0.0,2,Institución universitaria/Escuela Tecnológica,Oficial,tolima,ibague
0.0,1.79,0.0,1.02,1,Institución universitaria/Escuela Tecnológica,Oficial,tolima,ibague
1.79,0.0,1.02,12.7,2,Institución universitaria/Escuela Tecnológica,Oficial,tolima,ibague
0.0,1.02,12.7,7.52,1,Institución universitaria/Escuela Tecnológica,Oficial,tolima,ibague
1.02,12.7,7.52,7.89,2,Institución universitaria/Escuela Tecnológica,Oficial,tolima,ibague
12.7,7.52,7.89,3.09,1,Institución universitaria/Escuela Tecnológica,Oficial,tolima,ibague
7.52,7.89,3.09,5.98,2,Institución universitaria/Escuela Tecnológica,Oficial,tolima,ibague
7.89,3.09,5.98,10.65,1,Institución universitaria/Escuela Tecnológica,Oficial,tolima,ibague
3.09,5.98,10.65,17.02,2,Institución universitaria/Escuela Tecnológica,Oficial,tolima,ibague
5.98,10.65,17.02,7.14,1,Institución universitaria/Escuela Tecnológica,Oficial,tolima,ibague
10.65,17.02,7.14,10.05,2,Institución universitaria/Escuela Tecnológica,Oficial,tolima,ibague
17.02,7.14,10.05,5.83,1,Institución universitaria/Escuela Tecnológica,Oficial,tolima,ibague
7.14,10.05,5.83,5.68,2,Institución universitaria/Escuela Tecnológica,Oficial,tolima,ibague
10.05,5.83,5.68,6.2,1,Institución universitaria/Escuela Tecnológica,Oficial,tolima,ibague
5.83,5.68,6.2,5.49,2,Institución universitaria/Escuela Tecnológica,Oficial,tolima,ibague
5.68,6.2,5.49,7.89,1,Institución universitaria/Escuela Tecnológica,Oficial,tolima,ibague
6.2,5.49,7.89,3.83,2,Institución universitaria/Escuela Tecnológica,Oficial,tolima,ibague
5.49,7.89,3.83,6.51,1,Institución universitaria/Escuela Tecnológica,Oficial,tolima,ibague
7.89,3.83,6.51,4.79,2,Institución universitaria/Escuela Tecnológica,Oficial,tolima,ibague
3.83,6.51,4.79,7.22,1,Institución universitaria/Escuela Tecnológica,Oficial,tolima,ibague
6.51,4.79,7.22,9.21,2,Institución universitaria/Escuela Tecnológica,Oficial,tolima,ibague
4.79,7.22,9.21,12.78,1,Institución universitaria/Escuela Tecnológica,Oficial,tolima,ibague
7.22,9.21,12.78,7.72,2,Institución universitaria/Escuela Tecnológica,Oficial,tolima,ibague
9.21,12.78,7.72,7.95,1,Institución universitaria/Escuela Tecnológica,Oficial,tolima,ibague
12.78,7.72,7.95,8.12,2,Institución universitaria/Escuela Tecnológica,Oficial,tolima,ibague
7.72,7.95,8.12,14.67,1,Institución universitaria/Escuela Tecnológica,Oficial,tolima,ibague
7.95,8.12,14.67,10.25,2,Institución universitaria/Escuela Tecnológica,Oficial,tolima,ibague
8.12,14.67,10.25,15.61,1,Institución universitaria/Escuela Tecnológica,Oficial,tolima,ibague
14.67,10.25,15.61,9.42,2,Institución universitaria/Escuela Tecnológica,Oficial,tolima,ibague
10.25,15.61,9.42,7.42,1,Institución universitaria/Escuela Tecnológica,Oficial,tolima,ibague
15.61,9.42,7.42,8.98,2,Institución universitaria/Escuela Tecnológica,Oficial,tolima,ibague
9.42,7.42,8.98,7.05,1,Institución universitaria/Escuela Tecnológica,Oficial,tolima,ibague
7.42,8.98,7.05,6.15,2,Institución universitaria/Escuela Tecnológica,Oficial,tolima,ibague
8.98,7.05,6.15,6.82,1,Institución universitaria/Escuela Tecnológica,Oficial,tolima,ibague
7.05,6.15,6.82,8.49,2,Institución universitaria/Escuela Tecnológica,Oficial,tolima,ibague
6.15,6.82,8.49,3.87,1,Institución universitaria/Escuela Tecnológica,Oficial,tolima,ibague
6.82,8.49,3.87,3.73,2,Institución universitaria/Escuela Tecnológica,Oficial,tolima,ibague
8.49,3.87,3.73,4.76,1,Institución universitaria/Escuela Tecnológica,Oficial,tolima,ibague
3.87,3.73,4.76,5.81,2,Institución universitaria/Escuela Tecnológica,Oficial,tolima,ibague
3.73,4.76,5.81,3.97,1,Institución universitaria/Escuela Tecnológica,Oficial,tolima,ibague
4.76,5.81,3.97,1.44,2,Institución universitaria/Escuela Tecnológica,Oficial,tolima,ibague
5.81,3.97,1.44,9.98,1,Institución universitaria/Escuela Tecnológica,Oficial,tolima,ibague
3.97,1.44,9.98,5.79,2,Institución universitaria/Escuela Tecnológica,Oficial,tolima,ibague
1.44,9.98,5.79,9.36,1,Institución universitaria/Escuela Tecnológica,Oficial,tolima,ibague
0.0,0.0,8.69,9.05,1,Institución universitaria/Escuela Tecnológica,Oficial,antioquia,medellin
0.0,8.69,9.05,9.7,2,Institución universitaria/Escuela Tecnológica,Oficial,antioquia,medellin
8.69,9.05,9.7,10.39,1,Institución universitaria/Escuela Tecnológica,Oficial,antioquia,medellin
9.05,9.7,10.39,12.14,2,Institución universitaria/Escuela Tecnológica,Oficial,antioquia,medellin
9.7,10.39,12.14,13.74,1,Institución universitaria/Escuela Tecnológica,Oficial,antioquia,medellin
10.39,12.14,13.74,13.02,2,Institución universitaria/Escuela Tecnológica,Oficial,antioquia,medellin
12.14,13.74,13.02,10.28,1,Institución universitaria/Escuela Tecnológica,Oficial,antioquia,medellin
13.74,13.02,10.28,14.77,2,Institución universitaria/Escuela Tecnológica,Oficial,antioquia,medellin
13.02,10.28,14.77,15.82,1,Institución universitaria/Escuela Tecnológica,Oficial,antioquia,medellin
10.28,14.77,15.82,12.85,2,Institución universitaria/Escuela Tecnológica,Oficial,antioquia,medellin
14.77,15.82,12.85,11.86,1,Institución universitaria/Escuela Tecnológica,Oficial,antioquia,medellin
15.82,12.85,11.86,19.15,2,Institución universitaria/Escuela Tecnológica,Oficial,antioquia,medellin
12.85,11.86,19.15,15.94,1,Institución universitaria/Escuela Tecnológica,Oficial,antioquia,medellin
11.86,19.15,15.94,12.17,2,Institución universitaria/Escuela Tecnológica,Oficial,antioquia,medellin
19.15,15.94,12.17,12.26,1,Institución universitaria/Escuela Tecnológica,Oficial,antioquia,medellin
15.94,12.17,12.26,11.5,2,Institución universitaria/Escuela Tecnológica,Oficial,antioquia,medellin
12.17,12.26,11.5,31.37,1,Institución universitaria/Escuela Tecnológica,Oficial,antioquia,medellin
12.26,11.5,31.37,28.1,2,Institución universitaria/Escuela Tecnológica,Oficial,antioquia,medellin
11.5,31.37,28.1,12.37,1,Institución universitaria/Escuela Tecnológica,Oficial,antioquia,medellin
31.37,28.1,12.37,16.53,2,Institución universitaria/Escuela Tecnológica,Oficial,antioquia,medellin
28.1,12.37,16.53,5.63,1,Institución universitaria/Escuela Tecnológica,Oficial,antioquia,medellin
12.37,16.53,5.63,12.97,2,Institución universitaria/Escuela Tecnológica,Oficial,antioquia,medellin
16.53,5.63,12.97,9.26,1,Institución universitaria/Escuela Tecnológica,Oficial,antioquia,medellin
5.63,12.97,9.26,8.58,2,Institución universitaria/Escuela Tecnológica,Oficial,antioquia,medellin
12.97,9.26,8.58,9.1,1,Institución universitaria/Escuela Tecnológica,Oficial,antioquia,medellin
9.26,8.58,9.1,10.58,2,Institución universitaria/Escuela Tecnológica,Oficial,antioquia,medellin
8.58,9.1,10.58,11.8,1,Institución universitaria/Escuela Tecnológica,Oficial,antioquia,medellin
9.1,10.58,11.8,9.66,2,Institución universitaria/Escuela Tecnológica,Oficial,antioquia,medellin
10.58,11.8,9.66,15.0,1,Institución universitaria/Escuela Tecnológica,Oficial,antioquia,medellin
11.8,9.66,15.0,9.33,2,Institución universitaria/Escuela Tecnológica,Oficial,antioquia,medellin
9.66,15.0,9.33,9.76,1,Institución universitaria/Escuela Tecnológica,Oficial,antioquia,medellin
15.0,9.33,9.76,10.67,2,Institución universitaria/Escuela Tecnológica,Oficial,antioquia,medellin
9.33,9.76,10.67,15.08,1,Institución universitaria/Escuela Tecnológica,Oficial,antioquia,medellin
9.76,10.67,15.08,9.19,2,Institución universitaria/Escuela Tecnológica,Oficial,antioquia,medellin
10.67,15.08,9.19,12.57,1,Institución universitaria/Escuela Tecnológica,Oficial,antioquia,medellin
15.08,9.19,12.57,8.96,2,Institución universitaria/Escuela Tecnológica,Oficial,antioquia,medellin
9.19,12.57,8.96,12.94,1,Institución universitaria/Escuela Tecnológica,Oficial,antioquia,medellin
12.57,8.96,12.94,10.46,2,Institución universitaria/Escuela Tecnológica,Oficial,antioquia,medellin
8.96,12.94,10.46,13.47,1,Institución universitaria/Escuela Tecnológica,Oficial,antioquia,medellin
12.94,10.46,13.47,9.24,2,Institución universitaria/Escuela Tecnológica,Oficial,antioquia,medellin
10.46,13.47,9.24,10.4,1,Institución universitaria/Escuela Tecnológica,Oficial,antioquia,medellin
13.47,9.24,10.4,10.7,2,Institución universitaria/Escuela Tecnológica,Oficial,antioquia,medellin
9.24,10.4,10.7,9.99,1,Institución universitaria/Escuela Tecnológica,Oficial,antioquia,medellin
10.4,10.7,9.99,10.64,2,Institución universitaria/Escuela Tecnológica,Oficial,antioquia,medellin
10.7,9.99,10.64,8.35,1,Institución universitaria/Escuela Tecnológica,Oficial,antioquia,medellin
9.99,10.64,8.35,12.56,2,Institución universitaria/Escuela Tecnológica,Oficial,antioquia,medellin
10.64,8.35,12.56,10.04,1,Institución universitaria/Escuela Tecnológica,Oficial,antioquia,medellin
0.0,0.0,18.4,11.68,2,Institución universitaria/Escuela Tecnológica,Oficial,bolivar,cartagena de indias
0.0,18.4,11.68,0.0,1,Institución universitaria/Escuela Tecnológica,Oficial,bolivar,cartagena de indias
18.4,11.68,0.0,0.0,2,Institución universitaria/Escuela Tecnológica,Oficial,bolivar,cartagena de indias
11.68,0.0,0.0,50.89,1,Institución universitaria/Escuela Tecnológica,Oficial,bolivar,cartagena de indias
0.0,0.0,50.89,18.86,2,Institución universitaria/Escuela Tecnológica,Oficial,bolivar,cartagena de indias
0.0,50.89,18.86,18.36,1,Institución universitaria/Escuela Tecnológica,Oficial,bolivar,cartagena de indias
50.89,18.86,18.36,18.26,2,Institución universitaria/Escuela Tecnológica,Oficial,bolivar,cartagena de indias
18.86,18.36,18.26,11.67,1,Institución universitaria/Escuela Tecnológica,Oficial,bolivar,cartagena de indias
18.36,18.26,11.67,18.4,2,Institución universitaria/Escuela Tecnológica,Oficial,bolivar,cartagena de indias
18.26,11.67,18.4,17.35,1,Institución universitaria/Escuela Tecnológica,Oficial,bolivar,cartagena de indias
11.67,18.4,17.35,12.04,2,Institución universitaria/Escuela Tecnológica,Oficial,bolivar,cartagena de indias
18.4,17.35,12.04,13.78,1,Institución universitaria/Escuela Tecnológica,Oficial,bolivar,cartagena de indias
17.35,12.04,13.78,14.6,2,Institución universitaria/Escuela Tecnológica,Oficial,bolivar,cartagena de indias
12.04,13.78,14.6,12.39,1,Institución universitaria/Escuela Tecnológica,Oficial,bolivar,cartagena de indias
13.78,14.6,12.39,12.12,2,Institución universitaria/Escuela Tecnológica,Oficial,bolivar,cartagena de indias
14.6,12.39,12.12,13.49,1,Institución universitaria/Escuela Tecnológica,Oficial,bolivar,cartagena de indias
12.39,12.12,13.49,10.79,2,Institución universitaria/Escuela Tecnológica,Oficial,bolivar,cartagena de indias
12.12,13.49,10.79,11.94,1,Institución universitaria/Escuela Tecnológica,Oficial,bolivar,cartagena de indias
13.49,10.79,11.94,10.91,2,Institución universitaria/Escuela Tecnológica,Oficial,bolivar,cartagena de indias
10.79,11.94,10.91,15.38,1,Institución universitaria/Escuela Tecnológica,Oficial,bolivar,cartagena de indias
11.94,10.91,15.38,12.39,2,Institución universitaria/Escuela Tecnológica,Oficial,bolivar,cartagena de indias
10.91,15.38,12.39,15.41,1,Institución universitaria/Escuela Tecnológica,Oficial,bolivar,cartagena de indias
15.38,12.39,15.41,14.33,2,Institución universitaria/Escuela Tecnológica,Oficial,bolivar,cartagena de indias
12.39,15.41,14.33,17.94,1,Institución universitaria/Escuela Tecnológica,Oficial,bolivar,cartagena de indias
15.41,14.33,17.94,14.89,2,Institución universitaria/Escuela Tecnológica,Oficial,bolivar,cartagena de indias
14.33,17.94,14.89,15.63,1,Institución universitaria/Escuela Tecnológica,Oficial,bolivar,cartagena de indias
17.94,14.89,15.63,12.73,2,Institución universitaria/Escuela Tecnológica,Oficial,bolivar,cartagena de indias
14.89,15.63,12.73,13.06,1,Institución universitaria/Escuela Tecnológica,Oficial,bolivar,cartagena de indias
15.63,12.73,13.06,7.52,2,Institución universitaria/Escuela Tecnológica,Oficial,bolivar,cartagena de indias
12.73,13.06,7.52,10.62,1,Institución universitaria/Escuela Tecnológica,Oficial,bolivar,cartagena de indias
13.06,7.52,10.62,10.19,2,Institución universitaria/Escuela Tecnológica,Oficial,bolivar,cartagena de indias
7.52,10.62,10.19,10.51,1,Institución universitaria/Escuela Tecnológica,Oficial,bolivar,cartagena de indias
10.62,10.19,10.51,9.75,2,Institución universitaria/Escuela Tecnológica,Oficial,bolivar,cartagena de indias
10.19,10.51,9.75,9.37,1,Institución universitaria/Escuela Tecnológica,Oficial,bolivar,cartagena de indias
10.51,9.75,9.37,9.63,2,Institución universitaria/Escuela Tecnológica,Oficial,bolivar,cartagena de indias
9.75,9.37,9.63,8.99,1,Institución universitaria/Escuela Tecnológica,Oficial,bolivar,cartagena de indias
9.37,9.63,8.99,5.37,2,Institución universitaria/Escuela Tecnológica,Oficial,bolivar,cartagena de indias
9.63,8.99,5.37,6.22,1,Institución universitaria/Escuela Tecnológica,Oficial,bolivar,cartagena de indias
8.99,5.37,6.22,10.7,2,Institución universitaria/Escuela Tecnológica,Oficial,bolivar,cartagena de indias
5.37,6.22,10.7,9.36,1,Institución universitaria/Escuela Tecnológica,Oficial,bolivar,cartagena de indias
0.0,0.0,100.0,75.0,1,Institución universitaria/Escuela Tecnológica,Oficial,valle del cauca,tulua
0.0,100.0,75.0,64.18,2,Institución universitaria/Escuela Tecnológica,Oficial,valle del cauca,tulua
100.0,75.0,64.18,20.69,1,Institución universitaria/Escuela Tecnológica,Oficial,valle del cauca,tulua
75.0,64.18,20.69,47.14,2,Institución universitaria/Escuela Tecnológica,Oficial,valle del cauca,tulua
64.18,20.69,47.14,23.58,1,Institución universitaria/Escuela Tecnológica,Oficial,valle del cauca,tulua
20.69,47.14,23.58,20.26,2,Institución universitaria/Escuela Tecnológica,Oficial,valle del cauca,tulua
47.14,23.58,20.26,10.58,1,Institución universitaria/Escuela Tecnológica,Oficial,valle del cauca,tulua
23.58,20.26,10.58,14.36,2,Institución universitaria/Escuela Tecnológica,Oficial,valle del cauca,tulua
20.26,10.58,14.36,10.42,1,Institución universitaria/Escuela Tecnológica,Oficial,valle del cauca,tulua
10.58,14.36,10.42,11.02,2,Institución universitaria/Escuela Tecnológica,Oficial,valle del cauca,tulua
14.36,10.42,11.02,9.5,1,Institución universitaria/Escuela Tecnológica,Oficial,valle del cauca,tulua
10.42,11.02,9.5,13.98,2,Institución universitaria/Escuela Tecnológica,Oficial,valle del cauca,tulua
11.02,9.5,13.98,12.03,1,Institución universitaria/Escuela Tecnológica,Oficial,valle del cauca,tulua
9.5,13.98,12.03,12.31,2,Institución universitaria/Escuela Tecnológica,Oficial,valle del cauca,tulua
13.98,12.03,12.31,9.08,1,Institución universitaria/Escuela Tecnológica,Oficial,valle del cauca,tulua
12.03,12.31,9.08,7.52,2,Institución universitaria/Escuela Tecnológica,Oficial,valle del cauca,tulua
12.31,9.08,7.52,5.57,1,Institución universitaria/Escuela Tecnológica,Oficial,valle del cauca,tulua
9.08,7.52,5.57,9.15,2,Institución universitaria/Escuela Tecnológica,Oficial,valle del cauca,tulua
7.52,5.57,9.15,8.29,1,Institución universitaria/Escuela Tecnológica,Oficial,valle del cauca,tulua
5.57,9.15,8.29,10.03,2,Institución universitaria/Escuela Tecnológica,Oficial,valle del cauca,tulua
9.15,8.29,10.03,9.49,1,Institución universitaria/Escuela Tecnológica,Oficial,valle del cauca,tulua
8.29,10.03,9.49,8.75,2,Institución universitaria/Escuela Tecnológica,Oficial,valle del cauca,tulua
10.03,9.49,8.75,8.9,1,Institución universitaria/Escuela Tecnológica,Oficial,valle del cauca,tulua
9.49,8.75,8.9,9.34,2,Institución universitaria/Escuela Tecnológica,Oficial,valle del cauca,tulua
8.75,8.9,9.34,8.71,1,Institución universitaria/Escuela Tecnológica,Oficial,valle del cauca,tulua
8.9,9.34,8.71,8.62,2,Institución universitaria/Escuela Tecnológica,Oficial,valle del cauca,tulua
9.34,8.71,8.62,8.22,1,Institución universitaria/Escuela Tecnológica,Oficial,valle del cauca,tulua
8.71,8.62,8.22,11.51,2,Institución universitaria/Escuela Tecnológica,Oficial,valle del cauca,tulua
8.62,8.22,11.51,7.69,1,Institución universitaria/Escuela Tecnológica,Oficial,valle del cauca,tulua
8.22,11.51,7.69,9.08,2,Institución universitaria/Escuela Tecnológica,Oficial,valle del cauca,tulua
11.51,7.69,9.08,10.53,1,Institución universitaria/Escuela Tecnológica,Oficial,valle del cauca,tulua
7.69,9.08,10.53,7.8,2,Institución universitaria/Escuela Tecnológica,Oficial,valle del cauca,tulua
9.08,10.53,7.8,5.7,1,Institución universitaria/Escuela Tecnológica,Oficial,valle del cauca,tulua
10.53,7.8,5.7,7.07,2,Institución universitaria/Escuela Tecnológica,Oficial,valle del cauca,tulua
7.8,5.7,7.07,6.28,1,Institución universitaria/Escuela Tecnológica,Oficial,valle del cauca,tulua
5.7,7.07,6.28,7.88,2,Institución universitaria/Escuela Tecnológica,Oficial,valle del cauca,tulua
7.07,6.28,7.88,3.57,1,Institución universitaria/Escuela Tecnológica,Oficial,valle del cauca,tulua
6.28,7.88,3.57,5.43,2,Institución universitaria/Escuela Tecnológica,Oficial,valle del cauca,tulua
7.88,3.57,5.43,7.16,1,Institución universitaria/Escuela Tecnológica,Oficial,valle del cauca,tulua
3.57,5.43,7.16,12.89,2,Institución universitaria/Escuela Tecnológica,Oficial,valle del cauca,tulua
5.43,7.16,12.89,10.77,1,Institución universitaria/Escuela Tecnológica,Oficial,valle del cauca,tulua
7.16,12.89,10.77,8.78,2,Institución universitaria/Escuela Tecnológica,Oficial,valle del cauca,tulua
12.89,10.77,8.78,7.72,1,Institución universitaria/Escuela Tecnológica,Oficial,valle del cauca,tulua
10.77,8.78,7.72,5.06,2,Institución universitaria/Escuela Tecnológica,Oficial,valle del cauca,tulua
8.78,7.72,5.06,4.49,1,Institución universitaria/Escuela Tecnológica,Oficial,valle del cauca,tulua
7.72,5.06,4.49,5.1,2,Institución universitaria/Escuela Tecnológica,Oficial,valle del cauca,tulua
5.06,4.49,5.1,7.15,1,Institución universitaria/Escuela Tecnológica,Oficial,valle del cauca,tulua
0.0,0.0,1.31,3.42,1,Institución universitaria/Escuela Tecnológica,Oficial,antioquia,envigado
0.0,1.31,3.42,17.03,2,Institución universitaria/Escuela Tecnológica,Oficial,antioquia,envigado
1.31,3.42,17.03,16.21,1,Institución universitaria/Escuela Tecnológica,Oficial,antioquia,envigado
3.42,17.03,16.21,21.53,2,Institución universitaria/Escuela Tecnológica,Oficial,antioquia,envigado
17.03,16.21,21.53,11.95,1,Institución universitaria/Escuela Tecnológica,Oficial,antioquia,envigado
16.21,21.53,11.95,8.88,2,Institución universitaria/Escuela Tecnológica,Oficial,antioquia,envigado
21.53,11.95,8.88,7.22,1,Institución universitaria/Escuela Tecnológica,Oficial,antioquia,envigado
11.95,8.88,7.22,11.92,2,Institución universitaria/Escuela Tecnológica,Oficial,antioquia,envigado
8.88,7.22,11.92,9.86,1,Institución universitaria/Escuela Tecnológica,Oficial,antioquia,envigado
7.22,11.92,9.86,11.22,2,Institución universitaria/Escuela Tecnológica,Oficial,antioquia,envigado
11.92,9.86,11.22,10.21,1,Institución universitaria/Escuela Tecnológica,Oficial,antioquia,envigado
9.86,11.22,10.21,9.33,2,Institución universitaria/Escuela Tecnológica,Oficial,antioquia,envigado
11.22,10.21,9.33,4.27,1,Institución universitaria/Escuela Tecnológica,Oficial,antioquia,envigado
10.21,9.33,4.27,8.22,2,Institución universitaria/Escuela Tecnológica,Oficial,antioquia,envigado
9.33,4.27,8.22,10.44,1,Institución universitaria/Escuela Tecnológica,Oficial,antioquia,envigado
4.27,8.22,10.44,11.22,2,Institución universitaria/Escuela Tecnológica,Oficial,antioquia,envigado
8.22,10.44,11.22,8.13,1,Institución universitaria/Escuela Tecnológica,Oficial,antioquia,envigado
10.44,11.22,8.13,12.51,2,Institución universitaria/Escuela Tecnológica,Oficial,antioquia,envigado
11.22,8.13,12.51,14.93,1,Institución universitaria/Escuela Tecnológica,Oficial,antioquia,envigado
8.13,12.51,14.93,7.17,2,Institución universitaria/Escuela Tecnológica,Oficial,antioquia,envigado
12.51,14.93,7.17,7.7,1,Institución universitaria/Escuela Tecnológica,Oficial,antioquia,envigado
14.93,7.17,7.7,12.46,2,Institución universitaria/Escuela Tecnológica,Oficial,antioquia,envigado
7.17,7.7,12.46,23.27,1,Institución universitaria/Escuela Tecnológica,Oficial,antioquia,envigado
7.7,12.46,23.27,21.43,2,Institución universitaria/Escuela Tecnológica,Oficial,antioquia,envigado
12.46,23.27,21.43,8.98,1,Institución universitaria/Escuela Tecnológica,Oficial,antioquia,envigado
23.27,21.43,8.98,13.31,2,Institución universitaria/Escuela Tecnológica,Oficial,antioquia,envigado
21.43,8.98,13.31,10.66,1,Institución universitaria/Escuela Tecnológica,Oficial,antioquia,envigado
8.98,13.31,10.66,10.82,2,Institución universitaria/Escuela Tecnológica,Oficial,antioquia,envigado
13.31,10.66,10.82,6.38,1,Institución universitaria/Escuela Tecnológica,Oficial,antioquia,envigado
10.66,10.82,6.38,9.4,2,Institución universitaria/Escuela Tecnológica,Oficial,antioquia,envigado
10.82,6.38,9.4,13.31,1,Institución universitaria/Escuela Tecnológica,Oficial,antioquia,envigado
6.38,9.4,13.31,13.9,2,Institución universitaria/Escuela Tecnológica,Oficial,antioquia,envigado
9.4,13.31,13.9,10.52,1,Institución universitaria/Escuela Tecnológica,Oficial,antioquia,envigado
13.31,13.9,10.52,9.2,2,Institución universitaria/Escuela Tecnológica,Oficial,antioquia,envigado
13.9,10.52,9.2,7.04,1,Institución universitaria/Escuela Tecnológica,Oficial,antioquia,envigado
10.52,9.2,7.04,13.78,2,Institución universitaria/Escuela Tecnológica,Oficial,antioquia,envigado
9.2,7.04,13.78,14.52,1,Institución universitaria/Escuela Tecnológica,Oficial,antioquia,envigado
7.04,13.78,14.52,11.14,2,Institución universitaria/Escuela Tecnológica,Oficial,antioquia,envigado
13.78,14.52,11.14,11.6,1,Institución universitaria/Escuela Tecnológica,Oficial,antioquia,envigado
14.52,11.14,11.6,10.63,2,Institución universitaria/Escuela Tecnológica,Oficial,antioquia,envigado
11.14,11.6,10.63,8.22,1,Institución universitaria/Escuela Tecnológica,Oficial,antioquia,envigado
11.6,10.63,8.22,10.75,2,Institución universitaria/Escuela Tecnológica,Oficial,antioquia,envigado
10.63,8.22,10.75,8.63,1,Institución universitaria/Escuela Tecnológica,Oficial,antioquia,envigado
8.22,10.75,8.63,9.43,2,Institución universitaria/Escuela Tecnológica,Oficial,antioquia,envigado
10.75,8.63,9.43,6.74,1,Institución universitaria/Escuela Tecnológica,Oficial,antioquia,envigado
8.63,9.43,6.74,7.54,2,Institución universitaria/Escuela Tecnológica,Oficial,antioquia,envigado
9.43,6.74,7.54,9.19,1,Institución universitaria/Escuela Tecnológica,Oficial,antioquia,envigado
0.0,0.0,0.0,0.0,1,Institución universitaria/Escuela Tecnológica,No oficial,bogota d c,bogota dc
0.0,0.0,0.0,0.84,2,Institución universitaria/Escuela Tecnológica,No oficial,bogota d c,bogota dc
0.0,0.0,0.84,0.0,1,Institución universitaria/Escuela Tecnológica,No oficial,bogota d c,bogota dc
0.0,0.84,0.0,0.0,2,Institución universitaria/Escuela Tecnológica,No oficial,bogota d c,bogota dc
0.84,0.0,0.0,0.48,1,Institución universitaria/Escuela Tecnológica,No oficial,bogota d c,bogota dc
0.0,0.0,0.48,1.33,2,Institución universitaria/Escuela Tecnológica,No oficial,bogota d c,bogota dc
0.0,0.48,1.33,1.44,1,Institución universitaria/Escuela Tecnológica,No oficial,bogota d c,bogota dc
0.48,1.33,1.44,4.35,2,Institución universitaria/Escuela Tecnológica,No oficial,bogota d c,bogota dc
1.33,1.44,4.35,3.76,1,Institución universitaria/Escuela Tecnológica,No oficial,bogota d c,bogota dc
1.44,4.35,3.76,3.77,2,Institución universitaria/Escuela Tecnológica,No oficial,bogota d c,bogota dc
4.35,3.76,3.77,4.14,1,Institución universitaria/Escuela Tecnológica,No oficial,bogota d c,bogota dc
3.76,3.77,4.14,3.42,2,Institución universitaria/Escuela Tecnológica,No oficial,bogota d c,bogota dc
3.77,4.14,3.42,3.4,1,Institución universitaria/Escuela Tecnológica,No oficial,bogota d c,bogota dc
4.14,3.42,3.4,2.96,2,Institución universitaria/Escuela Tecnológica,No oficial,bogota d c,bogota dc
3.42,3.4,2.96,3.83,1,Institución universitaria/Escuela Tecnológica,No oficial,bogota d c,bogota dc
3.4,2.96,3.83,4.08,2,Institución universitaria/Escuela Tecnológica,No oficial,bogota d c,bogota dc
2.96,3.83,4.08,4.65,1,Institución universitaria/Escuela Tecnológica,No oficial,bogota d c,bogota dc
3.83,4.08,4.65,7.99,2,Institución universitaria/Escuela Tecnológica,No oficial,bogota d c,bogota dc
4.08,4.65,7.99,6.29,1,Institución universitaria/Escuela Tecnológica,No oficial,bogota d c,bogota dc
4.65,7.99,6.29,10.31,2,Institución universitaria/Escuela Tecnológica,No oficial,bogota d c,bogota dc
7.99,6.29,10.31,9.89,1,Institución universitaria/Escuela Tecnológica,No oficial,bogota d c,bogota dc
6.29,10.31,9.89,24.6,2,Institución universitaria/Escuela Tecnológica,No oficial,bogota d c,bogota dc
10.31,9.89,24.6,14.29,1,Institución universitaria/Escuela Tecnológica,No oficial,bogota d c,bogota dc
9.89,24.6,14.29,10.97,2,Institución universitaria/Escuela Tecnológica,No oficial,bogota d c,bogota dc
24.6,14.29,10.97,9.49,1,Institución universitaria/Escuela Tecnológica,No oficial,bogota d c,bogota dc
14.29,10.97,9.49,11.3,2,Institución universitaria/Escuela Tecnológica,No oficial,bogota d c,bogota dc
10.97,9.49,11.3,10.15,1,Institución universitaria/Escuela Tecnológica,No oficial,bogota d c,bogota dc
9.49,11.3,10.15,9.99,2,Institución universitaria/Escuela Tecnológica,No oficial,bogota d c,bogota dc
11.3,10.15,9.99,8.94,1,Institución universitaria/Escuela Tecnológica,No oficial,bogota d c,bogota dc
10.15,9.99,8.94,7.8,2,Institución universitaria/Escuela Tecnológica,No oficial,bogota d c,bogota dc
9.99,8.94,7.8,9.66,1,Institución universitaria/Escuela Tecnológica,No oficial,bogota d c,bogota dc
8.94,7.8,9.66,6.29,2,Institución universitaria/Escuela Tecnológica,No oficial,bogota d c,bogota dc
7.8,9.66,6.29,8.89,1,Institución universitaria/Escuela Tecnológica,No oficial,bogota d c,bogota dc
9.66,6.29,8.89,6.92,2,Institución universitaria/Escuela Tecnológica,No oficial,bogota d c,bogota dc
6.29,8.89,6.92,7.32,1,Institución universitaria/Escuela Tecnológica,No oficial,bogota d c,bogota dc
8.89,6.92,7.32,9.37,2,Institución universitaria/Escuela Tecnológica,No oficial,bogota d c,bogota dc
6.92,7.32,9.37,5.7,1,Institución universitaria/Escuela Tecnológica,No oficial,bogota d c,bogota dc
7.32,9.37,5.7,6.14,2,Institución universitaria/Escuela Tecnológica,No oficial,bogota d c,bogota dc
9.37,5.7,6.14,5.16,1,Institución universitaria/Escuela Tecnológica,No oficial,bogota d c,bogota dc
5.7,6.14,5.16,5.4,2,Institución universitaria/Escuela Tecnológica,No oficial,bogota d c,bogota dc
6.14,5.16,5.4,6.09,1,Institución universitaria/Escuela Tecnológica,No oficial,bogota d c,bogota dc
5.16,5.4,6.09,5.01,2,Institución universitaria/Escuela Tecnológica,No oficial,bogota d c,bogota dc
5.4,6.09,5.01,6.02,1,Institución universitaria/Escuela Tecnológica,No oficial,bogota d c,bogota dc
6.09,5.01,6.02,4.02,2,Institución universitaria/Escuela Tecnológica,No oficial,bogota d c,bogota dc
5.01,6.02,4.02,6.0,1,Institución universitaria/Escuela Tecnológica,No oficial,bogota d c,bogota dc
6.02,4.02,6.0,4.74,2,Institución universitaria/Escuela Tecnológica,No oficial,bogota d c,bogota dc
4.02,6.0,4.74,5.15,1,Institución universitaria/Escuela Tecnológica,No oficial,bogota d c,bogota dc
0.0,0.0,0.27,0.22,1,Institución universitaria/Escuela Tecnológica,No oficial,bogota d c,bogota dc
0.0,0.27,0.22,0.27,2,Institución universitaria/Escuela Tecnológica,No oficial,bogota d c,bogota dc
0.27,0.22,0.27,1.01,1,Institución universitaria/Escuela Tecnológica,No oficial,bogota d c,bogota dc
0.22,0.27,1.01,4.43,2,Institución universitaria/Escuela Tecnológica,No oficial,bogota d c,bogota dc
0.27,1.01,4.43,3.69,1,Institución universitaria/Escuela Tecnológica,No oficial,bogota d c,bogota dc
1.01,4.43,3.69,5.77,2,Institución universitaria/Escuela Tecnológica,No oficial,bogota d c,bogota dc
4.43,3.69,5.77,5.48,1,Institución universitaria/Escuela Tecnológica,No oficial,bogota d c,bogota dc
3.69,5.77,5.48,9.03,2,Institución universitaria/Escuela Tecnológica,No oficial,bogota d c,bogota dc
5.77,5.48,9.03,7.21,1,Institución universitaria/Escuela Tecnológica,No oficial,bogota d c,bogota dc
5.48,9.03,7.21,5.64,2,Institución universitaria/Escuela Tecnológica,No oficial,bogota d c,bogota dc
9.03,7.21,5.64,5.93,1,Institución universitaria/Escuela Tecnológica,No oficial,bogota d c,bogota dc
7.21,5.64,5.93,5.57,2,Institución universitaria/Escuela Tecnológica,No oficial,bogota d c,bogota dc
5.64,5.93,5.57,4.16,1,Institución universitaria/Escuela Tecnológica,No oficial,bogota d c,bogota dc
5.93,5.57,4.16,5.38,2,Institución universitaria/Escuela Tecnológica,No oficial,bogota d c,bogota dc
5.57,4.16,5.38,4.33,1,Institución universitaria/Escuela Tecnológica,No oficial,bogota d c,bogota dc
4.16,5.38,4.33,4.38,2,Institución universitaria/Escuela Tecnológica,No oficial,bogota d c,bogota dc
5.38,4.33,4.38,6.3,1,Institución universitaria/Escuela Tecnológica,No oficial,bogota d c,bogota dc
4.33,4.38,6.3,5.37,2,Institución universitaria/Escuela Tecnológica,No oficial,bogota d c,bogota dc
4.38,6.3,5.37,6.09,1,Institución universitaria/Escuela Tecnológica,No oficial,bogota d c,bogota dc
6.3,5.37,6.09,3.84,2,Institución universitaria/Escuela Tecnológica,No oficial,bogota d c,bogota dc
5.37,6.09,3.84,8.33,1,Institución universitaria/Escuela Tecnológica,No oficial,bogota d c,bogota dc
6.09,3.84,8.33,3.45,2,Institución universitaria/Escuela Tecnológica,No oficial,bogota d c,bogota dc
3.84,8.33,3.45,4.76,1,Institución universitaria/Escuela Tecnológica,No oficial,bogota d c,bogota dc
8.33,3.45,4.76,5.63,2,Institución universitaria/Escuela Tecnológica,No oficial,bogota d c,bogota dc
3.45,4.76,5.63,4.59,1,Institución universitaria/Escuela Tecnológica,No oficial,bogota d c,bogota dc
4.76,5.63,4.59,5.42,2,Institución universitaria/Escuela Tecnológica,No oficial,bogota d c,bogota dc
5.63,4.59,5.42,5.77,1,Institución universitaria/Escuela Tecnológica,No oficial,bogota d c,bogota dc
4.59,5.42,5.77,5.18,2,Institución universitaria/Escuela Tecnológica,No oficial,bogota d c,bogota dc
5.42,5.77,5.18,4.27,1,Institución universitaria/Escuela Tecnológica,No oficial,bogota d c,bogota dc
5.77,5.18,4.27,3.57,2,Institución universitaria/Escuela Tecnológica,No oficial,bogota d c,bogota dc
5.18,4.27,3.57,4.65,1,Institución universitaria/Escuela Tecnológica,No oficial,bogota d c,bogota dc
4.27,3.57,4.65,6.23,2,Institución universitaria/Escuela Tecnológica,No oficial,bogota d c,bogota dc
3.57,4.65,6.23,4.36,1,Institución universitaria/Escuela Tecnológica,No oficial,bogota d c,bogota dc
4.65,6.23,4.36,4.78,2,Institución universitaria/Escuela Tecnológica,No oficial,bogota d c,bogota dc
6.23,4.36,4.78,5.06,1,Institución universitaria/Escuela Tecnológica,No oficial,bogota d c,bogota dc
4.36,4.78,5.06,4.02,2,Institución universitaria/Escuela Tecnológica,No oficial,bogota d c,bogota dc
4.78,5.06,4.02,4.16,1,Institución universitaria/Escuela Tecnológica,No oficial,bogota d c,bogota dc
5.06,4.02,4.16,3.85,2,Institución universitaria/Escuela Tecnológica,No oficial,bogota d c,bogota dc
4.02,4.16,3.85,4.12,1,Institución universitaria/Escuela Tecnológica,No oficial,bogota d c,bogota dc
4.16,3.85,4.12,4.62,2,Institución universitaria/Escuela Tecnológica,No oficial,bogota d c,bogota dc
3.85,4.12,4.62,4.23,1,Institución universitaria/Escuela Tecnológica,No oficial,bogota d c,bogota dc
4.12,4.62,4.23,3.48,2,Institución universitaria/Escuela Tecnológica,No oficial,bogota d c,bogota dc
4.62,4.23,3.48,3.91,1,Institución universitaria/Escuela Tecnológica,No oficial,bogota d c,bogota dc
4.23,3.48,3.91,2.98,2,Institución universitaria/Escuela Tecnológica,No oficial,bogota d c,bogota dc
3.48,3.91,2.98,2.25,1,Institución universitaria/Escuela Tecnológica,No oficial,bogota d c,bogota dc
3.91,2.98,2.25,1.92,2,Institución universitaria/Escuela Tecnológica,No oficial,bogota d c,bogota dc
2.98,2.25,1.92,3.11,1,Institución universitaria/Escuela Tecnológica,No oficial,bogota d c,bogota dc
0.0,0.0,8.88,8.8,1,Institución universitaria/Escuela Tecnológica,No oficial,bogota d c,bogota dc
0.0,8.88,8.8,9.41,2,Institución universitaria/Escuela Tecnológica,No oficial,bogota d c,bogota dc
8.88,8.8,9.41,9.57,1,Institución universitaria/Escuela Tecnológica,No oficial,bogota d c,bogota dc
8.8,9.41,9.57,12.03,2,Institución universitaria/Escuela Tecnológica,No oficial,bogota d c,bogota dc
9.41,9.57,12.03,6.65,1,Institución universitaria/Escuela Tecnológica,No oficial,bogota d c,bogota dc
9.57,12.03,6.65,9.56,2,Institución universitaria/Escuela Tecnológica,No oficial,bogota d c,bogota dc
12.03,6.65,9.56,6.47,1,Institución universitaria/Escuela Tecnológica,No oficial,bogota d c,bogota dc
6.65,9.56,6.47,7.21,2,Institución universitaria/Escuela Tecnológica,No oficial,bogota d c,bogota dc
9.56,6.47,7.21,9.84,1,Institución universitaria/Escuela Tecnológica,No oficial,bogota d c,bogota dc
6.47,7.21,9.84,13.32,2,Institución universitaria/Escuela Tecnológica,No oficial,bogota d c,bogota dc
7.21,9.84,13.32,7.98,1,Institución universitaria/Escuela Tecnológica,No oficial,bogota d c,bogota dc
9.84,13.32,7.98,6.3,2,Institución universitaria/Escuela Tecnológica,No oficial,bogota d c,bogota dc
13.32,7.98,6.3,0.44,1,Institución universitaria/Escuela Tecnológica,No oficial,bogota d c,bogota dc
7.98,6.3,0.44,16.81,2,Institución universitaria/Escuela Tecnológica,No oficial,bogota d c,bogota dc
6.3,0.44,16.81,7.37,1,Institución universitaria/Escuela Tecnológica,No oficial,bogota d c,bogota dc
0.44,16.81,7.37,6.74,2,Institución universitaria/Escuela Tecnológica,No oficial,bogota d c,bogota dc
16.81,7.37,6.74,3.29,1,Institución universitaria/Escuela Tecnológica,No oficial,bogota d c,bogota dc
7.37,6.74,3.29,8.21,2,Institución universitaria/Escuela Tecnológica,No oficial,bogota d c,bogota dc
6.74,3.29,8.21,3.13,1,Institución universitaria/Escuela Tecnológica,No oficial,bogota d c,bogota dc
3.29,8.21,3.13,3.63,2,Institución universitaria/Escuela Tecnológica,No oficial,bogota d c,bogota dc
8.21,3.13,3.63,2.34,1,Institución universitaria/Escuela Tecnológica,No oficial,bogota d c,bogota dc
3.13,3.63,2.34,3.91,2,Institución universitaria/Escuela Tecnológica,No oficial,bogota d c,bogota dc
3.63,2.34,3.91,1.69,1,Institución universitaria/Escuela Tecnológica,No oficial,bogota d c,bogota dc
2.34,3.91,1.69,4.01,2,Institución universitaria/Escuela Tecnológica,No oficial,bogota d c,bogota dc
3.91,1.69,4.01,2.58,1,Institución universitaria/Escuela Tecnológica,No oficial,bogota d c,bogota dc
1.69,4.01,2.58,2.35,2,Institución universitaria/Escuela Tecnológica,No oficial,bogota d c,bogota dc
4.01,2.58,2.35,3.31,1,Institución universitaria/Escuela Tecnológica,No oficial,bogota d c,bogota dc
2.58,2.35,3.31,2.54,2,Institución universitaria/Escuela Tecnológica,No oficial,bogota d c,bogota dc
2.35,3.31,2.54,2.79,1,Institución universitaria/Escuela Tecnológica,No oficial,bogota d c,bogota dc
3.31,2.54,2.79,2.13,2,Institución universitaria/Escuela Tecnológica,No oficial,bogota d c,bogota dc
2.54,2.79,2.13,4.26,1,Institución universitaria/Escuela Tecnológica,No oficial,bogota d c,bogota dc
2.79,2.13,4.26,3.85,2,Institución universitaria/Escuela Tecnológica,No oficial,bogota d c,bogota dc
2.13,4.26,3.85,3.5,1,Institución universitaria/Escuela Tecnológica,No oficial,bogota d c,bogota dc
4.26,3.85,3.5,4.54,2,Institución universitaria/Escuela Tecnológica,No oficial,bogota d c,bogota dc
3.85,3.5,4.54,4.25,1,Institución universitaria/Escuela Tecnológica,No oficial,bogota d c,bogota dc
3.5,4.54,4.25,4.96,2,Institución universitaria/Escuela Tecnológica,No oficial,bogota d c,bogota dc
4.54,4.25,4.96,5.0,1,Institución universitaria/Escuela Tecnológica,No oficial,bogota d c,bogota dc
4.25,4.96,5.0,4.91,2,Institución universitaria/Escuela Tecnológica,No oficial,bogota d c,bogota dc
4.96,5.0,4.91,3.79,1,Institución universitaria/Escuela Tecnológica,No oficial,bogota d c,bogota dc
5.0,4.91,3.79,4.08,2,Institución universitaria/Escuela Tecnológica,No oficial,bogota d c,bogota dc
4.91,3.79,4.08,3.43,1,Institución universitaria/Escuela Tecnológica,No oficial,bogota d c,bogota dc
3.79,4.08,3.43,3.92,2,Institución universitaria/Escuela Tecnológica,No oficial,bogota d c,bogota dc
4.08,3.43,3.92,3.29,1,Institución universitaria/Escuela Tecnológica,No oficial,bogota d c,bogota dc
3.43,3.92,3.29,2.13,2,Institución universitaria/Escuela Tecnológica,No oficial,bogota d c,bogota dc
3.92,3.29,2.13,2.06,1,Institución universitaria/Escuela Tecnológica,No oficial,bogota d c,bogota dc
3.29,2.13,2.06,3.7,2,Institución universitaria/Escuela Tecnológica,No oficial,bogota d c,bogota dc
2.13,2.06,3.7,2.64,1,Institución universitaria/Escuela Tecnológica,No oficial,bogota d c,bogota dc
0.0,0.0,2.7,1.69,1,Institución universitaria/Escuela Tecnológica,No oficial,bogota d c,bogota dc
0.0,2.7,1.69,1.69,2,Institución universitaria/Escuela Tecnológica,No oficial,bogota d c,bogota dc
2.7,1.69,1.69,0.74,1,Institución universitaria/Escuela Tecnológica,No oficial,bogota d c,bogota dc
1.69,1.69,0.74,11.35,2,Institución universitaria/Escuela Tecnológica,No oficial,bogota d c,bogota dc
1.69,0.74,11.35,4.01,1,Institución universitaria/Escuela Tecnológica,No oficial,bogota d c,bogota dc
0.74,11.35,4.01,19.67,2,Institución universitaria/Escuela Tecnológica,No oficial,bogota d c,bogota dc
11.35,4.01,19.67,5.5,1,Institución universitaria/Escuela Tecnológica,No oficial,bogota d c,bogota dc
4.01,19.67,5.5,10.54,2,Institución universitaria/Escuela Tecnológica,No oficial,bogota d c,bogota dc
19.67,5.5,10.54,7.51,1,Institución universitaria/Escuela Tecnológica,No oficial,bogota d c,bogota dc
5.5,10.54,7.51,15.13,2,Institución universitaria/Escuela Tecnológica,No oficial,bogota d c,bogota dc
10.54,7.51,15.13,3.32,1,Institución universitaria/Escuela Tecnológica,No oficial,bogota d c,bogota dc
7.51,15.13,3.32,7.48,2,Institución universitaria/Escuela Tecnológica,No oficial,bogota d c,bogota dc
15.13,3.32,7.48,4.53,1,Institución universitaria/Escuela Tecnológica,No oficial,bogota d c,bogota dc
3.32,7.48,4.53,16.26,2,Institución universitaria/Escuela Tecnológica,No oficial,bogota d c,bogota dc
7.48,4.53,16.26,2.88,1,Institución universitaria/Escuela Tecnológica,No oficial,bogota d c,bogota dc
4.53,16.26,2.88,9.32,2,Institución universitaria/Escuela Tecnológica,No oficial,bogota d c,bogota dc
16.26,2.88,9.32,2.89,1,Institución universitaria/Escuela Tecnológica,No oficial,bogota d c,bogota dc
2.88,9.32,2.89,17.08,2,Institución universitaria/Escuela Tecnológica,No oficial,bogota d c,bogota dc
9.32,2.89,17.08,4.46,1,Institución universitaria/Escuela Tecnológica,No oficial,bogota d c,bogota dc
2.89,17.08,4.46,7.91,2,Institución universitaria/Escuela Tecnológica,No oficial,bogota d c,bogota dc
17.08,4.46,7.91,7.35,1,Institución universitaria/Escuela Tecnológica,No oficial,bogota d c,bogota dc
4.46,7.91,7.35,5.46,2,Institución universitaria/Escuela Tecnológica,No oficial,bogota d c,bogota dc
7.91,7.35,5.46,5.63,1,Institución universitaria/Escuela Tecnológica,No oficial,bogota d c,bogota dc
7.35,5.46,5.63,4.94,2,Institución universitaria/Escuela Tecnológica,No oficial,bogota d c,bogota dc
5.46,5.63,4.94,4.74,1,Institución universitaria/Escuela Tecnológica,No oficial,bogota d c,bogota dc
5.63,4.94,4.74,4.41,2,Institución universitaria/Escuela Tecnológica,No oficial,bogota d c,bogota dc
4.94,4.74,4.41,3.29,1,Institución universitaria/Escuela Tecnológica,No oficial,bogota d c,bogota dc
4.74,4.41,3.29,3.23,2,Institución universitaria/Escuela Tecnológica,No oficial,bogota d c,bogota dc
4.41,3.29,3.23,2.34,1,Institución universitaria/Escuela Tecnológica,No oficial,bogota d c,bogota dc
3.29,3.23,2.34,2.0,2,Institución universitaria/Escuela Tecnológica,No oficial,bogota d c,bogota dc
3.23,2.34,2.0,2.06,1,Institución universitaria/Escuela Tecnológica,No oficial,bogota d c,bogota dc
2.34,2.0,2.06,2.37,2,Institución universitaria/Escuela Tecnológica,No oficial,bogota d c,bogota dc
2.0,2.06,2.37,1.82,1,Institución universitaria/Escuela Tecnológica,No oficial,bogota d c,bogota dc
2.06,2.37,1.82,1.85,2,Institución universitaria/Escuela Tecnológica,No oficial,bogota d c,bogota dc
2.37,1.82,1.85,3.15,1,Institución universitaria/Escuela Tecnológica,No oficial,bogota d c,bogota dc
1.82,1.85,3.15,2.1,2,Institución universitaria/Escuela Tecnológica,No oficial,bogota d c,bogota dc
1.85,3.15,2.1,2.26,1,Institución universitaria/Escuela Tecnológica,No oficial,bogota d c,bogota dc
3.15,2.1,2.26,1.25,2,Institución universitaria/Escuela Tecnológica,No oficial,bogota d c,bogota dc
2.1,2.26,1.25,3.47,1,Institución universitaria/Escuela Tecnológica,No oficial,bogota d c,bogota dc
2.26,1.25,3.47,1.67,2,Institución universitaria/Escuela Tecnológica,No oficial,bogota d c,bogota dc
1.25,3.47,1.67,1.75,1,Institución universitaria/Escuela Tecnológica,No oficial,bogota d c,bogota dc
3.47,1.67,1.75,1.44,2,Institución universitaria/Escuela Tecnológica,No oficial,bogota d c,bogota dc
1.67,1.75,1.44,1.42,1,Institución universitaria/Escuela Tecnológica,No oficial,bogota d c,bogota dc
1.75,1.44,1.42,1.39,2,Institución universitaria/Escuela Tecnológica,No oficial,bogota d c,bogota dc
1.44,1.42,1.39,1.77,1,Institución universitaria/Escuela Tecnológica,No oficial,bogota d c,bogota dc
1.42,1.39,1.77,1.65,2,Institución universitaria/Escuela Tecnológica,No oficial,bogota d c,bogota dc
1.39,1.77,1.65,1.31,1,Institución universitaria/Escuela Tecnológica,No oficial,bogota d c,bogota dc
0.0,0.0,0.74,3.02,1,Universidad,No oficial,antioquia,medellin
0.0,0.74,3.02,0.96,2,Universidad,No oficial,antioquia,medellin
0.74,3.02,0.96,0.0,1,Universidad,No oficial,antioquia,medellin
3.02,0.96,0.0,5.25,2,Universidad,No oficial,antioquia,medellin
0.96,0.0,5.25,1.61,1,Universidad,No oficial,antioquia,medellin
0.0,5.25,1.61,1.11,2,Universidad,No oficial,antioquia,medellin
5.25,1.61,1.11,0.44,1,Universidad,No oficial,antioquia,medellin
1.61,1.11,0.44,4.29,2,Universidad,No oficial,antioquia,medellin
1.11,0.44,4.29,5.16,1,Universidad,No oficial,antioquia,medellin
0.44,4.29,5.16,6.53,2,Universidad,No oficial,antioquia,medellin
4.29,5.16,6.53,3.58,1,Universidad,No oficial,antioquia,medellin
5.16,6.53,3.58,7.67,2,Universidad,No oficial,antioquia,medellin
6.53,3.58,7.67,1.91,1,Universidad,No oficial,antioquia,medellin
3.58,7.67,1.91,3.51,2,Universidad,No oficial,antioquia,medellin
7.67,1.91,3.51,4.06,1,Universidad,No oficial,antioquia,medellin
1.91,3.51,4.06,4.37,2,Universidad,No oficial,antioquia,medellin
3.51,4.06,4.37,5.59,1,Universidad,No oficial,antioquia,medellin
4.06,4.37,5.59,6.42,2,Universidad,No oficial,antioquia,medellin
4.37,5.59,6.42,4.42,1,Universidad,No oficial,antioquia,medellin
5.59,6.42,4.42,4.23,2,Universidad,No oficial,antioquia,medellin
6.42,4.42,4.23,5.79,1,Universidad,No oficial,antioquia,medellin
4.42,4.23,5.79,8.72,2,Universidad,No oficial,antioquia,medellin
4.23,5.79,8.72,4.34,1,Universidad,No oficial,antioquia,medellin
5.79,8.72,4.34,4.96,2,Universidad,No oficial,antioquia,medellin
8.72,4.34,4.96,5.41,1,Universidad,No oficial,antioquia,medellin
4.34,4.96,5.41,3.91,2,Universidad,No oficial,antioquia,medellin
4.96,5.41,3.91,4.67,1,Universidad,No oficial,antioquia,medellin
5.41,3.91,4.67,4.08,2,Universidad,No oficial,antioquia,medellin
3.91,4.67,4.08,7.57,1,Universidad,No oficial,antioquia,medellin
4.67,4.08,7.57,4.31,2,Universidad,No oficial,antioquia,medellin
4.08,7.57,4.31,4.33,1,Universidad,No oficial,antioquia,medellin
7.57,4.31,4.33,4.88,2,Universidad,No oficial,antioquia,medellin
4.31,4.33,4.88,4.37,1,Universidad,No oficial,antioquia,medellin
4.33,4.88,4.37,3.67,2,Universidad,No oficial,antioquia,medellin
4.88,4.37,3.67,3.76,1,Universidad,No oficial,antioquia,medellin
4.37,3.67,3.76,3.48,2,Universidad,No oficial,antioquia,medellin
3.67,3.76,3.48,3.51,1,Universidad,No oficial,antioquia,medellin
3.76,3.48,3.51,4.74,2,Universidad,No oficial,antioquia,medellin
3.48,3.51,4.74,4.77,1,Universidad,No oficial,antioquia,medellin
3.51,4.74,4.77,4.35,2,Universidad,No oficial,antioquia,medellin
4.74,4.77,4.35,4.47,1,Universidad,No oficial,antioquia,medellin
4.77,4.35,4.47,5.0,2,Universidad,No oficial,antioquia,medellin
4.35,4.47,5.0,4.22,1,Universidad,No oficial,antioquia,medellin
4.47,5.0,4.22,2.06,2,Universidad,No oficial,antioquia,medellin
5.0,4.22,2.06,2.7,1,Universidad,No oficial,antioquia,medellin
4.22,2.06,2.7,3.02,2,Universidad,No oficial,antioquia,medellin
2.06,2.7,3.02,4.34,1,Universidad,No oficial,antioquia,medellin
0.0,0.0,100.0,69.74,1,Institución universitaria/Escuela Tecnológica,No oficial,bogota d c,bogota dc
0.0,100.0,69.74,100.0,2,Institución universitaria/Escuela Tecnológica,No oficial,bogota d c,bogota dc
100.0,69.74,100.0,100.0,1,Institución universitaria/Escuela Tecnológica,No oficial,bogota d c,bogota dc
69.74,100.0,100.0,88.86,2,Institución universitaria/Escuela Tecnológica,No oficial,bogota d c,bogota dc
100.0,100.0,88.86,60.25,1,Institución universitaria/Escuela Tecnológica,No oficial,bogota d c,bogota dc
100.0,88.86,60.25,90.4,2,Institución universitaria/Escuela Tecnológica,No oficial,bogota d c,bogota dc
88.86,60.25,90.4,100.0,1,Institución universitaria/Escuela Tecnológica,No oficial,bogota d c,bogota dc
60.25,90.4,100.0,100.0,2,Institución universitaria/Escuela Tecnológica,No oficial,bogota d c,bogota dc
90.4,100.0,100.0,100.0,1,Institución universitaria/Escuela Tecnológica,No oficial,bogota d c,bogota dc
100.0,100.0,100.0,100.0,2,Institución universitaria/Escuela Tecnológica,No oficial,bogota d c,bogota dc
100.0,100.0,100.0,91.78,1,Institución universitaria/Escuela Tecnológica,No oficial,bogota d c,bogota dc
100.0,100.0,91.78,100.0,2,Institución universitaria/Escuela Tecnológica,No oficial,bogota d c,bogota dc
100.0,91.78,100.0,99.47,1,Institución universitaria/Escuela Tecnológica,No oficial,bogota d c,bogota dc
91.78,100.0,99.47,100.0,2,Institución universitaria/Escuela Tecnológica,No oficial,bogota d c,bogota dc
100.0,99.47,100.0,98.14,1,Institución universitaria/Escuela Tecnológica,No oficial,bogota d c,bogota dc
99.47,100.0,98.14,3.55,2,Institución universitaria/Escuela Tecnológica,No oficial,bogota d c,bogota dc
100.0,98.14,3.55,2.02,1,Institución universitaria/Escuela Tecnológica,No oficial,bogota d c,bogota dc
98.14,3.55,2.02,8.34,2,Institución universitaria/Escuela Tecnológica,No oficial,bogota d c,bogota dc
3.55,2.02,8.34,12.54,1,Institución universitaria/Escuela Tecnológica,No oficial,bogota d c,bogota dc
2.02,8.34,12.54,17.54,2,Institución universitaria/Escuela Tecnológica,No oficial,bogota d c,bogota dc
8.34,12.54,17.54,17.52,1,Institución universitaria/Escuela Tecnológica,No oficial,bogota d c,bogota dc
12.54,17.54,17.52,13.21,2,Institución universitaria/Escuela Tecnológica,No oficial,bogota d c,bogota dc
17.54,17.52,13.21,19.51,1,Institución universitaria/Escuela Tecnológica,No oficial,bogota d c,bogota dc
17.52,13.21,19.51,11.25,2,Institución universitaria/Escuela Tecnológica,No oficial,bogota d c,bogota dc
13.21,19.51,11.25,10.01,1,Institución universitaria/Escuela Tecnológica,No oficial,bogota d c,bogota dc
19.51,11.25,10.01,9.46,2,Institución universitaria/Escuela Tecnológica,No oficial,bogota d c,bogota dc
11.25,10.01,9.46,10.34,1,Institución universitaria/Escuela Tecnológica,No oficial,bogota d c,bogota dc
10.01,9.46,10.34,10.44,2,Institución universitaria/Escuela Tecnológica,No oficial,bogota d c,bogota dc
9.46,10.34,10.44,10.12,1,Institución universitaria/Escuela Tecnológica,No oficial,bogota d c,bogota dc
10.34,10.44,10.12,15.55,2,Institución universitaria/Escuela Tecnológica,No oficial,bogota d c,bogota dc
10.44,10.12,15.55,30.64,1,Institución universitaria/Escuela Tecnológica,No oficial,bogota d c,bogota dc
10.12,15.55,30.64,25.89,2,Institución universitaria/Escuela Tecnológica,No oficial,bogota d c,bogota dc
15.55,30.64,25.89,63.04,1,Institución universitaria/Escuela Tecnológica,No oficial,bogota d c,bogota dc
30.64,25.89,63.04,5.75,2,Institución universitaria/Escuela Tecnológica,No oficial,bogota d c,bogota dc
25.89,63.04,5.75,4.32,1,Institución universitaria/Escuela Tecnológica,No oficial,bogota d c,bogota dc
63.04,5.75,4.32,4.81,2,Institución universitaria/Escuela Tecnológica,No oficial,bogota d c,bogota dc
5.75,4.32,4.81,4.8,1,Institución universitaria/Escuela Tecnológica,No oficial,bogota d c,bogota dc
4.32,4.81,4.8,4.46,2,Institución universitaria/Escuela Tecnológica,No oficial,bogota d c,bogota dc
4.81,4.8,4.46,4.97,1,Institución universitaria/Escuela Tecnológica,No oficial,bogota d c,bogota dc
4.8,4.46,4.97,5.15,2,Institución universitaria/Escuela Tecnológica,No oficial,bogota d c,bogota dc
4.46,4.97,5.15,5.84,1,Institución universitaria/Escuela Tecnológica,No oficial,bogota d c,bogota dc
4.97,5.15,5.84,6.93,2,Institución universitaria/Escuela Tecnológica,No oficial,bogota d c,bogota dc
5.15,5.84,6.93,9.19,1,Institución universitaria/Escuela Tecnológica,No oficial,bogota d c,bogota dc
5.84,6.93,9.19,7.05,2,Institución universitaria/Escuela Tecnológica,No oficial,bogota d c,bogota dc
6.93,9.19,7.05,5.15,1,Institución universitaria/Escuela Tecnológica,No oficial,bogota d c,bogota dc
9.19,7.05,5.15,3.85,2,Institución universitaria/Escuela Tecnológica,No oficial,bogota d c,bogota dc
7.05,5.15,3.85,4.36,1,Institución universitaria/Escuela Tecnológica,No oficial,bogota d c,bogota dc
0.0,0.0,4.2,5.41,1,Institución universitaria/Escuela Tecnológica,No oficial,bogota d c,bogota dc
0.0,4.2,5.41,3.2,2,Institución universitaria/Escuela Tecnológica,No oficial,bogota d c,bogota dc
4.2,5.41,3.2,2.87,1,Institución universitaria/Escuela Tecnológica,No oficial,bogota d c,bogota dc
5.41,3.2,2.87,6.33,2,Institución universitaria/Escuela Tecnológica,No oficial,bogota d c,bogota dc
3.2,2.87,6.33,8.57,1,Institución universitaria/Escuela Tecnológica,No oficial,bogota d c,bogota dc
2.87,6.33,8.57,7.9,2,Institución universitaria/Escuela Tecnológica,No oficial,bogota d c,bogota dc
6.33,8.57,7.9,7.89,1,Institución universitaria/Escuela Tecnológica,No oficial,bogota d c,bogota dc
8.57,7.9,7.89,8.77,2,Institución universitaria/Escuela Tecnológica,No oficial,bogota d c,bogota dc
7.9,7.89,8.77,7.87,1,Institución universitaria/Escuela Tecnológica,No oficial,bogota d c,bogota dc
7.89,8.77,7.87,12.16,2,Institución universitaria/Escuela Tecnológica,No oficial,bogota d c,bogota dc
8.77,7.87,12.16,10.65,1,Institución universitaria/Escuela Tecnológica,No oficial,bogota d c,bogota dc
7.87,12.16,10.65,8.83,2,Institución universitaria/Escuela Tecnológica,No oficial,bogota d c,bogota dc
12.16,10.65,8.83,7.37,1,Institución universitaria/Escuela Tecnológica,No oficial,bogota d c,bogota dc
10.65,8.83,7.37,10.51,2,Institución universitaria/Escuela Tecnológica,No oficial,bogota d c,bogota dc
8.83,7.37,10.51,12.44,1,Institución universitaria/Escuela Tecnológica,No oficial,bogota d c,bogota dc
7.37,10.51,12.44,9.97,2,Institución universitaria/Escuela Tecnológica,No oficial,bogota d c,bogota dc
10.51,12.44,9.97,9.0,1,Institución universitaria/Escuela Tecnológica,No oficial,bogota d c,bogota dc
12.44,9.97,9.0,5.61,2,Institución universitaria/Escuela Tecnológica,No oficial,bogota d c,bogota dc
9.97,9.0,5.61,10.89,1,Institución universitaria/Escuela Tecnológica,No oficial,bogota d c,bogota dc
9.0,5.61,10.89,9.21,2,Institución universitaria/Escuela Tecnológica,No oficial,bogota d c,bogota dc
5.61,10.89,9.21,9.16,1,Institución universitaria/Escuela Tecnológica,No oficial,bogota d c,bogota dc
10.89,9.21,9.16,9.84,2,Institución universitaria/Escuela Tecnológica,No oficial,bogota d c,bogota dc
9.21,9.16,9.84,8.56,1,Institución universitaria/Escuela Tecnológica,No oficial,bogota d c,bogota dc
9.16,9.84,8.56,7.78,2,Institución universitaria/Escuela Tecnológica,No oficial,bogota d c,bogota dc
9.84,8.56,7.78,9.56,1,Institución universitaria/Escuela Tecnológica,No oficial,bogota d c,bogota dc
8.56,7.78,9.56,8.73,2,Institución universitaria/Escuela Tecnológica,No oficial,bogota d c,bogota dc
7.78,9.56,8.73,10.35,1,Institución universitaria/Escuela Tecnológica,No oficial,bogota d c,bogota dc
9.56,8.73,10.35,11.67,2,Institución universitaria/Escuela Tecnológica,No oficial,bogota d c,bogota dc
8.73,10.35,11.67,10.81,1,Institución universitaria/Escuela Tecnológica,No oficial,bogota d c,bogota dc
10.35,11.67,10.81,12.05,2,Institución universitaria/Escuela Tecnológica,No oficial,bogota d c,bogota dc
11.67,10.81,12.05,11.44,1,Institución universitaria/Escuela Tecnológica,No oficial,bogota d c,bogota dc
10.81,12.05,11.44,14.45,2,Institución universitaria/Escuela Tecnológica,No oficial,bogota d c,bogota dc
12.05,11.44,14.45,9.95,1,Institución universitaria/Escuela Tecnológica,No oficial,bogota d c,bogota dc
11.44,14.45,9.95,11.2,2,Institución universitaria/Escuela Tecnológica,No oficial,bogota d c,bogota dc
14.45,9.95,11.2,10.12,1,Institución universitaria/Escuela Tecnológica,No oficial,bogota d c,bogota dc
9.95,11.2,10.12,8.23,2,Institución universitaria/Escuela Tecnológica,No oficial,bogota d c,bogota dc
11.2,10.12,8.23,12.52,1,Institución universitaria/Escuela Tecnológica,No oficial,bogota d c,bogota dc
10.12,8.23,12.52,11.72,2,Institución universitaria/Escuela Tecnológica,No oficial,bogota d c,bogota dc
8.23,12.52,11.72,12.55,1,Institución universitaria/Escuela Tecnológica,No oficial,bogota d c,bogota dc
12.52,11.72,12.55,11.99,2,Institución universitaria/Escuela Tecnológica,No oficial,bogota d c,bogota dc
11.72,12.55,11.99,13.11,1,Institución universitaria/Escuela Tecnológica,No oficial,bogota d c,bogota dc
12.55,11.99,13.11,10.92,2,Institución universitaria/Escuela Tecnológica,No oficial,bogota d c,bogota dc
11.99,13.11,10.92,11.23,1,Institución universitaria/Escuela Tecnológica,No oficial,bogota d c,bogota dc
13.11,10.92,11.23,11.75,2,Institución universitaria/Escuela Tecnológica,No oficial,bogota d c,bogota dc
10.92,11.23,11.75,9.69,1,Institución universitaria/Escuela Tecnológica,No oficial,bogota d c,bogota dc
11.23,11.75,9.69,10.69,2,Institución universitaria/Escuela Tecnológica,No oficial,bogota d c,bogota dc
11.75,9.69,10.69,11.51,1,Institución universitaria/Escuela Tecnológica,No oficial,bogota d c,bogota dc
0.0,0.0,10.21,9.72,1,Universidad,No oficial,risaralda,pereira
0.0,10.21,9.72,10.27,2,Universidad,No oficial,risaralda,pereira
10.21,9.72,10.27,9.93,1,Universidad,No oficial,risaralda,pereira
9.72,10.27,9.93,8.73,2,Universidad,No oficial,risaralda,pereira
10.27,9.93,8.73,8.88,1,Universidad,No oficial,risaralda,pereira
9.93,8.73,8.88,11.08,2,Universidad,No oficial,risaralda,pereira
8.73,8.88,11.08,8.73,1,Universidad,No oficial,risaralda,pereira
8.88,11.08,8.73,13.19,2,Universidad,No oficial,risaralda,pereira
11.08,8.73,13.19,8.15,1,Universidad,No oficial,risaralda,pereira
8.73,13.19,8.15,6.8,2,Universidad,No oficial,risaralda,pereira
13.19,8.15,6.8,8.03,1,Universidad,No oficial,risaralda,pereira
8.15,6.8,8.03,7.85,2,Universidad,No oficial,risaralda,pereira
6.8,8.03,7.85,13.69,1,Universidad,No oficial,risaralda,pereira
8.03,7.85,13.69,7.08,2,Universidad,No oficial,risaralda,pereira
7.85,13.69,7.08,8.44,1,Universidad,No oficial,risaralda,pereira
13.69,7.08,8.44,7.99,2,Universidad,No oficial,risaralda,pereira
7.08,8.44,7.99,7.47,1,Universidad,No oficial,risaralda,pereira
8.44,7.99,7.47,9.25,2,Universidad,No oficial,risaralda,pereira
7.99,7.47,9.25,8.75,1,Universidad,No oficial,risaralda,pereira
7.47,9.25,8.75,9.21,2,Universidad,No oficial,risaralda,pereira
9.25,8.75,9.21,9.12,1,Universidad,No oficial,risaralda,pereira
8.75,9.21,9.12,9.2,2,Universidad,No oficial,risaralda,pereira
9.21,9.12,9.2,8.07,1,Universidad,No oficial,risaralda,pereira
9.12,9.2,8.07,11.58,2,Universidad,No oficial,risaralda,pereira
9.2,8.07,11.58,9.93,1,Universidad,No oficial,risaralda,pereira
8.07,11.58,9.93,7.67,2,Universidad,No oficial,risaralda,pereira
11.58,9.93,7.67,6.99,1,Universidad,No oficial,risaralda,pereira
9.93,7.67,6.99,8.75,2,Universidad,No oficial,risaralda,pereira
7.67,6.99,8.75,6.72,1,Universidad,No oficial,risaralda,pereira
6.99,8.75,6.72,6.59,2,Universidad,No oficial,risaralda,pereira
8.75,6.72,6.59,10.44,1,Universidad,No oficial,risaralda,pereira
6.72,6.59,10.44,6.85,2,Universidad,No oficial,risaralda,pereira
6.59,10.44,6.85,7.82,1,Universidad,No oficial,risaralda,pereira
10.44,6.85,7.82,6.09,2,Universidad,No oficial,risaralda,pereira
6.85,7.82,6.09,7.77,1,Universidad,No oficial,risaralda,pereira
7.82,6.09,7.77,5.82,2,Universidad,No oficial,risaralda,pereira
6.09,7.77,5.82,10.43,1,Universidad,No oficial,risaralda,pereira
7.77,5.82,10.43,7.27,2,Universidad,No oficial,risaralda,pereira
5.82,10.43,7.27,8.03,1,Universidad,No oficial,risaralda,pereira
10.43,7.27,8.03,6.81,2,Universidad,No oficial,risaralda,pereira
7.27,8.03,6.81,6.41,1,Universidad,No oficial,risaralda,pereira
8.03,6.81,6.41,8.86,2,Universidad,No oficial,risaralda,pereira
6.81,6.41,8.86,13.12,1,Universidad,No oficial,risaralda,pereira
6.41,8.86,13.12,8.22,2,Universidad,No oficial,risaralda,pereira
8.86,13.12,8.22,5.09,1,Universidad,No oficial,risaralda,pereira
13.12,8.22,5.09,8.21,2,Universidad,No oficial,risaralda,pereira
8.22,5.09,8.21,8.76,1,Universidad,No oficial,risaralda,pereira
0.0,0.0,8.76,10.84,1,Institución universitaria/Escuela Tecnológica,No oficial,bogota d c,bogota dc
0.0,8.76,10.84,13.36,2,Institución universitaria/Escuela Tecnológica,No oficial,bogota d c,bogota dc
8.76,10.84,13.36,10.32,1,Institución universitaria/Escuela Tecnológica,No oficial,bogota d c,bogota dc
10.84,13.36,10.32,10.62,2,Institución universitaria/Escuela Tecnológica,No oficial,bogota d c,bogota dc
13.36,10.32,10.62,9.31,1,Institución universitaria/Escuela Tecnológica,No oficial,bogota d c,bogota dc
10.32,10.62,9.31,7.97,2,Institución universitaria/Escuela Tecnológica,No oficial,bogota d c,bogota dc
10.62,9.31,7.97,9.53,1,Institución universitaria/Escuela Tecnológica,No oficial,bogota d c,bogota dc
9.31,7.97,9.53,7.51,2,Institución universitaria/Escuela Tecnológica,No oficial,bogota d c,bogota dc
7.97,9.53,7.51,7.66,1,Institución universitaria/Escuela Tecnológica,No oficial,bogota d c,bogota dc
9.53,7.51,7.66,8.7,2,Institución universitaria/Escuela Tecnológica,No oficial,bogota d c,bogota dc
7.51,7.66,8.7,8.86,1,Institución universitaria/Escuela Tecnológica,No oficial,bogota d c,bogota dc
7.66,8.7,8.86,10.26,2,Institución universitaria/Escuela Tecnológica,No oficial,bogota d c,bogota dc
8.7,8.86,10.26,10.58,1,Institución universitaria/Escuela Tecnológica,No oficial,bogota d c,bogota dc
8.86,10.26,10.58,10.23,2,Institución universitaria/Escuela Tecnológica,No oficial,bogota d c,bogota dc
10.26,10.58,10.23,8.61,1,Institución universitaria/Escuela Tecnológica,No oficial,bogota d c,bogota dc
10.58,10.23,8.61,7.9,2,Institución universitaria/Escuela Tecnológica,No oficial,bogota d c,bogota dc
10.23,8.61,7.9,9.63,1,Institución universitaria/Escuela Tecnológica,No oficial,bogota d c,bogota dc
8.61,7.9,9.63,7.92,2,Institución universitaria/Escuela Tecnológica,No oficial,bogota d c,bogota dc
7.9,9.63,7.92,6.78,1,Institución universitaria/Escuela Tecnológica,No oficial,bogota d c,bogota dc
9.63,7.92,6.78,7.31,2,Institución universitaria/Escuela Tecnológica,No oficial,bogota d c,bogota dc
7.92,6.78,7.31,8.16,1,Institución universitaria/Escuela Tecnológica,No oficial,bogota d c,bogota dc
6.78,7.31,8.16,7.98,2,Institución universitaria/Escuela Tecnológica,No oficial,bogota d c,bogota dc
7.31,8.16,7.98,9.33,1,Institución universitaria/Escuela Tecnológica,No oficial,bogota d c,bogota dc
8.16,7.98,9.33,8.7,2,Institución universitaria/Escuela Tecnológica,No oficial,bogota d c,bogota dc
7.98,9.33,8.7,8.51,1,Institución universitaria/Escuela Tecnológica,No oficial,bogota d c,bogota dc
9.33,8.7,8.51,7.99,2,Institución universitaria/Escuela Tecnológica,No oficial,bogota d c,bogota dc
8.7,8.51,7.99,8.03,1,Institución universitaria/Escuela Tecnológica,No oficial,bogota d c,bogota dc
8.51,7.99,8.03,8.23,2,Institución universitaria/Escuela Tecnológica,No oficial,bogota d c,bogota dc
7.99,8.03,8.23,7.89,1,Institución universitaria/Escuela Tecnológica,No oficial,bogota d c,bogota dc
8.03,8.23,7.89,8.1,2,Institución universitaria/Escuela Tecnológica,No oficial,bogota d c,bogota dc
8.23,7.89,8.1,8.42,1,Institución universitaria/Escuela Tecnológica,No oficial,bogota d c,bogota dc
7.89,8.1,8.42,7.48,2,Institución universitaria/Escuela Tecnológica,No oficial,bogota d c,bogota dc
8.1,8.42,7.48,9.14,1,Institución universitaria/Escuela Tecnológica,No oficial,bogota d c,bogota dc
8.42,7.48,9.14,8.24,2,Institución universitaria/Escuela Tecnológica,No oficial,bogota d c,bogota dc
7.48,9.14,8.24,7.72,1,Institución universitaria/Escuela Tecnológica,No oficial,bogota d c,bogota dc
9.14,8.24,7.72,7.69,2,Institución universitaria/Escuela Tecnológica,No oficial,bogota d c,bogota dc
8.24,7.72,7.69,8.63,1,Institución universitaria/Escuela Tecnológica,No oficial,bogota d c,bogota dc
7.72,7.69,8.63,7.53,2,Institución universitaria/Escuela Tecnológica,No oficial,bogota d c,bogota dc
7.69,8.63,7.53,7.07,1,Institución universitaria/Escuela Tecnológica,No oficial,bogota d c,bogota dc
8.63,7.53,7.07,6.04,2,Institución universitaria/Escuela Tecnológica,No oficial,bogota d c,bogota dc
7.53,7.07,6.04,7.3,1,Institución universitaria/Escuela Tecnológica,No oficial,bogota d c,bogota dc
7.07,6.04,7.3,6.86,2,Institución universitaria/Escuela Tecnológica,No oficial,bogota d c,bogota dc
6.04,7.3,6.86,8.75,1,Institución universitaria/Escuela Tecnológica,No oficial,bogota d c,bogota dc
7.3,6.86,8.75,6.75,2,Institución universitaria/Escuela Tecnológica,No oficial,bogota d c,bogota dc
6.86,8.75,6.75,6.94,1,Institución universitaria/Escuela Tecnológica,No oficial,bogota d c,bogota dc
8.75,6.75,6.94,6.49,2,Institución universitaria/Escuela Tecnológica,No oficial,bogota d c,bogota dc
6.75,6.94,6.49,6.03,1,Institución universitaria/Escuela Tecnológica,No oficial,bogota d c,bogota dc
0.0,0.0,56.38,0.74,1,Institución universitaria/Escuela Tecnológica,No oficial,bogota d c,bogota dc
0.0,56.38,0.74,30.59,2,Institución universitaria/Escuela Tecnológica,No oficial,bogota d c,bogota dc
56.38,0.74,30.59,1.29,1,Institución universitaria/Escuela Tecnológica,No oficial,bogota d c,bogota dc
0.74,30.59,1.29,23.63,2,Institución universitaria/Escuela Tecnológica,No oficial,bogota d c,bogota dc
30.59,1.29,23.63,12.99,1,Institución universitaria/Escuela Tecnológica,No oficial,bogota d c,bogota dc
1.29,23.63,12.99,2.57,2,Institución universitaria/Escuela Tecnológica,No oficial,bogota d c,bogota dc
23.63,12.99,2.57,66.15,1,Institución universitaria/Escuela Tecnológica,No oficial,bogota d c,bogota dc
12.99,2.57,66.15,6.72,2,Institución universitaria/Escuela Tecnológica,No oficial,bogota d c,bogota dc
2.57,66.15,6.72,8.29,1,Institución universitaria/Escuela Tecnológica,No oficial,bogota d c,bogota dc
66.15,6.72,8.29,13.11,2,Institución universitaria/Escuela Tecnológica,No oficial,bogota d c,bogota dc
6.72,8.29,13.11,18.79,1,Institución universitaria/Escuela Tecnológica,No oficial,bogota d c,bogota dc
8.29,13.11,18.79,15.56,2,Institución universitaria/Escuela Tecnológica,No oficial,bogota d c,bogota dc
13.11,18.79,15.56,20.58,1,Institución universitaria/Escuela Tecnológica,No oficial,bogota d c,bogota dc
18.79,15.56,20.58,5.55,2,Institución universitaria/Escuela Tecnológica,No oficial,bogota d c,bogota dc
15.56,20.58,5.55,6.0,1,Institución universitaria/Escuela Tecnológica,No oficial,bogota d c,bogota dc
20.58,5.55,6.0,6.73,2,Institución universitaria/Escuela Tecnológica,No oficial,bogota d c,bogota dc
5.55,6.0,6.73,22.87,1,Institución universitaria/Escuela Tecnológica,No oficial,bogota d c,bogota dc
6.0,6.73,22.87,11.1,2,Institución universitaria/Escuela Tecnológica,No oficial,bogota d c,bogota dc
6.73,22.87,11.1,18.42,1,Institución universitaria/Escuela Tecnológica,No oficial,bogota d c,bogota dc
22.87,11.1,18.42,11.33,2,Institución universitaria/Escuela Tecnológica,No oficial,bogota d c,bogota dc
11.1,18.42,11.33,17.01,1,Institución universitaria/Escuela Tecnológica,No oficial,bogota d c,bogota dc
18.42,11.33,17.01,10.5,2,Institución universitaria/Escuela Tecnológica,No oficial,bogota d c,bogota dc
11.33,17.01,10.5,11.23,1,Institución universitaria/Escuela Tecnológica,No oficial,bogota d c,bogota dc
17.01,10.5,11.23,11.26,2,Institución universitaria/Escuela Tecnológica,No oficial,bogota d c,bogota dc
10.5,11.23,11.26,11.17,1,Institución universitaria/Escuela Tecnológica,No oficial,bogota d c,bogota dc
11.23,11.26,11.17,11.18,2,Institución universitaria/Escuela Tecnológica,No oficial,bogota d c,bogota dc
11.26,11.17,11.18,11.5,1,Institución universitaria/Escuela Tecnológica,No oficial,bogota d c,bogota dc
11.17,11.18,11.5,10.28,2,Institución universitaria/Escuela Tecnológica,No oficial,bogota d c,bogota dc
11.18,11.5,10.28,12.13,1,Institución universitaria/Escuela Tecnológica,No oficial,bogota d c,bogota dc
11.5,10.28,12.13,11.17,2,Institución universitaria/Escuela Tecnológica,No oficial,bogota d c,bogota dc
10.28,12.13,11.17,11.68,1,Institución universitaria/Escuela Tecnológica,No oficial,bogota d c,bogota dc
12.13,11.17,11.68,10.31,2,Institución universitaria/Escuela Tecnológica,No oficial,bogota d c,bogota dc
11.17,11.68,10.31,9.45,1,Institución universitaria/Escuela Tecnológica,No oficial,bogota d c,bogota dc
11.68,10.31,9.45,10.54,2,Institución universitaria/Escuela Tecnológica,No oficial,bogota d c,bogota dc
10.31,9.45,10.54,10.08,1,Institución universitaria/Escuela Tecnológica,No oficial,bogota d c,bogota dc
9.45,10.54,10.08,11.42,2,Institución universitaria/Escuela Tecnológica,No oficial,bogota d c,bogota dc
10.54,10.08,11.42,12.23,1,Institución universitaria/Escuela Tecnológica,No oficial,bogota d c,bogota dc
10.08,11.42,12.23,11.37,2,Institución universitaria/Escuela Tecnológica,No oficial,bogota d c,bogota dc
11.42,12.23,11.37,11.23,1,Institución universitaria/Escuela Tecnológica,No oficial,bogota d c,bogota dc
12.23,11.37,11.23,10.61,2,Institución universitaria/Escuela Tecnológica,No oficial,bogota d c,bogota dc
11.37,11.23,10.61,10.67,1,Institución universitaria/Escuela Tecnológica,No oficial,bogota d c,bogota dc
11.23,10.61,10.67,9.43,2,Institución universitaria/Escuela Tecnológica,No oficial,bogota d c,bogota dc
10.61,10.67,9.43,14.14,1,Institución universitaria/Escuela Tecnológica,No oficial,bogota d c,bogota dc
10.67,9.43,14.14,14.87,2,Institución universitaria/Escuela Tecnológica,No oficial,bogota d c,bogota dc
9.43,14.14,14.87,8.74,1,Institución universitaria/Escuela Tecnológica,No oficial,bogota d c,bogota dc
14.14,14.87,8.74,10.34,2,Institución universitaria/Escuela Tecnológica,No oficial,bogota d c,bogota dc
14.87,8.74,10.34,10.11,1,Institución universitaria/Escuela Tecnológica,No oficial,bogota d c,bogota dc
0.0,0.0,9.81,9.6,2,Institución universitaria/Escuela Tecnológica,No oficial,cauca,popayan
0.0,9.81,9.6,11.34,1,Institución universitaria/Escuela Tecnológica,No oficial,cauca,popayan
9.81,9.6,11.34,7.46,2,Institución universitaria/Escuela Tecnológica,No oficial,cauca,popayan
9.6,11.34,7.46,7.29,1,Institución universitaria/Escuela Tecnológica,No oficial,cauca,popayan
11.34,7.46,7.29,10.54,2,Institución universitaria/Escuela Tecnológica,No oficial,cauca,popayan
7.46,7.29,10.54,10.1,1,Institución universitaria/Escuela Tecnológica,No oficial,cauca,popayan
7.29,10.54,10.1,9.64,2,Institución universitaria/Escuela Tecnológica,No oficial,cauca,popayan
10.54,10.1,9.64,11.43,1,Institución universitaria/Escuela Tecnológica,No oficial,cauca,popayan
10.1,9.64,11.43,17.07,2,Institución universitaria/Escuela Tecnológica,No oficial,cauca,popayan
9.64,11.43,17.07,17.86,1,Institución universitaria/Escuela Tecnológica,No oficial,cauca,popayan
11.43,17.07,17.86,22.79,2,Institución universitaria/Escuela Tecnológica,No oficial,cauca,popayan
17.07,17.86,22.79,14.94,1,Institución universitaria/Escuela Tecnológica,No oficial,cauca,popayan
17.86,22.79,14.94,11.79,2,Institución universitaria/Escuela Tecnológica,No oficial,cauca,popayan
22.79,14.94,11.79,10.23,1,Institución universitaria/Escuela Tecnológica,No oficial,cauca,popayan
14.94,11.79,10.23,12.83,2,Institución universitaria/Escuela Tecnológica,No oficial,cauca,popayan
11.79,10.23,12.83,12.17,1,Institución universitaria/Escuela Tecnológica,No oficial,cauca,popayan
10.23,12.83,12.17,5.69,2,Institución universitaria/Escuela Tecnológica,No oficial,cauca,popayan
12.83,12.17,5.69,13.36,1,Institución universitaria/Escuela Tecnológica,No oficial,cauca,popayan
12.17,5.69,13.36,7.68,2,Institución universitaria/Escuela Tecnológica,No oficial,cauca,popayan
5.69,13.36,7.68,9.79,1,Institución universitaria/Escuela Tecnológica,No oficial,cauca,popayan
13.36,7.68,9.79,8.02,2,Institución universitaria/Escuela Tecnológica,No oficial,cauca,popayan
7.68,9.79,8.02,7.47,1,Institución universitaria/Escuela Tecnológica,No oficial,cauca,popayan
9.79,8.02,7.47,10.97,2,Institución universitaria/Escuela Tecnológica,No oficial,cauca,popayan
8.02,7.47,10.97,19.12,1,Institución universitaria/Escuela Tecnológica,No oficial,cauca,popayan
7.47,10.97,19.12,7.3,2,Institución universitaria/Escuela Tecnológica,No oficial,cauca,popayan
10.97,19.12,7.3,7.87,1,Institución universitaria/Escuela Tecnológica,No oficial,cauca,popayan
19.12,7.3,7.87,8.77,2,Institución universitaria/Escuela Tecnológica,No oficial,cauca,popayan
7.3,7.87,8.77,13.24,1,Institución universitaria/Escuela Tecnológica,No oficial,cauca,popayan
7.87,8.77,13.24,7.84,2,Institución universitaria/Escuela Tecnológica,No oficial,cauca,popayan
8.77,13.24,7.84,8.45,1,Institución universitaria/Escuela Tecnológica,No oficial,cauca,popayan
13.24,7.84,8.45,8.04,2,Institución universitaria/Escuela Tecnológica,No oficial,cauca,popayan
7.84,8.45,8.04,8.38,1,Institución universitaria/Escuela Tecnológica,No oficial,cauca,popayan
8.45,8.04,8.38,8.98,2,Institución universitaria/Escuela Tecnológica,No oficial,cauca,popayan
8.04,8.38,8.98,14.26,1,Institución universitaria/Escuela Tecnológica,No oficial,cauca,popayan
8.38,8.98,14.26,8.73,2,Institución universitaria/Escuela Tecnológica,No oficial,cauca,popayan
8.98,14.26,8.73,8.9,1,Institución universitaria/Escuela Tecnológica,No oficial,cauca,popayan
14.26,8.73,8.9,9.59,2,Institución universitaria/Escuela Tecnológica,No oficial,cauca,popayan
8.73,8.9,9.59,9.05,1,Institución universitaria/Escuela Tecnológica,No oficial,cauca,popayan
8.9,9.59,9.05,9.49,2,Institución universitaria/Escuela Tecnológica,No oficial,cauca,popayan
9.59,9.05,9.49,7.59,1,Institución universitaria/Escuela Tecnológica,No oficial,cauca,popayan
9.05,9.49,7.59,11.9,2,Institución universitaria/Escuela Tecnológica,No oficial,cauca,popayan
9.49,7.59,11.9,9.12,1,Institución universitaria/Escuela Tecnológica,No oficial,cauca,popayan
7.59,11.9,9.12,8.12,2,Institución universitaria/Escuela Tecnológica,No oficial,cauca,popayan
11.9,9.12,8.12,8.34,1,Institución universitaria/Escuela Tecnológica,No oficial,cauca,popayan
0.0,0.0,5.5,7.41,1,Universidad,No oficial,antioquia,medellin
0.0,5.5,7.41,7.96,2,Universidad,No oficial,antioquia,medellin
5.5,7.41,7.96,8.21,1,Universidad,No oficial,antioquia,medellin
7.41,7.96,8.21,7.11,2,Universidad,No oficial,antioquia,medellin
7.96,8.21,7.11,7.65,1,Universidad,No oficial,antioquia,medellin
8.21,7.11,7.65,7.32,2,Universidad,No oficial,antioquia,medellin
7.11,7.65,7.32,7.32,1,Universidad,No oficial,antioquia,medellin
7.65,7.32,7.32,7.72,2,Universidad,No oficial,antioquia,medellin
7.32,7.32,7.72,8.27,1,Universidad,No oficial,antioquia,medellin
7.32,7.72,8.27,8.62,2,Universidad,No oficial,antioquia,medellin
7.72,8.27,8.62,8.56,1,Universidad,No oficial,antioquia,medellin
8.27,8.62,8.56,8.31,2,Universidad,No oficial,antioquia,medellin
8.62,8.56,8.31,7.59,1,Universidad,No oficial,antioquia,medellin
8.56,8.31,7.59,6.9,2,Universidad,No oficial,antioquia,medellin
8.31,7.59,6.9,6.16,1,Universidad,No oficial,antioquia,medellin
7.59,6.9,6.16,6.42,2,Universidad,No oficial,antioquia,medellin
6.9,6.16,6.42,6.54,1,Universidad,No oficial,antioquia,medellin
6.16,6.42,6.54,7.03,2,Universidad,No oficial,antioquia,medellin
6.42,6.54,7.03,7.96,1,Universidad,No oficial,antioquia,medellin
6.54,7.03,7.96,7.86,2,Universidad,No oficial,antioquia,medellin
7.03,7.96,7.86,8.21,1,Universidad,No oficial,antioquia,medellin
7.96,7.86,8.21,7.25,2,Universidad,No oficial,antioquia,medellin
7.86,8.21,7.25,7.17,1,Universidad,No oficial,antioquia,medellin
8.21,7.25,7.17,7.59,2,Universidad,No oficial,antioquia,medellin
7.25,7.17,7.59,7.55,1,Universidad,No oficial,antioquia,medellin
7.17,7.59,7.55,6.38,2,Universidad,No oficial,antioquia,medellin
7.59,7.55,6.38,6.21,1,Universidad,No oficial,antioquia,medellin
7.55,6.38,6.21,6.43,2,Universidad,No oficial,antioquia,medellin
6.38,6.21,6.43,6.06,1,Universidad,No oficial,antioquia,medellin
6.21,6.43,6.06,6.0,2,Universidad,No oficial,antioquia,medellin
6.43,6.06,6.0,5.61,1,Universidad,No oficial,antioquia,medellin
6.06,6.0,5.61,5.44,2,Universidad,No oficial,antioquia,medellin
6.0,5.61,5.44,5.31,1,Universidad,No oficial,antioquia,medellin
5.61,5.44,5.31,4.96,2,Universidad,No oficial,antioquia,medellin
5.44,5.31,4.96,5.23,1,Universidad,No oficial,antioquia,medellin
5.31,4.96,5.23,6.04,2,Universidad,No oficial,antioquia,medellin
4.96,5.23,6.04,6.25,1,Universidad,No oficial,antioquia,medellin
5.23,6.04,6.25,5.57,2,Universidad,No oficial,antioquia,medellin
6.04,6.25,5.57,5.67,1,Universidad,No oficial,antioquia,medellin
6.25,5.57,5.67,6.5,2,Universidad,No oficial,antioquia,medellin
5.57,5.67,6.5,6.24,1,Universidad,No oficial,antioquia,medellin
5.67,6.5,6.24,6.18,2,Universidad,No oficial,antioquia,medellin
6.5,6.24,6.18,6.72,1,Universidad,No oficial,antioquia,medellin
6.24,6.18,6.72,7.55,2,Universidad,No oficial,antioquia,medellin
6.18,6.72,7.55,6.63,1,Universidad,No oficial,antioquia,medellin
6.72,7.55,6.63,6.43,2,Universidad,No oficial,antioquia,medellin
7.55,6.63,6.43,7.07,1,Universidad,No oficial,antioquia,medellin
0.0,0.0,21.88,44.58,1,Institución universitaria/Escuela Tecnológica,No oficial,boyaca,tunja
0.0,21.88,44.58,44.44,2,Institución universitaria/Escuela Tecnológica,No oficial,boyaca,tunja
21.88,44.58,44.44,13.01,1,Institución universitaria/Escuela Tecnológica,No oficial,boyaca,tunja
44.58,44.44,13.01,100.0,2,Institución universitaria/Escuela Tecnológica,No oficial,boyaca,tunja
44.44,13.01,100.0,100.0,1,Institución universitaria/Escuela Tecnológica,No oficial,boyaca,tunja
13.01,100.0,100.0,100.0,2,Institución universitaria/Escuela Tecnológica,No oficial,boyaca,tunja
100.0,100.0,100.0,1.2,1,Institución universitaria/Escuela Tecnológica,No oficial,boyaca,tunja
100.0,100.0,1.2,94.94,2,Institución universitaria/Escuela Tecnológica,No oficial,boyaca,tunja
100.0,1.2,94.94,100.0,1,Institución universitaria/Escuela Tecnológica,No oficial,boyaca,tunja
1.2,94.94,100.0,5.56,2,Institución universitaria/Escuela Tecnológica,No oficial,boyaca,tunja
94.94,100.0,5.56,7.82,1,Institución universitaria/Escuela Tecnológica,No oficial,boyaca,tunja
100.0,5.56,7.82,13.61,2,Institución universitaria/Escuela Tecnológica,No oficial,boyaca,tunja
5.56,7.82,13.61,9.63,1,Institución universitaria/Escuela Tecnológica,No oficial,boyaca,tunja
7.82,13.61,9.63,9.33,2,Institución universitaria/Escuela Tecnológica,No oficial,boyaca,tunja
13.61,9.63,9.33,9.0,1,Institución universitaria/Escuela Tecnológica,No oficial,boyaca,tunja
9.63,9.33,9.0,7.01,2,Institución universitaria/Escuela Tecnológica,No oficial,boyaca,tunja
9.33,9.0,7.01,6.13,1,Institución universitaria/Escuela Tecnológica,No oficial,boyaca,tunja
9.0,7.01,6.13,16.58,2,Institución universitaria/Escuela Tecnológica,No oficial,boyaca,tunja
7.01,6.13,16.58,22.97,1,Institución universitaria/Escuela Tecnológica,No oficial,boyaca,tunja
6.13,16.58,22.97,10.45,2,Institución universitaria/Escuela Tecnológica,No oficial,boyaca,tunja
16.58,22.97,10.45,8.34,1,Institución universitaria/Escuela Tecnológica,No oficial,boyaca,tunja
22.97,10.45,8.34,12.73,2,Institución universitaria/Escuela Tecnológica,No oficial,boyaca,tunja
10.45,8.34,12.73,13.01,1,Institución universitaria/Escuela Tecnológica,No oficial,boyaca,tunja
8.34,12.73,13.01,7.91,2,Institución universitaria/Escuela Tecnológica,No oficial,boyaca,tunja
12.73,13.01,7.91,7.05,1,Institución universitaria/Escuela Tecnológica,No oficial,boyaca,tunja
13.01,7.91,7.05,6.58,2,Institución universitaria/Escuela Tecnológica,No oficial,boyaca,tunja
7.91,7.05,6.58,4.65,1,Institución universitaria/Escuela Tecnológica,No oficial,boyaca,tunja
7.05,6.58,4.65,6.47,2,Institución universitaria/Escuela Tecnológica,No oficial,boyaca,tunja
6.58,4.65,6.47,5.56,1,Institución universitaria/Escuela Tecnológica,No oficial,boyaca,tunja
4.65,6.47,5.56,3.01,2,Institución universitaria/Escuela Tecnológica,No oficial,boyaca,tunja
6.47,5.56,3.01,15.0,1,Institución universitaria/Escuela Tecnológica,No oficial,boyaca,tunja
5.56,3.01,15.0,4.52,2,Institución universitaria/Escuela Tecnológica,No oficial,boyaca,tunja
3.01,15.0,4.52,4.9,1,Institución universitaria/Escuela Tecnológica,No oficial,boyaca,tunja
15.0,4.52,4.9,8.71,2,Institución universitaria/Escuela Tecnológica,No oficial,boyaca,tunja
4.52,4.9,8.71,8.86,1,Institución universitaria/Escuela Tecnológica,No oficial,boyaca,tunja
4.9,8.71,8.86,13.93,2,Institución universitaria/Escuela Tecnológica,No oficial,boyaca,tunja
8.71,8.86,13.93,9.82,1,Institución universitaria/Escuela Tecnológica,No oficial,boyaca,tunja
8.86,13.93,9.82,11.01,2,Institución universitaria/Escuela Tecnológica,No oficial,boyaca,tunja
13.93,9.82,11.01,12.13,1,Institución universitaria/Escuela Tecnológica,No oficial,boyaca,tunja
9.82,11.01,12.13,8.44,2,Institución universitaria/Escuela Tecnológica,No oficial,boyaca,tunja
11.01,12.13,8.44,7.03,1,Institución universitaria/Escuela Tecnológica,No oficial,boyaca,tunja
12.13,8.44,7.03,6.63,2,Institución universitaria/Escuela Tecnológica,No oficial,boyaca,tunja
8.44,7.03,6.63,10.61,1,Institución universitaria/Escuela Tecnológica,No oficial,boyaca,tunja
7.03,6.63,10.61,12.17,2,Institución universitaria/Escuela Tecnológica,No oficial,boyaca,tunja
6.63,10.61,12.17,7.92,1,Institución universitaria/Escuela Tecnológica,No oficial,boyaca,tunja
10.61,12.17,7.92,6.62,2,Institución universitaria/Escuela Tecnológica,No oficial,boyaca,tunja
12.17,7.92,6.62,7.33,1,Institución universitaria/Escuela Tecnológica,No oficial,boyaca,tunja
0.0,0.0,6.26,29.08,1,Institución universitaria/Escuela Tecnológica,No oficial,antioquia,medellin
0.0,6.26,29.08,4.01,2,Institución universitaria/Escuela Tecnológica,No oficial,antioquia,medellin
6.26,29.08,4.01,0.3,1,Institución universitaria/Escuela Tecnológica,No oficial,antioquia,medellin
29.08,4.01,0.3,3.06,2,Institución universitaria/Escuela Tecnológica,No oficial,antioquia,medellin
4.01,0.3,3.06,1.27,1,Institución universitaria/Escuela Tecnológica,No oficial,antioquia,medellin
0.3,3.06,1.27,1.74,2,Institución universitaria/Escuela Tecnológica,No oficial,antioquia,medellin
3.06,1.27,1.74,2.68,1,Institución universitaria/Escuela Tecnológica,No oficial,antioquia,medellin
1.27,1.74,2.68,2.59,2,Institución universitaria/Escuela Tecnológica,No oficial,antioquia,medellin
1.74,2.68,2.59,1.73,1,Institución universitaria/Escuela Tecnológica,No oficial,antioquia,medellin
2.68,2.59,1.73,3.17,2,Institución universitaria/Escuela Tecnológica,No oficial,antioquia,medellin
2.59,1.73,3.17,2.45,1,Institución universitaria/Escuela Tecnológica,No oficial,antioquia,medellin
1.73,3.17,2.45,4.14,2,Institución universitaria/Escuela Tecnológica,No oficial,antioquia,medellin
3.17,2.45,4.14,2.12,1,Institución universitaria/Escuela Tecnológica,No oficial,antioquia,medellin
2.45,4.14,2.12,4.64,2,Institución universitaria/Escuela Tecnológica,No oficial,antioquia,medellin
4.14,2.12,4.64,2.63,1,Institución universitaria/Escuela Tecnológica,No oficial,antioquia,medellin
2.12,4.64,2.63,3.41,2,Institución universitaria/Escuela Tecnológica,No oficial,antioquia,medellin
4.64,2.63,3.41,2.58,1,Institución universitaria/Escuela Tecnológica,No oficial,antioquia,medellin
2.63,3.41,2.58,1.87,2,Institución universitaria/Escuela Tecnológica,No oficial,antioquia,medellin
3.41,2.58,1.87,8.19,1,Institución universitaria/Escuela Tecnológica,No oficial,antioquia,medellin
2.58,1.87,8.19,9.61,2,Institución universitaria/Escuela Tecnológica,No oficial,antioquia,medellin
1.87,8.19,9.61,7.37,1,Institución universitaria/Escuela Tecnológica,No oficial,antioquia,medellin
8.19,9.61,7.37,9.97,2,Institución universitaria/Escuela Tecnológica,No oficial,antioquia,medellin
9.61,7.37,9.97,8.65,1,Institución universitaria/Escuela Tecnológica,No oficial,antioquia,medellin
7.37,9.97,8.65,18.35,2,Institución universitaria/Escuela Tecnológica,No oficial,antioquia,medellin
9.97,8.65,18.35,9.01,1,Institución universitaria/Escuela Tecnológica,No oficial,antioquia,medellin
8.65,18.35,9.01,6.28,2,Institución universitaria/Escuela Tecnológica,No oficial,antioquia,medellin
18.35,9.01,6.28,12.51,1,Institución universitaria/Escuela Tecnológica,No oficial,antioquia,medellin
9.01,6.28,12.51,6.07,2,Institución universitaria/Escuela Tecnológica,No oficial,antioquia,medellin
6.28,12.51,6.07,6.61,1,Institución universitaria/Escuela Tecnológica,No oficial,antioquia,medellin
12.51,6.07,6.61,7.74,2,Institución universitaria/Escuela Tecnológica,No oficial,antioquia,medellin
6.07,6.61,7.74,6.23,1,Institución universitaria/Escuela Tecnológica,No oficial,antioquia,medellin
6.61,7.74,6.23,11.5,2,Institución universitaria/Escuela Tecnológica,No oficial,antioquia,medellin
7.74,6.23,11.5,7.39,1,Institución universitaria/Escuela Tecnológica,No oficial,antioquia,medellin
6.23,11.5,7.39,7.56,2,Institución universitaria/Escuela Tecnológica,No oficial,antioquia,medellin
11.5,7.39,7.56,9.28,1,Institución universitaria/Escuela Tecnológica,No oficial,antioquia,medellin
7.39,7.56,9.28,8.94,2,Institución universitaria/Escuela Tecnológica,No oficial,antioquia,medellin
7.56,9.28,8.94,5.53,1,Institución universitaria/Escuela Tecnológica,No oficial,antioquia,medellin
9.28,8.94,5.53,5.46,2,Institución universitaria/Escuela Tecnológica,No oficial,antioquia,medellin
8.94,5.53,5.46,6.65,1,Institución universitaria/Escuela Tecnológica,No oficial,antioquia,medellin
5.53,5.46,6.65,7.84,2,Institución universitaria/Escuela Tecnológica,No oficial,antioquia,medellin
5.46,6.65,7.84,5.91,1,Institución universitaria/Escuela Tecnológica,No oficial,antioquia,medellin
6.65,7.84,5.91,6.66,2,Institución universitaria/Escuela Tecnológica,No oficial,antioquia,medellin
7.84,5.91,6.66,6.54,1,Institución universitaria/Escuela Tecnológica,No oficial,antioquia,medellin
5.91,6.66,6.54,5.3,2,Institución universitaria/Escuela Tecnológica,No oficial,antioquia,medellin
6.66,6.54,5.3,4.81,1,Institución universitaria/Escuela Tecnológica,No oficial,antioquia,medellin
6.54,5.3,4.81,6.56,2,Institución universitaria/Escuela Tecnológica,No oficial,antioquia,medellin
5.3,4.81,6.56,7.32,1,Institución universitaria/Escuela Tecnológica,No oficial,antioquia,medellin
0.0,0.0,2.05,5.53,1,Institución universitaria/Escuela Tecnológica,No oficial,bogota d c,bogota dc
0.0,2.05,5.53,6.65,2,Institución universitaria/Escuela Tecnológica,No oficial,bogota d c,bogota dc
2.05,5.53,6.65,4.94,1,Institución universitaria/Escuela Tecnológica,No oficial,bogota d c,bogota dc
5.53,6.65,4.94,5.21,2,Institución universitaria/Escuela Tecnológica,No oficial,bogota d c,bogota dc
6.65,4.94,5.21,6.37,1,Institución universitaria/Escuela Tecnológica,No oficial,bogota d c,bogota dc
4.94,5.21,6.37,6.17,2,Institución universitaria/Escuela Tecnológica,No oficial,bogota d c,bogota dc
5.21,6.37,6.17,6.46,1,Institución universitaria/Escuela Tecnológica,No oficial,bogota d c,bogota dc
6.37,6.17,6.46,6.74,2,Institución universitaria/Escuela Tecnológica,No oficial,bogota d c,bogota dc
6.17,6.46,6.74,10.18,1,Institución universitaria/Escuela Tecnológica,No oficial,bogota d c,bogota dc
6.46,6.74,10.18,1.57,2,Institución universitaria/Escuela Tecnológica,No oficial,bogota d c,bogota dc
6.74,10.18,1.57,4.57,1,Institución universitaria/Escuela Tecnológica,No oficial,bogota d c,bogota dc
10.18,1.57,4.57,15.72,2,Institución universitaria/Escuela Tecnológica,No oficial,bogota d c,bogota dc
1.57,4.57,15.72,8.36,1,Institución universitaria/Escuela Tecnológica,No oficial,bogota d c,bogota dc
4.57,15.72,8.36,7.18,2,Institución universitaria/Escuela Tecnológica,No oficial,bogota d c,bogota dc
15.72,8.36,7.18,5.69,1,Institución universitaria/Escuela Tecnológica,No oficial,bogota d c,bogota dc
8.36,7.18,5.69,4.28,2,Institución universitaria/Escuela Tecnológica,No oficial,bogota d c,bogota dc
7.18,5.69,4.28,5.47,1,Institución universitaria/Escuela Tecnológica,No oficial,bogota d c,bogota dc
5.69,4.28,5.47,5.94,2,Institución universitaria/Escuela Tecnológica,No oficial,bogota d c,bogota dc
4.28,5.47,5.94,3.55,1,Institución universitaria/Escuela Tecnológica,No oficial,bogota d c,bogota dc
5.47,5.94,3.55,7.86,2,Institución universitaria/Escuela Tecnológica,No oficial,bogota d c,bogota dc
5.94,3.55,7.86,11.76,1,Institución universitaria/Escuela Tecnológica,No oficial,bogota d c,bogota dc
3.55,7.86,11.76,15.71,2,Institución universitaria/Escuela Tecnológica,No oficial,bogota d c,bogota dc
7.86,11.76,15.71,3.17,1,Institución universitaria/Escuela Tecnológica,No oficial,bogota d c,bogota dc
11.76,15.71,3.17,3.31,2,Institución universitaria/Escuela Tecnológica,No oficial,bogota d c,bogota dc
15.71,3.17,3.31,6.13,1,Institución universitaria/Escuela Tecnológica,No oficial,bogota d c,bogota dc
3.17,3.31,6.13,3.22,2,Institución universitaria/Escuela Tecnológica,No oficial,bogota d c,bogota dc
3.31,6.13,3.22,3.92,1,Institución universitaria/Escuela Tecnológica,No oficial,bogota d c,bogota dc
6.13,3.22,3.92,1.62,2,Institución universitaria/Escuela Tecnológica,No oficial,bogota d c,bogota dc
3.22,3.92,1.62,9.24,1,Institución universitaria/Escuela Tecnológica,No oficial,bogota d c,bogota dc
3.92,1.62,9.24,8.35,2,Institución universitaria/Escuela Tecnológica,No oficial,bogota d c,bogota dc
1.62,9.24,8.35,8.76,1,Institución universitaria/Escuela Tecnológica,No oficial,bogota d c,bogota dc
9.24,8.35,8.76,9.52,2,Institución universitaria/Escuela Tecnológica,No oficial,bogota d c,bogota dc
8.35,8.76,9.52,8.5,1,Institución universitaria/Escuela Tecnológica,No oficial,bogota d c,bogota dc
8.76,9.52,8.5,6.99,2,Institución universitaria/Escuela Tecnológica,No oficial,bogota d c,bogota dc
9.52,8.5,6.99,11.66,1,Institución universitaria/Escuela Tecnológica,No oficial,bogota d c,bogota dc
8.5,6.99,11.66,9.86,2,Institución universitaria/Escuela Tecnológica,No oficial,bogota d c,bogota dc
6.99,11.66,9.86,9.25,1,Institución universitaria/Escuela Tecnológica,No oficial,bogota d c,bogota dc
11.66,9.86,9.25,10.48,2,Institución universitaria/Escuela Tecnológica,No oficial,bogota d c,bogota dc
9.86,9.25,10.48,11.69,1,Institución universitaria/Escuela Tecnológica,No oficial,bogota d c,bogota dc
9.25,10.48,11.69,10.64,2,Institución universitaria/Escuela Tecnológica,No oficial,bogota d c,bogota dc
10.48,11.69,10.64,10.99,1,Institución universitaria/Escuela Tecnológica,No oficial,bogota d c,bogota dc
11.69,10.64,10.99,10.11,2,Institución universitaria/Escuela Tecnológica,No oficial,bogota d c,bogota dc
10.64,10.99,10.11,12.98,1,Institución universitaria/Escuela Tecnológica,No oficial,bogota d c,bogota dc
10.99,10.11,12.98,14.35,2,Institución universitaria/Escuela Tecnológica,No oficial,bogota d c,bogota dc
10.11,12.98,14.35,12.13,1,Institución universitaria/Escuela Tecnológica,No oficial,bogota d c,bogota dc
12.98,14.35,12.13,14.48,2,Institución universitaria/Escuela Tecnológica,No oficial,bogota d c,bogota dc
14.35,12.13,14.48,12.17,1,Institución universitaria/Escuela Tecnológica,No oficial,bogota d c,bogota dc
0.0,0.0,11.05,9.06,1,Institución universitaria/Escuela Tecnológica,No oficial,santander,san gil
0.0,11.05,9.06,9.01,2,Institución universitaria/Escuela Tecnológica,No oficial,santander,san gil
11.05,9.06,9.01,11.33,1,Institución universitaria/Escuela Tecnológica,No oficial,santander,san gil
9.06,9.01,11.33,9.4,2,Institución universitaria/Escuela Tecnológica,No oficial,santander,san gil
9.01,11.33,9.4,14.62,1,Institución universitaria/Escuela Tecnológica,No oficial,santander,san gil
11.33,9.4,14.62,14.5,2,Institución universitaria/Escuela Tecnológica,No oficial,santander,san gil
9.4,14.62,14.5,10.0,1,Institución universitaria/Escuela Tecnológica,No oficial,santander,san gil
14.62,14.5,10.0,7.0,2,Institución universitaria/Escuela Tecnológica,No oficial,santander,san gil
14.5,10.0,7.0,7.47,1,Institución universitaria/Escuela Tecnológica,No oficial,santander,san gil
10.0,7.0,7.47,9.48,2,Institución universitaria/Escuela Tecnológica,No oficial,santander,san gil
7.0,7.47,9.48,9.11,1,Institución universitaria/Escuela Tecnológica,No oficial,santander,san gil
7.47,9.48,9.11,11.74,2,Institución universitaria/Escuela Tecnológica,No oficial,santander,san gil
9.48,9.11,11.74,10.95,1,Institución universitaria/Escuela Tecnológica,No oficial,santander,san gil
9.11,11.74,10.95,19.5,2,Institución universitaria/Escuela Tecnológica,No oficial,santander,san gil
11.74,10.95,19.5,6.96,1,Institución universitaria/Escuela Tecnológica,No oficial,santander,san gil
10.95,19.5,6.96,8.29,2,Institución universitaria/Escuela Tecnológica,No oficial,santander,san gil
19.5,6.96,8.29,7.94,1,Institución universitaria/Escuela Tecnológica,No oficial,santander,san gil
6.96,8.29,7.94,7.18,2,Institución universitaria/Escuela Tecnológica,No oficial,santander,san gil
8.29,7.94,7.18,10.22,1,Institución universitaria/Escuela Tecnológica,No oficial,santander,san gil
7.94,7.18,10.22,10.28,2,Institución universitaria/Escuela Tecnológica,No oficial,santander,san gil
7.18,10.22,10.28,8.34,1,Institución universitaria/Escuela Tecnológica,No oficial,santander,san gil
10.22,10.28,8.34,12.77,2,Institución universitaria/Escuela Tecnológica,No oficial,santander,san gil
10.28,8.34,12.77,10.91,1,Institución universitaria/Escuela Tecnológica,No oficial,santander,san gil
8.34,12.77,10.91,9.63,2,Institución universitaria/Escuela Tecnológica,No oficial,santander,san gil
12.77,10.91,9.63,8.32,1,Institución universitaria/Escuela Tecnológica,No oficial,santander,san gil
10.91,9.63,8.32,10.13,2,Institución universitaria/Escuela Tecnológica,No oficial,santander,san gil
9.63,8.32,10.13,9.96,1,Institución universitaria/Escuela Tecnológica,No oficial,santander,san gil
8.32,10.13,9.96,10.23,2,Institución universitaria/Escuela Tecnológica,No oficial,santander,san gil
10.13,9.96,10.23,10.39,1,Institución universitaria/Escuela Tecnológica,No oficial,santander,san gil
9.96,10.23,10.39,11.34,2,Institución universitaria/Escuela Tecnológica,No oficial,santander,san gil
10.23,10.39,11.34,10.63,1,Institución universitaria/Escuela Tecnológica,No oficial,santander,san gil
10.39,11.34,10.63,10.63,2,Institución universitaria/Escuela Tecnológica,No oficial,santander,san gil
11.34,10.63,10.63,10.64,1,Institución universitaria/Escuela Tecnológica,No oficial,santander,san gil
10.63,10.63,10.64,9.5,2,Institución universitaria/Escuela Tecnológica,No oficial,santander,san gil
10.63,10.64,9.5,8.5,1,Institución universitaria/Escuela Tecnológica,No oficial,santander,san gil
10.64,9.5,8.5,10.49,2,Institución universitaria/Escuela Tecnológica,No oficial,santander,san gil
9.5,8.5,10.49,9.7,1,Institución universitaria/Escuela Tecnológica,No oficial,santander,san gil
8.5,10.49,9.7,8.87,2,Institución universitaria/Escuela Tecnológica,No oficial,santander,san gil
10.49,9.7,8.87,8.78,1,Institución universitaria/Escuela Tecnológica,No oficial,santander,san gil
9.7,8.87,8.78,9.42,2,Institución universitaria/Escuela Tecnológica,No oficial,santander,san gil
8.87,8.78,9.42,9.29,1,Institución universitaria/Escuela Tecnológica,No oficial,santander,san gil
8.78,9.42,9.29,10.45,2,Institución universitaria/Escuela Tecnológica,No oficial,santander,san gil
9.42,9.29,10.45,11.76,1,Institución universitaria/Escuela Tecnológica,No oficial,santander,san gil
9.29,10.45,11.76,12.73,2,Institución universitaria/Escuela Tecnológica,No oficial,santander,san gil
10.45,11.76,12.73,9.85,1,Institución universitaria/Escuela Tecnológica,No oficial,santander,san gil
11.76,12.73,9.85,9.16,2,Institución universitaria/Escuela Tecnológica,No oficial,santander,san gil
12.73,9.85,9.16,9.16,1,Institución universitaria/Escuela Tecnológica,No oficial,santander,san gil
0.0,0.0,15.02,11.56,1,Institución universitaria/Escuela Tecnológica,No oficial,bogota d c,bogota dc
0.0,15.02,11.56,14.62,2,Institución universitaria/Escuela Tecnológica,No oficial,bogota d c,bogota dc
15.02,11.56,14.62,12.86,1,Institución universitaria/Escuela Tecnológica,No oficial,bogota d c,bogota dc
11.56,14.62,12.86,11.46,2,Institución universitaria/Escuela Tecnológica,No oficial,bogota d c,bogota dc
14.62,12.86,11.46,10.32,1,Institución universitaria/Escuela Tecnológica,No oficial,bogota d c,bogota dc
12.86,11.46,10.32,9.58,2,Institución universitaria/Escuela Tecnológica,No oficial,bogota d c,bogota dc
11.46,10.32,9.58,9.79,1,Institución universitaria/Escuela Tecnológica,No oficial,bogota d c,bogota dc
10.32,9.58,9.79,8.87,2,Institución universitaria/Escuela Tecnológica,No oficial,bogota d c,bogota dc
9.58,9.79,8.87,9.79,1,Institución universitaria/Escuela Tecnológica,No oficial,bogota d c,bogota dc
9.79,8.87,9.79,10.08,2,Institución universitaria/Escuela Tecnológica,No oficial,bogota d c,bogota dc
8.87,9.79,10.08,9.76,1,Institución universitaria/Escuela Tecnológica,No oficial,bogota d c,bogota dc
9.79,10.08,9.76,9.92,2,Institución universitaria/Escuela Tecnológica,No oficial,bogota d c,bogota dc
10.08,9.76,9.92,9.34,1,Institución universitaria/Escuela Tecnológica,No oficial,bogota d c,bogota dc
9.76,9.92,9.34,9.45,2,Institución universitaria/Escuela Tecnológica,No oficial,bogota d c,bogota dc
9.92,9.34,9.45,9.91,1,Institución universitaria/Escuela Tecnológica,No oficial,bogota d c,bogota dc
9.34,9.45,9.91,10.36,2,Institución universitaria/Escuela Tecnológica,No oficial,bogota d c,bogota dc
9.45,9.91,10.36,34.08,1,Institución universitaria/Escuela Tecnológica,No oficial,bogota d c,bogota dc
9.91,10.36,34.08,7.84,2,Institución universitaria/Escuela Tecnológica,No oficial,bogota d c,bogota dc
10.36,34.08,7.84,7.23,1,Institución universitaria/Escuela Tecnológica,No oficial,bogota d c,bogota dc
34.08,7.84,7.23,9.85,2,Institución universitaria/Escuela Tecnológica,No oficial,bogota d c,bogota dc
7.84,7.23,9.85,12.19,1,Institución universitaria/Escuela Tecnológica,No oficial,bogota d c,bogota dc
7.23,9.85,12.19,11.09,2,Institución universitaria/Escuela Tecnológica,No oficial,bogota d c,bogota dc
9.85,12.19,11.09,13.1,1,Institución universitaria/Escuela Tecnológica,No oficial,bogota d c,bogota dc
12.19,11.09,13.1,16.05,2,Institución universitaria/Escuela Tecnológica,No oficial,bogota d c,bogota dc
11.09,13.1,16.05,22.38,1,Institución universitaria/Escuela Tecnológica,No oficial,bogota d c,bogota dc
13.1,16.05,22.38,14.59,2,Institución universitaria/Escuela Tecnológica,No oficial,bogota d c,bogota dc
16.05,22.38,14.59,14.92,1,Institución universitaria/Escuela Tecnológica,No oficial,bogota d c,bogota dc
22.38,14.59,14.92,14.21,2,Institución universitaria/Escuela Tecnológica,No oficial,bogota d c,bogota dc
14.59,14.92,14.21,17.06,1,Institución universitaria/Escuela Tecnológica,No oficial,bogota d c,bogota dc
14.92,14.21,17.06,17.09,2,Institución universitaria/Escuela Tecnológica,No oficial,bogota d c,bogota dc
14.21,17.06,17.09,14.16,1,Institución universitaria/Escuela Tecnológica,No oficial,bogota d c,bogota dc
17.06,17.09,14.16,16.77,2,Institución universitaria/Escuela Tecnológica,No oficial,bogota d c,bogota dc
17.09,14.16,16.77,17.64,1,Institución universitaria/Escuela Tecnológica,No oficial,bogota d c,bogota dc
14.16,16.77,17.64,12.89,2,Institución universitaria/Escuela Tecnológica,No oficial,bogota d c,bogota dc
16.77,17.64,12.89,12.3,1,Institución universitaria/Escuela Tecnológica,No oficial,bogota d c,bogota dc
17.64,12.89,12.3,12.58,2,Institución universitaria/Escuela Tecnológica,No oficial,bogota d c,bogota dc
12.89,12.3,12.58,11.88,1,Institución universitaria/Escuela Tecnológica,No oficial,bogota d c,bogota dc
12.3,12.58,11.88,12.09,2,Institución universitaria/Escuela Tecnológica,No oficial,bogota d c,bogota dc
12.58,11.88,12.09,13.26,1,Institución universitaria/Escuela Tecnológica,No oficial,bogota d c,bogota dc
11.88,12.09,13.26,12.69,2,Institución universitaria/Escuela Tecnológica,No oficial,bogota d c,bogota dc
12.09,13.26,12.69,12.76,1,Institución universitaria/Escuela Tecnológica,No oficial,bogota d c,bogota dc
13.26,12.69,12.76,14.78,2,Institución universitaria/Escuela Tecnológica,No oficial,bogota d c,bogota dc
12.69,12.76,14.78,14.73,1,Institución universitaria/Escuela Tecnológica,No oficial,bogota d c,bogota dc
12.76,14.78,14.73,15.1,2,Institución universitaria/Escuela Tecnológica,No oficial,bogota d c,bogota dc
14.78,14.73,15.1,13.24,1,Institución universitaria/Escuela Tecnológica,No oficial,bogota d c,bogota dc
14.73,15.1,13.24,12.26,2,Institución universitaria/Escuela Tecnológica,No oficial,bogota d c,bogota dc
15.1,13.24,12.26,11.18,1,Institución universitaria/Escuela Tecnológica,No oficial,bogota d c,bogota dc
0.0,0.0,4.4,8.47,1,Institución universitaria/Escuela Tecnológica,No oficial,antioquia,sabaneta
0.0,4.4,8.47,4.48,2,Institución universitaria/Escuela Tecnológica,No oficial,antioquia,sabaneta
4.4,8.47,4.48,10.53,1,Institución universitaria/Escuela Tecnológica,No oficial,antioquia,sabaneta
8.47,4.48,10.53,3.36,2,Institución universitaria/Escuela Tecnológica,No oficial,antioquia,sabaneta
4.48,10.53,3.36,10.96,1,Institución universitaria/Escuela Tecnológica,No oficial,antioquia,sabaneta
10.53,3.36,10.96,10.43,2,Institución universitaria/Escuela Tecnológica,No oficial,antioquia,sabaneta
3.36,10.96,10.43,9.98,1,Institución universitaria/Escuela Tecnológica,No oficial,antioquia,sabaneta
10.96,10.43,9.98,7.86,2,Institución universitaria/Escuela Tecnológica,No oficial,antioquia,sabaneta
10.43,9.98,7.86,9.39,1,Institución universitaria/Escuela Tecnológica,No oficial,antioquia,sabaneta
9.98,7.86,9.39,17.24,2,Institución universitaria/Escuela Tecnológica,No oficial,antioquia,sabaneta
7.86,9.39,17.24,15.43,1,Institución universitaria/Escuela Tecnológica,No oficial,antioquia,sabaneta
9.39,17.24,15.43,14.25,2,Institución universitaria/Escuela Tecnológica,No oficial,antioquia,sabaneta
17.24,15.43,14.25,31.35,1,Institución universitaria/Escuela Tecnológica,No oficial,antioquia,sabaneta
15.43,14.25,31.35,96.82,2,Institución universitaria/Escuela Tecnológica,No oficial,antioquia,sabaneta
14.25,31.35,96.82,41.71,1,Institución universitaria/Escuela Tecnológica,No oficial,antioquia,sabaneta
31.35,96.82,41.71,100.0,2,Institución universitaria/Escuela Tecnológica,No oficial,antioquia,sabaneta
96.82,41.71,100.0,44.19,1,Institución universitaria/Escuela Tecnológica,No oficial,antioquia,sabaneta
41.71,100.0,44.19,28.93,2,Institución universitaria/Escuela Tecnológica,No oficial,antioquia,sabaneta
100.0,44.19,28.93,22.65,1,Institución universitaria/Escuela Tecnológica,No oficial,antioquia,sabaneta
44.19,28.93,22.65,19.46,2,Institución universitaria/Escuela Tecnológica,No oficial,antioquia,sabaneta
28.93,22.65,19.46,22.2,1,Institución universitaria/Escuela Tecnológica,No oficial,antioquia,sabaneta
22.65,19.46,22.2,23.19,2,Institución universitaria/Escuela Tecnológica,No oficial,antioquia,sabaneta
19.46,22.2,23.19,21.48,1,Institución universitaria/Escuela Tecnológica,No oficial,antioquia,sabaneta
22.2,23.19,21.48,18.66,2,Institución universitaria/Escuela Tecnológica,No oficial,antioquia,sabaneta
23.19,21.48,18.66,23.57,1,Institución universitaria/Escuela Tecnológica,No oficial,antioquia,sabaneta
21.48,18.66,23.57,27.44,2,Institución universitaria/Escuela Tecnológica,No oficial,antioquia,sabaneta
18.66,23.57,27.44,20.27,1,Institución universitaria/Escuela Tecnológica,No oficial,antioquia,sabaneta
23.57,27.44,20.27,22.9,2,Institución universitaria/Escuela Tecnológica,No oficial,antioquia,sabaneta
27.44,20.27,22.9,14.57,1,Institución universitaria/Escuela Tecnológica,No oficial,antioquia,sabaneta
20.27,22.9,14.57,13.18,2,Institución universitaria/Escuela Tecnológica,No oficial,antioquia,sabaneta
22.9,14.57,13.18,14.45,1,Institución universitaria/Escuela Tecnológica,No oficial,antioquia,sabaneta
14.57,13.18,14.45,15.01,2,Institución universitaria/Escuela Tecnológica,No oficial,antioquia,sabaneta
13.18,14.45,15.01,14.03,1,Institución universitaria/Escuela Tecnológica,No oficial,antioquia,sabaneta
14.45,15.01,14.03,15.15,2,Institución universitaria/Escuela Tecnológica,No oficial,antioquia,sabaneta
15.01,14.03,15.15,17.39,1,Institución universitaria/Escuela Tecnológica,No oficial,antioquia,sabaneta
14.03,15.15,17.39,27.02,2,Institución universitaria/Escuela Tecnológica,No oficial,antioquia,sabaneta
15.15,17.39,27.02,17.57,1,Institución universitaria/Escuela Tecnológica,No oficial,antioquia,sabaneta
17.39,27.02,17.57,13.79,2,Institución universitaria/Escuela Tecnológica,No oficial,antioquia,sabaneta
27.02,17.57,13.79,11.47,1,Institución universitaria/Escuela Tecnológica,No oficial,antioquia,sabaneta
17.57,13.79,11.47,10.46,2,Institución universitaria/Escuela Tecnológica,No oficial,antioquia,sabaneta
13.79,11.47,10.46,16.07,1,Institución universitaria/Escuela Tecnológica,No oficial,antioquia,sabaneta
11.47,10.46,16.07,15.94,2,Institución universitaria/Escuela Tecnológica,No oficial,antioquia,sabaneta
10.46,16.07,15.94,21.79,1,Institución universitaria/Escuela Tecnológica,No oficial,antioquia,sabaneta
16.07,15.94,21.79,17.99,2,Institución universitaria/Escuela Tecnológica,No oficial,antioquia,sabaneta
15.94,21.79,17.99,14.9,1,Institución universitaria/Escuela Tecnológica,No oficial,antioquia,sabaneta
21.79,17.99,14.9,11.16,2,Institución universitaria/Escuela Tecnológica,No oficial,antioquia,sabaneta
17.99,14.9,11.16,14.49,1,Institución universitaria/Escuela Tecnológica,No oficial,antioquia,sabaneta
0.0,0.0,5.62,9.41,1,Institución universitaria/Escuela Tecnológica,No oficial,bogota d c,bogota dc
0.0,5.62,9.41,7.55,2,Institución universitaria/Escuela Tecnológica,No oficial,bogota d c,bogota dc
5.62,9.41,7.55,9.55,1,Institución universitaria/Escuela Tecnológica,No oficial,bogota d c,bogota dc
9.41,7.55,9.55,12.2,2,Institución universitaria/Escuela Tecnológica,No oficial,bogota d c,bogota dc
7.55,9.55,12.2,11.38,1,Institución universitaria/Escuela Tecnológica,No oficial,bogota d c,bogota dc
9.55,12.2,11.38,9.14,2,Institución universitaria/Escuela Tecnológica,No oficial,bogota d c,bogota dc
12.2,11.38,9.14,8.59,1,Institución universitaria/Escuela Tecnológica,No oficial,bogota d c,bogota dc
11.38,9.14,8.59,14.72,2,Institución universitaria/Escuela Tecnológica,No oficial,bogota d c,bogota dc
9.14,8.59,14.72,9.87,1,Institución universitaria/Escuela Tecnológica,No oficial,bogota d c,bogota dc
8.59,14.72,9.87,10.35,2,Institución universitaria/Escuela Tecnológica,No oficial,bogota d c,bogota dc
14.72,9.87,10.35,10.29,1,Institución universitaria/Escuela Tecnológica,No oficial,bogota d c,bogota dc
9.87,10.35,10.29,9.91,2,Institución universitaria/Escuela Tecnológica,No oficial,bogota d c,bogota dc
10.35,10.29,9.91,6.37,1,Institución universitaria/Escuela Tecnológica,No oficial,bogota d c,bogota dc
10.29,9.91,6.37,9.75,2,Institución universitaria/Escuela Tecnológica,No oficial,bogota d c,bogota dc
9.91,6.37,9.75,8.85,1,Institución universitaria/Escuela Tecnológica,No oficial,bogota d c,bogota dc
6.37,9.75,8.85,12.4,2,Institución universitaria/Escuela Tecnológica,No oficial,bogota d c,bogota dc
9.75,8.85,12.4,16.55,1,Institución universitaria/Escuela Tecnológica,No oficial,bogota d c,bogota dc
8.85,12.4,16.55,9.9,2,Institución universitaria/Escuela Tecnológica,No oficial,bogota d c,bogota dc
12.4,16.55,9.9,8.93,1,Institución universitaria/Escuela Tecnológica,No oficial,bogota d c,bogota dc
16.55,9.9,8.93,14.09,2,Institución universitaria/Escuela Tecnológica,No oficial,bogota d c,bogota dc
9.9,8.93,14.09,14.76,1,Institución universitaria/Escuela Tecnológica,No oficial,bogota d c,bogota dc
8.93,14.09,14.76,12.28,2,Institución universitaria/Escuela Tecnológica,No oficial,bogota d c,bogota dc
14.09,14.76,12.28,13.1,1,Institución universitaria/Escuela Tecnológica,No oficial,bogota d c,bogota dc
14.76,12.28,13.1,11.93,2,Institución universitaria/Escuela Tecnológica,No oficial,bogota d c,bogota dc
12.28,13.1,11.93,10.73,1,Institución universitaria/Escuela Tecnológica,No oficial,bogota d c,bogota dc
13.1,11.93,10.73,10.87,2,Institución universitaria/Escuela Tecnológica,No oficial,bogota d c,bogota dc
11.93,10.73,10.87,10.51,1,Institución universitaria/Escuela Tecnológica,No oficial,bogota d c,bogota dc
10.73,10.87,10.51,9.95,2,Institución universitaria/Escuela Tecnológica,No oficial,bogota d c,bogota dc
10.87,10.51,9.95,8.62,1,Institución universitaria/Escuela Tecnológica,No oficial,bogota d c,bogota dc
10.51,9.95,8.62,10.5,2,Institución universitaria/Escuela Tecnológica,No oficial,bogota d c,bogota dc
9.95,8.62,10.5,11.12,1,Institución universitaria/Escuela Tecnológica,No oficial,bogota d c,bogota dc
8.62,10.5,11.12,8.92,2,Institución universitaria/Escuela Tecnológica,No oficial,bogota d c,bogota dc
10.5,11.12,8.92,9.99,1,Institución universitaria/Escuela Tecnológica,No oficial,bogota d c,bogota dc
11.12,8.92,9.99,7.48,2,Institución universitaria/Escuela Tecnológica,No oficial,bogota d c,bogota dc
8.92,9.99,7.48,9.63,1,Institución universitaria/Escuela Tecnológica,No oficial,bogota d c,bogota dc
9.99,7.48,9.63,11.27,2,Institución universitaria/Escuela Tecnológica,No oficial,bogota d c,bogota dc
7.48,9.63,11.27,12.01,1,Institución universitaria/Escuela Tecnológica,No oficial,bogota d c,bogota dc
9.63,11.27,12.01,9.9,2,Institución universitaria/Escuela Tecnológica,No oficial,bogota d c,bogota dc
11.27,12.01,9.9,12.15,1,Institución universitaria/Escuela Tecnológica,No oficial,bogota d c,bogota dc
12.01,9.9,12.15,13.54,2,Institución universitaria/Escuela Tecnológica,No oficial,bogota d c,bogota dc
9.9,12.15,13.54,12.03,1,Institución universitaria/Escuela Tecnológica,No oficial,bogota d c,bogota dc
12.15,13.54,12.03,13.46,2,Institución universitaria/Escuela Tecnológica,No oficial,bogota d c,bogota dc
13.54,12.03,13.46,17.3,1,Institución universitaria/Escuela Tecnológica,No oficial,bogota d c,bogota dc
12.03,13.46,17.3,17.84,2,Institución universitaria/Escuela Tecnológica,No oficial,bogota d c,bogota dc
13.46,17.3,17.84,16.38,1,Institución universitaria/Escuela Tecnológica,No oficial,bogota d c,bogota dc
17.3,17.84,16.38,19.52,2,Institución universitaria/Escuela Tecnológica,No oficial,bogota d c,bogota dc
17.84,16.38,19.52,16.06,1,Institución universitaria/Escuela Tecnológica,No oficial,bogota d c,bogota dc
0.0,0.0,7.14,5.71,1,Institución universitaria/Escuela Tecnológica,No oficial,bogota d c,bogota dc
0.0,7.14,5.71,5.84,2,Institución universitaria/Escuela Tecnológica,No oficial,bogota d c,bogota dc
7.14,5.71,5.84,7.16,1,Institución universitaria/Escuela Tecnológica,No oficial,bogota d c,bogota dc
5.71,5.84,7.16,4.3,2,Institución universitaria/Escuela Tecnológica,No oficial,bogota d c,bogota dc
5.84,7.16,4.3,7.69,1,Institución universitaria/Escuela Tecnológica,No oficial,bogota d c,bogota dc
7.16,4.3,7.69,7.41,2,Institución universitaria/Escuela Tecnológica,No oficial,bogota d c,bogota dc
4.3,7.69,7.41,12.0,1,Institución universitaria/Escuela Tecnológica,No oficial,bogota d c,bogota dc
7.69,7.41,12.0,6.67,2,Institución universitaria/Escuela Tecnológica,No oficial,bogota d c,bogota dc
7.41,12.0,6.67,7.33,1,Institución universitaria/Escuela Tecnológica,No oficial,bogota d c,bogota dc
12.0,6.67,7.33,9.5,2,Institución universitaria/Escuela Tecnológica,No oficial,bogota d c,bogota dc
6.67,7.33,9.5,10.98,1,Institución universitaria/Escuela Tecnológica,No oficial,bogota d c,bogota dc
7.33,9.5,10.98,9.3,2,Institución universitaria/Escuela Tecnológica,No oficial,bogota d c,bogota dc
9.5,10.98,9.3,8.29,1,Institución universitaria/Escuela Tecnológica,No oficial,bogota d c,bogota dc
10.98,9.3,8.29,3.38,2,Institución universitaria/Escuela Tecnológica,No oficial,bogota d c,bogota dc
9.3,8.29,3.38,6.3,1,Institución universitaria/Escuela Tecnológica,No oficial,bogota d c,bogota dc
8.29,3.38,6.3,5.15,2,Institución universitaria/Escuela Tecnológica,No oficial,bogota d c,bogota dc
3.38,6.3,5.15,5.96,1,Institución universitaria/Escuela Tecnológica,No oficial,bogota d c,bogota dc
6.3,5.15,5.96,3.04,2,Institución universitaria/Escuela Tecnológica,No oficial,bogota d c,bogota dc
5.15,5.96,3.04,8.9,1,Institución universitaria/Escuela Tecnológica,No oficial,bogota d c,bogota dc
5.96,3.04,8.9,13.82,2,Institución universitaria/Escuela Tecnológica,No oficial,bogota d c,bogota dc
3.04,8.9,13.82,12.03,1,Institución universitaria/Escuela Tecnológica,No oficial,bogota d c,bogota dc
8.9,13.82,12.03,8.5,2,Institución universitaria/Escuela Tecnológica,No oficial,bogota d c,bogota dc
13.82,12.03,8.5,5.68,1,Institución universitaria/Escuela Tecnológica,No oficial,bogota d c,bogota dc
12.03,8.5,5.68,6.01,2,Institución universitaria/Escuela Tecnológica,No oficial,bogota d c,bogota dc
8.5,5.68,6.01,3.81,1,Institución universitaria/Escuela Tecnológica,No oficial,bogota d c,bogota dc
5.68,6.01,3.81,8.77,2,Institución universitaria/Escuela Tecnológica,No oficial,bogota d c,bogota dc
6.01,3.81,8.77,6.01,1,Institución universitaria/Escuela Tecnológica,No oficial,bogota d c,bogota dc
3.81,8.77,6.01,5.04,2,Institución universitaria/Escuela Tecnológica,No oficial,bogota d c,bogota dc
8.77,6.01,5.04,6.36,1,Institución universitaria/Escuela Tecnológica,No oficial,bogota d c,bogota dc
6.01,5.04,6.36,5.9,2,Institución universitaria/Escuela Tecnológica,No oficial,bogota d c,bogota dc
5.04,6.36,5.9,4.94,1,Institución universitaria/Escuela Tecnológica,No oficial,bogota d c,bogota dc
6.36,5.9,4.94,5.44,2,Institución universitaria/Escuela Tecnológica,No oficial,bogota d c,bogota dc
5.9,4.94,5.44,3.77,1,Institución universitaria/Escuela Tecnológica,No oficial,bogota d c,bogota dc
4.94,5.44,3.77,6.73,2,Institución universitaria/Escuela Tecnológica,No oficial,bogota d c,bogota dc
5.44,3.77,6.73,4.62,1,Institución universitaria/Escuela Tecnológica,No oficial,bogota d c,bogota dc
3.77,6.73,4.62,6.08,2,Institución universitaria/Escuela Tecnológica,No oficial,bogota d c,bogota dc
6.73,4.62,6.08,6.4,1,Institución universitaria/Escuela Tecnológica,No oficial,bogota d c,bogota dc
4.62,6.08,6.4,4.74,2,Institución universitaria/Escuela Tecnológica,No oficial,bogota d c,bogota dc
6.08,6.4,4.74,6.05,1,Institución universitaria/Escuela Tecnológica,No oficial,bogota d c,bogota dc
6.4,4.74,6.05,7.0,2,Institución universitaria/Escuela Tecnológica,No oficial,bogota d c,bogota dc
4.74,6.05,7.0,4.13,1,Institución universitaria/Escuela Tecnológica,No oficial,bogota d c,bogota dc
6.05,7.0,4.13,3.47,2,Institución universitaria/Escuela Tecnológica,No oficial,bogota d c,bogota dc
7.0,4.13,3.47,4.98,1,Institución universitaria/Escuela Tecnológica,No oficial,bogota d c,bogota dc
4.13,3.47,4.98,5.18,2,Institución universitaria/Escuela Tecnológica,No oficial,bogota d c,bogota dc
3.47,4.98,5.18,2.57,1,Institución universitaria/Escuela Tecnológica,No oficial,bogota d c,bogota dc
4.98,5.18,2.57,3.5,2,Institución universitaria/Escuela Tecnológica,No oficial,bogota d c,bogota dc
5.18,2.57,3.5,3.15,1,Institución universitaria/Escuela Tecnológica,No oficial,bogota d c,bogota dc
0.0,0.0,13.33,14.47,1,Institución universitaria/Escuela Tecnológica,No oficial,valle del cauca,cali
0.0,13.33,14.47,5.56,2,Institución universitaria/Escuela Tecnológica,No oficial,valle del cauca,cali
13.33,14.47,5.56,11.22,1,Institución universitaria/Escuela Tecnológica,No oficial,valle del cauca,cali
14.47,5.56,11.22,7.8,2,Institución universitaria/Escuela Tecnológica,No oficial,valle del cauca,cali
5.56,11.22,7.8,21.11,1,Institución universitaria/Escuela Tecnológica,No oficial,valle del cauca,cali
11.22,7.8,21.11,37.23,2,Institución universitaria/Escuela Tecnológica,No oficial,valle del cauca,cali
7.8,21.11,37.23,13.24,1,Institución universitaria/Escuela Tecnológica,No oficial,valle del cauca,cali
21.11,37.23,13.24,20.0,2,Institución universitaria/Escuela Tecnológica,No oficial,valle del cauca,cali
37.23,13.24,20.0,23.18,1,Institución universitaria/Escuela Tecnológica,No oficial,valle del cauca,cali
13.24,20.0,23.18,12.74,2,Institución universitaria/Escuela Tecnológica,No oficial,valle del cauca,cali
20.0,23.18,12.74,7.28,1,Institución universitaria/Escuela Tecnológica,No oficial,valle del cauca,cali
23.18,12.74,7.28,14.16,2,Institución universitaria/Escuela Tecnológica,No oficial,valle del cauca,cali
12.74,7.28,14.16,10.9,1,Institución universitaria/Escuela Tecnológica,No oficial,valle del cauca,cali
7.28,14.16,10.9,5.91,2,Institución universitaria/Escuela Tecnológica,No oficial,valle del cauca,cali
14.16,10.9,5.91,9.4,1,Institución universitaria/Escuela Tecnológica,No oficial,valle del cauca,cali
10.9,5.91,9.4,14.62,2,Institución universitaria/Escuela Tecnológica,No oficial,valle del cauca,cali
5.91,9.4,14.62,11.47,1,Institución universitaria/Escuela Tecnológica,No oficial,valle del cauca,cali
9.4,14.62,11.47,28.99,2,Institución universitaria/Escuela Tecnológica,No oficial,valle del cauca,cali
14.62,11.47,28.99,19.97,1,Institución universitaria/Escuela Tecnológica,No oficial,valle del cauca,cali
11.47,28.99,19.97,19.53,2,Institución universitaria/Escuela Tecnológica,No oficial,valle del cauca,cali
28.99,19.97,19.53,28.73,1,Institución universitaria/Escuela Tecnológica,No oficial,valle del cauca,cali
19.97,19.53,28.73,35.55,2,Institución universitaria/Escuela Tecnológica,No oficial,valle del cauca,cali
19.53,28.73,35.55,44.56,1,Institución universitaria/Escuela Tecnológica,No oficial,valle del cauca,cali
28.73,35.55,44.56,29.77,2,Institución universitaria/Escuela Tecnológica,No oficial,valle del cauca,cali
35.55,44.56,29.77,7.3,1,Institución universitaria/Escuela Tecnológica,No oficial,valle del cauca,cali
44.56,29.77,7.3,14.52,2,Institución universitaria/Escuela Tecnológica,No oficial,valle del cauca,cali
29.77,7.3,14.52,20.52,1,Institución universitaria/Escuela Tecnológica,No oficial,valle del cauca,cali
7.3,14.52,20.52,15.49,2,Institución universitaria/Escuela Tecnológica,No oficial,valle del cauca,cali
14.52,20.52,15.49,13.69,1,Institución universitaria/Escuela Tecnológica,No oficial,valle del cauca,cali
20.52,15.49,13.69,10.43,2,Institución universitaria/Escuela Tecnológica,No oficial,valle del cauca,cali
15.49,13.69,10.43,11.72,1,Institución universitaria/Escuela Tecnológica,No oficial,valle del cauca,cali
13.69,10.43,11.72,13.1,2,Institución universitaria/Escuela Tecnológica,No oficial,valle del cauca,cali
10.43,11.72,13.1,9.82,1,Institución universitaria/Escuela Tecnológica,No oficial,valle del cauca,cali
11.72,13.1,9.82,7.07,2,Institución universitaria/Escuela Tecnológica,No oficial,valle del cauca,cali
13.1,9.82,7.07,9.59,1,Institución universitaria/Escuela Tecnológica,No oficial,valle del cauca,cali
9.82,7.07,9.59,11.64,2,Institución universitaria/Escuela Tecnológica,No oficial,valle del cauca,cali
7.07,9.59,11.64,9.48,1,Institución universitaria/Escuela Tecnológica,No oficial,valle del cauca,cali
9.59,11.64,9.48,6.67,2,Institución universitaria/Escuela Tecnológica,No oficial,valle del cauca,cali
11.64,9.48,6.67,7.39,1,Institución universitaria/Escuela Tecnológica,No oficial,valle del cauca,cali
9.48,6.67,7.39,8.74,2,Institución universitaria/Escuela Tecnológica,No oficial,valle del cauca,cali
6.67,7.39,8.74,9.34,1,Institución universitaria/Escuela Tecnológica,No oficial,valle del cauca,cali
7.39,8.74,9.34,10.2,2,Institución universitaria/Escuela Tecnológica,No oficial,valle del cauca,cali
8.74,9.34,10.2,19.59,1,Institución universitaria/Escuela Tecnológica,No oficial,valle del cauca,cali
9.34,10.2,19.59,23.53,2,Institución universitaria/Escuela Tecnológica,No oficial,valle del cauca,cali
10.2,19.59,23.53,17.66,1,Institución universitaria/Escuela Tecnológica,No oficial,valle del cauca,cali
19.59,23.53,17.66,9.67,2,Institución universitaria/Escuela Tecnológica,No oficial,valle del cauca,cali
23.53,17.66,9.67,13.34,1,Institución universitaria/Escuela Tecnológica,No oficial,valle del cauca,cali
0.0,0.0,18.75,18.42,1,Institución universitaria/Escuela Tecnológica,No oficial,bogota d c,bogota dc
0.0,18.75,18.42,30.91,2,Institución universitaria/Escuela Tecnológica,No oficial,bogota d c,bogota dc
18.75,18.42,30.91,17.39,1,Institución universitaria/Escuela Tecnológica,No oficial,bogota d c,bogota dc
18.42,30.91,17.39,20.31,2,Institución universitaria/Escuela Tecnológica,No oficial,bogota d c,bogota dc
30.91,17.39,20.31,21.43,1,Institución universitaria/Escuela Tecnológica,No oficial,bogota d c,bogota dc
17.39,20.31,21.43,9.78,2,Institución universitaria/Escuela Tecnológica,No oficial,bogota d c,bogota dc
20.31,21.43,9.78,32.47,1,Institución universitaria/Escuela Tecnológica,No oficial,bogota d c,bogota dc
21.43,9.78,32.47,13.16,2,Institución universitaria/Escuela Tecnológica,No oficial,bogota d c,bogota dc
9.78,32.47,13.16,21.0,1,Institución universitaria/Escuela Tecnológica,No oficial,bogota d c,bogota dc
32.47,13.16,21.0,12.32,2,Institución universitaria/Escuela Tecnológica,No oficial,bogota d c,bogota dc
13.16,21.0,12.32,16.45,1,Institución universitaria/Escuela Tecnológica,No oficial,bogota d c,bogota dc
21.0,12.32,16.45,0.55,2,Institución universitaria/Escuela Tecnológica,No oficial,bogota d c,bogota dc
12.32,16.45,0.55,31.14,1,Institución universitaria/Escuela Tecnológica,No oficial,bogota d c,bogota dc
16.45,0.55,31.14,22.95,2,Institución universitaria/Escuela Tecnológica,No oficial,bogota d c,bogota dc
0.55,31.14,22.95,30.91,1,Institución universitaria/Escuela Tecnológica,No oficial,bogota d c,bogota dc
31.14,22.95,30.91,13.48,2,Institución universitaria/Escuela Tecnológica,No oficial,bogota d c,bogota dc
22.95,30.91,13.48,24.39,1,Institución universitaria/Escuela Tecnológica,No oficial,bogota d c,bogota dc
30.91,13.48,24.39,20.59,2,Institución universitaria/Escuela Tecnológica,No oficial,bogota d c,bogota dc
13.48,24.39,20.59,16.79,1,Institución universitaria/Escuela Tecnológica,No oficial,bogota d c,bogota dc
24.39,20.59,16.79,11.74,2,Institución universitaria/Escuela Tecnológica,No oficial,bogota d c,bogota dc
20.59,16.79,11.74,23.16,1,Institución universitaria/Escuela Tecnológica,No oficial,bogota d c,bogota dc
16.79,11.74,23.16,9.73,2,Institución universitaria/Escuela Tecnológica,No oficial,bogota d c,bogota dc
11.74,23.16,9.73,17.87,1,Institución universitaria/Escuela Tecnológica,No oficial,bogota d c,bogota dc
23.16,9.73,17.87,23.94,2,Institución universitaria/Escuela Tecnológica,No oficial,bogota d c,bogota dc
9.73,17.87,23.94,28.14,1,Institución universitaria/Escuela Tecnológica,No oficial,bogota d c,bogota dc
17.87,23.94,28.14,8.2,2,Institución universitaria/Escuela Tecnológica,No oficial,bogota d c,bogota dc
23.94,28.14,8.2,15.31,1,Institución universitaria/Escuela Tecnológica,No oficial,bogota d c,bogota dc
28.14,8.2,15.31,4.82,2,Institución universitaria/Escuela Tecnológica,No oficial,bogota d c,bogota dc
8.2,15.31,4.82,8.33,1,Institución universitaria/Escuela Tecnológica,No oficial,bogota d c,bogota dc
15.31,4.82,8.33,13.07,2,Institución universitaria/Escuela Tecnológica,No oficial,bogota d c,bogota dc
4.82,8.33,13.07,8.33,1,Institución universitaria/Escuela Tecnológica,No oficial,bogota d c,bogota dc
8.33,13.07,8.33,15.35,2,Institución universitaria/Escuela Tecnológica,No oficial,bogota d c,bogota dc
13.07,8.33,15.35,19.23,1,Institución universitaria/Escuela Tecnológica,No oficial,bogota d c,bogota dc
8.33,15.35,19.23,22.56,2,Institución universitaria/Escuela Tecnológica,No oficial,bogota d c,bogota dc
15.35,19.23,22.56,26.9,1,Institución universitaria/Escuela Tecnológica,No oficial,bogota d c,bogota dc
19.23,22.56,26.9,8.42,2,Institución universitaria/Escuela Tecnológica,No oficial,bogota d c,bogota dc
22.56,26.9,8.42,16.46,1,Institución universitaria/Escuela Tecnológica,No oficial,bogota d c,bogota dc
26.9,8.42,16.46,14.44,2,Institución universitaria/Escuela Tecnológica,No oficial,bogota d c,bogota dc
8.42,16.46,14.44,21.53,1,Institución universitaria/Escuela Tecnológica,No oficial,bogota d c,bogota dc
16.46,14.44,21.53,11.63,2,Institución universitaria/Escuela Tecnológica,No oficial,bogota d c,bogota dc
14.44,21.53,11.63,15.67,1,Institución universitaria/Escuela Tecnológica,No oficial,bogota d c,bogota dc
0.0,0.0,8.82,0.0,1,Institución universitaria/Escuela Tecnológica,No oficial,antioquia,medellin
0.0,8.82,0.0,2.78,2,Institución universitaria/Escuela Tecnológica,No oficial,antioquia,medellin
8.82,0.0,2.78,0.0,1,Institución universitaria/Escuela Tecnológica,No oficial,antioquia,medellin
0.0,2.78,0.0,4.26,2,Institución universitaria/Escuela Tecnológica,No oficial,antioquia,medellin
2.78,0.0,4.26,1.11,1,Institución universitaria/Escuela Tecnológica,No oficial,antioquia,medellin
0.0,4.26,1.11,2.86,2,Institución universitaria/Escuela Tecnológica,No oficial,antioquia,medellin
4.26,1.11,2.86,1.54,1,Institución universitaria/Escuela Tecnológica,No oficial,antioquia,medellin
1.11,2.86,1.54,4.58,2,Institución universitaria/Escuela Tecnológica,No oficial,antioquia,medellin
2.86,1.54,4.58,2.74,1,Institución universitaria/Escuela Tecnológica,No oficial,antioquia,medellin
1.54,4.58,2.74,3.4,2,Institución universitaria/Escuela Tecnológica,No oficial,antioquia,medellin
4.58,2.74,3.4,8.82,1,Institución universitaria/Escuela Tecnológica,No oficial,antioquia,medellin
2.74,3.4,8.82,7.27,2,Institución universitaria/Escuela Tecnológica,No oficial,antioquia,medellin
3.4,8.82,7.27,5.56,1,Institución universitaria/Escuela Tecnológica,No oficial,antioquia,medellin
8.82,7.27,5.56,5.13,2,Institución universitaria/Escuela Tecnológica,No oficial,antioquia,medellin
7.27,5.56,5.13,9.8,1,Institución universitaria/Escuela Tecnológica,No oficial,antioquia,medellin
5.56,5.13,9.8,10.0,2,Institución universitaria/Escuela Tecnológica,No oficial,antioquia,medellin
5.13,9.8,10.0,3.26,1,Institución universitaria/Escuela Tecnológica,No oficial,antioquia,medellin
9.8,10.0,3.26,1.14,2,Institución universitaria/Escuela Tecnológica,No oficial,antioquia,medellin
10.0,3.26,1.14,4.94,1,Institución universitaria/Escuela Tecnológica,No oficial,antioquia,medellin
3.26,1.14,4.94,3.37,2,Institución universitaria/Escuela Tecnológica,No oficial,antioquia,medellin
1.14,4.94,3.37,4.65,1,Institución universitaria/Escuela Tecnológica,No oficial,antioquia,medellin
4.94,3.37,4.65,7.83,2,Institución universitaria/Escuela Tecnológica,No oficial,antioquia,medellin
3.37,4.65,7.83,2.61,1,Institución universitaria/Escuela Tecnológica,No oficial,antioquia,medellin
4.65,7.83,2.61,12.61,2,Institución universitaria/Escuela Tecnológica,No oficial,antioquia,medellin
7.83,2.61,12.61,12.8,1,Institución universitaria/Escuela Tecnológica,No oficial,antioquia,medellin
2.61,12.61,12.8,6.47,2,Institución universitaria/Escuela Tecnológica,No oficial,antioquia,medellin
12.61,12.8,6.47,11.36,1,Institución universitaria/Escuela Tecnológica,No oficial,antioquia,medellin
12.8,6.47,11.36,14.69,2,Institución universitaria/Escuela Tecnológica,No oficial,antioquia,medellin
6.47,11.36,14.69,11.03,1,Institución universitaria/Escuela Tecnológica,No oficial,antioquia,medellin
11.36,14.69,11.03,8.54,2,Institución universitaria/Escuela Tecnológica,No oficial,antioquia,medellin
14.69,11.03,8.54,8.05,1,Institución universitaria/Escuela Tecnológica,No oficial,antioquia,medellin
11.03,8.54,8.05,10.81,2,Institución universitaria/Escuela Tecnológica,No oficial,antioquia,medellin
8.54,8.05,10.81,12.34,1,Institución universitaria/Escuela Tecnológica,No oficial,antioquia,medellin
8.05,10.81,12.34,11.46,2,Institución universitaria/Escuela Tecnológica,No oficial,antioquia,medellin
10.81,12.34,11.46,10.99,1,Institución universitaria/Escuela Tecnológica,No oficial,antioquia,medellin
12.34,11.46,10.99,3.87,2,Institución universitaria/Escuela Tecnológica,No oficial,antioquia,medellin
11.46,10.99,3.87,8.11,1,Institución universitaria/Escuela Tecnológica,No oficial,antioquia,medellin
10.99,3.87,8.11,5.14,2,Institución universitaria/Escuela Tecnológica,No oficial,antioquia,medellin
3.87,8.11,5.14,12.15,1,Institución universitaria/Escuela Tecnológica,No oficial,antioquia,medellin
0.0,0.0,19.74,0.49,1,Institución universitaria/Escuela Tecnológica,No oficial,risaralda,pereira
0.0,19.74,0.49,0.81,2,Institución universitaria/Escuela Tecnológica,No oficial,risaralda,pereira
19.74,0.49,0.81,1.14,1,Institución universitaria/Escuela Tecnológica,No oficial,risaralda,pereira
0.49,0.81,1.14,1.23,2,Institución universitaria/Escuela Tecnológica,No oficial,risaralda,pereira
0.81,1.14,1.23,0.56,1,Institución universitaria/Escuela Tecnológica,No oficial,risaralda,pereira
1.14,1.23,0.56,1.3,2,Institución universitaria/Escuela Tecnológica,No oficial,risaralda,pereira
1.23,0.56,1.3,1.62,1,Institución universitaria/Escuela Tecnológica,No oficial,risaralda,pereira
0.56,1.3,1.62,0.85,2,Institución universitaria/Escuela Tecnológica,No oficial,risaralda,pereira
1.3,1.62,0.85,0.97,1,Institución universitaria/Escuela Tecnológica,No oficial,risaralda,pereira
1.62,0.85,0.97,2.32,2,Institución universitaria/Escuela Tecnológica,No oficial,risaralda,pereira
0.85,0.97,2.32,2.35,1,Institución universitaria/Escuela Tecnológica,No oficial,risaralda,pereira
0.97,2.32,2.35,5.91,2,Institución universitaria/Escuela Tecnológica,No oficial,risaralda,pereira
2.32,2.35,5.91,5.79,1,Institución universitaria/Escuela Tecnológica,No oficial,risaralda,pereira
2.35,5.91,5.79,5.54,2,Institución universitaria/Escuela Tecnológica,No oficial,risaralda,pereira
5.91,5.79,5.54,8.37,1,Institución universitaria/Escuela Tecnológica,No oficial,risaralda,pereira
5.79,5.54,8.37,7.15,2,Institución universitaria/Escuela Tecnológica,No oficial,risaralda,pereira
5.54,8.37,7.15,13.39,1,Institución universitaria/Escuela Tecnológica,No oficial,risaralda,pereira
8.37,7.15,13.39,7.28,2,Institución universitaria/Escuela Tecnológica,No oficial,risaralda,pereira
7.15,13.39,7.28,6.66,1,Institución universitaria/Escuela Tecnológica,No oficial,risaralda,pereira
13.39,7.28,6.66,7.7,2,Institución universitaria/Escuela Tecnológica,No oficial,risaralda,pereira
7.28,6.66,7.7,6.59,1,Institución universitaria/Escuela Tecnológica,No oficial,risaralda,pereira
6.66,7.7,6.59,7.94,2,Institución universitaria/Escuela Tecnológica,No oficial,risaralda,pereira
7.7,6.59,7.94,10.64,1,Institución universitaria/Escuela Tecnológica,No oficial,risaralda,pereira
6.59,7.94,10.64,8.43,2,Institución universitaria/Escuela Tecnológica,No oficial,risaralda,pereira
7.94,10.64,8.43,7.14,1,Institución universitaria/Escuela Tecnológica,No oficial,risaralda,pereira
10.64,8.43,7.14,6.85,2,Institución universitaria/Escuela Tecnológica,No oficial,risaralda,pereira
8.43,7.14,6.85,7.97,1,Institución universitaria/Escuela Tecnológica,No oficial,risaralda,pereira
7.14,6.85,7.97,9.01,2,Institución universitaria/Escuela Tecnológica,No oficial,risaralda,pereira
6.85,7.97,9.01,6.76,1,Institución universitaria/Escuela Tecnológica,No oficial,risaralda,pereira
7.97,9.01,6.76,6.08,2,Institución universitaria/Escuela Tecnológica,No oficial,risaralda,pereira
9.01,6.76,6.08,6.15,1,Institución universitaria/Escuela Tecnológica,No oficial,risaralda,pereira
6.76,6.08,6.15,6.16,2,Institución universitaria/Escuela Tecnológica,No oficial,risaralda,pereira
6.08,6.15,6.16,6.27,1,Institución universitaria/Escuela Tecnológica,No oficial,risaralda,pereira
6.15,6.16,6.27,4.69,2,Institución universitaria/Escuela Tecnológica,No oficial,risaralda,pereira
6.16,6.27,4.69,5.49,1,Institución universitaria/Escuela Tecnológica,No oficial,risaralda,pereira
6.27,4.69,5.49,7.01,2,Institución universitaria/Escuela Tecnológica,No oficial,risaralda,pereira
4.69,5.49,7.01,9.35,1,Institución universitaria/Escuela Tecnológica,No oficial,risaralda,pereira
5.49,7.01,9.35,6.69,2,Institución universitaria/Escuela Tecnológica,No oficial,risaralda,pereira
7.01,9.35,6.69,8.53,1,Institución universitaria/Escuela Tecnológica,No oficial,risaralda,pereira
9.35,6.69,8.53,9.71,2,Institución universitaria/Escuela Tecnológica,No oficial,risaralda,pereira
6.69,8.53,9.71,7.95,1,Institución universitaria/Escuela Tecnológica,No oficial,risaralda,pereira
8.53,9.71,7.95,8.42,2,Institución universitaria/Escuela Tecnológica,No oficial,risaralda,pereira
9.71,7.95,8.42,8.91,1,Institución universitaria/Escuela Tecnológica,No oficial,risaralda,pereira
7.95,8.42,8.91,8.08,2,Institución universitaria/Escuela Tecnológica,No oficial,risaralda,pereira
8.42,8.91,8.08,8.92,1,Institución universitaria/Escuela Tecnológica,No oficial,risaralda,pereira
8.91,8.08,8.92,11.69,2,Institución universitaria/Escuela Tecnológica,No oficial,risaralda,pereira
8.08,8.92,11.69,7.73,1,Institución universitaria/Escuela Tecnológica,No oficial,risaralda,pereira
0.0,0.0,0.0,0.0,1,Institución universitaria/Escuela Tecnológica,No oficial,bogota d c,bogota dc
0.0,0.0,0.0,0.85,2,Institución universitaria/Escuela Tecnológica,No oficial,bogota d c,bogota dc
0.0,0.0,0.85,7.1,1,Institución universitaria/Escuela Tecnológica,No oficial,bogota d c,bogota dc
0.0,0.85,7.1,2.61,2,Institución universitaria/Escuela Tecnológica,No oficial,bogota d c,bogota dc
0.85,7.1,2.61,5.62,1,Institución universitaria/Escuela Tecnológica,No oficial,bogota d c,bogota dc
7.1,2.61,5.62,14.79,2,Institución universitaria/Escuela Tecnológica,No oficial,bogota d c,bogota dc
2.61,5.62,14.79,7.18,1,Institución universitaria/Escuela Tecnológica,No oficial,bogota d c,bogota dc
5.62,14.79,7.18,5.45,2,Institución universitaria/Escuela Tecnológica,No oficial,bogota d c,bogota dc
14.79,7.18,5.45,10.93,1,Institución universitaria/Escuela Tecnológica,No oficial,bogota d c,bogota dc
7.18,5.45,10.93,13.51,2,Institución universitaria/Escuela Tecnológica,No oficial,bogota d c,bogota dc
5.45,10.93,13.51,11.74,1,Institución universitaria/Escuela Tecnológica,No oficial,bogota d c,bogota dc
10.93,13.51,11.74,7.67,2,Institución universitaria/Escuela Tecnológica,No oficial,bogota d c,bogota dc
13.51,11.74,7.67,10.75,1,Institución universitaria/Escuela Tecnológica,No oficial,bogota d c,bogota dc
11.74,7.67,10.75,11.0,2,Institución universitaria/Escuela Tecnológica,No oficial,bogota d c,bogota dc
7.67,10.75,11.0,7.02,1,Institución universitaria/Escuela Tecnológica,No oficial,bogota d c,bogota dc
10.75,11.0,7.02,11.42,2,Institución universitaria/Escuela Tecnológica,No oficial,bogota d c,bogota dc
11.0,7.02,11.42,9.86,1,Institución universitaria/Escuela Tecnológica,No oficial,bogota d c,bogota dc
7.02,11.42,9.86,10.57,2,Institución universitaria/Escuela Tecnológica,No oficial,bogota d c,bogota dc
11.42,9.86,10.57,9.69,1,Institución universitaria/Escuela Tecnológica,No oficial,bogota d c,bogota dc
9.86,10.57,9.69,11.08,2,Institución universitaria/Escuela Tecnológica,No oficial,bogota d c,bogota dc
10.57,9.69,11.08,9.72,1,Institución universitaria/Escuela Tecnológica,No oficial,bogota d c,bogota dc
9.69,11.08,9.72,9.19,2,Institución universitaria/Escuela Tecnológica,No oficial,bogota d c,bogota dc
11.08,9.72,9.19,8.61,1,Institución universitaria/Escuela Tecnológica,No oficial,bogota d c,bogota dc
9.72,9.19,8.61,7.69,2,Institución universitaria/Escuela Tecnológica,No oficial,bogota d c,bogota dc
9.19,8.61,7.69,9.74,1,Institución universitaria/Escuela Tecnológica,No oficial,bogota d c,bogota dc
8.61,7.69,9.74,11.08,2,Institución universitaria/Escuela Tecnológica,No oficial,bogota d c,bogota dc
7.69,9.74,11.08,13.33,1,Institución universitaria/Escuela Tecnológica,No oficial,bogota d c,bogota dc
9.74,11.08,13.33,11.23,2,Institución universitaria/Escuela Tecnológica,No oficial,bogota d c,bogota dc
11.08,13.33,11.23,11.74,1,Institución universitaria/Escuela Tecnológica,No oficial,bogota d c,bogota dc
13.33,11.23,11.74,11.33,2,Institución universitaria/Escuela Tecnológica,No oficial,bogota d c,bogota dc
11.23,11.74,11.33,15.54,1,Institución universitaria/Escuela Tecnológica,No oficial,bogota d c,bogota dc
11.74,11.33,15.54,10.5,2,Institución universitaria/Escuela Tecnológica,No oficial,bogota d c,bogota dc
11.33,15.54,10.5,11.59,1,Institución universitaria/Escuela Tecnológica,No oficial,bogota d c,bogota dc
15.54,10.5,11.59,11.41,2,Institución universitaria/Escuela Tecnológica,No oficial,bogota d c,bogota dc
10.5,11.59,11.41,11.67,1,Institución universitaria/Escuela Tecnológica,No oficial,bogota d c,bogota dc
11.59,11.41,11.67,17.19,2,Institución universitaria/Escuela Tecnológica,No oficial,bogota d c,bogota dc
11.41,11.67,17.19,16.84,1,Institución universitaria/Escuela Tecnológica,No oficial,bogota d c,bogota dc
11.67,17.19,16.84,17.94,2,Institución universitaria/Escuela Tecnológica,No oficial,bogota d c,bogota dc
17.19,16.84,17.94,12.93,1,Institución universitaria/Escuela Tecnológica,No oficial,bogota d c,bogota dc
16.84,17.94,12.93,12.66,2,Institución universitaria/Escuela Tecnológica,No oficial,bogota d c,bogota dc
17.94,12.93,12.66,14.74,1,Institución universitaria/Escuela Tecnológica,No oficial,bogota d c,bogota dc
0.0,0.0,20.45,64.71,1,Institución universitaria/Escuela Tecnológica,No oficial,antioquia,apartado
0.0,20.45,64.71,25.0,2,Institución universitaria/Escuela Tecnológica,No oficial,antioquia,apartado
20.45,64.71,25.0,17.39,1,Institución universitaria/Escuela Tecnológica,No oficial,antioquia,apartado
64.71,25.0,17.39,36.0,2,Institución universitaria/Escuela Tecnológica,No oficial,antioquia,apartado
25.0,17.39,36.0,15.38,1,Institución universitaria/Escuela Tecnológica,No oficial,antioquia,apartado
17.39,36.0,15.38,0.0,2,Institución universitaria/Escuela Tecnológica,No oficial,antioquia,apartado
36.0,15.38,0.0,0.0,1,Institución universitaria/Escuela Tecnológica,No oficial,antioquia,apartado
15.38,0.0,0.0,26.47,2,Institución universitaria/Escuela Tecnológica,No oficial,antioquia,apartado
0.0,0.0,26.47,5.36,1,Institución universitaria/Escuela Tecnológica,No oficial,antioquia,apartado
0.0,26.47,5.36,2.94,2,Institución universitaria/Escuela Tecnológica,No oficial,antioquia,apartado
26.47,5.36,2.94,25.0,1,Institución universitaria/Escuela Tecnológica,No oficial,antioquia,apartado
5.36,2.94,25.0,25.71,2,Institución universitaria/Escuela Tecnológica,No oficial,antioquia,apartado
2.94,25.0,25.71,19.05,1,Institución universitaria/Escuela Tecnológica,No oficial,antioquia,apartado
25.0,25.71,19.05,16.67,2,Institución universitaria/Escuela Tecnológica,No oficial,antioquia,apartado
25.71,19.05,16.67,20.0,1,Institución universitaria/Escuela Tecnológica,No oficial,antioquia,apartado
19.05,16.67,20.0,12.0,2,Institución universitaria/Escuela Tecnológica,No oficial,antioquia,apartado
16.67,20.0,12.0,0.0,1,Institución universitaria/Escuela Tecnológica,No oficial,antioquia,apartado
20.0,12.0,0.0,0.0,2,Institución universitaria/Escuela Tecnológica,No oficial,antioquia,apartado
12.0,0.0,0.0,18.52,1,Institución universitaria/Escuela Tecnológica,No oficial,antioquia,apartado
0.0,0.0,18.52,25.0,2,Institución universitaria/Escuela Tecnológica,No oficial,antioquia,apartado
0.0,18.52,25.0,28.57,1,Institución universitaria/Escuela Tecnológica,No oficial,antioquia,apartado
18.52,25.0,28.57,8.11,2,Institución universitaria/Escuela Tecnológica,No oficial,antioquia,apartado
25.0,28.57,8.11,8.14,1,Institución universitaria/Escuela Tecnológica,No oficial,antioquia,apartado
28.57,8.11,8.14,0.9,2,Institución universitaria/Escuela Tecnológica,No oficial,antioquia,apartado
8.11,8.14,0.9,12.06,1,Institución universitaria/Escuela Tecnológica,No oficial,antioquia,apartado
8.14,0.9,12.06,8.7,2,Institución universitaria/Escuela Tecnológica,No oficial,antioquia,apartado
0.9,12.06,8.7,8.42,1,Institución universitaria/Escuela Tecnológica,No oficial,antioquia,apartado
12.06,8.7,8.42,14.61,2,Institución universitaria/Escuela Tecnológica,No oficial,antioquia,apartado
8.7,8.42,14.61,11.38,1,Institución universitaria/Escuela Tecnológica,No oficial,antioquia,apartado
8.42,14.61,11.38,15.77,2,Institución universitaria/Escuela Tecnológica,No oficial,antioquia,apartado
14.61,11.38,15.77,14.78,1,Institución universitaria/Escuela Tecnológica,No oficial,antioquia,apartado
11.38,15.77,14.78,15.95,2,Institución universitaria/Escuela Tecnológica,No oficial,antioquia,apartado
15.77,14.78,15.95,17.94,1,Institución universitaria/Escuela Tecnológica,No oficial,antioquia,apartado
14.78,15.95,17.94,16.93,2,Institución universitaria/Escuela Tecnológica,No oficial,antioquia,apartado
15.95,17.94,16.93,14.98,1,Institución universitaria/Escuela Tecnológica,No oficial,antioquia,apartado
17.94,16.93,14.98,16.55,2,Institución universitaria/Escuela Tecnológica,No oficial,antioquia,apartado
16.93,14.98,16.55,22.82,1,Institución universitaria/Escuela Tecnológica,No oficial,antioquia,apartado
0.0,0.0,14.29,4.76,1,Institución universitaria/Escuela Tecnológica,No oficial,bogota d c,bogota dc
0.0,14.29,4.76,17.33,2,Institución universitaria/Escuela Tecnológica,No oficial,bogota d c,bogota dc
14.29,4.76,17.33,10.99,1,Institución universitaria/Escuela Tecnológica,No oficial,bogota d c,bogota dc
4.76,17.33,10.99,5.31,2,Institución universitaria/Escuela Tecnológica,No oficial,bogota d c,bogota dc
17.33,10.99,5.31,0.8,1,Institución universitaria/Escuela Tecnológica,No oficial,bogota d c,bogota dc
10.99,5.31,0.8,6.92,2,Institución universitaria/Escuela Tecnológica,No oficial,bogota d c,bogota dc
5.31,0.8,6.92,15.11,1,Institución universitaria/Escuela Tecnológica,No oficial,bogota d c,bogota dc
0.8,6.92,15.11,5.7,2,Institución universitaria/Escuela Tecnológica,No oficial,bogota d c,bogota dc
6.92,15.11,5.7,2.76,1,Institución universitaria/Escuela Tecnológica,No oficial,bogota d c,bogota dc
15.11,5.7,2.76,14.39,2,Institución universitaria/Escuela Tecnológica,No oficial,bogota d c,bogota dc
5.7,2.76,14.39,10.79,1,Institución universitaria/Escuela Tecnológica,No oficial,bogota d c,bogota dc
2.76,14.39,10.79,6.43,2,Institución universitaria/Escuela Tecnológica,No oficial,bogota d c,bogota dc
14.39,10.79,6.43,3.55,1,Institución universitaria/Escuela Tecnológica,No oficial,bogota d c,bogota dc
10.79,6.43,3.55,8.45,2,Institución universitaria/Escuela Tecnológica,No oficial,bogota d c,bogota dc
6.43,3.55,8.45,8.51,1,Institución universitaria/Escuela Tecnológica,No oficial,bogota d c,bogota dc
3.55,8.45,8.51,7.69,2,Institución universitaria/Escuela Tecnológica,No oficial,bogota d c,bogota dc
8.45,8.51,7.69,7.25,1,Institución universitaria/Escuela Tecnológica,No oficial,bogota d c,bogota dc
8.51,7.69,7.25,12.41,2,Institución universitaria/Escuela Tecnológica,No oficial,bogota d c,bogota dc
7.69,7.25,12.41,7.35,1,Institución universitaria/Escuela Tecnológica,No oficial,bogota d c,bogota dc
7.25,12.41,7.35,3.65,2,Institución universitaria/Escuela Tecnológica,No oficial,bogota d c,bogota dc
12.41,7.35,3.65,7.35,1,Institución universitaria/Escuela Tecnológica,No oficial,bogota d c,bogota dc
7.35,3.65,7.35,6.8,2,Institución universitaria/Escuela Tecnológica,No oficial,bogota d c,bogota dc
3.65,7.35,6.8,4.23,1,Institución universitaria/Escuela Tecnológica,No oficial,bogota d c,bogota dc
7.35,6.8,4.23,9.8,2,Institución universitaria/Escuela Tecnológica,No oficial,bogota d c,bogota dc
6.8,4.23,9.8,11.18,1,Institución universitaria/Escuela Tecnológica,No oficial,bogota d c,bogota dc
4.23,9.8,11.18,8.0,2,Institución universitaria/Escuela Tecnológica,No oficial,bogota d c,bogota dc
9.8,11.18,8.0,8.86,1,Institución universitaria/Escuela Tecnológica,No oficial,bogota d c,bogota dc
11.18,8.0,8.86,7.41,2,Institución universitaria/Escuela Tecnológica,No oficial,bogota d c,bogota dc
8.0,8.86,7.41,5.23,1,Institución universitaria/Escuela Tecnológica,No oficial,bogota d c,bogota dc
8.86,7.41,5.23,12.34,2,Institución universitaria/Escuela Tecnológica,No oficial,bogota d c,bogota dc
7.41,5.23,12.34,14.29,1,Institución universitaria/Escuela Tecnológica,No oficial,bogota d c,bogota dc
5.23,12.34,14.29,9.74,2,Institución universitaria/Escuela Tecnológica,No oficial,bogota d c,bogota dc
12.34,14.29,9.74,8.51,1,Institución universitaria/Escuela Tecnológica,No oficial,bogota d c,bogota dc
14.29,9.74,8.51,16.18,2,Institución universitaria/Escuela Tecnológica,No oficial,bogota d c,bogota dc
9.74,8.51,16.18,17.46,1,Institución universitaria/Escuela Tecnológica,No oficial,bogota d c,bogota dc
0.0,0.0,18.18,0.0,2,Institución universitaria/Escuela Tecnológica,No oficial,tolima,espinal
0.0,18.18,0.0,11.11,1,Institución universitaria/Escuela Tecnológica,No oficial,tolima,espinal
18.18,0.0,11.11,100.0,2,Institución universitaria/Escuela Tecnológica,No oficial,tolima,espinal
0.0,11.11,100.0,39.29,1,Institución universitaria/Escuela Tecnológica,No oficial,tolima,espinal
11.11,100.0,39.29,90.91,2,Institución universitaria/Escuela Tecnológica,No oficial,tolima,espinal
100.0,39.29,90.91,64.29,1,Institución universitaria/Escuela Tecnológica,No oficial,tolima,espinal
39.29,90.91,64.29,46.58,2,Institución universitaria/Escuela Tecnológica,No oficial,tolima,espinal
90.91,64.29,46.58,20.0,1,Institución universitaria/Escuela Tecnológica,No oficial,tolima,espinal
64.29,46.58,20.0,7.27,2,Institución universitaria/Escuela Tecnológica,No oficial,tolima,espinal
46.58,20.0,7.27,2.36,1,Institución universitaria/Escuela Tecnológica,No oficial,tolima,espinal
20.0,7.27,2.36,28.33,2,Institución universitaria/Escuela Tecnológica,No oficial,tolima,espinal
7.27,2.36,28.33,100.0,1,Institución universitaria/Escuela Tecnológica,No oficial,tolima,espinal
2.36,28.33,100.0,21.85,2,Institución universitaria/Escuela Tecnológica,No oficial,tolima,espinal
28.33,100.0,21.85,6.99,1,Institución universitaria/Escuela Tecnológica,No oficial,tolima,espinal
100.0,21.85,6.99,6.7,2,Institución universitaria/Escuela Tecnológica,No oficial,tolima,espinal
21.85,6.99,6.7,12.04,1,Institución universitaria/Escuela Tecnológica,No oficial,tolima,espinal
6.99,6.7,12.04,11.67,2,Institución universitaria/Escuela Tecnológica,No oficial,tolima,espinal
6.7,12.04,11.67,11.88,1,Institución universitaria/Escuela Tecnológica,No oficial,tolima,espinal
12.04,11.67,11.88,9.9,2,Institución universitaria/Escuela Tecnológica,No oficial,tolima,espinal
11.67,11.88,9.9,7.99,1,Institución universitaria/Escuela Tecnológica,No oficial,tolima,espinal
11.88,9.9,7.99,5.66,2,Institución universitaria/Escuela Tecnológica,No oficial,tolima,espinal
9.9,7.99,5.66,7.08,1,Institución universitaria/Escuela Tecnológica,No oficial,tolima,espinal
7.99,5.66,7.08,7.77,2,Institución universitaria/Escuela Tecnológica,No oficial,tolima,espinal
5.66,7.08,7.77,8.22,1,Institución universitaria/Escuela Tecnológica,No oficial,tolima,espinal
7.08,7.77,8.22,14.67,2,Institución universitaria/Escuela Tecnológica,No oficial,tolima,espinal
7.77,8.22,14.67,7.83,1,Institución universitaria/Escuela Tecnológica,No oficial,tolima,espinal
8.22,14.67,7.83,7.81,2,Institución universitaria/Escuela Tecnológica,No oficial,tolima,espinal
14.67,7.83,7.81,8.78,1,Institución universitaria/Escuela Tecnológica,No oficial,tolima,espinal
7.83,7.81,8.78,9.74,2,Institución universitaria/Escuela Tecnológica,No oficial,tolima,espinal
7.81,8.78,9.74,6.37,1,Institución universitaria/Escuela Tecnológica,No oficial,tolima,espinal
8.78,9.74,6.37,4.46,2,Institución universitaria/Escuela Tecnológica,No oficial,tolima,espinal
9.74,6.37,4.46,5.42,1,Institución universitaria/Escuela Tecnológica,No oficial,tolima,espinal
6.37,4.46,5.42,5.65,2,Institución universitaria/Escuela Tecnológica,No oficial,tolima,espinal
4.46,5.42,5.65,7.22,1,Institución universitaria/Escuela Tecnológica,No oficial,tolima,espinal
5.42,5.65,7.22,10.77,2,Institución universitaria/Escuela Tecnológica,No oficial,tolima,espinal
5.65,7.22,10.77,3.8,1,Institución universitaria/Escuela Tecnológica,No oficial,tolima,espinal
7.22,10.77,3.8,9.02,2,Institución universitaria/Escuela Tecnológica,No oficial,tolima,espinal
10.77,3.8,9.02,7.57,1,Institución universitaria/Escuela Tecnológica,No oficial,tolima,espinal
0.0,0.0,3.01,8.07,1,Universidad,Oficial,casanare,yopal
0.0,3.01,8.07,20.51,2,Universidad,Oficial,casanare,yopal
3.01,8.07,20.51,17.69,1,Universidad,Oficial,casanare,yopal
8.07,20.51,17.69,9.88,2,Universidad,Oficial,casanare,yopal
20.51,17.69,9.88,6.06,1,Universidad,Oficial,casanare,yopal
17.69,9.88,6.06,4.27,2,Universidad,Oficial,casanare,yopal
9.88,6.06,4.27,4.81,1,Universidad,Oficial,casanare,yopal
6.06,4.27,4.81,4.77,2,Universidad,Oficial,casanare,yopal
4.27,4.81,4.77,5.4,1,Universidad,Oficial,casanare,yopal
4.81,4.77,5.4,23.45,2,Universidad,Oficial,casanare,yopal
4.77,5.4,23.45,16.82,1,Universidad,Oficial,casanare,yopal
5.4,23.45,16.82,12.64,2,Universidad,Oficial,casanare,yopal
23.45,16.82,12.64,10.38,1,Universidad,Oficial,casanare,yopal
16.82,12.64,10.38,10.2,2,Universidad,Oficial,casanare,yopal
12.64,10.38,10.2,7.66,1,Universidad,Oficial,casanare,yopal
10.38,10.2,7.66,9.52,2,Universidad,Oficial,casanare,yopal
10.2,7.66,9.52,8.3,1,Universidad,Oficial,casanare,yopal
7.66,9.52,8.3,8.71,2,Universidad,Oficial,casanare,yopal
9.52,8.3,8.71,10.5,1,Universidad,Oficial,casanare,yopal
8.3,8.71,10.5,8.89,2,Universidad,Oficial,casanare,yopal
8.71,10.5,8.89,9.7,1,Universidad,Oficial,casanare,yopal
10.5,8.89,9.7,13.25,2,Universidad,Oficial,casanare,yopal
8.89,9.7,13.25,15.69,1,Universidad,Oficial,casanare,yopal
9.7,13.25,15.69,13.1,2,Universidad,Oficial,casanare,yopal
13.25,15.69,13.1,9.17,1,Universidad,Oficial,casanare,yopal
15.69,13.1,9.17,12.02,2,Universidad,Oficial,casanare,yopal
13.1,9.17,12.02,11.1,1,Universidad,Oficial,casanare,yopal
9.17,12.02,11.1,11.71,2,Universidad,Oficial,casanare,yopal
12.02,11.1,11.71,11.99,1,Universidad,Oficial,casanare,yopal
11.1,11.71,11.99,9.75,2,Universidad,Oficial,casanare,yopal
11.71,11.99,9.75,11.34,1,Universidad,Oficial,casanare,yopal
11.99,9.75,11.34,9.24,2,Universidad,Oficial,casanare,yopal
9.75,11.34,9.24,8.48,1,Universidad,Oficial,casanare,yopal
11.34,9.24,8.48,15.58,2,Universidad,Oficial,casanare,yopal
9.24,8.48,15.58,10.56,1,Universidad,Oficial,casanare,yopal
8.48,15.58,10.56,8.34,2,Universidad,Oficial,casanare,yopal
15.58,10.56,8.34,4.52,1,Universidad,Oficial,casanare,yopal
0.0,0.0,11.36,8.59,1,Institución tecnológica,No oficial,narino,pasto
0.0,11.36,8.59,4.03,2,Institución tecnológica,No oficial,narino,pasto
11.36,8.59,4.03,12.67,1,Institución tecnológica,No oficial,narino,pasto
8.59,4.03,12.67,12.25,2,Institución tecnológica,No oficial,narino,pasto
4.03,12.67,12.25,18.97,1,Institución tecnológica,No oficial,narino,pasto
12.67,12.25,18.97,19.12,2,Institución tecnológica,No oficial,narino,pasto
12.25,18.97,19.12,22.5,1,Institución tecnológica,No oficial,narino,pasto
18.97,19.12,22.5,19.12,2,Institución tecnológica,No oficial,narino,pasto
19.12,22.5,19.12,17.66,1,Institución tecnológica,No oficial,narino,pasto
22.5,19.12,17.66,16.42,2,Institución tecnológica,No oficial,narino,pasto
19.12,17.66,16.42,7.18,1,Institución tecnológica,No oficial,narino,pasto
17.66,16.42,7.18,4.65,2,Institución tecnológica,No oficial,narino,pasto
16.42,7.18,4.65,20.25,1,Institución tecnológica,No oficial,narino,pasto
7.18,4.65,20.25,8.36,2,Institución tecnológica,No oficial,narino,pasto
4.65,20.25,8.36,9.0,1,Institución tecnológica,No oficial,narino,pasto
20.25,8.36,9.0,8.11,2,Institución tecnológica,No oficial,narino,pasto
8.36,9.0,8.11,8.34,1,Institución tecnológica,No oficial,narino,pasto
9.0,8.11,8.34,7.2,2,Institución tecnológica,No oficial,narino,pasto
8.11,8.34,7.2,6.72,1,Institución tecnológica,No oficial,narino,pasto
8.34,7.2,6.72,7.68,2,Institución tecnológica,No oficial,narino,pasto
7.2,6.72,7.68,7.21,1,Institución tecnológica,No oficial,narino,pasto
6.72,7.68,7.21,7.67,2,Institución tecnológica,No oficial,narino,pasto
7.68,7.21,7.67,9.8,1,Institución tecnológica,No oficial,narino,pasto
7.21,7.67,9.8,8.93,2,Institución tecnológica,No oficial,narino,pasto
7.67,9.8,8.93,10.12,1,Institución tecnológica,No oficial,narino,pasto
9.8,8.93,10.12,7.39,2,Institución tecnológica,No oficial,narino,pasto
8.93,10.12,7.39,6.61,1,Institución tecnológica,No oficial,narino,pasto
10.12,7.39,6.61,6.5,2,Institución tecnológica,No oficial,narino,pasto
7.39,6.61,6.5,6.72,1,Institución tecnológica,No oficial,narino,pasto
6.61,6.5,6.72,7.26,2,Institución tecnológica,No oficial,narino,pasto
6.5,6.72,7.26,8.04,1,Institución tecnológica,No oficial,narino,pasto
6.72,7.26,8.04,6.94,2,Institución tecnológica,No oficial,narino,pasto
7.26,8.04,6.94,8.7,1,Institución tecnológica,No oficial,narino,pasto
8.04,6.94,8.7,8.88,2,Institución tecnológica,No oficial,narino,pasto
6.94,8.7,8.88,7.2,1,Institución tecnológica,No oficial,narino,pasto
8.7,8.88,7.2,6.37,2,Institución tecnológica,No oficial,narino,pasto
8.88,7.2,6.37,8.94,1,Institución tecnológica,No oficial,narino,pasto
7.2,6.37,8.94,11.31,2,Institución tecnológica,No oficial,narino,pasto
6.37,8.94,11.31,8.2,1,Institución tecnológica,No oficial,narino,pasto
8.94,11.31,8.2,7.88,2,Institución tecnológica,No oficial,narino,pasto
11.31,8.2,7.88,8.23,1,Institución tecnológica,No oficial,narino,pasto
0.0,0.0,16.73,17.89,1,Institución universitaria/Escuela Tecnológica,No oficial,bogota d c,bogota dc
0.0,16.73,17.89,19.25,2,Institución universitaria/Escuela Tecnológica,No oficial,bogota d c,bogota dc
16.73,17.89,19.25,22.96,1,Institución universitaria/Escuela Tecnológica,No oficial,bogota d c,bogota dc
17.89,19.25,22.96,18.79,2,Institución universitaria/Escuela Tecnológica,No oficial,bogota d c,bogota dc
19.25,22.96,18.79,17.48,1,Institución universitaria/Escuela Tecnológica,No oficial,bogota d c,bogota dc
22.96,18.79,17.48,16.99,2,Institución universitaria/Escuela Tecnológica,No oficial,bogota d c,bogota dc
18.79,17.48,16.99,20.68,1,Institución universitaria/Escuela Tecnológica,No oficial,bogota d c,bogota dc
17.48,16.99,20.68,20.79,2,Institución universitaria/Escuela Tecnológica,No oficial,bogota d c,bogota dc
16.99,20.68,20.79,19.17,1,Institución universitaria/Escuela Tecnológica,No oficial,bogota d c,bogota dc
20.68,20.79,19.17,19.5,2,Institución universitaria/Escuela Tecnológica,No oficial,bogota d c,bogota dc
20.79,19.17,19.5,12.24,1,Institución universitaria/Escuela Tecnológica,No oficial,bogota d c,bogota dc
19.17,19.5,12.24,12.63,2,Institución universitaria/Escuela Tecnológica,No oficial,bogota d c,bogota dc
19.5,12.24,12.63,13.82,1,Institución universitaria/Escuela Tecnológica,No oficial,bogota d c,bogota dc
12.24,12.63,13.82,16.95,2,Institución universitaria/Escuela Tecnológica,No oficial,bogota d c,bogota dc
12.63,13.82,16.95,17.81,1,Institución universitaria/Escuela Tecnológica,No oficial,bogota d c,bogota dc
13.82,16.95,17.81,15.6,2,Institución universitaria/Escuela Tecnológica,No oficial,bogota d c,bogota dc
16.95,17.81,15.6,12.83,1,Institución universitaria/Escuela Tecnológica,No oficial,bogota d c,bogota dc
17.81,15.6,12.83,13.19,2,Institución universitaria/Escuela Tecnológica,No oficial,bogota d c,bogota dc
15.6,12.83,13.19,12.18,1,Institución universitaria/Escuela Tecnológica,No oficial,bogota d c,bogota dc
12.83,13.19,12.18,13.49,2,Institución universitaria/Escuela Tecnológica,No oficial,bogota d c,bogota dc
13.19,12.18,13.49,13.77,1,Institución universitaria/Escuela Tecnológica,No oficial,bogota d c,bogota dc
12.18,13.49,13.77,12.49,2,Institución universitaria/Escuela Tecnológica,No oficial,bogota d c,bogota dc
13.49,13.77,12.49,11.37,1,Institución universitaria/Escuela Tecnológica,No oficial,bogota d c,bogota dc
13.77,12.49,11.37,9.49,2,Institución universitaria/Escuela Tecnológica,No oficial,bogota d c,bogota dc
12.49,11.37,9.49,10.89,1,Institución universitaria/Escuela Tecnológica,No oficial,bogota d c,bogota dc
11.37,9.49,10.89,10.53,2,Institución universitaria/Escuela Tecnológica,No oficial,bogota d c,bogota dc
9.49,10.89,10.53,8.31,1,Institución universitaria/Escuela Tecnológica,No oficial,bogota d c,bogota dc
10.89,10.53,8.31,8.84,2,Institución universitaria/Escuela Tecnológica,No oficial,bogota d c,bogota dc
10.53,8.31,8.84,9.35,1,Institución universitaria/Escuela Tecnológica,No oficial,bogota d c,bogota dc
0.0,0.0,2.25,7.53,2,Institución universitaria/Escuela Tecnológica,No oficial,bogota d c,bogota dc
0.0,2.25,7.53,3.76,1,Institución universitaria/Escuela Tecnológica,No oficial,bogota d c,bogota dc
2.25,7.53,3.76,5.94,2,Institución universitaria/Escuela Tecnológica,No oficial,bogota d c,bogota dc
7.53,3.76,5.94,7.47,1,Institución universitaria/Escuela Tecnológica,No oficial,bogota d c,bogota dc
3.76,5.94,7.47,3.85,2,Institución universitaria/Escuela Tecnológica,No oficial,bogota d c,bogota dc
5.94,7.47,3.85,6.27,1,Institución universitaria/Escuela Tecnológica,No oficial,bogota d c,bogota dc
7.47,3.85,6.27,2.62,2,Institución universitaria/Escuela Tecnológica,No oficial,bogota d c,bogota dc
3.85,6.27,2.62,5.76,1,Institución universitaria/Escuela Tecnológica,No oficial,bogota d c,bogota dc
6.27,2.62,5.76,6.45,2,Institución universitaria/Escuela Tecnológica,No oficial,bogota d c,bogota dc
2.62,5.76,6.45,9.04,1,Institución universitaria/Escuela Tecnológica,No oficial,bogota d c,bogota dc
5.76,6.45,9.04,4.87,2,Institución universitaria/Escuela Tecnológica,No oficial,bogota d c,bogota dc
6.45,9.04,4.87,7.55,1,Institución universitaria/Escuela Tecnológica,No oficial,bogota d c,bogota dc
9.04,4.87,7.55,7.17,2,Institución universitaria/Escuela Tecnológica,No oficial,bogota d c,bogota dc
4.87,7.55,7.17,3.72,1,Institución universitaria/Escuela Tecnológica,No oficial,bogota d c,bogota dc
7.55,7.17,3.72,3.73,2,Institución universitaria/Escuela Tecnológica,No oficial,bogota d c,bogota dc
7.17,3.72,3.73,4.63,1,Institución universitaria/Escuela Tecnológica,No oficial,bogota d c,bogota dc
3.72,3.73,4.63,3.15,2,Institución universitaria/Escuela Tecnológica,No oficial,bogota d c,bogota dc
3.73,4.63,3.15,3.37,1,Institución universitaria/Escuela Tecnológica,No oficial,bogota d c,bogota dc
4.63,3.15,3.37,4.11,2,Institución universitaria/Escuela Tecnológica,No oficial,bogota d c,bogota dc
3.15,3.37,4.11,5.65,1,Institución universitaria/Escuela Tecnológica,No oficial,bogota d c,bogota dc
3.37,4.11,5.65,3.52,2,Institución universitaria/Escuela Tecnológica,No oficial,bogota d c,bogota dc
4.11,5.65,3.52,4.3,1,Institución universitaria/Escuela Tecnológica,No oficial,bogota d c,bogota dc
5.65,3.52,4.3,3.9,2,Institución universitaria/Escuela Tecnológica,No oficial,bogota d c,bogota dc
3.52,4.3,3.9,5.87,1,Institución universitaria/Escuela Tecnológica,No oficial,bogota d c,bogota dc
4.3,3.9,5.87,4.84,2,Institución universitaria/Escuela Tecnológica,No oficial,bogota d c,bogota dc
3.9,5.87,4.84,4.63,1,Institución universitaria/Escuela Tecnológica,No oficial,bogota d c,bogota dc
5.87,4.84,4.63,5.44,2,Institución universitaria/Escuela Tecnológica,No oficial,bogota d c,bogota dc
4.84,4.63,5.44,5.15,1,Institución universitaria/Escuela Tecnológica,No oficial,bogota d c,bogota dc
4.63,5.44,5.15,5.36,2,Institución universitaria/Escuela Tecnológica,No oficial,bogota d c,bogota dc
5.44,5.15,5.36,4.46,1,Institución universitaria/Escuela Tecnológica,No oficial,bogota d c,bogota dc
5.15,5.36,4.46,4.55,2,Institución universitaria/Escuela Tecnológica,No oficial,bogota d c,bogota dc
5.36,4.46,4.55,5.43,1,Institución universitaria/Escuela Tecnológica,No oficial,bogota d c,bogota dc
0.0,0.0,0.0,0.0,2,Institución universitaria/Escuela Tecnológica,No oficial,valle del cauca,cali
0.0,0.0,0.0,0.0,1,Institución universitaria/Escuela Tecnológica,No oficial,valle del cauca,cali
0.0,0.0,0.0,8.7,2,Institución universitaria/Escuela Tecnológica,No oficial,valle del cauca,cali
0.0,0.0,8.7,21.98,1,Institución universitaria/Escuela Tecnológica,No oficial,valle del cauca,cali
0.0,8.7,21.98,13.22,2,Institución universitaria/Escuela Tecnológica,No oficial,valle del cauca,cali
8.7,21.98,13.22,5.15,1,Institución universitaria/Escuela Tecnológica,No oficial,valle del cauca,cali
21.98,13.22,5.15,9.94,2,Institución universitaria/Escuela Tecnológica,No oficial,valle del cauca,cali
13.22,5.15,9.94,8.05,1,Institución universitaria/Escuela Tecnológica,No oficial,valle del cauca,cali
5.15,9.94,8.05,23.66,2,Institución universitaria/Escuela Tecnológica,No oficial,valle del cauca,cali
9.94,8.05,23.66,15.03,1,Institución universitaria/Escuela Tecnológica,No oficial,valle del cauca,cali
8.05,23.66,15.03,14.07,2,Institución universitaria/Escuela Tecnológica,No oficial,valle del cauca,cali
23.66,15.03,14.07,26.64,1,Institución universitaria/Escuela Tecnológica,No oficial,valle del cauca,cali
15.03,14.07,26.64,4.44,2,Institución universitaria/Escuela Tecnológica,No oficial,valle del cauca,cali
14.07,26.64,4.44,11.32,1,Institución universitaria/Escuela Tecnológica,No oficial,valle del cauca,cali
26.64,4.44,11.32,14.68,2,Institución universitaria/Escuela Tecnológica,No oficial,valle del cauca,cali
4.44,11.32,14.68,17.68,1,Institución universitaria/Escuela Tecnológica,No oficial,valle del cauca,cali
11.32,14.68,17.68,9.22,2,Institución universitaria/Escuela Tecnológica,No oficial,valle del cauca,cali
14.68,17.68,9.22,15.28,1,Institución universitaria/Escuela Tecnológica,No oficial,valle del cauca,cali
17.68,9.22,15.28,16.38,2,Institución universitaria/Escuela Tecnológica,No oficial,valle del cauca,cali
9.22,15.28,16.38,14.07,1,Institución universitaria/Escuela Tecnológica,No oficial,valle del cauca,cali
15.28,16.38,14.07,13.33,2,Institución universitaria/Escuela Tecnológica,No oficial,valle del cauca,cali
16.38,14.07,13.33,14.91,1,Institución universitaria/Escuela Tecnológica,No oficial,valle del cauca,cali
14.07,13.33,14.91,12.12,2,Institución universitaria/Escuela Tecnológica,No oficial,valle del cauca,cali
13.33,14.91,12.12,10.85,1,Institución universitaria/Escuela Tecnológica,No oficial,valle del cauca,cali
14.91,12.12,10.85,12.88,2,Institución universitaria/Escuela Tecnológica,No oficial,valle del cauca,cali
12.12,10.85,12.88,66.95,1,Institución universitaria/Escuela Tecnológica,No oficial,valle del cauca,cali
10.85,12.88,66.95,31.4,2,Institución universitaria/Escuela Tecnológica,No oficial,valle del cauca,cali
12.88,66.95,31.4,1.06,1,Institución universitaria/Escuela Tecnológica,No oficial,valle del cauca,cali
66.95,31.4,1.06,12.57,2,Institución universitaria/Escuela Tecnológica,No oficial,valle del cauca,cali
31.4,1.06,12.57,14.33,1,Institución universitaria/Escuela Tecnológica,No oficial,valle del cauca,cali
1.06,12.57,14.33,18.01,2,Institución universitaria/Escuela Tecnológica,No oficial,valle del cauca,cali
12.57,14.33,18.01,24.04,1,Institución universitaria/Escuela Tecnológica,No oficial,valle del cauca,cali
14.33,18.01,24.04,24.54,2,Institución universitaria/Escuela Tecnológica,No oficial,valle del cauca,cali
18.01,24.04,24.54,15.66,1,Institución universitaria/Escuela Tecnológica,No oficial,valle del cauca,cali
24.04,24.54,15.66,17.05,2,Institución universitaria/Escuela Tecnológica,No oficial,valle del cauca,cali
24.54,15.66,17.05,11.51,1,Institución universitaria/Escuela Tecnológica,No oficial,valle del cauca,cali
0.0,0.0,15.38,5.01,1,Institución universitaria/Escuela Tecnológica,No oficial,antioquia,medellin
0.0,15.38,5.01,16.11,2,Institución universitaria/Escuela Tecnológica,No oficial,antioquia,medellin
15.38,5.01,16.11,11.65,1,Institución universitaria/Escuela Tecnológica,No oficial,antioquia,medellin
5.01,16.11,11.65,15.85,2,Institución universitaria/Escuela Tecnológica,No oficial,antioquia,medellin
16.11,11.65,15.85,11.19,1,Institución universitaria/Escuela Tecnológica,No oficial,antioquia,medellin
11.65,15.85,11.19,11.88,2,Institución universitaria/Escuela Tecnológica,No oficial,antioquia,medellin
15.85,11.19,11.88,9.32,1,Institución universitaria/Escuela Tecnológica,No oficial,antioquia,medellin
11.19,11.88,9.32,6.9,2,Institución universitaria/Escuela Tecnológica,No oficial,antioquia,medellin
11.88,9.32,6.9,5.18,1,Institución universitaria/Escuela Tecnológica,No oficial,antioquia,medellin
9.32,6.9,5.18,9.0,2,Institución universitaria/Escuela Tecnológica,No oficial,antioquia,medellin
6.9,5.18,9.0,11.55,1,Institución universitaria/Escuela Tecnológica,No oficial,antioquia,medellin
5.18,9.0,11.55,8.52,2,Institución universitaria/Escuela Tecnológica,No oficial,antioquia,medellin
9.0,11.55,8.52,8.88,1,Institución universitaria/Escuela Tecnológica,No oficial,antioquia,medellin
11.55,8.52,8.88,9.41,2,Institución universitaria/Escuela Tecnológica,No oficial,antioquia,medellin
8.52,8.88,9.41,6.74,1,Institución universitaria/Escuela Tecnológica,No oficial,antioquia,medellin
8.88,9.41,6.74,9.12,2,Institución universitaria/Escuela Tecnológica,No oficial,antioquia,medellin
9.41,6.74,9.12,9.31,1,Institución universitaria/Escuela Tecnológica,No oficial,antioquia,medellin
6.74,9.12,9.31,10.47,2,Institución universitaria/Escuela Tecnológica,No oficial,antioquia,medellin
9.12,9.31,10.47,8.01,1,Institución universitaria/Escuela Tecnológica,No oficial,antioquia,medellin
9.31,10.47,8.01,8.5,2,Institución universitaria/Escuela Tecnológica,No oficial,antioquia,medellin
10.47,8.01,8.5,6.76,1,Institución universitaria/Escuela Tecnológica,No oficial,antioquia,medellin
8.01,8.5,6.76,7.79,2,Institución universitaria/Escuela Tecnológica,No oficial,antioquia,medellin
8.5,6.76,7.79,7.9,1,Institución universitaria/Escuela Tecnológica,No oficial,antioquia,medellin
6.76,7.79,7.9,7.68,2,Institución universitaria/Escuela Tecnológica,No oficial,antioquia,medellin
7.79,7.9,7.68,8.82,1,Institución universitaria/Escuela Tecnológica,No oficial,antioquia,medellin
7.9,7.68,8.82,9.62,2,Institución universitaria/Escuela Tecnológica,No oficial,antioquia,medellin
7.68,8.82,9.62,10.07,1,Institución universitaria/Escuela Tecnológica,No oficial,antioquia,medellin
8.82,9.62,10.07,9.83,2,Institución universitaria/Escuela Tecnológica,No oficial,antioquia,medellin
9.62,10.07,9.83,8.49,1,Institución universitaria/Escuela Tecnológica,No oficial,antioquia,medellin
10.07,9.83,8.49,8.63,2,Institución universitaria/Escuela Tecnológica,No oficial,antioquia,medellin
9.83,8.49,8.63,9.7,1,Institución universitaria/Escuela Tecnológica,No oficial,antioquia,medellin
8.49,8.63,9.7,10.59,2,Institución universitaria/Escuela Tecnológica,No oficial,antioquia,medellin
8.63,9.7,10.59,10.08,1,Institución universitaria/Escuela Tecnológica,No oficial,antioquia,medellin
9.7,10.59,10.08,10.38,2,Institución universitaria/Escuela Tecnológica,No oficial,antioquia,medellin
10.59,10.08,10.38,11.19,1,Institución universitaria/Escuela Tecnológica,No oficial,antioquia,medellin
10.08,10.38,11.19,11.13,2,Institución universitaria/Escuela Tecnológica,No oficial,antioquia,medellin
10.38,11.19,11.13,13.57,1,Institución universitaria/Escuela Tecnológica,No oficial,antioquia,medellin
11.19,11.13,13.57,13.33,2,Institución universitaria/Escuela Tecnológica,No oficial,antioquia,medellin
11.13,13.57,13.33,11.48,1,Institución universitaria/Escuela Tecnológica,No oficial,antioquia,medellin
13.57,13.33,11.48,13.0,2,Institución universitaria/Escuela Tecnológica,No oficial,antioquia,medellin
13.33,11.48,13.0,13.68,1,Institución universitaria/Escuela Tecnológica,No oficial,antioquia,medellin
11.48,13.0,13.68,12.43,2,Institución universitaria/Escuela Tecnológica,No oficial,antioquia,medellin
13.0,13.68,12.43,17.49,1,Institución universitaria/Escuela Tecnológica,No oficial,antioquia,medellin
13.68,12.43,17.49,17.06,2,Institución universitaria/Escuela Tecnológica,No oficial,antioquia,medellin
12.43,17.49,17.06,10.58,1,Institución universitaria/Escuela Tecnológica,No oficial,antioquia,medellin
17.49,17.06,10.58,13.34,2,Institución universitaria/Escuela Tecnológica,No oficial,antioquia,medellin
17.06,10.58,13.34,14.52,1,Institución universitaria/Escuela Tecnológica,No oficial,antioquia,medellin
0.0,0.0,11.21,12.79,1,Universidad,No oficial,atlantico,barranquilla
0.0,11.21,12.79,53.59,2,Universidad,No oficial,atlantico,barranquilla
11.21,12.79,53.59,12.78,1,Universidad,No oficial,atlantico,barranquilla
12.79,53.59,12.78,10.16,2,Universidad,No oficial,atlantico,barranquilla
53.59,12.78,10.16,10.64,1,Universidad,No oficial,atlantico,barranquilla
12.78,10.16,10.64,14.24,2,Universidad,No oficial,atlantico,barranquilla
10.16,10.64,14.24,13.23,1,Universidad,No oficial,atlantico,barranquilla
10.64,14.24,13.23,15.89,2,Universidad,No oficial,atlantico,barranquilla
14.24,13.23,15.89,14.99,1,Universidad,No oficial,atlantico,barranquilla
13.23,15.89,14.99,14.23,2,Universidad,No oficial,atlantico,barranquilla
15.89,14.99,14.23,14.96,1,Universidad,No oficial,atlantico,barranquilla
14.99,14.23,14.96,32.06,2,Universidad,No oficial,atlantico,barranquilla
14.23,14.96,32.06,12.4,1,Universidad,No oficial,atlantico,barranquilla
14.96,32.06,12.4,13.96,2,Universidad,No oficial,atlantico,barranquilla
32.06,12.4,13.96,10.6,1,Universidad,No oficial,atlantico,barranquilla
12.4,13.96,10.6,10.35,2,Universidad,No oficial,atlantico,barranquilla
13.96,10.6,10.35,9.83,1,Universidad,No oficial,atlantico,barranquilla
10.6,10.35,9.83,17.15,2,Universidad,No oficial,atlantico,barranquilla
10.35,9.83,17.15,11.88,1,Universidad,No oficial,atlantico,barranquilla
9.83,17.15,11.88,11.47,2,Universidad,No oficial,atlantico,barranquilla
17.15,11.88,11.47,10.67,1,Universidad,No oficial,atlantico,barranquilla
11.88,11.47,10.67,13.09,2,Universidad,No oficial,atlantico,barranquilla
11.47,10.67,13.09,11.32,1,Universidad,No oficial,atlantico,barranquilla
10.67,13.09,11.32,12.55,2,Universidad,No oficial,atlantico,barranquilla
13.09,11.32,12.55,11.26,1,Universidad,No oficial,atlantico,barranquilla
11.32,12.55,11.26,30.49,2,Universidad,No oficial,atlantico,barranquilla
12.55,11.26,30.49,14.31,1,Universidad,No oficial,atlantico,barranquilla
11.26,30.49,14.31,8.42,2,Universidad,No oficial,atlantico,barranquilla
30.49,14.31,8.42,12.56,1,Universidad,No oficial,atlantico,barranquilla
14.31,8.42,12.56,8.88,2,Universidad,No oficial,atlantico,barranquilla
8.42,12.56,8.88,8.79,1,Universidad,No oficial,atlantico,barranquilla
12.56,8.88,8.79,8.93,2,Universidad,No oficial,atlantico,barranquilla
8.88,8.79,8.93,7.87,1,Universidad,No oficial,atlantico,barranquilla
8.79,8.93,7.87,7.89,2,Universidad,No oficial,atlantico,barranquilla
8.93,7.87,7.89,9.09,1,Universidad,No oficial,atlantico,barranquilla
7.87,7.89,9.09,9.42,2,Universidad,No oficial,atlantico,barranquilla
7.89,9.09,9.42,8.62,1,Universidad,No oficial,atlantico,barranquilla
9.09,9.42,8.62,8.48,2,Universidad,No oficial,atlantico,barranquilla
9.42,8.62,8.48,6.9,1,Universidad,No oficial,atlantico,barranquilla
8.62,8.48,6.9,6.5,2,Universidad,No oficial,atlantico,barranquilla
8.48,6.9,6.5,6.25,1,Universidad,No oficial,atlantico,barranquilla
6.9,6.5,6.25,5.86,2,Universidad,No oficial,atlantico,barranquilla
6.5,6.25,5.86,6.96,1,Universidad,No oficial,atlantico,barranquilla
6.25,5.86,6.96,6.91,2,Universidad,No oficial,atlantico,barranquilla
5.86,6.96,6.91,3.54,1,Universidad,No oficial,atlantico,barranquilla
6.96,6.91,3.54,4.31,2,Universidad,No oficial,atlantico,barranquilla
6.91,3.54,4.31,4.05,1,Universidad,No oficial,atlantico,barranquilla
0.0,0.0,100.0,83.33,1,Universidad,No oficial,atlantico,barranquilla
0.0,100.0,83.33,0.79,2,Universidad,No oficial,atlantico,barranquilla
100.0,83.33,0.79,0.11,1,Universidad,No oficial,atlantico,barranquilla
83.33,0.79,0.11,11.69,2,Universidad,No oficial,atlantico,barranquilla
0.79,0.11,11.69,12.42,1,Universidad,No oficial,atlantico,barranquilla
0.11,11.69,12.42,15.18,2,Universidad,No oficial,atlantico,barranquilla
11.69,12.42,15.18,13.77,1,Universidad,No oficial,atlantico,barranquilla
12.42,15.18,13.77,14.56,2,Universidad,No oficial,atlantico,barranquilla
15.18,13.77,14.56,14.54,1,Universidad,No oficial,atlantico,barranquilla
13.77,14.56,14.54,16.02,2,Universidad,No oficial,atlantico,barranquilla
14.56,14.54,16.02,14.85,1,Universidad,No oficial,atlantico,barranquilla
14.54,16.02,14.85,14.98,2,Universidad,No oficial,atlantico,barranquilla
16.02,14.85,14.98,14.12,1,Universidad,No oficial,atlantico,barranquilla
14.85,14.98,14.12,11.84,2,Universidad,No oficial,atlantico,barranquilla
14.98,14.12,11.84,9.05,1,Universidad,No oficial,atlantico,barranquilla
14.12,11.84,9.05,14.45,2,Universidad,No oficial,atlantico,barranquilla
11.84,9.05,14.45,25.31,1,Universidad,No oficial,atlantico,barranquilla
9.05,14.45,25.31,10.15,2,Universidad,No oficial,atlantico,barranquilla
14.45,25.31,10.15,9.26,1,Universidad,No oficial,atlantico,barranquilla
25.31,10.15,9.26,11.4,2,Universidad,No oficial,atlantico,barranquilla
10.15,9.26,11.4,14.88,1,Universidad,No oficial,atlantico,barranquilla
9.26,11.4,14.88,10.89,2,Universidad,No oficial,atlantico,barranquilla
11.4,14.88,10.89,9.88,1,Universidad,No oficial,atlantico,barranquilla
14.88,10.89,9.88,10.19,2,Universidad,No oficial,atlantico,barranquilla
10.89,9.88,10.19,9.69,1,Universidad,No oficial,atlantico,barranquilla
9.88,10.19,9.69,10.01,2,Universidad,No oficial,atlantico,barranquilla
10.19,9.69,10.01,10.91,1,Universidad,No oficial,atlantico,barranquilla
9.69,10.01,10.91,10.93,2,Universidad,No oficial,atlantico,barranquilla
10.01,10.91,10.93,10.78,1,Universidad,No oficial,atlantico,barranquilla
10.91,10.93,10.78,10.91,2,Universidad,No oficial,atlantico,barranquilla
10.93,10.78,10.91,11.1,1,Universidad,No oficial,atlantico,barranquilla
10.78,10.91,11.1,10.34,2,Universidad,No oficial,atlantico,barranquilla
10.91,11.1,10.34,9.82,1,Universidad,No oficial,atlantico,barranquilla
11.1,10.34,9.82,10.84,2,Universidad,No oficial,atlantico,barranquilla
10.34,9.82,10.84,10.04,1,Universidad,No oficial,atlantico,barranquilla
9.82,10.84,10.04,8.43,2,Universidad,No oficial,atlantico,barranquilla
10.84,10.04,8.43,10.51,1,Universidad,No oficial,atlantico,barranquilla
10.04,8.43,10.51,9.58,2,Universidad,No oficial,atlantico,barranquilla
8.43,10.51,9.58,9.91,1,Universidad,No oficial,atlantico,barranquilla
10.51,9.58,9.91,8.62,2,Universidad,No oficial,atlantico,barranquilla
9.58,9.91,8.62,8.73,1,Universidad,No oficial,atlantico,barranquilla
9.91,8.62,8.73,8.52,2,Universidad,No oficial,atlantico,barranquilla
8.62,8.73,8.52,9.74,1,Universidad,No oficial,atlantico,barranquilla
8.73,8.52,9.74,11.1,2,Universidad,No oficial,atlantico,barranquilla
8.52,9.74,11.1,7.05,1,Universidad,No oficial,atlantico,barranquilla
9.74,11.1,7.05,7.56,2,Universidad,No oficial,atlantico,barranquilla
11.1,7.05,7.56,7.88,1,Universidad,No oficial,atlantico,barranquilla
0.0,0.0,7.16,7.25,1,Universidad,No oficial,bogota d c,bogota dc
0.0,7.16,7.25,10.33,2,Universidad,No oficial,bogota d c,bogota dc
7.16,7.25,10.33,11.64,1,Universidad,No oficial,bogota d c,bogota dc
7.25,10.33,11.64,17.03,2,Universidad,No oficial,bogota d c,bogota dc
10.33,11.64,17.03,13.21,1,Universidad,No oficial,bogota d c,bogota dc
11.64,17.03,13.21,11.16,2,Universidad,No oficial,bogota d c,bogota dc
17.03,13.21,11.16,6.31,1,Universidad,No oficial,bogota d c,bogota dc
13.21,11.16,6.31,7.86,2,Universidad,No oficial,bogota d c,bogota dc
11.16,6.31,7.86,8.32,1,Universidad,No oficial,bogota d c,bogota dc
6.31,7.86,8.32,9.07,2,Universidad,No oficial,bogota d c,bogota dc
7.86,8.32,9.07,9.88,1,Universidad,No oficial,bogota d c,bogota dc
8.32,9.07,9.88,10.65,2,Universidad,No oficial,bogota d c,bogota dc
9.07,9.88,10.65,10.41,1,Universidad,No oficial,bogota d c,bogota dc
9.88,10.65,10.41,12.88,2,Universidad,No oficial,bogota d c,bogota dc
10.65,10.41,12.88,9.66,1,Universidad,No oficial,bogota d c,bogota dc
10.41,12.88,9.66,11.93,2,Universidad,No oficial,bogota d c,bogota dc
12.88,9.66,11.93,10.42,1,Universidad,No oficial,bogota d c,bogota dc
9.66,11.93,10.42,12.31,2,Universidad,No oficial,bogota d c,bogota dc
11.93,10.42,12.31,16.34,1,Universidad,No oficial,bogota d c,bogota dc
10.42,12.31,16.34,14.84,2,Universidad,No oficial,bogota d c,bogota dc
12.31,16.34,14.84,14.2,1,Universidad,No oficial,bogota d c,bogota dc
16.34,14.84,14.2,16.13,2,Universidad,No oficial,bogota d c,bogota dc
14.84,14.2,16.13,18.8,1,Universidad,No oficial,bogota d c,bogota dc
14.2,16.13,18.8,13.03,2,Universidad,No oficial,bogota d c,bogota dc
16.13,18.8,13.03,13.29,1,Universidad,No oficial,bogota d c,bogota dc
18.8,13.03,13.29,16.01,2,Universidad,No oficial,bogota d c,bogota dc
13.03,13.29,16.01,18.29,1,Universidad,No oficial,bogota d c,bogota dc
13.29,16.01,18.29,11.52,2,Universidad,No oficial,bogota d c,bogota dc
16.01,18.29,11.52,9.32,1,Universidad,No oficial,bogota d c,bogota dc
18.29,11.52,9.32,12.41,2,Universidad,No oficial,bogota d c,bogota dc
11.52,9.32,12.41,9.05,1,Universidad,No oficial,bogota d c,bogota dc
9.32,12.41,9.05,14.04,2,Universidad,No oficial,bogota d c,bogota dc
12.41,9.05,14.04,14.29,1,Universidad,No oficial,bogota d c,bogota dc
9.05,14.04,14.29,9.55,2,Universidad,No oficial,bogota d c,bogota dc
14.04,14.29,9.55,6.97,1,Universidad,No oficial,bogota d c,bogota dc
14.29,9.55,6.97,7.28,2,Universidad,No oficial,bogota d c,bogota dc
9.55,6.97,7.28,7.26,1,Universidad,No oficial,bogota d c,bogota dc
6.97,7.28,7.26,7.65,2,Universidad,No oficial,bogota d c,bogota dc
7.28,7.26,7.65,5.66,1,Universidad,No oficial,bogota d c,bogota dc
7.26,7.65,5.66,6.86,2,Universidad,No oficial,bogota d c,bogota dc
7.65,5.66,6.86,5.78,1,Universidad,No oficial,bogota d c,bogota dc
5.66,6.86,5.78,5.77,2,Universidad,No oficial,bogota d c,bogota dc
6.86,5.78,5.77,5.89,1,Universidad,No oficial,bogota d c,bogota dc
5.78,5.77,5.89,4.66,2,Universidad,No oficial,bogota d c,bogota dc
5.77,5.89,4.66,3.94,1,Universidad,No oficial,bogota d c,bogota dc
5.89,4.66,3.94,4.78,2,Universidad,No oficial,bogota d c,bogota dc
4.66,3.94,4.78,6.17,1,Universidad,No oficial,bogota d c,bogota dc
0.0,0.0,100.0,10.49,1,Universidad,No oficial,bogota d c,bogota dc
0.0,100.0,10.49,11.07,2,Universidad,No oficial,bogota d c,bogota dc
100.0,10.49,11.07,12.18,1,Universidad,No oficial,bogota d c,bogota dc
10.49,11.07,12.18,15.03,2,Universidad,No oficial,bogota d c,bogota dc
11.07,12.18,15.03,13.72,1,Universidad,No oficial,bogota d c,bogota dc
12.18,15.03,13.72,14.4,2,Universidad,No oficial,bogota d c,bogota dc
15.03,13.72,14.4,2.14,1,Universidad,No oficial,bogota d c,bogota dc
13.72,14.4,2.14,22.78,2,Universidad,No oficial,bogota d c,bogota dc
14.4,2.14,22.78,9.47,1,Universidad,No oficial,bogota d c,bogota dc
2.14,22.78,9.47,9.84,2,Universidad,No oficial,bogota d c,bogota dc
22.78,9.47,9.84,9.08,1,Universidad,No oficial,bogota d c,bogota dc
9.47,9.84,9.08,10.17,2,Universidad,No oficial,bogota d c,bogota dc
9.84,9.08,10.17,51.78,1,Universidad,No oficial,bogota d c,bogota dc
9.08,10.17,51.78,12.06,2,Universidad,No oficial,bogota d c,bogota dc
10.17,51.78,12.06,12.8,1,Universidad,No oficial,bogota d c,bogota dc
51.78,12.06,12.8,10.18,2,Universidad,No oficial,bogota d c,bogota dc
12.06,12.8,10.18,9.03,1,Universidad,No oficial,bogota d c,bogota dc
12.8,10.18,9.03,12.41,2,Universidad,No oficial,bogota d c,bogota dc
10.18,9.03,12.41,13.53,1,Universidad,No oficial,bogota d c,bogota dc
9.03,12.41,13.53,15.92,2,Universidad,No oficial,bogota d c,bogota dc
12.41,13.53,15.92,15.7,1,Universidad,No oficial,bogota d c,bogota dc
13.53,15.92,15.7,16.56,2,Universidad,No oficial,bogota d c,bogota dc
15.92,15.7,16.56,14.31,1,Universidad,No oficial,bogota d c,bogota dc
15.7,16.56,14.31,13.95,2,Universidad,No oficial,bogota d c,bogota dc
16.56,14.31,13.95,12.92,1,Universidad,No oficial,bogota d c,bogota dc
14.31,13.95,12.92,15.01,2,Universidad,No oficial,bogota d c,bogota dc
13.95,12.92,15.01,14.85,1,Universidad,No oficial,bogota d c,bogota dc
12.92,15.01,14.85,14.87,2,Universidad,No oficial,bogota d c,bogota dc
15.01,14.85,14.87,12.49,1,Universidad,No oficial,bogota d c,bogota dc
14.85,14.87,12.49,9.64,2,Universidad,No oficial,bogota d c,bogota dc
14.87,12.49,9.64,10.95,1,Universidad,No oficial,bogota d c,bogota dc
12.49,9.64,10.95,8.98,2,Universidad,No oficial,bogota d c,bogota dc
9.64,10.95,8.98,8.75,1,Universidad,No oficial,bogota d c,bogota dc
10.95,8.98,8.75,8.82,2,Universidad,No oficial,bogota d c,bogota dc
8.98,8.75,8.82,9.4,1,Universidad,No oficial,bogota d c,bogota dc
8.75,8.82,9.4,8.9,2,Universidad,No oficial,bogota d c,bogota dc
8.82,9.4,8.9,8.69,1,Universidad,No oficial,bogota d c,bogota dc
9.4,8.9,8.69,7.96,2,Universidad,No oficial,bogota d c,bogota dc
8.9,8.69,7.96,7.84,1,Universidad,No oficial,bogota d c,bogota dc
8.69,7.96,7.84,8.55,2,Universidad,No oficial,bogota d c,bogota dc
7.96,7.84,8.55,9.25,1,Universidad,No oficial,bogota d c,bogota dc
7.84,8.55,9.25,9.99,2,Universidad,No oficial,bogota d c,bogota dc
8.55,9.25,9.99,10.9,1,Universidad,No oficial,bogota d c,bogota dc
9.25,9.99,10.9,7.79,2,Universidad,No oficial,bogota d c,bogota dc
9.99,10.9,7.79,8.34,1,Universidad,No oficial,bogota d c,bogota dc
10.9,7.79,8.34,7.73,2,Universidad,No oficial,bogota d c,bogota dc
7.79,8.34,7.73,6.19,1,Universidad,No oficial,bogota d c,bogota dc
0.0,0.0,0.27,12.06,1,Universidad,No oficial,antioquia,envigado
0.0,0.27,12.06,4.95,2,Universidad,No oficial,antioquia,envigado
0.27,12.06,4.95,4.62,1,Universidad,No oficial,antioquia,envigado
12.06,4.95,4.62,6.9,2,Universidad,No oficial,antioquia,envigado
4.95,4.62,6.9,5.14,1,Universidad,No oficial,antioquia,envigado
4.62,6.9,5.14,4.73,2,Universidad,No oficial,antioquia,envigado
6.9,5.14,4.73,1.68,1,Universidad,No oficial,antioquia,envigado
5.14,4.73,1.68,6.46,2,Universidad,No oficial,antioquia,envigado
4.73,1.68,6.46,1.65,1,Universidad,No oficial,antioquia,envigado
1.68,6.46,1.65,3.66,2,Universidad,No oficial,antioquia,envigado
6.46,1.65,3.66,2.53,1,Universidad,No oficial,antioquia,envigado
1.65,3.66,2.53,4.42,2,Universidad,No oficial,antioquia,envigado
3.66,2.53,4.42,3.64,1,Universidad,No oficial,antioquia,envigado
2.53,4.42,3.64,5.36,2,Universidad,No oficial,antioquia,envigado
4.42,3.64,5.36,5.91,1,Universidad,No oficial,antioquia,envigado
3.64,5.36,5.91,7.44,2,Universidad,No oficial,antioquia,envigado
5.36,5.91,7.44,5.55,1,Universidad,No oficial,antioquia,envigado
5.91,7.44,5.55,6.08,2,Universidad,No oficial,antioquia,envigado
7.44,5.55,6.08,7.35,1,Universidad,No oficial,antioquia,envigado
5.55,6.08,7.35,7.94,2,Universidad,No oficial,antioquia,envigado
6.08,7.35,7.94,5.76,1,Universidad,No oficial,antioquia,envigado
7.35,7.94,5.76,9.05,2,Universidad,No oficial,antioquia,envigado
7.94,5.76,9.05,5.32,1,Universidad,No oficial,antioquia,envigado
5.76,9.05,5.32,7.18,2,Universidad,No oficial,antioquia,envigado
9.05,5.32,7.18,5.27,1,Universidad,No oficial,antioquia,envigado
5.32,7.18,5.27,6.82,2,Universidad,No oficial,antioquia,envigado
7.18,5.27,6.82,5.71,1,Universidad,No oficial,antioquia,envigado
5.27,6.82,5.71,7.28,2,Universidad,No oficial,antioquia,envigado
6.82,5.71,7.28,8.66,1,Universidad,No oficial,antioquia,envigado
5.71,7.28,8.66,7.58,2,Universidad,No oficial,antioquia,envigado
7.28,8.66,7.58,5.4,1,Universidad,No oficial,antioquia,envigado
8.66,7.58,5.4,5.66,2,Universidad,No oficial,antioquia,envigado
7.58,5.4,5.66,4.5,1,Universidad,No oficial,antioquia,envigado
5.4,5.66,4.5,6.36,2,Universidad,No oficial,antioquia,envigado
5.66,4.5,6.36,4.43,1,Universidad,No oficial,antioquia,envigado
4.5,6.36,4.43,7.69,2,Universidad,No oficial,antioquia,envigado
6.36,4.43,7.69,5.9,1,Universidad,No oficial,antioquia,envigado
4.43,7.69,5.9,7.23,2,Universidad,No oficial,antioquia,envigado
7.69,5.9,7.23,4.01,1,Universidad,No oficial,antioquia,envigado
5.9,7.23,4.01,5.34,2,Universidad,No oficial,antioquia,envigado
7.23,4.01,5.34,5.67,1,Universidad,No oficial,antioquia,envigado
4.01,5.34,5.67,5.82,2,Universidad,No oficial,antioquia,envigado
5.34,5.67,5.82,3.29,1,Universidad,No oficial,antioquia,envigado
5.67,5.82,3.29,3.23,2,Universidad,No oficial,antioquia,envigado
5.82,3.29,3.23,4.0,1,Universidad,No oficial,antioquia,envigado
3.29,3.23,4.0,5.97,2,Universidad,No oficial,antioquia,envigado
3.23,4.0,5.97,7.16,1,Universidad,No oficial,antioquia,envigado
0.0,0.0,30.42,3.49,1,Institución universitaria/Escuela Tecnológica,No oficial,antioquia,medellin
0.0,30.42,3.49,6.83,2,Institución universitaria/Escuela Tecnológica,No oficial,antioquia,medellin
30.42,3.49,6.83,9.27,1,Institución universitaria/Escuela Tecnológica,No oficial,antioquia,medellin
3.49,6.83,9.27,21.57,2,Institución universitaria/Escuela Tecnológica,No oficial,antioquia,medellin
6.83,9.27,21.57,80.56,1,Institución universitaria/Escuela Tecnológica,No oficial,antioquia,medellin
9.27,21.57,80.56,12.74,2,Institución universitaria/Escuela Tecnológica,No oficial,antioquia,medellin
21.57,80.56,12.74,16.52,1,Institución universitaria/Escuela Tecnológica,No oficial,antioquia,medellin
80.56,12.74,16.52,21.99,2,Institución universitaria/Escuela Tecnológica,No oficial,antioquia,medellin
12.74,16.52,21.99,17.32,1,Institución universitaria/Escuela Tecnológica,No oficial,antioquia,medellin
16.52,21.99,17.32,18.95,2,Institución universitaria/Escuela Tecnológica,No oficial,antioquia,medellin
21.99,17.32,18.95,10.94,1,Institución universitaria/Escuela Tecnológica,No oficial,antioquia,medellin
17.32,18.95,10.94,8.03,2,Institución universitaria/Escuela Tecnológica,No oficial,antioquia,medellin
18.95,10.94,8.03,21.08,1,Institución universitaria/Escuela Tecnológica,No oficial,antioquia,medellin
10.94,8.03,21.08,10.91,2,Institución universitaria/Escuela Tecnológica,No oficial,antioquia,medellin
8.03,21.08,10.91,9.63,1,Institución universitaria/Escuela Tecnológica,No oficial,antioquia,medellin
21.08,10.91,9.63,6.83,2,Institución universitaria/Escuela Tecnológica,No oficial,antioquia,medellin
10.91,9.63,6.83,6.77,1,Institución universitaria/Escuela Tecnológica,No oficial,antioquia,medellin
9.63,6.83,6.77,9.19,2,Institución universitaria/Escuela Tecnológica,No oficial,antioquia,medellin
6.83,6.77,9.19,7.77,1,Institución universitaria/Escuela Tecnológica,No oficial,antioquia,medellin
6.77,9.19,7.77,8.6,2,Institución universitaria/Escuela Tecnológica,No oficial,antioquia,medellin
9.19,7.77,8.6,7.22,1,Institución universitaria/Escuela Tecnológica,No oficial,antioquia,medellin
7.77,8.6,7.22,9.11,2,Institución universitaria/Escuela Tecnológica,No oficial,antioquia,medellin
8.6,7.22,9.11,15.15,1,Institución universitaria/Escuela Tecnológica,No oficial,antioquia,medellin
7.22,9.11,15.15,7.04,2,Institución universitaria/Escuela Tecnológica,No oficial,antioquia,medellin
9.11,15.15,7.04,6.98,1,Institución universitaria/Escuela Tecnológica,No oficial,antioquia,medellin
15.15,7.04,6.98,7.78,2,Institución universitaria/Escuela Tecnológica,No oficial,antioquia,medellin
7.04,6.98,7.78,6.65,1,Institución universitaria/Escuela Tecnológica,No oficial,antioquia,medellin
6.98,7.78,6.65,7.35,2,Institución universitaria/Escuela Tecnológica,No oficial,antioquia,medellin
7.78,6.65,7.35,7.45,1,Institución universitaria/Escuela Tecnológica,No oficial,antioquia,medellin
6.65,7.35,7.45,8.73,2,Institución universitaria/Escuela Tecnológica,No oficial,antioquia,medellin
7.35,7.45,8.73,11.99,1,Institución universitaria/Escuela Tecnológica,No oficial,antioquia,medellin
7.45,8.73,11.99,7.31,2,Institución universitaria/Escuela Tecnológica,No oficial,antioquia,medellin
8.73,11.99,7.31,6.25,1,Institución universitaria/Escuela Tecnológica,No oficial,antioquia,medellin
11.99,7.31,6.25,8.01,2,Institución universitaria/Escuela Tecnológica,No oficial,antioquia,medellin
7.31,6.25,8.01,8.8,1,Institución universitaria/Escuela Tecnológica,No oficial,antioquia,medellin
6.25,8.01,8.8,9.87,2,Institución universitaria/Escuela Tecnológica,No oficial,antioquia,medellin
8.01,8.8,9.87,11.86,1,Institución universitaria/Escuela Tecnológica,No oficial,antioquia,medellin
8.8,9.87,11.86,7.67,2,Institución universitaria/Escuela Tecnológica,No oficial,antioquia,medellin
9.87,11.86,7.67,8.5,1,Institución universitaria/Escuela Tecnológica,No oficial,antioquia,medellin
11.86,7.67,8.5,7.48,2,Institución universitaria/Escuela Tecnológica,No oficial,antioquia,medellin
7.67,8.5,7.48,9.58,1,Institución universitaria/Escuela Tecnológica,No oficial,antioquia,medellin
8.5,7.48,9.58,8.32,2,Institución universitaria/Escuela Tecnológica,No oficial,antioquia,medellin
7.48,9.58,8.32,9.35,1,Institución universitaria/Escuela Tecnológica,No oficial,antioquia,medellin
9.58,8.32,9.35,7.85,2,Institución universitaria/Escuela Tecnológica,No oficial,antioquia,medellin
8.32,9.35,7.85,10.01,1,Institución universitaria/Escuela Tecnológica,No oficial,antioquia,medellin
9.35,7.85,10.01,6.4,2,Institución universitaria/Escuela Tecnológica,No oficial,antioquia,medellin
7.85,10.01,6.4,8.4,1,Institución universitaria/Escuela Tecnológica,No oficial,antioquia,medellin
0.0,0.0,81.13,6.98,1,Institución universitaria/Escuela Tecnológica,No oficial,risaralda,santa rosa de cabal
0.0,81.13,6.98,18.8,2,Institución universitaria/Escuela Tecnológica,No oficial,risaralda,santa rosa de cabal
81.13,6.98,18.8,15.11,1,Institución universitaria/Escuela Tecnológica,No oficial,risaralda,santa rosa de cabal
6.98,18.8,15.11,15.77,2,Institución universitaria/Escuela Tecnológica,No oficial,risaralda,santa rosa de cabal
18.8,15.11,15.77,10.33,1,Institución universitaria/Escuela Tecnológica,No oficial,risaralda,santa rosa de cabal
15.11,15.77,10.33,27.75,2,Institución universitaria/Escuela Tecnológica,No oficial,risaralda,santa rosa de cabal
15.77,10.33,27.75,18.0,1,Institución universitaria/Escuela Tecnológica,No oficial,risaralda,santa rosa de cabal
10.33,27.75,18.0,11.19,2,Institución universitaria/Escuela Tecnológica,No oficial,risaralda,santa rosa de cabal
27.75,18.0,11.19,13.54,1,Institución universitaria/Escuela Tecnológica,No oficial,risaralda,santa rosa de cabal
18.0,11.19,13.54,13.09,2,Institución universitaria/Escuela Tecnológica,No oficial,risaralda,santa rosa de cabal
11.19,13.54,13.09,9.71,1,Institución universitaria/Escuela Tecnológica,No oficial,risaralda,santa rosa de cabal
13.54,13.09,9.71,9.15,2,Institución universitaria/Escuela Tecnológica,No oficial,risaralda,santa rosa de cabal
13.09,9.71,9.15,10.48,1,Institución universitaria/Escuela Tecnológica,No oficial,risaralda,santa rosa de cabal
9.71,9.15,10.48,9.86,2,Institución universitaria/Escuela Tecnológica,No oficial,risaralda,santa rosa de cabal
9.15,10.48,9.86,33.72,1,Institución universitaria/Escuela Tecnológica,No oficial,risaralda,santa rosa de cabal
10.48,9.86,33.72,20.89,2,Institución universitaria/Escuela Tecnológica,No oficial,risaralda,santa rosa de cabal
9.86,33.72,20.89,23.02,1,Institución universitaria/Escuela Tecnológica,No oficial,risaralda,santa rosa de cabal
33.72,20.89,23.02,10.91,2,Institución universitaria/Escuela Tecnológica,No oficial,risaralda,santa rosa de cabal
20.89,23.02,10.91,14.42,1,Institución universitaria/Escuela Tecnológica,No oficial,risaralda,santa rosa de cabal
23.02,10.91,14.42,10.08,2,Institución universitaria/Escuela Tecnológica,No oficial,risaralda,santa rosa de cabal
10.91,14.42,10.08,8.25,1,Institución universitaria/Escuela Tecnológica,No oficial,risaralda,santa rosa de cabal
14.42,10.08,8.25,11.59,2,Institución universitaria/Escuela Tecnológica,No oficial,risaralda,santa rosa de cabal
10.08,8.25,11.59,22.59,1,Institución universitaria/Escuela Tecnológica,No oficial,risaralda,santa rosa de cabal
8.25,11.59,22.59,11.17,2,Institución universitaria/Escuela Tecnológica,No oficial,risaralda,santa rosa de cabal
11.59,22.59,11.17,13.78,1,Institución universitaria/Escuela Tecnológica,No oficial,risaralda,santa rosa de cabal
22.59,11.17,13.78,10.4,2,Institución universitaria/Escuela Tecnológica,No oficial,risaralda,santa rosa de cabal
11.17,13.78,10.4,14.94,1,Institución universitaria/Escuela Tecnológica,No oficial,risaralda,santa rosa de cabal
13.78,10.4,14.94,20.16,2,Institución universitaria/Escuela Tecnológica,No oficial,risaralda,santa rosa de cabal
10.4,14.94,20.16,15.69,1,Institución universitaria/Escuela Tecnológica,No oficial,risaralda,santa rosa de cabal
14.94,20.16,15.69,11.46,2,Institución universitaria/Escuela Tecnológica,No oficial,risaralda,santa rosa de cabal
20.16,15.69,11.46,7.33,1,Institución universitaria/Escuela Tecnológica,No oficial,risaralda,santa rosa de cabal
15.69,11.46,7.33,7.78,2,Institución universitaria/Escuela Tecnológica,No oficial,risaralda,santa rosa de cabal
11.46,7.33,7.78,9.73,1,Institución universitaria/Escuela Tecnológica,No oficial,risaralda,santa rosa de cabal
7.33,7.78,9.73,13.83,2,Institución universitaria/Escuela Tecnológica,No oficial,risaralda,santa rosa de cabal
7.78,9.73,13.83,9.91,1,Institución universitaria/Escuela Tecnológica,No oficial,risaralda,santa rosa de cabal
9.73,13.83,9.91,9.96,2,Institución universitaria/Escuela Tecnológica,No oficial,risaralda,santa rosa de cabal
13.83,9.91,9.96,9.28,1,Institución universitaria/Escuela Tecnológica,No oficial,risaralda,santa rosa de cabal
9.91,9.96,9.28,13.03,2,Institución universitaria/Escuela Tecnológica,No oficial,risaralda,santa rosa de cabal
9.96,9.28,13.03,10.93,1,Institución universitaria/Escuela Tecnológica,No oficial,risaralda,santa rosa de cabal
0.0,0.0,3.84,5.93,1,Institución universitaria/Escuela Tecnológica,No oficial,antioquia,caldas
0.0,3.84,5.93,39.74,2,Institución universitaria/Escuela Tecnológica,No oficial,antioquia,caldas
3.84,5.93,39.74,12.66,1,Institución universitaria/Escuela Tecnológica,No oficial,antioquia,caldas
5.93,39.74,12.66,2.05,2,Institución universitaria/Escuela Tecnológica,No oficial,antioquia,caldas
39.74,12.66,2.05,7.3,1,Institución universitaria/Escuela Tecnológica,No oficial,antioquia,caldas
12.66,2.05,7.3,7.49,2,Institución universitaria/Escuela Tecnológica,No oficial,antioquia,caldas
2.05,7.3,7.49,10.04,1,Institución universitaria/Escuela Tecnológica,No oficial,antioquia,caldas
7.3,7.49,10.04,12.16,2,Institución universitaria/Escuela Tecnológica,No oficial,antioquia,caldas
7.49,10.04,12.16,16.87,1,Institución universitaria/Escuela Tecnológica,No oficial,antioquia,caldas
10.04,12.16,16.87,12.21,2,Institución universitaria/Escuela Tecnológica,No oficial,antioquia,caldas
12.16,16.87,12.21,19.51,1,Institución universitaria/Escuela Tecnológica,No oficial,antioquia,caldas
16.87,12.21,19.51,13.37,2,Institución universitaria/Escuela Tecnológica,No oficial,antioquia,caldas
12.21,19.51,13.37,13.21,1,Institución universitaria/Escuela Tecnológica,No oficial,antioquia,caldas
19.51,13.37,13.21,9.1,2,Institución universitaria/Escuela Tecnológica,No oficial,antioquia,caldas
13.37,13.21,9.1,12.24,1,Institución universitaria/Escuela Tecnológica,No oficial,antioquia,caldas
13.21,9.1,12.24,16.23,2,Institución universitaria/Escuela Tecnológica,No oficial,antioquia,caldas
9.1,12.24,16.23,20.0,1,Institución universitaria/Escuela Tecnológica,No oficial,antioquia,caldas
12.24,16.23,20.0,12.28,2,Institución universitaria/Escuela Tecnológica,No oficial,antioquia,caldas
16.23,20.0,12.28,10.49,1,Institución universitaria/Escuela Tecnológica,No oficial,antioquia,caldas
20.0,12.28,10.49,9.88,2,Institución universitaria/Escuela Tecnológica,No oficial,antioquia,caldas
12.28,10.49,9.88,7.93,1,Institución universitaria/Escuela Tecnológica,No oficial,antioquia,caldas
10.49,9.88,7.93,9.65,2,Institución universitaria/Escuela Tecnológica,No oficial,antioquia,caldas
9.88,7.93,9.65,10.15,1,Institución universitaria/Escuela Tecnológica,No oficial,antioquia,caldas
7.93,9.65,10.15,18.2,2,Institución universitaria/Escuela Tecnológica,No oficial,antioquia,caldas
9.65,10.15,18.2,10.87,1,Institución universitaria/Escuela Tecnológica,No oficial,antioquia,caldas
10.15,18.2,10.87,7.61,2,Institución universitaria/Escuela Tecnológica,No oficial,antioquia,caldas
18.2,10.87,7.61,8.38,1,Institución universitaria/Escuela Tecnológica,No oficial,antioquia,caldas
10.87,7.61,8.38,13.49,2,Institución universitaria/Escuela Tecnológica,No oficial,antioquia,caldas
7.61,8.38,13.49,10.96,1,Institución universitaria/Escuela Tecnológica,No oficial,antioquia,caldas
8.38,13.49,10.96,10.05,2,Institución universitaria/Escuela Tecnológica,No oficial,antioquia,caldas
13.49,10.96,10.05,9.59,1,Institución universitaria/Escuela Tecnológica,No oficial,antioquia,caldas
10.96,10.05,9.59,10.39,2,Institución universitaria/Escuela Tecnológica,No oficial,antioquia,caldas
10.05,9.59,10.39,5.8,1,Institución universitaria/Escuela Tecnológica,No oficial,antioquia,caldas
9.59,10.39,5.8,7.07,2,Institución universitaria/Escuela Tecnológica,No oficial,antioquia,caldas
10.39,5.8,7.07,3.27,1,Institución universitaria/Escuela Tecnológica,No oficial,antioquia,caldas
5.8,7.07,3.27,19.87,2,Institución universitaria/Escuela Tecnológica,No oficial,antioquia,caldas
7.07,3.27,19.87,8.38,1,Institución universitaria/Escuela Tecnológica,No oficial,antioquia,caldas
3.27,19.87,8.38,10.69,2,Institución universitaria/Escuela Tecnológica,No oficial,antioquia,caldas
19.87,8.38,10.69,7.48,1,Institución universitaria/Escuela Tecnológica,No oficial,antioquia,caldas
8.38,10.69,7.48,10.85,2,Institución universitaria/Escuela Tecnológica,No oficial,antioquia,caldas
10.69,7.48,10.85,11.89,1,Institución universitaria/Escuela Tecnológica,No oficial,antioquia,caldas
7.48,10.85,11.89,11.46,2,Institución universitaria/Escuela Tecnológica,No oficial,antioquia,caldas
10.85,11.89,11.46,7.61,1,Institución universitaria/Escuela Tecnológica,No oficial,antioquia,caldas
11.89,11.46,7.61,6.73,2,Institución universitaria/Escuela Tecnológica,No oficial,antioquia,caldas
11.46,7.61,6.73,6.85,1,Institución universitaria/Escuela Tecnológica,No oficial,antioquia,caldas
7.61,6.73,6.85,7.63,2,Institución universitaria/Escuela Tecnológica,No oficial,antioquia,caldas
6.73,6.85,7.63,7.62,1,Institución universitaria/Escuela Tecnológica,No oficial,antioquia,caldas
0.0,0.0,100.0,0.0,1,Institución universitaria/Escuela Tecnológica,No oficial,sucre,sincelejo
0.0,100.0,0.0,0.0,2,Institución universitaria/Escuela Tecnológica,No oficial,sucre,sincelejo
100.0,0.0,0.0,0.22,1,Institución universitaria/Escuela Tecnológica,No oficial,sucre,sincelejo
0.0,0.0,0.22,0.4,2,Institución universitaria/Escuela Tecnológica,No oficial,sucre,sincelejo
0.0,0.22,0.4,5.8,1,Institución universitaria/Escuela Tecnológica,No oficial,sucre,sincelejo
0.22,0.4,5.8,13.95,2,Institución universitaria/Escuela Tecnológica,No oficial,sucre,sincelejo
0.4,5.8,13.95,9.72,1,Institución universitaria/Escuela Tecnológica,No oficial,sucre,sincelejo
5.8,13.95,9.72,15.28,2,Institución universitaria/Escuela Tecnológica,No oficial,sucre,sincelejo
13.95,9.72,15.28,11.57,1,Institución universitaria/Escuela Tecnológica,No oficial,sucre,sincelejo
9.72,15.28,11.57,14.92,2,Institución universitaria/Escuela Tecnológica,No oficial,sucre,sincelejo
15.28,11.57,14.92,10.29,1,Institución universitaria/Escuela Tecnológica,No oficial,sucre,sincelejo
11.57,14.92,10.29,6.84,2,Institución universitaria/Escuela Tecnológica,No oficial,sucre,sincelejo
14.92,10.29,6.84,6.41,1,Institución universitaria/Escuela Tecnológica,No oficial,sucre,sincelejo
10.29,6.84,6.41,6.6,2,Institución universitaria/Escuela Tecnológica,No oficial,sucre,sincelejo
6.84,6.41,6.6,12.26,1,Institución universitaria/Escuela Tecnológica,No oficial,sucre,sincelejo
6.41,6.6,12.26,14.26,2,Institución universitaria/Escuela Tecnológica,No oficial,sucre,sincelejo
6.6,12.26,14.26,11.13,1,Institución universitaria/Escuela Tecnológica,No oficial,sucre,sincelejo
12.26,14.26,11.13,8.08,2,Institución universitaria/Escuela Tecnológica,No oficial,sucre,sincelejo
14.26,11.13,8.08,8.24,1,Institución universitaria/Escuela Tecnológica,No oficial,sucre,sincelejo
11.13,8.08,8.24,10.53,2,Institución universitaria/Escuela Tecnológica,No oficial,sucre,sincelejo
8.08,8.24,10.53,9.57,1,Institución universitaria/Escuela Tecnológica,No oficial,sucre,sincelejo
8.24,10.53,9.57,8.61,2,Institución universitaria/Escuela Tecnológica,No oficial,sucre,sincelejo
10.53,9.57,8.61,8.65,1,Institución universitaria/Escuela Tecnológica,No oficial,sucre,sincelejo
9.57,8.61,8.65,7.69,2,Institución universitaria/Escuela Tecnológica,No oficial,sucre,sincelejo
8.61,8.65,7.69,7.08,1,Institución universitaria/Escuela Tecnológica,No oficial,sucre,sincelejo
8.65,7.69,7.08,7.02,2,Institución universitaria/Escuela Tecnológica,No oficial,sucre,sincelejo
7.69,7.08,7.02,7.96,1,Institución universitaria/Escuela Tecnológica,No oficial,sucre,sincelejo
7.08,7.02,7.96,8.47,2,Institución universitaria/Escuela Tecnológica,No oficial,sucre,sincelejo
7.02,7.96,8.47,8.73,1,Institución universitaria/Escuela Tecnológica,No oficial,sucre,sincelejo
7.96,8.47,8.73,8.4,2,Institución universitaria/Escuela Tecnológica,No oficial,sucre,sincelejo
8.47,8.73,8.4,7.57,1,Institución universitaria/Escuela Tecnológica,No oficial,sucre,sincelejo
8.73,8.4,7.57,8.09,2,Institución universitaria/Escuela Tecnológica,No oficial,sucre,sincelejo
8.4,7.57,8.09,9.84,1,Institución universitaria/Escuela Tecnológica,No oficial,sucre,sincelejo
7.57,8.09,9.84,9.02,2,Institución universitaria/Escuela Tecnológica,No oficial,sucre,sincelejo
8.09,9.84,9.02,9.76,1,Institución universitaria/Escuela Tecnológica,No oficial,sucre,sincelejo
9.84,9.02,9.76,10.01,2,Institución universitaria/Escuela Tecnológica,No oficial,sucre,sincelejo
9.02,9.76,10.01,12.84,1,Institución universitaria/Escuela Tecnológica,No oficial,sucre,sincelejo
9.76,10.01,12.84,13.04,2,Institución universitaria/Escuela Tecnológica,No oficial,sucre,sincelejo
10.01,12.84,13.04,11.17,1,Institución universitaria/Escuela Tecnológica,No oficial,sucre,sincelejo
12.84,13.04,11.17,11.01,2,Institución universitaria/Escuela Tecnológica,No oficial,sucre,sincelejo
13.04,11.17,11.01,17.96,1,Institución universitaria/Escuela Tecnológica,No oficial,sucre,sincelejo
11.17,11.01,17.96,13.02,2,Institución universitaria/Escuela Tecnológica,No oficial,sucre,sincelejo
11.01,17.96,13.02,19.05,1,Institución universitaria/Escuela Tecnológica,No oficial,sucre,sincelejo
17.96,13.02,19.05,16.07,2,Institución universitaria/Escuela Tecnológica,No oficial,sucre,sincelejo
13.02,19.05,16.07,10.86,1,Institución universitaria/Escuela Tecnológica,No oficial,sucre,sincelejo
19.05,16.07,10.86,11.4,2,Institución universitaria/Escuela Tecnológica,No oficial,sucre,sincelejo
16.07,10.86,11.4,9.54,1,Institución universitaria/Escuela Tecnológica,No oficial,sucre,sincelejo
0.0,0.0,12.77,37.97,1,Institución universitaria/Escuela Tecnológica,No oficial,bogota d c,bogota dc
0.0,12.77,37.97,36.76,2,Institución universitaria/Escuela Tecnológica,No oficial,bogota d c,bogota dc
12.77,37.97,36.76,56.79,1,Institución universitaria/Escuela Tecnológica,No oficial,bogota d c,bogota dc
37.97,36.76,56.79,100.0,2,Institución universitaria/Escuela Tecnológica,No oficial,bogota d c,bogota dc
36.76,56.79,100.0,31.87,1,Institución universitaria/Escuela Tecnológica,No oficial,bogota d c,bogota dc
56.79,100.0,31.87,5.75,2,Institución universitaria/Escuela Tecnológica,No oficial,bogota d c,bogota dc
100.0,31.87,5.75,100.0,1,Institución universitaria/Escuela Tecnológica,No oficial,bogota d c,bogota dc
31.87,5.75,100.0,41.77,2,Institución universitaria/Escuela Tecnológica,No oficial,bogota d c,bogota dc
5.75,100.0,41.77,42.07,1,Institución universitaria/Escuela Tecnológica,No oficial,bogota d c,bogota dc
100.0,41.77,42.07,28.37,2,Institución universitaria/Escuela Tecnológica,No oficial,bogota d c,bogota dc
41.77,42.07,28.37,44.83,1,Institución universitaria/Escuela Tecnológica,No oficial,bogota d c,bogota dc
42.07,28.37,44.83,46.32,2,Institución universitaria/Escuela Tecnológica,No oficial,bogota d c,bogota dc
28.37,44.83,46.32,17.85,1,Institución universitaria/Escuela Tecnológica,No oficial,bogota d c,bogota dc
44.83,46.32,17.85,36.04,2,Institución universitaria/Escuela Tecnológica,No oficial,bogota d c,bogota dc
46.32,17.85,36.04,66.73,1,Institución universitaria/Escuela Tecnológica,No oficial,bogota d c,bogota dc
17.85,36.04,66.73,22.06,2,Institución universitaria/Escuela Tecnológica,No oficial,bogota d c,bogota dc
36.04,66.73,22.06,100.0,1,Institución universitaria/Escuela Tecnológica,No oficial,bogota d c,bogota dc
66.73,22.06,100.0,56.04,2,Institución universitaria/Escuela Tecnológica,No oficial,bogota d c,bogota dc
22.06,100.0,56.04,2.2,1,Institución universitaria/Escuela Tecnológica,No oficial,bogota d c,bogota dc
100.0,56.04,2.2,20.5,2,Institución universitaria/Escuela Tecnológica,No oficial,bogota d c,bogota dc
56.04,2.2,20.5,20.97,1,Institución universitaria/Escuela Tecnológica,No oficial,bogota d c,bogota dc
2.2,20.5,20.97,32.58,2,Institución universitaria/Escuela Tecnológica,No oficial,bogota d c,bogota dc
20.5,20.97,32.58,34.34,1,Institución universitaria/Escuela Tecnológica,No oficial,bogota d c,bogota dc
20.97,32.58,34.34,20.0,2,Institución universitaria/Escuela Tecnológica,No oficial,bogota d c,bogota dc
32.58,34.34,20.0,36.44,1,Institución universitaria/Escuela Tecnológica,No oficial,bogota d c,bogota dc
34.34,20.0,36.44,67.86,2,Institución universitaria/Escuela Tecnológica,No oficial,bogota d c,bogota dc
20.0,36.44,67.86,56.52,1,Institución universitaria/Escuela Tecnológica,No oficial,bogota d c,bogota dc
36.44,67.86,56.52,48.84,2,Institución universitaria/Escuela Tecnológica,No oficial,bogota d c,bogota dc
0.0,0.0,14.42,9.92,1,Institución universitaria/Escuela Tecnológica,No oficial,bolivar,cartagena de indias
0.0,14.42,9.92,6.57,2,Institución universitaria/Escuela Tecnológica,No oficial,bolivar,cartagena de indias
14.42,9.92,6.57,8.16,1,Institución universitaria/Escuela Tecnológica,No oficial,bolivar,cartagena de indias
9.92,6.57,8.16,8.2,2,Institución universitaria/Escuela Tecnológica,No oficial,bolivar,cartagena de indias
6.57,8.16,8.2,9.63,1,Institución universitaria/Escuela Tecnológica,No oficial,bolivar,cartagena de indias
8.16,8.2,9.63,10.27,2,Institución universitaria/Escuela Tecnológica,No oficial,bolivar,cartagena de indias
8.2,9.63,10.27,3.71,1,Institución universitaria/Escuela Tecnológica,No oficial,bolivar,cartagena de indias
9.63,10.27,3.71,3.58,2,Institución universitaria/Escuela Tecnológica,No oficial,bolivar,cartagena de indias
10.27,3.71,3.58,8.98,1,Institución universitaria/Escuela Tecnológica,No oficial,bolivar,cartagena de indias
3.71,3.58,8.98,13.54,2,Institución universitaria/Escuela Tecnológica,No oficial,bolivar,cartagena de indias
3.58,8.98,13.54,20.65,1,Institución universitaria/Escuela Tecnológica,No oficial,bolivar,cartagena de indias
8.98,13.54,20.65,16.84,2,Institución universitaria/Escuela Tecnológica,No oficial,bolivar,cartagena de indias
13.54,20.65,16.84,18.55,1,Institución universitaria/Escuela Tecnológica,No oficial,bolivar,cartagena de indias
20.65,16.84,18.55,16.22,2,Institución universitaria/Escuela Tecnológica,No oficial,bolivar,cartagena de indias
16.84,18.55,16.22,18.36,1,Institución universitaria/Escuela Tecnológica,No oficial,bolivar,cartagena de indias
18.55,16.22,18.36,14.29,2,Institución universitaria/Escuela Tecnológica,No oficial,bolivar,cartagena de indias
16.22,18.36,14.29,15.59,1,Institución universitaria/Escuela Tecnológica,No oficial,bolivar,cartagena de indias
18.36,14.29,15.59,13.43,2,Institución universitaria/Escuela Tecnológica,No oficial,bolivar,cartagena de indias
14.29,15.59,13.43,17.56,1,Institución universitaria/Escuela Tecnológica,No oficial,bolivar,cartagena de indias
15.59,13.43,17.56,15.49,2,Institución universitaria/Escuela Tecnológica,No oficial,bolivar,cartagena de indias
13.43,17.56,15.49,15.4,1,Institución universitaria/Escuela Tecnológica,No oficial,bolivar,cartagena de indias
17.56,15.49,15.4,13.67,2,Institución universitaria/Escuela Tecnológica,No oficial,bolivar,cartagena de indias
15.49,15.4,13.67,12.83,1,Institución universitaria/Escuela Tecnológica,No oficial,bolivar,cartagena de indias
15.4,13.67,12.83,12.17,2,Institución universitaria/Escuela Tecnológica,No oficial,bolivar,cartagena de indias
13.67,12.83,12.17,14.78,1,Institución universitaria/Escuela Tecnológica,No oficial,bolivar,cartagena de indias
12.83,12.17,14.78,9.03,2,Institución universitaria/Escuela Tecnológica,No oficial,bolivar,cartagena de indias
12.17,14.78,9.03,14.04,1,Institución universitaria/Escuela Tecnológica,No oficial,bolivar,cartagena de indias
14.78,9.03,14.04,9.58,2,Institución universitaria/Escuela Tecnológica,No oficial,bolivar,cartagena de indias
9.03,14.04,9.58,11.1,1,Institución universitaria/Escuela Tecnológica,No oficial,bolivar,cartagena de indias
14.04,9.58,11.1,10.95,2,Institución universitaria/Escuela Tecnológica,No oficial,bolivar,cartagena de indias
9.58,11.1,10.95,14.7,1,Institución universitaria/Escuela Tecnológica,No oficial,bolivar,cartagena de indias
11.1,10.95,14.7,9.33,2,Institución universitaria/Escuela Tecnológica,No oficial,bolivar,cartagena de indias
10.95,14.7,9.33,10.85,1,Institución universitaria/Escuela Tecnológica,No oficial,bolivar,cartagena de indias
14.7,9.33,10.85,8.72,2,Institución universitaria/Escuela Tecnológica,No oficial,bolivar,cartagena de indias
9.33,10.85,8.72,8.93,1,Institución universitaria/Escuela Tecnológica,No oficial,bolivar,cartagena de indias
10.85,8.72,8.93,7.9,2,Institución universitaria/Escuela Tecnológica,No oficial,bolivar,cartagena de indias
8.72,8.93,7.9,7.84,1,Institución universitaria/Escuela Tecnológica,No oficial,bolivar,cartagena de indias
8.93,7.9,7.84,9.33,2,Institución universitaria/Escuela Tecnológica,No oficial,bolivar,cartagena de indias
7.9,7.84,9.33,10.84,1,Institución universitaria/Escuela Tecnológica,No oficial,bolivar,cartagena de indias
7.84,9.33,10.84,8.34,2,Institución universitaria/Escuela Tecnológica,No oficial,bolivar,cartagena de indias
9.33,10.84,8.34,7.5,1,Institución universitaria/Escuela Tecnológica,No oficial,bolivar,cartagena de indias
10.84,8.34,7.5,6.79,2,Institución universitaria/Escuela Tecnológica,No oficial,bolivar,cartagena de indias
8.34,7.5,6.79,8.04,1,Institución universitaria/Escuela Tecnológica,No oficial,bolivar,cartagena de indias
7.5,6.79,8.04,11.0,2,Institución universitaria/Escuela Tecnológica,No oficial,bolivar,cartagena de indias
6.79,8.04,11.0,3.95,1,Institución universitaria/Escuela Tecnológica,No oficial,bolivar,cartagena de indias
8.04,11.0,3.95,4.91,2,Institución universitaria/Escuela Tecnológica,No oficial,bolivar,cartagena de indias
11.0,3.95,4.91,5.66,1,Institución universitaria/Escuela Tecnológica,No oficial,bolivar,cartagena de indias
0.0,0.0,100.0,22.75,1,Institución universitaria/Escuela Tecnológica,No oficial,meta,villavicencio
0.0,100.0,22.75,72.02,2,Institución universitaria/Escuela Tecnológica,No oficial,meta,villavicencio
100.0,22.75,72.02,40.1,1,Institución universitaria/Escuela Tecnológica,No oficial,meta,villavicencio
22.75,72.02,40.1,29.6,2,Institución universitaria/Escuela Tecnológica,No oficial,meta,villavicencio
72.02,40.1,29.6,63.24,1,Institución universitaria/Escuela Tecnológica,No oficial,meta,villavicencio
40.1,29.6,63.24,59.58,2,Institución universitaria/Escuela Tecnológica,No oficial,meta,villavicencio
29.6,63.24,59.58,39.04,1,Institución universitaria/Escuela Tecnológica,No oficial,meta,villavicencio
63.24,59.58,39.04,3.51,2,Institución universitaria/Escuela Tecnológica,No oficial,meta,villavicencio
59.58,39.04,3.51,4.14,1,Institución universitaria/Escuela Tecnológica,No oficial,meta,villavicencio
39.04,3.51,4.14,8.09,2,Institución universitaria/Escuela Tecnológica,No oficial,meta,villavicencio
3.51,4.14,8.09,7.46,1,Institución universitaria/Escuela Tecnológica,No oficial,meta,villavicencio
4.14,8.09,7.46,6.55,2,Institución universitaria/Escuela Tecnológica,No oficial,meta,villavicencio
8.09,7.46,6.55,6.9,1,Institución universitaria/Escuela Tecnológica,No oficial,meta,villavicencio
7.46,6.55,6.9,8.52,2,Institución universitaria/Escuela Tecnológica,No oficial,meta,villavicencio
6.55,6.9,8.52,5.71,1,Institución universitaria/Escuela Tecnológica,No oficial,meta,villavicencio
6.9,8.52,5.71,7.34,2,Institución universitaria/Escuela Tecnológica,No oficial,meta,villavicencio
8.52,5.71,7.34,8.08,1,Institución universitaria/Escuela Tecnológica,No oficial,meta,villavicencio
5.71,7.34,8.08,12.11,2,Institución universitaria/Escuela Tecnológica,No oficial,meta,villavicencio
7.34,8.08,12.11,9.99,1,Institución universitaria/Escuela Tecnológica,No oficial,meta,villavicencio
8.08,12.11,9.99,14.15,2,Institución universitaria/Escuela Tecnológica,No oficial,meta,villavicencio
12.11,9.99,14.15,12.0,1,Institución universitaria/Escuela Tecnológica,No oficial,meta,villavicencio
9.99,14.15,12.0,11.87,2,Institución universitaria/Escuela Tecnológica,No oficial,meta,villavicencio
14.15,12.0,11.87,11.1,1,Institución universitaria/Escuela Tecnológica,No oficial,meta,villavicencio
12.0,11.87,11.1,13.05,2,Institución universitaria/Escuela Tecnológica,No oficial,meta,villavicencio
11.87,11.1,13.05,9.74,1,Institución universitaria/Escuela Tecnológica,No oficial,meta,villavicencio
11.1,13.05,9.74,9.57,2,Institución universitaria/Escuela Tecnológica,No oficial,meta,villavicencio
13.05,9.74,9.57,10.05,1,Institución universitaria/Escuela Tecnológica,No oficial,meta,villavicencio
9.74,9.57,10.05,9.81,2,Institución universitaria/Escuela Tecnológica,No oficial,meta,villavicencio
9.57,10.05,9.81,9.07,1,Institución universitaria/Escuela Tecnológica,No oficial,meta,villavicencio
10.05,9.81,9.07,10.43,2,Institución universitaria/Escuela Tecnológica,No oficial,meta,villavicencio
9.81,9.07,10.43,9.22,1,Institución universitaria/Escuela Tecnológica,No oficial,meta,villavicencio
9.07,10.43,9.22,11.05,2,Institución universitaria/Escuela Tecnológica,No oficial,meta,villavicencio
10.43,9.22,11.05,8.63,1,Institución universitaria/Escuela Tecnológica,No oficial,meta,villavicencio
9.22,11.05,8.63,11.1,2,Institución universitaria/Escuela Tecnológica,No oficial,meta,villavicencio
11.05,8.63,11.1,8.51,1,Institución universitaria/Escuela Tecnológica,No oficial,meta,villavicencio
8.63,11.1,8.51,10.43,2,Institución universitaria/Escuela Tecnológica,No oficial,meta,villavicencio
11.1,8.51,10.43,13.98,1,Institución universitaria/Escuela Tecnológica,No oficial,meta,villavicencio
8.51,10.43,13.98,13.7,2,Institución universitaria/Escuela Tecnológica,No oficial,meta,villavicencio
10.43,13.98,13.7,14.2,1,Institución universitaria/Escuela Tecnológica,No oficial,meta,villavicencio
13.98,13.7,14.2,10.87,2,Institución universitaria/Escuela Tecnológica,No oficial,meta,villavicencio
13.7,14.2,10.87,12.94,1,Institución universitaria/Escuela Tecnológica,No oficial,meta,villavicencio
14.2,10.87,12.94,12.98,2,Institución universitaria/Escuela Tecnológica,No oficial,meta,villavicencio
10.87,12.94,12.98,11.9,1,Institución universitaria/Escuela Tecnológica,No oficial,meta,villavicencio
12.94,12.98,11.9,11.91,2,Institución universitaria/Escuela Tecnológica,No oficial,meta,villavicencio
12.98,11.9,11.91,10.07,1,Institución universitaria/Escuela Tecnológica,No oficial,meta,villavicencio
11.9,11.91,10.07,14.17,2,Institución universitaria/Escuela Tecnológica,No oficial,meta,villavicencio
11.91,10.07,14.17,13.8,1,Institución universitaria/Escuela Tecnológica,No oficial,meta,villavicencio
0.0,0.0,7.63,13.71,1,Institución universitaria/Escuela Tecnológica,No oficial,huila,neiva
0.0,7.63,13.71,10.9,2,Institución universitaria/Escuela Tecnológica,No oficial,huila,neiva
7.63,13.71,10.9,11.79,1,Institución universitaria/Escuela Tecnológica,No oficial,huila,neiva
13.71,10.9,11.79,12.33,2,Institución universitaria/Escuela Tecnológica,No oficial,huila,neiva
10.9,11.79,12.33,10.64,1,Institución universitaria/Escuela Tecnológica,No oficial,huila,neiva
11.79,12.33,10.64,12.11,2,Institución universitaria/Escuela Tecnológica,No oficial,huila,neiva
12.33,10.64,12.11,13.69,1,Institución universitaria/Escuela Tecnológica,No oficial,huila,neiva
10.64,12.11,13.69,10.59,2,Institución universitaria/Escuela Tecnológica,No oficial,huila,neiva
12.11,13.69,10.59,11.88,1,Institución universitaria/Escuela Tecnológica,No oficial,huila,neiva
13.69,10.59,11.88,11.95,2,Institución universitaria/Escuela Tecnológica,No oficial,huila,neiva
10.59,11.88,11.95,13.09,1,Institución universitaria/Escuela Tecnológica,No oficial,huila,neiva
11.88,11.95,13.09,14.04,2,Institución universitaria/Escuela Tecnológica,No oficial,huila,neiva
11.95,13.09,14.04,13.93,1,Institución universitaria/Escuela Tecnológica,No oficial,huila,neiva
13.09,14.04,13.93,14.02,2,Institución universitaria/Escuela Tecnológica,No oficial,huila,neiva
14.04,13.93,14.02,10.65,1,Institución universitaria/Escuela Tecnológica,No oficial,huila,neiva
13.93,14.02,10.65,9.51,2,Institución universitaria/Escuela Tecnológica,No oficial,huila,neiva
14.02,10.65,9.51,7.73,1,Institución universitaria/Escuela Tecnológica,No oficial,huila,neiva
10.65,9.51,7.73,0.72,2,Institución universitaria/Escuela Tecnológica,No oficial,huila,neiva
9.51,7.73,0.72,17.88,1,Institución universitaria/Escuela Tecnológica,No oficial,huila,neiva
7.73,0.72,17.88,9.97,2,Institución universitaria/Escuela Tecnológica,No oficial,huila,neiva
0.72,17.88,9.97,9.56,1,Institución universitaria/Escuela Tecnológica,No oficial,huila,neiva
17.88,9.97,9.56,9.52,2,Institución universitaria/Escuela Tecnológica,No oficial,huila,neiva
9.97,9.56,9.52,8.88,1,Institución universitaria/Escuela Tecnológica,No oficial,huila,neiva
9.56,9.52,8.88,7.57,2,Institución universitaria/Escuela Tecnológica,No oficial,huila,neiva
9.52,8.88,7.57,6.44,1,Institución universitaria/Escuela Tecnológica,No oficial,huila,neiva
8.88,7.57,6.44,6.4,2,Institución universitaria/Escuela Tecnológica,No oficial,huila,neiva
7.57,6.44,6.4,7.7,1,Institución universitaria/Escuela Tecnológica,No oficial,huila,neiva
6.44,6.4,7.7,9.62,2,Institución universitaria/Escuela Tecnológica,No oficial,huila,neiva
6.4,7.7,9.62,7.46,1,Institución universitaria/Escuela Tecnológica,No oficial,huila,neiva
7.7,9.62,7.46,6.61,2,Institución universitaria/Escuela Tecnológica,No oficial,huila,neiva
9.62,7.46,6.61,7.3,1,Institución universitaria/Escuela Tecnológica,No oficial,huila,neiva
7.46,6.61,7.3,6.84,2,Institución universitaria/Escuela Tecnológica,No oficial,huila,neiva
6.61,7.3,6.84,7.14,1,Institución universitaria/Escuela Tecnológica,No oficial,huila,neiva
7.3,6.84,7.14,9.66,2,Institución universitaria/Escuela Tecnológica,No oficial,huila,neiva
6.84,7.14,9.66,10.01,1,Institución universitaria/Escuela Tecnológica,No oficial,huila,neiva
7.14,9.66,10.01,10.16,2,Institución universitaria/Escuela Tecnológica,No oficial,huila,neiva
9.66,10.01,10.16,9.0,1,Institución universitaria/Escuela Tecnológica,No oficial,huila,neiva
10.01,10.16,9.0,7.99,2,Institución universitaria/Escuela Tecnológica,No oficial,huila,neiva
10.16,9.0,7.99,8.63,1,Institución universitaria/Escuela Tecnológica,No oficial,huila,neiva
9.0,7.99,8.63,8.41,2,Institución universitaria/Escuela Tecnológica,No oficial,huila,neiva
7.99,8.63,8.41,7.71,1,Institución universitaria/Escuela Tecnológica,No oficial,huila,neiva
8.63,8.41,7.71,7.1,2,Institución universitaria/Escuela Tecnológica,No oficial,huila,neiva
8.41,7.71,7.1,10.12,1,Institución universitaria/Escuela Tecnológica,No oficial,huila,neiva
7.71,7.1,10.12,11.32,2,Institución universitaria/Escuela Tecnológica,No oficial,huila,neiva
7.1,10.12,11.32,6.92,1,Institución universitaria/Escuela Tecnológica,No oficial,huila,neiva
10.12,11.32,6.92,9.91,2,Institución universitaria/Escuela Tecnológica,No oficial,huila,neiva
11.32,6.92,9.91,11.53,1,Institución universitaria/Escuela Tecnológica,No oficial,huila,neiva
0.0,0.0,5.08,17.44,1,Institución universitaria/Escuela Tecnológica,No oficial,bogota d c,bogota dc
0.0,5.08,17.44,12.14,2,Institución universitaria/Escuela Tecnológica,No oficial,bogota d c,bogota dc
5.08,17.44,12.14,13.65,1,Institución universitaria/Escuela Tecnológica,No oficial,bogota d c,bogota dc
17.44,12.14,13.65,10.94,2,Institución universitaria/Escuela Tecnológica,No oficial,bogota d c,bogota dc
12.14,13.65,10.94,11.34,1,Institución universitaria/Escuela Tecnológica,No oficial,bogota d c,bogota dc
13.65,10.94,11.34,20.0,2,Institución universitaria/Escuela Tecnológica,No oficial,bogota d c,bogota dc
10.94,11.34,20.0,18.5,1,Institución universitaria/Escuela Tecnológica,No oficial,bogota d c,bogota dc
11.34,20.0,18.5,8.79,2,Institución universitaria/Escuela Tecnológica,No oficial,bogota d c,bogota dc
20.0,18.5,8.79,23.36,1,Institución universitaria/Escuela Tecnológica,No oficial,bogota d c,bogota dc
18.5,8.79,23.36,13.57,2,Institución universitaria/Escuela Tecnológica,No oficial,bogota d c,bogota dc
8.79,23.36,13.57,11.19,1,Institución universitaria/Escuela Tecnológica,No oficial,bogota d c,bogota dc
23.36,13.57,11.19,10.84,2,Institución universitaria/Escuela Tecnológica,No oficial,bogota d c,bogota dc
13.57,11.19,10.84,15.78,1,Institución universitaria/Escuela Tecnológica,No oficial,bogota d c,bogota dc
11.19,10.84,15.78,18.02,2,Institución universitaria/Escuela Tecnológica,No oficial,bogota d c,bogota dc
10.84,15.78,18.02,17.36,1,Institución universitaria/Escuela Tecnológica,No oficial,bogota d c,bogota dc
15.78,18.02,17.36,20.04,2,Institución universitaria/Escuela Tecnológica,No oficial,bogota d c,bogota dc
18.02,17.36,20.04,16.21,1,Institución universitaria/Escuela Tecnológica,No oficial,bogota d c,bogota dc
17.36,20.04,16.21,5.61,2,Institución universitaria/Escuela Tecnológica,No oficial,bogota d c,bogota dc
20.04,16.21,5.61,3.77,1,Institución universitaria/Escuela Tecnológica,No oficial,bogota d c,bogota dc
16.21,5.61,3.77,11.66,2,Institución universitaria/Escuela Tecnológica,No oficial,bogota d c,bogota dc
5.61,3.77,11.66,11.9,1,Institución universitaria/Escuela Tecnológica,No oficial,bogota d c,bogota dc
3.77,11.66,11.9,12.83,2,Institución universitaria/Escuela Tecnológica,No oficial,bogota d c,bogota dc
11.66,11.9,12.83,10.4,1,Institución universitaria/Escuela Tecnológica,No oficial,bogota d c,bogota dc
11.9,12.83,10.4,9.0,2,Institución universitaria/Escuela Tecnológica,No oficial,bogota d c,bogota dc
12.83,10.4,9.0,7.82,1,Institución universitaria/Escuela Tecnológica,No oficial,bogota d c,bogota dc
10.4,9.0,7.82,8.81,2,Institución universitaria/Escuela Tecnológica,No oficial,bogota d c,bogota dc
9.0,7.82,8.81,9.55,1,Institución universitaria/Escuela Tecnológica,No oficial,bogota d c,bogota dc
7.82,8.81,9.55,10.16,2,Institución universitaria/Escuela Tecnológica,No oficial,bogota d c,bogota dc
8.81,9.55,10.16,9.15,1,Institución universitaria/Escuela Tecnológica,No oficial,bogota d c,bogota dc
9.55,10.16,9.15,8.31,2,Institución universitaria/Escuela Tecnológica,No oficial,bogota d c,bogota dc
10.16,9.15,8.31,9.65,1,Institución universitaria/Escuela Tecnológica,No oficial,bogota d c,bogota dc
9.15,8.31,9.65,9.39,2,Institución universitaria/Escuela Tecnológica,No oficial,bogota d c,bogota dc
8.31,9.65,9.39,8.71,1,Institución universitaria/Escuela Tecnológica,No oficial,bogota d c,bogota dc
9.65,9.39,8.71,9.08,2,Institución universitaria/Escuela Tecnológica,No oficial,bogota d c,bogota dc
9.39,8.71,9.08,9.33,1,Institución universitaria/Escuela Tecnológica,No oficial,bogota d c,bogota dc
8.71,9.08,9.33,10.4,2,Institución universitaria/Escuela Tecnológica,No oficial,bogota d c,bogota dc
9.08,9.33,10.4,8.5,1,Institución universitaria/Escuela Tecnológica,No oficial,bogota d c,bogota dc
9.33,10.4,8.5,8.73,2,Institución universitaria/Escuela Tecnológica,No oficial,bogota d c,bogota dc
10.4,8.5,8.73,9.19,1,Institución universitaria/Escuela Tecnológica,No oficial,bogota d c,bogota dc
8.5,8.73,9.19,9.99,2,Institución universitaria/Escuela Tecnológica,No oficial,bogota d c,bogota dc
8.73,9.19,9.99,8.08,1,Institución universitaria/Escuela Tecnológica,No oficial,bogota d c,bogota dc
9.19,9.99,8.08,8.5,2,Institución universitaria/Escuela Tecnológica,No oficial,bogota d c,bogota dc
9.99,8.08,8.5,9.93,1,Institución universitaria/Escuela Tecnológica,No oficial,bogota d c,bogota dc
8.08,8.5,9.93,11.34,2,Institución universitaria/Escuela Tecnológica,No oficial,bogota d c,bogota dc
8.5,9.93,11.34,7.15,1,Institución universitaria/Escuela Tecnológica,No oficial,bogota d c,bogota dc
9.93,11.34,7.15,9.72,2,Institución universitaria/Escuela Tecnológica,No oficial,bogota d c,bogota dc
11.34,7.15,9.72,9.22,1,Institución universitaria/Escuela Tecnológica,No oficial,bogota d c,bogota dc
0.0,0.0,73.84,100.0,1,Institución universitaria/Escuela Tecnológica,No oficial,bogota d c,bogota dc
0.0,73.84,100.0,12.15,2,Institución universitaria/Escuela Tecnológica,No oficial,bogota d c,bogota dc
73.84,100.0,12.15,13.61,1,Institución universitaria/Escuela Tecnológica,No oficial,bogota d c,bogota dc
100.0,12.15,13.61,10.54,2,Institución universitaria/Escuela Tecnológica,No oficial,bogota d c,bogota dc
12.15,13.61,10.54,12.21,1,Institución universitaria/Escuela Tecnológica,No oficial,bogota d c,bogota dc
13.61,10.54,12.21,16.76,2,Institución universitaria/Escuela Tecnológica,No oficial,bogota d c,bogota dc
10.54,12.21,16.76,9.74,1,Institución universitaria/Escuela Tecnológica,No oficial,bogota d c,bogota dc
12.21,16.76,9.74,10.08,2,Institución universitaria/Escuela Tecnológica,No oficial,bogota d c,bogota dc
16.76,9.74,10.08,12.8,1,Institución universitaria/Escuela Tecnológica,No oficial,bogota d c,bogota dc
9.74,10.08,12.8,11.36,2,Institución universitaria/Escuela Tecnológica,No oficial,bogota d c,bogota dc
10.08,12.8,11.36,9.92,1,Institución universitaria/Escuela Tecnológica,No oficial,bogota d c,bogota dc
12.8,11.36,9.92,8.71,2,Institución universitaria/Escuela Tecnológica,No oficial,bogota d c,bogota dc
11.36,9.92,8.71,8.49,1,Institución universitaria/Escuela Tecnológica,No oficial,bogota d c,bogota dc
9.92,8.71,8.49,6.84,2,Institución universitaria/Escuela Tecnológica,No oficial,bogota d c,bogota dc
8.71,8.49,6.84,8.63,1,Institución universitaria/Escuela Tecnológica,No oficial,bogota d c,bogota dc
8.49,6.84,8.63,9.04,2,Institución universitaria/Escuela Tecnológica,No oficial,bogota d c,bogota dc
6.84,8.63,9.04,8.06,1,Institución universitaria/Escuela Tecnológica,No oficial,bogota d c,bogota dc
8.63,9.04,8.06,7.83,2,Institución universitaria/Escuela Tecnológica,No oficial,bogota d c,bogota dc
9.04,8.06,7.83,7.41,1,Institución universitaria/Escuela Tecnológica,No oficial,bogota d c,bogota dc
8.06,7.83,7.41,6.76,2,Institución universitaria/Escuela Tecnológica,No oficial,bogota d c,bogota dc
7.83,7.41,6.76,8.82,1,Institución universitaria/Escuela Tecnológica,No oficial,bogota d c,bogota dc
7.41,6.76,8.82,6.7,2,Institución universitaria/Escuela Tecnológica,No oficial,bogota d c,bogota dc
6.76,8.82,6.7,7.59,1,Institución universitaria/Escuela Tecnológica,No oficial,bogota d c,bogota dc
8.82,6.7,7.59,7.1,2,Institución universitaria/Escuela Tecnológica,No oficial,bogota d c,bogota dc
6.7,7.59,7.1,9.1,1,Institución universitaria/Escuela Tecnológica,No oficial,bogota d c,bogota dc
7.59,7.1,9.1,7.41,2,Institución universitaria/Escuela Tecnológica,No oficial,bogota d c,bogota dc
7.1,9.1,7.41,7.01,1,Institución universitaria/Escuela Tecnológica,No oficial,bogota d c,bogota dc
9.1,7.41,7.01,8.41,2,Institución universitaria/Escuela Tecnológica,No oficial,bogota d c,bogota dc
7.41,7.01,8.41,10.68,1,Institución universitaria/Escuela Tecnológica,No oficial,bogota d c,bogota dc
7.01,8.41,10.68,7.67,2,Institución universitaria/Escuela Tecnológica,No oficial,bogota d c,bogota dc
8.41,10.68,7.67,8.49,1,Institución universitaria/Escuela Tecnológica,No oficial,bogota d c,bogota dc
10.68,7.67,8.49,8.89,2,Institución universitaria/Escuela Tecnológica,No oficial,bogota d c,bogota dc
7.67,8.49,8.89,5.09,1,Institución universitaria/Escuela Tecnológica,No oficial,bogota d c,bogota dc
8.49,8.89,5.09,9.67,2,Institución universitaria/Escuela Tecnológica,No oficial,bogota d c,bogota dc
8.89,5.09,9.67,6.63,1,Institución universitaria/Escuela Tecnológica,No oficial,bogota d c,bogota dc
5.09,9.67,6.63,15.09,2,Institución universitaria/Escuela Tecnológica,No oficial,bogota d c,bogota dc
9.67,6.63,15.09,18.76,1,Institución universitaria/Escuela Tecnológica,No oficial,bogota d c,bogota dc
6.63,15.09,18.76,18.06,2,Institución universitaria/Escuela Tecnológica,No oficial,bogota d c,bogota dc
15.09,18.76,18.06,16.55,1,Institución universitaria/Escuela Tecnológica,No oficial,bogota d c,bogota dc
18.76,18.06,16.55,13.18,2,Institución universitaria/Escuela Tecnológica,No oficial,bogota d c,bogota dc
18.06,16.55,13.18,10.72,1,Institución universitaria/Escuela Tecnológica,No oficial,bogota d c,bogota dc
16.55,13.18,10.72,15.2,2,Institución universitaria/Escuela Tecnológica,No oficial,bogota d c,bogota dc
13.18,10.72,15.2,19.95,1,Institución universitaria/Escuela Tecnológica,No oficial,bogota d c,bogota dc
10.72,15.2,19.95,12.99,2,Institución universitaria/Escuela Tecnológica,No oficial,bogota d c,bogota dc
15.2,19.95,12.99,14.21,1,Institución universitaria/Escuela Tecnológica,No oficial,bogota d c,bogota dc
19.95,12.99,14.21,11.85,2,Institución universitaria/Escuela Tecnológica,No oficial,bogota d c,bogota dc
12.99,14.21,11.85,10.92,1,Institución universitaria/Escuela Tecnológica,No oficial,bogota d c,bogota dc
0.0,0.0,28.88,26.58,1,Institución universitaria/Escuela Tecnológica,No oficial,bogota d c,bogota dc
0.0,28.88,26.58,27.12,2,Institución universitaria/Escuela Tecnológica,No oficial,bogota d c,bogota dc
28.88,26.58,27.12,20.52,1,Institución universitaria/Escuela Tecnológica,No oficial,bogota d c,bogota dc
26.58,27.12,20.52,22.19,2,Institución universitaria/Escuela Tecnológica,No oficial,bogota d c,bogota dc
27.12,20.52,22.19,39.25,1,Institución universitaria/Escuela Tecnológica,No oficial,bogota d c,bogota dc
20.52,22.19,39.25,43.7,2,Institución universitaria/Escuela Tecnológica,No oficial,bogota d c,bogota dc
22.19,39.25,43.7,18.56,1,Institución universitaria/Escuela Tecnológica,No oficial,bogota d c,bogota dc
39.25,43.7,18.56,10.98,2,Institución universitaria/Escuela Tecnológica,No oficial,bogota d c,bogota dc
43.7,18.56,10.98,38.63,1,Institución universitaria/Escuela Tecnológica,No oficial,bogota d c,bogota dc
18.56,10.98,38.63,25.53,2,Institución universitaria/Escuela Tecnológica,No oficial,bogota d c,bogota dc
10.98,38.63,25.53,65.05,1,Institución universitaria/Escuela Tecnológica,No oficial,bogota d c,bogota dc
38.63,25.53,65.05,37.23,2,Institución universitaria/Escuela Tecnológica,No oficial,bogota d c,bogota dc
25.53,65.05,37.23,38.1,1,Institución universitaria/Escuela Tecnológica,No oficial,bogota d c,bogota dc
65.05,37.23,38.1,38.16,2,Institución universitaria/Escuela Tecnológica,No oficial,bogota d c,bogota dc
37.23,38.1,38.16,36.82,1,Institución universitaria/Escuela Tecnológica,No oficial,bogota d c,bogota dc
38.1,38.16,36.82,26.95,2,Institución universitaria/Escuela Tecnológica,No oficial,bogota d c,bogota dc
38.16,36.82,26.95,7.97,1,Institución universitaria/Escuela Tecnológica,No oficial,bogota d c,bogota dc
36.82,26.95,7.97,19.79,2,Institución universitaria/Escuela Tecnológica,No oficial,bogota d c,bogota dc
26.95,7.97,19.79,100.0,1,Institución universitaria/Escuela Tecnológica,No oficial,bogota d c,bogota dc
7.97,19.79,100.0,100.0,2,Institución universitaria/Escuela Tecnológica,No oficial,bogota d c,bogota dc
19.79,100.0,100.0,17.7,1,Institución universitaria/Escuela Tecnológica,No oficial,bogota d c,bogota dc
100.0,100.0,17.7,3.66,2,Institución universitaria/Escuela Tecnológica,No oficial,bogota d c,bogota dc
100.0,17.7,3.66,4.05,1,Institución universitaria/Escuela Tecnológica,No oficial,bogota d c,bogota dc
17.7,3.66,4.05,16.06,2,Institución universitaria/Escuela Tecnológica,No oficial,bogota d c,bogota dc
3.66,4.05,16.06,12.16,1,Institución universitaria/Escuela Tecnológica,No oficial,bogota d c,bogota dc
4.05,16.06,12.16,11.24,2,Institución universitaria/Escuela Tecnológica,No oficial,bogota d c,bogota dc
16.06,12.16,11.24,14.83,1,Institución universitaria/Escuela Tecnológica,No oficial,bogota d c,bogota dc
12.16,11.24,14.83,10.56,2,Institución universitaria/Escuela Tecnológica,No oficial,bogota d c,bogota dc
11.24,14.83,10.56,11.03,1,Institución universitaria/Escuela Tecnológica,No oficial,bogota d c,bogota dc
14.83,10.56,11.03,14.3,2,Institución universitaria/Escuela Tecnológica,No oficial,bogota d c,bogota dc
10.56,11.03,14.3,15.06,1,Institución universitaria/Escuela Tecnológica,No oficial,bogota d c,bogota dc
11.03,14.3,15.06,14.99,2,Institución universitaria/Escuela Tecnológica,No oficial,bogota d c,bogota dc
14.3,15.06,14.99,19.31,1,Institución universitaria/Escuela Tecnológica,No oficial,bogota d c,bogota dc
15.06,14.99,19.31,13.02,2,Institución universitaria/Escuela Tecnológica,No oficial,bogota d c,bogota dc
14.99,19.31,13.02,10.74,1,Institución universitaria/Escuela Tecnológica,No oficial,bogota d c,bogota dc
19.31,13.02,10.74,13.08,2,Institución universitaria/Escuela Tecnológica,No oficial,bogota d c,bogota dc
13.02,10.74,13.08,15.82,1,Institución universitaria/Escuela Tecnológica,No oficial,bogota d c,bogota dc
10.74,13.08,15.82,16.63,2,Institución universitaria/Escuela Tecnológica,No oficial,bogota d c,bogota dc
13.08,15.82,16.63,15.1,1,Institución universitaria/Escuela Tecnológica,No oficial,bogota d c,bogota dc
15.82,16.63,15.1,14.97,2,Institución universitaria/Escuela Tecnológica,No oficial,bogota d c,bogota dc
16.63,15.1,14.97,15.67,1,Institución universitaria/Escuela Tecnológica,No oficial,bogota d c,bogota dc
15.1,14.97,15.67,16.12,2,Institución universitaria/Escuela Tecnológica,No oficial,bogota d c,bogota dc
14.97,15.67,16.12,19.51,1,Institución universitaria/Escuela Tecnológica,No oficial,bogota d c,bogota dc
15.67,16.12,19.51,19.63,2,Institución universitaria/Escuela Tecnológica,No oficial,bogota d c,bogota dc
16.12,19.51,19.63,14.0,1,Institución universitaria/Escuela Tecnológica,No oficial,bogota d c,bogota dc
19.51,19.63,14.0,14.65,2,Institución universitaria/Escuela Tecnológica,No oficial,bogota d c,bogota dc
19.63,14.0,14.65,16.35,1,Institución universitaria/Escuela Tecnológica,No oficial,bogota d c,bogota dc
0.0,0.0,100.0,16.67,1,Universidad,No oficial,santander,bucaramanga
0.0,100.0,16.67,0.0,2,Universidad,No oficial,santander,bucaramanga
100.0,16.67,0.0,0.16,1,Universidad,No oficial,santander,bucaramanga
16.67,0.0,0.16,0.08,2,Universidad,No oficial,santander,bucaramanga
0.0,0.16,0.08,13.62,1,Universidad,No oficial,santander,bucaramanga
0.16,0.08,13.62,14.67,2,Universidad,No oficial,santander,bucaramanga
0.08,13.62,14.67,13.08,1,Universidad,No oficial,santander,bucaramanga
13.62,14.67,13.08,15.45,2,Universidad,No oficial,santander,bucaramanga
14.67,13.08,15.45,11.04,1,Universidad,No oficial,santander,bucaramanga
13.08,15.45,11.04,15.12,2,Universidad,No oficial,santander,bucaramanga
15.45,11.04,15.12,14.43,1,Universidad,No oficial,santander,bucaramanga
11.04,15.12,14.43,19.56,2,Universidad,No oficial,santander,bucaramanga
15.12,14.43,19.56,19.9,1,Universidad,No oficial,santander,bucaramanga
14.43,19.56,19.9,15.36,2,Universidad,No oficial,santander,bucaramanga
19.56,19.9,15.36,13.7,1,Universidad,No oficial,santander,bucaramanga
19.9,15.36,13.7,14.34,2,Universidad,No oficial,santander,bucaramanga
15.36,13.7,14.34,15.23,1,Universidad,No oficial,santander,bucaramanga
13.7,14.34,15.23,9.06,2,Universidad,No oficial,santander,bucaramanga
14.34,15.23,9.06,8.66,1,Universidad,No oficial,santander,bucaramanga
15.23,9.06,8.66,8.41,2,Universidad,No oficial,santander,bucaramanga
9.06,8.66,8.41,10.31,1,Universidad,No oficial,santander,bucaramanga
8.66,8.41,10.31,12.33,2,Universidad,No oficial,santander,bucaramanga
8.41,10.31,12.33,10.94,1,Universidad,No oficial,santander,bucaramanga
10.31,12.33,10.94,10.99,2,Universidad,No oficial,santander,bucaramanga
12.33,10.94,10.99,11.77,1,Universidad,No oficial,santander,bucaramanga
10.94,10.99,11.77,12.05,2,Universidad,No oficial,santander,bucaramanga
10.99,11.77,12.05,12.73,1,Universidad,No oficial,santander,bucaramanga
11.77,12.05,12.73,12.27,2,Universidad,No oficial,santander,bucaramanga
12.05,12.73,12.27,9.41,1,Universidad,No oficial,santander,bucaramanga
12.73,12.27,9.41,15.41,2,Universidad,No oficial,santander,bucaramanga
12.27,9.41,15.41,10.02,1,Universidad,No oficial,santander,bucaramanga
9.41,15.41,10.02,10.01,2,Universidad,No oficial,santander,bucaramanga
15.41,10.02,10.01,10.39,1,Universidad,No oficial,santander,bucaramanga
10.02,10.01,10.39,8.29,2,Universidad,No oficial,santander,bucaramanga
10.01,10.39,8.29,10.21,1,Universidad,No oficial,santander,bucaramanga
10.39,8.29,10.21,12.57,2,Universidad,No oficial,santander,bucaramanga
8.29,10.21,12.57,13.26,1,Universidad,No oficial,santander,bucaramanga
10.21,12.57,13.26,11.27,2,Universidad,No oficial,santander,bucaramanga
12.57,13.26,11.27,7.41,1,Universidad,No oficial,santander,bucaramanga
13.26,11.27,7.41,6.94,2,Universidad,No oficial,santander,bucaramanga
11.27,7.41,6.94,8.4,1,Universidad,No oficial,santander,bucaramanga
7.41,6.94,8.4,6.87,2,Universidad,No oficial,santander,bucaramanga
6.94,8.4,6.87,6.84,1,Universidad,No oficial,santander,bucaramanga
8.4,6.87,6.84,8.48,2,Universidad,No oficial,santander,bucaramanga
6.87,6.84,8.48,5.68,1,Universidad,No oficial,santander,bucaramanga
6.84,8.48,5.68,5.57,2,Universidad,No oficial,santander,bucaramanga
8.48,5.68,5.57,7.0,1,Universidad,No oficial,santander,bucaramanga
0.0,0.0,6.22,10.31,1,Institución universitaria/Escuela Tecnológica,No oficial,antioquia,medellin
0.0,6.22,10.31,11.2,2,Institución universitaria/Escuela Tecnológica,No oficial,antioquia,medellin
6.22,10.31,11.2,12.93,1,Institución universitaria/Escuela Tecnológica,No oficial,antioquia,medellin
10.31,11.2,12.93,14.37,2,Institución universitaria/Escuela Tecnológica,No oficial,antioquia,medellin
11.2,12.93,14.37,12.5,1,Institución universitaria/Escuela Tecnológica,No oficial,antioquia,medellin
12.93,14.37,12.5,13.07,2,Institución universitaria/Escuela Tecnológica,No oficial,antioquia,medellin
14.37,12.5,13.07,14.02,1,Institución universitaria/Escuela Tecnológica,No oficial,antioquia,medellin
12.5,13.07,14.02,11.48,2,Institución universitaria/Escuela Tecnológica,No oficial,antioquia,medellin
13.07,14.02,11.48,12.29,1,Institución universitaria/Escuela Tecnológica,No oficial,antioquia,medellin
14.02,11.48,12.29,11.84,2,Institución universitaria/Escuela Tecnológica,No oficial,antioquia,medellin
11.48,12.29,11.84,12.02,1,Institución universitaria/Escuela Tecnológica,No oficial,antioquia,medellin
12.29,11.84,12.02,12.28,2,Institución universitaria/Escuela Tecnológica,No oficial,antioquia,medellin
11.84,12.02,12.28,12.58,1,Institución universitaria/Escuela Tecnológica,No oficial,antioquia,medellin
12.02,12.28,12.58,13.46,2,Institución universitaria/Escuela Tecnológica,No oficial,antioquia,medellin
12.28,12.58,13.46,13.77,1,Institución universitaria/Escuela Tecnológica,No oficial,antioquia,medellin
12.58,13.46,13.77,2.02,2,Institución universitaria/Escuela Tecnológica,No oficial,antioquia,medellin
13.46,13.77,2.02,2.01,1,Institución universitaria/Escuela Tecnológica,No oficial,antioquia,medellin
13.77,2.02,2.01,6.4,2,Institución universitaria/Escuela Tecnológica,No oficial,antioquia,medellin
2.02,2.01,6.4,3.7,1,Institución universitaria/Escuela Tecnológica,No oficial,antioquia,medellin
2.01,6.4,3.7,17.46,2,Institución universitaria/Escuela Tecnológica,No oficial,antioquia,medellin
6.4,3.7,17.46,8.41,1,Institución universitaria/Escuela Tecnológica,No oficial,antioquia,medellin
3.7,17.46,8.41,14.74,2,Institución universitaria/Escuela Tecnológica,No oficial,antioquia,medellin
17.46,8.41,14.74,17.12,1,Institución universitaria/Escuela Tecnológica,No oficial,antioquia,medellin
8.41,14.74,17.12,18.03,2,Institución universitaria/Escuela Tecnológica,No oficial,antioquia,medellin
14.74,17.12,18.03,17.22,1,Institución universitaria/Escuela Tecnológica,No oficial,antioquia,medellin
17.12,18.03,17.22,16.77,2,Institución universitaria/Escuela Tecnológica,No oficial,antioquia,medellin
18.03,17.22,16.77,19.7,1,Institución universitaria/Escuela Tecnológica,No oficial,antioquia,medellin
17.22,16.77,19.7,14.58,2,Institución universitaria/Escuela Tecnológica,No oficial,antioquia,medellin
16.77,19.7,14.58,10.05,1,Institución universitaria/Escuela Tecnológica,No oficial,antioquia,medellin
19.7,14.58,10.05,16.78,2,Institución universitaria/Escuela Tecnológica,No oficial,antioquia,medellin
14.58,10.05,16.78,16.51,1,Institución universitaria/Escuela Tecnológica,No oficial,antioquia,medellin
10.05,16.78,16.51,14.06,2,Institución universitaria/Escuela Tecnológica,No oficial,antioquia,medellin
16.78,16.51,14.06,19.22,1,Institución universitaria/Escuela Tecnológica,No oficial,antioquia,medellin
16.51,14.06,19.22,12.15,2,Institución universitaria/Escuela Tecnológica,No oficial,antioquia,medellin
14.06,19.22,12.15,11.42,1,Institución universitaria/Escuela Tecnológica,No oficial,antioquia,medellin
19.22,12.15,11.42,11.92,2,Institución universitaria/Escuela Tecnológica,No oficial,antioquia,medellin
12.15,11.42,11.92,14.17,1,Institución universitaria/Escuela Tecnológica,No oficial,antioquia,medellin
11.42,11.92,14.17,11.56,2,Institución universitaria/Escuela Tecnológica,No oficial,antioquia,medellin
11.92,14.17,11.56,8.25,1,Institución universitaria/Escuela Tecnológica,No oficial,antioquia,medellin
14.17,11.56,8.25,10.98,2,Institución universitaria/Escuela Tecnológica,No oficial,antioquia,medellin
11.56,8.25,10.98,9.45,1,Institución universitaria/Escuela Tecnológica,No oficial,antioquia,medellin
0.0,0.0,100.0,2.99,2,Institución universitaria/Escuela Tecnológica,No oficial,bogota d c,bogota dc
0.0,100.0,2.99,0.0,1,Institución universitaria/Escuela Tecnológica,No oficial,bogota d c,bogota dc
100.0,2.99,0.0,0.0,2,Institución universitaria/Escuela Tecnológica,No oficial,bogota d c,bogota dc
2.99,0.0,0.0,0.41,1,Institución universitaria/Escuela Tecnológica,No oficial,bogota d c,bogota dc
0.0,0.0,0.41,1.0,2,Institución universitaria/Escuela Tecnológica,No oficial,bogota d c,bogota dc
0.0,0.41,1.0,0.78,1,Institución universitaria/Escuela Tecnológica,No oficial,bogota d c,bogota dc
0.41,1.0,0.78,1.61,2,Institución universitaria/Escuela Tecnológica,No oficial,bogota d c,bogota dc
1.0,0.78,1.61,0.87,1,Institución universitaria/Escuela Tecnológica,No oficial,bogota d c,bogota dc
0.78,1.61,0.87,10.03,2,Institución universitaria/Escuela Tecnológica,No oficial,bogota d c,bogota dc
1.61,0.87,10.03,2.49,1,Institución universitaria/Escuela Tecnológica,No oficial,bogota d c,bogota dc
0.87,10.03,2.49,19.96,2,Institución universitaria/Escuela Tecnológica,No oficial,bogota d c,bogota dc
10.03,2.49,19.96,5.02,1,Institución universitaria/Escuela Tecnológica,No oficial,bogota d c,bogota dc
2.49,19.96,5.02,6.54,2,Institución universitaria/Escuela Tecnológica,No oficial,bogota d c,bogota dc
19.96,5.02,6.54,7.08,1,Institución universitaria/Escuela Tecnológica,No oficial,bogota d c,bogota dc
5.02,6.54,7.08,9.55,2,Institución universitaria/Escuela Tecnológica,No oficial,bogota d c,bogota dc
6.54,7.08,9.55,6.85,1,Institución universitaria/Escuela Tecnológica,No oficial,bogota d c,bogota dc
7.08,9.55,6.85,11.3,2,Institución universitaria/Escuela Tecnológica,No oficial,bogota d c,bogota dc
9.55,6.85,11.3,9.0,1,Institución universitaria/Escuela Tecnológica,No oficial,bogota d c,bogota dc
6.85,11.3,9.0,4.86,2,Institución universitaria/Escuela Tecnológica,No oficial,bogota d c,bogota dc
11.3,9.0,4.86,4.41,1,Institución universitaria/Escuela Tecnológica,No oficial,bogota d c,bogota dc
9.0,4.86,4.41,4.1,2,Institución universitaria/Escuela Tecnológica,No oficial,bogota d c,bogota dc
4.86,4.41,4.1,6.01,1,Institución universitaria/Escuela Tecnológica,No oficial,bogota d c,bogota dc
4.41,4.1,6.01,5.4,2,Institución universitaria/Escuela Tecnológica,No oficial,bogota d c,bogota dc
4.1,6.01,5.4,7.79,1,Institución universitaria/Escuela Tecnológica,No oficial,bogota d c,bogota dc
6.01,5.4,7.79,8.84,2,Institución universitaria/Escuela Tecnológica,No oficial,bogota d c,bogota dc
5.4,7.79,8.84,8.2,1,Institución universitaria/Escuela Tecnológica,No oficial,bogota d c,bogota dc
7.79,8.84,8.2,9.62,2,Institución universitaria/Escuela Tecnológica,No oficial,bogota d c,bogota dc
8.84,8.2,9.62,11.19,1,Institución universitaria/Escuela Tecnológica,No oficial,bogota d c,bogota dc
8.2,9.62,11.19,9.61,2,Institución universitaria/Escuela Tecnológica,No oficial,bogota d c,bogota dc
9.62,11.19,9.61,11.01,1,Institución universitaria/Escuela Tecnológica,No oficial,bogota d c,bogota dc
11.19,9.61,11.01,11.85,2,Institución universitaria/Escuela Tecnológica,No oficial,bogota d c,bogota dc
9.61,11.01,11.85,12.09,1,Institución universitaria/Escuela Tecnológica,No oficial,bogota d c,bogota dc
11.01,11.85,12.09,12.55,2,Institución universitaria/Escuela Tecnológica,No oficial,bogota d c,bogota dc
11.85,12.09,12.55,15.19,1,Institución universitaria/Escuela Tecnológica,No oficial,bogota d c,bogota dc
12.09,12.55,15.19,11.44,2,Institución universitaria/Escuela Tecnológica,No oficial,bogota d c,bogota dc
12.55,15.19,11.44,14.13,1,Institución universitaria/Escuela Tecnológica,No oficial,bogota d c,bogota dc
15.19,11.44,14.13,14.11,2,Institución universitaria/Escuela Tecnológica,No oficial,bogota d c,bogota dc
11.44,14.13,14.11,14.04,1,Institución universitaria/Escuela Tecnológica,No oficial,bogota d c,bogota dc
14.13,14.11,14.04,12.99,2,Institución universitaria/Escuela Tecnológica,No oficial,bogota d c,bogota dc
14.11,14.04,12.99,14.26,1,Institución universitaria/Escuela Tecnológica,No oficial,bogota d c,bogota dc
14.04,12.99,14.26,13.82,2,Institución universitaria/Escuela Tecnológica,No oficial,bogota d c,bogota dc
12.99,14.26,13.82,10.56,1,Institución universitaria/Escuela Tecnológica,No oficial,bogota d c,bogota dc
14.26,13.82,10.56,11.67,2,Institución universitaria/Escuela Tecnológica,No oficial,bogota d c,bogota dc
13.82,10.56,11.67,11.31,1,Institución universitaria/Escuela Tecnológica,No oficial,bogota d c,bogota dc
0.0,0.0,0.29,0.0,1,Institución universitaria/Escuela Tecnológica,No oficial,atlantico,barranquilla
0.0,0.29,0.0,100.0,2,Institución universitaria/Escuela Tecnológica,No oficial,atlantico,barranquilla
0.29,0.0,100.0,17.86,1,Institución universitaria/Escuela Tecnológica,No oficial,atlantico,barranquilla
0.0,100.0,17.86,61.93,2,Institución universitaria/Escuela Tecnológica,No oficial,atlantico,barranquilla
100.0,17.86,61.93,10.93,1,Institución universitaria/Escuela Tecnológica,No oficial,atlantico,barranquilla
17.86,61.93,10.93,10.02,2,Institución universitaria/Escuela Tecnológica,No oficial,atlantico,barranquilla
61.93,10.93,10.02,12.08,1,Institución universitaria/Escuela Tecnológica,No oficial,atlantico,barranquilla
10.93,10.02,12.08,29.1,2,Institución universitaria/Escuela Tecnológica,No oficial,atlantico,barranquilla
10.02,12.08,29.1,12.36,1,Institución universitaria/Escuela Tecnológica,No oficial,atlantico,barranquilla
12.08,29.1,12.36,8.12,2,Institución universitaria/Escuela Tecnológica,No oficial,atlantico,barranquilla
29.1,12.36,8.12,9.66,1,Institución universitaria/Escuela Tecnológica,No oficial,atlantico,barranquilla
12.36,8.12,9.66,18.24,2,Institución universitaria/Escuela Tecnológica,No oficial,atlantico,barranquilla
8.12,9.66,18.24,20.37,1,Institución universitaria/Escuela Tecnológica,No oficial,atlantico,barranquilla
9.66,18.24,20.37,23.74,2,Institución universitaria/Escuela Tecnológica,No oficial,atlantico,barranquilla
18.24,20.37,23.74,24.32,1,Institución universitaria/Escuela Tecnológica,No oficial,atlantico,barranquilla
20.37,23.74,24.32,22.1,2,Institución universitaria/Escuela Tecnológica,No oficial,atlantico,barranquilla
23.74,24.32,22.1,34.49,1,Institución universitaria/Escuela Tecnológica,No oficial,atlantico,barranquilla
24.32,22.1,34.49,36.72,2,Institución universitaria/Escuela Tecnológica,No oficial,atlantico,barranquilla
22.1,34.49,36.72,24.93,1,Institución universitaria/Escuela Tecnológica,No oficial,atlantico,barranquilla
34.49,36.72,24.93,10.69,2,Institución universitaria/Escuela Tecnológica,No oficial,atlantico,barranquilla
36.72,24.93,10.69,14.44,1,Institución universitaria/Escuela Tecnológica,No oficial,atlantico,barranquilla
24.93,10.69,14.44,18.36,2,Institución universitaria/Escuela Tecnológica,No oficial,atlantico,barranquilla
10.69,14.44,18.36,13.08,1,Institución universitaria/Escuela Tecnológica,No oficial,atlantico,barranquilla
14.44,18.36,13.08,12.82,2,Institución universitaria/Escuela Tecnológica,No oficial,atlantico,barranquilla
18.36,13.08,12.82,10.75,1,Institución universitaria/Escuela Tecnológica,No oficial,atlantico,barranquilla
13.08,12.82,10.75,16.19,2,Institución universitaria/Escuela Tecnológica,No oficial,atlantico,barranquilla
12.82,10.75,16.19,17.34,1,Institución universitaria/Escuela Tecnológica,No oficial,atlantico,barranquilla
10.75,16.19,17.34,17.1,2,Institución universitaria/Escuela Tecnológica,No oficial,atlantico,barranquilla
16.19,17.34,17.1,18.54,1,Institución universitaria/Escuela Tecnológica,No oficial,atlantico,barranquilla
17.34,17.1,18.54,18.38,2,Institución universitaria/Escuela Tecnológica,No oficial,atlantico,barranquilla
17.1,18.54,18.38,25.89,1,Institución universitaria/Escuela Tecnológica,No oficial,atlantico,barranquilla
18.54,18.38,25.89,26.29,2,Institución universitaria/Escuela Tecnológica,No oficial,atlantico,barranquilla
18.38,25.89,26.29,25.54,1,Institución universitaria/Escuela Tecnológica,No oficial,atlantico,barranquilla
25.89,26.29,25.54,26.65,2,Institución universitaria/Escuela Tecnológica,No oficial,atlantico,barranquilla
26.29,25.54,26.65,28.34,1,Institución universitaria/Escuela Tecnológica,No oficial,atlantico,barranquilla
25.54,26.65,28.34,19.51,2,Institución universitaria/Escuela Tecnológica,No oficial,atlantico,barranquilla
26.65,28.34,19.51,26.15,1,Institución universitaria/Escuela Tecnológica,No oficial,atlantico,barranquilla
28.34,19.51,26.15,20.88,2,Institución universitaria/Escuela Tecnológica,No oficial,atlantico,barranquilla
19.51,26.15,20.88,6.88,1,Institución universitaria/Escuela Tecnológica,No oficial,atlantico,barranquilla
26.15,20.88,6.88,16.3,2,Institución universitaria/Escuela Tecnológica,No oficial,atlantico,barranquilla
20.88,6.88,16.3,20.49,1,Institución universitaria/Escuela Tecnológica,No oficial,atlantico,barranquilla
0.0,0.0,9.86,9.42,1,Institución universitaria/Escuela Tecnológica,No oficial,bogota d c,bogota dc
0.0,9.86,9.42,9.5,2,Institución universitaria/Escuela Tecnológica,No oficial,bogota d c,bogota dc
9.86,9.42,9.5,6.07,1,Institución universitaria/Escuela Tecnológica,No oficial,bogota d c,bogota dc
9.42,9.5,6.07,12.06,2,Institución universitaria/Escuela Tecnológica,No oficial,bogota d c,bogota dc
9.5,6.07,12.06,13.96,1,Institución universitaria/Escuela Tecnológica,No oficial,bogota d c,bogota dc
6.07,12.06,13.96,10.74,2,Institución universitaria/Escuela Tecnológica,No oficial,bogota d c,bogota dc
12.06,13.96,10.74,8.72,1,Institución universitaria/Escuela Tecnológica,No oficial,bogota d c,bogota dc
13.96,10.74,8.72,11.03,2,Institución universitaria/Escuela Tecnológica,No oficial,bogota d c,bogota dc
10.74,8.72,11.03,13.77,1,Institución universitaria/Escuela Tecnológica,No oficial,bogota d c,bogota dc
8.72,11.03,13.77,10.68,2,Institución universitaria/Escuela Tecnológica,No oficial,bogota d c,bogota dc
11.03,13.77,10.68,12.76,1,Institución universitaria/Escuela Tecnológica,No oficial,bogota d c,bogota dc
13.77,10.68,12.76,13.55,2,Institución universitaria/Escuela Tecnológica,No oficial,bogota d c,bogota dc
10.68,12.76,13.55,13.53,1,Institución universitaria/Escuela Tecnológica,No oficial,bogota d c,bogota dc
12.76,13.55,13.53,12.74,2,Institución universitaria/Escuela Tecnológica,No oficial,bogota d c,bogota dc
13.55,13.53,12.74,12.54,1,Institución universitaria/Escuela Tecnológica,No oficial,bogota d c,bogota dc
13.53,12.74,12.54,11.97,2,Institución universitaria/Escuela Tecnológica,No oficial,bogota d c,bogota dc
12.74,12.54,11.97,9.35,1,Institución universitaria/Escuela Tecnológica,No oficial,bogota d c,bogota dc
12.54,11.97,9.35,12.64,2,Institución universitaria/Escuela Tecnológica,No oficial,bogota d c,bogota dc
11.97,9.35,12.64,11.98,1,Institución universitaria/Escuela Tecnológica,No oficial,bogota d c,bogota dc
9.35,12.64,11.98,12.28,2,Institución universitaria/Escuela Tecnológica,No oficial,bogota d c,bogota dc
12.64,11.98,12.28,11.74,1,Institución universitaria/Escuela Tecnológica,No oficial,bogota d c,bogota dc
11.98,12.28,11.74,13.82,2,Institución universitaria/Escuela Tecnológica,No oficial,bogota d c,bogota dc
12.28,11.74,13.82,11.01,1,Institución universitaria/Escuela Tecnológica,No oficial,bogota d c,bogota dc
11.74,13.82,11.01,11.69,2,Institución universitaria/Escuela Tecnológica,No oficial,bogota d c,bogota dc
13.82,11.01,11.69,11.94,1,Institución universitaria/Escuela Tecnológica,No oficial,bogota d c,bogota dc
11.01,11.69,11.94,11.85,2,Institución universitaria/Escuela Tecnológica,No oficial,bogota d c,bogota dc
11.69,11.94,11.85,11.31,1,Institución universitaria/Escuela Tecnológica,No oficial,bogota d c,bogota dc
11.94,11.85,11.31,12.21,2,Institución universitaria/Escuela Tecnológica,No oficial,bogota d c,bogota dc
11.85,11.31,12.21,11.44,1,Institución universitaria/Escuela Tecnológica,No oficial,bogota d c,bogota dc
11.31,12.21,11.44,13.74,2,Institución universitaria/Escuela Tecnológica,No oficial,bogota d c,bogota dc
12.21,11.44,13.74,12.99,1,Institución universitaria/Escuela Tecnológica,No oficial,bogota d c,bogota dc
11.44,13.74,12.99,13.41,2,Institución universitaria/Escuela Tecnológica,No oficial,bogota d c,bogota dc
13.74,12.99,13.41,14.58,1,Institución universitaria/Escuela Tecnológica,No oficial,bogota d c,bogota dc
12.99,13.41,14.58,13.42,2,Institución universitaria/Escuela Tecnológica,No oficial,bogota d c,bogota dc
13.41,14.58,13.42,14.77,1,Institución universitaria/Escuela Tecnológica,No oficial,bogota d c,bogota dc
14.58,13.42,14.77,13.57,2,Institución universitaria/Escuela Tecnológica,No oficial,bogota d c,bogota dc
13.42,14.77,13.57,15.99,1,Institución universitaria/Escuela Tecnológica,No oficial,bogota d c,bogota dc
14.77,13.57,15.99,15.06,2,Institución universitaria/Escuela Tecnológica,No oficial,bogota d c,bogota dc
13.57,15.99,15.06,15.33,1,Institución universitaria/Escuela Tecnológica,No oficial,bogota d c,bogota dc
15.99,15.06,15.33,12.13,2,Institución universitaria/Escuela Tecnológica,No oficial,bogota d c,bogota dc
15.06,15.33,12.13,13.63,1,Institución universitaria/Escuela Tecnológica,No oficial,bogota d c,bogota dc
0.0,0.0,85.61,14.92,1,Institución universitaria/Escuela Tecnológica,No oficial,antioquia,medellin
0.0,85.61,14.92,18.14,2,Institución universitaria/Escuela Tecnológica,No oficial,antioquia,medellin
85.61,14.92,18.14,30.1,1,Institución universitaria/Escuela Tecnológica,No oficial,antioquia,medellin
14.92,18.14,30.1,18.75,2,Institución universitaria/Escuela Tecnológica,No oficial,antioquia,medellin
18.14,30.1,18.75,1.35,1,Institución universitaria/Escuela Tecnológica,No oficial,antioquia,medellin
30.1,18.75,1.35,2.4,2,Institución universitaria/Escuela Tecnológica,No oficial,antioquia,medellin
18.75,1.35,2.4,9.98,1,Institución universitaria/Escuela Tecnológica,No oficial,antioquia,medellin
1.35,2.4,9.98,0.75,2,Institución universitaria/Escuela Tecnológica,No oficial,antioquia,medellin
2.4,9.98,0.75,0.99,1,Institución universitaria/Escuela Tecnológica,No oficial,antioquia,medellin
9.98,0.75,0.99,2.85,2,Institución universitaria/Escuela Tecnológica,No oficial,antioquia,medellin
0.75,0.99,2.85,6.47,1,Institución universitaria/Escuela Tecnológica,No oficial,antioquia,medellin
0.99,2.85,6.47,8.0,2,Institución universitaria/Escuela Tecnológica,No oficial,antioquia,medellin
2.85,6.47,8.0,7.44,1,Institución universitaria/Escuela Tecnológica,No oficial,antioquia,medellin
6.47,8.0,7.44,8.17,2,Institución universitaria/Escuela Tecnológica,No oficial,antioquia,medellin
8.0,7.44,8.17,9.98,1,Institución universitaria/Escuela Tecnológica,No oficial,antioquia,medellin
7.44,8.17,9.98,7.11,2,Institución universitaria/Escuela Tecnológica,No oficial,antioquia,medellin
8.17,9.98,7.11,8.05,1,Institución universitaria/Escuela Tecnológica,No oficial,antioquia,medellin
9.98,7.11,8.05,10.3,2,Institución universitaria/Escuela Tecnológica,No oficial,antioquia,medellin
7.11,8.05,10.3,5.6,1,Institución universitaria/Escuela Tecnológica,No oficial,antioquia,medellin
8.05,10.3,5.6,10.54,2,Institución universitaria/Escuela Tecnológica,No oficial,antioquia,medellin
10.3,5.6,10.54,11.59,1,Institución universitaria/Escuela Tecnológica,No oficial,antioquia,medellin
5.6,10.54,11.59,10.75,2,Institución universitaria/Escuela Tecnológica,No oficial,antioquia,medellin
10.54,11.59,10.75,9.36,1,Institución universitaria/Escuela Tecnológica,No oficial,antioquia,medellin
11.59,10.75,9.36,7.68,2,Institución universitaria/Escuela Tecnológica,No oficial,antioquia,medellin
10.75,9.36,7.68,9.05,1,Institución universitaria/Escuela Tecnológica,No oficial,antioquia,medellin
9.36,7.68,9.05,9.79,2,Institución universitaria/Escuela Tecnológica,No oficial,antioquia,medellin
7.68,9.05,9.79,8.33,1,Institución universitaria/Escuela Tecnológica,No oficial,antioquia,medellin
9.05,9.79,8.33,8.83,2,Institución universitaria/Escuela Tecnológica,No oficial,antioquia,medellin
9.79,8.33,8.83,8.65,1,Institución universitaria/Escuela Tecnológica,No oficial,antioquia,medellin
8.33,8.83,8.65,6.87,2,Institución universitaria/Escuela Tecnológica,No oficial,antioquia,medellin
8.83,8.65,6.87,6.06,1,Institución universitaria/Escuela Tecnológica,No oficial,antioquia,medellin
8.65,6.87,6.06,8.08,2,Institución universitaria/Escuela Tecnológica,No oficial,antioquia,medellin
6.87,6.06,8.08,7.14,1,Institución universitaria/Escuela Tecnológica,No oficial,antioquia,medellin
6.06,8.08,7.14,5.49,2,Institución universitaria/Escuela Tecnológica,No oficial,antioquia,medellin
8.08,7.14,5.49,6.1,1,Institución universitaria/Escuela Tecnológica,No oficial,antioquia,medellin
7.14,5.49,6.1,6.15,2,Institución universitaria/Escuela Tecnológica,No oficial,antioquia,medellin
5.49,6.1,6.15,6.6,1,Institución universitaria/Escuela Tecnológica,No oficial,antioquia,medellin
6.1,6.15,6.6,10.26,2,Institución universitaria/Escuela Tecnológica,No oficial,antioquia,medellin
6.15,6.6,10.26,5.78,1,Institución universitaria/Escuela Tecnológica,No oficial,antioquia,medellin
6.6,10.26,5.78,7.25,2,Institución universitaria/Escuela Tecnológica,No oficial,antioquia,medellin
10.26,5.78,7.25,4.49,1,Institución universitaria/Escuela Tecnológica,No oficial,antioquia,medellin
0.0,0.0,1.35,11.36,2,Institución universitaria/Escuela Tecnológica,No oficial,quindio,armenia
0.0,1.35,11.36,14.0,1,Institución universitaria/Escuela Tecnológica,No oficial,quindio,armenia
1.35,11.36,14.0,5.76,2,Institución universitaria/Escuela Tecnológica,No oficial,quindio,armenia
11.36,14.0,5.76,5.93,1,Institución universitaria/Escuela Tecnológica,No oficial,quindio,armenia
14.0,5.76,5.93,18.58,2,Institución universitaria/Escuela Tecnológica,No oficial,quindio,armenia
5.76,5.93,18.58,24.49,1,Institución universitaria/Escuela Tecnológica,No oficial,quindio,armenia
5.93,18.58,24.49,11.38,2,Institución universitaria/Escuela Tecnológica,No oficial,quindio,armenia
18.58,24.49,11.38,6.14,1,Institución universitaria/Escuela Tecnológica,No oficial,quindio,armenia
24.49,11.38,6.14,12.1,2,Institución universitaria/Escuela Tecnológica,No oficial,quindio,armenia
11.38,6.14,12.1,6.45,1,Institución universitaria/Escuela Tecnológica,No oficial,quindio,armenia
6.14,12.1,6.45,14.29,2,Institución universitaria/Escuela Tecnológica,No oficial,quindio,armenia
12.1,6.45,14.29,11.49,1,Institución universitaria/Escuela Tecnológica,No oficial,quindio,armenia
6.45,14.29,11.49,7.23,2,Institución universitaria/Escuela Tecnológica,No oficial,quindio,armenia
14.29,11.49,7.23,11.26,1,Institución universitaria/Escuela Tecnológica,No oficial,quindio,armenia
11.49,7.23,11.26,7.33,2,Institución universitaria/Escuela Tecnológica,No oficial,quindio,armenia
7.23,11.26,7.33,7.51,1,Institución universitaria/Escuela Tecnológica,No oficial,quindio,armenia
11.26,7.33,7.51,3.41,2,Institución universitaria/Escuela Tecnológica,No oficial,quindio,armenia
7.33,7.51,3.41,9.55,1,Institución universitaria/Escuela Tecnológica,No oficial,quindio,armenia
7.51,3.41,9.55,11.01,2,Institución universitaria/Escuela Tecnológica,No oficial,quindio,armenia
3.41,9.55,11.01,8.82,1,Institución universitaria/Escuela Tecnológica,No oficial,quindio,armenia
9.55,11.01,8.82,5.52,2,Institución universitaria/Escuela Tecnológica,No oficial,quindio,armenia
11.01,8.82,5.52,7.48,1,Institución universitaria/Escuela Tecnológica,No oficial,quindio,armenia
8.82,5.52,7.48,6.36,2,Institución universitaria/Escuela Tecnológica,No oficial,quindio,armenia
5.52,7.48,6.36,7.39,1,Institución universitaria/Escuela Tecnológica,No oficial,quindio,armenia
7.48,6.36,7.39,5.24,2,Institución universitaria/Escuela Tecnológica,No oficial,quindio,armenia
6.36,7.39,5.24,6.64,1,Institución universitaria/Escuela Tecnológica,No oficial,quindio,armenia
7.39,5.24,6.64,4.4,2,Institución universitaria/Escuela Tecnológica,No oficial,quindio,armenia
5.24,6.64,4.4,5.38,1,Institución universitaria/Escuela Tecnológica,No oficial,quindio,armenia
6.64,4.4,5.38,5.23,2,Institución universitaria/Escuela Tecnológica,No oficial,quindio,armenia
4.4,5.38,5.23,7.62,1,Institución universitaria/Escuela Tecnológica,No oficial,quindio,armenia
5.38,5.23,7.62,6.91,2,Institución universitaria/Escuela Tecnológica,No oficial,quindio,armenia
5.23,7.62,6.91,8.87,1,Institución universitaria/Escuela Tecnológica,No oficial,quindio,armenia
7.62,6.91,8.87,7.71,2,Institución universitaria/Escuela Tecnológica,No oficial,quindio,armenia
6.91,8.87,7.71,6.74,1,Institución universitaria/Escuela Tecnológica,No oficial,quindio,armenia
8.87,7.71,6.74,4.84,2,Institución universitaria/Escuela Tecnológica,No oficial,quindio,armenia
7.71,6.74,4.84,5.85,1,Institución universitaria/Escuela Tecnológica,No oficial,quindio,armenia
6.74,4.84,5.85,3.91,2,Institución universitaria/Escuela Tecnológica,No oficial,quindio,armenia
4.84,5.85,3.91,4.0,1,Institución universitaria/Escuela Tecnológica,No oficial,quindio,armenia
5.85,3.91,4.0,4.64,2,Institución universitaria/Escuela Tecnológica,No oficial,quindio,armenia
3.91,4.0,4.64,4.76,1,Institución universitaria/Escuela Tecnológica,No oficial,quindio,armenia
0.0,0.0,0.72,29.17,1,Institución universitaria/Escuela Tecnológica,No oficial,antioquia,bello
0.0,0.72,29.17,50.0,2,Institución universitaria/Escuela Tecnológica,No oficial,antioquia,bello
0.72,29.17,50.0,15.32,1,Institución universitaria/Escuela Tecnológica,No oficial,antioquia,bello
29.17,50.0,15.32,23.24,2,Institución universitaria/Escuela Tecnológica,No oficial,antioquia,bello
50.0,15.32,23.24,15.21,1,Institución universitaria/Escuela Tecnológica,No oficial,antioquia,bello
15.32,23.24,15.21,7.73,2,Institución universitaria/Escuela Tecnológica,No oficial,antioquia,bello
23.24,15.21,7.73,5.3,1,Institución universitaria/Escuela Tecnológica,No oficial,antioquia,bello
15.21,7.73,5.3,10.43,2,Institución universitaria/Escuela Tecnológica,No oficial,antioquia,bello
7.73,5.3,10.43,8.73,1,Institución universitaria/Escuela Tecnológica,No oficial,antioquia,bello
5.3,10.43,8.73,11.53,2,Institución universitaria/Escuela Tecnológica,No oficial,antioquia,bello
10.43,8.73,11.53,12.45,1,Institución universitaria/Escuela Tecnológica,No oficial,antioquia,bello
8.73,11.53,12.45,13.59,2,Institución universitaria/Escuela Tecnológica,No oficial,antioquia,bello
11.53,12.45,13.59,10.6,1,Institución universitaria/Escuela Tecnológica,No oficial,antioquia,bello
12.45,13.59,10.6,9.66,2,Institución universitaria/Escuela Tecnológica,No oficial,antioquia,bello
13.59,10.6,9.66,11.75,1,Institución universitaria/Escuela Tecnológica,No oficial,antioquia,bello
10.6,9.66,11.75,8.83,2,Institución universitaria/Escuela Tecnológica,No oficial,antioquia,bello
9.66,11.75,8.83,8.11,1,Institución universitaria/Escuela Tecnológica,No oficial,antioquia,bello
11.75,8.83,8.11,9.21,2,Institución universitaria/Escuela Tecnológica,No oficial,antioquia,bello
8.83,8.11,9.21,11.99,1,Institución universitaria/Escuela Tecnológica,No oficial,antioquia,bello
8.11,9.21,11.99,13.04,2,Institución universitaria/Escuela Tecnológica,No oficial,antioquia,bello
9.21,11.99,13.04,12.18,1,Institución universitaria/Escuela Tecnológica,No oficial,antioquia,bello
11.99,13.04,12.18,9.82,2,Institución universitaria/Escuela Tecnológica,No oficial,antioquia,bello
13.04,12.18,9.82,13.61,1,Institución universitaria/Escuela Tecnológica,No oficial,antioquia,bello
12.18,9.82,13.61,11.52,2,Institución universitaria/Escuela Tecnológica,No oficial,antioquia,bello
9.82,13.61,11.52,11.1,1,Institución universitaria/Escuela Tecnológica,No oficial,antioquia,bello
13.61,11.52,11.1,9.43,2,Institución universitaria/Escuela Tecnológica,No oficial,antioquia,bello
11.52,11.1,9.43,9.49,1,Institución universitaria/Escuela Tecnológica,No oficial,antioquia,bello
11.1,9.43,9.49,8.3,2,Institución universitaria/Escuela Tecnológica,No oficial,antioquia,bello
9.43,9.49,8.3,9.36,1,Institución universitaria/Escuela Tecnológica,No oficial,antioquia,bello
9.49,8.3,9.36,8.94,2,Institución universitaria/Escuela Tecnológica,No oficial,antioquia,bello
8.3,9.36,8.94,11.0,1,Institución universitaria/Escuela Tecnológica,No oficial,antioquia,bello
9.36,8.94,11.0,11.37,2,Institución universitaria/Escuela Tecnológica,No oficial,antioquia,bello
8.94,11.0,11.37,8.13,1,Institución universitaria/Escuela Tecnológica,No oficial,antioquia,bello
11.0,11.37,8.13,10.12,2,Institución universitaria/Escuela Tecnológica,No oficial,antioquia,bello
11.37,8.13,10.12,9.88,1,Institución universitaria/Escuela Tecnológica,No oficial,antioquia,bello
0.0,0.0,2.38,0.0,1,Institución universitaria/Escuela Tecnológica,No oficial,atlantico,barranquilla
0.0,2.38,0.0,18.6,2,Institución universitaria/Escuela Tecnológica,No oficial,atlantico,barranquilla
2.38,0.0,18.6,30.0,1,Institución universitaria/Escuela Tecnológica,No oficial,atlantico,barranquilla
0.0,18.6,30.0,6.0,2,Institución universitaria/Escuela Tecnológica,No oficial,atlantico,barranquilla
18.6,30.0,6.0,4.88,1,Institución universitaria/Escuela Tecnológica,No oficial,atlantico,barranquilla
30.0,6.0,4.88,8.06,2,Institución universitaria/Escuela Tecnológica,No oficial,atlantico,barranquilla
6.0,4.88,8.06,2.99,1,Institución universitaria/Escuela Tecnológica,No oficial,atlantico,barranquilla
4.88,8.06,2.99,2.78,2,Institución universitaria/Escuela Tecnológica,No oficial,atlantico,barranquilla
8.06,2.99,2.78,12.2,1,Institución universitaria/Escuela Tecnológica,No oficial,atlantico,barranquilla
2.99,2.78,12.2,13.48,2,Institución universitaria/Escuela Tecnológica,No oficial,atlantico,barranquilla
2.78,12.2,13.48,23.53,1,Institución universitaria/Escuela Tecnológica,No oficial,atlantico,barranquilla
12.2,13.48,23.53,23.75,2,Institución universitaria/Escuela Tecnológica,No oficial,atlantico,barranquilla
13.48,23.53,23.75,22.11,1,Institución universitaria/Escuela Tecnológica,No oficial,atlantico,barranquilla
23.53,23.75,22.11,10.78,2,Institución universitaria/Escuela Tecnológica,No oficial,atlantico,barranquilla
23.75,22.11,10.78,34.72,1,Institución universitaria/Escuela Tecnológica,No oficial,atlantico,barranquilla
22.11,10.78,34.72,29.13,2,Institución universitaria/Escuela Tecnológica,No oficial,atlantico,barranquilla
10.78,34.72,29.13,19.35,1,Institución universitaria/Escuela Tecnológica,No oficial,atlantico,barranquilla
34.72,29.13,19.35,20.15,2,Institución universitaria/Escuela Tecnológica,No oficial,atlantico,barranquilla
29.13,19.35,20.15,8.94,1,Institución universitaria/Escuela Tecnológica,No oficial,atlantico,barranquilla
19.35,20.15,8.94,4.3,2,Institución universitaria/Escuela Tecnológica,No oficial,atlantico,barranquilla
20.15,8.94,4.3,7.05,1,Institución universitaria/Escuela Tecnológica,No oficial,atlantico,barranquilla
8.94,4.3,7.05,8.21,2,Institución universitaria/Escuela Tecnológica,No oficial,atlantico,barranquilla
4.3,7.05,8.21,23.8,1,Institución universitaria/Escuela Tecnológica,No oficial,atlantico,barranquilla
7.05,8.21,23.8,7.8,2,Institución universitaria/Escuela Tecnológica,No oficial,atlantico,barranquilla
8.21,23.8,7.8,8.92,1,Institución universitaria/Escuela Tecnológica,No oficial,atlantico,barranquilla
23.8,7.8,8.92,12.75,2,Institución universitaria/Escuela Tecnológica,No oficial,atlantico,barranquilla
7.8,8.92,12.75,10.54,1,Institución universitaria/Escuela Tecnológica,No oficial,atlantico,barranquilla
8.92,12.75,10.54,8.04,2,Institución universitaria/Escuela Tecnológica,No oficial,atlantico,barranquilla
12.75,10.54,8.04,8.38,1,Institución universitaria/Escuela Tecnológica,No oficial,atlantico,barranquilla
10.54,8.04,8.38,7.38,2,Institución universitaria/Escuela Tecnológica,No oficial,atlantico,barranquilla
8.04,8.38,7.38,6.92,1,Institución universitaria/Escuela Tecnológica,No oficial,atlantico,barranquilla
8.38,7.38,6.92,8.29,2,Institución universitaria/Escuela Tecnológica,No oficial,atlantico,barranquilla
7.38,6.92,8.29,9.84,1,Institución universitaria/Escuela Tecnológica,No oficial,atlantico,barranquilla
6.92,8.29,9.84,14.23,2,Institución universitaria/Escuela Tecnológica,No oficial,atlantico,barranquilla
8.29,9.84,14.23,6.48,1,Institución universitaria/Escuela Tecnológica,No oficial,atlantico,barranquilla
9.84,14.23,6.48,7.05,2,Institución universitaria/Escuela Tecnológica,No oficial,atlantico,barranquilla
14.23,6.48,7.05,7.16,1,Institución universitaria/Escuela Tecnológica,No oficial,atlantico,barranquilla
0.0,0.0,0.1,13.24,1,Universidad,No oficial,santander,bucaramanga
0.0,0.1,13.24,17.6,2,Universidad,No oficial,santander,bucaramanga
0.1,13.24,17.6,14.29,1,Universidad,No oficial,santander,bucaramanga
13.24,17.6,14.29,20.22,2,Universidad,No oficial,santander,bucaramanga
17.6,14.29,20.22,49.39,1,Universidad,No oficial,santander,bucaramanga
14.29,20.22,49.39,18.44,2,Universidad,No oficial,santander,bucaramanga
20.22,49.39,18.44,22.14,1,Universidad,No oficial,santander,bucaramanga
49.39,18.44,22.14,17.42,2,Universidad,No oficial,santander,bucaramanga
18.44,22.14,17.42,15.88,1,Universidad,No oficial,santander,bucaramanga
22.14,17.42,15.88,20.15,2,Universidad,No oficial,santander,bucaramanga
17.42,15.88,20.15,20.26,1,Universidad,No oficial,santander,bucaramanga
15.88,20.15,20.26,19.52,2,Universidad,No oficial,santander,bucaramanga
20.15,20.26,19.52,12.7,1,Universidad,No oficial,santander,bucaramanga
20.26,19.52,12.7,23.04,2,Universidad,No oficial,santander,bucaramanga
19.52,12.7,23.04,48.79,1,Universidad,No oficial,santander,bucaramanga
12.7,23.04,48.79,23.11,2,Universidad,No oficial,santander,bucaramanga
23.04,48.79,23.11,20.0,1,Universidad,No oficial,santander,bucaramanga
48.79,23.11,20.0,12.56,2,Universidad,No oficial,santander,bucaramanga
23.11,20.0,12.56,16.97,1,Universidad,No oficial,santander,bucaramanga
20.0,12.56,16.97,16.27,2,Universidad,No oficial,santander,bucaramanga
12.56,16.97,16.27,11.06,1,Universidad,No oficial,santander,bucaramanga
16.97,16.27,11.06,15.51,2,Universidad,No oficial,santander,bucaramanga
16.27,11.06,15.51,16.04,1,Universidad,No oficial,santander,bucaramanga
11.06,15.51,16.04,10.5,2,Universidad,No oficial,santander,bucaramanga
15.51,16.04,10.5,15.01,1,Universidad,No oficial,santander,bucaramanga
16.04,10.5,15.01,13.36,2,Universidad,No oficial,santander,bucaramanga
10.5,15.01,13.36,15.76,1,Universidad,No oficial,santander,bucaramanga
15.01,13.36,15.76,15.01,2,Universidad,No oficial,santander,bucaramanga
13.36,15.76,15.01,14.57,1,Universidad,No oficial,santander,bucaramanga
15.76,15.01,14.57,15.76,2,Universidad,No oficial,santander,bucaramanga
15.01,14.57,15.76,11.37,1,Universidad,No oficial,santander,bucaramanga
14.57,15.76,11.37,13.47,2,Universidad,No oficial,santander,bucaramanga
15.76,11.37,13.47,16.32,1,Universidad,No oficial,santander,bucaramanga
11.37,13.47,16.32,13.15,2,Universidad,No oficial,santander,bucaramanga
13.47,16.32,13.15,12.57,1,Universidad,No oficial,santander,bucaramanga
16.32,13.15,12.57,11.86,2,Universidad,No oficial,santander,bucaramanga
13.15,12.57,11.86,14.28,1,Universidad,No oficial,santander,bucaramanga
12.57,11.86,14.28,12.37,2,Universidad,No oficial,santander,bucaramanga
11.86,14.28,12.37,11.79,1,Universidad,No oficial,santander,bucaramanga
14.28,12.37,11.79,10.32,2,Universidad,No oficial,santander,bucaramanga
12.37,11.79,10.32,10.44,1,Universidad,No oficial,santander,bucaramanga
11.79,10.32,10.44,10.66,2,Universidad,No oficial,santander,bucaramanga
10.32,10.44,10.66,13.3,1,Universidad,No oficial,santander,bucaramanga
10.44,10.66,13.3,16.9,2,Universidad,No oficial,santander,bucaramanga
10.66,13.3,16.9,8.2,1,Universidad,No oficial,santander,bucaramanga
13.3,16.9,8.2,8.46,2,Universidad,No oficial,santander,bucaramanga
16.9,8.2,8.46,9.99,1,Universidad,No oficial,santander,bucaramanga
0.0,0.0,65.66,100.0,1,Institución universitaria/Escuela Tecnológica,No oficial,cauca,popayan
0.0,65.66,100.0,50.82,2,Institución universitaria/Escuela Tecnológica,No oficial,cauca,popayan
65.66,100.0,50.82,100.0,1,Institución universitaria/Escuela Tecnológica,No oficial,cauca,popayan
100.0,50.82,100.0,68.7,2,Institución universitaria/Escuela Tecnológica,No oficial,cauca,popayan
50.82,100.0,68.7,100.0,1,Institución universitaria/Escuela Tecnológica,No oficial,cauca,popayan
100.0,68.7,100.0,100.0,2,Institución universitaria/Escuela Tecnológica,No oficial,cauca,popayan
68.7,100.0,100.0,82.93,1,Institución universitaria/Escuela Tecnológica,No oficial,cauca,popayan
100.0,100.0,82.93,34.46,2,Institución universitaria/Escuela Tecnológica,No oficial,cauca,popayan
100.0,82.93,34.46,48.81,1,Institución universitaria/Escuela Tecnológica,No oficial,cauca,popayan
82.93,34.46,48.81,100.0,2,Institución universitaria/Escuela Tecnológica,No oficial,cauca,popayan
34.46,48.81,100.0,100.0,1,Institución universitaria/Escuela Tecnológica,No oficial,cauca,popayan
48.81,100.0,100.0,50.65,2,Institución universitaria/Escuela Tecnológica,No oficial,cauca,popayan
100.0,100.0,50.65,9.58,1,Institución universitaria/Escuela Tecnológica,No oficial,cauca,popayan
100.0,50.65,9.58,6.51,2,Institución universitaria/Escuela Tecnológica,No oficial,cauca,popayan
50.65,9.58,6.51,17.13,1,Institución universitaria/Escuela Tecnológica,No oficial,cauca,popayan
9.58,6.51,17.13,7.96,2,Institución universitaria/Escuela Tecnológica,No oficial,cauca,popayan
6.51,17.13,7.96,5.07,1,Institución universitaria/Escuela Tecnológica,No oficial,cauca,popayan
17.13,7.96,5.07,9.1,2,Institución universitaria/Escuela Tecnológica,No oficial,cauca,popayan
7.96,5.07,9.1,12.41,1,Institución universitaria/Escuela Tecnológica,No oficial,cauca,popayan
5.07,9.1,12.41,10.48,2,Institución universitaria/Escuela Tecnológica,No oficial,cauca,popayan
9.1,12.41,10.48,11.34,1,Institución universitaria/Escuela Tecnológica,No oficial,cauca,popayan
12.41,10.48,11.34,10.31,2,Institución universitaria/Escuela Tecnológica,No oficial,cauca,popayan
10.48,11.34,10.31,8.08,1,Institución universitaria/Escuela Tecnológica,No oficial,cauca,popayan
11.34,10.31,8.08,6.34,2,Institución universitaria/Escuela Tecnológica,No oficial,cauca,popayan
10.31,8.08,6.34,8.21,1,Institución universitaria/Escuela Tecnológica,No oficial,cauca,popayan
8.08,6.34,8.21,10.01,2,Institución universitaria/Escuela Tecnológica,No oficial,cauca,popayan
6.34,8.21,10.01,12.6,1,Institución universitaria/Escuela Tecnológica,No oficial,cauca,popayan
8.21,10.01,12.6,14.18,2,Institución universitaria/Escuela Tecnológica,No oficial,cauca,popayan
10.01,12.6,14.18,12.35,1,Institución universitaria/Escuela Tecnológica,No oficial,cauca,popayan
12.6,14.18,12.35,10.1,2,Institución universitaria/Escuela Tecnológica,No oficial,cauca,popayan
14.18,12.35,10.1,8.92,1,Institución universitaria/Escuela Tecnológica,No oficial,cauca,popayan
12.35,10.1,8.92,13.84,2,Institución universitaria/Escuela Tecnológica,No oficial,cauca,popayan
10.1,8.92,13.84,11.77,1,Institución universitaria/Escuela Tecnológica,No oficial,cauca,popayan
8.92,13.84,11.77,10.75,2,Institución universitaria/Escuela Tecnológica,No oficial,cauca,popayan
13.84,11.77,10.75,10.74,1,Institución universitaria/Escuela Tecnológica,No oficial,cauca,popayan
11.77,10.75,10.74,9.58,2,Institución universitaria/Escuela Tecnológica,No oficial,cauca,popayan
10.75,10.74,9.58,12.15,1,Institución universitaria/Escuela Tecnológica,No oficial,cauca,popayan
10.74,9.58,12.15,11.38,2,Institución universitaria/Escuela Tecnológica,No oficial,cauca,popayan
9.58,12.15,11.38,9.81,1,Institución universitaria/Escuela Tecnológica,No oficial,cauca,popayan
12.15,11.38,9.81,10.32,2,Institución universitaria/Escuela Tecnológica,No oficial,cauca,popayan
11.38,9.81,10.32,10.04,1,Institución universitaria/Escuela Tecnológica,No oficial,cauca,popayan
9.81,10.32,10.04,12.35,2,Institución universitaria/Escuela Tecnológica,No oficial,cauca,popayan
10.32,10.04,12.35,15.0,1,Institución universitaria/Escuela Tecnológica,No oficial,cauca,popayan
10.04,12.35,15.0,18.01,2,Institución universitaria/Escuela Tecnológica,No oficial,cauca,popayan
12.35,15.0,18.01,13.43,1,Institución universitaria/Escuela Tecnológica,No oficial,cauca,popayan
15.0,18.01,13.43,10.54,2,Institución universitaria/Escuela Tecnológica,No oficial,cauca,popayan
18.01,13.43,10.54,10.57,1,Institución universitaria/Escuela Tecnológica,No oficial,cauca,popayan
0.0,0.0,3.77,3.09,2,Institución universitaria/Escuela Tecnológica,No oficial,sucre,sincelejo
0.0,3.77,3.09,2.15,1,Institución universitaria/Escuela Tecnológica,No oficial,sucre,sincelejo
3.77,3.09,2.15,4.46,2,Institución universitaria/Escuela Tecnológica,No oficial,sucre,sincelejo
3.09,2.15,4.46,5.99,1,Institución universitaria/Escuela Tecnológica,No oficial,sucre,sincelejo
2.15,4.46,5.99,5.38,2,Institución universitaria/Escuela Tecnológica,No oficial,sucre,sincelejo
4.46,5.99,5.38,4.15,1,Institución universitaria/Escuela Tecnológica,No oficial,sucre,sincelejo
5.99,5.38,4.15,5.08,2,Institución universitaria/Escuela Tecnológica,No oficial,sucre,sincelejo
5.38,4.15,5.08,6.85,1,Institución universitaria/Escuela Tecnológica,No oficial,sucre,sincelejo
4.15,5.08,6.85,7.8,2,Institución universitaria/Escuela Tecnológica,No oficial,sucre,sincelejo
5.08,6.85,7.8,7.11,1,Institución universitaria/Escuela Tecnológica,No oficial,sucre,sincelejo
6.85,7.8,7.11,9.17,2,Institución universitaria/Escuela Tecnológica,No oficial,sucre,sincelejo
7.8,7.11,9.17,12.59,1,Institución universitaria/Escuela Tecnológica,No oficial,sucre,sincelejo
7.11,9.17,12.59,5.8,2,Institución universitaria/Escuela Tecnológica,No oficial,sucre,sincelejo
9.17,12.59,5.8,2.71,1,Institución universitaria/Escuela Tecnológica,No oficial,sucre,sincelejo
12.59,5.8,2.71,6.03,2,Institución universitaria/Escuela Tecnológica,No oficial,sucre,sincelejo
5.8,2.71,6.03,4.42,1,Institución universitaria/Escuela Tecnológica,No oficial,sucre,sincelejo
2.71,6.03,4.42,7.83,2,Institución universitaria/Escuela Tecnológica,No oficial,sucre,sincelejo
6.03,4.42,7.83,7.52,1,Institución universitaria/Escuela Tecnológica,No oficial,sucre,sincelejo
4.42,7.83,7.52,11.15,2,Institución universitaria/Escuela Tecnológica,No oficial,sucre,sincelejo
7.83,7.52,11.15,11.82,1,Institución universitaria/Escuela Tecnológica,No oficial,sucre,sincelejo
7.52,11.15,11.82,14.82,2,Institución universitaria/Escuela Tecnológica,No oficial,sucre,sincelejo
11.15,11.82,14.82,8.75,1,Institución universitaria/Escuela Tecnológica,No oficial,sucre,sincelejo
11.82,14.82,8.75,9.01,2,Institución universitaria/Escuela Tecnológica,No oficial,sucre,sincelejo
14.82,8.75,9.01,10.01,1,Institución universitaria/Escuela Tecnológica,No oficial,sucre,sincelejo
8.75,9.01,10.01,7.94,2,Institución universitaria/Escuela Tecnológica,No oficial,sucre,sincelejo
9.01,10.01,7.94,7.82,1,Institución universitaria/Escuela Tecnológica,No oficial,sucre,sincelejo
10.01,7.94,7.82,7.79,2,Institución universitaria/Escuela Tecnológica,No oficial,sucre,sincelejo
7.94,7.82,7.79,14.73,1,Institución universitaria/Escuela Tecnológica,No oficial,sucre,sincelejo
7.82,7.79,14.73,14.29,2,Institución universitaria/Escuela Tecnológica,No oficial,sucre,sincelejo
7.79,14.73,14.29,7.86,1,Institución universitaria/Escuela Tecnológica,No oficial,sucre,sincelejo
14.73,14.29,7.86,13.32,2,Institución universitaria/Escuela Tecnológica,No oficial,sucre,sincelejo
14.29,7.86,13.32,9.31,1,Institución universitaria/Escuela Tecnológica,No oficial,sucre,sincelejo
0.0,0.0,0.0,0.0,2,Institución universitaria/Escuela Tecnológica,Oficial,bogota d c,bogota dc
0.0,0.0,0.0,0.0,1,Institución universitaria/Escuela Tecnológica,Oficial,bogota d c,bogota dc
0.0,0.0,0.0,88.27,2,Institución universitaria/Escuela Tecnológica,Oficial,bogota d c,bogota dc
0.0,0.0,88.27,15.82,1,Institución universitaria/Escuela Tecnológica,Oficial,bogota d c,bogota dc
0.0,88.27,15.82,14.86,2,Institución universitaria/Escuela Tecnológica,Oficial,bogota d c,bogota dc
88.27,15.82,14.86,9.52,1,Institución universitaria/Escuela Tecnológica,Oficial,bogota d c,bogota dc
15.82,14.86,9.52,7.36,2,Institución universitaria/Escuela Tecnológica,Oficial,bogota d c,bogota dc
14.86,9.52,7.36,11.46,1,Institución universitaria/Escuela Tecnológica,Oficial,bogota d c,bogota dc
9.52,7.36,11.46,11.23,2,Institución universitaria/Escuela Tecnológica,Oficial,bogota d c,bogota dc
7.36,11.46,11.23,22.03,1,Institución universitaria/Escuela Tecnológica,Oficial,bogota d c,bogota dc
11.46,11.23,22.03,17.96,2,Institución universitaria/Escuela Tecnológica,Oficial,bogota d c,bogota dc
11.23,22.03,17.96,8.73,1,Institución universitaria/Escuela Tecnológica,Oficial,bogota d c,bogota dc
22.03,17.96,8.73,8.1,2,Institución universitaria/Escuela Tecnológica,Oficial,bogota d c,bogota dc
17.96,8.73,8.1,8.4,1,Institución universitaria/Escuela Tecnológica,Oficial,bogota d c,bogota dc
8.73,8.1,8.4,7.46,2,Institución universitaria/Escuela Tecnológica,Oficial,bogota d c,bogota dc
8.1,8.4,7.46,12.5,1,Institución universitaria/Escuela Tecnológica,Oficial,bogota d c,bogota dc
8.4,7.46,12.5,5.88,2,Institución universitaria/Escuela Tecnológica,Oficial,bogota d c,bogota dc
7.46,12.5,5.88,10.44,1,Institución universitaria/Escuela Tecnológica,Oficial,bogota d c,bogota dc
12.5,5.88,10.44,9.15,2,Institución universitaria/Escuela Tecnológica,Oficial,bogota d c,bogota dc
5.88,10.44,9.15,16.9,1,Institución universitaria/Escuela Tecnológica,Oficial,bogota d c,bogota dc
10.44,9.15,16.9,13.61,2,Institución universitaria/Escuela Tecnológica,Oficial,bogota d c,bogota dc
9.15,16.9,13.61,10.84,1,Institución universitaria/Escuela Tecnológica,Oficial,bogota d c,bogota dc
16.9,13.61,10.84,19.08,2,Institución universitaria/Escuela Tecnológica,Oficial,bogota d c,bogota dc
13.61,10.84,19.08,14.79,1,Institución universitaria/Escuela Tecnológica,Oficial,bogota d c,bogota dc
10.84,19.08,14.79,12.0,2,Institución universitaria/Escuela Tecnológica,Oficial,bogota d c,bogota dc
19.08,14.79,12.0,10.74,1,Institución universitaria/Escuela Tecnológica,Oficial,bogota d c,bogota dc
14.79,12.0,10.74,10.67,2,Institución universitaria/Escuela Tecnológica,Oficial,bogota d c,bogota dc
12.0,10.74,10.67,13.74,1,Institución universitaria/Escuela Tecnológica,Oficial,bogota d c,bogota dc
10.74,10.67,13.74,10.96,2,Institución universitaria/Escuela Tecnológica,Oficial,bogota d c,bogota dc
10.67,13.74,10.96,15.04,1,Institución universitaria/Escuela Tecnológica,Oficial,bogota d c,bogota dc
13.74,10.96,15.04,16.24,2,Institución universitaria/Escuela Tecnológica,Oficial,bogota d c,bogota dc
10.96,15.04,16.24,26.47,1,Institución universitaria/Escuela Tecnológica,Oficial,bogota d c,bogota dc
0.0,0.0,0.0,0.0,1,Institución universitaria/Escuela Tecnológica,Oficial,cundinamarca,facatativa
0.0,0.0,0.0,1.85,2,Institución universitaria/Escuela Tecnológica,Oficial,cundinamarca,facatativa
0.0,0.0,1.85,0.0,1,Institución universitaria/Escuela Tecnológica,Oficial,cundinamarca,facatativa
0.0,1.85,0.0,4.63,2,Institución universitaria/Escuela Tecnológica,Oficial,cundinamarca,facatativa
1.85,0.0,4.63,5.67,1,Institución universitaria/Escuela Tecnológica,Oficial,cundinamarca,facatativa
0.0,4.63,5.67,5.76,2,Institución universitaria/Escuela Tecnológica,Oficial,cundinamarca,facatativa
4.63,5.67,5.76,10.25,1,Institución universitaria/Escuela Tecnológica,Oficial,cundinamarca,facatativa
5.67,5.76,10.25,16.72,2,Institución universitaria/Escuela Tecnológica,Oficial,cundinamarca,facatativa
5.76,10.25,16.72,0.0,1,Institución universitaria/Escuela Tecnológica,Oficial,cundinamarca,facatativa
10.25,16.72,0.0,0.85,2,Institución universitaria/Escuela Tecnológica,Oficial,cundinamarca,facatativa
16.72,0.0,0.85,0.53,1,Institución universitaria/Escuela Tecnológica,Oficial,cundinamarca,facatativa
0.0,0.85,0.53,10.62,2,Institución universitaria/Escuela Tecnológica,Oficial,cundinamarca,facatativa
0.85,0.53,10.62,6.05,1,Institución universitaria/Escuela Tecnológica,Oficial,cundinamarca,facatativa
0.53,10.62,6.05,5.58,2,Institución universitaria/Escuela Tecnológica,Oficial,cundinamarca,facatativa
10.62,6.05,5.58,6.95,1,Institución universitaria/Escuela Tecnológica,Oficial,cundinamarca,facatativa
6.05,5.58,6.95,6.61,2,Institución universitaria/Escuela Tecnológica,Oficial,cundinamarca,facatativa
5.58,6.95,6.61,13.85,1,Institución universitaria/Escuela Tecnológica,Oficial,cundinamarca,facatativa
6.95,6.61,13.85,13.16,2,Institución universitaria/Escuela Tecnológica,Oficial,cundinamarca,facatativa
6.61,13.85,13.16,8.67,1,Institución universitaria/Escuela Tecnológica,Oficial,cundinamarca,facatativa
13.85,13.16,8.67,11.33,2,Institución universitaria/Escuela Tecnológica,Oficial,cundinamarca,facatativa
13.16,8.67,11.33,2.78,1,Institución universitaria/Escuela Tecnológica,Oficial,cundinamarca,facatativa
8.67,11.33,2.78,5.88,2,Institución universitaria/Escuela Tecnológica,Oficial,cundinamarca,facatativa
11.33,2.78,5.88,5.42,1,Institución universitaria/Escuela Tecnológica,Oficial,cundinamarca,facatativa
2.78,5.88,5.42,7.18,2,Institución universitaria/Escuela Tecnológica,Oficial,cundinamarca,facatativa
5.88,5.42,7.18,3.87,1,Institución universitaria/Escuela Tecnológica,Oficial,cundinamarca,facatativa
5.42,7.18,3.87,3.01,2,Institución universitaria/Escuela Tecnológica,Oficial,cundinamarca,facatativa
7.18,3.87,3.01,4.46,1,Institución universitaria/Escuela Tecnológica,Oficial,cundinamarca,facatativa
3.87,3.01,4.46,4.38,2,Institución universitaria/Escuela Tecnológica,Oficial,cundinamarca,facatativa
0.0,0.0,0.0,12.2,1,Institución universitaria/Escuela Tecnológica,Oficial,bogota d c,bogota dc
0.0,0.0,12.2,2.24,2,Institución universitaria/Escuela Tecnológica,Oficial,bogota d c,bogota dc
0.0,12.2,2.24,5.26,1,Institución universitaria/Escuela Tecnológica,Oficial,bogota d c,bogota dc
12.2,2.24,5.26,88.0,2,Institución universitaria/Escuela Tecnológica,Oficial,bogota d c,bogota dc
2.24,5.26,88.0,0.0,1,Institución universitaria/Escuela Tecnológica,Oficial,bogota d c,bogota dc
5.26,88.0,0.0,7.14,2,Institución universitaria/Escuela Tecnológica,Oficial,bogota d c,bogota dc
88.0,0.0,7.14,32.31,1,Institución universitaria/Escuela Tecnológica,Oficial,bogota d c,bogota dc
0.0,7.14,32.31,13.51,2,Institución universitaria/Escuela Tecnológica,Oficial,bogota d c,bogota dc
7.14,32.31,13.51,61.02,1,Institución universitaria/Escuela Tecnológica,Oficial,bogota d c,bogota dc
32.31,13.51,61.02,2.17,2,Institución universitaria/Escuela Tecnológica,Oficial,bogota d c,bogota dc
13.51,61.02,2.17,0.0,1,Institución universitaria/Escuela Tecnológica,Oficial,bogota d c,bogota dc
61.02,2.17,0.0,0.0,2,Institución universitaria/Escuela Tecnológica,Oficial,bogota d c,bogota dc
2.17,0.0,0.0,0.62,1,Institución universitaria/Escuela Tecnológica,Oficial,bogota d c,bogota dc
0.0,0.0,0.62,4.76,2,Institución universitaria/Escuela Tecnológica,Oficial,bogota d c,bogota dc
0.0,0.62,4.76,5.38,1,Institución universitaria/Escuela Tecnológica,Oficial,bogota d c,bogota dc
0.62,4.76,5.38,25.66,2,Institución universitaria/Escuela Tecnológica,Oficial,bogota d c,bogota dc
4.76,5.38,25.66,38.81,1,Institución universitaria/Escuela Tecnológica,Oficial,bogota d c,bogota dc
5.38,25.66,38.81,11.23,2,Institución universitaria/Escuela Tecnológica,Oficial,bogota d c,bogota dc
25.66,38.81,11.23,4.78,1,Institución universitaria/Escuela Tecnológica,Oficial,bogota d c,bogota dc
38.81,11.23,4.78,8.14,2,Institución universitaria/Escuela Tecnológica,Oficial,bogota d c,bogota dc
11.23,4.78,8.14,20.17,1,Institución universitaria/Escuela Tecnológica,Oficial,bogota d c,bogota dc
4.78,8.14,20.17,5.19,2,Institución universitaria/Escuela Tecnológica,Oficial,bogota d c,bogota dc
8.14,20.17,5.19,4.95,1,Institución universitaria/Escuela Tecnológica,Oficial,bogota d c,bogota dc
20.17,5.19,4.95,11.56,2,Institución universitaria/Escuela Tecnológica,Oficial,bogota d c,bogota dc
5.19,4.95,11.56,6.07,1,Institución universitaria/Escuela Tecnológica,Oficial,bogota d c,bogota dc
4.95,11.56,6.07,7.33,2,Institución universitaria/Escuela Tecnológica,Oficial,bogota d c,bogota dc
11.56,6.07,7.33,3.38,1,Institución universitaria/Escuela Tecnológica,Oficial,bogota d c,bogota dc
6.07,7.33,3.38,1.7,2,Institución universitaria/Escuela Tecnológica,Oficial,bogota d c,bogota dc
7.33,3.38,1.7,81.25,1,Institución universitaria/Escuela Tecnológica,Oficial,bogota d c,bogota dc
0.0,0.0,8.7,11.44,1,Institución universitaria/Escuela Tecnológica,Oficial,bolivar,cartagena de indias
0.0,8.7,11.44,12.11,2,Institución universitaria/Escuela Tecnológica,Oficial,bolivar,cartagena de indias
8.7,11.44,12.11,8.93,1,Institución universitaria/Escuela Tecnológica,Oficial,bolivar,cartagena de indias
11.44,12.11,8.93,9.95,2,Institución universitaria/Escuela Tecnológica,Oficial,bolivar,cartagena de indias
12.11,8.93,9.95,32.0,1,Institución universitaria/Escuela Tecnológica,Oficial,bolivar,cartagena de indias
8.93,9.95,32.0,16.74,2,Institución universitaria/Escuela Tecnológica,Oficial,bolivar,cartagena de indias
9.95,32.0,16.74,19.12,1,Institución universitaria/Escuela Tecnológica,Oficial,bolivar,cartagena de indias
32.0,16.74,19.12,4.91,2,Institución universitaria/Escuela Tecnológica,Oficial,bolivar,cartagena de indias
16.74,19.12,4.91,8.8,1,Institución universitaria/Escuela Tecnológica,Oficial,bolivar,cartagena de indias
19.12,4.91,8.8,6.67,2,Institución universitaria/Escuela Tecnológica,Oficial,bolivar,cartagena de indias
4.91,8.8,6.67,12.92,1,Institución universitaria/Escuela Tecnológica,Oficial,bolivar,cartagena de indias
8.8,6.67,12.92,11.51,2,Institución universitaria/Escuela Tecnológica,Oficial,bolivar,cartagena de indias
6.67,12.92,11.51,10.47,1,Institución universitaria/Escuela Tecnológica,Oficial,bolivar,cartagena de indias
12.92,11.51,10.47,9.21,2,Institución universitaria/Escuela Tecnológica,Oficial,bolivar,cartagena de indias
11.51,10.47,9.21,10.4,1,Institución universitaria/Escuela Tecnológica,Oficial,bolivar,cartagena de indias
10.47,9.21,10.4,7.45,2,Institución universitaria/Escuela Tecnológica,Oficial,bolivar,cartagena de indias
9.21,10.4,7.45,7.42,1,Institución universitaria/Escuela Tecnológica,Oficial,bolivar,cartagena de indias
10.4,7.45,7.42,8.42,2,Institución universitaria/Escuela Tecnológica,Oficial,bolivar,cartagena de indias
7.45,7.42,8.42,7.99,1,Institución universitaria/Escuela Tecnológica,Oficial,bolivar,cartagena de indias
7.42,8.42,7.99,7.32,2,Institución universitaria/Escuela Tecnológica,Oficial,bolivar,cartagena de indias
8.42,7.99,7.32,8.42,1,Institución universitaria/Escuela Tecnológica,Oficial,bolivar,cartagena de indias
7.99,7.32,8.42,8.54,2,Institución universitaria/Escuela Tecnológica,Oficial,bolivar,cartagena de indias
7.32,8.42,8.54,11.83,1,Institución universitaria/Escuela Tecnológica,Oficial,bolivar,cartagena de indias
8.42,8.54,11.83,7.3,2,Institución universitaria/Escuela Tecnológica,Oficial,bolivar,cartagena de indias
8.54,11.83,7.3,10.06,1,Institución universitaria/Escuela Tecnológica,Oficial,bolivar,cartagena de indias
11.83,7.3,10.06,12.07,2,Institución universitaria/Escuela Tecnológica,Oficial,bolivar,cartagena de indias
7.3,10.06,12.07,14.74,1,Institución universitaria/Escuela Tecnológica,Oficial,bolivar,cartagena de indias
10.06,12.07,14.74,14.95,2,Institución universitaria/Escuela Tecnológica,Oficial,bolivar,cartagena de indias
12.07,14.74,14.95,20.93,1,Institución universitaria/Escuela Tecnológica,Oficial,bolivar,cartagena de indias
14.74,14.95,20.93,10.76,2,Institución universitaria/Escuela Tecnológica,Oficial,bolivar,cartagena de indias
14.95,20.93,10.76,7.72,1,Institución universitaria/Escuela Tecnológica,Oficial,bolivar,cartagena de indias
20.93,10.76,7.72,12.18,2,Institución universitaria/Escuela Tecnológica,Oficial,bolivar,cartagena de indias
10.76,7.72,12.18,14.48,1,Institución universitaria/Escuela Tecnológica,Oficial,bolivar,cartagena de indias
7.72,12.18,14.48,13.09,2,Institución universitaria/Escuela Tecnológica,Oficial,bolivar,cartagena de indias
12.18,14.48,13.09,14.91,1,Institución universitaria/Escuela Tecnológica,Oficial,bolivar,cartagena de indias
14.48,13.09,14.91,12.59,2,Institución universitaria/Escuela Tecnológica,Oficial,bolivar,cartagena de indias
13.09,14.91,12.59,8.25,1,Institución universitaria/Escuela Tecnológica,Oficial,bolivar,cartagena de indias
14.91,12.59,8.25,7.72,2,Institución universitaria/Escuela Tecnológica,Oficial,bolivar,cartagena de indias
12.59,8.25,7.72,10.02,1,Institución universitaria/Escuela Tecnológica,Oficial,bolivar,cartagena de indias
8.25,7.72,10.02,9.92,2,Institución universitaria/Escuela Tecnológica,Oficial,bolivar,cartagena de indias
7.72,10.02,9.92,12.21,1,Institución universitaria/Escuela Tecnológica,Oficial,bolivar,cartagena de indias
10.02,9.92,12.21,4.95,2,Institución universitaria/Escuela Tecnológica,Oficial,bolivar,cartagena de indias
9.92,12.21,4.95,5.02,1,Institución universitaria/Escuela Tecnológica,Oficial,bolivar,cartagena de indias
12.21,4.95,5.02,4.73,2,Institución universitaria/Escuela Tecnológica,Oficial,bolivar,cartagena de indias
4.95,5.02,4.73,3.66,1,Institución universitaria/Escuela Tecnológica,Oficial,bolivar,cartagena de indias
5.02,4.73,3.66,4.01,2,Institución universitaria/Escuela Tecnológica,Oficial,bolivar,cartagena de indias
4.73,3.66,4.01,8.17,1,Institución universitaria/Escuela Tecnológica,Oficial,bolivar,cartagena de indias
0.0,0.0,8.82,11.0,1,Institución universitaria/Escuela Tecnológica,Oficial,cauca,popayan
0.0,8.82,11.0,12.68,2,Institución universitaria/Escuela Tecnológica,Oficial,cauca,popayan
8.82,11.0,12.68,35.35,1,Institución universitaria/Escuela Tecnológica,Oficial,cauca,popayan
11.0,12.68,35.35,13.2,2,Institución universitaria/Escuela Tecnológica,Oficial,cauca,popayan
12.68,35.35,13.2,5.24,1,Institución universitaria/Escuela Tecnológica,Oficial,cauca,popayan
35.35,13.2,5.24,13.05,2,Institución universitaria/Escuela Tecnológica,Oficial,cauca,popayan
13.2,5.24,13.05,0.19,1,Institución universitaria/Escuela Tecnológica,Oficial,cauca,popayan
5.24,13.05,0.19,24.46,2,Institución universitaria/Escuela Tecnológica,Oficial,cauca,popayan
13.05,0.19,24.46,18.8,1,Institución universitaria/Escuela Tecnológica,Oficial,cauca,popayan
0.19,24.46,18.8,18.69,2,Institución universitaria/Escuela Tecnológica,Oficial,cauca,popayan
24.46,18.8,18.69,7.93,1,Institución universitaria/Escuela Tecnológica,Oficial,cauca,popayan
18.8,18.69,7.93,13.66,2,Institución universitaria/Escuela Tecnológica,Oficial,cauca,popayan
18.69,7.93,13.66,13.83,1,Institución universitaria/Escuela Tecnológica,Oficial,cauca,popayan
7.93,13.66,13.83,38.33,2,Institución universitaria/Escuela Tecnológica,Oficial,cauca,popayan
13.66,13.83,38.33,33.11,1,Institución universitaria/Escuela Tecnológica,Oficial,cauca,popayan
13.83,38.33,33.11,14.42,2,Institución universitaria/Escuela Tecnológica,Oficial,cauca,popayan
38.33,33.11,14.42,21.19,1,Institución universitaria/Escuela Tecnológica,Oficial,cauca,popayan
33.11,14.42,21.19,26.88,2,Institución universitaria/Escuela Tecnológica,Oficial,cauca,popayan
14.42,21.19,26.88,22.55,1,Institución universitaria/Escuela Tecnológica,Oficial,cauca,popayan
21.19,26.88,22.55,14.94,2,Institución universitaria/Escuela Tecnológica,Oficial,cauca,popayan
26.88,22.55,14.94,16.13,1,Institución universitaria/Escuela Tecnológica,Oficial,cauca,popayan
22.55,14.94,16.13,12.35,2,Institución universitaria/Escuela Tecnológica,Oficial,cauca,popayan
14.94,16.13,12.35,9.88,1,Institución universitaria/Escuela Tecnológica,Oficial,cauca,popayan
16.13,12.35,9.88,6.04,2,Institución universitaria/Escuela Tecnológica,Oficial,cauca,popayan
12.35,9.88,6.04,8.7,1,Institución universitaria/Escuela Tecnológica,Oficial,cauca,popayan
9.88,6.04,8.7,12.5,2,Institución universitaria/Escuela Tecnológica,Oficial,cauca,popayan
6.04,8.7,12.5,11.47,1,Institución universitaria/Escuela Tecnológica,Oficial,cauca,popayan
8.7,12.5,11.47,9.48,2,Institución universitaria/Escuela Tecnológica,Oficial,cauca,popayan
12.5,11.47,9.48,13.96,1,Institución universitaria/Escuela Tecnológica,Oficial,cauca,popayan
11.47,9.48,13.96,7.65,2,Institución universitaria/Escuela Tecnológica,Oficial,cauca,popayan
9.48,13.96,7.65,8.14,1,Institución universitaria/Escuela Tecnológica,Oficial,cauca,popayan
13.96,7.65,8.14,8.84,2,Institución universitaria/Escuela Tecnológica,Oficial,cauca,popayan
7.65,8.14,8.84,6.86,1,Institución universitaria/Escuela Tecnológica,Oficial,cauca,popayan
8.14,8.84,6.86,8.02,2,Institución universitaria/Escuela Tecnológica,Oficial,cauca,popayan
8.84,6.86,8.02,9.76,1,Institución universitaria/Escuela Tecnológica,Oficial,cauca,popayan
6.86,8.02,9.76,8.91,2,Institución universitaria/Escuela Tecnológica,Oficial,cauca,popayan
8.02,9.76,8.91,9.36,1,Institución universitaria/Escuela Tecnológica,Oficial,cauca,popayan
9.76,8.91,9.36,8.1,2,Institución universitaria/Escuela Tecnológica,Oficial,cauca,popayan
8.91,9.36,8.1,7.94,1,Institución universitaria/Escuela Tecnológica,Oficial,cauca,popayan
9.36,8.1,7.94,7.24,2,Institución universitaria/Escuela Tecnológica,Oficial,cauca,popayan
8.1,7.94,7.24,7.34,1,Institución universitaria/Escuela Tecnológica,Oficial,cauca,popayan
7.94,7.24,7.34,6.39,2,Institución universitaria/Escuela Tecnológica,Oficial,cauca,popayan
7.24,7.34,6.39,7.52,1,Institución universitaria/Escuela Tecnológica,Oficial,cauca,popayan
7.34,6.39,7.52,4.72,2,Institución universitaria/Escuela Tecnológica,Oficial,cauca,popayan
6.39,7.52,4.72,5.41,1,Institución universitaria/Escuela Tecnológica,Oficial,cauca,popayan
7.52,4.72,5.41,4.31,2,Institución universitaria/Escuela Tecnológica,Oficial,cauca,popayan
4.72,5.41,4.31,7.52,1,Institución universitaria/Escuela Tecnológica,Oficial,cauca,popayan
0.0,0.0,1.43,14.29,1,Institución universitaria/Escuela Tecnológica,Oficial,antioquia,medellin
0.0,1.43,14.29,14.85,2,Institución universitaria/Escuela Tecnológica,Oficial,antioquia,medellin
1.43,14.29,14.85,10.34,1,Institución universitaria/Escuela Tecnológica,Oficial,antioquia,medellin
14.29,14.85,10.34,7.41,2,Institución universitaria/Escuela Tecnológica,Oficial,antioquia,medellin
14.85,10.34,7.41,8.13,1,Institución universitaria/Escuela Tecnológica,Oficial,antioquia,medellin
10.34,7.41,8.13,14.06,2,Institución universitaria/Escuela Tecnológica,Oficial,antioquia,medellin
7.41,8.13,14.06,23.07,1,Institución universitaria/Escuela Tecnológica,Oficial,antioquia,medellin
8.13,14.06,23.07,40.33,2,Institución universitaria/Escuela Tecnológica,Oficial,antioquia,medellin
14.06,23.07,40.33,19.19,1,Institución universitaria/Escuela Tecnológica,Oficial,antioquia,medellin
23.07,40.33,19.19,17.16,2,Institución universitaria/Escuela Tecnológica,Oficial,antioquia,medellin
40.33,19.19,17.16,25.7,1,Institución universitaria/Escuela Tecnológica,Oficial,antioquia,medellin
19.19,17.16,25.7,35.58,2,Institución universitaria/Escuela Tecnológica,Oficial,antioquia,medellin
17.16,25.7,35.58,27.89,1,Institución universitaria/Escuela Tecnológica,Oficial,antioquia,medellin
25.7,35.58,27.89,23.26,2,Institución universitaria/Escuela Tecnológica,Oficial,antioquia,medellin
35.58,27.89,23.26,11.52,1,Institución universitaria/Escuela Tecnológica,Oficial,antioquia,medellin
27.89,23.26,11.52,10.32,2,Institución universitaria/Escuela Tecnológica,Oficial,antioquia,medellin
23.26,11.52,10.32,18.57,1,Institución universitaria/Escuela Tecnológica,Oficial,antioquia,medellin
11.52,10.32,18.57,13.63,2,Institución universitaria/Escuela Tecnológica,Oficial,antioquia,medellin
10.32,18.57,13.63,13.93,1,Institución universitaria/Escuela Tecnológica,Oficial,antioquia,medellin
18.57,13.63,13.93,14.27,2,Institución universitaria/Escuela Tecnológica,Oficial,antioquia,medellin
13.63,13.93,14.27,12.33,1,Institución universitaria/Escuela Tecnológica,Oficial,antioquia,medellin
13.93,14.27,12.33,15.11,2,Institución universitaria/Escuela Tecnológica,Oficial,antioquia,medellin
14.27,12.33,15.11,16.96,1,Institución universitaria/Escuela Tecnológica,Oficial,antioquia,medellin
12.33,15.11,16.96,28.85,2,Institución universitaria/Escuela Tecnológica,Oficial,antioquia,medellin
15.11,16.96,28.85,23.28,1,Institución universitaria/Escuela Tecnológica,Oficial,antioquia,medellin
16.96,28.85,23.28,24.57,2,Institución universitaria/Escuela Tecnológica,Oficial,antioquia,medellin
28.85,23.28,24.57,26.21,1,Institución universitaria/Escuela Tecnológica,Oficial,antioquia,medellin
23.28,24.57,26.21,19.31,2,Institución universitaria/Escuela Tecnológica,Oficial,antioquia,medellin
24.57,26.21,19.31,12.51,1,Institución universitaria/Escuela Tecnológica,Oficial,antioquia,medellin
26.21,19.31,12.51,16.62,2,Institución universitaria/Escuela Tecnológica,Oficial,antioquia,medellin
19.31,12.51,16.62,16.53,1,Institución universitaria/Escuela Tecnológica,Oficial,antioquia,medellin
12.51,16.62,16.53,20.24,2,Institución universitaria/Escuela Tecnológica,Oficial,antioquia,medellin
16.62,16.53,20.24,59.64,1,Institución universitaria/Escuela Tecnológica,Oficial,antioquia,medellin
16.53,20.24,59.64,9.24,2,Institución universitaria/Escuela Tecnológica,Oficial,antioquia,medellin
20.24,59.64,9.24,15.95,1,Institución universitaria/Escuela Tecnológica,Oficial,antioquia,medellin
59.64,9.24,15.95,25.34,2,Institución universitaria/Escuela Tecnológica,Oficial,antioquia,medellin
9.24,15.95,25.34,11.32,1,Institución universitaria/Escuela Tecnológica,Oficial,antioquia,medellin
15.95,25.34,11.32,12.86,2,Institución universitaria/Escuela Tecnológica,Oficial,antioquia,medellin
25.34,11.32,12.86,13.15,1,Institución universitaria/Escuela Tecnológica,Oficial,antioquia,medellin
11.32,12.86,13.15,11.71,2,Institución universitaria/Escuela Tecnológica,Oficial,antioquia,medellin
12.86,13.15,11.71,12.2,1,Institución universitaria/Escuela Tecnológica,Oficial,antioquia,medellin
13.15,11.71,12.2,12.85,2,Institución universitaria/Escuela Tecnológica,Oficial,antioquia,medellin
11.71,12.2,12.85,14.6,1,Institución universitaria/Escuela Tecnológica,Oficial,antioquia,medellin
12.2,12.85,14.6,10.4,2,Institución universitaria/Escuela Tecnológica,Oficial,antioquia,medellin
12.85,14.6,10.4,12.75,1,Institución universitaria/Escuela Tecnológica,Oficial,antioquia,medellin
14.6,10.4,12.75,18.2,2,Institución universitaria/Escuela Tecnológica,Oficial,antioquia,medellin
10.4,12.75,18.2,13.9,1,Institución universitaria/Escuela Tecnológica,Oficial,antioquia,medellin
0.0,0.0,0.0,0.0,1,Institución tecnológica,Oficial,atlantico,barranquilla
0.0,0.0,0.0,0.0,2,Institución tecnológica,Oficial,atlantico,barranquilla
0.0,0.0,0.0,0.0,1,Institución tecnológica,Oficial,atlantico,barranquilla
0.0,0.0,0.0,0.0,2,Institución tecnológica,Oficial,atlantico,barranquilla
0.0,0.0,0.0,0.0,1,Institución tecnológica,Oficial,atlantico,barranquilla
0.0,0.0,0.0,0.0,2,Institución tecnológica,Oficial,atlantico,barranquilla
0.0,0.0,0.0,85.16,1,Institución tecnológica,Oficial,atlantico,barranquilla
0.0,0.0,85.16,0.0,2,Institución tecnológica,Oficial,atlantico,barranquilla
0.0,85.16,0.0,2.41,1,Institución tecnológica,Oficial,atlantico,barranquilla
85.16,0.0,2.41,0.0,2,Institución tecnológica,Oficial,atlantico,barranquilla
0.0,2.41,0.0,100.0,1,Institución tecnológica,Oficial,atlantico,barranquilla
2.41,0.0,100.0,1.52,2,Institución tecnológica,Oficial,atlantico,barranquilla
0.0,100.0,1.52,0.0,1,Institución tecnológica,Oficial,atlantico,barranquilla
100.0,1.52,0.0,21.49,2,Institución tecnológica,Oficial,atlantico,barranquilla
1.52,0.0,21.49,6.36,1,Institución tecnológica,Oficial,atlantico,barranquilla
0.0,21.49,6.36,42.38,2,Institución tecnológica,Oficial,atlantico,barranquilla
21.49,6.36,42.38,0.0,1,Institución tecnológica,Oficial,atlantico,barranquilla
6.36,42.38,0.0,15.75,2,Institución tecnológica,Oficial,atlantico,barranquilla
42.38,0.0,15.75,2.31,1,Institución tecnológica,Oficial,atlantico,barranquilla
0.0,15.75,2.31,17.48,2,Institución tecnológica,Oficial,atlantico,barranquilla
15.75,2.31,17.48,30.79,1,Institución tecnológica,Oficial,atlantico,barranquilla
2.31,17.48,30.79,24.87,2,Institución tecnológica,Oficial,atlantico,barranquilla
17.48,30.79,24.87,16.55,1,Institución tecnológica,Oficial,atlantico,barranquilla
30.79,24.87,16.55,11.24,2,Institución tecnológica,Oficial,atlantico,barranquilla
24.87,16.55,11.24,0.81,1,Institución tecnológica,Oficial,atlantico,barranquilla
16.55,11.24,0.81,4.99,2,Institución tecnológica,Oficial,atlantico,barranquilla
11.24,0.81,4.99,15.46,1,Institución tecnológica,Oficial,atlantico,barranquilla
0.81,4.99,15.46,0.88,2,Institución tecnológica,Oficial,atlantico,barranquilla
4.99,15.46,0.88,46.51,1,Institución tecnológica,Oficial,atlantico,barranquilla
15.46,0.88,46.51,5.36,2,Institución tecnológica,Oficial,atlantico,barranquilla
0.88,46.51,5.36,100.0,1,Institución tecnológica,Oficial,atlantico,barranquilla
46.51,5.36,100.0,100.0,2,Institución tecnológica,Oficial,atlantico,barranquilla
5.36,100.0,100.0,100.0,1,Institución tecnológica,Oficial,atlantico,barranquilla
100.0,100.0,100.0,2.13,2,Institución tecnológica,Oficial,atlantico,barranquilla
100.0,100.0,2.13,8.06,1,Institución tecnológica,Oficial,atlantico,barranquilla
100.0,2.13,8.06,4.42,2,Institución tecnológica,Oficial,atlantico,barranquilla
2.13,8.06,4.42,10.28,1,Institución tecnológica,Oficial,atlantico,barranquilla
8.06,4.42,10.28,12.4,2,Institución tecnológica,Oficial,atlantico,barranquilla
4.42,10.28,12.4,1.97,1,Institución tecnológica,Oficial,atlantico,barranquilla
10.28,12.4,1.97,92.21,2,Institución tecnológica,Oficial,atlantico,barranquilla
12.4,1.97,92.21,27.77,1,Institución tecnológica,Oficial,atlantico,barranquilla
0.0,0.0,26.52,17.67,1,Institución universitaria/Escuela Tecnológica,Oficial,putumayo,mocoa
0.0,26.52,17.67,13.45,2,Institución universitaria/Escuela Tecnológica,Oficial,putumayo,mocoa
26.52,17.67,13.45,10.59,1,Institución universitaria/Escuela Tecnológica,Oficial,putumayo,mocoa
17.67,13.45,10.59,29.13,2,Institución universitaria/Escuela Tecnológica,Oficial,putumayo,mocoa
13.45,10.59,29.13,77.24,1,Institución universitaria/Escuela Tecnológica,Oficial,putumayo,mocoa
10.59,29.13,77.24,32.99,2,Institución universitaria/Escuela Tecnológica,Oficial,putumayo,mocoa
29.13,77.24,32.99,63.33,1,Institución universitaria/Escuela Tecnológica,Oficial,putumayo,mocoa
77.24,32.99,63.33,79.21,2,Institución universitaria/Escuela Tecnológica,Oficial,putumayo,mocoa
32.99,63.33,79.21,21.41,1,Institución universitaria/Escuela Tecnológica,Oficial,putumayo,mocoa
63.33,79.21,21.41,52.47,2,Institución universitaria/Escuela Tecnológica,Oficial,putumayo,mocoa
79.21,21.41,52.47,100.0,1,Institución universitaria/Escuela Tecnológica,Oficial,putumayo,mocoa
21.41,52.47,100.0,47.94,2,Institución universitaria/Escuela Tecnológica,Oficial,putumayo,mocoa
52.47,100.0,47.94,23.78,1,Institución universitaria/Escuela Tecnológica,Oficial,putumayo,mocoa
100.0,47.94,23.78,10.25,2,Institución universitaria/Escuela Tecnológica,Oficial,putumayo,mocoa
47.94,23.78,10.25,8.11,1,Institución universitaria/Escuela Tecnológica,Oficial,putumayo,mocoa
23.78,10.25,8.11,17.66,2,Institución universitaria/Escuela Tecnológica,Oficial,putumayo,mocoa
10.25,8.11,17.66,23.94,1,Institución universitaria/Escuela Tecnológica,Oficial,putumayo,mocoa
8.11,17.66,23.94,12.3,2,Institución universitaria/Escuela Tecnológica,Oficial,putumayo,mocoa
17.66,23.94,12.3,8.13,1,Institución universitaria/Escuela Tecnológica,Oficial,putumayo,mocoa
23.94,12.3,8.13,14.18,2,Institución universitaria/Escuela Tecnológica,Oficial,putumayo,mocoa
12.3,8.13,14.18,48.16,1,Institución universitaria/Escuela Tecnológica,Oficial,putumayo,mocoa
8.13,14.18,48.16,11.06,2,Institución universitaria/Escuela Tecnológica,Oficial,putumayo,mocoa
14.18,48.16,11.06,8.95,1,Institución universitaria/Escuela Tecnológica,Oficial,putumayo,mocoa
48.16,11.06,8.95,9.03,2,Institución universitaria/Escuela Tecnológica,Oficial,putumayo,mocoa
11.06,8.95,9.03,8.68,1,Institución universitaria/Escuela Tecnológica,Oficial,putumayo,mocoa
8.95,9.03,8.68,5.46,2,Institución universitaria/Escuela Tecnológica,Oficial,putumayo,mocoa
9.03,8.68,5.46,5.82,1,Institución universitaria/Escuela Tecnológica,Oficial,putumayo,mocoa
8.68,5.46,5.82,9.45,2,Institución universitaria/Escuela Tecnológica,Oficial,putumayo,mocoa
5.46,5.82,9.45,7.6,1,Institución universitaria/Escuela Tecnológica,Oficial,putumayo,mocoa
5.82,9.45,7.6,7.51,2,Institución universitaria/Escuela Tecnológica,Oficial,putumayo,mocoa
9.45,7.6,7.51,12.33,1,Institución universitaria/Escuela Tecnológica,Oficial,putumayo,mocoa
7.6,7.51,12.33,11.87,2,Institución universitaria/Escuela Tecnológica,Oficial,putumayo,mocoa
7.51,12.33,11.87,13.97,1,Institución universitaria/Escuela Tecnológica,Oficial,putumayo,mocoa
0.0,0.0,14.4,17.59,2,Institución universitaria/Escuela Tecnológica,Oficial,atlantico,barranquilla
0.0,14.4,17.59,10.01,1,Institución universitaria/Escuela Tecnológica,Oficial,atlantico,barranquilla
14.4,17.59,10.01,11.48,2,Institución universitaria/Escuela Tecnológica,Oficial,atlantico,barranquilla
17.59,10.01,11.48,10.18,1,Institución universitaria/Escuela Tecnológica,Oficial,atlantico,barranquilla
10.01,11.48,10.18,11.64,2,Institución universitaria/Escuela Tecnológica,Oficial,atlantico,barranquilla
11.48,10.18,11.64,12.6,1,Institución universitaria/Escuela Tecnológica,Oficial,atlantico,barranquilla
10.18,11.64,12.6,14.06,2,Institución universitaria/Escuela Tecnológica,Oficial,atlantico,barranquilla
11.64,12.6,14.06,38.17,1,Institución universitaria/Escuela Tecnológica,Oficial,atlantico,barranquilla
12.6,14.06,38.17,26.02,2,Institución universitaria/Escuela Tecnológica,Oficial,atlantico,barranquilla
14.06,38.17,26.02,22.73,1,Institución universitaria/Escuela Tecnológica,Oficial,atlantico,barranquilla
38.17,26.02,22.73,37.37,2,Institución universitaria/Escuela Tecnológica,Oficial,atlantico,barranquilla
26.02,22.73,37.37,23.27,1,Institución universitaria/Escuela Tecnológica,Oficial,atlantico,barranquilla
22.73,37.37,23.27,36.68,2,Institución universitaria/Escuela Tecnológica,Oficial,atlantico,barranquilla
37.37,23.27,36.68,18.62,1,Institución universitaria/Escuela Tecnológica,Oficial,atlantico,barranquilla
23.27,36.68,18.62,25.13,2,Institución universitaria/Escuela Tecnológica,Oficial,atlantico,barranquilla
36.68,18.62,25.13,20.67,1,Institución universitaria/Escuela Tecnológica,Oficial,atlantico,barranquilla
18.62,25.13,20.67,33.83,2,Institución universitaria/Escuela Tecnológica,Oficial,atlantico,barranquilla
25.13,20.67,33.83,19.85,1,Institución universitaria/Escuela Tecnológica,Oficial,atlantico,barranquilla
20.67,33.83,19.85,23.33,2,Institución universitaria/Escuela Tecnológica,Oficial,atlantico,barranquilla
33.83,19.85,23.33,35.05,1,Institución universitaria/Escuela Tecnológica,Oficial,atlantico,barranquilla
19.85,23.33,35.05,60.17,2,Institución universitaria/Escuela Tecnológica,Oficial,atlantico,barranquilla
23.33,35.05,60.17,28.64,1,Institución universitaria/Escuela Tecnológica,Oficial,atlantico,barranquilla
35.05,60.17,28.64,37.41,2,Institución universitaria/Escuela Tecnológica,Oficial,atlantico,barranquilla
60.17,28.64,37.41,15.87,1,Institución universitaria/Escuela Tecnológica,Oficial,atlantico,barranquilla
28.64,37.41,15.87,24.97,2,Institución universitaria/Escuela Tecnológica,Oficial,atlantico,barranquilla
37.41,15.87,24.97,32.94,1,Institución universitaria/Escuela Tecnológica,Oficial,atlantico,barranquilla
15.87,24.97,32.94,28.0,2,Institución universitaria/Escuela Tecnológica,Oficial,atlantico,barranquilla
24.97,32.94,28.0,26.29,1,Institución universitaria/Escuela Tecnológica,Oficial,atlantico,barranquilla
32.94,28.0,26.29,22.85,2,Institución universitaria/Escuela Tecnológica,Oficial,atlantico,barranquilla
28.0,26.29,22.85,21.22,1,Institución universitaria/Escuela Tecnológica,Oficial,atlantico,barranquilla
26.29,22.85,21.22,35.57,2,Institución universitaria/Escuela Tecnológica,Oficial,atlantico,barranquilla
22.85,21.22,35.57,19.47,1,Institución universitaria/Escuela Tecnológica,Oficial,atlantico,barranquilla
21.22,35.57,19.47,25.06,2,Institución universitaria/Escuela Tecnológica,Oficial,atlantico,barranquilla
35.57,19.47,25.06,12.59,1,Institución universitaria/Escuela Tecnológica,Oficial,atlantico,barranquilla
19.47,25.06,12.59,21.56,2,Institución universitaria/Escuela Tecnológica,Oficial,atlantico,barranquilla
25.06,12.59,21.56,15.35,1,Institución universitaria/Escuela Tecnológica,Oficial,atlantico,barranquilla
12.59,21.56,15.35,28.98,2,Institución universitaria/Escuela Tecnológica,Oficial,atlantico,barranquilla
21.56,15.35,28.98,15.57,1,Institución universitaria/Escuela Tecnológica,Oficial,atlantico,barranquilla
15.35,28.98,15.57,16.98,2,Institución universitaria/Escuela Tecnológica,Oficial,atlantico,barranquilla
28.98,15.57,16.98,6.39,1,Institución universitaria/Escuela Tecnológica,Oficial,atlantico,barranquilla
15.57,16.98,6.39,12.62,2,Institución universitaria/Escuela Tecnológica,Oficial,atlantico,barranquilla
16.98,6.39,12.62,9.42,1,Institución universitaria/Escuela Tecnológica,Oficial,atlantico,barranquilla
0.0,0.0,5.09,2.98,1,Institución tecnológica,Oficial,santander,bucaramanga
0.0,5.09,2.98,1.85,2,Institución tecnológica,Oficial,santander,bucaramanga
5.09,2.98,1.85,7.54,1,Institución tecnológica,Oficial,santander,bucaramanga
2.98,1.85,7.54,12.64,2,Institución tecnológica,Oficial,santander,bucaramanga
1.85,7.54,12.64,11.19,1,Institución tecnológica,Oficial,santander,bucaramanga
7.54,12.64,11.19,12.77,2,Institución tecnológica,Oficial,santander,bucaramanga
12.64,11.19,12.77,10.36,1,Institución tecnológica,Oficial,santander,bucaramanga
11.19,12.77,10.36,12.36,2,Institución tecnológica,Oficial,santander,bucaramanga
12.77,10.36,12.36,15.39,1,Institución tecnológica,Oficial,santander,bucaramanga
10.36,12.36,15.39,14.91,2,Institución tecnológica,Oficial,santander,bucaramanga
12.36,15.39,14.91,13.07,1,Institución tecnológica,Oficial,santander,bucaramanga
15.39,14.91,13.07,14.21,2,Institución tecnológica,Oficial,santander,bucaramanga
14.91,13.07,14.21,12.57,1,Institución tecnológica,Oficial,santander,bucaramanga
13.07,14.21,12.57,12.45,2,Institución tecnológica,Oficial,santander,bucaramanga
14.21,12.57,12.45,14.26,1,Institución tecnológica,Oficial,santander,bucaramanga
12.57,12.45,14.26,15.1,2,Institución tecnológica,Oficial,santander,bucaramanga
12.45,14.26,15.1,15.45,1,Institución tecnológica,Oficial,santander,bucaramanga
14.26,15.1,15.45,16.32,2,Institución tecnológica,Oficial,santander,bucaramanga
15.1,15.45,16.32,14.22,1,Institución tecnológica,Oficial,santander,bucaramanga
15.45,16.32,14.22,19.34,2,Institución tecnológica,Oficial,santander,bucaramanga
16.32,14.22,19.34,18.58,1,Institución tecnológica,Oficial,santander,bucaramanga
14.22,19.34,18.58,25.69,2,Institución tecnológica,Oficial,santander,bucaramanga
19.34,18.58,25.69,16.16,1,Institución tecnológica,Oficial,santander,bucaramanga
18.58,25.69,16.16,12.21,2,Institución tecnológica,Oficial,santander,bucaramanga
25.69,16.16,12.21,23.97,1,Institución tecnológica,Oficial,santander,bucaramanga
16.16,12.21,23.97,26.71,2,Institución tecnológica,Oficial,santander,bucaramanga
12.21,23.97,26.71,13.93,1,Institución tecnológica,Oficial,santander,bucaramanga
23.97,26.71,13.93,16.26,2,Institución tecnológica,Oficial,santander,bucaramanga
26.71,13.93,16.26,20.82,1,Institución tecnológica,Oficial,santander,bucaramanga
13.93,16.26,20.82,25.1,2,Institución tecnológica,Oficial,santander,bucaramanga
16.26,20.82,25.1,18.65,1,Institución tecnológica,Oficial,santander,bucaramanga
20.82,25.1,18.65,12.83,2,Institución tecnológica,Oficial,santander,bucaramanga
25.1,18.65,12.83,14.32,1,Institución tecnológica,Oficial,santander,bucaramanga
18.65,12.83,14.32,19.47,2,Institución tecnológica,Oficial,santander,bucaramanga
12.83,14.32,19.47,15.72,1,Institución tecnológica,Oficial,santander,bucaramanga
14.32,19.47,15.72,19.44,2,Institución tecnológica,Oficial,santander,bucaramanga
19.47,15.72,19.44,16.65,1,Institución tecnológica,Oficial,santander,bucaramanga
15.72,19.44,16.65,17.16,2,Institución tecnológica,Oficial,santander,bucaramanga
19.44,16.65,17.16,15.55,1,Institución tecnológica,Oficial,santander,bucaramanga
16.65,17.16,15.55,15.15,2,Institución tecnológica,Oficial,santander,bucaramanga
17.16,15.55,15.15,12.66,1,Institución tecnológica,Oficial,santander,bucaramanga
15.55,15.15,12.66,13.9,2,Institución tecnológica,Oficial,santander,bucaramanga
15.15,12.66,13.9,14.77,1,Institución tecnológica,Oficial,santander,bucaramanga
12.66,13.9,14.77,10.34,2,Institución tecnológica,Oficial,santander,bucaramanga
13.9,14.77,10.34,6.75,1,Institución tecnológica,Oficial,santander,bucaramanga
14.77,10.34,6.75,8.66,2,Institución tecnológica,Oficial,santander,bucaramanga
10.34,6.75,8.66,13.0,1,Institución tecnológica,Oficial,santander,bucaramanga
0.0,0.0,4.83,7.28,1,Institución universitaria/Escuela Tecnológica,Oficial,antioquia,medellin
0.0,4.83,7.28,7.93,2,Institución universitaria/Escuela Tecnológica,Oficial,antioquia,medellin
4.83,7.28,7.93,9.0,1,Institución universitaria/Escuela Tecnológica,Oficial,antioquia,medellin
7.28,7.93,9.0,10.21,2,Institución universitaria/Escuela Tecnológica,Oficial,antioquia,medellin
7.93,9.0,10.21,7.08,1,Institución universitaria/Escuela Tecnológica,Oficial,antioquia,medellin
9.0,10.21,7.08,14.34,2,Institución universitaria/Escuela Tecnológica,Oficial,antioquia,medellin
10.21,7.08,14.34,12.12,1,Institución universitaria/Escuela Tecnológica,Oficial,antioquia,medellin
7.08,14.34,12.12,11.18,2,Institución universitaria/Escuela Tecnológica,Oficial,antioquia,medellin
14.34,12.12,11.18,8.9,1,Institución universitaria/Escuela Tecnológica,Oficial,antioquia,medellin
12.12,11.18,8.9,8.63,2,Institución universitaria/Escuela Tecnológica,Oficial,antioquia,medellin
11.18,8.9,8.63,8.14,1,Institución universitaria/Escuela Tecnológica,Oficial,antioquia,medellin
8.9,8.63,8.14,10.53,2,Institución universitaria/Escuela Tecnológica,Oficial,antioquia,medellin
8.63,8.14,10.53,11.03,1,Institución universitaria/Escuela Tecnológica,Oficial,antioquia,medellin
8.14,10.53,11.03,10.48,2,Institución universitaria/Escuela Tecnológica,Oficial,antioquia,medellin
10.53,11.03,10.48,11.01,1,Institución universitaria/Escuela Tecnológica,Oficial,antioquia,medellin
11.03,10.48,11.01,8.76,2,Institución universitaria/Escuela Tecnológica,Oficial,antioquia,medellin
10.48,11.01,8.76,7.99,1,Institución universitaria/Escuela Tecnológica,Oficial,antioquia,medellin
11.01,8.76,7.99,13.84,2,Institución universitaria/Escuela Tecnológica,Oficial,antioquia,medellin
8.76,7.99,13.84,10.1,1,Institución universitaria/Escuela Tecnológica,Oficial,antioquia,medellin
7.99,13.84,10.1,7.92,2,Institución universitaria/Escuela Tecnológica,Oficial,antioquia,medellin
13.84,10.1,7.92,6.71,1,Institución universitaria/Escuela Tecnológica,Oficial,antioquia,medellin
10.1,7.92,6.71,8.74,2,Institución universitaria/Escuela Tecnológica,Oficial,antioquia,medellin
7.92,6.71,8.74,12.07,1,Institución universitaria/Escuela Tecnológica,Oficial,antioquia,medellin
6.71,8.74,12.07,8.77,2,Institución universitaria/Escuela Tecnológica,Oficial,antioquia,medellin
8.74,12.07,8.77,10.07,1,Institución universitaria/Escuela Tecnológica,Oficial,antioquia,medellin
12.07,8.77,10.07,6.58,2,Institución universitaria/Escuela Tecnológica,Oficial,antioquia,medellin
8.77,10.07,6.58,17.92,1,Institución universitaria/Escuela Tecnológica,Oficial,antioquia,medellin
10.07,6.58,17.92,12.48,2,Institución universitaria/Escuela Tecnológica,Oficial,antioquia,medellin
6.58,17.92,12.48,11.51,1,Institución universitaria/Escuela Tecnológica,Oficial,antioquia,medellin
17.92,12.48,11.51,9.3,2,Institución universitaria/Escuela Tecnológica,Oficial,antioquia,medellin
12.48,11.51,9.3,10.53,1,Institución universitaria/Escuela Tecnológica,Oficial,antioquia,medellin
11.51,9.3,10.53,9.78,2,Institución universitaria/Escuela Tecnológica,Oficial,antioquia,medellin
9.3,10.53,9.78,9.26,1,Institución universitaria/Escuela Tecnológica,Oficial,antioquia,medellin
10.53,9.78,9.26,11.18,2,Institución universitaria/Escuela Tecnológica,Oficial,antioquia,medellin
9.78,9.26,11.18,10.05,1,Institución universitaria/Escuela Tecnológica,Oficial,antioquia,medellin
9.26,11.18,10.05,8.5,2,Institución universitaria/Escuela Tecnológica,Oficial,antioquia,medellin
11.18,10.05,8.5,8.41,1,Institución universitaria/Escuela Tecnológica,Oficial,antioquia,medellin
10.05,8.5,8.41,9.52,2,Institución universitaria/Escuela Tecnológica,Oficial,antioquia,medellin
8.5,8.41,9.52,8.24,1,Institución universitaria/Escuela Tecnológica,Oficial,antioquia,medellin
8.41,9.52,8.24,6.72,2,Institución universitaria/Escuela Tecnológica,Oficial,antioquia,medellin
9.52,8.24,6.72,5.71,1,Institución universitaria/Escuela Tecnológica,Oficial,antioquia,medellin
8.24,6.72,5.71,6.39,2,Institución universitaria/Escuela Tecnológica,Oficial,antioquia,medellin
6.72,5.71,6.39,8.61,1,Institución universitaria/Escuela Tecnológica,Oficial,antioquia,medellin
5.71,6.39,8.61,8.28,2,Institución universitaria/Escuela Tecnológica,Oficial,antioquia,medellin
6.39,8.61,8.28,7.26,1,Institución universitaria/Escuela Tecnológica,Oficial,antioquia,medellin
8.61,8.28,7.26,7.85,2,Institución universitaria/Escuela Tecnológica,Oficial,antioquia,medellin
8.28,7.26,7.85,13.23,1,Institución universitaria/Escuela Tecnológica,Oficial,antioquia,medellin
0.0,0.0,21.18,54.84,1,Institución universitaria/Escuela Tecnológica,Oficial,valle del cauca,cali
0.0,21.18,54.84,13.45,2,Institución universitaria/Escuela Tecnológica,Oficial,valle del cauca,cali
21.18,54.84,13.45,23.45,1,Institución universitaria/Escuela Tecnológica,Oficial,valle del cauca,cali
54.84,13.45,23.45,25.36,2,Institución universitaria/Escuela Tecnológica,Oficial,valle del cauca,cali
13.45,23.45,25.36,13.68,1,Institución universitaria/Escuela Tecnológica,Oficial,valle del cauca,cali
23.45,25.36,13.68,20.26,2,Institución universitaria/Escuela Tecnológica,Oficial,valle del cauca,cali
25.36,13.68,20.26,24.36,1,Institución universitaria/Escuela Tecnológica,Oficial,valle del cauca,cali
13.68,20.26,24.36,12.65,2,Institución universitaria/Escuela Tecnológica,Oficial,valle del cauca,cali
20.26,24.36,12.65,9.33,1,Institución universitaria/Escuela Tecnológica,Oficial,valle del cauca,cali
24.36,12.65,9.33,25.19,2,Institución universitaria/Escuela Tecnológica,Oficial,valle del cauca,cali
12.65,9.33,25.19,24.97,1,Institución universitaria/Escuela Tecnológica,Oficial,valle del cauca,cali
9.33,25.19,24.97,11.12,2,Institución universitaria/Escuela Tecnológica,Oficial,valle del cauca,cali
25.19,24.97,11.12,10.64,1,Institución universitaria/Escuela Tecnológica,Oficial,valle del cauca,cali
24.97,11.12,10.64,10.44,2,Institución universitaria/Escuela Tecnológica,Oficial,valle del cauca,cali
11.12,10.64,10.44,13.82,1,Institución universitaria/Escuela Tecnológica,Oficial,valle del cauca,cali
10.64,10.44,13.82,11.83,2,Institución universitaria/Escuela Tecnológica,Oficial,valle del cauca,cali
10.44,13.82,11.83,10.43,1,Institución universitaria/Escuela Tecnológica,Oficial,valle del cauca,cali
13.82,11.83,10.43,12.65,2,Institución universitaria/Escuela Tecnológica,Oficial,valle del cauca,cali
11.83,10.43,12.65,15.57,1,Institución universitaria/Escuela Tecnológica,Oficial,valle del cauca,cali
10.43,12.65,15.57,17.97,2,Institución universitaria/Escuela Tecnológica,Oficial,valle del cauca,cali
12.65,15.57,17.97,21.86,1,Institución universitaria/Escuela Tecnológica,Oficial,valle del cauca,cali
15.57,17.97,21.86,15.57,2,Institución universitaria/Escuela Tecnológica,Oficial,valle del cauca,cali
17.97,21.86,15.57,16.62,1,Institución universitaria/Escuela Tecnológica,Oficial,valle del cauca,cali
21.86,15.57,16.62,18.11,2,Institución universitaria/Escuela Tecnológica,Oficial,valle del cauca,cali
15.57,16.62,18.11,14.73,1,Institución universitaria/Escuela Tecnológica,Oficial,valle del cauca,cali
16.62,18.11,14.73,17.49,2,Institución universitaria/Escuela Tecnológica,Oficial,valle del cauca,cali
18.11,14.73,17.49,14.24,1,Institución universitaria/Escuela Tecnológica,Oficial,valle del cauca,cali
14.73,17.49,14.24,15.41,2,Institución universitaria/Escuela Tecnológica,Oficial,valle del cauca,cali
17.49,14.24,15.41,11.93,1,Institución universitaria/Escuela Tecnológica,Oficial,valle del cauca,cali
14.24,15.41,11.93,10.26,2,Institución universitaria/Escuela Tecnológica,Oficial,valle del cauca,cali
15.41,11.93,10.26,10.71,1,Institución universitaria/Escuela Tecnológica,Oficial,valle del cauca,cali
11.93,10.26,10.71,11.63,2,Institución universitaria/Escuela Tecnológica,Oficial,valle del cauca,cali
10.26,10.71,11.63,11.87,1,Institución universitaria/Escuela Tecnológica,Oficial,valle del cauca,cali
10.71,11.63,11.87,11.32,2,Institución universitaria/Escuela Tecnológica,Oficial,valle del cauca,cali
11.63,11.87,11.32,11.06,1,Institución universitaria/Escuela Tecnológica,Oficial,valle del cauca,cali
11.87,11.32,11.06,12.78,2,Institución universitaria/Escuela Tecnológica,Oficial,valle del cauca,cali
11.32,11.06,12.78,12.14,1,Institución universitaria/Escuela Tecnológica,Oficial,valle del cauca,cali
11.06,12.78,12.14,12.86,2,Institución universitaria/Escuela Tecnológica,Oficial,valle del cauca,cali
12.78,12.14,12.86,10.34,1,Institución universitaria/Escuela Tecnológica,Oficial,valle del cauca,cali
12.14,12.86,10.34,11.63,2,Institución universitaria/Escuela Tecnológica,Oficial,valle del cauca,cali
12.86,10.34,11.63,9.84,1,Institución universitaria/Escuela Tecnológica,Oficial,valle del cauca,cali
10.34,11.63,9.84,8.84,2,Institución universitaria/Escuela Tecnológica,Oficial,valle del cauca,cali
11.63,9.84,8.84,10.19,1,Institución universitaria/Escuela Tecnológica,Oficial,valle del cauca,cali
9.84,8.84,10.19,7.54,2,Institución universitaria/Escuela Tecnológica,Oficial,valle del cauca,cali
8.84,10.19,7.54,3.76,1,Institución universitaria/Escuela Tecnológica,Oficial,valle del cauca,cali
10.19,7.54,3.76,5.28,2,Institución universitaria/Escuela Tecnológica,Oficial,valle del cauca,cali
7.54,3.76,5.28,7.83,1,Institución universitaria/Escuela Tecnológica,Oficial,valle del cauca,cali
0.0,0.0,4.12,7.93,1,Institución universitaria/Escuela Tecnológica,Oficial,antioquia,medellin
0.0,4.12,7.93,7.82,2,Institución universitaria/Escuela Tecnológica,Oficial,antioquia,medellin
4.12,7.93,7.82,6.49,1,Institución universitaria/Escuela Tecnológica,Oficial,antioquia,medellin
7.93,7.82,6.49,12.12,2,Institución universitaria/Escuela Tecnológica,Oficial,antioquia,medellin
7.82,6.49,12.12,11.55,1,Institución universitaria/Escuela Tecnológica,Oficial,antioquia,medellin
6.49,12.12,11.55,11.24,2,Institución universitaria/Escuela Tecnológica,Oficial,antioquia,medellin
12.12,11.55,11.24,13.82,1,Institución universitaria/Escuela Tecnológica,Oficial,antioquia,medellin
11.55,11.24,13.82,12.81,2,Institución universitaria/Escuela Tecnológica,Oficial,antioquia,medellin
11.24,13.82,12.81,12.86,1,Institución universitaria/Escuela Tecnológica,Oficial,antioquia,medellin
13.82,12.81,12.86,11.46,2,Institución universitaria/Escuela Tecnológica,Oficial,antioquia,medellin
12.81,12.86,11.46,11.36,1,Institución universitaria/Escuela Tecnológica,Oficial,antioquia,medellin
12.86,11.46,11.36,11.55,2,Institución universitaria/Escuela Tecnológica,Oficial,antioquia,medellin
11.46,11.36,11.55,14.71,1,Institución universitaria/Escuela Tecnológica,Oficial,antioquia,medellin
11.36,11.55,14.71,24.24,2,Institución universitaria/Escuela Tecnológica,Oficial,antioquia,medellin
11.55,14.71,24.24,22.71,1,Institución universitaria/Escuela Tecnológica,Oficial,antioquia,medellin
14.71,24.24,22.71,36.45,2,Institución universitaria/Escuela Tecnológica,Oficial,antioquia,medellin
24.24,22.71,36.45,61.87,1,Institución universitaria/Escuela Tecnológica,Oficial,antioquia,medellin
22.71,36.45,61.87,19.81,2,Institución universitaria/Escuela Tecnológica,Oficial,antioquia,medellin
36.45,61.87,19.81,19.69,1,Institución universitaria/Escuela Tecnológica,Oficial,antioquia,medellin
61.87,19.81,19.69,19.01,2,Institución universitaria/Escuela Tecnológica,Oficial,antioquia,medellin
19.81,19.69,19.01,12.58,1,Institución universitaria/Escuela Tecnológica,Oficial,antioquia,medellin
19.69,19.01,12.58,13.74,2,Institución universitaria/Escuela Tecnológica,Oficial,antioquia,medellin
19.01,12.58,13.74,19.01,1,Institución universitaria/Escuela Tecnológica,Oficial,antioquia,medellin
12.58,13.74,19.01,19.71,2,Institución universitaria/Escuela Tecnológica,Oficial,antioquia,medellin
13.74,19.01,19.71,18.23,1,Institución universitaria/Escuela Tecnológica,Oficial,antioquia,medellin
19.01,19.71,18.23,14.39,2,Institución universitaria/Escuela Tecnológica,Oficial,antioquia,medellin
19.71,18.23,14.39,14.99,1,Institución universitaria/Escuela Tecnológica,Oficial,antioquia,medellin
18.23,14.39,14.99,10.9,2,Institución universitaria/Escuela Tecnológica,Oficial,antioquia,medellin
14.39,14.99,10.9,16.06,1,Institución universitaria/Escuela Tecnológica,Oficial,antioquia,medellin
14.99,10.9,16.06,19.4,2,Institución universitaria/Escuela Tecnológica,Oficial,antioquia,medellin
10.9,16.06,19.4,45.35,1,Institución universitaria/Escuela Tecnológica,Oficial,antioquia,medellin
16.06,19.4,45.35,11.69,2,Institución universitaria/Escuela Tecnológica,Oficial,antioquia,medellin
19.4,45.35,11.69,13.23,1,Institución universitaria/Escuela Tecnológica,Oficial,antioquia,medellin
45.35,11.69,13.23,11.19,2,Institución universitaria/Escuela Tecnológica,Oficial,antioquia,medellin
11.69,13.23,11.19,13.84,1,Institución universitaria/Escuela Tecnológica,Oficial,antioquia,medellin
13.23,11.19,13.84,14.39,2,Institución universitaria/Escuela Tecnológica,Oficial,antioquia,medellin
11.19,13.84,14.39,14.37,1,Institución universitaria/Escuela Tecnológica,Oficial,antioquia,medellin
13.84,14.39,14.37,13.74,2,Institución universitaria/Escuela Tecnológica,Oficial,antioquia,medellin
14.39,14.37,13.74,14.23,1,Institución universitaria/Escuela Tecnológica,Oficial,antioquia,medellin
14.37,13.74,14.23,15.29,2,Institución universitaria/Escuela Tecnológica,Oficial,antioquia,medellin
13.74,14.23,15.29,15.29,1,Institución universitaria/Escuela Tecnológica,Oficial,antioquia,medellin
14.23,15.29,15.29,15.74,2,Institución universitaria/Escuela Tecnológica,Oficial,antioquia,medellin
15.29,15.29,15.74,13.13,1,Institución universitaria/Escuela Tecnológica,Oficial,antioquia,medellin
15.29,15.74,13.13,6.52,2,Institución universitaria/Escuela Tecnológica,Oficial,antioquia,medellin
15.74,13.13,6.52,10.19,1,Institución universitaria/Escuela Tecnológica,Oficial,antioquia,medellin
13.13,6.52,10.19,13.03,2,Institución universitaria/Escuela Tecnológica,Oficial,antioquia,medellin
6.52,10.19,13.03,12.23,1,Institución universitaria/Escuela Tecnológica,Oficial,antioquia,medellin
0.0,0.0,77.78,20.57,2,Institución tecnológica,Oficial,antioquia,envigado
0.0,77.78,20.57,17.73,1,Institución tecnológica,Oficial,antioquia,envigado
77.78,20.57,17.73,12.75,2,Institución tecnológica,Oficial,antioquia,envigado
20.57,17.73,12.75,14.29,1,Institución tecnológica,Oficial,antioquia,envigado
17.73,12.75,14.29,16.29,2,Institución tecnológica,Oficial,antioquia,envigado
12.75,14.29,16.29,19.73,1,Institución tecnológica,Oficial,antioquia,envigado
14.29,16.29,19.73,18.36,2,Institución tecnológica,Oficial,antioquia,envigado
16.29,19.73,18.36,24.73,1,Institución tecnológica,Oficial,antioquia,envigado
19.73,18.36,24.73,15.01,2,Institución tecnológica,Oficial,antioquia,envigado
18.36,24.73,15.01,15.29,1,Institución tecnológica,Oficial,antioquia,envigado
24.73,15.01,15.29,19.22,2,Institución tecnológica,Oficial,antioquia,envigado
15.01,15.29,19.22,16.15,1,Institución tecnológica,Oficial,antioquia,envigado
15.29,19.22,16.15,21.26,2,Institución tecnológica,Oficial,antioquia,envigado
19.22,16.15,21.26,17.21,1,Institución tecnológica,Oficial,antioquia,envigado
16.15,21.26,17.21,18.96,2,Institución tecnológica,Oficial,antioquia,envigado
21.26,17.21,18.96,11.89,1,Institución tecnológica,Oficial,antioquia,envigado
17.21,18.96,11.89,11.81,2,Institución tecnológica,Oficial,antioquia,envigado
18.96,11.89,11.81,10.56,1,Institución tecnológica,Oficial,antioquia,envigado
11.89,11.81,10.56,10.14,2,Institución tecnológica,Oficial,antioquia,envigado
11.81,10.56,10.14,8.97,1,Institución tecnológica,Oficial,antioquia,envigado
10.56,10.14,8.97,18.47,2,Institución tecnológica,Oficial,antioquia,envigado
10.14,8.97,18.47,6.02,1,Institución tecnológica,Oficial,antioquia,envigado
8.97,18.47,6.02,7.49,2,Institución tecnológica,Oficial,antioquia,envigado
18.47,6.02,7.49,14.21,1,Institución tecnológica,Oficial,antioquia,envigado
0.0,0.0,8.7,14.12,1,Institución tecnológica,No oficial,bogota d c,bogota dc
0.0,8.7,14.12,18.42,2,Institución tecnológica,No oficial,bogota d c,bogota dc
8.7,14.12,18.42,5.75,1,Institución tecnológica,No oficial,bogota d c,bogota dc
14.12,18.42,5.75,29.52,2,Institución tecnológica,No oficial,bogota d c,bogota dc
18.42,5.75,29.52,8.33,1,Institución tecnológica,No oficial,bogota d c,bogota dc
5.75,29.52,8.33,11.29,2,Institución tecnológica,No oficial,bogota d c,bogota dc
29.52,8.33,11.29,9.86,1,Institución tecnológica,No oficial,bogota d c,bogota dc
8.33,11.29,9.86,10.13,2,Institución tecnológica,No oficial,bogota d c,bogota dc
11.29,9.86,10.13,10.05,1,Institución tecnológica,No oficial,bogota d c,bogota dc
9.86,10.13,10.05,10.6,2,Institución tecnológica,No oficial,bogota d c,bogota dc
10.13,10.05,10.6,16.67,1,Institución tecnológica,No oficial,bogota d c,bogota dc
10.05,10.6,16.67,18.34,2,Institución tecnológica,No oficial,bogota d c,bogota dc
10.6,16.67,18.34,11.67,1,Institución tecnológica,No oficial,bogota d c,bogota dc
16.67,18.34,11.67,12.95,2,Institución tecnológica,No oficial,bogota d c,bogota dc
18.34,11.67,12.95,14.39,1,Institución tecnológica,No oficial,bogota d c,bogota dc
11.67,12.95,14.39,13.15,2,Institución tecnológica,No oficial,bogota d c,bogota dc
12.95,14.39,13.15,20.47,1,Institución tecnológica,No oficial,bogota d c,bogota dc
14.39,13.15,20.47,29.67,2,Institución tecnológica,No oficial,bogota d c,bogota dc
13.15,20.47,29.67,12.81,1,Institución tecnológica,No oficial,bogota d c,bogota dc
20.47,29.67,12.81,20.62,2,Institución tecnológica,No oficial,bogota d c,bogota dc
29.67,12.81,20.62,18.97,1,Institución tecnológica,No oficial,bogota d c,bogota dc
12.81,20.62,18.97,9.15,2,Institución tecnológica,No oficial,bogota d c,bogota dc
20.62,18.97,9.15,6.35,1,Institución tecnológica,No oficial,bogota d c,bogota dc
18.97,9.15,6.35,11.79,2,Institución tecnológica,No oficial,bogota d c,bogota dc
9.15,6.35,11.79,12.93,1,Institución tecnológica,No oficial,bogota d c,bogota dc
6.35,11.79,12.93,13.68,2,Institución tecnológica,No oficial,bogota d c,bogota dc
11.79,12.93,13.68,11.65,1,Institución tecnológica,No oficial,bogota d c,bogota dc
12.93,13.68,11.65,12.25,2,Institución tecnológica,No oficial,bogota d c,bogota dc
13.68,11.65,12.25,19.23,1,Institución tecnológica,No oficial,bogota d c,bogota dc
11.65,12.25,19.23,15.99,2,Institución tecnológica,No oficial,bogota d c,bogota dc
12.25,19.23,15.99,19.44,1,Institución tecnológica,No oficial,bogota d c,bogota dc
19.23,15.99,19.44,14.29,2,Institución tecnológica,No oficial,bogota d c,bogota dc
15.99,19.44,14.29,13.61,1,Institución tecnológica,No oficial,bogota d c,bogota dc
19.44,14.29,13.61,16.2,2,Institución tecnológica,No oficial,bogota d c,bogota dc
14.29,13.61,16.2,20.88,1,Institución tecnológica,No oficial,bogota d c,bogota dc
13.61,16.2,20.88,16.05,2,Institución tecnológica,No oficial,bogota d c,bogota dc
16.2,20.88,16.05,17.68,1,Institución tecnológica,No oficial,bogota d c,bogota dc
20.88,16.05,17.68,12.57,2,Institución tecnológica,No oficial,bogota d c,bogota dc
16.05,17.68,12.57,14.65,1,Institución tecnológica,No oficial,bogota d c,bogota dc
17.68,12.57,14.65,17.49,2,Institución tecnológica,No oficial,bogota d c,bogota dc
12.57,14.65,17.49,19.19,1,Institución tecnológica,No oficial,bogota d c,bogota dc
14.65,17.49,19.19,11.7,2,Institución tecnológica,No oficial,bogota d c,bogota dc
17.49,19.19,11.7,15.86,1,Institución tecnológica,No oficial,bogota d c,bogota dc
19.19,11.7,15.86,14.45,2,Institución tecnológica,No oficial,bogota d c,bogota dc
11.7,15.86,14.45,8.06,1,Institución tecnológica,No oficial,bogota d c,bogota dc
15.86,14.45,8.06,9.07,2,Institución tecnológica,No oficial,bogota d c,bogota dc
14.45,8.06,9.07,10.49,1,Institución tecnológica,No oficial,bogota d c,bogota dc
0.0,0.0,22.22,16.12,1,Institución universitaria/Escuela Tecnológica,No oficial,antioquia,medellin
0.0,22.22,16.12,100.0,2,Institución universitaria/Escuela Tecnológica,No oficial,antioquia,medellin
22.22,16.12,100.0,100.0,1,Institución universitaria/Escuela Tecnológica,No oficial,antioquia,medellin
16.12,100.0,100.0,8.92,2,Institución universitaria/Escuela Tecnológica,No oficial,antioquia,medellin
100.0,100.0,8.92,2.94,1,Institución universitaria/Escuela Tecnológica,No oficial,antioquia,medellin
100.0,8.92,2.94,30.55,2,Institución universitaria/Escuela Tecnológica,No oficial,antioquia,medellin
8.92,2.94,30.55,25.56,1,Institución universitaria/Escuela Tecnológica,No oficial,antioquia,medellin
2.94,30.55,25.56,32.19,2,Institución universitaria/Escuela Tecnológica,No oficial,antioquia,medellin
30.55,25.56,32.19,22.1,1,Institución universitaria/Escuela Tecnológica,No oficial,antioquia,medellin
25.56,32.19,22.1,28.33,2,Institución universitaria/Escuela Tecnológica,No oficial,antioquia,medellin
32.19,22.1,28.33,13.74,1,Institución universitaria/Escuela Tecnológica,No oficial,antioquia,medellin
22.1,28.33,13.74,13.9,2,Institución universitaria/Escuela Tecnológica,No oficial,antioquia,medellin
28.33,13.74,13.9,17.48,1,Institución universitaria/Escuela Tecnológica,No oficial,antioquia,medellin
13.74,13.9,17.48,27.43,2,Institución universitaria/Escuela Tecnológica,No oficial,antioquia,medellin
13.9,17.48,27.43,24.18,1,Institución universitaria/Escuela Tecnológica,No oficial,antioquia,medellin
17.48,27.43,24.18,5.35,2,Institución universitaria/Escuela Tecnológica,No oficial,antioquia,medellin
27.43,24.18,5.35,5.31,1,Institución universitaria/Escuela Tecnológica,No oficial,antioquia,medellin
24.18,5.35,5.31,11.01,2,Institución universitaria/Escuela Tecnológica,No oficial,antioquia,medellin
5.35,5.31,11.01,8.98,1,Institución universitaria/Escuela Tecnológica,No oficial,antioquia,medellin
5.31,11.01,8.98,10.24,2,Institución universitaria/Escuela Tecnológica,No oficial,antioquia,medellin
11.01,8.98,10.24,10.87,1,Institución universitaria/Escuela Tecnológica,No oficial,antioquia,medellin
8.98,10.24,10.87,13.33,2,Institución universitaria/Escuela Tecnológica,No oficial,antioquia,medellin
10.24,10.87,13.33,12.12,1,Institución universitaria/Escuela Tecnológica,No oficial,antioquia,medellin
10.87,13.33,12.12,10.11,2,Institución universitaria/Escuela Tecnológica,No oficial,antioquia,medellin
13.33,12.12,10.11,9.2,1,Institución universitaria/Escuela Tecnológica,No oficial,antioquia,medellin
12.12,10.11,9.2,12.37,2,Institución universitaria/Escuela Tecnológica,No oficial,antioquia,medellin
10.11,9.2,12.37,13.45,1,Institución universitaria/Escuela Tecnológica,No oficial,antioquia,medellin
9.2,12.37,13.45,17.61,2,Institución universitaria/Escuela Tecnológica,No oficial,antioquia,medellin
12.37,13.45,17.61,11.32,1,Institución universitaria/Escuela Tecnológica,No oficial,antioquia,medellin
13.45,17.61,11.32,11.17,2,Institución universitaria/Escuela Tecnológica,No oficial,antioquia,medellin
17.61,11.32,11.17,11.72,1,Institución universitaria/Escuela Tecnológica,No oficial,antioquia,medellin
11.32,11.17,11.72,8.56,2,Institución universitaria/Escuela Tecnológica,No oficial,antioquia,medellin
11.17,11.72,8.56,6.37,1,Institución universitaria/Escuela Tecnológica,No oficial,antioquia,medellin
11.72,8.56,6.37,9.83,2,Institución universitaria/Escuela Tecnológica,No oficial,antioquia,medellin
8.56,6.37,9.83,11.17,1,Institución universitaria/Escuela Tecnológica,No oficial,antioquia,medellin
6.37,9.83,11.17,9.9,2,Institución universitaria/Escuela Tecnológica,No oficial,antioquia,medellin
9.83,11.17,9.9,9.84,1,Institución universitaria/Escuela Tecnológica,No oficial,antioquia,medellin
11.17,9.9,9.84,9.68,2,Institución universitaria/Escuela Tecnológica,No oficial,antioquia,medellin
9.9,9.84,9.68,7.45,1,Institución universitaria/Escuela Tecnológica,No oficial,antioquia,medellin
9.84,9.68,7.45,8.54,2,Institución universitaria/Escuela Tecnológica,No oficial,antioquia,medellin
9.68,7.45,8.54,8.03,1,Institución universitaria/Escuela Tecnológica,No oficial,antioquia,medellin
7.45,8.54,8.03,10.98,2,Institución universitaria/Escuela Tecnológica,No oficial,antioquia,medellin
8.54,8.03,10.98,14.45,1,Institución universitaria/Escuela Tecnológica,No oficial,antioquia,medellin
8.03,10.98,14.45,13.88,2,Institución universitaria/Escuela Tecnológica,No oficial,antioquia,medellin
10.98,14.45,13.88,10.04,1,Institución universitaria/Escuela Tecnológica,No oficial,antioquia,medellin
14.45,13.88,10.04,10.01,2,Institución universitaria/Escuela Tecnológica,No oficial,antioquia,medellin
13.88,10.04,10.01,10.59,1,Institución universitaria/Escuela Tecnológica,No oficial,antioquia,medellin
0.0,0.0,11.22,20.43,1,Institución universitaria/Escuela Tecnológica,No oficial,bolivar,cartagena de indias
0.0,11.22,20.43,21.45,2,Institución universitaria/Escuela Tecnológica,No oficial,bolivar,cartagena de indias
11.22,20.43,21.45,14.64,1,Institución universitaria/Escuela Tecnológica,No oficial,bolivar,cartagena de indias
20.43,21.45,14.64,17.69,2,Institución universitaria/Escuela Tecnológica,No oficial,bolivar,cartagena de indias
21.45,14.64,17.69,17.79,1,Institución universitaria/Escuela Tecnológica,No oficial,bolivar,cartagena de indias
14.64,17.69,17.79,18.26,2,Institución universitaria/Escuela Tecnológica,No oficial,bolivar,cartagena de indias
17.69,17.79,18.26,22.32,1,Institución universitaria/Escuela Tecnológica,No oficial,bolivar,cartagena de indias
17.79,18.26,22.32,22.43,2,Institución universitaria/Escuela Tecnológica,No oficial,bolivar,cartagena de indias
18.26,22.32,22.43,19.47,1,Institución universitaria/Escuela Tecnológica,No oficial,bolivar,cartagena de indias
22.32,22.43,19.47,17.43,2,Institución universitaria/Escuela Tecnológica,No oficial,bolivar,cartagena de indias
22.43,19.47,17.43,26.08,1,Institución universitaria/Escuela Tecnológica,No oficial,bolivar,cartagena de indias
19.47,17.43,26.08,26.5,2,Institución universitaria/Escuela Tecnológica,No oficial,bolivar,cartagena de indias
17.43,26.08,26.5,31.55,1,Institución universitaria/Escuela Tecnológica,No oficial,bolivar,cartagena de indias
26.08,26.5,31.55,40.89,2,Institución universitaria/Escuela Tecnológica,No oficial,bolivar,cartagena de indias
26.5,31.55,40.89,40.89,1,Institución universitaria/Escuela Tecnológica,No oficial,bolivar,cartagena de indias
31.55,40.89,40.89,13.3,2,Institución universitaria/Escuela Tecnológica,No oficial,bolivar,cartagena de indias
40.89,40.89,13.3,7.13,1,Institución universitaria/Escuela Tecnológica,No oficial,bolivar,cartagena de indias
40.89,13.3,7.13,9.73,2,Institución universitaria/Escuela Tecnológica,No oficial,bolivar,cartagena de indias
13.3,7.13,9.73,9.49,1,Institución universitaria/Escuela Tecnológica,No oficial,bolivar,cartagena de indias
7.13,9.73,9.49,8.79,2,Institución universitaria/Escuela Tecnológica,No oficial,bolivar,cartagena de indias
9.73,9.49,8.79,8.69,1,Institución universitaria/Escuela Tecnológica,No oficial,bolivar,cartagena de indias
9.49,8.79,8.69,8.55,2,Institución universitaria/Escuela Tecnológica,No oficial,bolivar,cartagena de indias
8.79,8.69,8.55,8.59,1,Institución universitaria/Escuela Tecnológica,No oficial,bolivar,cartagena de indias
8.69,8.55,8.59,9.56,2,Institución universitaria/Escuela Tecnológica,No oficial,bolivar,cartagena de indias
8.55,8.59,9.56,13.15,1,Institución universitaria/Escuela Tecnológica,No oficial,bolivar,cartagena de indias
8.59,9.56,13.15,11.19,2,Institución universitaria/Escuela Tecnológica,No oficial,bolivar,cartagena de indias
9.56,13.15,11.19,8.63,1,Institución universitaria/Escuela Tecnológica,No oficial,bolivar,cartagena de indias
13.15,11.19,8.63,10.19,2,Institución universitaria/Escuela Tecnológica,No oficial,bolivar,cartagena de indias
11.19,8.63,10.19,12.52,1,Institución universitaria/Escuela Tecnológica,No oficial,bolivar,cartagena de indias
8.63,10.19,12.52,15.05,2,Institución universitaria/Escuela Tecnológica,No oficial,bolivar,cartagena de indias
10.19,12.52,15.05,14.67,1,Institución universitaria/Escuela Tecnológica,No oficial,bolivar,cartagena de indias
12.52,15.05,14.67,15.17,2,Institución universitaria/Escuela Tecnológica,No oficial,bolivar,cartagena de indias
15.05,14.67,15.17,14.1,1,Institución universitaria/Escuela Tecnológica,No oficial,bolivar,cartagena de indias
14.67,15.17,14.1,15.26,2,Institución universitaria/Escuela Tecnológica,No oficial,bolivar,cartagena de indias
15.17,14.1,15.26,14.18,1,Institución universitaria/Escuela Tecnológica,No oficial,bolivar,cartagena de indias
14.1,15.26,14.18,15.49,2,Institución universitaria/Escuela Tecnológica,No oficial,bolivar,cartagena de indias
15.26,14.18,15.49,15.13,1,Institución universitaria/Escuela Tecnológica,No oficial,bolivar,cartagena de indias
14.18,15.49,15.13,16.57,2,Institución universitaria/Escuela Tecnológica,No oficial,bolivar,cartagena de indias
15.49,15.13,16.57,15.09,1,Institución universitaria/Escuela Tecnológica,No oficial,bolivar,cartagena de indias
15.13,16.57,15.09,14.08,2,Institución universitaria/Escuela Tecnológica,No oficial,bolivar,cartagena de indias
16.57,15.09,14.08,11.96,1,Institución universitaria/Escuela Tecnológica,No oficial,bolivar,cartagena de indias
15.09,14.08,11.96,12.37,2,Institución universitaria/Escuela Tecnológica,No oficial,bolivar,cartagena de indias
14.08,11.96,12.37,20.95,1,Institución universitaria/Escuela Tecnológica,No oficial,bolivar,cartagena de indias
11.96,12.37,20.95,24.18,2,Institución universitaria/Escuela Tecnológica,No oficial,bolivar,cartagena de indias
12.37,20.95,24.18,7.88,1,Institución universitaria/Escuela Tecnológica,No oficial,bolivar,cartagena de indias
20.95,24.18,7.88,8.34,2,Institución universitaria/Escuela Tecnológica,No oficial,bolivar,cartagena de indias
24.18,7.88,8.34,7.74,1,Institución universitaria/Escuela Tecnológica,No oficial,bolivar,cartagena de indias
0.0,0.0,10.52,16.71,2,Institución tecnológica,No oficial,valle del cauca,cali
0.0,10.52,16.71,16.73,1,Institución tecnológica,No oficial,valle del cauca,cali
10.52,16.71,16.73,12.04,2,Institución tecnológica,No oficial,valle del cauca,cali
16.71,16.73,12.04,15.04,1,Institución tecnológica,No oficial,valle del cauca,cali
16.73,12.04,15.04,27.1,2,Institución tecnológica,No oficial,valle del cauca,cali
12.04,15.04,27.1,20.36,1,Institución tecnológica,No oficial,valle del cauca,cali
15.04,27.1,20.36,13.85,2,Institución tecnológica,No oficial,valle del cauca,cali
27.1,20.36,13.85,15.03,1,Institución tecnológica,No oficial,valle del cauca,cali
20.36,13.85,15.03,10.2,2,Institución tecnológica,No oficial,valle del cauca,cali
13.85,15.03,10.2,20.21,1,Institución tecnológica,No oficial,valle del cauca,cali
15.03,10.2,20.21,17.48,2,Institución tecnológica,No oficial,valle del cauca,cali
10.2,20.21,17.48,18.36,1,Institución tecnológica,No oficial,valle del cauca,cali
20.21,17.48,18.36,18.21,2,Institución tecnológica,No oficial,valle del cauca,cali
17.48,18.36,18.21,22.28,1,Institución tecnológica,No oficial,valle del cauca,cali
18.36,18.21,22.28,23.07,2,Institución tecnológica,No oficial,valle del cauca,cali
18.21,22.28,23.07,21.72,1,Institución tecnológica,No oficial,valle del cauca,cali
22.28,23.07,21.72,23.92,2,Institución tecnológica,No oficial,valle del cauca,cali
23.07,21.72,23.92,25.8,1,Institución tecnológica,No oficial,valle del cauca,cali
21.72,23.92,25.8,17.94,2,Institución tecnológica,No oficial,valle del cauca,cali
23.92,25.8,17.94,4.66,1,Institución tecnológica,No oficial,valle del cauca,cali
25.8,17.94,4.66,11.65,2,Institución tecnológica,No oficial,valle del cauca,cali
17.94,4.66,11.65,12.45,1,Institución tecnológica,No oficial,valle del cauca,cali
4.66,11.65,12.45,9.81,2,Institución tecnológica,No oficial,valle del cauca,cali
11.65,12.45,9.81,9.19,1,Institución tecnológica,No oficial,valle del cauca,cali
12.45,9.81,9.19,11.65,2,Institución tecnológica,No oficial,valle del cauca,cali
9.81,9.19,11.65,13.14,1,Institución tecnológica,No oficial,valle del cauca,cali
9.19,11.65,13.14,10.73,2,Institución tecnológica,No oficial,valle del cauca,cali
11.65,13.14,10.73,11.06,1,Institución tecnológica,No oficial,valle del cauca,cali
13.14,10.73,11.06,13.51,2,Institución tecnológica,No oficial,valle del cauca,cali
10.73,11.06,13.51,12.99,1,Institución tecnológica,No oficial,valle del cauca,cali
11.06,13.51,12.99,13.87,2,Institución tecnológica,No oficial,valle del cauca,cali
13.51,12.99,13.87,18.83,1,Institución tecnológica,No oficial,valle del cauca,cali
12.99,13.87,18.83,25.44,2,Institución tecnológica,No oficial,valle del cauca,cali
13.87,18.83,25.44,10.98,1,Institución tecnológica,No oficial,valle del cauca,cali
18.83,25.44,10.98,13.94,2,Institución tecnológica,No oficial,valle del cauca,cali
25.44,10.98,13.94,15.51,1,Institución tecnológica,No oficial,valle del cauca,cali
0.0,0.0,12.16,27.74,2,Institución universitaria/Escuela Tecnológica,No oficial,bolivar,cartagena de indias
0.0,12.16,27.74,18.84,1,Institución universitaria/Escuela Tecnológica,No oficial,bolivar,cartagena de indias
12.16,27.74,18.84,28.75,2,Institución universitaria/Escuela Tecnológica,No oficial,bolivar,cartagena de indias
27.74,18.84,28.75,22.73,1,Institución universitaria/Escuela Tecnológica,No oficial,bolivar,cartagena de indias
18.84,28.75,22.73,33.93,2,Institución universitaria/Escuela Tecnológica,No oficial,bolivar,cartagena de indias
28.75,22.73,33.93,39.12,1,Institución universitaria/Escuela Tecnológica,No oficial,bolivar,cartagena de indias
22.73,33.93,39.12,30.3,2,Institución universitaria/Escuela Tecnológica,No oficial,bolivar,cartagena de indias
33.93,39.12,30.3,18.13,1,Institución universitaria/Escuela Tecnológica,No oficial,bolivar,cartagena de indias
39.12,30.3,18.13,21.88,2,Institución universitaria/Escuela Tecnológica,No oficial,bolivar,cartagena de indias
30.3,18.13,21.88,29.84,1,Institución universitaria/Escuela Tecnológica,No oficial,bolivar,cartagena de indias
18.13,21.88,29.84,25.77,2,Institución universitaria/Escuela Tecnológica,No oficial,bolivar,cartagena de indias
21.88,29.84,25.77,17.7,1,Institución universitaria/Escuela Tecnológica,No oficial,bolivar,cartagena de indias
29.84,25.77,17.7,11.62,2,Institución universitaria/Escuela Tecnológica,No oficial,bolivar,cartagena de indias
25.77,17.7,11.62,14.11,1,Institución universitaria/Escuela Tecnológica,No oficial,bolivar,cartagena de indias
17.7,11.62,14.11,24.43,2,Institución universitaria/Escuela Tecnológica,No oficial,bolivar,cartagena de indias
11.62,14.11,24.43,15.92,1,Institución universitaria/Escuela Tecnológica,No oficial,bolivar,cartagena de indias
14.11,24.43,15.92,15.63,2,Institución universitaria/Escuela Tecnológica,No oficial,bolivar,cartagena de indias
24.43,15.92,15.63,22.43,1,Institución universitaria/Escuela Tecnológica,No oficial,bolivar,cartagena de indias
15.92,15.63,22.43,14.55,2,Institución universitaria/Escuela Tecnológica,No oficial,bolivar,cartagena de indias
15.63,22.43,14.55,16.59,1,Institución universitaria/Escuela Tecnológica,No oficial,bolivar,cartagena de indias
22.43,14.55,16.59,11.16,2,Institución universitaria/Escuela Tecnológica,No oficial,bolivar,cartagena de indias
14.55,16.59,11.16,13.15,1,Institución universitaria/Escuela Tecnológica,No oficial,bolivar,cartagena de indias
16.59,11.16,13.15,15.91,2,Institución universitaria/Escuela Tecnológica,No oficial,bolivar,cartagena de indias
11.16,13.15,15.91,22.15,1,Institución universitaria/Escuela Tecnológica,No oficial,bolivar,cartagena de indias
13.15,15.91,22.15,15.8,2,Institución universitaria/Escuela Tecnológica,No oficial,bolivar,cartagena de indias
15.91,22.15,15.8,21.36,1,Institución universitaria/Escuela Tecnológica,No oficial,bolivar,cartagena de indias
22.15,15.8,21.36,24.22,2,Institución universitaria/Escuela Tecnológica,No oficial,bolivar,cartagena de indias
15.8,21.36,24.22,21.07,1,Institución universitaria/Escuela Tecnológica,No oficial,bolivar,cartagena de indias
21.36,24.22,21.07,9.13,2,Institución universitaria/Escuela Tecnológica,No oficial,bolivar,cartagena de indias
24.22,21.07,9.13,12.25,1,Institución universitaria/Escuela Tecnológica,No oficial,bolivar,cartagena de indias
21.07,9.13,12.25,46.17,2,Institución universitaria/Escuela Tecnológica,No oficial,bolivar,cartagena de indias
9.13,12.25,46.17,34.89,1,Institución universitaria/Escuela Tecnológica,No oficial,bolivar,cartagena de indias
12.25,46.17,34.89,30.56,2,Institución universitaria/Escuela Tecnológica,No oficial,bolivar,cartagena de indias
46.17,34.89,30.56,25.99,1,Institución universitaria/Escuela Tecnológica,No oficial,bolivar,cartagena de indias
34.89,30.56,25.99,25.12,2,Institución universitaria/Escuela Tecnológica,No oficial,bolivar,cartagena de indias
30.56,25.99,25.12,28.49,1,Institución universitaria/Escuela Tecnológica,No oficial,bolivar,cartagena de indias
25.99,25.12,28.49,25.93,2,Institución universitaria/Escuela Tecnológica,No oficial,bolivar,cartagena de indias
25.12,28.49,25.93,55.47,1,Institución universitaria/Escuela Tecnológica,No oficial,bolivar,cartagena de indias
28.49,25.93,55.47,49.85,2,Institución universitaria/Escuela Tecnológica,No oficial,bolivar,cartagena de indias
25.93,55.47,49.85,13.49,1,Institución universitaria/Escuela Tecnológica,No oficial,bolivar,cartagena de indias
55.47,49.85,13.49,17.64,2,Institución universitaria/Escuela Tecnológica,No oficial,bolivar,cartagena de indias
49.85,13.49,17.64,13.08,1,Institución universitaria/Escuela Tecnológica,No oficial,bolivar,cartagena de indias
0.0,0.0,13.01,11.48,1,Institución universitaria/Escuela Tecnológica,No oficial,bogota d c,bogota dc
0.0,13.01,11.48,9.62,2,Institución universitaria/Escuela Tecnológica,No oficial,bogota d c,bogota dc
13.01,11.48,9.62,9.4,1,Institución universitaria/Escuela Tecnológica,No oficial,bogota d c,bogota dc
11.48,9.62,9.4,10.17,2,Institución universitaria/Escuela Tecnológica,No oficial,bogota d c,bogota dc
9.62,9.4,10.17,11.02,1,Institución universitaria/Escuela Tecnológica,No oficial,bogota d c,bogota dc
9.4,10.17,11.02,17.74,2,Institución universitaria/Escuela Tecnológica,No oficial,bogota d c,bogota dc
10.17,11.02,17.74,10.53,1,Institución universitaria/Escuela Tecnológica,No oficial,bogota d c,bogota dc
11.02,17.74,10.53,11.36,2,Institución universitaria/Escuela Tecnológica,No oficial,bogota d c,bogota dc
17.74,10.53,11.36,10.47,1,Institución universitaria/Escuela Tecnológica,No oficial,bogota d c,bogota dc
10.53,11.36,10.47,12.01,2,Institución universitaria/Escuela Tecnológica,No oficial,bogota d c,bogota dc
11.36,10.47,12.01,16.7,1,Institución universitaria/Escuela Tecnológica,No oficial,bogota d c,bogota dc
10.47,12.01,16.7,13.33,2,Institución universitaria/Escuela Tecnológica,No oficial,bogota d c,bogota dc
12.01,16.7,13.33,22.15,1,Institución universitaria/Escuela Tecnológica,No oficial,bogota d c,bogota dc
16.7,13.33,22.15,34.29,2,Institución universitaria/Escuela Tecnológica,No oficial,bogota d c,bogota dc
13.33,22.15,34.29,11.41,1,Institución universitaria/Escuela Tecnológica,No oficial,bogota d c,bogota dc
22.15,34.29,11.41,14.05,2,Institución universitaria/Escuela Tecnológica,No oficial,bogota d c,bogota dc
34.29,11.41,14.05,13.43,1,Institución universitaria/Escuela Tecnológica,No oficial,bogota d c,bogota dc
11.41,14.05,13.43,14.15,2,Institución universitaria/Escuela Tecnológica,No oficial,bogota d c,bogota dc
14.05,13.43,14.15,13.89,1,Institución universitaria/Escuela Tecnológica,No oficial,bogota d c,bogota dc
13.43,14.15,13.89,16.54,2,Institución universitaria/Escuela Tecnológica,No oficial,bogota d c,bogota dc
14.15,13.89,16.54,14.49,1,Institución universitaria/Escuela Tecnológica,No oficial,bogota d c,bogota dc
13.89,16.54,14.49,16.75,2,Institución universitaria/Escuela Tecnológica,No oficial,bogota d c,bogota dc
16.54,14.49,16.75,16.25,1,Institución universitaria/Escuela Tecnológica,No oficial,bogota d c,bogota dc
14.49,16.75,16.25,25.07,2,Institución universitaria/Escuela Tecnológica,No oficial,bogota d c,bogota dc
16.75,16.25,25.07,13.74,1,Institución universitaria/Escuela Tecnológica,No oficial,bogota d c,bogota dc
16.25,25.07,13.74,14.61,2,Institución universitaria/Escuela Tecnológica,No oficial,bogota d c,bogota dc
25.07,13.74,14.61,12.23,1,Institución universitaria/Escuela Tecnológica,No oficial,bogota d c,bogota dc
13.74,14.61,12.23,12.61,2,Institución universitaria/Escuela Tecnológica,No oficial,bogota d c,bogota dc
14.61,12.23,12.61,17.51,1,Institución universitaria/Escuela Tecnológica,No oficial,bogota d c,bogota dc
12.23,12.61,17.51,22.77,2,Institución universitaria/Escuela Tecnológica,No oficial,bogota d c,bogota dc
12.61,17.51,22.77,12.46,1,Institución universitaria/Escuela Tecnológica,No oficial,bogota d c,bogota dc
17.51,22.77,12.46,11.4,2,Institución universitaria/Escuela Tecnológica,No oficial,bogota d c,bogota dc
22.77,12.46,11.4,11.73,1,Institución universitaria/Escuela Tecnológica,No oficial,bogota d c,bogota dc
12.46,11.4,11.73,10.27,2,Institución universitaria/Escuela Tecnológica,No oficial,bogota d c,bogota dc
11.4,11.73,10.27,8.62,1,Institución universitaria/Escuela Tecnológica,No oficial,bogota d c,bogota dc
11.73,10.27,8.62,8.73,2,Institución universitaria/Escuela Tecnológica,No oficial,bogota d c,bogota dc
10.27,8.62,8.73,16.67,1,Institución universitaria/Escuela Tecnológica,No oficial,bogota d c,bogota dc
8.62,8.73,16.67,18.71,2,Institución universitaria/Escuela Tecnológica,No oficial,bogota d c,bogota dc
8.73,16.67,18.71,8.6,1,Institución universitaria/Escuela Tecnológica,No oficial,bogota d c,bogota dc
16.67,18.71,8.6,10.96,2,Institución universitaria/Escuela Tecnológica,No oficial,bogota d c,bogota dc
18.71,8.6,10.96,10.88,1,Institución universitaria/Escuela Tecnológica,No oficial,bogota d c,bogota dc
0.0,0.0,7.16,20.84,2,Institución tecnológica,No oficial,santander,bucaramanga
0.0,7.16,20.84,31.87,1,Institución tecnológica,No oficial,santander,bucaramanga
7.16,20.84,31.87,36.97,2,Institución tecnológica,No oficial,santander,bucaramanga
20.84,31.87,36.97,24.1,1,Institución tecnológica,No oficial,santander,bucaramanga
31.87,36.97,24.1,12.9,2,Institución tecnológica,No oficial,santander,bucaramanga
36.97,24.1,12.9,7.34,1,Institución tecnológica,No oficial,santander,bucaramanga
24.1,12.9,7.34,12.45,2,Institución tecnológica,No oficial,santander,bucaramanga
12.9,7.34,12.45,14.71,1,Institución tecnológica,No oficial,santander,bucaramanga
7.34,12.45,14.71,18.92,2,Institución tecnológica,No oficial,santander,bucaramanga
12.45,14.71,18.92,24.19,1,Institución tecnológica,No oficial,santander,bucaramanga
14.71,18.92,24.19,12.74,2,Institución tecnológica,No oficial,santander,bucaramanga
18.92,24.19,12.74,19.64,1,Institución tecnológica,No oficial,santander,bucaramanga
24.19,12.74,19.64,15.9,2,Institución tecnológica,No oficial,santander,bucaramanga
12.74,19.64,15.9,17.66,1,Institución tecnológica,No oficial,santander,bucaramanga
19.64,15.9,17.66,41.86,2,Institución tecnológica,No oficial,santander,bucaramanga
15.9,17.66,41.86,13.15,1,Institución tecnológica,No oficial,santander,bucaramanga
17.66,41.86,13.15,17.71,2,Institución tecnológica,No oficial,santander,bucaramanga
41.86,13.15,17.71,11.98,1,Institución tecnológica,No oficial,santander,bucaramanga
13.15,17.71,11.98,6.19,2,Institución tecnológica,No oficial,santander,bucaramanga
17.71,11.98,6.19,15.0,1,Institución tecnológica,No oficial,santander,bucaramanga
11.98,6.19,15.0,23.01,2,Institución tecnológica,No oficial,santander,bucaramanga
6.19,15.0,23.01,30.66,1,Institución tecnológica,No oficial,santander,bucaramanga
15.0,23.01,30.66,34.23,2,Institución tecnológica,No oficial,santander,bucaramanga
23.01,30.66,34.23,26.46,1,Institución tecnológica,No oficial,santander,bucaramanga
30.66,34.23,26.46,33.41,2,Institución tecnológica,No oficial,santander,bucaramanga
34.23,26.46,33.41,33.98,1,Institución tecnológica,No oficial,santander,bucaramanga
26.46,33.41,33.98,28.86,2,Institución tecnológica,No oficial,santander,bucaramanga
33.41,33.98,28.86,47.55,1,Institución tecnológica,No oficial,santander,bucaramanga
33.98,28.86,47.55,66.26,2,Institución tecnológica,No oficial,santander,bucaramanga
28.86,47.55,66.26,34.57,1,Institución tecnológica,No oficial,santander,bucaramanga
47.55,66.26,34.57,38.37,2,Institución tecnológica,No oficial,santander,bucaramanga
66.26,34.57,38.37,50.42,1,Institución tecnológica,No oficial,santander,bucaramanga
34.57,38.37,50.42,35.08,2,Institución tecnológica,No oficial,santander,bucaramanga
38.37,50.42,35.08,37.88,1,Institución tecnológica,No oficial,santander,bucaramanga
50.42,35.08,37.88,34.6,2,Institución tecnológica,No oficial,santander,bucaramanga
35.08,37.88,34.6,21.23,1,Institución tecnológica,No oficial,santander,bucaramanga
37.88,34.6,21.23,19.79,2,Institución tecnológica,No oficial,santander,bucaramanga
34.6,21.23,19.79,18.8,1,Institución tecnológica,No oficial,santander,bucaramanga
21.23,19.79,18.8,42.68,2,Institución tecnológica,No oficial,santander,bucaramanga
19.79,18.8,42.68,50.19,1,Institución tecnológica,No oficial,santander,bucaramanga
18.8,42.68,50.19,29.09,2,Institución tecnológica,No oficial,santander,bucaramanga
42.68,50.19,29.09,19.27,1,Institución tecnológica,No oficial,santander,bucaramanga
50.19,29.09,19.27,23.2,2,Institución tecnológica,No oficial,santander,bucaramanga
29.09,19.27,23.2,21.29,1,Institución tecnológica,No oficial,santander,bucaramanga
0.0,0.0,1.87,65.62,2,Institución tecnológica,No oficial,norte de santander,cucuta
0.0,1.87,65.62,1.71,1,Institución tecnológica,No oficial,norte de santander,cucuta
1.87,65.62,1.71,18.97,2,Institución tecnológica,No oficial,norte de santander,cucuta
65.62,1.71,18.97,7.78,1,Institución tecnológica,No oficial,norte de santander,cucuta
1.71,18.97,7.78,6.78,2,Institución tecnológica,No oficial,norte de santander,cucuta
18.97,7.78,6.78,18.46,1,Institución tecnológica,No oficial,norte de santander,cucuta
7.78,6.78,18.46,30.68,2,Institución tecnológica,No oficial,norte de santander,cucuta
6.78,18.46,30.68,44.93,1,Institución tecnológica,No oficial,norte de santander,cucuta
18.46,30.68,44.93,17.79,2,Institución tecnológica,No oficial,norte de santander,cucuta
30.68,44.93,17.79,13.54,1,Institución tecnológica,No oficial,norte de santander,cucuta
44.93,17.79,13.54,18.55,2,Institución tecnológica,No oficial,norte de santander,cucuta
17.79,13.54,18.55,13.02,1,Institución tecnológica,No oficial,norte de santander,cucuta
13.54,18.55,13.02,24.15,2,Institución tecnológica,No oficial,norte de santander,cucuta
18.55,13.02,24.15,39.22,1,Institución tecnológica,No oficial,norte de santander,cucuta
13.02,24.15,39.22,85.23,2,Institución tecnológica,No oficial,norte de santander,cucuta
24.15,39.22,85.23,100.0,1,Institución tecnológica,No oficial,norte de santander,cucuta
39.22,85.23,100.0,20.22,2,Institución tecnológica,No oficial,norte de santander,cucuta
85.23,100.0,20.22,42.67,1,Institución tecnológica,No oficial,norte de santander,cucuta
100.0,20.22,42.67,16.59,2,Institución tecnológica,No oficial,norte de santander,cucuta
20.22,42.67,16.59,8.41,1,Institución tecnológica,No oficial,norte de santander,cucuta
42.67,16.59,8.41,5.74,2,Institución tecnológica,No oficial,norte de santander,cucuta
16.59,8.41,5.74,16.64,1,Institución tecnológica,No oficial,norte de santander,cucuta
8.41,5.74,16.64,17.04,2,Institución tecnológica,No oficial,norte de santander,cucuta
5.74,16.64,17.04,58.77,1,Institución tecnológica,No oficial,norte de santander,cucuta
16.64,17.04,58.77,19.41,2,Institución tecnológica,No oficial,norte de santander,cucuta
17.04,58.77,19.41,13.43,1,Institución tecnológica,No oficial,norte de santander,cucuta
58.77,19.41,13.43,14.57,2,Institución tecnológica,No oficial,norte de santander,cucuta
19.41,13.43,14.57,16.16,1,Institución tecnológica,No oficial,norte de santander,cucuta
13.43,14.57,16.16,18.47,2,Institución tecnológica,No oficial,norte de santander,cucuta
14.57,16.16,18.47,16.39,1,Institución tecnológica,No oficial,norte de santander,cucuta
16.16,18.47,16.39,16.15,2,Institución tecnológica,No oficial,norte de santander,cucuta
18.47,16.39,16.15,15.95,1,Institución tecnológica,No oficial,norte de santander,cucuta
16.39,16.15,15.95,13.88,2,Institución tecnológica,No oficial,norte de santander,cucuta
16.15,15.95,13.88,14.68,1,Institución tecnológica,No oficial,norte de santander,cucuta
15.95,13.88,14.68,13.93,2,Institución tecnológica,No oficial,norte de santander,cucuta
13.88,14.68,13.93,16.42,1,Institución tecnológica,No oficial,norte de santander,cucuta
14.68,13.93,16.42,15.08,2,Institución tecnológica,No oficial,norte de santander,cucuta
13.93,16.42,15.08,13.81,1,Institución tecnológica,No oficial,norte de santander,cucuta
16.42,15.08,13.81,16.25,2,Institución tecnológica,No oficial,norte de santander,cucuta
15.08,13.81,16.25,13.22,1,Institución tecnológica,No oficial,norte de santander,cucuta
13.81,16.25,13.22,13.34,2,Institución tecnológica,No oficial,norte de santander,cucuta
16.25,13.22,13.34,21.79,1,Institución tecnológica,No oficial,norte de santander,cucuta
13.22,13.34,21.79,24.96,2,Institución tecnológica,No oficial,norte de santander,cucuta
13.34,21.79,24.96,8.67,1,Institución tecnológica,No oficial,norte de santander,cucuta
21.79,24.96,8.67,9.56,2,Institución tecnológica,No oficial,norte de santander,cucuta
24.96,8.67,9.56,7.87,1,Institución tecnológica,No oficial,norte de santander,cucuta
0.0,0.0,26.98,30.43,1,Institución universitaria/Escuela Tecnológica,No oficial,bogota d c,bogota dc
0.0,26.98,30.43,39.6,2,Institución universitaria/Escuela Tecnológica,No oficial,bogota d c,bogota dc
26.98,30.43,39.6,44.04,1,Institución universitaria/Escuela Tecnológica,No oficial,bogota d c,bogota dc
30.43,39.6,44.04,32.26,2,Institución universitaria/Escuela Tecnológica,No oficial,bogota d c,bogota dc
39.6,44.04,32.26,43.03,1,Institución universitaria/Escuela Tecnológica,No oficial,bogota d c,bogota dc
44.04,32.26,43.03,32.37,2,Institución universitaria/Escuela Tecnológica,No oficial,bogota d c,bogota dc
32.26,43.03,32.37,51.81,1,Institución universitaria/Escuela Tecnológica,No oficial,bogota d c,bogota dc
43.03,32.37,51.81,32.2,2,Institución universitaria/Escuela Tecnológica,No oficial,bogota d c,bogota dc
32.37,51.81,32.2,1.76,1,Institución universitaria/Escuela Tecnológica,No oficial,bogota d c,bogota dc
51.81,32.2,1.76,16.06,2,Institución universitaria/Escuela Tecnológica,No oficial,bogota d c,bogota dc
32.2,1.76,16.06,20.77,1,Institución universitaria/Escuela Tecnológica,No oficial,bogota d c,bogota dc
1.76,16.06,20.77,12.74,2,Institución universitaria/Escuela Tecnológica,No oficial,bogota d c,bogota dc
16.06,20.77,12.74,22.08,1,Institución universitaria/Escuela Tecnológica,No oficial,bogota d c,bogota dc
20.77,12.74,22.08,25.71,2,Institución universitaria/Escuela Tecnológica,No oficial,bogota d c,bogota dc
12.74,22.08,25.71,16.87,1,Institución universitaria/Escuela Tecnológica,No oficial,bogota d c,bogota dc
22.08,25.71,16.87,14.64,2,Institución universitaria/Escuela Tecnológica,No oficial,bogota d c,bogota dc
25.71,16.87,14.64,13.17,1,Institución universitaria/Escuela Tecnológica,No oficial,bogota d c,bogota dc
16.87,14.64,13.17,15.14,2,Institución universitaria/Escuela Tecnológica,No oficial,bogota d c,bogota dc
14.64,13.17,15.14,18.65,1,Institución universitaria/Escuela Tecnológica,No oficial,bogota d c,bogota dc
13.17,15.14,18.65,14.36,2,Institución universitaria/Escuela Tecnológica,No oficial,bogota d c,bogota dc
15.14,18.65,14.36,20.37,1,Institución universitaria/Escuela Tecnológica,No oficial,bogota d c,bogota dc
18.65,14.36,20.37,24.66,2,Institución universitaria/Escuela Tecnológica,No oficial,bogota d c,bogota dc
14.36,20.37,24.66,31.6,1,Institución universitaria/Escuela Tecnológica,No oficial,bogota d c,bogota dc
20.37,24.66,31.6,33.49,2,Institución universitaria/Escuela Tecnológica,No oficial,bogota d c,bogota dc
24.66,31.6,33.49,17.65,1,Institución universitaria/Escuela Tecnológica,No oficial,bogota d c,bogota dc
31.6,33.49,17.65,17.6,2,Institución universitaria/Escuela Tecnológica,No oficial,bogota d c,bogota dc
33.49,17.65,17.6,20.07,1,Institución universitaria/Escuela Tecnológica,No oficial,bogota d c,bogota dc
17.65,17.6,20.07,17.7,2,Institución universitaria/Escuela Tecnológica,No oficial,bogota d c,bogota dc
17.6,20.07,17.7,21.08,1,Institución universitaria/Escuela Tecnológica,No oficial,bogota d c,bogota dc
20.07,17.7,21.08,23.56,2,Institución universitaria/Escuela Tecnológica,No oficial,bogota d c,bogota dc
17.7,21.08,23.56,16.86,1,Institución universitaria/Escuela Tecnológica,No oficial,bogota d c,bogota dc
21.08,23.56,16.86,15.61,2,Institución universitaria/Escuela Tecnológica,No oficial,bogota d c,bogota dc
23.56,16.86,15.61,12.01,1,Institución universitaria/Escuela Tecnológica,No oficial,bogota d c,bogota dc
16.86,15.61,12.01,13.2,2,Institución universitaria/Escuela Tecnológica,No oficial,bogota d c,bogota dc
15.61,12.01,13.2,10.64,1,Institución universitaria/Escuela Tecnológica,No oficial,bogota d c,bogota dc
12.01,13.2,10.64,21.38,2,Institución universitaria/Escuela Tecnológica,No oficial,bogota d c,bogota dc
13.2,10.64,21.38,17.89,1,Institución universitaria/Escuela Tecnológica,No oficial,bogota d c,bogota dc
10.64,21.38,17.89,16.24,2,Institución universitaria/Escuela Tecnológica,No oficial,bogota d c,bogota dc
21.38,17.89,16.24,11.02,1,Institución universitaria/Escuela Tecnológica,No oficial,bogota d c,bogota dc
17.89,16.24,11.02,11.07,2,Institución universitaria/Escuela Tecnológica,No oficial,bogota d c,bogota dc
16.24,11.02,11.07,15.66,1,Institución universitaria/Escuela Tecnológica,No oficial,bogota d c,bogota dc
11.02,11.07,15.66,16.35,2,Institución universitaria/Escuela Tecnológica,No oficial,bogota d c,bogota dc
11.07,15.66,16.35,17.32,1,Institución universitaria/Escuela Tecnológica,No oficial,bogota d c,bogota dc
15.66,16.35,17.32,18.15,2,Institución universitaria/Escuela Tecnológica,No oficial,bogota d c,bogota dc
16.35,17.32,18.15,14.53,1,Institución universitaria/Escuela Tecnológica,No oficial,bogota d c,bogota dc
17.32,18.15,14.53,16.77,2,Institución universitaria/Escuela Tecnológica,No oficial,bogota d c,bogota dc
18.15,14.53,16.77,16.89,1,Institución universitaria/Escuela Tecnológica,No oficial,bogota d c,bogota dc
0.0,0.0,2.08,2.7,1,Institución universitaria/Escuela Tecnológica,No oficial,antioquia,medellin
0.0,2.08,2.7,8.56,2,Institución universitaria/Escuela Tecnológica,No oficial,antioquia,medellin
2.08,2.7,8.56,10.29,1,Institución universitaria/Escuela Tecnológica,No oficial,antioquia,medellin
2.7,8.56,10.29,8.68,2,Institución universitaria/Escuela Tecnológica,No oficial,antioquia,medellin
8.56,10.29,8.68,7.88,1,Institución universitaria/Escuela Tecnológica,No oficial,antioquia,medellin
10.29,8.68,7.88,6.0,2,Institución universitaria/Escuela Tecnológica,No oficial,antioquia,medellin
8.68,7.88,6.0,7.75,1,Institución universitaria/Escuela Tecnológica,No oficial,antioquia,medellin
7.88,6.0,7.75,10.49,2,Institución universitaria/Escuela Tecnológica,No oficial,antioquia,medellin
6.0,7.75,10.49,9.89,1,Institución universitaria/Escuela Tecnológica,No oficial,antioquia,medellin
7.75,10.49,9.89,8.02,2,Institución universitaria/Escuela Tecnológica,No oficial,antioquia,medellin
10.49,9.89,8.02,9.48,1,Institución universitaria/Escuela Tecnológica,No oficial,antioquia,medellin
9.89,8.02,9.48,10.02,2,Institución universitaria/Escuela Tecnológica,No oficial,antioquia,medellin
8.02,9.48,10.02,10.81,1,Institución universitaria/Escuela Tecnológica,No oficial,antioquia,medellin
9.48,10.02,10.81,9.09,2,Institución universitaria/Escuela Tecnológica,No oficial,antioquia,medellin
10.02,10.81,9.09,8.77,1,Institución universitaria/Escuela Tecnológica,No oficial,antioquia,medellin
10.81,9.09,8.77,7.08,2,Institución universitaria/Escuela Tecnológica,No oficial,antioquia,medellin
9.09,8.77,7.08,8.06,1,Institución universitaria/Escuela Tecnológica,No oficial,antioquia,medellin
8.77,7.08,8.06,8.74,2,Institución universitaria/Escuela Tecnológica,No oficial,antioquia,medellin
7.08,8.06,8.74,6.82,1,Institución universitaria/Escuela Tecnológica,No oficial,antioquia,medellin
8.06,8.74,6.82,7.39,2,Institución universitaria/Escuela Tecnológica,No oficial,antioquia,medellin
8.74,6.82,7.39,12.94,1,Institución universitaria/Escuela Tecnológica,No oficial,antioquia,medellin
6.82,7.39,12.94,10.21,2,Institución universitaria/Escuela Tecnológica,No oficial,antioquia,medellin
7.39,12.94,10.21,16.86,1,Institución universitaria/Escuela Tecnológica,No oficial,antioquia,medellin
12.94,10.21,16.86,12.55,2,Institución universitaria/Escuela Tecnológica,No oficial,antioquia,medellin
10.21,16.86,12.55,10.04,1,Institución universitaria/Escuela Tecnológica,No oficial,antioquia,medellin
16.86,12.55,10.04,11.58,2,Institución universitaria/Escuela Tecnológica,No oficial,antioquia,medellin
12.55,10.04,11.58,12.37,1,Institución universitaria/Escuela Tecnológica,No oficial,antioquia,medellin
10.04,11.58,12.37,12.56,2,Institución universitaria/Escuela Tecnológica,No oficial,antioquia,medellin
11.58,12.37,12.56,12.04,1,Institución universitaria/Escuela Tecnológica,No oficial,antioquia,medellin
12.37,12.56,12.04,10.09,2,Institución universitaria/Escuela Tecnológica,No oficial,antioquia,medellin
12.56,12.04,10.09,8.63,1,Institución universitaria/Escuela Tecnológica,No oficial,antioquia,medellin
12.04,10.09,8.63,10.69,2,Institución universitaria/Escuela Tecnológica,No oficial,antioquia,medellin
10.09,8.63,10.69,11.83,1,Institución universitaria/Escuela Tecnológica,No oficial,antioquia,medellin
8.63,10.69,11.83,9.62,2,Institución universitaria/Escuela Tecnológica,No oficial,antioquia,medellin
10.69,11.83,9.62,9.65,1,Institución universitaria/Escuela Tecnológica,No oficial,antioquia,medellin
11.83,9.62,9.65,12.0,2,Institución universitaria/Escuela Tecnológica,No oficial,antioquia,medellin
9.62,9.65,12.0,12.18,1,Institución universitaria/Escuela Tecnológica,No oficial,antioquia,medellin
9.65,12.0,12.18,10.19,2,Institución universitaria/Escuela Tecnológica,No oficial,antioquia,medellin
12.0,12.18,10.19,10.7,1,Institución universitaria/Escuela Tecnológica,No oficial,antioquia,medellin
12.18,10.19,10.7,9.44,2,Institución universitaria/Escuela Tecnológica,No oficial,antioquia,medellin
10.19,10.7,9.44,10.32,1,Institución universitaria/Escuela Tecnológica,No oficial,antioquia,medellin
10.7,9.44,10.32,9.92,2,Institución universitaria/Escuela Tecnológica,No oficial,antioquia,medellin
9.44,10.32,9.92,13.15,1,Institución universitaria/Escuela Tecnológica,No oficial,antioquia,medellin
10.32,9.92,13.15,16.13,2,Institución universitaria/Escuela Tecnológica,No oficial,antioquia,medellin
9.92,13.15,16.13,13.38,1,Institución universitaria/Escuela Tecnológica,No oficial,antioquia,medellin
13.15,16.13,13.38,12.12,2,Institución universitaria/Escuela Tecnológica,No oficial,antioquia,medellin
16.13,13.38,12.12,10.02,1,Institución universitaria/Escuela Tecnológica,No oficial,antioquia,medellin
0.0,0.0,69.73,12.1,2,Institución tecnológica,No oficial,bogota d c,bogota dc
0.0,69.73,12.1,8.21,1,Institución tecnológica,No oficial,bogota d c,bogota dc
69.73,12.1,8.21,21.65,2,Institución tecnológica,No oficial,bogota d c,bogota dc
12.1,8.21,21.65,13.92,1,Institución tecnológica,No oficial,bogota d c,bogota dc
8.21,21.65,13.92,14.51,2,Institución tecnológica,No oficial,bogota d c,bogota dc
21.65,13.92,14.51,14.62,1,Institución tecnológica,No oficial,bogota d c,bogota dc
13.92,14.51,14.62,8.08,2,Institución tecnológica,No oficial,bogota d c,bogota dc
14.51,14.62,8.08,5.93,1,Institución tecnológica,No oficial,bogota d c,bogota dc
14.62,8.08,5.93,12.64,2,Institución tecnológica,No oficial,bogota d c,bogota dc
8.08,5.93,12.64,8.94,1,Institución tecnológica,No oficial,bogota d c,bogota dc
5.93,12.64,8.94,1.02,2,Institución tecnológica,No oficial,bogota d c,bogota dc
12.64,8.94,1.02,20.34,1,Institución tecnológica,No oficial,bogota d c,bogota dc
8.94,1.02,20.34,3.91,2,Institución tecnológica,No oficial,bogota d c,bogota dc
1.02,20.34,3.91,12.71,1,Institución tecnológica,No oficial,bogota d c,bogota dc
20.34,3.91,12.71,16.94,2,Institución tecnológica,No oficial,bogota d c,bogota dc
3.91,12.71,16.94,7.26,1,Institución tecnológica,No oficial,bogota d c,bogota dc
12.71,16.94,7.26,8.2,2,Institución tecnológica,No oficial,bogota d c,bogota dc
16.94,7.26,8.2,8.31,1,Institución tecnológica,No oficial,bogota d c,bogota dc
7.26,8.2,8.31,6.1,2,Institución tecnológica,No oficial,bogota d c,bogota dc
8.2,8.31,6.1,4.0,1,Institución tecnológica,No oficial,bogota d c,bogota dc
8.31,6.1,4.0,29.05,2,Institución tecnológica,No oficial,bogota d c,bogota dc
6.1,4.0,29.05,12.06,1,Institución tecnológica,No oficial,bogota d c,bogota dc
4.0,29.05,12.06,12.86,2,Institución tecnológica,No oficial,bogota d c,bogota dc
29.05,12.06,12.86,16.3,1,Institución tecnológica,No oficial,bogota d c,bogota dc
12.06,12.86,16.3,12.58,2,Institución tecnológica,No oficial,bogota d c,bogota dc
12.86,16.3,12.58,15.75,1,Institución tecnológica,No oficial,bogota d c,bogota dc
16.3,12.58,15.75,24.2,2,Institución tecnológica,No oficial,bogota d c,bogota dc
12.58,15.75,24.2,22.17,1,Institución tecnológica,No oficial,bogota d c,bogota dc
15.75,24.2,22.17,27.72,2,Institución tecnológica,No oficial,bogota d c,bogota dc
24.2,22.17,27.72,17.59,1,Institución tecnológica,No oficial,bogota d c,bogota dc
22.17,27.72,17.59,23.33,2,Institución tecnológica,No oficial,bogota d c,bogota dc
27.72,17.59,23.33,15.53,1,Institución tecnológica,No oficial,bogota d c,bogota dc
0.0,0.0,45.45,82.02,1,Institución tecnológica,No oficial,valle del cauca,cartago
0.0,45.45,82.02,45.57,2,Institución tecnológica,No oficial,valle del cauca,cartago
45.45,82.02,45.57,63.33,1,Institución tecnológica,No oficial,valle del cauca,cartago
82.02,45.57,63.33,100.0,2,Institución tecnológica,No oficial,valle del cauca,cartago
45.57,63.33,100.0,100.0,1,Institución tecnológica,No oficial,valle del cauca,cartago
63.33,100.0,100.0,18.42,2,Institución tecnológica,No oficial,valle del cauca,cartago
100.0,100.0,18.42,0.0,1,Institución tecnológica,No oficial,valle del cauca,cartago
100.0,18.42,0.0,35.29,2,Institución tecnológica,No oficial,valle del cauca,cartago
18.42,0.0,35.29,28.26,1,Institución tecnológica,No oficial,valle del cauca,cartago
0.0,35.29,28.26,16.33,2,Institución tecnológica,No oficial,valle del cauca,cartago
35.29,28.26,16.33,39.53,1,Institución tecnológica,No oficial,valle del cauca,cartago
28.26,16.33,39.53,21.05,2,Institución tecnológica,No oficial,valle del cauca,cartago
16.33,39.53,21.05,12.42,1,Institución tecnológica,No oficial,valle del cauca,cartago
39.53,21.05,12.42,100.0,2,Institución tecnológica,No oficial,valle del cauca,cartago
21.05,12.42,100.0,39.57,1,Institución tecnológica,No oficial,valle del cauca,cartago
12.42,100.0,39.57,54.93,2,Institución tecnológica,No oficial,valle del cauca,cartago
100.0,39.57,54.93,27.33,1,Institución tecnológica,No oficial,valle del cauca,cartago
39.57,54.93,27.33,100.0,2,Institución tecnológica,No oficial,valle del cauca,cartago
54.93,27.33,100.0,100.0,1,Institución tecnológica,No oficial,valle del cauca,cartago
27.33,100.0,100.0,29.03,2,Institución tecnológica,No oficial,valle del cauca,cartago
100.0,100.0,29.03,8.08,1,Institución tecnológica,No oficial,valle del cauca,cartago
100.0,29.03,8.08,8.76,2,Institución tecnológica,No oficial,valle del cauca,cartago
29.03,8.08,8.76,28.33,1,Institución tecnológica,No oficial,valle del cauca,cartago
8.08,8.76,28.33,11.71,2,Institución tecnológica,No oficial,valle del cauca,cartago
8.76,28.33,11.71,10.82,1,Institución tecnológica,No oficial,valle del cauca,cartago
28.33,11.71,10.82,10.68,2,Institución tecnológica,No oficial,valle del cauca,cartago
11.71,10.82,10.68,9.63,1,Institución tecnológica,No oficial,valle del cauca,cartago
10.82,10.68,9.63,13.05,2,Institución tecnológica,No oficial,valle del cauca,cartago
10.68,9.63,13.05,47.92,1,Institución tecnológica,No oficial,valle del cauca,cartago
9.63,13.05,47.92,10.23,2,Institución tecnológica,No oficial,valle del cauca,cartago
13.05,47.92,10.23,14.42,1,Institución tecnológica,No oficial,valle del cauca,cartago
47.92,10.23,14.42,17.99,2,Institución tecnológica,No oficial,valle del cauca,cartago
10.23,14.42,17.99,14.04,1,Institución tecnológica,No oficial,valle del cauca,cartago
14.42,17.99,14.04,13.53,2,Institución tecnológica,No oficial,valle del cauca,cartago
17.99,14.04,13.53,12.16,1,Institución tecnológica,No oficial,valle del cauca,cartago
14.04,13.53,12.16,17.61,2,Institución tecnológica,No oficial,valle del cauca,cartago
13.53,12.16,17.61,22.51,1,Institución tecnológica,No oficial,valle del cauca,cartago
12.16,17.61,22.51,19.4,2,Institución tecnológica,No oficial,valle del cauca,cartago
17.61,22.51,19.4,13.23,1,Institución tecnológica,No oficial,valle del cauca,cartago
22.51,19.4,13.23,13.1,2,Institución tecnológica,No oficial,valle del cauca,cartago
19.4,13.23,13.1,16.84,1,Institución tecnológica,No oficial,valle del cauca,cartago
13.23,13.1,16.84,14.41,2,Institución tecnológica,No oficial,valle del cauca,cartago
13.1,16.84,14.41,16.32,1,Institución tecnológica,No oficial,valle del cauca,cartago
16.84,14.41,16.32,19.95,2,Institución tecnológica,No oficial,valle del cauca,cartago
14.41,16.32,19.95,8.05,1,Institución tecnológica,No oficial,valle del cauca,cartago
16.32,19.95,8.05,13.33,2,Institución tecnológica,No oficial,valle del cauca,cartago
19.95,8.05,13.33,11.42,1,Institución tecnológica,No oficial,valle del cauca,cartago
0.0,0.0,0.45,25.21,2,Institución universitaria/Escuela Tecnológica,No oficial,valle del cauca,cali
0.0,0.45,25.21,35.22,1,Institución universitaria/Escuela Tecnológica,No oficial,valle del cauca,cali
0.45,25.21,35.22,28.04,2,Institución universitaria/Escuela Tecnológica,No oficial,valle del cauca,cali
25.21,35.22,28.04,19.76,1,Institución universitaria/Escuela Tecnológica,No oficial,valle del cauca,cali
35.22,28.04,19.76,15.34,2,Institución universitaria/Escuela Tecnológica,No oficial,valle del cauca,cali
28.04,19.76,15.34,14.7,1,Institución universitaria/Escuela Tecnológica,No oficial,valle del cauca,cali
19.76,15.34,14.7,21.36,2,Institución universitaria/Escuela Tecnológica,No oficial,valle del cauca,cali
15.34,14.7,21.36,22.96,1,Institución universitaria/Escuela Tecnológica,No oficial,valle del cauca,cali
14.7,21.36,22.96,21.58,2,Institución universitaria/Escuela Tecnológica,No oficial,valle del cauca,cali
21.36,22.96,21.58,17.5,1,Institución universitaria/Escuela Tecnológica,No oficial,valle del cauca,cali
22.96,21.58,17.5,27.48,2,Institución universitaria/Escuela Tecnológica,No oficial,valle del cauca,cali
21.58,17.5,27.48,40.27,1,Institución universitaria/Escuela Tecnológica,No oficial,valle del cauca,cali
17.5,27.48,40.27,19.35,2,Institución universitaria/Escuela Tecnológica,No oficial,valle del cauca,cali
27.48,40.27,19.35,14.72,1,Institución universitaria/Escuela Tecnológica,No oficial,valle del cauca,cali
40.27,19.35,14.72,13.31,2,Institución universitaria/Escuela Tecnológica,No oficial,valle del cauca,cali
19.35,14.72,13.31,14.87,1,Institución universitaria/Escuela Tecnológica,No oficial,valle del cauca,cali
14.72,13.31,14.87,13.35,2,Institución universitaria/Escuela Tecnológica,No oficial,valle del cauca,cali
13.31,14.87,13.35,11.05,1,Institución universitaria/Escuela Tecnológica,No oficial,valle del cauca,cali
14.87,13.35,11.05,11.31,2,Institución universitaria/Escuela Tecnológica,No oficial,valle del cauca,cali
13.35,11.05,11.31,13.61,1,Institución universitaria/Escuela Tecnológica,No oficial,valle del cauca,cali
11.05,11.31,13.61,9.67,2,Institución universitaria/Escuela Tecnológica,No oficial,valle del cauca,cali
11.31,13.61,9.67,7.16,1,Institución universitaria/Escuela Tecnológica,No oficial,valle del cauca,cali
13.61,9.67,7.16,13.99,2,Institución universitaria/Escuela Tecnológica,No oficial,valle del cauca,cali
9.67,7.16,13.99,10.31,1,Institución universitaria/Escuela Tecnológica,No oficial,valle del cauca,cali
7.16,13.99,10.31,12.34,2,Institución universitaria/Escuela Tecnológica,No oficial,valle del cauca,cali
13.99,10.31,12.34,9.65,1,Institución universitaria/Escuela Tecnológica,No oficial,valle del cauca,cali
10.31,12.34,9.65,8.51,2,Institución universitaria/Escuela Tecnológica,No oficial,valle del cauca,cali
12.34,9.65,8.51,11.39,1,Institución universitaria/Escuela Tecnológica,No oficial,valle del cauca,cali
9.65,8.51,11.39,27.68,2,Institución universitaria/Escuela Tecnológica,No oficial,valle del cauca,cali
8.51,11.39,27.68,18.1,1,Institución universitaria/Escuela Tecnológica,No oficial,valle del cauca,cali
11.39,27.68,18.1,17.29,2,Institución universitaria/Escuela Tecnológica,No oficial,valle del cauca,cali
27.68,18.1,17.29,8.19,1,Institución universitaria/Escuela Tecnológica,No oficial,valle del cauca,cali
18.1,17.29,8.19,9.75,2,Institución universitaria/Escuela Tecnológica,No oficial,valle del cauca,cali
17.29,8.19,9.75,16.93,1,Institución universitaria/Escuela Tecnológica,No oficial,valle del cauca,cali
0.0,0.0,1.85,0.0,1,Institución tecnológica,No oficial,valle del cauca,cali
0.0,1.85,0.0,0.0,2,Institución tecnológica,No oficial,valle del cauca,cali
1.85,0.0,0.0,1.68,1,Institución tecnológica,No oficial,valle del cauca,cali
0.0,0.0,1.68,0.0,2,Institución tecnológica,No oficial,valle del cauca,cali
0.0,1.68,0.0,0.63,1,Institución tecnológica,No oficial,valle del cauca,cali
1.68,0.0,0.63,2.61,2,Institución tecnológica,No oficial,valle del cauca,cali
0.0,0.63,2.61,6.32,1,Institución tecnológica,No oficial,valle del cauca,cali
0.63,2.61,6.32,2.79,2,Institución tecnológica,No oficial,valle del cauca,cali
2.61,6.32,2.79,0.0,1,Institución tecnológica,No oficial,valle del cauca,cali
6.32,2.79,0.0,0.53,2,Institución tecnológica,No oficial,valle del cauca,cali
2.79,0.0,0.53,0.67,1,Institución tecnológica,No oficial,valle del cauca,cali
0.0,0.53,0.67,1.19,2,Institución tecnológica,No oficial,valle del cauca,cali
0.53,0.67,1.19,0.67,1,Institución tecnológica,No oficial,valle del cauca,cali
0.67,1.19,0.67,28.43,2,Institución tecnológica,No oficial,valle del cauca,cali
1.19,0.67,28.43,42.17,1,Institución tecnológica,No oficial,valle del cauca,cali
0.67,28.43,42.17,46.15,2,Institución tecnológica,No oficial,valle del cauca,cali
28.43,42.17,46.15,100.0,1,Institución tecnológica,No oficial,valle del cauca,cali
42.17,46.15,100.0,16.67,2,Institución tecnológica,No oficial,valle del cauca,cali
46.15,100.0,16.67,0.0,1,Institución tecnológica,No oficial,valle del cauca,cali
100.0,16.67,0.0,1.72,2,Institución tecnológica,No oficial,valle del cauca,cali
16.67,0.0,1.72,0.0,1,Institución tecnológica,No oficial,valle del cauca,cali
0.0,1.72,0.0,100.0,2,Institución tecnológica,No oficial,valle del cauca,cali
1.72,0.0,100.0,32.43,1,Institución tecnológica,No oficial,valle del cauca,cali
0.0,100.0,32.43,11.11,2,Institución tecnológica,No oficial,valle del cauca,cali
100.0,32.43,11.11,100.0,1,Institución tecnológica,No oficial,valle del cauca,cali
32.43,11.11,100.0,10.34,2,Institución tecnológica,No oficial,valle del cauca,cali
11.11,100.0,10.34,2.7,1,Institución tecnológica,No oficial,valle del cauca,cali
100.0,10.34,2.7,8.47,2,Institución tecnológica,No oficial,valle del cauca,cali
10.34,2.7,8.47,11.11,1,Institución tecnológica,No oficial,valle del cauca,cali
2.7,8.47,11.11,20.31,2,Institución tecnológica,No oficial,valle del cauca,cali
8.47,11.11,20.31,28.07,1,Institución tecnológica,No oficial,valle del cauca,cali
11.11,20.31,28.07,46.51,2,Institución tecnológica,No oficial,valle del cauca,cali
20.31,28.07,46.51,44.12,1,Institución tecnológica,No oficial,valle del cauca,cali
28.07,46.51,44.12,36.36,2,Institución tecnológica,No oficial,valle del cauca,cali
0.0,0.0,36.13,25.27,1,Institución tecnológica,No oficial,valle del cauca,cali
0.0,36.13,25.27,19.88,2,Institución tecnológica,No oficial,valle del cauca,cali
36.13,25.27,19.88,35.37,1,Institución tecnológica,No oficial,valle del cauca,cali
25.27,19.88,35.37,41.25,2,Institución tecnológica,No oficial,valle del cauca,cali
19.88,35.37,41.25,0.46,1,Institución tecnológica,No oficial,valle del cauca,cali
35.37,41.25,0.46,28.1,2,Institución tecnológica,No oficial,valle del cauca,cali
41.25,0.46,28.1,23.33,1,Institución tecnológica,No oficial,valle del cauca,cali
0.46,28.1,23.33,28.46,2,Institución tecnológica,No oficial,valle del cauca,cali
28.1,23.33,28.46,31.61,1,Institución tecnológica,No oficial,valle del cauca,cali
23.33,28.46,31.61,32.34,2,Institución tecnológica,No oficial,valle del cauca,cali
28.46,31.61,32.34,42.81,1,Institución tecnológica,No oficial,valle del cauca,cali
31.61,32.34,42.81,27.33,2,Institución tecnológica,No oficial,valle del cauca,cali
32.34,42.81,27.33,14.52,1,Institución tecnológica,No oficial,valle del cauca,cali
42.81,27.33,14.52,24.09,2,Institución tecnológica,No oficial,valle del cauca,cali
27.33,14.52,24.09,33.14,1,Institución tecnológica,No oficial,valle del cauca,cali
14.52,24.09,33.14,37.84,2,Institución tecnológica,No oficial,valle del cauca,cali
24.09,33.14,37.84,28.78,1,Institución tecnológica,No oficial,valle del cauca,cali
33.14,37.84,28.78,24.73,2,Institución tecnológica,No oficial,valle del cauca,cali
37.84,28.78,24.73,30.04,1,Institución tecnológica,No oficial,valle del cauca,cali
28.78,24.73,30.04,25.07,2,Institución tecnológica,No oficial,valle del cauca,cali
24.73,30.04,25.07,27.65,1,Institución tecnológica,No oficial,valle del cauca,cali
30.04,25.07,27.65,41.31,2,Institución tecnológica,No oficial,valle del cauca,cali
25.07,27.65,41.31,20.57,1,Institución tecnológica,No oficial,valle del cauca,cali
27.65,41.31,20.57,18.21,2,Institución tecnológica,No oficial,valle del cauca,cali
41.31,20.57,18.21,39.63,1,Institución tecnológica,No oficial,valle del cauca,cali
20.57,18.21,39.63,29.88,2,Institución tecnológica,No oficial,valle del cauca,cali
18.21,39.63,29.88,12.56,1,Institución tecnológica,No oficial,valle del cauca,cali
39.63,29.88,12.56,19.78,2,Institución tecnológica,No oficial,valle del cauca,cali
29.88,12.56,19.78,18.34,1,Institución tecnológica,No oficial,valle del cauca,cali
0.0,0.0,12.3,13.38,1,Institución tecnológica,No oficial,bogota d c,bogota dc
0.0,12.3,13.38,16.42,2,Institución tecnológica,No oficial,bogota d c,bogota dc
12.3,13.38,16.42,9.41,1,Institución tecnológica,No oficial,bogota d c,bogota dc
13.38,16.42,9.41,21.34,2,Institución tecnológica,No oficial,bogota d c,bogota dc
16.42,9.41,21.34,15.97,1,Institución tecnológica,No oficial,bogota d c,bogota dc
9.41,21.34,15.97,13.58,2,Institución tecnológica,No oficial,bogota d c,bogota dc
21.34,15.97,13.58,14.11,1,Institución tecnológica,No oficial,bogota d c,bogota dc
15.97,13.58,14.11,7.83,2,Institución tecnológica,No oficial,bogota d c,bogota dc
13.58,14.11,7.83,12.61,1,Institución tecnológica,No oficial,bogota d c,bogota dc
14.11,7.83,12.61,17.78,2,Institución tecnológica,No oficial,bogota d c,bogota dc
7.83,12.61,17.78,13.26,1,Institución tecnológica,No oficial,bogota d c,bogota dc
12.61,17.78,13.26,14.45,2,Institución tecnológica,No oficial,bogota d c,bogota dc
17.78,13.26,14.45,11.58,1,Institución tecnológica,No oficial,bogota d c,bogota dc
13.26,14.45,11.58,18.32,2,Institución tecnológica,No oficial,bogota d c,bogota dc
14.45,11.58,18.32,11.59,1,Institución tecnológica,No oficial,bogota d c,bogota dc
11.58,18.32,11.59,30.66,2,Institución tecnológica,No oficial,bogota d c,bogota dc
18.32,11.59,30.66,68.92,1,Institución tecnológica,No oficial,bogota d c,bogota dc
11.59,30.66,68.92,19.0,2,Institución tecnológica,No oficial,bogota d c,bogota dc
30.66,68.92,19.0,13.91,1,Institución tecnológica,No oficial,bogota d c,bogota dc
68.92,19.0,13.91,7.98,2,Institución tecnológica,No oficial,bogota d c,bogota dc
19.0,13.91,7.98,28.74,1,Institución tecnológica,No oficial,bogota d c,bogota dc
13.91,7.98,28.74,19.95,2,Institución tecnológica,No oficial,bogota d c,bogota dc
7.98,28.74,19.95,17.12,1,Institución tecnológica,No oficial,bogota d c,bogota dc
28.74,19.95,17.12,21.26,2,Institución tecnológica,No oficial,bogota d c,bogota dc
19.95,17.12,21.26,13.29,1,Institución tecnológica,No oficial,bogota d c,bogota dc
17.12,21.26,13.29,17.07,2,Institución tecnológica,No oficial,bogota d c,bogota dc
21.26,13.29,17.07,18.89,1,Institución tecnológica,No oficial,bogota d c,bogota dc
13.29,17.07,18.89,17.02,2,Institución tecnológica,No oficial,bogota d c,bogota dc
17.07,18.89,17.02,12.82,1,Institución tecnológica,No oficial,bogota d c,bogota dc
18.89,17.02,12.82,16.91,2,Institución tecnológica,No oficial,bogota d c,bogota dc
17.02,12.82,16.91,17.86,1,Institución tecnológica,No oficial,bogota d c,bogota dc
12.82,16.91,17.86,15.3,2,Institución tecnológica,No oficial,bogota d c,bogota dc
16.91,17.86,15.3,13.6,1,Institución tecnológica,No oficial,bogota d c,bogota dc
17.86,15.3,13.6,22.8,2,Institución tecnológica,No oficial,bogota d c,bogota dc
15.3,13.6,22.8,15.68,1,Institución tecnológica,No oficial,bogota d c,bogota dc
13.6,22.8,15.68,13.32,2,Institución tecnológica,No oficial,bogota d c,bogota dc
22.8,15.68,13.32,22.94,1,Institución tecnológica,No oficial,bogota d c,bogota dc
15.68,13.32,22.94,15.25,2,Institución tecnológica,No oficial,bogota d c,bogota dc
13.32,22.94,15.25,12.1,1,Institución tecnológica,No oficial,bogota d c,bogota dc
22.94,15.25,12.1,19.92,2,Institución tecnológica,No oficial,bogota d c,bogota dc
15.25,12.1,19.92,19.82,1,Institución tecnológica,No oficial,bogota d c,bogota dc
12.1,19.92,19.82,31.16,2,Institución tecnológica,No oficial,bogota d c,bogota dc
19.92,19.82,31.16,22.11,1,Institución tecnológica,No oficial,bogota d c,bogota dc
19.82,31.16,22.11,11.54,2,Institución tecnológica,No oficial,bogota d c,bogota dc
31.16,22.11,11.54,5.83,1,Institución tecnológica,No oficial,bogota d c,bogota dc
22.11,11.54,5.83,15.89,2,Institución tecnológica,No oficial,bogota d c,bogota dc
11.54,5.83,15.89,10.32,1,Institución tecnológica,No oficial,bogota d c,bogota dc
0.0,0.0,17.65,100.0,1,Institución tecnológica,No oficial,cundinamarca,fusagasuga
0.0,17.65,100.0,11.11,2,Institución tecnológica,No oficial,cundinamarca,fusagasuga
17.65,100.0,11.11,10.0,1,Institución tecnológica,No oficial,cundinamarca,fusagasuga
100.0,11.11,10.0,7.69,2,Institución tecnológica,No oficial,cundinamarca,fusagasuga
11.11,10.0,7.69,3.12,1,Institución tecnológica,No oficial,cundinamarca,fusagasuga
10.0,7.69,3.12,57.14,2,Institución tecnológica,No oficial,cundinamarca,fusagasuga
7.69,3.12,57.14,0.0,1,Institución tecnológica,No oficial,cundinamarca,fusagasuga
3.12,57.14,0.0,90.0,2,Institución tecnológica,No oficial,cundinamarca,fusagasuga
57.14,0.0,90.0,100.0,1,Institución tecnológica,No oficial,cundinamarca,fusagasuga
0.0,90.0,100.0,0.0,2,Institución tecnológica,No oficial,cundinamarca,fusagasuga
90.0,100.0,0.0,0.0,1,Institución tecnológica,No oficial,cundinamarca,fusagasuga
100.0,0.0,0.0,9.86,2,Institución tecnológica,No oficial,cundinamarca,fusagasuga
0.0,0.0,9.86,23.44,1,Institución tecnológica,No oficial,cundinamarca,fusagasuga
0.0,9.86,23.44,61.36,2,Institución tecnológica,No oficial,cundinamarca,fusagasuga
9.86,23.44,61.36,100.0,1,Institución tecnológica,No oficial,cundinamarca,fusagasuga
23.44,61.36,100.0,14.58,2,Institución tecnológica,No oficial,cundinamarca,fusagasuga
61.36,100.0,14.58,100.0,1,Institución tecnológica,No oficial,cundinamarca,fusagasuga
100.0,14.58,100.0,100.0,2,Institución tecnológica,No oficial,cundinamarca,fusagasuga
14.58,100.0,100.0,11.76,1,Institución tecnológica,No oficial,cundinamarca,fusagasuga
100.0,100.0,11.76,0.0,2,Institución tecnológica,No oficial,cundinamarca,fusagasuga
100.0,11.76,0.0,30.99,1,Institución tecnológica,No oficial,cundinamarca,fusagasuga
11.76,0.0,30.99,23.71,2,Institución tecnológica,No oficial,cundinamarca,fusagasuga
0.0,30.99,23.71,11.46,1,Institución tecnológica,No oficial,cundinamarca,fusagasuga
30.99,23.71,11.46,24.39,2,Institución tecnológica,No oficial,cundinamarca,fusagasuga
23.71,11.46,24.39,20.34,1,Institución tecnológica,No oficial,cundinamarca,fusagasuga
11.46,24.39,20.34,17.76,2,Institución tecnológica,No oficial,cundinamarca,fusagasuga
24.39,20.34,17.76,18.1,1,Institución tecnológica,No oficial,cundinamarca,fusagasuga
20.34,17.76,18.1,40.0,2,Institución tecnológica,No oficial,cundinamarca,fusagasuga
17.76,18.1,40.0,25.49,1,Institución tecnológica,No oficial,cundinamarca,fusagasuga
18.1,40.0,25.49,21.25,2,Institución tecnológica,No oficial,cundinamarca,fusagasuga
40.0,25.49,21.25,42.11,1,Institución tecnológica,No oficial,cundinamarca,fusagasuga
25.49,21.25,42.11,46.55,2,Institución tecnológica,No oficial,cundinamarca,fusagasuga
21.25,42.11,46.55,15.22,1,Institución tecnológica,No oficial,cundinamarca,fusagasuga
42.11,46.55,15.22,27.27,2,Institución tecnológica,No oficial,cundinamarca,fusagasuga
46.55,15.22,27.27,22.03,1,Institución tecnológica,No oficial,cundinamarca,fusagasuga
15.22,27.27,22.03,19.12,2,Institución tecnológica,No oficial,cundinamarca,fusagasuga
27.27,22.03,19.12,12.05,1,Institución tecnológica,No oficial,cundinamarca,fusagasuga
22.03,19.12,12.05,11.93,2,Institución tecnológica,No oficial,cundinamarca,fusagasuga
19.12,12.05,11.93,6.96,1,Institución tecnológica,No oficial,cundinamarca,fusagasuga
12.05,11.93,6.96,7.07,2,Institución tecnológica,No oficial,cundinamarca,fusagasuga
11.93,6.96,7.07,12.84,1,Institución tecnológica,No oficial,cundinamarca,fusagasuga
6.96,7.07,12.84,2.44,2,Institución tecnológica,No oficial,cundinamarca,fusagasuga
7.07,12.84,2.44,7.08,1,Institución tecnológica,No oficial,cundinamarca,fusagasuga
12.84,2.44,7.08,9.6,2,Institución tecnológica,No oficial,cundinamarca,fusagasuga
2.44,7.08,9.6,13.33,1,Institución tecnológica,No oficial,cundinamarca,fusagasuga
7.08,9.6,13.33,15.15,2,Institución tecnológica,No oficial,cundinamarca,fusagasuga
9.6,13.33,15.15,20.73,1,Institución tecnológica,No oficial,cundinamarca,fusagasuga
0.0,0.0,17.25,12.43,1,Institución tecnológica,No oficial,santander,bucaramanga
0.0,17.25,12.43,15.52,2,Institución tecnológica,No oficial,santander,bucaramanga
17.25,12.43,15.52,21.31,1,Institución tecnológica,No oficial,santander,bucaramanga
12.43,15.52,21.31,16.45,2,Institución tecnológica,No oficial,santander,bucaramanga
15.52,21.31,16.45,25.25,1,Institución tecnológica,No oficial,santander,bucaramanga
21.31,16.45,25.25,30.46,2,Institución tecnológica,No oficial,santander,bucaramanga
16.45,25.25,30.46,24.24,1,Institución tecnológica,No oficial,santander,bucaramanga
25.25,30.46,24.24,22.34,2,Institución tecnológica,No oficial,santander,bucaramanga
30.46,24.24,22.34,19.7,1,Institución tecnológica,No oficial,santander,bucaramanga
24.24,22.34,19.7,15.6,2,Institución tecnológica,No oficial,santander,bucaramanga
22.34,19.7,15.6,19.11,1,Institución tecnológica,No oficial,santander,bucaramanga
19.7,15.6,19.11,16.04,2,Institución tecnológica,No oficial,santander,bucaramanga
15.6,19.11,16.04,21.62,1,Institución tecnológica,No oficial,santander,bucaramanga
19.11,16.04,21.62,17.95,2,Institución tecnológica,No oficial,santander,bucaramanga
16.04,21.62,17.95,14.49,1,Institución tecnológica,No oficial,santander,bucaramanga
21.62,17.95,14.49,22.0,2,Institución tecnológica,No oficial,santander,bucaramanga
17.95,14.49,22.0,33.86,1,Institución tecnológica,No oficial,santander,bucaramanga
14.49,22.0,33.86,18.69,2,Institución tecnológica,No oficial,santander,bucaramanga
22.0,33.86,18.69,23.72,1,Institución tecnológica,No oficial,santander,bucaramanga
33.86,18.69,23.72,24.84,2,Institución tecnológica,No oficial,santander,bucaramanga
18.69,23.72,24.84,28.85,1,Institución tecnológica,No oficial,santander,bucaramanga
23.72,24.84,28.85,29.26,2,Institución tecnológica,No oficial,santander,bucaramanga
24.84,28.85,29.26,24.84,1,Institución tecnológica,No oficial,santander,bucaramanga
28.85,29.26,24.84,27.5,2,Institución tecnológica,No oficial,santander,bucaramanga
29.26,24.84,27.5,35.28,1,Institución tecnológica,No oficial,santander,bucaramanga
24.84,27.5,35.28,27.4,2,Institución tecnológica,No oficial,santander,bucaramanga
27.5,35.28,27.4,37.68,1,Institución tecnológica,No oficial,santander,bucaramanga
35.28,27.4,37.68,26.09,2,Institución tecnológica,No oficial,santander,bucaramanga
27.4,37.68,26.09,28.82,1,Institución tecnológica,No oficial,santander,bucaramanga
37.68,26.09,28.82,22.96,2,Institución tecnológica,No oficial,santander,bucaramanga
26.09,28.82,22.96,13.73,1,Institución tecnológica,No oficial,santander,bucaramanga
28.82,22.96,13.73,20.22,2,Institución tecnológica,No oficial,santander,bucaramanga
22.96,13.73,20.22,30.88,1,Institución tecnológica,No oficial,santander,bucaramanga
13.73,20.22,30.88,27.18,2,Institución tecnológica,No oficial,santander,bucaramanga
20.22,30.88,27.18,31.67,1,Institución tecnológica,No oficial,santander,bucaramanga
30.88,27.18,31.67,19.05,2,Institución tecnológica,No oficial,santander,bucaramanga
27.18,31.67,19.05,12.82,1,Institución tecnológica,No oficial,santander,bucaramanga
31.67,19.05,12.82,23.49,2,Institución tecnológica,No oficial,santander,bucaramanga
19.05,12.82,23.49,16.06,1,Institución tecnológica,No oficial,santander,bucaramanga
12.82,23.49,16.06,16.67,2,Institución tecnológica,No oficial,santander,bucaramanga
23.49,16.06,16.67,14.0,1,Institución tecnológica,No oficial,santander,bucaramanga
0.0,0.0,0.0,0.0,1,Institución universitaria/Escuela Tecnológica,No oficial,antioquia,bello
0.0,0.0,0.0,0.0,2,Institución universitaria/Escuela Tecnológica,No oficial,antioquia,bello
0.0,0.0,0.0,26.28,1,Institución universitaria/Escuela Tecnológica,No oficial,antioquia,bello
0.0,0.0,26.28,6.04,2,Institución universitaria/Escuela Tecnológica,No oficial,antioquia,bello
0.0,26.28,6.04,2.13,1,Institución universitaria/Escuela Tecnológica,No oficial,antioquia,bello
26.28,6.04,2.13,0.16,2,Institución universitaria/Escuela Tecnológica,No oficial,antioquia,bello
6.04,2.13,0.16,7.2,1,Institución universitaria/Escuela Tecnológica,No oficial,antioquia,bello
2.13,0.16,7.2,16.46,2,Institución universitaria/Escuela Tecnológica,No oficial,antioquia,bello
0.16,7.2,16.46,16.84,1,Institución universitaria/Escuela Tecnológica,No oficial,antioquia,bello
7.2,16.46,16.84,8.73,2,Institución universitaria/Escuela Tecnológica,No oficial,antioquia,bello
16.46,16.84,8.73,15.44,1,Institución universitaria/Escuela Tecnológica,No oficial,antioquia,bello
16.84,8.73,15.44,23.0,2,Institución universitaria/Escuela Tecnológica,No oficial,antioquia,bello
8.73,15.44,23.0,30.87,1,Institución universitaria/Escuela Tecnológica,No oficial,antioquia,bello
15.44,23.0,30.87,25.11,2,Institución universitaria/Escuela Tecnológica,No oficial,antioquia,bello
23.0,30.87,25.11,20.25,1,Institución universitaria/Escuela Tecnológica,No oficial,antioquia,bello
30.87,25.11,20.25,11.43,2,Institución universitaria/Escuela Tecnológica,No oficial,antioquia,bello
25.11,20.25,11.43,9.64,1,Institución universitaria/Escuela Tecnológica,No oficial,antioquia,bello
20.25,11.43,9.64,14.13,2,Institución universitaria/Escuela Tecnológica,No oficial,antioquia,bello
11.43,9.64,14.13,37.38,1,Institución universitaria/Escuela Tecnológica,No oficial,antioquia,bello
9.64,14.13,37.38,23.6,2,Institución universitaria/Escuela Tecnológica,No oficial,antioquia,bello
14.13,37.38,23.6,10.0,1,Institución universitaria/Escuela Tecnológica,No oficial,antioquia,bello
37.38,23.6,10.0,12.06,2,Institución universitaria/Escuela Tecnológica,No oficial,antioquia,bello
23.6,10.0,12.06,13.09,1,Institución universitaria/Escuela Tecnológica,No oficial,antioquia,bello
10.0,12.06,13.09,12.72,2,Institución universitaria/Escuela Tecnológica,No oficial,antioquia,bello
12.06,13.09,12.72,11.56,1,Institución universitaria/Escuela Tecnológica,No oficial,antioquia,bello
13.09,12.72,11.56,11.89,2,Institución universitaria/Escuela Tecnológica,No oficial,antioquia,bello
12.72,11.56,11.89,20.0,1,Institución universitaria/Escuela Tecnológica,No oficial,antioquia,bello
11.56,11.89,20.0,24.6,2,Institución universitaria/Escuela Tecnológica,No oficial,antioquia,bello
11.89,20.0,24.6,25.0,1,Institución universitaria/Escuela Tecnológica,No oficial,antioquia,bello
20.0,24.6,25.0,26.25,2,Institución universitaria/Escuela Tecnológica,No oficial,antioquia,bello
24.6,25.0,26.25,21.56,1,Institución universitaria/Escuela Tecnológica,No oficial,antioquia,bello
25.0,26.25,21.56,25.98,2,Institución universitaria/Escuela Tecnológica,No oficial,antioquia,bello
26.25,21.56,25.98,28.54,1,Institución universitaria/Escuela Tecnológica,No oficial,antioquia,bello
21.56,25.98,28.54,10.83,2,Institución universitaria/Escuela Tecnológica,No oficial,antioquia,bello
25.98,28.54,10.83,9.34,1,Institución universitaria/Escuela Tecnológica,No oficial,antioquia,bello
28.54,10.83,9.34,16.39,2,Institución universitaria/Escuela Tecnológica,No oficial,antioquia,bello
10.83,9.34,16.39,11.43,1,Institución universitaria/Escuela Tecnológica,No oficial,antioquia,bello
9.34,16.39,11.43,11.17,2,Institución universitaria/Escuela Tecnológica,No oficial,antioquia,bello
16.39,11.43,11.17,11.72,1,Institución universitaria/Escuela Tecnológica,No oficial,antioquia,bello
11.43,11.17,11.72,11.9,2,Institución universitaria/Escuela Tecnológica,No oficial,antioquia,bello
11.17,11.72,11.9,13.03,1,Institución universitaria/Escuela Tecnológica,No oficial,antioquia,bello
11.72,11.9,13.03,17.81,2,Institución universitaria/Escuela Tecnológica,No oficial,antioquia,bello
11.9,13.03,17.81,11.07,1,Institución universitaria/Escuela Tecnológica,No oficial,antioquia,bello
0.0,0.0,66.13,14.52,1,Institución universitaria/Escuela Tecnológica,No oficial,narino,pasto
0.0,66.13,14.52,39.19,2,Institución universitaria/Escuela Tecnológica,No oficial,narino,pasto
66.13,14.52,39.19,100.0,1,Institución universitaria/Escuela Tecnológica,No oficial,narino,pasto
14.52,39.19,100.0,35.09,2,Institución universitaria/Escuela Tecnológica,No oficial,narino,pasto
39.19,100.0,35.09,12.5,1,Institución universitaria/Escuela Tecnológica,No oficial,narino,pasto
100.0,35.09,12.5,29.51,2,Institución universitaria/Escuela Tecnológica,No oficial,narino,pasto
35.09,12.5,29.51,34.69,1,Institución universitaria/Escuela Tecnológica,No oficial,narino,pasto
12.5,29.51,34.69,100.0,2,Institución universitaria/Escuela Tecnológica,No oficial,narino,pasto
29.51,34.69,100.0,100.0,1,Institución universitaria/Escuela Tecnológica,No oficial,narino,pasto
34.69,100.0,100.0,26.32,2,Institución universitaria/Escuela Tecnológica,No oficial,narino,pasto
100.0,100.0,26.32,23.81,1,Institución universitaria/Escuela Tecnológica,No oficial,narino,pasto
100.0,26.32,23.81,25.0,2,Institución universitaria/Escuela Tecnológica,No oficial,narino,pasto
26.32,23.81,25.0,7.33,1,Institución universitaria/Escuela Tecnológica,No oficial,narino,pasto
23.81,25.0,7.33,19.18,2,Institución universitaria/Escuela Tecnológica,No oficial,narino,pasto
25.0,7.33,19.18,27.37,1,Institución universitaria/Escuela Tecnológica,No oficial,narino,pasto
7.33,19.18,27.37,18.06,2,Institución universitaria/Escuela Tecnológica,No oficial,narino,pasto
19.18,27.37,18.06,25.46,1,Institución universitaria/Escuela Tecnológica,No oficial,narino,pasto
27.37,18.06,25.46,23.92,2,Institución universitaria/Escuela Tecnológica,No oficial,narino,pasto
18.06,25.46,23.92,29.57,1,Institución universitaria/Escuela Tecnológica,No oficial,narino,pasto
25.46,23.92,29.57,64.73,2,Institución universitaria/Escuela Tecnológica,No oficial,narino,pasto
23.92,29.57,64.73,48.68,1,Institución universitaria/Escuela Tecnológica,No oficial,narino,pasto
29.57,64.73,48.68,38.94,2,Institución universitaria/Escuela Tecnológica,No oficial,narino,pasto
64.73,48.68,38.94,38.79,1,Institución universitaria/Escuela Tecnológica,No oficial,narino,pasto
48.68,38.94,38.79,17.19,2,Institución universitaria/Escuela Tecnológica,No oficial,narino,pasto
38.94,38.79,17.19,14.06,1,Institución universitaria/Escuela Tecnológica,No oficial,narino,pasto
38.79,17.19,14.06,9.59,2,Institución universitaria/Escuela Tecnológica,No oficial,narino,pasto
17.19,14.06,9.59,12.43,1,Institución universitaria/Escuela Tecnológica,No oficial,narino,pasto
14.06,9.59,12.43,20.03,2,Institución universitaria/Escuela Tecnológica,No oficial,narino,pasto
9.59,12.43,20.03,22.59,1,Institución universitaria/Escuela Tecnológica,No oficial,narino,pasto
12.43,20.03,22.59,15.04,2,Institución universitaria/Escuela Tecnológica,No oficial,narino,pasto
20.03,22.59,15.04,10.24,1,Institución universitaria/Escuela Tecnológica,No oficial,narino,pasto
22.59,15.04,10.24,12.31,2,Institución universitaria/Escuela Tecnológica,No oficial,narino,pasto
15.04,10.24,12.31,13.55,1,Institución universitaria/Escuela Tecnológica,No oficial,narino,pasto
10.24,12.31,13.55,14.63,2,Institución universitaria/Escuela Tecnológica,No oficial,narino,pasto
12.31,13.55,14.63,13.59,1,Institución universitaria/Escuela Tecnológica,No oficial,narino,pasto
13.55,14.63,13.59,11.47,2,Institución universitaria/Escuela Tecnológica,No oficial,narino,pasto
14.63,13.59,11.47,11.78,1,Institución universitaria/Escuela Tecnológica,No oficial,narino,pasto
13.59,11.47,11.78,10.7,2,Institución universitaria/Escuela Tecnológica,No oficial,narino,pasto
11.47,11.78,10.7,11.76,1,Institución universitaria/Escuela Tecnológica,No oficial,narino,pasto
11.78,10.7,11.76,7.48,2,Institución universitaria/Escuela Tecnológica,No oficial,narino,pasto
10.7,11.76,7.48,13.9,1,Institución universitaria/Escuela Tecnológica,No oficial,narino,pasto
11.76,7.48,13.9,14.1,2,Institución universitaria/Escuela Tecnológica,No oficial,narino,pasto
7.48,13.9,14.1,9.96,1,Institución universitaria/Escuela Tecnológica,No oficial,narino,pasto
13.9,14.1,9.96,12.02,2,Institución universitaria/Escuela Tecnológica,No oficial,narino,pasto
14.1,9.96,12.02,12.85,1,Institución universitaria/Escuela Tecnológica,No oficial,narino,pasto
0.0,0.0,9.55,32.02,1,Institución tecnológica,No oficial,bogota d c,bogota dc
0.0,9.55,32.02,24.8,2,Institución tecnológica,No oficial,bogota d c,bogota dc
9.55,32.02,24.8,27.37,1,Institución tecnológica,No oficial,bogota d c,bogota dc
32.02,24.8,27.37,19.64,2,Institución tecnológica,No oficial,bogota d c,bogota dc
24.8,27.37,19.64,22.87,1,Institución tecnológica,No oficial,bogota d c,bogota dc
27.37,19.64,22.87,23.34,2,Institución tecnológica,No oficial,bogota d c,bogota dc
19.64,22.87,23.34,11.42,1,Institución tecnológica,No oficial,bogota d c,bogota dc
22.87,23.34,11.42,17.1,2,Institución tecnológica,No oficial,bogota d c,bogota dc
23.34,11.42,17.1,7.95,1,Institución tecnológica,No oficial,bogota d c,bogota dc
11.42,17.1,7.95,27.95,2,Institución tecnológica,No oficial,bogota d c,bogota dc
17.1,7.95,27.95,17.19,1,Institución tecnológica,No oficial,bogota d c,bogota dc
7.95,27.95,17.19,22.27,2,Institución tecnológica,No oficial,bogota d c,bogota dc
27.95,17.19,22.27,23.61,1,Institución tecnológica,No oficial,bogota d c,bogota dc
17.19,22.27,23.61,89.58,2,Institución tecnológica,No oficial,bogota d c,bogota dc
22.27,23.61,89.58,33.84,1,Institución tecnológica,No oficial,bogota d c,bogota dc
23.61,89.58,33.84,10.36,2,Institución tecnológica,No oficial,bogota d c,bogota dc
89.58,33.84,10.36,24.07,1,Institución tecnológica,No oficial,bogota d c,bogota dc
33.84,10.36,24.07,5.42,2,Institución tecnológica,No oficial,bogota d c,bogota dc
10.36,24.07,5.42,11.43,1,Institución tecnológica,No oficial,bogota d c,bogota dc
24.07,5.42,11.43,14.25,2,Institución tecnológica,No oficial,bogota d c,bogota dc
5.42,11.43,14.25,15.45,1,Institución tecnológica,No oficial,bogota d c,bogota dc
11.43,14.25,15.45,22.45,2,Institución tecnológica,No oficial,bogota d c,bogota dc
14.25,15.45,22.45,19.1,1,Institución tecnológica,No oficial,bogota d c,bogota dc
15.45,22.45,19.1,13.22,2,Institución tecnológica,No oficial,bogota d c,bogota dc
22.45,19.1,13.22,16.13,1,Institución tecnológica,No oficial,bogota d c,bogota dc
19.1,13.22,16.13,20.8,2,Institución tecnológica,No oficial,bogota d c,bogota dc
13.22,16.13,20.8,27.54,1,Institución tecnológica,No oficial,bogota d c,bogota dc
16.13,20.8,27.54,17.3,2,Institución tecnológica,No oficial,bogota d c,bogota dc
20.8,27.54,17.3,24.77,1,Institución tecnológica,No oficial,bogota d c,bogota dc
27.54,17.3,24.77,17.29,2,Institución tecnológica,No oficial,bogota d c,bogota dc
17.3,24.77,17.29,10.37,1,Institución tecnológica,No oficial,bogota d c,bogota dc
24.77,17.29,10.37,43.4,2,Institución tecnológica,No oficial,bogota d c,bogota dc
17.29,10.37,43.4,19.61,1,Institución tecnológica,No oficial,bogota d c,bogota dc
10.37,43.4,19.61,18.38,2,Institución tecnológica,No oficial,bogota d c,bogota dc
43.4,19.61,18.38,21.16,1,Institución tecnológica,No oficial,bogota d c,bogota dc
19.61,18.38,21.16,31.46,2,Institución tecnológica,No oficial,bogota d c,bogota dc
18.38,21.16,31.46,21.5,1,Institución tecnológica,No oficial,bogota d c,bogota dc
21.16,31.46,21.5,17.64,2,Institución tecnológica,No oficial,bogota d c,bogota dc
31.46,21.5,17.64,13.73,1,Institución tecnológica,No oficial,bogota d c,bogota dc
21.5,17.64,13.73,17.28,2,Institución tecnológica,No oficial,bogota d c,bogota dc
17.64,13.73,17.28,14.29,1,Institución tecnológica,No oficial,bogota d c,bogota dc
13.73,17.28,14.29,18.96,2,Institución tecnológica,No oficial,bogota d c,bogota dc
17.28,14.29,18.96,24.12,1,Institución tecnológica,No oficial,bogota d c,bogota dc
14.29,18.96,24.12,26.9,2,Institución tecnológica,No oficial,bogota d c,bogota dc
18.96,24.12,26.9,13.55,1,Institución tecnológica,No oficial,bogota d c,bogota dc
24.12,26.9,13.55,15.12,2,Institución tecnológica,No oficial,bogota d c,bogota dc
26.9,13.55,15.12,14.77,1,Institución tecnológica,No oficial,bogota d c,bogota dc
0.0,0.0,16.02,15.71,1,Institución tecnológica,No oficial,antioquia,medellin
0.0,16.02,15.71,15.93,2,Institución tecnológica,No oficial,antioquia,medellin
16.02,15.71,15.93,14.35,1,Institución tecnológica,No oficial,antioquia,medellin
15.71,15.93,14.35,15.71,2,Institución tecnológica,No oficial,antioquia,medellin
15.93,14.35,15.71,23.57,1,Institución tecnológica,No oficial,antioquia,medellin
14.35,15.71,23.57,19.39,2,Institución tecnológica,No oficial,antioquia,medellin
15.71,23.57,19.39,17.88,1,Institución tecnológica,No oficial,antioquia,medellin
23.57,19.39,17.88,15.77,2,Institución tecnológica,No oficial,antioquia,medellin
19.39,17.88,15.77,19.46,1,Institución tecnológica,No oficial,antioquia,medellin
17.88,15.77,19.46,18.63,2,Institución tecnológica,No oficial,antioquia,medellin
15.77,19.46,18.63,33.87,1,Institución tecnológica,No oficial,antioquia,medellin
19.46,18.63,33.87,19.9,2,Institución tecnológica,No oficial,antioquia,medellin
18.63,33.87,19.9,18.5,1,Institución tecnológica,No oficial,antioquia,medellin
33.87,19.9,18.5,16.24,2,Institución tecnológica,No oficial,antioquia,medellin
19.9,18.5,16.24,17.27,1,Institución tecnológica,No oficial,antioquia,medellin
18.5,16.24,17.27,30.51,2,Institución tecnológica,No oficial,antioquia,medellin
16.24,17.27,30.51,24.85,1,Institución tecnológica,No oficial,antioquia,medellin
17.27,30.51,24.85,10.61,2,Institución tecnológica,No oficial,antioquia,medellin
30.51,24.85,10.61,8.47,1,Institución tecnológica,No oficial,antioquia,medellin
24.85,10.61,8.47,17.16,2,Institución tecnológica,No oficial,antioquia,medellin
10.61,8.47,17.16,15.61,1,Institución tecnológica,No oficial,antioquia,medellin
8.47,17.16,15.61,21.18,2,Institución tecnológica,No oficial,antioquia,medellin
17.16,15.61,21.18,23.08,1,Institución tecnológica,No oficial,antioquia,medellin
15.61,21.18,23.08,27.22,2,Institución tecnológica,No oficial,antioquia,medellin
21.18,23.08,27.22,24.86,1,Institución tecnológica,No oficial,antioquia,medellin
23.08,27.22,24.86,25.3,2,Institución tecnológica,No oficial,antioquia,medellin
27.22,24.86,25.3,19.87,1,Institución tecnológica,No oficial,antioquia,medellin
24.86,25.3,19.87,21.66,2,Institución tecnológica,No oficial,antioquia,medellin
25.3,19.87,21.66,23.87,1,Institución tecnológica,No oficial,antioquia,medellin
19.87,21.66,23.87,16.49,2,Institución tecnológica,No oficial,antioquia,medellin
21.66,23.87,16.49,18.6,1,Institución tecnológica,No oficial,antioquia,medellin
23.87,16.49,18.6,19.6,2,Institución tecnológica,No oficial,antioquia,medellin
16.49,18.6,19.6,14.36,1,Institución tecnológica,No oficial,antioquia,medellin
18.6,19.6,14.36,20.98,2,Institución tecnológica,No oficial,antioquia,medellin
19.6,14.36,20.98,28.83,1,Institución tecnológica,No oficial,antioquia,medellin
14.36,20.98,28.83,11.11,2,Institución tecnológica,No oficial,antioquia,medellin
20.98,28.83,11.11,9.42,1,Institución tecnológica,No oficial,antioquia,medellin
28.83,11.11,9.42,18.18,2,Institución tecnológica,No oficial,antioquia,medellin
11.11,9.42,18.18,39.13,1,Institución tecnológica,No oficial,antioquia,medellin
9.42,18.18,39.13,25.62,2,Institución tecnológica,No oficial,antioquia,medellin
18.18,39.13,25.62,10.77,1,Institución tecnológica,No oficial,antioquia,medellin
39.13,25.62,10.77,11.29,2,Institución tecnológica,No oficial,antioquia,medellin
25.62,10.77,11.29,12.42,1,Institución tecnológica,No oficial,antioquia,medellin
0.0,0.0,100.0,100.0,1,Institución universitaria/Escuela Tecnológica,No oficial,atlantico,barranquilla
0.0,100.0,100.0,2.05,2,Institución universitaria/Escuela Tecnológica,No oficial,atlantico,barranquilla
100.0,100.0,2.05,1.38,1,Institución universitaria/Escuela Tecnológica,No oficial,atlantico,barranquilla
100.0,2.05,1.38,55.78,2,Institución universitaria/Escuela Tecnológica,No oficial,atlantico,barranquilla
2.05,1.38,55.78,10.64,1,Institución universitaria/Escuela Tecnológica,No oficial,atlantico,barranquilla
1.38,55.78,10.64,100.0,2,Institución universitaria/Escuela Tecnológica,No oficial,atlantico,barranquilla
55.78,10.64,100.0,92.49,1,Institución universitaria/Escuela Tecnológica,No oficial,atlantico,barranquilla
10.64,100.0,92.49,2.34,2,Institución universitaria/Escuela Tecnológica,No oficial,atlantico,barranquilla
100.0,92.49,2.34,100.0,1,Institución universitaria/Escuela Tecnológica,No oficial,atlantico,barranquilla
92.49,2.34,100.0,100.0,2,Institución universitaria/Escuela Tecnológica,No oficial,atlantico,barranquilla
2.34,100.0,100.0,100.0,1,Institución universitaria/Escuela Tecnológica,No oficial,atlantico,barranquilla
100.0,100.0,100.0,19.4,2,Institución universitaria/Escuela Tecnológica,No oficial,atlantico,barranquilla
100.0,100.0,19.4,36.48,1,Institución universitaria/Escuela Tecnológica,No oficial,atlantico,barranquilla
100.0,19.4,36.48,100.0,2,Institución universitaria/Escuela Tecnológica,No oficial,atlantico,barranquilla
19.4,36.48,100.0,100.0,1,Institución universitaria/Escuela Tecnológica,No oficial,atlantico,barranquilla
36.48,100.0,100.0,100.0,2,Institución universitaria/Escuela Tecnológica,No oficial,atlantico,barranquilla
100.0,100.0,100.0,11.75,1,Institución universitaria/Escuela Tecnológica,No oficial,atlantico,barranquilla
100.0,100.0,11.75,35.18,2,Institución universitaria/Escuela Tecnológica,No oficial,atlantico,barranquilla
100.0,11.75,35.18,31.52,1,Institución universitaria/Escuela Tecnológica,No oficial,atlantico,barranquilla
11.75,35.18,31.52,33.1,2,Institución universitaria/Escuela Tecnológica,No oficial,atlantico,barranquilla
35.18,31.52,33.1,32.38,1,Institución universitaria/Escuela Tecnológica,No oficial,atlantico,barranquilla
31.52,33.1,32.38,37.23,2,Institución universitaria/Escuela Tecnológica,No oficial,atlantico,barranquilla
33.1,32.38,37.23,24.65,1,Institución universitaria/Escuela Tecnológica,No oficial,atlantico,barranquilla
32.38,37.23,24.65,12.8,2,Institución universitaria/Escuela Tecnológica,No oficial,atlantico,barranquilla
37.23,24.65,12.8,10.04,1,Institución universitaria/Escuela Tecnológica,No oficial,atlantico,barranquilla
24.65,12.8,10.04,17.7,2,Institución universitaria/Escuela Tecnológica,No oficial,atlantico,barranquilla
12.8,10.04,17.7,14.7,1,Institución universitaria/Escuela Tecnológica,No oficial,atlantico,barranquilla
10.04,17.7,14.7,20.52,2,Institución universitaria/Escuela Tecnológica,No oficial,atlantico,barranquilla
17.7,14.7,20.52,13.44,1,Institución universitaria/Escuela Tecnológica,No oficial,atlantico,barranquilla
14.7,20.52,13.44,14.86,2,Institución universitaria/Escuela Tecnológica,No oficial,atlantico,barranquilla
20.52,13.44,14.86,21.38,1,Institución universitaria/Escuela Tecnológica,No oficial,atlantico,barranquilla
13.44,14.86,21.38,9.3,2,Institución universitaria/Escuela Tecnológica,No oficial,atlantico,barranquilla
14.86,21.38,9.3,7.38,1,Institución universitaria/Escuela Tecnológica,No oficial,atlantico,barranquilla
21.38,9.3,7.38,10.12,2,Institución universitaria/Escuela Tecnológica,No oficial,atlantico,barranquilla
9.3,7.38,10.12,9.11,1,Institución universitaria/Escuela Tecnológica,No oficial,atlantico,barranquilla
7.38,10.12,9.11,9.57,2,Institución universitaria/Escuela Tecnológica,No oficial,atlantico,barranquilla
10.12,9.11,9.57,9.14,1,Institución universitaria/Escuela Tecnológica,No oficial,atlantico,barranquilla
9.11,9.57,9.14,9.01,2,Institución universitaria/Escuela Tecnológica,No oficial,atlantico,barranquilla
9.57,9.14,9.01,9.77,1,Institución universitaria/Escuela Tecnológica,No oficial,atlantico,barranquilla
9.14,9.01,9.77,8.02,2,Institución universitaria/Escuela Tecnológica,No oficial,atlantico,barranquilla
9.01,9.77,8.02,9.61,1,Institución universitaria/Escuela Tecnológica,No oficial,atlantico,barranquilla
9.77,8.02,9.61,8.3,2,Institución universitaria/Escuela Tecnológica,No oficial,atlantico,barranquilla
8.02,9.61,8.3,11.8,1,Institución universitaria/Escuela Tecnológica,No oficial,atlantico,barranquilla
9.61,8.3,11.8,13.54,2,Institución universitaria/Escuela Tecnológica,No oficial,atlantico,barranquilla
8.3,11.8,13.54,5.47,1,Institución universitaria/Escuela Tecnológica,No oficial,atlantico,barranquilla
11.8,13.54,5.47,8.05,2,Institución universitaria/Escuela Tecnológica,No oficial,atlantico,barranquilla
13.54,5.47,8.05,7.82,1,Institución universitaria/Escuela Tecnológica,No oficial,atlantico,barranquilla
0.0,0.0,13.31,12.25,1,Institución tecnológica,No oficial,bogota d c,bogota dc
0.0,13.31,12.25,15.53,2,Institución tecnológica,No oficial,bogota d c,bogota dc
13.31,12.25,15.53,30.84,1,Institución tecnológica,No oficial,bogota d c,bogota dc
12.25,15.53,30.84,8.09,2,Institución tecnológica,No oficial,bogota d c,bogota dc
15.53,30.84,8.09,28.22,1,Institución tecnológica,No oficial,bogota d c,bogota dc
30.84,8.09,28.22,18.58,2,Institución tecnológica,No oficial,bogota d c,bogota dc
8.09,28.22,18.58,43.12,1,Institución tecnológica,No oficial,bogota d c,bogota dc
28.22,18.58,43.12,8.6,2,Institución tecnológica,No oficial,bogota d c,bogota dc
18.58,43.12,8.6,22.58,1,Institución tecnológica,No oficial,bogota d c,bogota dc
43.12,8.6,22.58,16.43,2,Institución tecnológica,No oficial,bogota d c,bogota dc
8.6,22.58,16.43,9.66,1,Institución tecnológica,No oficial,bogota d c,bogota dc
22.58,16.43,9.66,12.9,2,Institución tecnológica,No oficial,bogota d c,bogota dc
16.43,9.66,12.9,11.9,1,Institución tecnológica,No oficial,bogota d c,bogota dc
9.66,12.9,11.9,17.39,2,Institución tecnológica,No oficial,bogota d c,bogota dc
12.9,11.9,17.39,4.33,1,Institución tecnológica,No oficial,bogota d c,bogota dc
11.9,17.39,4.33,6.67,2,Institución tecnológica,No oficial,bogota d c,bogota dc
17.39,4.33,6.67,6.32,1,Institución tecnológica,No oficial,bogota d c,bogota dc
4.33,6.67,6.32,13.72,2,Institución tecnológica,No oficial,bogota d c,bogota dc
6.67,6.32,13.72,14.71,1,Institución tecnológica,No oficial,bogota d c,bogota dc
6.32,13.72,14.71,12.78,2,Institución tecnológica,No oficial,bogota d c,bogota dc
13.72,14.71,12.78,14.95,1,Institución tecnológica,No oficial,bogota d c,bogota dc
14.71,12.78,14.95,13.9,2,Institución tecnológica,No oficial,bogota d c,bogota dc
12.78,14.95,13.9,15.32,1,Institución tecnológica,No oficial,bogota d c,bogota dc
14.95,13.9,15.32,13.73,2,Institución tecnológica,No oficial,bogota d c,bogota dc
13.9,15.32,13.73,20.71,1,Institución tecnológica,No oficial,bogota d c,bogota dc
15.32,13.73,20.71,10.45,2,Institución tecnológica,No oficial,bogota d c,bogota dc
13.73,20.71,10.45,17.8,1,Institución tecnológica,No oficial,bogota d c,bogota dc
20.71,10.45,17.8,18.99,2,Institución tecnológica,No oficial,bogota d c,bogota dc
10.45,17.8,18.99,7.69,1,Institución tecnológica,No oficial,bogota d c,bogota dc
17.8,18.99,7.69,9.34,2,Institución tecnológica,No oficial,bogota d c,bogota dc
18.99,7.69,9.34,12.79,1,Institución tecnológica,No oficial,bogota d c,bogota dc
7.69,9.34,12.79,12.7,2,Institución tecnológica,No oficial,bogota d c,bogota dc
9.34,12.79,12.7,20.13,1,Institución tecnológica,No oficial,bogota d c,bogota dc
12.79,12.7,20.13,26.4,2,Institución tecnológica,No oficial,bogota d c,bogota dc
12.7,20.13,26.4,30.66,1,Institución tecnológica,No oficial,bogota d c,bogota dc
20.13,26.4,30.66,41.72,2,Institución tecnológica,No oficial,bogota d c,bogota dc
0.0,0.0,8.66,15.49,1,Institución tecnológica,No oficial,bogota d c,bogota dc
0.0,8.66,15.49,10.47,2,Institución tecnológica,No oficial,bogota d c,bogota dc
8.66,15.49,10.47,11.28,1,Institución tecnológica,No oficial,bogota d c,bogota dc
15.49,10.47,11.28,12.45,2,Institución tecnológica,No oficial,bogota d c,bogota dc
10.47,11.28,12.45,36.96,1,Institución tecnológica,No oficial,bogota d c,bogota dc
11.28,12.45,36.96,79.56,2,Institución tecnológica,No oficial,bogota d c,bogota dc
12.45,36.96,79.56,17.21,1,Institución tecnológica,No oficial,bogota d c,bogota dc
36.96,79.56,17.21,21.4,2,Institución tecnológica,No oficial,bogota d c,bogota dc
79.56,17.21,21.4,30.62,1,Institución tecnológica,No oficial,bogota d c,bogota dc
17.21,21.4,30.62,34.19,2,Institución tecnológica,No oficial,bogota d c,bogota dc
21.4,30.62,34.19,44.24,1,Institución tecnológica,No oficial,bogota d c,bogota dc
30.62,34.19,44.24,10.06,2,Institución tecnológica,No oficial,bogota d c,bogota dc
34.19,44.24,10.06,36.15,1,Institución tecnológica,No oficial,bogota d c,bogota dc
44.24,10.06,36.15,17.45,2,Institución tecnológica,No oficial,bogota d c,bogota dc
10.06,36.15,17.45,18.4,1,Institución tecnológica,No oficial,bogota d c,bogota dc
36.15,17.45,18.4,5.26,2,Institución tecnológica,No oficial,bogota d c,bogota dc
17.45,18.4,5.26,5.74,1,Institución tecnológica,No oficial,bogota d c,bogota dc
18.4,5.26,5.74,16.53,2,Institución tecnológica,No oficial,bogota d c,bogota dc
5.26,5.74,16.53,17.84,1,Institución tecnológica,No oficial,bogota d c,bogota dc
5.74,16.53,17.84,17.03,2,Institución tecnológica,No oficial,bogota d c,bogota dc
16.53,17.84,17.03,12.58,1,Institución tecnológica,No oficial,bogota d c,bogota dc
17.84,17.03,12.58,13.81,2,Institución tecnológica,No oficial,bogota d c,bogota dc
17.03,12.58,13.81,20.12,1,Institución tecnológica,No oficial,bogota d c,bogota dc
12.58,13.81,20.12,8.87,2,Institución tecnológica,No oficial,bogota d c,bogota dc
13.81,20.12,8.87,9.79,1,Institución tecnológica,No oficial,bogota d c,bogota dc
20.12,8.87,9.79,17.3,2,Institución tecnológica,No oficial,bogota d c,bogota dc
8.87,9.79,17.3,53.62,1,Institución tecnológica,No oficial,bogota d c,bogota dc
9.79,17.3,53.62,23.52,2,Institución tecnológica,No oficial,bogota d c,bogota dc
17.3,53.62,23.52,21.16,1,Institución tecnológica,No oficial,bogota d c,bogota dc
53.62,23.52,21.16,18.82,2,Institución tecnológica,No oficial,bogota d c,bogota dc
23.52,21.16,18.82,21.65,1,Institución tecnológica,No oficial,bogota d c,bogota dc
21.16,18.82,21.65,22.35,2,Institución tecnológica,No oficial,bogota d c,bogota dc
18.82,21.65,22.35,13.83,1,Institución tecnológica,No oficial,bogota d c,bogota dc
21.65,22.35,13.83,19.04,2,Institución tecnológica,No oficial,bogota d c,bogota dc
22.35,13.83,19.04,22.25,1,Institución tecnológica,No oficial,bogota d c,bogota dc
13.83,19.04,22.25,24.01,2,Institución tecnológica,No oficial,bogota d c,bogota dc
19.04,22.25,24.01,26.91,1,Institución tecnológica,No oficial,bogota d c,bogota dc
22.25,24.01,26.91,31.25,2,Institución tecnológica,No oficial,bogota d c,bogota dc
24.01,26.91,31.25,22.56,1,Institución tecnológica,No oficial,bogota d c,bogota dc
26.91,31.25,22.56,21.6,2,Institución tecnológica,No oficial,bogota d c,bogota dc
31.25,22.56,21.6,16.46,1,Institución tecnológica,No oficial,bogota d c,bogota dc
22.56,21.6,16.46,14.62,2,Institución tecnológica,No oficial,bogota d c,bogota dc
21.6,16.46,14.62,12.62,1,Institución tecnológica,No oficial,bogota d c,bogota dc
16.46,14.62,12.62,15.49,2,Institución tecnológica,No oficial,bogota d c,bogota dc
14.62,12.62,15.49,15.08,1,Institución tecnológica,No oficial,bogota d c,bogota dc
12.62,15.49,15.08,15.39,2,Institución tecnológica,No oficial,bogota d c,bogota dc
15.49,15.08,15.39,32.31,1,Institución tecnológica,No oficial,bogota d c,bogota dc
0.0,0.0,10.92,9.62,1,Institución universitaria/Escuela Tecnológica,No oficial,cauca,popayan
0.0,10.92,9.62,6.81,2,Institución universitaria/Escuela Tecnológica,No oficial,cauca,popayan
10.92,9.62,6.81,15.29,1,Institución universitaria/Escuela Tecnológica,No oficial,cauca,popayan
9.62,6.81,15.29,13.78,2,Institución universitaria/Escuela Tecnológica,No oficial,cauca,popayan
6.81,15.29,13.78,12.75,1,Institución universitaria/Escuela Tecnológica,No oficial,cauca,popayan
15.29,13.78,12.75,21.59,2,Institución universitaria/Escuela Tecnológica,No oficial,cauca,popayan
13.78,12.75,21.59,18.63,1,Institución universitaria/Escuela Tecnológica,No oficial,cauca,popayan
12.75,21.59,18.63,10.82,2,Institución universitaria/Escuela Tecnológica,No oficial,cauca,popayan
21.59,18.63,10.82,10.33,1,Institución universitaria/Escuela Tecnológica,No oficial,cauca,popayan
18.63,10.82,10.33,19.7,2,Institución universitaria/Escuela Tecnológica,No oficial,cauca,popayan
10.82,10.33,19.7,20.35,1,Institución universitaria/Escuela Tecnológica,No oficial,cauca,popayan
10.33,19.7,20.35,11.32,2,Institución universitaria/Escuela Tecnológica,No oficial,cauca,popayan
19.7,20.35,11.32,10.64,1,Institución universitaria/Escuela Tecnológica,No oficial,cauca,popayan
20.35,11.32,10.64,9.45,2,Institución universitaria/Escuela Tecnológica,No oficial,cauca,popayan
11.32,10.64,9.45,20.69,1,Institución universitaria/Escuela Tecnológica,No oficial,cauca,popayan
10.64,9.45,20.69,40.72,2,Institución universitaria/Escuela Tecnológica,No oficial,cauca,popayan
9.45,20.69,40.72,15.28,1,Institución universitaria/Escuela Tecnológica,No oficial,cauca,popayan
20.69,40.72,15.28,21.16,2,Institución universitaria/Escuela Tecnológica,No oficial,cauca,popayan
40.72,15.28,21.16,19.08,1,Institución universitaria/Escuela Tecnológica,No oficial,cauca,popayan
15.28,21.16,19.08,18.43,2,Institución universitaria/Escuela Tecnológica,No oficial,cauca,popayan
21.16,19.08,18.43,15.42,1,Institución universitaria/Escuela Tecnológica,No oficial,cauca,popayan
19.08,18.43,15.42,10.35,2,Institución universitaria/Escuela Tecnológica,No oficial,cauca,popayan
18.43,15.42,10.35,9.81,1,Institución universitaria/Escuela Tecnológica,No oficial,cauca,popayan
15.42,10.35,9.81,10.93,2,Institución universitaria/Escuela Tecnológica,No oficial,cauca,popayan
10.35,9.81,10.93,10.14,1,Institución universitaria/Escuela Tecnológica,No oficial,cauca,popayan
9.81,10.93,10.14,10.31,2,Institución universitaria/Escuela Tecnológica,No oficial,cauca,popayan
10.93,10.14,10.31,12.25,1,Institución universitaria/Escuela Tecnológica,No oficial,cauca,popayan
10.14,10.31,12.25,14.82,2,Institución universitaria/Escuela Tecnológica,No oficial,cauca,popayan
10.31,12.25,14.82,10.22,1,Institución universitaria/Escuela Tecnológica,No oficial,cauca,popayan
12.25,14.82,10.22,11.1,2,Institución universitaria/Escuela Tecnológica,No oficial,cauca,popayan
14.82,10.22,11.1,11.18,1,Institución universitaria/Escuela Tecnológica,No oficial,cauca,popayan
10.22,11.1,11.18,12.41,2,Institución universitaria/Escuela Tecnológica,No oficial,cauca,popayan
11.1,11.18,12.41,10.47,1,Institución universitaria/Escuela Tecnológica,No oficial,cauca,popayan
11.18,12.41,10.47,9.21,2,Institución universitaria/Escuela Tecnológica,No oficial,cauca,popayan
12.41,10.47,9.21,14.54,1,Institución universitaria/Escuela Tecnológica,No oficial,cauca,popayan
10.47,9.21,14.54,18.33,2,Institución universitaria/Escuela Tecnológica,No oficial,cauca,popayan
9.21,14.54,18.33,12.27,1,Institución universitaria/Escuela Tecnológica,No oficial,cauca,popayan
14.54,18.33,12.27,9.95,2,Institución universitaria/Escuela Tecnológica,No oficial,cauca,popayan
18.33,12.27,9.95,10.53,1,Institución universitaria/Escuela Tecnológica,No oficial,cauca,popayan
0.0,0.0,0.0,0.0,1,Institución tecnológica,Oficial,sucre,covenas
0.0,0.0,0.0,0.0,2,Institución tecnológica,Oficial,sucre,covenas
0.0,0.0,0.0,0.0,1,Institución tecnológica,Oficial,sucre,covenas
0.0,0.0,0.0,0.0,2,Institución tecnológica,Oficial,sucre,covenas
0.0,0.0,0.0,0.0,1,Institución tecnológica,Oficial,sucre,covenas
0.0,0.0,0.0,0.0,2,Institución tecnológica,Oficial,sucre,covenas
0.0,0.0,0.0,0.0,1,Institución tecnológica,Oficial,sucre,covenas
0.0,0.0,0.0,0.0,2,Institución tecnológica,Oficial,sucre,covenas
0.0,0.0,0.0,0.0,1,Institución tecnológica,Oficial,sucre,covenas
0.0,0.0,0.0,12.0,2,Institución tecnológica,Oficial,sucre,covenas
0.0,0.0,12.0,0.0,1,Institución tecnológica,Oficial,sucre,covenas
0.0,12.0,0.0,3.8,2,Institución tecnológica,Oficial,sucre,covenas
12.0,0.0,3.8,9.13,1,Institución tecnológica,Oficial,sucre,covenas
0.0,3.8,9.13,7.78,2,Institución tecnológica,Oficial,sucre,covenas
3.8,9.13,7.78,11.52,1,Institución tecnológica,Oficial,sucre,covenas
9.13,7.78,11.52,6.7,2,Institución tecnológica,Oficial,sucre,covenas
7.78,11.52,6.7,9.87,1,Institución tecnológica,Oficial,sucre,covenas
11.52,6.7,9.87,5.17,2,Institución tecnológica,Oficial,sucre,covenas
6.7,9.87,5.17,0.0,1,Institución tecnológica,Oficial,sucre,covenas
9.87,5.17,0.0,0.0,2,Institución tecnológica,Oficial,sucre,covenas
5.17,0.0,0.0,21.37,1,Institución tecnológica,Oficial,sucre,covenas
0.0,0.0,21.37,0.0,2,Institución tecnológica,Oficial,sucre,covenas
0.0,21.37,0.0,3.06,1,Institución tecnológica,Oficial,sucre,covenas
21.37,0.0,3.06,2.29,2,Institución tecnológica,Oficial,sucre,covenas
0.0,3.06,2.29,5.32,1,Institución tecnológica,Oficial,sucre,covenas
3.06,2.29,5.32,0.25,2,Institución tecnológica,Oficial,sucre,covenas
2.29,5.32,0.25,6.4,1,Institución tecnológica,Oficial,sucre,covenas
5.32,0.25,6.4,13.59,2,Institución tecnológica,Oficial,sucre,covenas
0.25,6.4,13.59,0.72,1,Institución tecnológica,Oficial,sucre,covenas
6.4,13.59,0.72,1.37,2,Institución tecnológica,Oficial,sucre,covenas
13.59,0.72,1.37,8.33,1,Institución tecnológica,Oficial,sucre,covenas
0.0,0.0,0.17,0.03,1,Institución tecnológica,Oficial,cundinamarca,nilo
0.0,0.17,0.03,0.03,2,Institución tecnológica,Oficial,cundinamarca,nilo
0.17,0.03,0.03,6.54,1,Institución tecnológica,Oficial,cundinamarca,nilo
0.03,0.03,6.54,2.02,2,Institución tecnológica,Oficial,cundinamarca,nilo
0.03,6.54,2.02,1.57,1,Institución tecnológica,Oficial,cundinamarca,nilo
6.54,2.02,1.57,1.11,2,Institución tecnológica,Oficial,cundinamarca,nilo
2.02,1.57,1.11,3.98,1,Institución tecnológica,Oficial,cundinamarca,nilo
1.57,1.11,3.98,3.04,2,Institución tecnológica,Oficial,cundinamarca,nilo
1.11,3.98,3.04,3.19,1,Institución tecnológica,Oficial,cundinamarca,nilo
3.98,3.04,3.19,1.81,2,Institución tecnológica,Oficial,cundinamarca,nilo
3.04,3.19,1.81,1.61,1,Institución tecnológica,Oficial,cundinamarca,nilo
3.19,1.81,1.61,1.68,2,Institución tecnológica,Oficial,cundinamarca,nilo
1.81,1.61,1.68,3.65,1,Institución tecnológica,Oficial,cundinamarca,nilo
1.61,1.68,3.65,4.68,2,Institución tecnológica,Oficial,cundinamarca,nilo
1.68,3.65,4.68,3.94,1,Institución tecnológica,Oficial,cundinamarca,nilo
3.65,4.68,3.94,4.1,2,Institución tecnológica,Oficial,cundinamarca,nilo
4.68,3.94,4.1,1.54,1,Institución tecnológica,Oficial,cundinamarca,nilo
3.94,4.1,1.54,5.14,2,Institución tecnológica,Oficial,cundinamarca,nilo
4.1,1.54,5.14,3.59,1,Institución tecnológica,Oficial,cundinamarca,nilo
1.54,5.14,3.59,2.33,2,Institución tecnológica,Oficial,cundinamarca,nilo
5.14,3.59,2.33,2.05,1,Institución tecnológica,Oficial,cundinamarca,nilo
3.59,2.33,2.05,2.18,2,Institución tecnológica,Oficial,cundinamarca,nilo
2.33,2.05,2.18,2.55,1,Institución tecnológica,Oficial,cundinamarca,nilo
2.05,2.18,2.55,1.59,2,Institución tecnológica,Oficial,cundinamarca,nilo
2.18,2.55,1.59,2.64,1,Institución tecnológica,Oficial,cundinamarca,nilo
2.55,1.59,2.64,0.4,2,Institución tecnológica,Oficial,cundinamarca,nilo
1.59,2.64,0.4,1.51,1,Institución tecnológica,Oficial,cundinamarca,nilo
2.64,0.4,1.51,2.88,2,Institución tecnológica,Oficial,cundinamarca,nilo
0.4,1.51,2.88,2.89,1,Institución tecnológica,Oficial,cundinamarca,nilo
0.0,0.0,6.44,13.17,1,Institución técnica profesional,Oficial,valle del cauca,roldanillo
0.0,6.44,13.17,12.98,2,Institución técnica profesional,Oficial,valle del cauca,roldanillo
6.44,13.17,12.98,17.81,1,Institución técnica profesional,Oficial,valle del cauca,roldanillo
13.17,12.98,17.81,19.36,2,Institución técnica profesional,Oficial,valle del cauca,roldanillo
12.98,17.81,19.36,16.94,1,Institución técnica profesional,Oficial,valle del cauca,roldanillo
17.81,19.36,16.94,16.76,2,Institución técnica profesional,Oficial,valle del cauca,roldanillo
19.36,16.94,16.76,15.71,1,Institución técnica profesional,Oficial,valle del cauca,roldanillo
16.94,16.76,15.71,15.89,2,Institución técnica profesional,Oficial,valle del cauca,roldanillo
16.76,15.71,15.89,29.69,1,Institución técnica profesional,Oficial,valle del cauca,roldanillo
15.71,15.89,29.69,23.48,2,Institución técnica profesional,Oficial,valle del cauca,roldanillo
15.89,29.69,23.48,26.23,1,Institución técnica profesional,Oficial,valle del cauca,roldanillo
29.69,23.48,26.23,19.39,2,Institución técnica profesional,Oficial,valle del cauca,roldanillo
23.48,26.23,19.39,19.93,1,Institución técnica profesional,Oficial,valle del cauca,roldanillo
26.23,19.39,19.93,17.33,2,Institución técnica profesional,Oficial,valle del cauca,roldanillo
19.39,19.93,17.33,13.72,1,Institución técnica profesional,Oficial,valle del cauca,roldanillo
19.93,17.33,13.72,22.33,2,Institución técnica profesional,Oficial,valle del cauca,roldanillo
17.33,13.72,22.33,21.54,1,Institución técnica profesional,Oficial,valle del cauca,roldanillo
13.72,22.33,21.54,15.13,2,Institución técnica profesional,Oficial,valle del cauca,roldanillo
22.33,21.54,15.13,23.72,1,Institución técnica profesional,Oficial,valle del cauca,roldanillo
21.54,15.13,23.72,31.08,2,Institución técnica profesional,Oficial,valle del cauca,roldanillo
15.13,23.72,31.08,21.83,1,Institución técnica profesional,Oficial,valle del cauca,roldanillo
23.72,31.08,21.83,27.0,2,Institución técnica profesional,Oficial,valle del cauca,roldanillo
31.08,21.83,27.0,15.42,1,Institución técnica profesional,Oficial,valle del cauca,roldanillo
21.83,27.0,15.42,28.3,2,Institución técnica profesional,Oficial,valle del cauca,roldanillo
27.0,15.42,28.3,37.86,1,Institución técnica profesional,Oficial,valle del cauca,roldanillo
15.42,28.3,37.86,18.13,2,Institución técnica profesional,Oficial,valle del cauca,roldanillo
28.3,37.86,18.13,15.81,1,Institución técnica profesional,Oficial,valle del cauca,roldanillo
37.86,18.13,15.81,18.1,2,Institución técnica profesional,Oficial,valle del cauca,roldanillo
18.13,15.81,18.1,15.4,1,Institución técnica profesional,Oficial,valle del cauca,roldanillo
15.81,18.1,15.4,20.87,2,Institución técnica profesional,Oficial,valle del cauca,roldanillo
18.1,15.4,20.87,19.11,1,Institución técnica profesional,Oficial,valle del cauca,roldanillo
15.4,20.87,19.11,16.18,2,Institución técnica profesional,Oficial,valle del cauca,roldanillo
20.87,19.11,16.18,11.18,1,Institución técnica profesional,Oficial,valle del cauca,roldanillo
19.11,16.18,11.18,10.8,2,Institución técnica profesional,Oficial,valle del cauca,roldanillo
16.18,11.18,10.8,20.26,1,Institución técnica profesional,Oficial,valle del cauca,roldanillo
11.18,10.8,20.26,19.41,2,Institución técnica profesional,Oficial,valle del cauca,roldanillo
10.8,20.26,19.41,17.68,1,Institución técnica profesional,Oficial,valle del cauca,roldanillo
20.26,19.41,17.68,11.03,2,Institución técnica profesional,Oficial,valle del cauca,roldanillo
19.41,17.68,11.03,10.32,1,Institución técnica profesional,Oficial,valle del cauca,roldanillo
17.68,11.03,10.32,12.29,2,Institución técnica profesional,Oficial,valle del cauca,roldanillo
11.03,10.32,12.29,11.54,1,Institución técnica profesional,Oficial,valle del cauca,roldanillo
10.32,12.29,11.54,14.46,2,Institución técnica profesional,Oficial,valle del cauca,roldanillo
12.29,11.54,14.46,16.31,1,Institución técnica profesional,Oficial,valle del cauca,roldanillo
11.54,14.46,16.31,10.05,2,Institución técnica profesional,Oficial,valle del cauca,roldanillo
14.46,16.31,10.05,9.76,1,Institución técnica profesional,Oficial,valle del cauca,roldanillo
16.31,10.05,9.76,15.92,2,Institución técnica profesional,Oficial,valle del cauca,roldanillo
10.05,9.76,15.92,11.52,1,Institución técnica profesional,Oficial,valle del cauca,roldanillo
0.0,0.0,7.1,15.49,1,Institución técnica profesional,Oficial,la guajira,san juan del cesar
0.0,7.1,15.49,18.55,2,Institución técnica profesional,Oficial,la guajira,san juan del cesar
7.1,15.49,18.55,10.22,1,Institución técnica profesional,Oficial,la guajira,san juan del cesar
15.49,18.55,10.22,16.78,2,Institución técnica profesional,Oficial,la guajira,san juan del cesar
18.55,10.22,16.78,20.07,1,Institución técnica profesional,Oficial,la guajira,san juan del cesar
10.22,16.78,20.07,21.77,2,Institución técnica profesional,Oficial,la guajira,san juan del cesar
16.78,20.07,21.77,20.34,1,Institución técnica profesional,Oficial,la guajira,san juan del cesar
20.07,21.77,20.34,14.33,2,Institución técnica profesional,Oficial,la guajira,san juan del cesar
21.77,20.34,14.33,14.48,1,Institución técnica profesional,Oficial,la guajira,san juan del cesar
20.34,14.33,14.48,30.94,2,Institución técnica profesional,Oficial,la guajira,san juan del cesar
14.33,14.48,30.94,29.1,1,Institución técnica profesional,Oficial,la guajira,san juan del cesar
14.48,30.94,29.1,15.95,2,Institución técnica profesional,Oficial,la guajira,san juan del cesar
30.94,29.1,15.95,15.65,1,Institución técnica profesional,Oficial,la guajira,san juan del cesar
29.1,15.95,15.65,20.83,2,Institución técnica profesional,Oficial,la guajira,san juan del cesar
15.95,15.65,20.83,50.46,1,Institución técnica profesional,Oficial,la guajira,san juan del cesar
15.65,20.83,50.46,100.0,2,Institución técnica profesional,Oficial,la guajira,san juan del cesar
20.83,50.46,100.0,22.11,1,Institución técnica profesional,Oficial,la guajira,san juan del cesar
50.46,100.0,22.11,0.36,2,Institución técnica profesional,Oficial,la guajira,san juan del cesar
100.0,22.11,0.36,68.29,1,Institución técnica profesional,Oficial,la guajira,san juan del cesar
22.11,0.36,68.29,54.15,2,Institución técnica profesional,Oficial,la guajira,san juan del cesar
0.36,68.29,54.15,67.82,1,Institución técnica profesional,Oficial,la guajira,san juan del cesar
68.29,54.15,67.82,72.97,2,Institución técnica profesional,Oficial,la guajira,san juan del cesar
54.15,67.82,72.97,30.92,1,Institución técnica profesional,Oficial,la guajira,san juan del cesar
67.82,72.97,30.92,31.8,2,Institución técnica profesional,Oficial,la guajira,san juan del cesar
72.97,30.92,31.8,22.58,1,Institución técnica profesional,Oficial,la guajira,san juan del cesar
30.92,31.8,22.58,18.87,2,Institución técnica profesional,Oficial,la guajira,san juan del cesar
31.8,22.58,18.87,26.4,1,Institución técnica profesional,Oficial,la guajira,san juan del cesar
22.58,18.87,26.4,13.98,2,Institución técnica profesional,Oficial,la guajira,san juan del cesar
18.87,26.4,13.98,23.72,1,Institución técnica profesional,Oficial,la guajira,san juan del cesar
26.4,13.98,23.72,15.34,2,Institución técnica profesional,Oficial,la guajira,san juan del cesar
13.98,23.72,15.34,12.36,1,Institución técnica profesional,Oficial,la guajira,san juan del cesar
23.72,15.34,12.36,23.47,2,Institución técnica profesional,Oficial,la guajira,san juan del cesar
15.34,12.36,23.47,37.73,1,Institución técnica profesional,Oficial,la guajira,san juan del cesar
0.0,0.0,32.28,19.59,1,Institución técnica profesional,Oficial,archipielago de san andres y providencia,san andres
0.0,32.28,19.59,20.09,2,Institución técnica profesional,Oficial,archipielago de san andres y providencia,san andres
32.28,19.59,20.09,24.66,1,Institución técnica profesional,Oficial,archipielago de san andres y providencia,san andres
19.59,20.09,24.66,42.79,2,Institución técnica profesional,Oficial,archipielago de san andres y providencia,san andres
20.09,24.66,42.79,27.97,1,Institución técnica profesional,Oficial,archipielago de san andres y providencia,san andres
24.66,42.79,27.97,35.08,2,Institución técnica profesional,Oficial,archipielago de san andres y providencia,san andres
42.79,27.97,35.08,26.09,1,Institución técnica profesional,Oficial,archipielago de san andres y providencia,san andres
27.97,35.08,26.09,36.54,2,Institución técnica profesional,Oficial,archipielago de san andres y providencia,san andres
35.08,26.09,36.54,1.83,1,Institución técnica profesional,Oficial,archipielago de san andres y providencia,san andres
26.09,36.54,1.83,62.1,2,Institución técnica profesional,Oficial,archipielago de san andres y providencia,san andres
36.54,1.83,62.1,61.7,1,Institución técnica profesional,Oficial,archipielago de san andres y providencia,san andres
1.83,62.1,61.7,87.5,2,Institución técnica profesional,Oficial,archipielago de san andres y providencia,san andres
62.1,61.7,87.5,29.41,1,Institución técnica profesional,Oficial,archipielago de san andres y providencia,san andres
61.7,87.5,29.41,38.03,2,Institución técnica profesional,Oficial,archipielago de san andres y providencia,san andres
87.5,29.41,38.03,8.11,1,Institución técnica profesional,Oficial,archipielago de san andres y providencia,san andres
29.41,38.03,8.11,20.77,2,Institución técnica profesional,Oficial,archipielago de san andres y providencia,san andres
38.03,8.11,20.77,2.97,1,Institución técnica profesional,Oficial,archipielago de san andres y providencia,san andres
8.11,20.77,2.97,12.66,2,Institución técnica profesional,Oficial,archipielago de san andres y providencia,san andres
20.77,2.97,12.66,20.78,1,Institución técnica profesional,Oficial,archipielago de san andres y providencia,san andres
2.97,12.66,20.78,45.45,2,Institución técnica profesional,Oficial,archipielago de san andres y providencia,san andres
12.66,20.78,45.45,40.91,1,Institución técnica profesional,Oficial,archipielago de san andres y providencia,san andres
20.78,45.45,40.91,46.41,2,Institución técnica profesional,Oficial,archipielago de san andres y providencia,san andres
45.45,40.91,46.41,17.87,1,Institución técnica profesional,Oficial,archipielago de san andres y providencia,san andres
40.91,46.41,17.87,75.0,2,Institución técnica profesional,Oficial,archipielago de san andres y providencia,san andres
46.41,17.87,75.0,100.0,1,Institución técnica profesional,Oficial,archipielago de san andres y providencia,san andres
17.87,75.0,100.0,37.21,2,Institución técnica profesional,Oficial,archipielago de san andres y providencia,san andres
75.0,100.0,37.21,26.23,1,Institución técnica profesional,Oficial,archipielago de san andres y providencia,san andres
100.0,37.21,26.23,43.04,2,Institución técnica profesional,Oficial,archipielago de san andres y providencia,san andres
37.21,26.23,43.04,47.69,1,Institución técnica profesional,Oficial,archipielago de san andres y providencia,san andres
26.23,43.04,47.69,76.47,2,Institución técnica profesional,Oficial,archipielago de san andres y providencia,san andres
43.04,47.69,76.47,100.0,1,Institución técnica profesional,Oficial,archipielago de san andres y providencia,san andres
47.69,76.47,100.0,100.0,2,Institución técnica profesional,Oficial,archipielago de san andres y providencia,san andres
76.47,100.0,100.0,75.61,1,Institución técnica profesional,Oficial,archipielago de san andres y providencia,san andres
100.0,100.0,75.61,100.0,2,Institución técnica profesional,Oficial,archipielago de san andres y providencia,san andres
100.0,75.61,100.0,88.24,1,Institución técnica profesional,Oficial,archipielago de san andres y providencia,san andres
75.61,100.0,88.24,18.57,2,Institución técnica profesional,Oficial,archipielago de san andres y providencia,san andres
100.0,88.24,18.57,22.73,1,Institución técnica profesional,Oficial,archipielago de san andres y providencia,san andres
88.24,18.57,22.73,25.35,2,Institución técnica profesional,Oficial,archipielago de san andres y providencia,san andres
18.57,22.73,25.35,43.48,1,Institución técnica profesional,Oficial,archipielago de san andres y providencia,san andres
22.73,25.35,43.48,16.04,2,Institución técnica profesional,Oficial,archipielago de san andres y providencia,san andres
25.35,43.48,16.04,11.36,1,Institución técnica profesional,Oficial,archipielago de san andres y providencia,san andres
43.48,16.04,11.36,9.69,2,Institución técnica profesional,Oficial,archipielago de san andres y providencia,san andres
16.04,11.36,9.69,13.5,1,Institución técnica profesional,Oficial,archipielago de san andres y providencia,san andres
11.36,9.69,13.5,4.15,2,Institución técnica profesional,Oficial,archipielago de san andres y providencia,san andres
9.69,13.5,4.15,4.36,1,Institución técnica profesional,Oficial,archipielago de san andres y providencia,san andres
13.5,4.15,4.36,83.49,2,Institución técnica profesional,Oficial,archipielago de san andres y providencia,san andres
4.15,4.36,83.49,62.24,1,Institución técnica profesional,Oficial,archipielago de san andres y providencia,san andres
0.0,0.0,0.0,0.0,1,Institución técnica profesional,Oficial,valle del cauca,guadalajara de buga
0.0,0.0,0.0,0.0,2,Institución técnica profesional,Oficial,valle del cauca,guadalajara de buga
0.0,0.0,0.0,0.0,1,Institución técnica profesional,Oficial,valle del cauca,guadalajara de buga
0.0,0.0,0.0,0.0,2,Institución técnica profesional,Oficial,valle del cauca,guadalajara de buga
0.0,0.0,0.0,0.0,1,Institución técnica profesional,Oficial,valle del cauca,guadalajara de buga
0.0,0.0,0.0,0.0,2,Institución técnica profesional,Oficial,valle del cauca,guadalajara de buga
0.0,0.0,0.0,0.0,1,Institución técnica profesional,Oficial,valle del cauca,guadalajara de buga
0.0,0.0,0.0,0.0,2,Institución técnica profesional,Oficial,valle del cauca,guadalajara de buga
0.0,0.0,0.0,0.0,1,Institución técnica profesional,Oficial,valle del cauca,guadalajara de buga
0.0,0.0,0.0,100.0,2,Institución técnica profesional,Oficial,valle del cauca,guadalajara de buga
0.0,0.0,100.0,34.04,1,Institución técnica profesional,Oficial,valle del cauca,guadalajara de buga
0.0,100.0,34.04,9.3,2,Institución técnica profesional,Oficial,valle del cauca,guadalajara de buga
100.0,34.04,9.3,42.48,1,Institución técnica profesional,Oficial,valle del cauca,guadalajara de buga
34.04,9.3,42.48,7.55,2,Institución técnica profesional,Oficial,valle del cauca,guadalajara de buga
9.3,42.48,7.55,20.88,1,Institución técnica profesional,Oficial,valle del cauca,guadalajara de buga
42.48,7.55,20.88,25.89,2,Institución técnica profesional,Oficial,valle del cauca,guadalajara de buga
7.55,20.88,25.89,27.69,1,Institución técnica profesional,Oficial,valle del cauca,guadalajara de buga
20.88,25.89,27.69,26.33,2,Institución técnica profesional,Oficial,valle del cauca,guadalajara de buga
25.89,27.69,26.33,14.1,1,Institución técnica profesional,Oficial,valle del cauca,guadalajara de buga
27.69,26.33,14.1,17.44,2,Institución técnica profesional,Oficial,valle del cauca,guadalajara de buga
26.33,14.1,17.44,25.81,1,Institución técnica profesional,Oficial,valle del cauca,guadalajara de buga
14.1,17.44,25.81,61.22,2,Institución técnica profesional,Oficial,valle del cauca,guadalajara de buga
17.44,25.81,61.22,100.0,1,Institución técnica profesional,Oficial,valle del cauca,guadalajara de buga
25.81,61.22,100.0,45.96,2,Institución técnica profesional,Oficial,valle del cauca,guadalajara de buga
61.22,100.0,45.96,12.29,1,Institución técnica profesional,Oficial,valle del cauca,guadalajara de buga
100.0,45.96,12.29,4.08,2,Institución técnica profesional,Oficial,valle del cauca,guadalajara de buga
45.96,12.29,4.08,37.71,1,Institución técnica profesional,Oficial,valle del cauca,guadalajara de buga
12.29,4.08,37.71,5.74,2,Institución técnica profesional,Oficial,valle del cauca,guadalajara de buga
4.08,37.71,5.74,16.05,1,Institución técnica profesional,Oficial,valle del cauca,guadalajara de buga
37.71,5.74,16.05,37.17,2,Institución técnica profesional,Oficial,valle del cauca,guadalajara de buga
5.74,16.05,37.17,10.69,1,Institución técnica profesional,Oficial,valle del cauca,guadalajara de buga
16.05,37.17,10.69,4.39,2,Institución técnica profesional,Oficial,valle del cauca,guadalajara de buga
37.17,10.69,4.39,15.64,1,Institución técnica profesional,Oficial,valle del cauca,guadalajara de buga
10.69,4.39,15.64,42.81,2,Institución técnica profesional,Oficial,valle del cauca,guadalajara de buga
4.39,15.64,42.81,73.74,1,Institución técnica profesional,Oficial,valle del cauca,guadalajara de buga
15.64,42.81,73.74,20.03,2,Institución técnica profesional,Oficial,valle del cauca,guadalajara de buga
42.81,73.74,20.03,26.56,1,Institución técnica profesional,Oficial,valle del cauca,guadalajara de buga
73.74,20.03,26.56,23.77,2,Institución técnica profesional,Oficial,valle del cauca,guadalajara de buga
20.03,26.56,23.77,14.3,1,Institución técnica profesional,Oficial,valle del cauca,guadalajara de buga
0.0,0.0,19.76,16.67,1,Institución universitaria/Escuela Tecnológica,Oficial,bogota d c,bogota dc
0.0,19.76,16.67,6.6,2,Institución universitaria/Escuela Tecnológica,Oficial,bogota d c,bogota dc
19.76,16.67,6.6,38.27,1,Institución universitaria/Escuela Tecnológica,Oficial,bogota d c,bogota dc
16.67,6.6,38.27,100.0,2,Institución universitaria/Escuela Tecnológica,Oficial,bogota d c,bogota dc
6.6,38.27,100.0,17.74,1,Institución universitaria/Escuela Tecnológica,Oficial,bogota d c,bogota dc
38.27,100.0,17.74,32.0,2,Institución universitaria/Escuela Tecnológica,Oficial,bogota d c,bogota dc
100.0,17.74,32.0,20.2,1,Institución universitaria/Escuela Tecnológica,Oficial,bogota d c,bogota dc
17.74,32.0,20.2,12.64,2,Institución universitaria/Escuela Tecnológica,Oficial,bogota d c,bogota dc
32.0,20.2,12.64,14.24,1,Institución universitaria/Escuela Tecnológica,Oficial,bogota d c,bogota dc
20.2,12.64,14.24,14.32,2,Institución universitaria/Escuela Tecnológica,Oficial,bogota d c,bogota dc
12.64,14.24,14.32,16.88,1,Institución universitaria/Escuela Tecnológica,Oficial,bogota d c,bogota dc
14.24,14.32,16.88,19.28,2,Institución universitaria/Escuela Tecnológica,Oficial,bogota d c,bogota dc
14.32,16.88,19.28,99.23,1,Institución universitaria/Escuela Tecnológica,Oficial,bogota d c,bogota dc
16.88,19.28,99.23,100.0,2,Institución universitaria/Escuela Tecnológica,Oficial,bogota d c,bogota dc
19.28,99.23,100.0,79.75,1,Institución universitaria/Escuela Tecnológica,Oficial,bogota d c,bogota dc
99.23,100.0,79.75,18.53,2,Institución universitaria/Escuela Tecnológica,Oficial,bogota d c,bogota dc
100.0,79.75,18.53,9.79,1,Institución universitaria/Escuela Tecnológica,Oficial,bogota d c,bogota dc
79.75,18.53,9.79,22.49,2,Institución universitaria/Escuela Tecnológica,Oficial,bogota d c,bogota dc
18.53,9.79,22.49,36.38,1,Institución universitaria/Escuela Tecnológica,Oficial,bogota d c,bogota dc
9.79,22.49,36.38,100.0,2,Institución universitaria/Escuela Tecnológica,Oficial,bogota d c,bogota dc
22.49,36.38,100.0,10.79,1,Institución universitaria/Escuela Tecnológica,Oficial,bogota d c,bogota dc
36.38,100.0,10.79,5.38,2,Institución universitaria/Escuela Tecnológica,Oficial,bogota d c,bogota dc
100.0,10.79,5.38,31.83,1,Institución universitaria/Escuela Tecnológica,Oficial,bogota d c,bogota dc
10.79,5.38,31.83,10.71,2,Institución universitaria/Escuela Tecnológica,Oficial,bogota d c,bogota dc
5.38,31.83,10.71,51.29,1,Institución universitaria/Escuela Tecnológica,Oficial,bogota d c,bogota dc
31.83,10.71,51.29,9.84,2,Institución universitaria/Escuela Tecnológica,Oficial,bogota d c,bogota dc
10.71,51.29,9.84,9.35,1,Institución universitaria/Escuela Tecnológica,Oficial,bogota d c,bogota dc
51.29,9.84,9.35,10.07,2,Institución universitaria/Escuela Tecnológica,Oficial,bogota d c,bogota dc
9.84,9.35,10.07,14.3,1,Institución universitaria/Escuela Tecnológica,Oficial,bogota d c,bogota dc
9.35,10.07,14.3,18.74,2,Institución universitaria/Escuela Tecnológica,Oficial,bogota d c,bogota dc
10.07,14.3,18.74,15.08,1,Institución universitaria/Escuela Tecnológica,Oficial,bogota d c,bogota dc
14.3,18.74,15.08,19.82,2,Institución universitaria/Escuela Tecnológica,Oficial,bogota d c,bogota dc
18.74,15.08,19.82,20.24,1,Institución universitaria/Escuela Tecnológica,Oficial,bogota d c,bogota dc
15.08,19.82,20.24,16.25,2,Institución universitaria/Escuela Tecnológica,Oficial,bogota d c,bogota dc
19.82,20.24,16.25,9.56,1,Institución universitaria/Escuela Tecnológica,Oficial,bogota d c,bogota dc
20.24,16.25,9.56,12.24,2,Institución universitaria/Escuela Tecnológica,Oficial,bogota d c,bogota dc
16.25,9.56,12.24,11.98,1,Institución universitaria/Escuela Tecnológica,Oficial,bogota d c,bogota dc
9.56,12.24,11.98,10.2,2,Institución universitaria/Escuela Tecnológica,Oficial,bogota d c,bogota dc
12.24,11.98,10.2,10.25,1,Institución universitaria/Escuela Tecnológica,Oficial,bogota d c,bogota dc
11.98,10.2,10.25,12.37,2,Institución universitaria/Escuela Tecnológica,Oficial,bogota d c,bogota dc
10.2,10.25,12.37,9.44,1,Institución universitaria/Escuela Tecnológica,Oficial,bogota d c,bogota dc
10.25,12.37,9.44,8.8,2,Institución universitaria/Escuela Tecnológica,Oficial,bogota d c,bogota dc
12.37,9.44,8.8,10.34,1,Institución universitaria/Escuela Tecnológica,Oficial,bogota d c,bogota dc
9.44,8.8,10.34,11.27,2,Institución universitaria/Escuela Tecnológica,Oficial,bogota d c,bogota dc
8.8,10.34,11.27,9.12,1,Institución universitaria/Escuela Tecnológica,Oficial,bogota d c,bogota dc
10.34,11.27,9.12,9.02,2,Institución universitaria/Escuela Tecnológica,Oficial,bogota d c,bogota dc
11.27,9.12,9.02,11.2,1,Institución universitaria/Escuela Tecnológica,Oficial,bogota d c,bogota dc
0.0,0.0,54.58,22.59,1,Institución técnica profesional,Oficial,valle del cauca,cali
0.0,54.58,22.59,16.15,2,Institución técnica profesional,Oficial,valle del cauca,cali
54.58,22.59,16.15,9.2,1,Institución técnica profesional,Oficial,valle del cauca,cali
22.59,16.15,9.2,22.58,2,Institución técnica profesional,Oficial,valle del cauca,cali
16.15,9.2,22.58,39.77,1,Institución técnica profesional,Oficial,valle del cauca,cali
9.2,22.58,39.77,21.34,2,Institución técnica profesional,Oficial,valle del cauca,cali
22.58,39.77,21.34,18.64,1,Institución técnica profesional,Oficial,valle del cauca,cali
39.77,21.34,18.64,27.33,2,Institución técnica profesional,Oficial,valle del cauca,cali
21.34,18.64,27.33,14.04,1,Institución técnica profesional,Oficial,valle del cauca,cali
18.64,27.33,14.04,5.3,2,Institución técnica profesional,Oficial,valle del cauca,cali
27.33,14.04,5.3,31.9,1,Institución técnica profesional,Oficial,valle del cauca,cali
14.04,5.3,31.9,17.32,2,Institución técnica profesional,Oficial,valle del cauca,cali
5.3,31.9,17.32,31.15,1,Institución técnica profesional,Oficial,valle del cauca,cali
31.9,17.32,31.15,37.57,2,Institución técnica profesional,Oficial,valle del cauca,cali
17.32,31.15,37.57,22.91,1,Institución técnica profesional,Oficial,valle del cauca,cali
31.15,37.57,22.91,31.38,2,Institución técnica profesional,Oficial,valle del cauca,cali
37.57,22.91,31.38,30.41,1,Institución técnica profesional,Oficial,valle del cauca,cali
22.91,31.38,30.41,55.85,2,Institución técnica profesional,Oficial,valle del cauca,cali
31.38,30.41,55.85,18.83,1,Institución técnica profesional,Oficial,valle del cauca,cali
30.41,55.85,18.83,26.5,2,Institución técnica profesional,Oficial,valle del cauca,cali
55.85,18.83,26.5,42.25,1,Institución técnica profesional,Oficial,valle del cauca,cali
18.83,26.5,42.25,16.14,2,Institución técnica profesional,Oficial,valle del cauca,cali
26.5,42.25,16.14,17.96,1,Institución técnica profesional,Oficial,valle del cauca,cali
42.25,16.14,17.96,30.56,2,Institución técnica profesional,Oficial,valle del cauca,cali
16.14,17.96,30.56,23.82,1,Institución técnica profesional,Oficial,valle del cauca,cali
17.96,30.56,23.82,24.41,2,Institución técnica profesional,Oficial,valle del cauca,cali
30.56,23.82,24.41,8.72,1,Institución técnica profesional,Oficial,valle del cauca,cali
23.82,24.41,8.72,10.63,2,Institución técnica profesional,Oficial,valle del cauca,cali
24.41,8.72,10.63,37.36,1,Institución técnica profesional,Oficial,valle del cauca,cali
0.0,0.0,23.76,14.39,1,Institución técnica profesional,Oficial,tolima,espinal
0.0,23.76,14.39,12.02,2,Institución técnica profesional,Oficial,tolima,espinal
23.76,14.39,12.02,5.84,1,Institución técnica profesional,Oficial,tolima,espinal
14.39,12.02,5.84,17.32,2,Institución técnica profesional,Oficial,tolima,espinal
12.02,5.84,17.32,22.3,1,Institución técnica profesional,Oficial,tolima,espinal
5.84,17.32,22.3,18.57,2,Institución técnica profesional,Oficial,tolima,espinal
17.32,22.3,18.57,11.86,1,Institución técnica profesional,Oficial,tolima,espinal
22.3,18.57,11.86,21.71,2,Institución técnica profesional,Oficial,tolima,espinal
18.57,11.86,21.71,16.14,1,Institución técnica profesional,Oficial,tolima,espinal
11.86,21.71,16.14,23.02,2,Institución técnica profesional,Oficial,tolima,espinal
21.71,16.14,23.02,19.14,1,Institución técnica profesional,Oficial,tolima,espinal
16.14,23.02,19.14,24.44,2,Institución técnica profesional,Oficial,tolima,espinal
23.02,19.14,24.44,10.62,1,Institución técnica profesional,Oficial,tolima,espinal
19.14,24.44,10.62,13.36,2,Institución técnica profesional,Oficial,tolima,espinal
24.44,10.62,13.36,8.32,1,Institución técnica profesional,Oficial,tolima,espinal
10.62,13.36,8.32,10.03,2,Institución técnica profesional,Oficial,tolima,espinal
13.36,8.32,10.03,7.29,1,Institución técnica profesional,Oficial,tolima,espinal
8.32,10.03,7.29,12.69,2,Institución técnica profesional,Oficial,tolima,espinal
10.03,7.29,12.69,7.22,1,Institución técnica profesional,Oficial,tolima,espinal
7.29,12.69,7.22,11.65,2,Institución técnica profesional,Oficial,tolima,espinal
12.69,7.22,11.65,5.57,1,Institución técnica profesional,Oficial,tolima,espinal
7.22,11.65,5.57,17.23,2,Institución técnica profesional,Oficial,tolima,espinal
11.65,5.57,17.23,12.35,1,Institución técnica profesional,Oficial,tolima,espinal
5.57,17.23,12.35,13.45,2,Institución técnica profesional,Oficial,tolima,espinal
17.23,12.35,13.45,29.99,1,Institución técnica profesional,Oficial,tolima,espinal
12.35,13.45,29.99,21.19,2,Institución técnica profesional,Oficial,tolima,espinal
13.45,29.99,21.19,21.92,1,Institución técnica profesional,Oficial,tolima,espinal
29.99,21.19,21.92,31.47,2,Institución técnica profesional,Oficial,tolima,espinal
21.19,21.92,31.47,25.42,1,Institución técnica profesional,Oficial,tolima,espinal
21.92,31.47,25.42,15.73,2,Institución técnica profesional,Oficial,tolima,espinal
31.47,25.42,15.73,34.75,1,Institución técnica profesional,Oficial,tolima,espinal
25.42,15.73,34.75,14.39,2,Institución técnica profesional,Oficial,tolima,espinal
15.73,34.75,14.39,11.1,1,Institución técnica profesional,Oficial,tolima,espinal
34.75,14.39,11.1,14.33,2,Institución técnica profesional,Oficial,tolima,espinal
14.39,11.1,14.33,11.73,1,Institución técnica profesional,Oficial,tolima,espinal
11.1,14.33,11.73,12.63,2,Institución técnica profesional,Oficial,tolima,espinal
14.33,11.73,12.63,15.47,1,Institución técnica profesional,Oficial,tolima,espinal
11.73,12.63,15.47,12.73,2,Institución técnica profesional,Oficial,tolima,espinal
12.63,15.47,12.73,11.78,1,Institución técnica profesional,Oficial,tolima,espinal
15.47,12.73,11.78,10.22,2,Institución técnica profesional,Oficial,tolima,espinal
12.73,11.78,10.22,7.32,1,Institución técnica profesional,Oficial,tolima,espinal
11.78,10.22,7.32,7.24,2,Institución técnica profesional,Oficial,tolima,espinal
10.22,7.32,7.24,8.28,1,Institución técnica profesional,Oficial,tolima,espinal
7.32,7.24,8.28,11.91,2,Institución técnica profesional,Oficial,tolima,espinal
7.24,8.28,11.91,8.66,1,Institución técnica profesional,Oficial,tolima,espinal
8.28,11.91,8.66,10.6,2,Institución técnica profesional,Oficial,tolima,espinal
11.91,8.66,10.6,10.02,1,Institución técnica profesional,Oficial,tolima,espinal
0.0,0.0,50.0,32.39,1,Institución universitaria/Escuela Tecnológica,Oficial,magdalena,cienaga
0.0,50.0,32.39,36.04,2,Institución universitaria/Escuela Tecnológica,Oficial,magdalena,cienaga
50.0,32.39,36.04,74.07,1,Institución universitaria/Escuela Tecnológica,Oficial,magdalena,cienaga
32.39,36.04,74.07,70.89,2,Institución universitaria/Escuela Tecnológica,Oficial,magdalena,cienaga
36.04,74.07,70.89,1.3,1,Institución universitaria/Escuela Tecnológica,Oficial,magdalena,cienaga
74.07,70.89,1.3,6.17,2,Institución universitaria/Escuela Tecnológica,Oficial,magdalena,cienaga
70.89,1.3,6.17,12.73,1,Institución universitaria/Escuela Tecnológica,Oficial,magdalena,cienaga
1.3,6.17,12.73,64.58,2,Institución universitaria/Escuela Tecnológica,Oficial,magdalena,cienaga
6.17,12.73,64.58,9.84,1,Institución universitaria/Escuela Tecnológica,Oficial,magdalena,cienaga
12.73,64.58,9.84,18.97,2,Institución universitaria/Escuela Tecnológica,Oficial,magdalena,cienaga
64.58,9.84,18.97,87.0,1,Institución universitaria/Escuela Tecnológica,Oficial,magdalena,cienaga
9.84,18.97,87.0,41.9,2,Institución universitaria/Escuela Tecnológica,Oficial,magdalena,cienaga
18.97,87.0,41.9,23.5,1,Institución universitaria/Escuela Tecnológica,Oficial,magdalena,cienaga
87.0,41.9,23.5,23.66,2,Institución universitaria/Escuela Tecnológica,Oficial,magdalena,cienaga
41.9,23.5,23.66,33.61,1,Institución universitaria/Escuela Tecnológica,Oficial,magdalena,cienaga
23.5,23.66,33.61,24.46,2,Institución universitaria/Escuela Tecnológica,Oficial,magdalena,cienaga
23.66,33.61,24.46,13.74,1,Institución universitaria/Escuela Tecnológica,Oficial,magdalena,cienaga
33.61,24.46,13.74,17.55,2,Institución universitaria/Escuela Tecnológica,Oficial,magdalena,cienaga
24.46,13.74,17.55,35.14,1,Institución universitaria/Escuela Tecnológica,Oficial,magdalena,cienaga
13.74,17.55,35.14,37.43,2,Institución universitaria/Escuela Tecnológica,Oficial,magdalena,cienaga
17.55,35.14,37.43,27.36,1,Institución universitaria/Escuela Tecnológica,Oficial,magdalena,cienaga
35.14,37.43,27.36,26.22,2,Institución universitaria/Escuela Tecnológica,Oficial,magdalena,cienaga
37.43,27.36,26.22,24.43,1,Institución universitaria/Escuela Tecnológica,Oficial,magdalena,cienaga
27.36,26.22,24.43,15.81,2,Institución universitaria/Escuela Tecnológica,Oficial,magdalena,cienaga
26.22,24.43,15.81,13.92,1,Institución universitaria/Escuela Tecnológica,Oficial,magdalena,cienaga
24.43,15.81,13.92,22.34,2,Institución universitaria/Escuela Tecnológica,Oficial,magdalena,cienaga
15.81,13.92,22.34,21.58,1,Institución universitaria/Escuela Tecnológica,Oficial,magdalena,cienaga
13.92,22.34,21.58,23.96,2,Institución universitaria/Escuela Tecnológica,Oficial,magdalena,cienaga
22.34,21.58,23.96,16.98,1,Institución universitaria/Escuela Tecnológica,Oficial,magdalena,cienaga
21.58,23.96,16.98,25.27,2,Institución universitaria/Escuela Tecnológica,Oficial,magdalena,cienaga
23.96,16.98,25.27,17.31,1,Institución universitaria/Escuela Tecnológica,Oficial,magdalena,cienaga
16.98,25.27,17.31,23.99,2,Institución universitaria/Escuela Tecnológica,Oficial,magdalena,cienaga
25.27,17.31,23.99,15.24,1,Institución universitaria/Escuela Tecnológica,Oficial,magdalena,cienaga
17.31,23.99,15.24,24.86,2,Institución universitaria/Escuela Tecnológica,Oficial,magdalena,cienaga
23.99,15.24,24.86,17.53,1,Institución universitaria/Escuela Tecnológica,Oficial,magdalena,cienaga
15.24,24.86,17.53,22.76,2,Institución universitaria/Escuela Tecnológica,Oficial,magdalena,cienaga
24.86,17.53,22.76,34.15,1,Institución universitaria/Escuela Tecnológica,Oficial,magdalena,cienaga
17.53,22.76,34.15,40.77,2,Institución universitaria/Escuela Tecnológica,Oficial,magdalena,cienaga
22.76,34.15,40.77,20.0,1,Institución universitaria/Escuela Tecnológica,Oficial,magdalena,cienaga
34.15,40.77,20.0,25.71,2,Institución universitaria/Escuela Tecnológica,Oficial,magdalena,cienaga
40.77,20.0,25.71,35.17,1,Institución universitaria/Escuela Tecnológica,Oficial,magdalena,cienaga
20.0,25.71,35.17,11.61,2,Institución universitaria/Escuela Tecnológica,Oficial,magdalena,cienaga
25.71,35.17,11.61,8.61,1,Institución universitaria/Escuela Tecnológica,Oficial,magdalena,cienaga
35.17,11.61,8.61,11.69,2,Institución universitaria/Escuela Tecnológica,Oficial,magdalena,cienaga
11.61,8.61,11.69,9.01,1,Institución universitaria/Escuela Tecnológica,Oficial,magdalena,cienaga
8.61,11.69,9.01,12.08,2,Institución universitaria/Escuela Tecnológica,Oficial,magdalena,cienaga
11.69,9.01,12.08,20.95,1,Institución universitaria/Escuela Tecnológica,Oficial,magdalena,cienaga
0.0,0.0,41.52,33.96,1,Institución técnica profesional,Oficial,caldas,pensilvania
0.0,41.52,33.96,18.23,2,Institución técnica profesional,Oficial,caldas,pensilvania
41.52,33.96,18.23,14.78,1,Institución técnica profesional,Oficial,caldas,pensilvania
33.96,18.23,14.78,41.54,2,Institución técnica profesional,Oficial,caldas,pensilvania
18.23,14.78,41.54,14.08,1,Institución técnica profesional,Oficial,caldas,pensilvania
14.78,41.54,14.08,16.22,2,Institución técnica profesional,Oficial,caldas,pensilvania
41.54,14.08,16.22,51.38,1,Institución técnica profesional,Oficial,caldas,pensilvania
14.08,16.22,51.38,30.57,2,Institución técnica profesional,Oficial,caldas,pensilvania
16.22,51.38,30.57,25.66,1,Institución técnica profesional,Oficial,caldas,pensilvania
51.38,30.57,25.66,45.74,2,Institución técnica profesional,Oficial,caldas,pensilvania
30.57,25.66,45.74,13.87,1,Institución técnica profesional,Oficial,caldas,pensilvania
25.66,45.74,13.87,22.62,2,Institución técnica profesional,Oficial,caldas,pensilvania
45.74,13.87,22.62,17.12,1,Institución técnica profesional,Oficial,caldas,pensilvania
13.87,22.62,17.12,22.48,2,Institución técnica profesional,Oficial,caldas,pensilvania
22.62,17.12,22.48,16.02,1,Institución técnica profesional,Oficial,caldas,pensilvania
17.12,22.48,16.02,52.99,2,Institución técnica profesional,Oficial,caldas,pensilvania
22.48,16.02,52.99,28.21,1,Institución técnica profesional,Oficial,caldas,pensilvania
16.02,52.99,28.21,23.0,2,Institución técnica profesional,Oficial,caldas,pensilvania
52.99,28.21,23.0,19.86,1,Institución técnica profesional,Oficial,caldas,pensilvania
28.21,23.0,19.86,18.68,2,Institución técnica profesional,Oficial,caldas,pensilvania
23.0,19.86,18.68,13.69,1,Institución técnica profesional,Oficial,caldas,pensilvania
19.86,18.68,13.69,18.57,2,Institución técnica profesional,Oficial,caldas,pensilvania
18.68,13.69,18.57,31.39,1,Institución técnica profesional,Oficial,caldas,pensilvania
13.69,18.57,31.39,16.67,2,Institución técnica profesional,Oficial,caldas,pensilvania
18.57,31.39,16.67,33.48,1,Institución técnica profesional,Oficial,caldas,pensilvania
31.39,16.67,33.48,35.37,2,Institución técnica profesional,Oficial,caldas,pensilvania
16.67,33.48,35.37,32.24,1,Institución técnica profesional,Oficial,caldas,pensilvania
33.48,35.37,32.24,29.23,2,Institución técnica profesional,Oficial,caldas,pensilvania
35.37,32.24,29.23,19.08,1,Institución técnica profesional,Oficial,caldas,pensilvania
32.24,29.23,19.08,22.22,2,Institución técnica profesional,Oficial,caldas,pensilvania
29.23,19.08,22.22,26.87,1,Institución técnica profesional,Oficial,caldas,pensilvania
19.08,22.22,26.87,17.32,2,Institución técnica profesional,Oficial,caldas,pensilvania
22.22,26.87,17.32,15.88,1,Institución técnica profesional,Oficial,caldas,pensilvania
26.87,17.32,15.88,10.7,2,Institución técnica profesional,Oficial,caldas,pensilvania
17.32,15.88,10.7,9.24,1,Institución técnica profesional,Oficial,caldas,pensilvania
15.88,10.7,9.24,12.37,2,Institución técnica profesional,Oficial,caldas,pensilvania
10.7,9.24,12.37,17.82,1,Institución técnica profesional,Oficial,caldas,pensilvania
9.24,12.37,17.82,22.51,2,Institución técnica profesional,Oficial,caldas,pensilvania
12.37,17.82,22.51,19.38,1,Institución técnica profesional,Oficial,caldas,pensilvania
17.82,22.51,19.38,9.01,2,Institución técnica profesional,Oficial,caldas,pensilvania
22.51,19.38,9.01,11.19,1,Institución técnica profesional,Oficial,caldas,pensilvania
19.38,9.01,11.19,6.09,2,Institución técnica profesional,Oficial,caldas,pensilvania
9.01,11.19,6.09,5.56,1,Institución técnica profesional,Oficial,caldas,pensilvania
11.19,6.09,5.56,7.14,2,Institución técnica profesional,Oficial,caldas,pensilvania
6.09,5.56,7.14,13.39,1,Institución técnica profesional,Oficial,caldas,pensilvania
5.56,7.14,13.39,11.64,2,Institución técnica profesional,Oficial,caldas,pensilvania
7.14,13.39,11.64,13.07,1,Institución técnica profesional,Oficial,caldas,pensilvania
0.0,0.0,24.34,6.74,1,Institución técnica profesional,No oficial,valle del cauca,cali
0.0,24.34,6.74,10.57,2,Institución técnica profesional,No oficial,valle del cauca,cali
24.34,6.74,10.57,12.2,1,Institución técnica profesional,No oficial,valle del cauca,cali
6.74,10.57,12.2,11.32,2,Institución técnica profesional,No oficial,valle del cauca,cali
10.57,12.2,11.32,16.29,1,Institución técnica profesional,No oficial,valle del cauca,cali
12.2,11.32,16.29,15.18,2,Institución técnica profesional,No oficial,valle del cauca,cali
11.32,16.29,15.18,10.77,1,Institución técnica profesional,No oficial,valle del cauca,cali
16.29,15.18,10.77,11.01,2,Institución técnica profesional,No oficial,valle del cauca,cali
15.18,10.77,11.01,8.71,1,Institución técnica profesional,No oficial,valle del cauca,cali
10.77,11.01,8.71,8.85,2,Institución técnica profesional,No oficial,valle del cauca,cali
11.01,8.71,8.85,9.87,1,Institución técnica profesional,No oficial,valle del cauca,cali
8.71,8.85,9.87,11.97,2,Institución técnica profesional,No oficial,valle del cauca,cali
8.85,9.87,11.97,10.46,1,Institución técnica profesional,No oficial,valle del cauca,cali
9.87,11.97,10.46,12.01,2,Institución técnica profesional,No oficial,valle del cauca,cali
11.97,10.46,12.01,14.76,1,Institución técnica profesional,No oficial,valle del cauca,cali
10.46,12.01,14.76,14.74,2,Institución técnica profesional,No oficial,valle del cauca,cali
12.01,14.76,14.74,13.13,1,Institución técnica profesional,No oficial,valle del cauca,cali
14.76,14.74,13.13,12.93,2,Institución técnica profesional,No oficial,valle del cauca,cali
14.74,13.13,12.93,17.75,1,Institución técnica profesional,No oficial,valle del cauca,cali
13.13,12.93,17.75,17.9,2,Institución técnica profesional,No oficial,valle del cauca,cali
12.93,17.75,17.9,15.32,1,Institución técnica profesional,No oficial,valle del cauca,cali
17.75,17.9,15.32,18.03,2,Institución técnica profesional,No oficial,valle del cauca,cali
17.9,15.32,18.03,19.31,1,Institución técnica profesional,No oficial,valle del cauca,cali
15.32,18.03,19.31,14.87,2,Institución técnica profesional,No oficial,valle del cauca,cali
18.03,19.31,14.87,17.18,1,Institución técnica profesional,No oficial,valle del cauca,cali
19.31,14.87,17.18,13.99,2,Institución técnica profesional,No oficial,valle del cauca,cali
14.87,17.18,13.99,13.15,1,Institución técnica profesional,No oficial,valle del cauca,cali
17.18,13.99,13.15,13.26,2,Institución técnica profesional,No oficial,valle del cauca,cali
13.99,13.15,13.26,13.11,1,Institución técnica profesional,No oficial,valle del cauca,cali
13.15,13.26,13.11,13.39,2,Institución técnica profesional,No oficial,valle del cauca,cali
13.26,13.11,13.39,16.17,1,Institución técnica profesional,No oficial,valle del cauca,cali
13.11,13.39,16.17,15.85,2,Institución técnica profesional,No oficial,valle del cauca,cali
13.39,16.17,15.85,16.64,1,Institución técnica profesional,No oficial,valle del cauca,cali
16.17,15.85,16.64,14.67,2,Institución técnica profesional,No oficial,valle del cauca,cali
15.85,16.64,14.67,14.74,1,Institución técnica profesional,No oficial,valle del cauca,cali
16.64,14.67,14.74,19.24,2,Institución técnica profesional,No oficial,valle del cauca,cali
14.67,14.74,19.24,17.07,1,Institución técnica profesional,No oficial,valle del cauca,cali
14.74,19.24,17.07,20.12,2,Institución técnica profesional,No oficial,valle del cauca,cali
19.24,17.07,20.12,16.41,1,Institución técnica profesional,No oficial,valle del cauca,cali
17.07,20.12,16.41,14.42,2,Institución técnica profesional,No oficial,valle del cauca,cali
20.12,16.41,14.42,16.27,1,Institución técnica profesional,No oficial,valle del cauca,cali
16.41,14.42,16.27,14.62,2,Institución técnica profesional,No oficial,valle del cauca,cali
14.42,16.27,14.62,29.75,1,Institución técnica profesional,No oficial,valle del cauca,cali
16.27,14.62,29.75,33.64,2,Institución técnica profesional,No oficial,valle del cauca,cali
14.62,29.75,33.64,14.86,1,Institución técnica profesional,No oficial,valle del cauca,cali
29.75,33.64,14.86,20.36,2,Institución técnica profesional,No oficial,valle del cauca,cali
33.64,14.86,20.36,17.32,1,Institución técnica profesional,No oficial,valle del cauca,cali
0.0,0.0,0.31,0.0,1,Institución técnica profesional,No oficial,cesar,valledupar
0.0,0.31,0.0,0.0,2,Institución técnica profesional,No oficial,cesar,valledupar
0.31,0.0,0.0,3.82,1,Institución técnica profesional,No oficial,cesar,valledupar
0.0,0.0,3.82,0.0,2,Institución técnica profesional,No oficial,cesar,valledupar
0.0,3.82,0.0,17.15,1,Institución técnica profesional,No oficial,cesar,valledupar
3.82,0.0,17.15,25.24,2,Institución técnica profesional,No oficial,cesar,valledupar
0.0,17.15,25.24,17.18,1,Institución técnica profesional,No oficial,cesar,valledupar
17.15,25.24,17.18,65.96,2,Institución técnica profesional,No oficial,cesar,valledupar
25.24,17.18,65.96,21.48,1,Institución técnica profesional,No oficial,cesar,valledupar
17.18,65.96,21.48,22.73,2,Institución técnica profesional,No oficial,cesar,valledupar
65.96,21.48,22.73,100.0,1,Institución técnica profesional,No oficial,cesar,valledupar
21.48,22.73,100.0,25.56,2,Institución técnica profesional,No oficial,cesar,valledupar
22.73,100.0,25.56,59.81,1,Institución técnica profesional,No oficial,cesar,valledupar
100.0,25.56,59.81,30.27,2,Institución técnica profesional,No oficial,cesar,valledupar
25.56,59.81,30.27,0.0,1,Institución técnica profesional,No oficial,cesar,valledupar
59.81,30.27,0.0,0.0,2,Institución técnica profesional,No oficial,cesar,valledupar
30.27,0.0,0.0,26.39,1,Institución técnica profesional,No oficial,cesar,valledupar
0.0,0.0,26.39,36.92,2,Institución técnica profesional,No oficial,cesar,valledupar
0.0,26.39,36.92,38.41,1,Institución técnica profesional,No oficial,cesar,valledupar
26.39,36.92,38.41,25.89,2,Institución técnica profesional,No oficial,cesar,valledupar
36.92,38.41,25.89,100.0,1,Institución técnica profesional,No oficial,cesar,valledupar
38.41,25.89,100.0,59.31,2,Institución técnica profesional,No oficial,cesar,valledupar
25.89,100.0,59.31,25.3,1,Institución técnica profesional,No oficial,cesar,valledupar
100.0,59.31,25.3,94.7,2,Institución técnica profesional,No oficial,cesar,valledupar
59.31,25.3,94.7,100.0,1,Institución técnica profesional,No oficial,cesar,valledupar
25.3,94.7,100.0,100.0,2,Institución técnica profesional,No oficial,cesar,valledupar
94.7,100.0,100.0,94.38,1,Institución técnica profesional,No oficial,cesar,valledupar
100.0,100.0,94.38,100.0,2,Institución técnica profesional,No oficial,cesar,valledupar
100.0,94.38,100.0,100.0,1,Institución técnica profesional,No oficial,cesar,valledupar
94.38,100.0,100.0,68.75,2,Institución técnica profesional,No oficial,cesar,valledupar
100.0,100.0,68.75,94.74,1,Institución técnica profesional,No oficial,cesar,valledupar
0.0,0.0,9.7,22.46,1,Institución universitaria/Escuela Tecnológica,No oficial,quindio,armenia
0.0,9.7,22.46,15.03,2,Institución universitaria/Escuela Tecnológica,No oficial,quindio,armenia
9.7,22.46,15.03,17.26,1,Institución universitaria/Escuela Tecnológica,No oficial,quindio,armenia
22.46,15.03,17.26,17.38,2,Institución universitaria/Escuela Tecnológica,No oficial,quindio,armenia
15.03,17.26,17.38,19.55,1,Institución universitaria/Escuela Tecnológica,No oficial,quindio,armenia
17.26,17.38,19.55,23.57,2,Institución universitaria/Escuela Tecnológica,No oficial,quindio,armenia
17.38,19.55,23.57,20.04,1,Institución universitaria/Escuela Tecnológica,No oficial,quindio,armenia
19.55,23.57,20.04,23.91,2,Institución universitaria/Escuela Tecnológica,No oficial,quindio,armenia
23.57,20.04,23.91,18.47,1,Institución universitaria/Escuela Tecnológica,No oficial,quindio,armenia
20.04,23.91,18.47,18.36,2,Institución universitaria/Escuela Tecnológica,No oficial,quindio,armenia
23.91,18.47,18.36,21.45,1,Institución universitaria/Escuela Tecnológica,No oficial,quindio,armenia
18.47,18.36,21.45,21.55,2,Institución universitaria/Escuela Tecnológica,No oficial,quindio,armenia
18.36,21.45,21.55,17.88,1,Institución universitaria/Escuela Tecnológica,No oficial,quindio,armenia
21.45,21.55,17.88,15.74,2,Institución universitaria/Escuela Tecnológica,No oficial,quindio,armenia
21.55,17.88,15.74,21.33,1,Institución universitaria/Escuela Tecnológica,No oficial,quindio,armenia
17.88,15.74,21.33,25.07,2,Institución universitaria/Escuela Tecnológica,No oficial,quindio,armenia
15.74,21.33,25.07,31.96,1,Institución universitaria/Escuela Tecnológica,No oficial,quindio,armenia
21.33,25.07,31.96,11.57,2,Institución universitaria/Escuela Tecnológica,No oficial,quindio,armenia
25.07,31.96,11.57,15.38,1,Institución universitaria/Escuela Tecnológica,No oficial,quindio,armenia
31.96,11.57,15.38,15.97,2,Institución universitaria/Escuela Tecnológica,No oficial,quindio,armenia
11.57,15.38,15.97,12.28,1,Institución universitaria/Escuela Tecnológica,No oficial,quindio,armenia
15.38,15.97,12.28,12.89,2,Institución universitaria/Escuela Tecnológica,No oficial,quindio,armenia
15.97,12.28,12.89,15.31,1,Institución universitaria/Escuela Tecnológica,No oficial,quindio,armenia
12.28,12.89,15.31,14.51,2,Institución universitaria/Escuela Tecnológica,No oficial,quindio,armenia
12.89,15.31,14.51,12.25,1,Institución universitaria/Escuela Tecnológica,No oficial,quindio,armenia
15.31,14.51,12.25,9.55,2,Institución universitaria/Escuela Tecnológica,No oficial,quindio,armenia
14.51,12.25,9.55,12.15,1,Institución universitaria/Escuela Tecnológica,No oficial,quindio,armenia
12.25,9.55,12.15,13.65,2,Institución universitaria/Escuela Tecnológica,No oficial,quindio,armenia
9.55,12.15,13.65,12.14,1,Institución universitaria/Escuela Tecnológica,No oficial,quindio,armenia
12.15,13.65,12.14,11.73,2,Institución universitaria/Escuela Tecnológica,No oficial,quindio,armenia
13.65,12.14,11.73,13.9,1,Institución universitaria/Escuela Tecnológica,No oficial,quindio,armenia
12.14,11.73,13.9,13.86,2,Institución universitaria/Escuela Tecnológica,No oficial,quindio,armenia
11.73,13.9,13.86,11.17,1,Institución universitaria/Escuela Tecnológica,No oficial,quindio,armenia
13.9,13.86,11.17,15.09,2,Institución universitaria/Escuela Tecnológica,No oficial,quindio,armenia
13.86,11.17,15.09,9.75,1,Institución universitaria/Escuela Tecnológica,No oficial,quindio,armenia
11.17,15.09,9.75,12.17,2,Institución universitaria/Escuela Tecnológica,No oficial,quindio,armenia
15.09,9.75,12.17,12.48,1,Institución universitaria/Escuela Tecnológica,No oficial,quindio,armenia
9.75,12.17,12.48,13.0,2,Institución universitaria/Escuela Tecnológica,No oficial,quindio,armenia
12.17,12.48,13.0,10.75,1,Institución universitaria/Escuela Tecnológica,No oficial,quindio,armenia
12.48,13.0,10.75,11.32,2,Institución universitaria/Escuela Tecnológica,No oficial,quindio,armenia
13.0,10.75,11.32,12.17,1,Institución universitaria/Escuela Tecnológica,No oficial,quindio,armenia
10.75,11.32,12.17,13.14,2,Institución universitaria/Escuela Tecnológica,No oficial,quindio,armenia
11.32,12.17,13.14,8.88,1,Institución universitaria/Escuela Tecnológica,No oficial,quindio,armenia
12.17,13.14,8.88,11.43,2,Institución universitaria/Escuela Tecnológica,No oficial,quindio,armenia
13.14,8.88,11.43,10.03,1,Institución universitaria/Escuela Tecnológica,No oficial,quindio,armenia
8.88,11.43,10.03,10.67,2,Institución universitaria/Escuela Tecnológica,No oficial,quindio,armenia
11.43,10.03,10.67,8.24,1,Institución universitaria/Escuela Tecnológica,No oficial,quindio,armenia
0.0,0.0,3.77,4.09,1,Institución técnica profesional,No oficial,bogota d c,bogota dc
0.0,3.77,4.09,30.97,2,Institución técnica profesional,No oficial,bogota d c,bogota dc
3.77,4.09,30.97,6.83,1,Institución técnica profesional,No oficial,bogota d c,bogota dc
4.09,30.97,6.83,22.46,2,Institución técnica profesional,No oficial,bogota d c,bogota dc
30.97,6.83,22.46,1.38,1,Institución técnica profesional,No oficial,bogota d c,bogota dc
6.83,22.46,1.38,24.24,2,Institución técnica profesional,No oficial,bogota d c,bogota dc
22.46,1.38,24.24,4.04,1,Institución técnica profesional,No oficial,bogota d c,bogota dc
1.38,24.24,4.04,11.44,2,Institución técnica profesional,No oficial,bogota d c,bogota dc
24.24,4.04,11.44,1.34,1,Institución técnica profesional,No oficial,bogota d c,bogota dc
4.04,11.44,1.34,7.73,2,Institución técnica profesional,No oficial,bogota d c,bogota dc
11.44,1.34,7.73,0.16,1,Institución técnica profesional,No oficial,bogota d c,bogota dc
1.34,7.73,0.16,19.33,2,Institución técnica profesional,No oficial,bogota d c,bogota dc
7.73,0.16,19.33,0.0,1,Institución técnica profesional,No oficial,bogota d c,bogota dc
0.16,19.33,0.0,96.88,2,Institución técnica profesional,No oficial,bogota d c,bogota dc
19.33,0.0,96.88,1.01,1,Institución técnica profesional,No oficial,bogota d c,bogota dc
0.0,96.88,1.01,6.12,2,Institución técnica profesional,No oficial,bogota d c,bogota dc
96.88,1.01,6.12,3.41,1,Institución técnica profesional,No oficial,bogota d c,bogota dc
1.01,6.12,3.41,5.85,2,Institución técnica profesional,No oficial,bogota d c,bogota dc
6.12,3.41,5.85,2.05,1,Institución técnica profesional,No oficial,bogota d c,bogota dc
3.41,5.85,2.05,7.86,2,Institución técnica profesional,No oficial,bogota d c,bogota dc
5.85,2.05,7.86,5.43,1,Institución técnica profesional,No oficial,bogota d c,bogota dc
2.05,7.86,5.43,8.56,2,Institución técnica profesional,No oficial,bogota d c,bogota dc
7.86,5.43,8.56,9.17,1,Institución técnica profesional,No oficial,bogota d c,bogota dc
5.43,8.56,9.17,5.35,2,Institución técnica profesional,No oficial,bogota d c,bogota dc
8.56,9.17,5.35,10.2,1,Institución técnica profesional,No oficial,bogota d c,bogota dc
9.17,5.35,10.2,8.59,2,Institución técnica profesional,No oficial,bogota d c,bogota dc
5.35,10.2,8.59,1.74,1,Institución técnica profesional,No oficial,bogota d c,bogota dc
10.2,8.59,1.74,0.0,2,Institución técnica profesional,No oficial,bogota d c,bogota dc
8.59,1.74,0.0,100.0,1,Institución técnica profesional,No oficial,bogota d c,bogota dc
1.74,0.0,100.0,26.09,2,Institución técnica profesional,No oficial,bogota d c,bogota dc
0.0,100.0,26.09,14.29,1,Institución técnica profesional,No oficial,bogota d c,bogota dc
100.0,26.09,14.29,24.73,2,Institución técnica profesional,No oficial,bogota d c,bogota dc
26.09,14.29,24.73,10.68,1,Institución técnica profesional,No oficial,bogota d c,bogota dc
14.29,24.73,10.68,23.53,2,Institución técnica profesional,No oficial,bogota d c,bogota dc
24.73,10.68,23.53,25.62,1,Institución técnica profesional,No oficial,bogota d c,bogota dc
10.68,23.53,25.62,18.7,2,Institución técnica profesional,No oficial,bogota d c,bogota dc
23.53,25.62,18.7,21.49,1,Institución técnica profesional,No oficial,bogota d c,bogota dc
25.62,18.7,21.49,17.27,2,Institución técnica profesional,No oficial,bogota d c,bogota dc
18.7,21.49,17.27,24.14,1,Institución técnica profesional,No oficial,bogota d c,bogota dc
21.49,17.27,24.14,34.72,2,Institución técnica profesional,No oficial,bogota d c,bogota dc
17.27,24.14,34.72,45.21,1,Institución técnica profesional,No oficial,bogota d c,bogota dc
24.14,34.72,45.21,32.91,2,Institución técnica profesional,No oficial,bogota d c,bogota dc
34.72,45.21,32.91,52.5,1,Institución técnica profesional,No oficial,bogota d c,bogota dc
45.21,32.91,52.5,53.85,2,Institución técnica profesional,No oficial,bogota d c,bogota dc
32.91,52.5,53.85,13.33,1,Institución técnica profesional,No oficial,bogota d c,bogota dc
52.5,53.85,13.33,26.83,2,Institución técnica profesional,No oficial,bogota d c,bogota dc
53.85,13.33,26.83,25.93,1,Institución técnica profesional,No oficial,bogota d c,bogota dc
0.0,0.0,0.0,4.35,1,Institución técnica profesional,No oficial,bogota d c,bogota dc
0.0,0.0,4.35,28.26,2,Institución técnica profesional,No oficial,bogota d c,bogota dc
0.0,4.35,28.26,15.52,1,Institución técnica profesional,No oficial,bogota d c,bogota dc
4.35,28.26,15.52,5.85,2,Institución técnica profesional,No oficial,bogota d c,bogota dc
28.26,15.52,5.85,3.6,1,Institución técnica profesional,No oficial,bogota d c,bogota dc
15.52,5.85,3.6,18.9,2,Institución técnica profesional,No oficial,bogota d c,bogota dc
5.85,3.6,18.9,27.39,1,Institución técnica profesional,No oficial,bogota d c,bogota dc
3.6,18.9,27.39,21.27,2,Institución técnica profesional,No oficial,bogota d c,bogota dc
18.9,27.39,21.27,33.07,1,Institución técnica profesional,No oficial,bogota d c,bogota dc
27.39,21.27,33.07,21.78,2,Institución técnica profesional,No oficial,bogota d c,bogota dc
21.27,33.07,21.78,20.87,1,Institución técnica profesional,No oficial,bogota d c,bogota dc
33.07,21.78,20.87,16.93,2,Institución técnica profesional,No oficial,bogota d c,bogota dc
21.78,20.87,16.93,13.5,1,Institución técnica profesional,No oficial,bogota d c,bogota dc
20.87,16.93,13.5,58.12,2,Institución técnica profesional,No oficial,bogota d c,bogota dc
16.93,13.5,58.12,100.0,1,Institución técnica profesional,No oficial,bogota d c,bogota dc
13.5,58.12,100.0,100.0,2,Institución técnica profesional,No oficial,bogota d c,bogota dc
58.12,100.0,100.0,41.35,1,Institución técnica profesional,No oficial,bogota d c,bogota dc
100.0,100.0,41.35,32.48,2,Institución técnica profesional,No oficial,bogota d c,bogota dc
100.0,41.35,32.48,41.38,1,Institución técnica profesional,No oficial,bogota d c,bogota dc
41.35,32.48,41.38,8.65,2,Institución técnica profesional,No oficial,bogota d c,bogota dc
32.48,41.38,8.65,7.1,1,Institución técnica profesional,No oficial,bogota d c,bogota dc
41.38,8.65,7.1,89.23,2,Institución técnica profesional,No oficial,bogota d c,bogota dc
8.65,7.1,89.23,13.83,1,Institución técnica profesional,No oficial,bogota d c,bogota dc
7.1,89.23,13.83,10.68,2,Institución técnica profesional,No oficial,bogota d c,bogota dc
89.23,13.83,10.68,20.83,1,Institución técnica profesional,No oficial,bogota d c,bogota dc
13.83,10.68,20.83,40.52,2,Institución técnica profesional,No oficial,bogota d c,bogota dc
10.68,20.83,40.52,42.82,1,Institución técnica profesional,No oficial,bogota d c,bogota dc
20.83,40.52,42.82,31.13,2,Institución técnica profesional,No oficial,bogota d c,bogota dc
40.52,42.82,31.13,26.48,1,Institución técnica profesional,No oficial,bogota d c,bogota dc
42.82,31.13,26.48,22.78,2,Institución técnica profesional,No oficial,bogota d c,bogota dc
31.13,26.48,22.78,46.63,1,Institución técnica profesional,No oficial,bogota d c,bogota dc
26.48,22.78,46.63,60.45,2,Institución técnica profesional,No oficial,bogota d c,bogota dc
22.78,46.63,60.45,44.72,1,Institución técnica profesional,No oficial,bogota d c,bogota dc
46.63,60.45,44.72,21.13,2,Institución técnica profesional,No oficial,bogota d c,bogota dc
60.45,44.72,21.13,24.31,1,Institución técnica profesional,No oficial,bogota d c,bogota dc
0.0,0.0,64.29,45.0,1,Institución universitaria/Escuela Tecnológica,No oficial,bogota d c,bogota dc
0.0,64.29,45.0,100.0,2,Institución universitaria/Escuela Tecnológica,No oficial,bogota d c,bogota dc
64.29,45.0,100.0,100.0,1,Institución universitaria/Escuela Tecnológica,No oficial,bogota d c,bogota dc
45.0,100.0,100.0,44.68,2,Institución universitaria/Escuela Tecnológica,No oficial,bogota d c,bogota dc
100.0,100.0,44.68,56.67,1,Institución universitaria/Escuela Tecnológica,No oficial,bogota d c,bogota dc
100.0,44.68,56.67,100.0,2,Institución universitaria/Escuela Tecnológica,No oficial,bogota d c,bogota dc
44.68,56.67,100.0,100.0,1,Institución universitaria/Escuela Tecnológica,No oficial,bogota d c,bogota dc
56.67,100.0,100.0,53.03,2,Institución universitaria/Escuela Tecnológica,No oficial,bogota d c,bogota dc
100.0,100.0,53.03,31.51,1,Institución universitaria/Escuela Tecnológica,No oficial,bogota d c,bogota dc
100.0,53.03,31.51,90.41,2,Institución universitaria/Escuela Tecnológica,No oficial,bogota d c,bogota dc
53.03,31.51,90.41,50.69,1,Institución universitaria/Escuela Tecnológica,No oficial,bogota d c,bogota dc
31.51,90.41,50.69,31.6,2,Institución universitaria/Escuela Tecnológica,No oficial,bogota d c,bogota dc
90.41,50.69,31.6,89.68,1,Institución universitaria/Escuela Tecnológica,No oficial,bogota d c,bogota dc
50.69,31.6,89.68,79.86,2,Institución universitaria/Escuela Tecnológica,No oficial,bogota d c,bogota dc
31.6,89.68,79.86,52.94,1,Institución universitaria/Escuela Tecnológica,No oficial,bogota d c,bogota dc
89.68,79.86,52.94,53.63,2,Institución universitaria/Escuela Tecnológica,No oficial,bogota d c,bogota dc
79.86,52.94,53.63,56.25,1,Institución universitaria/Escuela Tecnológica,No oficial,bogota d c,bogota dc
52.94,53.63,56.25,71.14,2,Institución universitaria/Escuela Tecnológica,No oficial,bogota d c,bogota dc
53.63,56.25,71.14,49.12,1,Institución universitaria/Escuela Tecnológica,No oficial,bogota d c,bogota dc
56.25,71.14,49.12,41.72,2,Institución universitaria/Escuela Tecnológica,No oficial,bogota d c,bogota dc
71.14,49.12,41.72,17.42,1,Institución universitaria/Escuela Tecnológica,No oficial,bogota d c,bogota dc
49.12,41.72,17.42,36.9,2,Institución universitaria/Escuela Tecnológica,No oficial,bogota d c,bogota dc
41.72,17.42,36.9,63.53,1,Institución universitaria/Escuela Tecnológica,No oficial,bogota d c,bogota dc
17.42,36.9,63.53,74.1,2,Institución universitaria/Escuela Tecnológica,No oficial,bogota d c,bogota dc
36.9,63.53,74.1,62.02,1,Institución universitaria/Escuela Tecnológica,No oficial,bogota d c,bogota dc
63.53,74.1,62.02,69.5,2,Institución universitaria/Escuela Tecnológica,No oficial,bogota d c,bogota dc
74.1,62.02,69.5,36.68,1,Institución universitaria/Escuela Tecnológica,No oficial,bogota d c,bogota dc
62.02,69.5,36.68,18.52,2,Institución universitaria/Escuela Tecnológica,No oficial,bogota d c,bogota dc
69.5,36.68,18.52,17.55,1,Institución universitaria/Escuela Tecnológica,No oficial,bogota d c,bogota dc
36.68,18.52,17.55,26.46,2,Institución universitaria/Escuela Tecnológica,No oficial,bogota d c,bogota dc
18.52,17.55,26.46,22.51,1,Institución universitaria/Escuela Tecnológica,No oficial,bogota d c,bogota dc
17.55,26.46,22.51,21.93,2,Institución universitaria/Escuela Tecnológica,No oficial,bogota d c,bogota dc
26.46,22.51,21.93,26.29,1,Institución universitaria/Escuela Tecnológica,No oficial,bogota d c,bogota dc
22.51,21.93,26.29,16.74,2,Institución universitaria/Escuela Tecnológica,No oficial,bogota d c,bogota dc
21.93,26.29,16.74,47.7,1,Institución universitaria/Escuela Tecnológica,No oficial,bogota d c,bogota dc
26.29,16.74,47.7,35.72,2,Institución universitaria/Escuela Tecnológica,No oficial,bogota d c,bogota dc
16.74,47.7,35.72,22.1,1,Institución universitaria/Escuela Tecnológica,No oficial,bogota d c,bogota dc
47.7,35.72,22.1,14.52,2,Institución universitaria/Escuela Tecnológica,No oficial,bogota d c,bogota dc
35.72,22.1,14.52,14.8,1,Institución universitaria/Escuela Tecnológica,No oficial,bogota d c,bogota dc
22.1,14.52,14.8,14.54,2,Institución universitaria/Escuela Tecnológica,No oficial,bogota d c,bogota dc
14.52,14.8,14.54,22.63,1,Institución universitaria/Escuela Tecnológica,No oficial,bogota d c,bogota dc
14.8,14.54,22.63,14.27,2,Institución universitaria/Escuela Tecnológica,No oficial,bogota d c,bogota dc
14.54,22.63,14.27,13.45,1,Institución universitaria/Escuela Tecnológica,No oficial,bogota d c,bogota dc
22.63,14.27,13.45,17.44,2,Institución universitaria/Escuela Tecnológica,No oficial,bogota d c,bogota dc
14.27,13.45,17.44,17.19,1,Institución universitaria/Escuela Tecnológica,No oficial,bogota d c,bogota dc
13.45,17.44,17.19,21.66,2,Institución universitaria/Escuela Tecnológica,No oficial,bogota d c,bogota dc
17.44,17.19,21.66,15.8,1,Institución universitaria/Escuela Tecnológica,No oficial,bogota d c,bogota dc
0.0,0.0,0.0,100.0,1,Institución universitaria/Escuela Tecnológica,No oficial,bogota d c,bogota dc
0.0,0.0,100.0,0.0,2,Institución universitaria/Escuela Tecnológica,No oficial,bogota d c,bogota dc
0.0,100.0,0.0,0.0,1,Institución universitaria/Escuela Tecnológica,No oficial,bogota d c,bogota dc
100.0,0.0,0.0,0.0,2,Institución universitaria/Escuela Tecnológica,No oficial,bogota d c,bogota dc
0.0,0.0,0.0,5.31,1,Institución universitaria/Escuela Tecnológica,No oficial,bogota d c,bogota dc
0.0,0.0,5.31,18.79,2,Institución universitaria/Escuela Tecnológica,No oficial,bogota d c,bogota dc
0.0,5.31,18.79,36.31,1,Institución universitaria/Escuela Tecnológica,No oficial,bogota d c,bogota dc
5.31,18.79,36.31,29.94,2,Institución universitaria/Escuela Tecnológica,No oficial,bogota d c,bogota dc
18.79,36.31,29.94,13.04,1,Institución universitaria/Escuela Tecnológica,No oficial,bogota d c,bogota dc
36.31,29.94,13.04,13.14,2,Institución universitaria/Escuela Tecnológica,No oficial,bogota d c,bogota dc
29.94,13.04,13.14,14.18,1,Institución universitaria/Escuela Tecnológica,No oficial,bogota d c,bogota dc
13.04,13.14,14.18,22.01,2,Institución universitaria/Escuela Tecnológica,No oficial,bogota d c,bogota dc
13.14,14.18,22.01,18.55,1,Institución universitaria/Escuela Tecnológica,No oficial,bogota d c,bogota dc
14.18,22.01,18.55,25.07,2,Institución universitaria/Escuela Tecnológica,No oficial,bogota d c,bogota dc
22.01,18.55,25.07,17.74,1,Institución universitaria/Escuela Tecnológica,No oficial,bogota d c,bogota dc
18.55,25.07,17.74,26.18,2,Institución universitaria/Escuela Tecnológica,No oficial,bogota d c,bogota dc
25.07,17.74,26.18,23.63,1,Institución universitaria/Escuela Tecnológica,No oficial,bogota d c,bogota dc
17.74,26.18,23.63,24.71,2,Institución universitaria/Escuela Tecnológica,No oficial,bogota d c,bogota dc
26.18,23.63,24.71,19.28,1,Institución universitaria/Escuela Tecnológica,No oficial,bogota d c,bogota dc
23.63,24.71,19.28,25.24,2,Institución universitaria/Escuela Tecnológica,No oficial,bogota d c,bogota dc
24.71,19.28,25.24,20.94,1,Institución universitaria/Escuela Tecnológica,No oficial,bogota d c,bogota dc
19.28,25.24,20.94,20.35,2,Institución universitaria/Escuela Tecnológica,No oficial,bogota d c,bogota dc
25.24,20.94,20.35,23.88,1,Institución universitaria/Escuela Tecnológica,No oficial,bogota d c,bogota dc
20.94,20.35,23.88,25.13,2,Institución universitaria/Escuela Tecnológica,No oficial,bogota d c,bogota dc
20.35,23.88,25.13,19.37,1,Institución universitaria/Escuela Tecnológica,No oficial,bogota d c,bogota dc
23.88,25.13,19.37,18.26,2,Institución universitaria/Escuela Tecnológica,No oficial,bogota d c,bogota dc
25.13,19.37,18.26,13.42,1,Institución universitaria/Escuela Tecnológica,No oficial,bogota d c,bogota dc
19.37,18.26,13.42,14.63,2,Institución universitaria/Escuela Tecnológica,No oficial,bogota d c,bogota dc
18.26,13.42,14.63,13.89,1,Institución universitaria/Escuela Tecnológica,No oficial,bogota d c,bogota dc
13.42,14.63,13.89,22.17,2,Institución universitaria/Escuela Tecnológica,No oficial,bogota d c,bogota dc
14.63,13.89,22.17,22.91,1,Institución universitaria/Escuela Tecnológica,No oficial,bogota d c,bogota dc
13.89,22.17,22.91,15.33,2,Institución universitaria/Escuela Tecnológica,No oficial,bogota d c,bogota dc
22.17,22.91,15.33,13.94,1,Institución universitaria/Escuela Tecnológica,No oficial,bogota d c,bogota dc
22.91,15.33,13.94,11.5,2,Institución universitaria/Escuela Tecnológica,No oficial,bogota d c,bogota dc
15.33,13.94,11.5,16.47,1,Institución universitaria/Escuela Tecnológica,No oficial,bogota d c,bogota dc
13.94,11.5,16.47,18.54,2,Institución universitaria/Escuela Tecnológica,No oficial,bogota d c,bogota dc
11.5,16.47,18.54,14.41,1,Institución universitaria/Escuela Tecnológica,No oficial,bogota d c,bogota dc
16.47,18.54,14.41,18.09,2,Institución universitaria/Escuela Tecnológica,No oficial,bogota d c,bogota dc
18.54,14.41,18.09,17.17,1,Institución universitaria/Escuela Tecnológica,No oficial,bogota d c,bogota dc
14.41,18.09,17.17,17.68,2,Institución universitaria/Escuela Tecnológica,No oficial,bogota d c,bogota dc
18.09,17.17,17.68,15.61,1,Institución universitaria/Escuela Tecnológica,No oficial,bogota d c,bogota dc
17.17,17.68,15.61,14.8,2,Institución universitaria/Escuela Tecnológica,No oficial,bogota d c,bogota dc
17.68,15.61,14.8,21.83,1,Institución universitaria/Escuela Tecnológica,No oficial,bogota d c,bogota dc
15.61,14.8,21.83,25.98,2,Institución universitaria/Escuela Tecnológica,No oficial,bogota d c,bogota dc
14.8,21.83,25.98,16.1,1,Institución universitaria/Escuela Tecnológica,No oficial,bogota d c,bogota dc
21.83,25.98,16.1,18.74,2,Institución universitaria/Escuela Tecnológica,No oficial,bogota d c,bogota dc
25.98,16.1,18.74,13.55,1,Institución universitaria/Escuela Tecnológica,No oficial,bogota d c,bogota dc
0.0,0.0,25.98,2.1,1,Institución tecnológica,No oficial,bogota d c,bogota dc
0.0,25.98,2.1,1.11,2,Institución tecnológica,No oficial,bogota d c,bogota dc
25.98,2.1,1.11,27.95,1,Institución tecnológica,No oficial,bogota d c,bogota dc
2.1,1.11,27.95,12.27,2,Institución tecnológica,No oficial,bogota d c,bogota dc
1.11,27.95,12.27,9.78,1,Institución tecnológica,No oficial,bogota d c,bogota dc
27.95,12.27,9.78,13.89,2,Institución tecnológica,No oficial,bogota d c,bogota dc
12.27,9.78,13.89,15.66,1,Institución tecnológica,No oficial,bogota d c,bogota dc
9.78,13.89,15.66,18.07,2,Institución tecnológica,No oficial,bogota d c,bogota dc
13.89,15.66,18.07,19.31,1,Institución tecnológica,No oficial,bogota d c,bogota dc
15.66,18.07,19.31,19.93,2,Institución tecnológica,No oficial,bogota d c,bogota dc
18.07,19.31,19.93,15.53,1,Institución tecnológica,No oficial,bogota d c,bogota dc
19.31,19.93,15.53,14.55,2,Institución tecnológica,No oficial,bogota d c,bogota dc
19.93,15.53,14.55,17.87,1,Institución tecnológica,No oficial,bogota d c,bogota dc
15.53,14.55,17.87,20.52,2,Institución tecnológica,No oficial,bogota d c,bogota dc
14.55,17.87,20.52,25.29,1,Institución tecnológica,No oficial,bogota d c,bogota dc
17.87,20.52,25.29,21.33,2,Institución tecnológica,No oficial,bogota d c,bogota dc
20.52,25.29,21.33,17.43,1,Institución tecnológica,No oficial,bogota d c,bogota dc
25.29,21.33,17.43,22.55,2,Institución tecnológica,No oficial,bogota d c,bogota dc
21.33,17.43,22.55,26.09,1,Institución tecnológica,No oficial,bogota d c,bogota dc
17.43,22.55,26.09,28.4,2,Institución tecnológica,No oficial,bogota d c,bogota dc
22.55,26.09,28.4,23.41,1,Institución tecnológica,No oficial,bogota d c,bogota dc
26.09,28.4,23.41,24.23,2,Institución tecnológica,No oficial,bogota d c,bogota dc
28.4,23.41,24.23,18.82,1,Institución tecnológica,No oficial,bogota d c,bogota dc
23.41,24.23,18.82,29.18,2,Institución tecnológica,No oficial,bogota d c,bogota dc
24.23,18.82,29.18,22.26,1,Institución tecnológica,No oficial,bogota d c,bogota dc
18.82,29.18,22.26,20.6,2,Institución tecnológica,No oficial,bogota d c,bogota dc
29.18,22.26,20.6,42.31,1,Institución tecnológica,No oficial,bogota d c,bogota dc
22.26,20.6,42.31,31.44,2,Institución tecnológica,No oficial,bogota d c,bogota dc
20.6,42.31,31.44,29.52,1,Institución tecnológica,No oficial,bogota d c,bogota dc
42.31,31.44,29.52,38.36,2,Institución tecnológica,No oficial,bogota d c,bogota dc
31.44,29.52,38.36,69.93,1,Institución tecnológica,No oficial,bogota d c,bogota dc
29.52,38.36,69.93,40.43,2,Institución tecnológica,No oficial,bogota d c,bogota dc
38.36,69.93,40.43,18.63,1,Institución tecnológica,No oficial,bogota d c,bogota dc
69.93,40.43,18.63,26.15,2,Institución tecnológica,No oficial,bogota d c,bogota dc
40.43,18.63,26.15,25.37,1,Institución tecnológica,No oficial,bogota d c,bogota dc
0.0,0.0,10.03,11.34,1,Institución tecnológica,No oficial,antioquia,medellin
0.0,10.03,11.34,15.12,2,Institución tecnológica,No oficial,antioquia,medellin
10.03,11.34,15.12,12.65,1,Institución tecnológica,No oficial,antioquia,medellin
11.34,15.12,12.65,8.83,2,Institución tecnológica,No oficial,antioquia,medellin
15.12,12.65,8.83,7.06,1,Institución tecnológica,No oficial,antioquia,medellin
12.65,8.83,7.06,9.36,2,Institución tecnológica,No oficial,antioquia,medellin
8.83,7.06,9.36,8.5,1,Institución tecnológica,No oficial,antioquia,medellin
7.06,9.36,8.5,20.17,2,Institución tecnológica,No oficial,antioquia,medellin
9.36,8.5,20.17,6.44,1,Institución tecnológica,No oficial,antioquia,medellin
8.5,20.17,6.44,6.18,2,Institución tecnológica,No oficial,antioquia,medellin
20.17,6.44,6.18,10.57,1,Institución tecnológica,No oficial,antioquia,medellin
6.44,6.18,10.57,11.64,2,Institución tecnológica,No oficial,antioquia,medellin
6.18,10.57,11.64,10.19,1,Institución tecnológica,No oficial,antioquia,medellin
10.57,11.64,10.19,8.08,2,Institución tecnológica,No oficial,antioquia,medellin
11.64,10.19,8.08,12.77,1,Institución tecnológica,No oficial,antioquia,medellin
10.19,8.08,12.77,18.28,2,Institución tecnológica,No oficial,antioquia,medellin
8.08,12.77,18.28,16.03,1,Institución tecnológica,No oficial,antioquia,medellin
12.77,18.28,16.03,13.25,2,Institución tecnológica,No oficial,antioquia,medellin
18.28,16.03,13.25,13.96,1,Institución tecnológica,No oficial,antioquia,medellin
16.03,13.25,13.96,11.48,2,Institución tecnológica,No oficial,antioquia,medellin
13.25,13.96,11.48,12.05,1,Institución tecnológica,No oficial,antioquia,medellin
13.96,11.48,12.05,16.56,2,Institución tecnológica,No oficial,antioquia,medellin
11.48,12.05,16.56,18.2,1,Institución tecnológica,No oficial,antioquia,medellin
12.05,16.56,18.2,21.28,2,Institución tecnológica,No oficial,antioquia,medellin
16.56,18.2,21.28,17.59,1,Institución tecnológica,No oficial,antioquia,medellin
18.2,21.28,17.59,14.82,2,Institución tecnológica,No oficial,antioquia,medellin
21.28,17.59,14.82,18.93,1,Institución tecnológica,No oficial,antioquia,medellin
17.59,14.82,18.93,17.2,2,Institución tecnológica,No oficial,antioquia,medellin
14.82,18.93,17.2,23.48,1,Institución tecnológica,No oficial,antioquia,medellin
18.93,17.2,23.48,20.27,2,Institución tecnológica,No oficial,antioquia,medellin
17.2,23.48,20.27,19.44,1,Institución tecnológica,No oficial,antioquia,medellin
23.48,20.27,19.44,23.26,2,Institución tecnológica,No oficial,antioquia,medellin
20.27,19.44,23.26,20.37,1,Institución tecnológica,No oficial,antioquia,medellin
19.44,23.26,20.37,20.16,2,Institución tecnológica,No oficial,antioquia,medellin
23.26,20.37,20.16,18.88,1,Institución tecnológica,No oficial,antioquia,medellin
20.37,20.16,18.88,20.75,2,Institución tecnológica,No oficial,antioquia,medellin
20.16,18.88,20.75,15.32,1,Institución tecnológica,No oficial,antioquia,medellin
18.88,20.75,15.32,20.16,2,Institución tecnológica,No oficial,antioquia,medellin
20.75,15.32,20.16,15.09,1,Institución tecnológica,No oficial,antioquia,medellin
15.32,20.16,15.09,14.71,2,Institución tecnológica,No oficial,antioquia,medellin
20.16,15.09,14.71,27.74,1,Institución tecnológica,No oficial,antioquia,medellin
15.09,14.71,27.74,22.57,2,Institución tecnológica,No oficial,antioquia,medellin
14.71,27.74,22.57,20.92,1,Institución tecnológica,No oficial,antioquia,medellin
27.74,22.57,20.92,21.21,2,Institución tecnológica,No oficial,antioquia,medellin
22.57,20.92,21.21,15.48,1,Institución tecnológica,No oficial,antioquia,medellin
20.92,21.21,15.48,15.38,2,Institución tecnológica,No oficial,antioquia,medellin
21.21,15.48,15.38,25.89,1,Institución tecnológica,No oficial,antioquia,medellin
0.0,0.0,6.33,100.0,1,Institución técnica profesional,No oficial,bogota d c,bogota dc
0.0,6.33,100.0,100.0,2,Institución técnica profesional,No oficial,bogota d c,bogota dc
6.33,100.0,100.0,77.17,1,Institución técnica profesional,No oficial,bogota d c,bogota dc
100.0,100.0,77.17,91.67,2,Institución técnica profesional,No oficial,bogota d c,bogota dc
100.0,77.17,91.67,21.55,1,Institución técnica profesional,No oficial,bogota d c,bogota dc
77.17,91.67,21.55,3.96,2,Institución técnica profesional,No oficial,bogota d c,bogota dc
91.67,21.55,3.96,1.94,1,Institución técnica profesional,No oficial,bogota d c,bogota dc
21.55,3.96,1.94,6.27,2,Institución técnica profesional,No oficial,bogota d c,bogota dc
3.96,1.94,6.27,73.38,1,Institución técnica profesional,No oficial,bogota d c,bogota dc
1.94,6.27,73.38,74.15,2,Institución técnica profesional,No oficial,bogota d c,bogota dc
6.27,73.38,74.15,57.77,1,Institución técnica profesional,No oficial,bogota d c,bogota dc
73.38,74.15,57.77,10.93,2,Institución técnica profesional,No oficial,bogota d c,bogota dc
74.15,57.77,10.93,46.15,1,Institución técnica profesional,No oficial,bogota d c,bogota dc
57.77,10.93,46.15,28.21,2,Institución técnica profesional,No oficial,bogota d c,bogota dc
10.93,46.15,28.21,26.5,1,Institución técnica profesional,No oficial,bogota d c,bogota dc
46.15,28.21,26.5,40.61,2,Institución técnica profesional,No oficial,bogota d c,bogota dc
28.21,26.5,40.61,28.31,1,Institución técnica profesional,No oficial,bogota d c,bogota dc
26.5,40.61,28.31,42.29,2,Institución técnica profesional,No oficial,bogota d c,bogota dc
40.61,28.31,42.29,32.64,1,Institución técnica profesional,No oficial,bogota d c,bogota dc
28.31,42.29,32.64,50.78,2,Institución técnica profesional,No oficial,bogota d c,bogota dc
42.29,32.64,50.78,40.7,1,Institución técnica profesional,No oficial,bogota d c,bogota dc
32.64,50.78,40.7,53.61,2,Institución técnica profesional,No oficial,bogota d c,bogota dc
50.78,40.7,53.61,45.75,1,Institución técnica profesional,No oficial,bogota d c,bogota dc
40.7,53.61,45.75,30.94,2,Institución técnica profesional,No oficial,bogota d c,bogota dc
53.61,45.75,30.94,33.52,1,Institución técnica profesional,No oficial,bogota d c,bogota dc
45.75,30.94,33.52,31.21,2,Institución técnica profesional,No oficial,bogota d c,bogota dc
30.94,33.52,31.21,23.12,1,Institución técnica profesional,No oficial,bogota d c,bogota dc
33.52,31.21,23.12,8.04,2,Institución técnica profesional,No oficial,bogota d c,bogota dc
31.21,23.12,8.04,22.82,1,Institución técnica profesional,No oficial,bogota d c,bogota dc
23.12,8.04,22.82,26.87,2,Institución técnica profesional,No oficial,bogota d c,bogota dc
8.04,22.82,26.87,24.14,1,Institución técnica profesional,No oficial,bogota d c,bogota dc
22.82,26.87,24.14,26.7,2,Institución técnica profesional,No oficial,bogota d c,bogota dc
26.87,24.14,26.7,19.08,1,Institución técnica profesional,No oficial,bogota d c,bogota dc
24.14,26.7,19.08,65.22,2,Institución técnica profesional,No oficial,bogota d c,bogota dc
26.7,19.08,65.22,100.0,1,Institución técnica profesional,No oficial,bogota d c,bogota dc
19.08,65.22,100.0,37.14,2,Institución técnica profesional,No oficial,bogota d c,bogota dc
65.22,100.0,37.14,27.27,1,Institución técnica profesional,No oficial,bogota d c,bogota dc
100.0,37.14,27.27,30.0,2,Institución técnica profesional,No oficial,bogota d c,bogota dc
37.14,27.27,30.0,16.0,1,Institución técnica profesional,No oficial,bogota d c,bogota dc
27.27,30.0,16.0,12.12,2,Institución técnica profesional,No oficial,bogota d c,bogota dc
30.0,16.0,12.12,31.82,1,Institución técnica profesional,No oficial,bogota d c,bogota dc
16.0,12.12,31.82,57.89,2,Institución técnica profesional,No oficial,bogota d c,bogota dc
12.12,31.82,57.89,18.52,1,Institución técnica profesional,No oficial,bogota d c,bogota dc
31.82,57.89,18.52,18.75,2,Institución técnica profesional,No oficial,bogota d c,bogota dc
57.89,18.52,18.75,25.0,1,Institución técnica profesional,No oficial,bogota d c,bogota dc
18.52,18.75,25.0,21.05,2,Institución técnica profesional,No oficial,bogota d c,bogota dc
18.75,25.0,21.05,22.06,1,Institución técnica profesional,No oficial,bogota d c,bogota dc
0.0,0.0,100.0,100.0,1,Institución técnica profesional,No oficial,bogota d c,bogota dc
0.0,100.0,100.0,83.33,2,Institución técnica profesional,No oficial,bogota d c,bogota dc
100.0,100.0,83.33,6.0,1,Institución técnica profesional,No oficial,bogota d c,bogota dc
100.0,83.33,6.0,100.0,2,Institución técnica profesional,No oficial,bogota d c,bogota dc
83.33,6.0,100.0,92.59,1,Institución técnica profesional,No oficial,bogota d c,bogota dc
6.0,100.0,92.59,100.0,2,Institución técnica profesional,No oficial,bogota d c,bogota dc
100.0,92.59,100.0,100.0,1,Institución técnica profesional,No oficial,bogota d c,bogota dc
92.59,100.0,100.0,42.86,2,Institución técnica profesional,No oficial,bogota d c,bogota dc
100.0,100.0,42.86,8.57,1,Institución técnica profesional,No oficial,bogota d c,bogota dc
100.0,42.86,8.57,100.0,2,Institución técnica profesional,No oficial,bogota d c,bogota dc
42.86,8.57,100.0,79.07,1,Institución técnica profesional,No oficial,bogota d c,bogota dc
8.57,100.0,79.07,100.0,2,Institución técnica profesional,No oficial,bogota d c,bogota dc
100.0,79.07,100.0,100.0,1,Institución técnica profesional,No oficial,bogota d c,bogota dc
79.07,100.0,100.0,60.98,2,Institución técnica profesional,No oficial,bogota d c,bogota dc
100.0,100.0,60.98,75.0,1,Institución técnica profesional,No oficial,bogota d c,bogota dc
100.0,60.98,75.0,3.85,2,Institución técnica profesional,No oficial,bogota d c,bogota dc
60.98,75.0,3.85,45.45,1,Institución técnica profesional,No oficial,bogota d c,bogota dc
75.0,3.85,45.45,91.45,2,Institución técnica profesional,No oficial,bogota d c,bogota dc
3.85,45.45,91.45,100.0,1,Institución técnica profesional,No oficial,bogota d c,bogota dc
45.45,91.45,100.0,31.94,2,Institución técnica profesional,No oficial,bogota d c,bogota dc
91.45,100.0,31.94,3.4,1,Institución técnica profesional,No oficial,bogota d c,bogota dc
100.0,31.94,3.4,100.0,2,Institución técnica profesional,No oficial,bogota d c,bogota dc
31.94,3.4,100.0,100.0,1,Institución técnica profesional,No oficial,bogota d c,bogota dc
3.4,100.0,100.0,1.32,2,Institución técnica profesional,No oficial,bogota d c,bogota dc
100.0,100.0,1.32,0.65,1,Institución técnica profesional,No oficial,bogota d c,bogota dc
100.0,1.32,0.65,22.97,2,Institución técnica profesional,No oficial,bogota d c,bogota dc
1.32,0.65,22.97,21.48,1,Institución técnica profesional,No oficial,bogota d c,bogota dc
0.65,22.97,21.48,35.0,2,Institución técnica profesional,No oficial,bogota d c,bogota dc
22.97,21.48,35.0,42.54,1,Institución técnica profesional,No oficial,bogota d c,bogota dc
21.48,35.0,42.54,10.59,2,Institución técnica profesional,No oficial,bogota d c,bogota dc
35.0,42.54,10.59,13.91,1,Institución técnica profesional,No oficial,bogota d c,bogota dc
42.54,10.59,13.91,22.79,2,Institución técnica profesional,No oficial,bogota d c,bogota dc
10.59,13.91,22.79,23.2,1,Institución técnica profesional,No oficial,bogota d c,bogota dc
13.91,22.79,23.2,23.15,2,Institución técnica profesional,No oficial,bogota d c,bogota dc
22.79,23.2,23.15,22.35,1,Institución técnica profesional,No oficial,bogota d c,bogota dc
23.2,23.15,22.35,45.59,2,Institución técnica profesional,No oficial,bogota d c,bogota dc
23.15,22.35,45.59,21.82,1,Institución técnica profesional,No oficial,bogota d c,bogota dc
22.35,45.59,21.82,17.14,2,Institución técnica profesional,No oficial,bogota d c,bogota dc
45.59,21.82,17.14,33.33,1,Institución técnica profesional,No oficial,bogota d c,bogota dc
21.82,17.14,33.33,50.0,2,Institución técnica profesional,No oficial,bogota d c,bogota dc
17.14,33.33,50.0,18.75,1,Institución técnica profesional,No oficial,bogota d c,bogota dc
33.33,50.0,18.75,8.0,2,Institución técnica profesional,No oficial,bogota d c,bogota dc
50.0,18.75,8.0,47.37,1,Institución técnica profesional,No oficial,bogota d c,bogota dc
18.75,8.0,47.37,44.0,2,Institución técnica profesional,No oficial,bogota d c,bogota dc
8.0,47.37,44.0,14.71,1,Institución técnica profesional,No oficial,bogota d c,bogota dc
47.37,44.0,14.71,4.26,2,Institución técnica profesional,No oficial,bogota d c,bogota dc
44.0,14.71,4.26,11.76,1,Institución técnica profesional,No oficial,bogota d c,bogota dc
0.0,0.0,56.21,30.53,1,Institución universitaria/Escuela Tecnológica,No oficial,bogota d c,bogota dc
0.0,56.21,30.53,8.93,2,Institución universitaria/Escuela Tecnológica,No oficial,bogota d c,bogota dc
56.21,30.53,8.93,12.38,1,Institución universitaria/Escuela Tecnológica,No oficial,bogota d c,bogota dc
30.53,8.93,12.38,18.59,2,Institución universitaria/Escuela Tecnológica,No oficial,bogota d c,bogota dc
8.93,12.38,18.59,38.88,1,Institución universitaria/Escuela Tecnológica,No oficial,bogota d c,bogota dc
12.38,18.59,38.88,20.08,2,Institución universitaria/Escuela Tecnológica,No oficial,bogota d c,bogota dc
18.59,38.88,20.08,13.92,1,Institución universitaria/Escuela Tecnológica,No oficial,bogota d c,bogota dc
38.88,20.08,13.92,26.23,2,Institución universitaria/Escuela Tecnológica,No oficial,bogota d c,bogota dc
20.08,13.92,26.23,17.06,1,Institución universitaria/Escuela Tecnológica,No oficial,bogota d c,bogota dc
13.92,26.23,17.06,17.98,2,Institución universitaria/Escuela Tecnológica,No oficial,bogota d c,bogota dc
26.23,17.06,17.98,39.0,1,Institución universitaria/Escuela Tecnológica,No oficial,bogota d c,bogota dc
17.06,17.98,39.0,18.33,2,Institución universitaria/Escuela Tecnológica,No oficial,bogota d c,bogota dc
17.98,39.0,18.33,31.85,1,Institución universitaria/Escuela Tecnológica,No oficial,bogota d c,bogota dc
39.0,18.33,31.85,11.59,2,Institución universitaria/Escuela Tecnológica,No oficial,bogota d c,bogota dc
18.33,31.85,11.59,20.5,1,Institución universitaria/Escuela Tecnológica,No oficial,bogota d c,bogota dc
31.85,11.59,20.5,29.63,2,Institución universitaria/Escuela Tecnológica,No oficial,bogota d c,bogota dc
11.59,20.5,29.63,33.33,1,Institución universitaria/Escuela Tecnológica,No oficial,bogota d c,bogota dc
20.5,29.63,33.33,22.12,2,Institución universitaria/Escuela Tecnológica,No oficial,bogota d c,bogota dc
29.63,33.33,22.12,28.57,1,Institución universitaria/Escuela Tecnológica,No oficial,bogota d c,bogota dc
33.33,22.12,28.57,20.59,2,Institución universitaria/Escuela Tecnológica,No oficial,bogota d c,bogota dc
22.12,28.57,20.59,23.74,1,Institución universitaria/Escuela Tecnológica,No oficial,bogota d c,bogota dc
28.57,20.59,23.74,49.28,2,Institución universitaria/Escuela Tecnológica,No oficial,bogota d c,bogota dc
20.59,23.74,49.28,15.86,1,Institución universitaria/Escuela Tecnológica,No oficial,bogota d c,bogota dc
23.74,49.28,15.86,26.45,2,Institución universitaria/Escuela Tecnológica,No oficial,bogota d c,bogota dc
49.28,15.86,26.45,30.3,1,Institución universitaria/Escuela Tecnológica,No oficial,bogota d c,bogota dc
15.86,26.45,30.3,18.23,2,Institución universitaria/Escuela Tecnológica,No oficial,bogota d c,bogota dc
26.45,30.3,18.23,14.86,1,Institución universitaria/Escuela Tecnológica,No oficial,bogota d c,bogota dc
30.3,18.23,14.86,20.18,2,Institución universitaria/Escuela Tecnológica,No oficial,bogota d c,bogota dc
18.23,14.86,20.18,23.6,1,Institución universitaria/Escuela Tecnológica,No oficial,bogota d c,bogota dc
14.86,20.18,23.6,17.79,2,Institución universitaria/Escuela Tecnológica,No oficial,bogota d c,bogota dc
20.18,23.6,17.79,2.87,1,Institución universitaria/Escuela Tecnológica,No oficial,bogota d c,bogota dc
23.6,17.79,2.87,19.13,2,Institución universitaria/Escuela Tecnológica,No oficial,bogota d c,bogota dc
17.79,2.87,19.13,8.94,1,Institución universitaria/Escuela Tecnológica,No oficial,bogota d c,bogota dc
2.87,19.13,8.94,10.04,2,Institución universitaria/Escuela Tecnológica,No oficial,bogota d c,bogota dc
19.13,8.94,10.04,10.64,1,Institución universitaria/Escuela Tecnológica,No oficial,bogota d c,bogota dc
8.94,10.04,10.64,15.7,2,Institución universitaria/Escuela Tecnológica,No oficial,bogota d c,bogota dc
10.04,10.64,15.7,18.81,1,Institución universitaria/Escuela Tecnológica,No oficial,bogota d c,bogota dc
10.64,15.7,18.81,13.19,2,Institución universitaria/Escuela Tecnológica,No oficial,bogota d c,bogota dc
15.7,18.81,13.19,15.41,1,Institución universitaria/Escuela Tecnológica,No oficial,bogota d c,bogota dc
18.81,13.19,15.41,13.53,2,Institución universitaria/Escuela Tecnológica,No oficial,bogota d c,bogota dc
13.19,15.41,13.53,11.38,1,Institución universitaria/Escuela Tecnológica,No oficial,bogota d c,bogota dc
15.41,13.53,11.38,12.23,2,Institución universitaria/Escuela Tecnológica,No oficial,bogota d c,bogota dc
13.53,11.38,12.23,13.31,1,Institución universitaria/Escuela Tecnológica,No oficial,bogota d c,bogota dc
11.38,12.23,13.31,23.67,2,Institución universitaria/Escuela Tecnológica,No oficial,bogota d c,bogota dc
12.23,13.31,23.67,10.58,1,Institución universitaria/Escuela Tecnológica,No oficial,bogota d c,bogota dc
13.31,23.67,10.58,13.38,2,Institución universitaria/Escuela Tecnológica,No oficial,bogota d c,bogota dc
23.67,10.58,13.38,11.44,1,Institución universitaria/Escuela Tecnológica,No oficial,bogota d c,bogota dc
0.0,0.0,0.0,0.0,1,Institución técnica profesional,No oficial,bogota d c,bogota dc
0.0,0.0,0.0,100.0,2,Institución técnica profesional,No oficial,bogota d c,bogota dc
0.0,0.0,100.0,0.0,1,Institución técnica profesional,No oficial,bogota d c,bogota dc
0.0,100.0,0.0,61.3,2,Institución técnica profesional,No oficial,bogota d c,bogota dc
100.0,0.0,61.3,29.51,1,Institución técnica profesional,No oficial,bogota d c,bogota dc
0.0,61.3,29.51,14.57,2,Institución técnica profesional,No oficial,bogota d c,bogota dc
61.3,29.51,14.57,15.46,1,Institución técnica profesional,No oficial,bogota d c,bogota dc
29.51,14.57,15.46,39.52,2,Institución técnica profesional,No oficial,bogota d c,bogota dc
14.57,15.46,39.52,32.52,1,Institución técnica profesional,No oficial,bogota d c,bogota dc
15.46,39.52,32.52,39.57,2,Institución técnica profesional,No oficial,bogota d c,bogota dc
39.52,32.52,39.57,38.83,1,Institución técnica profesional,No oficial,bogota d c,bogota dc
32.52,39.57,38.83,44.86,2,Institución técnica profesional,No oficial,bogota d c,bogota dc
39.57,38.83,44.86,18.36,1,Institución técnica profesional,No oficial,bogota d c,bogota dc
38.83,44.86,18.36,31.41,2,Institución técnica profesional,No oficial,bogota d c,bogota dc
44.86,18.36,31.41,80.52,1,Institución técnica profesional,No oficial,bogota d c,bogota dc
18.36,31.41,80.52,17.57,2,Institución técnica profesional,No oficial,bogota d c,bogota dc
31.41,80.52,17.57,11.17,1,Institución técnica profesional,No oficial,bogota d c,bogota dc
80.52,17.57,11.17,18.36,2,Institución técnica profesional,No oficial,bogota d c,bogota dc
17.57,11.17,18.36,17.87,1,Institución técnica profesional,No oficial,bogota d c,bogota dc
11.17,18.36,17.87,55.27,2,Institución técnica profesional,No oficial,bogota d c,bogota dc
18.36,17.87,55.27,26.63,1,Institución técnica profesional,No oficial,bogota d c,bogota dc
17.87,55.27,26.63,12.36,2,Institución técnica profesional,No oficial,bogota d c,bogota dc
55.27,26.63,12.36,17.64,1,Institución técnica profesional,No oficial,bogota d c,bogota dc
26.63,12.36,17.64,15.98,2,Institución técnica profesional,No oficial,bogota d c,bogota dc
12.36,17.64,15.98,21.01,1,Institución técnica profesional,No oficial,bogota d c,bogota dc
17.64,15.98,21.01,23.27,2,Institución técnica profesional,No oficial,bogota d c,bogota dc
15.98,21.01,23.27,20.34,1,Institución técnica profesional,No oficial,bogota d c,bogota dc
21.01,23.27,20.34,16.16,2,Institución técnica profesional,No oficial,bogota d c,bogota dc
23.27,20.34,16.16,10.89,1,Institución técnica profesional,No oficial,bogota d c,bogota dc
20.34,16.16,10.89,11.93,2,Institución técnica profesional,No oficial,bogota d c,bogota dc
16.16,10.89,11.93,18.14,1,Institución técnica profesional,No oficial,bogota d c,bogota dc
10.89,11.93,18.14,21.07,2,Institución técnica profesional,No oficial,bogota d c,bogota dc
11.93,18.14,21.07,12.22,1,Institución técnica profesional,No oficial,bogota d c,bogota dc
18.14,21.07,12.22,10.26,2,Institución técnica profesional,No oficial,bogota d c,bogota dc
21.07,12.22,10.26,17.29,1,Institución técnica profesional,No oficial,bogota d c,bogota dc
12.22,10.26,17.29,12.89,2,Institución técnica profesional,No oficial,bogota d c,bogota dc
10.26,17.29,12.89,15.55,1,Institución técnica profesional,No oficial,bogota d c,bogota dc
17.29,12.89,15.55,14.74,2,Institución técnica profesional,No oficial,bogota d c,bogota dc
12.89,15.55,14.74,17.86,1,Institución técnica profesional,No oficial,bogota d c,bogota dc
15.55,14.74,17.86,14.01,2,Institución técnica profesional,No oficial,bogota d c,bogota dc
14.74,17.86,14.01,14.11,1,Institución técnica profesional,No oficial,bogota d c,bogota dc
17.86,14.01,14.11,6.64,2,Institución técnica profesional,No oficial,bogota d c,bogota dc
14.01,14.11,6.64,33.39,1,Institución técnica profesional,No oficial,bogota d c,bogota dc
14.11,6.64,33.39,18.01,2,Institución técnica profesional,No oficial,bogota d c,bogota dc
6.64,33.39,18.01,17.01,1,Institución técnica profesional,No oficial,bogota d c,bogota dc
33.39,18.01,17.01,17.78,2,Institución técnica profesional,No oficial,bogota d c,bogota dc
18.01,17.01,17.78,21.54,1,Institución técnica profesional,No oficial,bogota d c,bogota dc
0.0,0.0,6.49,10.64,1,Institución técnica profesional,No oficial,atlantico,barranquilla
0.0,6.49,10.64,6.96,2,Institución técnica profesional,No oficial,atlantico,barranquilla
6.49,10.64,6.96,12.74,1,Institución técnica profesional,No oficial,atlantico,barranquilla
10.64,6.96,12.74,15.84,2,Institución técnica profesional,No oficial,atlantico,barranquilla
6.96,12.74,15.84,33.47,1,Institución técnica profesional,No oficial,atlantico,barranquilla
12.74,15.84,33.47,24.48,2,Institución técnica profesional,No oficial,atlantico,barranquilla
15.84,33.47,24.48,32.2,1,Institución técnica profesional,No oficial,atlantico,barranquilla
33.47,24.48,32.2,27.24,2,Institución técnica profesional,No oficial,atlantico,barranquilla
24.48,32.2,27.24,23.79,1,Institución técnica profesional,No oficial,atlantico,barranquilla
32.2,27.24,23.79,28.7,2,Institución técnica profesional,No oficial,atlantico,barranquilla
27.24,23.79,28.7,43.5,1,Institución técnica profesional,No oficial,atlantico,barranquilla
23.79,28.7,43.5,46.06,2,Institución técnica profesional,No oficial,atlantico,barranquilla
28.7,43.5,46.06,55.44,1,Institución técnica profesional,No oficial,atlantico,barranquilla
43.5,46.06,55.44,70.3,2,Institución técnica profesional,No oficial,atlantico,barranquilla
46.06,55.44,70.3,38.96,1,Institución técnica profesional,No oficial,atlantico,barranquilla
55.44,70.3,38.96,15.05,2,Institución técnica profesional,No oficial,atlantico,barranquilla
70.3,38.96,15.05,22.54,1,Institución técnica profesional,No oficial,atlantico,barranquilla
38.96,15.05,22.54,26.37,2,Institución técnica profesional,No oficial,atlantico,barranquilla
15.05,22.54,26.37,27.17,1,Institución técnica profesional,No oficial,atlantico,barranquilla
22.54,26.37,27.17,34.23,2,Institución técnica profesional,No oficial,atlantico,barranquilla
26.37,27.17,34.23,49.52,1,Institución técnica profesional,No oficial,atlantico,barranquilla
27.17,34.23,49.52,48.85,2,Institución técnica profesional,No oficial,atlantico,barranquilla
34.23,49.52,48.85,24.72,1,Institución técnica profesional,No oficial,atlantico,barranquilla
49.52,48.85,24.72,27.78,2,Institución técnica profesional,No oficial,atlantico,barranquilla
48.85,24.72,27.78,39.96,1,Institución técnica profesional,No oficial,atlantico,barranquilla
24.72,27.78,39.96,41.38,2,Institución técnica profesional,No oficial,atlantico,barranquilla
27.78,39.96,41.38,19.19,1,Institución técnica profesional,No oficial,atlantico,barranquilla
39.96,41.38,19.19,33.81,2,Institución técnica profesional,No oficial,atlantico,barranquilla
41.38,19.19,33.81,18.15,1,Institución técnica profesional,No oficial,atlantico,barranquilla
19.19,33.81,18.15,27.24,2,Institución técnica profesional,No oficial,atlantico,barranquilla
33.81,18.15,27.24,20.25,1,Institución técnica profesional,No oficial,atlantico,barranquilla
18.15,27.24,20.25,36.32,2,Institución técnica profesional,No oficial,atlantico,barranquilla
27.24,20.25,36.32,46.84,1,Institución técnica profesional,No oficial,atlantico,barranquilla
20.25,36.32,46.84,32.76,2,Institución técnica profesional,No oficial,atlantico,barranquilla
36.32,46.84,32.76,66.58,1,Institución técnica profesional,No oficial,atlantico,barranquilla
46.84,32.76,66.58,54.74,2,Institución técnica profesional,No oficial,atlantico,barranquilla
32.76,66.58,54.74,50.98,1,Institución técnica profesional,No oficial,atlantico,barranquilla
66.58,54.74,50.98,28.57,2,Institución técnica profesional,No oficial,atlantico,barranquilla
54.74,50.98,28.57,54.83,1,Institución técnica profesional,No oficial,atlantico,barranquilla
50.98,28.57,54.83,49.12,2,Institución técnica profesional,No oficial,atlantico,barranquilla
28.57,54.83,49.12,45.45,1,Institución técnica profesional,No oficial,atlantico,barranquilla
54.83,49.12,45.45,53.06,2,Institución técnica profesional,No oficial,atlantico,barranquilla
49.12,45.45,53.06,67.23,1,Institución técnica profesional,No oficial,atlantico,barranquilla
45.45,53.06,67.23,21.73,2,Institución técnica profesional,No oficial,atlantico,barranquilla
53.06,67.23,21.73,8.12,1,Institución técnica profesional,No oficial,atlantico,barranquilla
67.23,21.73,8.12,5.04,2,Institución técnica profesional,No oficial,atlantico,barranquilla
21.73,8.12,5.04,7.4,1,Institución técnica profesional,No oficial,atlantico,barranquilla
0.0,0.0,2.5,11.94,1,Institución universitaria/Escuela Tecnológica,No oficial,atlantico,barranquilla
0.0,2.5,11.94,11.53,2,Institución universitaria/Escuela Tecnológica,No oficial,atlantico,barranquilla
2.5,11.94,11.53,13.39,1,Institución universitaria/Escuela Tecnológica,No oficial,atlantico,barranquilla
11.94,11.53,13.39,57.17,2,Institución universitaria/Escuela Tecnológica,No oficial,atlantico,barranquilla
11.53,13.39,57.17,100.0,1,Institución universitaria/Escuela Tecnológica,No oficial,atlantico,barranquilla
13.39,57.17,100.0,2.48,2,Institución universitaria/Escuela Tecnológica,No oficial,atlantico,barranquilla
57.17,100.0,2.48,0.64,1,Institución universitaria/Escuela Tecnológica,No oficial,atlantico,barranquilla
100.0,2.48,0.64,29.43,2,Institución universitaria/Escuela Tecnológica,No oficial,atlantico,barranquilla
2.48,0.64,29.43,31.81,1,Institución universitaria/Escuela Tecnológica,No oficial,atlantico,barranquilla
0.64,29.43,31.81,35.42,2,Institución universitaria/Escuela Tecnológica,No oficial,atlantico,barranquilla
29.43,31.81,35.42,24.4,1,Institución universitaria/Escuela Tecnológica,No oficial,atlantico,barranquilla
31.81,35.42,24.4,19.9,2,Institución universitaria/Escuela Tecnológica,No oficial,atlantico,barranquilla
35.42,24.4,19.9,21.12,1,Institución universitaria/Escuela Tecnológica,No oficial,atlantico,barranquilla
24.4,19.9,21.12,26.64,2,Institución universitaria/Escuela Tecnológica,No oficial,atlantico,barranquilla
19.9,21.12,26.64,26.57,1,Institución universitaria/Escuela Tecnológica,No oficial,atlantico,barranquilla
21.12,26.64,26.57,13.8,2,Institución universitaria/Escuela Tecnológica,No oficial,atlantico,barranquilla
26.64,26.57,13.8,15.85,1,Institución universitaria/Escuela Tecnológica,No oficial,atlantico,barranquilla
26.57,13.8,15.85,19.52,2,Institución universitaria/Escuela Tecnológica,No oficial,atlantico,barranquilla
13.8,15.85,19.52,24.03,1,Institución universitaria/Escuela Tecnológica,No oficial,atlantico,barranquilla
15.85,19.52,24.03,15.29,2,Institución universitaria/Escuela Tecnológica,No oficial,atlantico,barranquilla
19.52,24.03,15.29,18.53,1,Institución universitaria/Escuela Tecnológica,No oficial,atlantico,barranquilla
24.03,15.29,18.53,15.62,2,Institución universitaria/Escuela Tecnológica,No oficial,atlantico,barranquilla
15.29,18.53,15.62,11.89,1,Institución universitaria/Escuela Tecnológica,No oficial,atlantico,barranquilla
18.53,15.62,11.89,14.52,2,Institución universitaria/Escuela Tecnológica,No oficial,atlantico,barranquilla
15.62,11.89,14.52,12.79,1,Institución universitaria/Escuela Tecnológica,No oficial,atlantico,barranquilla
11.89,14.52,12.79,14.97,2,Institución universitaria/Escuela Tecnológica,No oficial,atlantico,barranquilla
14.52,12.79,14.97,11.69,1,Institución universitaria/Escuela Tecnológica,No oficial,atlantico,barranquilla
12.79,14.97,11.69,11.05,2,Institución universitaria/Escuela Tecnológica,No oficial,atlantico,barranquilla
14.97,11.69,11.05,12.95,1,Institución universitaria/Escuela Tecnológica,No oficial,atlantico,barranquilla
11.69,11.05,12.95,13.62,2,Institución universitaria/Escuela Tecnológica,No oficial,atlantico,barranquilla
11.05,12.95,13.62,15.47,1,Institución universitaria/Escuela Tecnológica,No oficial,atlantico,barranquilla
12.95,13.62,15.47,12.84,2,Institución universitaria/Escuela Tecnológica,No oficial,atlantico,barranquilla
13.62,15.47,12.84,11.91,1,Institución universitaria/Escuela Tecnológica,No oficial,atlantico,barranquilla
15.47,12.84,11.91,17.7,2,Institución universitaria/Escuela Tecnológica,No oficial,atlantico,barranquilla
12.84,11.91,17.7,15.48,1,Institución universitaria/Escuela Tecnológica,No oficial,atlantico,barranquilla
11.91,17.7,15.48,14.72,2,Institución universitaria/Escuela Tecnológica,No oficial,atlantico,barranquilla
17.7,15.48,14.72,19.4,1,Institución universitaria/Escuela Tecnológica,No oficial,atlantico,barranquilla
15.48,14.72,19.4,22.52,2,Institución universitaria/Escuela Tecnológica,No oficial,atlantico,barranquilla
14.72,19.4,22.52,10.01,1,Institución universitaria/Escuela Tecnológica,No oficial,atlantico,barranquilla
19.4,22.52,10.01,12.3,2,Institución universitaria/Escuela Tecnológica,No oficial,atlantico,barranquilla
22.52,10.01,12.3,12.81,1,Institución universitaria/Escuela Tecnológica,No oficial,atlantico,barranquilla
0.0,0.0,25.64,12.2,1,Institución universitaria/Escuela Tecnológica,No oficial,bogota d c,bogota dc
0.0,25.64,12.2,19.64,2,Institución universitaria/Escuela Tecnológica,No oficial,bogota d c,bogota dc
25.64,12.2,19.64,21.54,1,Institución universitaria/Escuela Tecnológica,No oficial,bogota d c,bogota dc
12.2,19.64,21.54,11.58,2,Institución universitaria/Escuela Tecnológica,No oficial,bogota d c,bogota dc
19.64,21.54,11.58,14.29,1,Institución universitaria/Escuela Tecnológica,No oficial,bogota d c,bogota dc
21.54,11.58,14.29,15.13,2,Institución universitaria/Escuela Tecnológica,No oficial,bogota d c,bogota dc
11.58,14.29,15.13,12.61,1,Institución universitaria/Escuela Tecnológica,No oficial,bogota d c,bogota dc
14.29,15.13,12.61,14.73,2,Institución universitaria/Escuela Tecnológica,No oficial,bogota d c,bogota dc
15.13,12.61,14.73,8.12,1,Institución universitaria/Escuela Tecnológica,No oficial,bogota d c,bogota dc
12.61,14.73,8.12,15.7,2,Institución universitaria/Escuela Tecnológica,No oficial,bogota d c,bogota dc
14.73,8.12,15.7,20.37,1,Institución universitaria/Escuela Tecnológica,No oficial,bogota d c,bogota dc
8.12,15.7,20.37,19.39,2,Institución universitaria/Escuela Tecnológica,No oficial,bogota d c,bogota dc
15.7,20.37,19.39,13.29,1,Institución universitaria/Escuela Tecnológica,No oficial,bogota d c,bogota dc
20.37,19.39,13.29,17.47,2,Institución universitaria/Escuela Tecnológica,No oficial,bogota d c,bogota dc
19.39,13.29,17.47,24.39,1,Institución universitaria/Escuela Tecnológica,No oficial,bogota d c,bogota dc
13.29,17.47,24.39,13.44,2,Institución universitaria/Escuela Tecnológica,No oficial,bogota d c,bogota dc
17.47,24.39,13.44,5.44,1,Institución universitaria/Escuela Tecnológica,No oficial,bogota d c,bogota dc
24.39,13.44,5.44,7.74,2,Institución universitaria/Escuela Tecnológica,No oficial,bogota d c,bogota dc
13.44,5.44,7.74,25.09,1,Institución universitaria/Escuela Tecnológica,No oficial,bogota d c,bogota dc
5.44,7.74,25.09,8.66,2,Institución universitaria/Escuela Tecnológica,No oficial,bogota d c,bogota dc
7.74,25.09,8.66,17.87,1,Institución universitaria/Escuela Tecnológica,No oficial,bogota d c,bogota dc
25.09,8.66,17.87,10.87,2,Institución universitaria/Escuela Tecnológica,No oficial,bogota d c,bogota dc
8.66,17.87,10.87,10.86,1,Institución universitaria/Escuela Tecnológica,No oficial,bogota d c,bogota dc
17.87,10.87,10.86,11.22,2,Institución universitaria/Escuela Tecnológica,No oficial,bogota d c,bogota dc
10.87,10.86,11.22,12.85,1,Institución universitaria/Escuela Tecnológica,No oficial,bogota d c,bogota dc
10.86,11.22,12.85,13.84,2,Institución universitaria/Escuela Tecnológica,No oficial,bogota d c,bogota dc
11.22,12.85,13.84,12.55,1,Institución universitaria/Escuela Tecnológica,No oficial,bogota d c,bogota dc
12.85,13.84,12.55,10.3,2,Institución universitaria/Escuela Tecnológica,No oficial,bogota d c,bogota dc
13.84,12.55,10.3,10.9,1,Institución universitaria/Escuela Tecnológica,No oficial,bogota d c,bogota dc
12.55,10.3,10.9,10.84,2,Institución universitaria/Escuela Tecnológica,No oficial,bogota d c,bogota dc
10.3,10.9,10.84,12.21,1,Institución universitaria/Escuela Tecnológica,No oficial,bogota d c,bogota dc
10.9,10.84,12.21,10.6,2,Institución universitaria/Escuela Tecnológica,No oficial,bogota d c,bogota dc
10.84,12.21,10.6,12.6,1,Institución universitaria/Escuela Tecnológica,No oficial,bogota d c,bogota dc
12.21,10.6,12.6,11.65,2,Institución universitaria/Escuela Tecnológica,No oficial,bogota d c,bogota dc
10.6,12.6,11.65,15.08,1,Institución universitaria/Escuela Tecnológica,No oficial,bogota d c,bogota dc
12.6,11.65,15.08,12.05,2,Institución universitaria/Escuela Tecnológica,No oficial,bogota d c,bogota dc
11.65,15.08,12.05,10.73,1,Institución universitaria/Escuela Tecnológica,No oficial,bogota d c,bogota dc
15.08,12.05,10.73,12.91,2,Institución universitaria/Escuela Tecnológica,No oficial,bogota d c,bogota dc
12.05,10.73,12.91,15.22,1,Institución universitaria/Escuela Tecnológica,No oficial,bogota d c,bogota dc
10.73,12.91,15.22,13.03,2,Institución universitaria/Escuela Tecnológica,No oficial,bogota d c,bogota dc
12.91,15.22,13.03,11.87,1,Institución universitaria/Escuela Tecnológica,No oficial,bogota d c,bogota dc
15.22,13.03,11.87,9.8,2,Institución universitaria/Escuela Tecnológica,No oficial,bogota d c,bogota dc
13.03,11.87,9.8,19.45,1,Institución universitaria/Escuela Tecnológica,No oficial,bogota d c,bogota dc
11.87,9.8,19.45,20.6,2,Institución universitaria/Escuela Tecnológica,No oficial,bogota d c,bogota dc
9.8,19.45,20.6,9.36,1,Institución universitaria/Escuela Tecnológica,No oficial,bogota d c,bogota dc
19.45,20.6,9.36,10.86,2,Institución universitaria/Escuela Tecnológica,No oficial,bogota d c,bogota dc
20.6,9.36,10.86,14.15,1,Institución universitaria/Escuela Tecnológica,No oficial,bogota d c,bogota dc
0.0,0.0,31.08,100.0,1,Institución técnica profesional,No oficial,risaralda,pereira
0.0,31.08,100.0,13.73,2,Institución técnica profesional,No oficial,risaralda,pereira
31.08,100.0,13.73,30.88,1,Institución técnica profesional,No oficial,risaralda,pereira
100.0,13.73,30.88,100.0,2,Institución técnica profesional,No oficial,risaralda,pereira
13.73,30.88,100.0,100.0,1,Institución técnica profesional,No oficial,risaralda,pereira
30.88,100.0,100.0,1.79,2,Institución técnica profesional,No oficial,risaralda,pereira
100.0,100.0,1.79,5.93,1,Institución técnica profesional,No oficial,risaralda,pereira
100.0,1.79,5.93,19.66,2,Institución técnica profesional,No oficial,risaralda,pereira
1.79,5.93,19.66,22.06,1,Institución técnica profesional,No oficial,risaralda,pereira
5.93,19.66,22.06,14.72,2,Institución técnica profesional,No oficial,risaralda,pereira
19.66,22.06,14.72,16.45,1,Institución técnica profesional,No oficial,risaralda,pereira
22.06,14.72,16.45,17.65,2,Institución técnica profesional,No oficial,risaralda,pereira
14.72,16.45,17.65,5.45,1,Institución técnica profesional,No oficial,risaralda,pereira
16.45,17.65,5.45,18.13,2,Institución técnica profesional,No oficial,risaralda,pereira
17.65,5.45,18.13,32.54,1,Institución técnica profesional,No oficial,risaralda,pereira
5.45,18.13,32.54,33.19,2,Institución técnica profesional,No oficial,risaralda,pereira
18.13,32.54,33.19,18.44,1,Institución técnica profesional,No oficial,risaralda,pereira
32.54,33.19,18.44,11.2,2,Institución técnica profesional,No oficial,risaralda,pereira
33.19,18.44,11.2,29.73,1,Institución técnica profesional,No oficial,risaralda,pereira
18.44,11.2,29.73,9.24,2,Institución técnica profesional,No oficial,risaralda,pereira
11.2,29.73,9.24,16.14,1,Institución técnica profesional,No oficial,risaralda,pereira
29.73,9.24,16.14,20.58,2,Institución técnica profesional,No oficial,risaralda,pereira
9.24,16.14,20.58,20.65,1,Institución técnica profesional,No oficial,risaralda,pereira
16.14,20.58,20.65,10.8,2,Institución técnica profesional,No oficial,risaralda,pereira
20.58,20.65,10.8,12.31,1,Institución técnica profesional,No oficial,risaralda,pereira
20.65,10.8,12.31,18.78,2,Institución técnica profesional,No oficial,risaralda,pereira
10.8,12.31,18.78,16.53,1,Institución técnica profesional,No oficial,risaralda,pereira
12.31,18.78,16.53,16.54,2,Institución técnica profesional,No oficial,risaralda,pereira
18.78,16.53,16.54,12.52,1,Institución técnica profesional,No oficial,risaralda,pereira
0.0,0.0,8.23,6.02,1,Institución técnica profesional,No oficial,antioquia,medellin
0.0,8.23,6.02,7.08,2,Institución técnica profesional,No oficial,antioquia,medellin
8.23,6.02,7.08,6.19,1,Institución técnica profesional,No oficial,antioquia,medellin
6.02,7.08,6.19,7.54,2,Institución técnica profesional,No oficial,antioquia,medellin
7.08,6.19,7.54,10.09,1,Institución técnica profesional,No oficial,antioquia,medellin
6.19,7.54,10.09,7.94,2,Institución técnica profesional,No oficial,antioquia,medellin
7.54,10.09,7.94,7.45,1,Institución técnica profesional,No oficial,antioquia,medellin
10.09,7.94,7.45,7.35,2,Institución técnica profesional,No oficial,antioquia,medellin
7.94,7.45,7.35,7.27,1,Institución técnica profesional,No oficial,antioquia,medellin
7.45,7.35,7.27,5.85,2,Institución técnica profesional,No oficial,antioquia,medellin
7.35,7.27,5.85,10.61,1,Institución técnica profesional,No oficial,antioquia,medellin
7.27,5.85,10.61,10.91,2,Institución técnica profesional,No oficial,antioquia,medellin
5.85,10.61,10.91,7.25,1,Institución técnica profesional,No oficial,antioquia,medellin
10.61,10.91,7.25,4.3,2,Institución técnica profesional,No oficial,antioquia,medellin
10.91,7.25,4.3,5.57,1,Institución técnica profesional,No oficial,antioquia,medellin
7.25,4.3,5.57,5.02,2,Institución técnica profesional,No oficial,antioquia,medellin
4.3,5.57,5.02,7.31,1,Institución técnica profesional,No oficial,antioquia,medellin
5.57,5.02,7.31,8.17,2,Institución técnica profesional,No oficial,antioquia,medellin
5.02,7.31,8.17,11.27,1,Institución técnica profesional,No oficial,antioquia,medellin
7.31,8.17,11.27,14.84,2,Institución técnica profesional,No oficial,antioquia,medellin
8.17,11.27,14.84,16.1,1,Institución técnica profesional,No oficial,antioquia,medellin
11.27,14.84,16.1,13.95,2,Institución técnica profesional,No oficial,antioquia,medellin
14.84,16.1,13.95,13.06,1,Institución técnica profesional,No oficial,antioquia,medellin
16.1,13.95,13.06,16.12,2,Institución técnica profesional,No oficial,antioquia,medellin
13.95,13.06,16.12,20.0,1,Institución técnica profesional,No oficial,antioquia,medellin
13.06,16.12,20.0,16.59,2,Institución técnica profesional,No oficial,antioquia,medellin
16.12,20.0,16.59,20.42,1,Institución técnica profesional,No oficial,antioquia,medellin
20.0,16.59,20.42,28.09,2,Institución técnica profesional,No oficial,antioquia,medellin
0.0,0.0,7.17,65.68,1,Institución técnica profesional,No oficial,santander,bucaramanga
0.0,7.17,65.68,100.0,2,Institución técnica profesional,No oficial,santander,bucaramanga
7.17,65.68,100.0,100.0,1,Institución técnica profesional,No oficial,santander,bucaramanga
65.68,100.0,100.0,8.04,2,Institución técnica profesional,No oficial,santander,bucaramanga
100.0,100.0,8.04,29.66,1,Institución técnica profesional,No oficial,santander,bucaramanga
100.0,8.04,29.66,18.58,2,Institución técnica profesional,No oficial,santander,bucaramanga
8.04,29.66,18.58,15.24,1,Institución técnica profesional,No oficial,santander,bucaramanga
29.66,18.58,15.24,16.74,2,Institución técnica profesional,No oficial,santander,bucaramanga
18.58,15.24,16.74,23.75,1,Institución técnica profesional,No oficial,santander,bucaramanga
15.24,16.74,23.75,61.78,2,Institución técnica profesional,No oficial,santander,bucaramanga
16.74,23.75,61.78,51.88,1,Institución técnica profesional,No oficial,santander,bucaramanga
23.75,61.78,51.88,65.49,2,Institución técnica profesional,No oficial,santander,bucaramanga
61.78,51.88,65.49,35.71,1,Institución técnica profesional,No oficial,santander,bucaramanga
51.88,65.49,35.71,73.56,2,Institución técnica profesional,No oficial,santander,bucaramanga
65.49,35.71,73.56,92.31,1,Institución técnica profesional,No oficial,santander,bucaramanga
35.71,73.56,92.31,40.52,2,Institución técnica profesional,No oficial,santander,bucaramanga
73.56,92.31,40.52,67.0,1,Institución técnica profesional,No oficial,santander,bucaramanga
92.31,40.52,67.0,82.35,2,Institución técnica profesional,No oficial,santander,bucaramanga
40.52,67.0,82.35,29.47,1,Institución técnica profesional,No oficial,santander,bucaramanga
67.0,82.35,29.47,8.1,2,Institución técnica profesional,No oficial,santander,bucaramanga
82.35,29.47,8.1,100.0,1,Institución técnica profesional,No oficial,santander,bucaramanga
29.47,8.1,100.0,100.0,2,Institución técnica profesional,No oficial,santander,bucaramanga
8.1,100.0,100.0,12.07,1,Institución técnica profesional,No oficial,santander,bucaramanga
100.0,100.0,12.07,100.0,2,Institución técnica profesional,No oficial,santander,bucaramanga
100.0,12.07,100.0,100.0,1,Institución técnica profesional,No oficial,santander,bucaramanga
12.07,100.0,100.0,20.83,2,Institución técnica profesional,No oficial,santander,bucaramanga
100.0,100.0,20.83,66.2,1,Institución técnica profesional,No oficial,santander,bucaramanga
100.0,20.83,66.2,83.33,2,Institución técnica profesional,No oficial,santander,bucaramanga
20.83,66.2,83.33,100.0,1,Institución técnica profesional,No oficial,santander,bucaramanga
66.2,83.33,100.0,27.08,2,Institución técnica profesional,No oficial,santander,bucaramanga
83.33,100.0,27.08,25.0,1,Institución técnica profesional,No oficial,santander,bucaramanga
100.0,27.08,25.0,33.06,2,Institución técnica profesional,No oficial,santander,bucaramanga
27.08,25.0,33.06,42.59,1,Institución técnica profesional,No oficial,santander,bucaramanga
25.0,33.06,42.59,58.31,2,Institución técnica profesional,No oficial,santander,bucaramanga
33.06,42.59,58.31,63.31,1,Institución técnica profesional,No oficial,santander,bucaramanga
42.59,58.31,63.31,85.81,2,Institución técnica profesional,No oficial,santander,bucaramanga
58.31,63.31,85.81,100.0,1,Institución técnica profesional,No oficial,santander,bucaramanga
63.31,85.81,100.0,48.74,2,Institución técnica profesional,No oficial,santander,bucaramanga
85.81,100.0,48.74,11.63,1,Institución técnica profesional,No oficial,santander,bucaramanga
100.0,48.74,11.63,34.09,2,Institución técnica profesional,No oficial,santander,bucaramanga
48.74,11.63,34.09,24.33,1,Institución técnica profesional,No oficial,santander,bucaramanga
11.63,34.09,24.33,3.22,2,Institución técnica profesional,No oficial,santander,bucaramanga
34.09,24.33,3.22,3.21,1,Institución técnica profesional,No oficial,santander,bucaramanga
24.33,3.22,3.21,3.96,2,Institución técnica profesional,No oficial,santander,bucaramanga
3.22,3.21,3.96,28.81,1,Institución técnica profesional,No oficial,santander,bucaramanga
3.21,3.96,28.81,47.13,2,Institución técnica profesional,No oficial,santander,bucaramanga
3.96,28.81,47.13,48.13,1,Institución técnica profesional,No oficial,santander,bucaramanga
0.0,0.0,33.33,0.0,2,Institución técnica profesional,No oficial,bogota d c,bogota dc
0.0,33.33,0.0,50.0,1,Institución técnica profesional,No oficial,bogota d c,bogota dc
33.33,0.0,50.0,0.0,2,Institución técnica profesional,No oficial,bogota d c,bogota dc
0.0,50.0,0.0,0.0,1,Institución técnica profesional,No oficial,bogota d c,bogota dc
50.0,0.0,0.0,100.0,2,Institución técnica profesional,No oficial,bogota d c,bogota dc
0.0,0.0,100.0,100.0,1,Institución técnica profesional,No oficial,bogota d c,bogota dc
0.0,100.0,100.0,100.0,2,Institución técnica profesional,No oficial,bogota d c,bogota dc
100.0,100.0,100.0,100.0,1,Institución técnica profesional,No oficial,bogota d c,bogota dc
100.0,100.0,100.0,25.0,2,Institución técnica profesional,No oficial,bogota d c,bogota dc
100.0,100.0,25.0,25.0,1,Institución técnica profesional,No oficial,bogota d c,bogota dc
100.0,25.0,25.0,3.49,2,Institución técnica profesional,No oficial,bogota d c,bogota dc
25.0,25.0,3.49,2.56,1,Institución técnica profesional,No oficial,bogota d c,bogota dc
25.0,3.49,2.56,10.11,2,Institución técnica profesional,No oficial,bogota d c,bogota dc
3.49,2.56,10.11,1.83,1,Institución técnica profesional,No oficial,bogota d c,bogota dc
2.56,10.11,1.83,14.38,2,Institución técnica profesional,No oficial,bogota d c,bogota dc
10.11,1.83,14.38,11.66,1,Institución técnica profesional,No oficial,bogota d c,bogota dc
1.83,14.38,11.66,18.85,2,Institución técnica profesional,No oficial,bogota d c,bogota dc
14.38,11.66,18.85,21.26,1,Institución técnica profesional,No oficial,bogota d c,bogota dc
11.66,18.85,21.26,21.56,2,Institución técnica profesional,No oficial,bogota d c,bogota dc
18.85,21.26,21.56,23.18,1,Institución técnica profesional,No oficial,bogota d c,bogota dc
21.26,21.56,23.18,41.97,2,Institución técnica profesional,No oficial,bogota d c,bogota dc
21.56,23.18,41.97,36.44,1,Institución técnica profesional,No oficial,bogota d c,bogota dc
23.18,41.97,36.44,45.81,2,Institución técnica profesional,No oficial,bogota d c,bogota dc
41.97,36.44,45.81,27.95,1,Institución técnica profesional,No oficial,bogota d c,bogota dc
36.44,45.81,27.95,51.28,2,Institución técnica profesional,No oficial,bogota d c,bogota dc
45.81,27.95,51.28,100.0,1,Institución técnica profesional,No oficial,bogota d c,bogota dc
27.95,51.28,100.0,62.52,2,Institución técnica profesional,No oficial,bogota d c,bogota dc
51.28,100.0,62.52,3.99,1,Institución técnica profesional,No oficial,bogota d c,bogota dc
100.0,62.52,3.99,30.59,2,Institución técnica profesional,No oficial,bogota d c,bogota dc
62.52,3.99,30.59,25.97,1,Institución técnica profesional,No oficial,bogota d c,bogota dc
3.99,30.59,25.97,72.64,2,Institución técnica profesional,No oficial,bogota d c,bogota dc
30.59,25.97,72.64,40.72,1,Institución técnica profesional,No oficial,bogota d c,bogota dc
25.97,72.64,40.72,47.53,2,Institución técnica profesional,No oficial,bogota d c,bogota dc
72.64,40.72,47.53,13.64,1,Institución técnica profesional,No oficial,bogota d c,bogota dc
40.72,47.53,13.64,46.05,2,Institución técnica profesional,No oficial,bogota d c,bogota dc
47.53,13.64,46.05,53.51,1,Institución técnica profesional,No oficial,bogota d c,bogota dc
13.64,46.05,53.51,26.14,2,Institución técnica profesional,No oficial,bogota d c,bogota dc
46.05,53.51,26.14,52.57,1,Institución técnica profesional,No oficial,bogota d c,bogota dc
53.51,26.14,52.57,43.44,2,Institución técnica profesional,No oficial,bogota d c,bogota dc
26.14,52.57,43.44,53.85,1,Institución técnica profesional,No oficial,bogota d c,bogota dc
52.57,43.44,53.85,36.89,2,Institución técnica profesional,No oficial,bogota d c,bogota dc
43.44,53.85,36.89,27.72,1,Institución técnica profesional,No oficial,bogota d c,bogota dc
0.0,0.0,4.29,3.44,1,Institución universitaria/Escuela Tecnológica,No oficial,atlantico,barranquilla
0.0,4.29,3.44,5.41,2,Institución universitaria/Escuela Tecnológica,No oficial,atlantico,barranquilla
4.29,3.44,5.41,7.29,1,Institución universitaria/Escuela Tecnológica,No oficial,atlantico,barranquilla
3.44,5.41,7.29,10.92,2,Institución universitaria/Escuela Tecnológica,No oficial,atlantico,barranquilla
5.41,7.29,10.92,13.23,1,Institución universitaria/Escuela Tecnológica,No oficial,atlantico,barranquilla
7.29,10.92,13.23,13.25,2,Institución universitaria/Escuela Tecnológica,No oficial,atlantico,barranquilla
10.92,13.23,13.25,27.3,1,Institución universitaria/Escuela Tecnológica,No oficial,atlantico,barranquilla
13.23,13.25,27.3,12.54,2,Institución universitaria/Escuela Tecnológica,No oficial,atlantico,barranquilla
13.25,27.3,12.54,22.22,1,Institución universitaria/Escuela Tecnológica,No oficial,atlantico,barranquilla
27.3,12.54,22.22,16.67,2,Institución universitaria/Escuela Tecnológica,No oficial,atlantico,barranquilla
12.54,22.22,16.67,20.08,1,Institución universitaria/Escuela Tecnológica,No oficial,atlantico,barranquilla
22.22,16.67,20.08,31.78,2,Institución universitaria/Escuela Tecnológica,No oficial,atlantico,barranquilla
16.67,20.08,31.78,51.35,1,Institución universitaria/Escuela Tecnológica,No oficial,atlantico,barranquilla
20.08,31.78,51.35,42.25,2,Institución universitaria/Escuela Tecnológica,No oficial,atlantico,barranquilla
31.78,51.35,42.25,32.65,1,Institución universitaria/Escuela Tecnológica,No oficial,atlantico,barranquilla
51.35,42.25,32.65,34.92,2,Institución universitaria/Escuela Tecnológica,No oficial,atlantico,barranquilla
42.25,32.65,34.92,26.38,1,Institución universitaria/Escuela Tecnológica,No oficial,atlantico,barranquilla
32.65,34.92,26.38,29.2,2,Institución universitaria/Escuela Tecnológica,No oficial,atlantico,barranquilla
34.92,26.38,29.2,82.69,1,Institución universitaria/Escuela Tecnológica,No oficial,atlantico,barranquilla
26.38,29.2,82.69,67.67,2,Institución universitaria/Escuela Tecnológica,No oficial,atlantico,barranquilla
29.2,82.69,67.67,32.2,1,Institución universitaria/Escuela Tecnológica,No oficial,atlantico,barranquilla
82.69,67.67,32.2,0.95,2,Institución universitaria/Escuela Tecnológica,No oficial,atlantico,barranquilla
67.67,32.2,0.95,19.19,1,Institución universitaria/Escuela Tecnológica,No oficial,atlantico,barranquilla
32.2,0.95,19.19,24.91,2,Institución universitaria/Escuela Tecnológica,No oficial,atlantico,barranquilla
0.95,19.19,24.91,14.86,1,Institución universitaria/Escuela Tecnológica,No oficial,atlantico,barranquilla
19.19,24.91,14.86,12.43,2,Institución universitaria/Escuela Tecnológica,No oficial,atlantico,barranquilla
24.91,14.86,12.43,2.86,1,Institución universitaria/Escuela Tecnológica,No oficial,atlantico,barranquilla
14.86,12.43,2.86,5.9,2,Institución universitaria/Escuela Tecnológica,No oficial,atlantico,barranquilla
12.43,2.86,5.9,7.0,1,Institución universitaria/Escuela Tecnológica,No oficial,atlantico,barranquilla
2.86,5.9,7.0,6.86,2,Institución universitaria/Escuela Tecnológica,No oficial,atlantico,barranquilla
5.9,7.0,6.86,7.61,1,Institución universitaria/Escuela Tecnológica,No oficial,atlantico,barranquilla
7.0,6.86,7.61,6.03,2,Institución universitaria/Escuela Tecnológica,No oficial,atlantico,barranquilla
6.86,7.61,6.03,9.66,1,Institución universitaria/Escuela Tecnológica,No oficial,atlantico,barranquilla
7.61,6.03,9.66,11.36,2,Institución universitaria/Escuela Tecnológica,No oficial,atlantico,barranquilla
6.03,9.66,11.36,7.59,1,Institución universitaria/Escuela Tecnológica,No oficial,atlantico,barranquilla
9.66,11.36,7.59,4.07,2,Institución universitaria/Escuela Tecnológica,No oficial,atlantico,barranquilla
11.36,7.59,4.07,6.89,1,Institución universitaria/Escuela Tecnológica,No oficial,atlantico,barranquilla
7.59,4.07,6.89,6.72,2,Institución universitaria/Escuela Tecnológica,No oficial,atlantico,barranquilla
4.07,6.89,6.72,8.9,1,Institución universitaria/Escuela Tecnológica,No oficial,atlantico,barranquilla
6.89,6.72,8.9,10.87,2,Institución universitaria/Escuela Tecnológica,No oficial,atlantico,barranquilla
6.72,8.9,10.87,6.51,1,Institución universitaria/Escuela Tecnológica,No oficial,atlantico,barranquilla
8.9,10.87,6.51,7.77,2,Institución universitaria/Escuela Tecnológica,No oficial,atlantico,barranquilla
10.87,6.51,7.77,6.93,1,Institución universitaria/Escuela Tecnológica,No oficial,atlantico,barranquilla
6.51,7.77,6.93,7.05,2,Institución universitaria/Escuela Tecnológica,No oficial,atlantico,barranquilla
7.77,6.93,7.05,3.03,1,Institución universitaria/Escuela Tecnológica,No oficial,atlantico,barranquilla
6.93,7.05,3.03,7.31,2,Institución universitaria/Escuela Tecnológica,No oficial,atlantico,barranquilla
7.05,3.03,7.31,5.87,1,Institución universitaria/Escuela Tecnológica,No oficial,atlantico,barranquilla
0.0,0.0,7.96,10.42,1,Universidad,No oficial,bogota d c,bogota dc
0.0,7.96,10.42,25.84,2,Universidad,No oficial,bogota d c,bogota dc
7.96,10.42,25.84,0.0,1,Universidad,No oficial,bogota d c,bogota dc
10.42,25.84,0.0,13.0,2,Universidad,No oficial,bogota d c,bogota dc
25.84,0.0,13.0,22.88,1,Universidad,No oficial,bogota d c,bogota dc
0.0,13.0,22.88,19.42,2,Universidad,No oficial,bogota d c,bogota dc
13.0,22.88,19.42,10.79,1,Universidad,No oficial,bogota d c,bogota dc
22.88,19.42,10.79,14.14,2,Universidad,No oficial,bogota d c,bogota dc
19.42,10.79,14.14,11.9,1,Universidad,No oficial,bogota d c,bogota dc
10.79,14.14,11.9,24.02,2,Universidad,No oficial,bogota d c,bogota dc
14.14,11.9,24.02,56.84,1,Universidad,No oficial,bogota d c,bogota dc
11.9,24.02,56.84,10.77,2,Universidad,No oficial,bogota d c,bogota dc
24.02,56.84,10.77,6.84,1,Universidad,No oficial,bogota d c,bogota dc
56.84,10.77,6.84,24.05,2,Universidad,No oficial,bogota d c,bogota dc
10.77,6.84,24.05,22.7,1,Universidad,No oficial,bogota d c,bogota dc
6.84,24.05,22.7,19.61,2,Universidad,No oficial,bogota d c,bogota dc
24.05,22.7,19.61,13.4,1,Universidad,No oficial,bogota d c,bogota dc
22.7,19.61,13.4,14.16,2,Universidad,No oficial,bogota d c,bogota dc
19.61,13.4,14.16,14.39,1,Universidad,No oficial,bogota d c,bogota dc
13.4,14.16,14.39,16.64,2,Universidad,No oficial,bogota d c,bogota dc
14.16,14.39,16.64,13.67,1,Universidad,No oficial,bogota d c,bogota dc
14.39,16.64,13.67,14.84,2,Universidad,No oficial,bogota d c,bogota dc
16.64,13.67,14.84,15.15,1,Universidad,No oficial,bogota d c,bogota dc
13.67,14.84,15.15,15.55,2,Universidad,No oficial,bogota d c,bogota dc
14.84,15.15,15.55,15.53,1,Universidad,No oficial,bogota d c,bogota dc
15.15,15.55,15.53,17.04,2,Universidad,No oficial,bogota d c,bogota dc
15.55,15.53,17.04,17.63,1,Universidad,No oficial,bogota d c,bogota dc
15.53,17.04,17.63,13.84,2,Universidad,No oficial,bogota d c,bogota dc
17.04,17.63,13.84,11.5,1,Universidad,No oficial,bogota d c,bogota dc
17.63,13.84,11.5,15.41,2,Universidad,No oficial,bogota d c,bogota dc
13.84,11.5,15.41,26.82,1,Universidad,No oficial,bogota d c,bogota dc
11.5,15.41,26.82,14.07,2,Universidad,No oficial,bogota d c,bogota dc
15.41,26.82,14.07,8.98,1,Universidad,No oficial,bogota d c,bogota dc
26.82,14.07,8.98,10.46,2,Universidad,No oficial,bogota d c,bogota dc
14.07,8.98,10.46,10.31,1,Universidad,No oficial,bogota d c,bogota dc
8.98,10.46,10.31,12.1,2,Universidad,No oficial,bogota d c,bogota dc
10.46,10.31,12.1,11.94,1,Universidad,No oficial,bogota d c,bogota dc
10.31,12.1,11.94,13.95,2,Universidad,No oficial,bogota d c,bogota dc
12.1,11.94,13.95,13.5,1,Universidad,No oficial,bogota d c,bogota dc
11.94,13.95,13.5,11.62,2,Universidad,No oficial,bogota d c,bogota dc
13.95,13.5,11.62,9.99,1,Universidad,No oficial,bogota d c,bogota dc
13.5,11.62,9.99,12.53,2,Universidad,No oficial,bogota d c,bogota dc
11.62,9.99,12.53,17.4,1,Universidad,No oficial,bogota d c,bogota dc
9.99,12.53,17.4,17.22,2,Universidad,No oficial,bogota d c,bogota dc
12.53,17.4,17.22,11.63,1,Universidad,No oficial,bogota d c,bogota dc
17.4,17.22,11.63,11.1,2,Universidad,No oficial,bogota d c,bogota dc
17.22,11.63,11.1,9.29,1,Universidad,No oficial,bogota d c,bogota dc
0.0,0.0,7.14,10.53,1,Universidad,Oficial,bolivar,cartagena de indias
0.0,7.14,10.53,6.34,2,Universidad,Oficial,bolivar,cartagena de indias
7.14,10.53,6.34,13.03,1,Universidad,Oficial,bolivar,cartagena de indias
10.53,6.34,13.03,6.16,2,Universidad,Oficial,bolivar,cartagena de indias
6.34,13.03,6.16,3.02,1,Universidad,Oficial,bolivar,cartagena de indias
13.03,6.16,3.02,2.15,2,Universidad,Oficial,bolivar,cartagena de indias
6.16,3.02,2.15,1.79,1,Universidad,Oficial,bolivar,cartagena de indias
3.02,2.15,1.79,7.88,2,Universidad,Oficial,bolivar,cartagena de indias
2.15,1.79,7.88,9.0,1,Universidad,Oficial,bolivar,cartagena de indias
1.79,7.88,9.0,14.18,2,Universidad,Oficial,bolivar,cartagena de indias
7.88,9.0,14.18,16.97,1,Universidad,Oficial,bolivar,cartagena de indias
9.0,14.18,16.97,7.47,2,Universidad,Oficial,bolivar,cartagena de indias
14.18,16.97,7.47,5.81,1,Universidad,Oficial,bolivar,cartagena de indias
16.97,7.47,5.81,6.51,2,Universidad,Oficial,bolivar,cartagena de indias
7.47,5.81,6.51,9.24,1,Universidad,Oficial,bolivar,cartagena de indias
5.81,6.51,9.24,4.02,2,Universidad,Oficial,bolivar,cartagena de indias
6.51,9.24,4.02,7.54,1,Universidad,Oficial,bolivar,cartagena de indias
9.24,4.02,7.54,5.5,2,Universidad,Oficial,bolivar,cartagena de indias
4.02,7.54,5.5,8.88,1,Universidad,Oficial,bolivar,cartagena de indias
7.54,5.5,8.88,7.06,2,Universidad,Oficial,bolivar,cartagena de indias
5.5,8.88,7.06,2.43,1,Universidad,Oficial,bolivar,cartagena de indias
8.88,7.06,2.43,4.45,2,Universidad,Oficial,bolivar,cartagena de indias
7.06,2.43,4.45,5.72,1,Universidad,Oficial,bolivar,cartagena de indias
2.43,4.45,5.72,9.38,2,Universidad,Oficial,bolivar,cartagena de indias
4.45,5.72,9.38,8.44,1,Universidad,Oficial,bolivar,cartagena de indias
5.72,9.38,8.44,3.51,2,Universidad,Oficial,bolivar,cartagena de indias
9.38,8.44,3.51,2.73,1,Universidad,Oficial,bolivar,cartagena de indias
8.44,3.51,2.73,13.8,2,Universidad,Oficial,bolivar,cartagena de indias
3.51,2.73,13.8,8.05,1,Universidad,Oficial,bolivar,cartagena de indias
2.73,13.8,8.05,8.91,2,Universidad,Oficial,bolivar,cartagena de indias
13.8,8.05,8.91,2.54,1,Universidad,Oficial,bolivar,cartagena de indias
8.05,8.91,2.54,13.82,2,Universidad,Oficial,bolivar,cartagena de indias
8.91,2.54,13.82,6.96,1,Universidad,Oficial,bolivar,cartagena de indias
2.54,13.82,6.96,7.14,2,Universidad,Oficial,bolivar,cartagena de indias
13.82,6.96,7.14,17.04,1,Universidad,Oficial,bolivar,cartagena de indias
6.96,7.14,17.04,11.08,2,Universidad,Oficial,bolivar,cartagena de indias
7.14,17.04,11.08,5.99,1,Universidad,Oficial,bolivar,cartagena de indias
17.04,11.08,5.99,10.0,2,Universidad,Oficial,bolivar,cartagena de indias
11.08,5.99,10.0,6.43,1,Universidad,Oficial,bolivar,cartagena de indias
5.99,10.0,6.43,6.27,2,Universidad,Oficial,bolivar,cartagena de indias
10.0,6.43,6.27,1.88,1,Universidad,Oficial,bolivar,cartagena de indias
6.43,6.27,1.88,3.63,2,Universidad,Oficial,bolivar,cartagena de indias
6.27,1.88,3.63,2.73,1,Universidad,Oficial,bolivar,cartagena de indias
1.88,3.63,2.73,2.9,2,Universidad,Oficial,bolivar,cartagena de indias
3.63,2.73,2.9,4.03,1,Universidad,Oficial,bolivar,cartagena de indias
2.73,2.9,4.03,5.99,2,Universidad,Oficial,bolivar,cartagena de indias
2.9,4.03,5.99,22.79,1,Universidad,Oficial,bolivar,cartagena de indias
0.0,0.0,0.18,0.69,1,Institución tecnológica,Oficial,bogota d c,bogota dc
0.0,0.18,0.69,0.97,2,Institución tecnológica,Oficial,bogota d c,bogota dc
0.18,0.69,0.97,2.74,1,Institución tecnológica,Oficial,bogota d c,bogota dc
0.69,0.97,2.74,4.79,2,Institución tecnológica,Oficial,bogota d c,bogota dc
0.97,2.74,4.79,2.29,1,Institución tecnológica,Oficial,bogota d c,bogota dc
2.74,4.79,2.29,10.69,2,Institución tecnológica,Oficial,bogota d c,bogota dc
4.79,2.29,10.69,7.55,1,Institución tecnológica,Oficial,bogota d c,bogota dc
2.29,10.69,7.55,9.26,2,Institución tecnológica,Oficial,bogota d c,bogota dc
10.69,7.55,9.26,5.18,1,Institución tecnológica,Oficial,bogota d c,bogota dc
7.55,9.26,5.18,18.38,2,Institución tecnológica,Oficial,bogota d c,bogota dc
9.26,5.18,18.38,18.26,1,Institución tecnológica,Oficial,bogota d c,bogota dc
5.18,18.38,18.26,8.18,2,Institución tecnológica,Oficial,bogota d c,bogota dc
18.38,18.26,8.18,15.94,1,Institución tecnológica,Oficial,bogota d c,bogota dc
18.26,8.18,15.94,9.25,2,Institución tecnológica,Oficial,bogota d c,bogota dc
8.18,15.94,9.25,18.88,1,Institución tecnológica,Oficial,bogota d c,bogota dc
15.94,9.25,18.88,0.21,2,Institución tecnológica,Oficial,bogota d c,bogota dc
9.25,18.88,0.21,20.66,1,Institución tecnológica,Oficial,bogota d c,bogota dc
18.88,0.21,20.66,0.32,2,Institución tecnológica,Oficial,bogota d c,bogota dc
0.21,20.66,0.32,21.33,1,Institución tecnológica,Oficial,bogota d c,bogota dc
20.66,0.32,21.33,3.7,2,Institución tecnológica,Oficial,bogota d c,bogota dc
0.32,21.33,3.7,17.27,1,Institución tecnológica,Oficial,bogota d c,bogota dc
21.33,3.7,17.27,0.89,2,Institución tecnológica,Oficial,bogota d c,bogota dc
3.7,17.27,0.89,21.43,1,Institución tecnológica,Oficial,bogota d c,bogota dc
0.0,0.0,6.12,7.88,1,Institución universitaria/Escuela Tecnológica,No oficial,choco,quibdo
0.0,6.12,7.88,11.44,2,Institución universitaria/Escuela Tecnológica,No oficial,choco,quibdo
6.12,7.88,11.44,16.7,1,Institución universitaria/Escuela Tecnológica,No oficial,choco,quibdo
7.88,11.44,16.7,12.31,2,Institución universitaria/Escuela Tecnológica,No oficial,choco,quibdo
11.44,16.7,12.31,9.26,1,Institución universitaria/Escuela Tecnológica,No oficial,choco,quibdo
16.7,12.31,9.26,20.74,2,Institución universitaria/Escuela Tecnológica,No oficial,choco,quibdo
12.31,9.26,20.74,16.0,1,Institución universitaria/Escuela Tecnológica,No oficial,choco,quibdo
9.26,20.74,16.0,8.79,2,Institución universitaria/Escuela Tecnológica,No oficial,choco,quibdo
20.74,16.0,8.79,11.36,1,Institución universitaria/Escuela Tecnológica,No oficial,choco,quibdo
16.0,8.79,11.36,6.42,2,Institución universitaria/Escuela Tecnológica,No oficial,choco,quibdo
8.79,11.36,6.42,9.39,1,Institución universitaria/Escuela Tecnológica,No oficial,choco,quibdo
11.36,6.42,9.39,10.08,2,Institución universitaria/Escuela Tecnológica,No oficial,choco,quibdo
6.42,9.39,10.08,9.59,1,Institución universitaria/Escuela Tecnológica,No oficial,choco,quibdo
9.39,10.08,9.59,7.63,2,Institución universitaria/Escuela Tecnológica,No oficial,choco,quibdo
10.08,9.59,7.63,11.91,1,Institución universitaria/Escuela Tecnológica,No oficial,choco,quibdo
9.59,7.63,11.91,9.43,2,Institución universitaria/Escuela Tecnológica,No oficial,choco,quibdo
7.63,11.91,9.43,8.82,1,Institución universitaria/Escuela Tecnológica,No oficial,choco,quibdo
11.91,9.43,8.82,9.92,2,Institución universitaria/Escuela Tecnológica,No oficial,choco,quibdo
9.43,8.82,9.92,0.04,1,Institución universitaria/Escuela Tecnológica,No oficial,choco,quibdo
8.82,9.92,0.04,0.7,2,Institución universitaria/Escuela Tecnológica,No oficial,choco,quibdo
9.92,0.04,0.7,24.39,1,Institución universitaria/Escuela Tecnológica,No oficial,choco,quibdo
0.04,0.7,24.39,6.69,2,Institución universitaria/Escuela Tecnológica,No oficial,choco,quibdo
0.7,24.39,6.69,7.67,1,Institución universitaria/Escuela Tecnológica,No oficial,choco,quibdo
24.39,6.69,7.67,7.18,2,Institución universitaria/Escuela Tecnológica,No oficial,choco,quibdo
6.69,7.67,7.18,6.92,1,Institución universitaria/Escuela Tecnológica,No oficial,choco,quibdo
7.67,7.18,6.92,8.7,2,Institución universitaria/Escuela Tecnológica,No oficial,choco,quibdo
7.18,6.92,8.7,10.72,1,Institución universitaria/Escuela Tecnológica,No oficial,choco,quibdo
0.0,0.0,16.67,11.43,1,Institución técnica profesional,No oficial,bogota d c,bogota dc
0.0,16.67,11.43,5.75,2,Institución técnica profesional,No oficial,bogota d c,bogota dc
16.67,11.43,5.75,10.0,1,Institución técnica profesional,No oficial,bogota d c,bogota dc
11.43,5.75,10.0,7.94,2,Institución técnica profesional,No oficial,bogota d c,bogota dc
5.75,10.0,7.94,7.89,1,Institución técnica profesional,No oficial,bogota d c,bogota dc
10.0,7.94,7.89,16.95,2,Institución técnica profesional,No oficial,bogota d c,bogota dc
7.94,7.89,16.95,16.9,1,Institución técnica profesional,No oficial,bogota d c,bogota dc
7.89,16.95,16.9,4.88,2,Institución técnica profesional,No oficial,bogota d c,bogota dc
16.95,16.9,4.88,15.07,1,Institución técnica profesional,No oficial,bogota d c,bogota dc
16.9,4.88,15.07,19.72,2,Institución técnica profesional,No oficial,bogota d c,bogota dc
4.88,15.07,19.72,12.9,1,Institución técnica profesional,No oficial,bogota d c,bogota dc
15.07,19.72,12.9,14.0,2,Institución técnica profesional,No oficial,bogota d c,bogota dc
19.72,12.9,14.0,17.39,1,Institución técnica profesional,No oficial,bogota d c,bogota dc
12.9,14.0,17.39,12.5,2,Institución técnica profesional,No oficial,bogota d c,bogota dc
14.0,17.39,12.5,20.59,1,Institución técnica profesional,No oficial,bogota d c,bogota dc
17.39,12.5,20.59,10.26,2,Institución técnica profesional,No oficial,bogota d c,bogota dc
12.5,20.59,10.26,9.09,1,Institución técnica profesional,No oficial,bogota d c,bogota dc
20.59,10.26,9.09,12.5,2,Institución técnica profesional,No oficial,bogota d c,bogota dc
10.26,9.09,12.5,7.14,1,Institución técnica profesional,No oficial,bogota d c,bogota dc
9.09,12.5,7.14,13.16,2,Institución técnica profesional,No oficial,bogota d c,bogota dc
12.5,7.14,13.16,32.26,1,Institución técnica profesional,No oficial,bogota d c,bogota dc
7.14,13.16,32.26,31.82,2,Institución técnica profesional,No oficial,bogota d c,bogota dc
13.16,32.26,31.82,44.44,1,Institución técnica profesional,No oficial,bogota d c,bogota dc
32.26,31.82,44.44,42.86,2,Institución técnica profesional,No oficial,bogota d c,bogota dc
31.82,44.44,42.86,27.27,1,Institución técnica profesional,No oficial,bogota d c,bogota dc
44.44,42.86,27.27,21.05,2,Institución técnica profesional,No oficial,bogota d c,bogota dc
42.86,27.27,21.05,5.0,1,Institución técnica profesional,No oficial,bogota d c,bogota dc
27.27,21.05,5.0,57.14,2,Institución técnica profesional,No oficial,bogota d c,bogota dc
21.05,5.0,57.14,15.38,1,Institución técnica profesional,No oficial,bogota d c,bogota dc
0.0,0.0,8.97,32.03,1,Institución universitaria/Escuela Tecnológica,No oficial,atlantico,barranquilla
0.0,8.97,32.03,13.09,2,Institución universitaria/Escuela Tecnológica,No oficial,atlantico,barranquilla
8.97,32.03,13.09,5.37,1,Institución universitaria/Escuela Tecnológica,No oficial,atlantico,barranquilla
32.03,13.09,5.37,12.24,2,Institución universitaria/Escuela Tecnológica,No oficial,atlantico,barranquilla
13.09,5.37,12.24,10.03,1,Institución universitaria/Escuela Tecnológica,No oficial,atlantico,barranquilla
5.37,12.24,10.03,8.15,2,Institución universitaria/Escuela Tecnológica,No oficial,atlantico,barranquilla
12.24,10.03,8.15,9.54,1,Institución universitaria/Escuela Tecnológica,No oficial,atlantico,barranquilla
10.03,8.15,9.54,8.16,2,Institución universitaria/Escuela Tecnológica,No oficial,atlantico,barranquilla
8.15,9.54,8.16,6.02,1,Institución universitaria/Escuela Tecnológica,No oficial,atlantico,barranquilla
9.54,8.16,6.02,6.36,2,Institución universitaria/Escuela Tecnológica,No oficial,atlantico,barranquilla
8.16,6.02,6.36,6.57,1,Institución universitaria/Escuela Tecnológica,No oficial,atlantico,barranquilla
6.02,6.36,6.57,6.06,2,Institución universitaria/Escuela Tecnológica,No oficial,atlantico,barranquilla
6.36,6.57,6.06,8.06,1,Institución universitaria/Escuela Tecnológica,No oficial,atlantico,barranquilla
6.57,6.06,8.06,9.78,2,Institución universitaria/Escuela Tecnológica,No oficial,atlantico,barranquilla
6.06,8.06,9.78,9.72,1,Institución universitaria/Escuela Tecnológica,No oficial,atlantico,barranquilla
8.06,9.78,9.72,9.18,2,Institución universitaria/Escuela Tecnológica,No oficial,atlantico,barranquilla
9.78,9.72,9.18,10.76,1,Institución universitaria/Escuela Tecnológica,No oficial,atlantico,barranquilla
9.72,9.18,10.76,10.11,2,Institución universitaria/Escuela Tecnológica,No oficial,atlantico,barranquilla
9.18,10.76,10.11,11.0,1,Institución universitaria/Escuela Tecnológica,No oficial,atlantico,barranquilla
10.76,10.11,11.0,12.27,2,Institución universitaria/Escuela Tecnológica,No oficial,atlantico,barranquilla
10.11,11.0,12.27,14.3,1,Institución universitaria/Escuela Tecnológica,No oficial,atlantico,barranquilla
11.0,12.27,14.3,11.89,2,Institución universitaria/Escuela Tecnológica,No oficial,atlantico,barranquilla
12.27,14.3,11.89,13.55,1,Institución universitaria/Escuela Tecnológica,No oficial,atlantico,barranquilla
14.3,11.89,13.55,11.73,2,Institución universitaria/Escuela Tecnológica,No oficial,atlantico,barranquilla
11.89,13.55,11.73,15.51,1,Institución universitaria/Escuela Tecnológica,No oficial,atlantico,barranquilla
13.55,11.73,15.51,15.37,2,Institución universitaria/Escuela Tecnológica,No oficial,atlantico,barranquilla
11.73,15.51,15.37,10.34,1,Institución universitaria/Escuela Tecnológica,No oficial,atlantico,barranquilla
15.51,15.37,10.34,11.22,2,Institución universitaria/Escuela Tecnológica,No oficial,atlantico,barranquilla
15.37,10.34,11.22,11.78,1,Institución universitaria/Escuela Tecnológica,No oficial,atlantico,barranquilla
0.0,0.0,9.47,8.42,2,Institución universitaria/Escuela Tecnológica,No oficial,antioquia,medellin
0.0,9.47,8.42,5.78,1,Institución universitaria/Escuela Tecnológica,No oficial,antioquia,medellin
9.47,8.42,5.78,6.19,2,Institución universitaria/Escuela Tecnológica,No oficial,antioquia,medellin
8.42,5.78,6.19,6.25,1,Institución universitaria/Escuela Tecnológica,No oficial,antioquia,medellin
5.78,6.19,6.25,11.11,2,Institución universitaria/Escuela Tecnológica,No oficial,antioquia,medellin
6.19,6.25,11.11,6.8,1,Institución universitaria/Escuela Tecnológica,No oficial,antioquia,medellin
6.25,11.11,6.8,6.22,2,Institución universitaria/Escuela Tecnológica,No oficial,antioquia,medellin
11.11,6.8,6.22,7.14,1,Institución universitaria/Escuela Tecnológica,No oficial,antioquia,medellin
6.8,6.22,7.14,6.01,2,Institución universitaria/Escuela Tecnológica,No oficial,antioquia,medellin
6.22,7.14,6.01,6.67,1,Institución universitaria/Escuela Tecnológica,No oficial,antioquia,medellin
7.14,6.01,6.67,10.94,2,Institución universitaria/Escuela Tecnológica,No oficial,antioquia,medellin
6.01,6.67,10.94,9.16,1,Institución universitaria/Escuela Tecnológica,No oficial,antioquia,medellin
6.67,10.94,9.16,9.49,2,Institución universitaria/Escuela Tecnológica,No oficial,antioquia,medellin
10.94,9.16,9.49,5.3,1,Institución universitaria/Escuela Tecnológica,No oficial,antioquia,medellin
9.16,9.49,5.3,7.76,2,Institución universitaria/Escuela Tecnológica,No oficial,antioquia,medellin
9.49,5.3,7.76,12.14,1,Institución universitaria/Escuela Tecnológica,No oficial,antioquia,medellin
5.3,7.76,12.14,12.18,2,Institución universitaria/Escuela Tecnológica,No oficial,antioquia,medellin
7.76,12.14,12.18,12.02,1,Institución universitaria/Escuela Tecnológica,No oficial,antioquia,medellin
12.14,12.18,12.02,10.94,2,Institución universitaria/Escuela Tecnológica,No oficial,antioquia,medellin
12.18,12.02,10.94,11.11,1,Institución universitaria/Escuela Tecnológica,No oficial,antioquia,medellin
12.02,10.94,11.11,12.74,2,Institución universitaria/Escuela Tecnológica,No oficial,antioquia,medellin
10.94,11.11,12.74,13.34,1,Institución universitaria/Escuela Tecnológica,No oficial,antioquia,medellin
11.11,12.74,13.34,13.44,2,Institución universitaria/Escuela Tecnológica,No oficial,antioquia,medellin
12.74,13.34,13.44,14.46,1,Institución universitaria/Escuela Tecnológica,No oficial,antioquia,medellin
13.34,13.44,14.46,19.29,2,Institución universitaria/Escuela Tecnológica,No oficial,antioquia,medellin
13.44,14.46,19.29,11.28,1,Institución universitaria/Escuela Tecnológica,No oficial,antioquia,medellin
14.46,19.29,11.28,12.84,2,Institución universitaria/Escuela Tecnológica,No oficial,antioquia,medellin
19.29,11.28,12.84,12.68,1,Institución universitaria/Escuela Tecnológica,No oficial,antioquia,medellin
0.0,0.0,5.13,7.95,2,Institución universitaria/Escuela Tecnológica,No oficial,bolivar,cartagena de indias
0.0,5.13,7.95,2.83,1,Institución universitaria/Escuela Tecnológica,No oficial,bolivar,cartagena de indias
5.13,7.95,2.83,13.87,2,Institución universitaria/Escuela Tecnológica,No oficial,bolivar,cartagena de indias
7.95,2.83,13.87,12.45,1,Institución universitaria/Escuela Tecnológica,No oficial,bolivar,cartagena de indias
2.83,13.87,12.45,5.2,2,Institución universitaria/Escuela Tecnológica,No oficial,bolivar,cartagena de indias
13.87,12.45,5.2,4.18,1,Institución universitaria/Escuela Tecnológica,No oficial,bolivar,cartagena de indias
12.45,5.2,4.18,9.03,2,Institución universitaria/Escuela Tecnológica,No oficial,bolivar,cartagena de indias
5.2,4.18,9.03,6.57,1,Institución universitaria/Escuela Tecnológica,No oficial,bolivar,cartagena de indias
4.18,9.03,6.57,7.07,2,Institución universitaria/Escuela Tecnológica,No oficial,bolivar,cartagena de indias
9.03,6.57,7.07,5.46,1,Institución universitaria/Escuela Tecnológica,No oficial,bolivar,cartagena de indias
6.57,7.07,5.46,12.66,2,Institución universitaria/Escuela Tecnológica,No oficial,bolivar,cartagena de indias
7.07,5.46,12.66,14.04,1,Institución universitaria/Escuela Tecnológica,No oficial,bolivar,cartagena de indias
5.46,12.66,14.04,14.89,2,Institución universitaria/Escuela Tecnológica,No oficial,bolivar,cartagena de indias
12.66,14.04,14.89,12.17,1,Institución universitaria/Escuela Tecnológica,No oficial,bolivar,cartagena de indias
14.04,14.89,12.17,10.91,2,Institución universitaria/Escuela Tecnológica,No oficial,bolivar,cartagena de indias
14.89,12.17,10.91,12.49,1,Institución universitaria/Escuela Tecnológica,No oficial,bolivar,cartagena de indias
12.17,10.91,12.49,14.73,2,Institución universitaria/Escuela Tecnológica,No oficial,bolivar,cartagena de indias
10.91,12.49,14.73,22.28,1,Institución universitaria/Escuela Tecnológica,No oficial,bolivar,cartagena de indias
12.49,14.73,22.28,12.8,2,Institución universitaria/Escuela Tecnológica,No oficial,bolivar,cartagena de indias
14.73,22.28,12.8,11.18,1,Institución universitaria/Escuela Tecnológica,No oficial,bolivar,cartagena de indias
22.28,12.8,11.18,12.44,2,Institución universitaria/Escuela Tecnológica,No oficial,bolivar,cartagena de indias
12.8,11.18,12.44,12.35,1,Institución universitaria/Escuela Tecnológica,No oficial,bolivar,cartagena de indias
11.18,12.44,12.35,14.86,2,Institución universitaria/Escuela Tecnológica,No oficial,bolivar,cartagena de indias
12.44,12.35,14.86,22.54,1,Institución universitaria/Escuela Tecnológica,No oficial,bolivar,cartagena de indias
12.35,14.86,22.54,24.88,2,Institución universitaria/Escuela Tecnológica,No oficial,bolivar,cartagena de indias
14.86,22.54,24.88,6.64,1,Institución universitaria/Escuela Tecnológica,No oficial,bolivar,cartagena de indias
22.54,24.88,6.64,9.42,2,Institución universitaria/Escuela Tecnológica,No oficial,bolivar,cartagena de indias
24.88,6.64,9.42,10.85,1,Institución universitaria/Escuela Tecnológica,No oficial,bolivar,cartagena de indias
0.0,0.0,1.3,5.37,1,Universidad,No oficial,santander,bucaramanga
0.0,1.3,5.37,8.54,2,Universidad,No oficial,santander,bucaramanga
1.3,5.37,8.54,6.23,1,Universidad,No oficial,santander,bucaramanga
5.37,8.54,6.23,3.77,2,Universidad,No oficial,santander,bucaramanga
8.54,6.23,3.77,6.34,1,Universidad,No oficial,santander,bucaramanga
6.23,3.77,6.34,5.71,2,Universidad,No oficial,santander,bucaramanga
3.77,6.34,5.71,5.65,1,Universidad,No oficial,santander,bucaramanga
6.34,5.71,5.65,5.25,2,Universidad,No oficial,santander,bucaramanga
5.71,5.65,5.25,8.28,1,Universidad,No oficial,santander,bucaramanga
5.65,5.25,8.28,10.68,2,Universidad,No oficial,santander,bucaramanga
5.25,8.28,10.68,9.83,1,Universidad,No oficial,santander,bucaramanga
8.28,10.68,9.83,9.84,2,Universidad,No oficial,santander,bucaramanga
10.68,9.83,9.84,10.38,1,Universidad,No oficial,santander,bucaramanga
9.83,9.84,10.38,8.89,2,Universidad,No oficial,santander,bucaramanga
9.84,10.38,8.89,11.6,1,Universidad,No oficial,santander,bucaramanga
10.38,8.89,11.6,6.39,2,Universidad,No oficial,santander,bucaramanga
8.89,11.6,6.39,3.81,1,Universidad,No oficial,santander,bucaramanga
11.6,6.39,3.81,6.64,2,Universidad,No oficial,santander,bucaramanga
6.39,3.81,6.64,8.2,1,Universidad,No oficial,santander,bucaramanga
3.81,6.64,8.2,10.57,2,Universidad,No oficial,santander,bucaramanga
6.64,8.2,10.57,6.83,1,Universidad,No oficial,santander,bucaramanga
8.2,10.57,6.83,6.87,2,Universidad,No oficial,santander,bucaramanga
10.57,6.83,6.87,7.39,1,Universidad,No oficial,santander,bucaramanga
6.83,6.87,7.39,14.72,2,Universidad,No oficial,santander,bucaramanga
6.87,7.39,14.72,9.94,1,Universidad,No oficial,santander,bucaramanga
7.39,14.72,9.94,8.49,2,Universidad,No oficial,santander,bucaramanga
14.72,9.94,8.49,9.1,1,Universidad,No oficial,santander,bucaramanga
9.94,8.49,9.1,8.65,2,Universidad,No oficial,santander,bucaramanga
8.49,9.1,8.65,7.89,1,Universidad,No oficial,santander,bucaramanga
9.1,8.65,7.89,7.1,2,Universidad,No oficial,santander,bucaramanga
8.65,7.89,7.1,7.55,1,Universidad,No oficial,santander,bucaramanga
7.89,7.1,7.55,6.82,2,Universidad,No oficial,santander,bucaramanga
7.1,7.55,6.82,6.1,1,Universidad,No oficial,santander,bucaramanga
7.55,6.82,6.1,6.99,2,Universidad,No oficial,santander,bucaramanga
6.82,6.1,6.99,11.68,1,Universidad,No oficial,santander,bucaramanga
6.1,6.99,11.68,9.44,2,Universidad,No oficial,santander,bucaramanga
6.99,11.68,9.44,5.8,1,Universidad,No oficial,santander,bucaramanga
11.68,9.44,5.8,8.35,2,Universidad,No oficial,santander,bucaramanga
9.44,5.8,8.35,9.27,1,Universidad,No oficial,santander,bucaramanga
5.8,8.35,9.27,6.18,2,Universidad,No oficial,santander,bucaramanga
8.35,9.27,6.18,6.19,1,Universidad,No oficial,santander,bucaramanga
9.27,6.18,6.19,5.15,2,Universidad,No oficial,santander,bucaramanga
6.18,6.19,5.15,7.25,1,Universidad,No oficial,santander,bucaramanga
6.19,5.15,7.25,9.92,2,Universidad,No oficial,santander,bucaramanga
5.15,7.25,9.92,6.88,1,Universidad,No oficial,santander,bucaramanga
7.25,9.92,6.88,5.01,2,Universidad,No oficial,santander,bucaramanga
9.92,6.88,5.01,5.88,1,Universidad,No oficial,santander,bucaramanga
0.0,0.0,0.0,2.03,1,Institución tecnológica,No oficial,antioquia,marinilla
0.0,0.0,2.03,0.65,2,Institución tecnológica,No oficial,antioquia,marinilla
0.0,2.03,0.65,16.14,1,Institución tecnológica,No oficial,antioquia,marinilla
2.03,0.65,16.14,0.0,2,Institución tecnológica,No oficial,antioquia,marinilla
0.65,16.14,0.0,7.05,1,Institución tecnológica,No oficial,antioquia,marinilla
16.14,0.0,7.05,100.0,2,Institución tecnológica,No oficial,antioquia,marinilla
0.0,7.05,100.0,67.69,1,Institución tecnológica,No oficial,antioquia,marinilla
7.05,100.0,67.69,7.45,2,Institución tecnológica,No oficial,antioquia,marinilla
100.0,67.69,7.45,3.12,1,Institución tecnológica,No oficial,antioquia,marinilla
67.69,7.45,3.12,2.05,2,Institución tecnológica,No oficial,antioquia,marinilla
7.45,3.12,2.05,1.98,1,Institución tecnológica,No oficial,antioquia,marinilla
3.12,2.05,1.98,7.84,2,Institución tecnológica,No oficial,antioquia,marinilla
2.05,1.98,7.84,8.77,1,Institución tecnológica,No oficial,antioquia,marinilla
1.98,7.84,8.77,6.86,2,Institución tecnológica,No oficial,antioquia,marinilla
7.84,8.77,6.86,22.51,1,Institución tecnológica,No oficial,antioquia,marinilla
8.77,6.86,22.51,10.98,2,Institución tecnológica,No oficial,antioquia,marinilla
6.86,22.51,10.98,3.91,1,Institución tecnológica,No oficial,antioquia,marinilla
22.51,10.98,3.91,3.73,2,Institución tecnológica,No oficial,antioquia,marinilla
10.98,3.91,3.73,13.79,1,Institución tecnológica,No oficial,antioquia,marinilla
3.91,3.73,13.79,15.7,2,Institución tecnológica,No oficial,antioquia,marinilla
3.73,13.79,15.7,25.64,1,Institución tecnológica,No oficial,antioquia,marinilla
13.79,15.7,25.64,2.44,2,Institución tecnológica,No oficial,antioquia,marinilla
15.7,25.64,2.44,3.49,1,Institución tecnológica,No oficial,antioquia,marinilla
25.64,2.44,3.49,2.73,2,Institución tecnológica,No oficial,antioquia,marinilla
2.44,3.49,2.73,34.72,1,Institución tecnológica,No oficial,antioquia,marinilla
3.49,2.73,34.72,39.13,2,Institución tecnológica,No oficial,antioquia,marinilla
2.73,34.72,39.13,8.75,1,Institución tecnológica,No oficial,antioquia,marinilla
0.0,0.0,10.29,4.94,2,Universidad,Oficial,antioquia,santa fe de antioquia
0.0,10.29,4.94,7.69,1,Universidad,Oficial,antioquia,santa fe de antioquia
10.29,4.94,7.69,5.36,2,Universidad,Oficial,antioquia,santa fe de antioquia
4.94,7.69,5.36,4.0,1,Universidad,Oficial,antioquia,santa fe de antioquia
7.69,5.36,4.0,10.19,2,Universidad,Oficial,antioquia,santa fe de antioquia
5.36,4.0,10.19,4.0,1,Universidad,Oficial,antioquia,santa fe de antioquia
4.0,10.19,4.0,20.59,2,Universidad,Oficial,antioquia,santa fe de antioquia
10.19,4.0,20.59,17.04,1,Universidad,Oficial,antioquia,santa fe de antioquia
4.0,20.59,17.04,5.71,2,Universidad,Oficial,antioquia,santa fe de antioquia
20.59,17.04,5.71,38.1,1,Universidad,Oficial,antioquia,santa fe de antioquia
17.04,5.71,38.1,3.8,2,Universidad,Oficial,antioquia,santa fe de antioquia
5.71,38.1,3.8,14.44,1,Universidad,Oficial,antioquia,santa fe de antioquia
38.1,3.8,14.44,9.68,2,Universidad,Oficial,antioquia,santa fe de antioquia
3.8,14.44,9.68,6.19,1,Universidad,Oficial,antioquia,santa fe de antioquia
14.44,9.68,6.19,6.04,2,Universidad,Oficial,antioquia,santa fe de antioquia
9.68,6.19,6.04,10.47,1,Universidad,Oficial,antioquia,santa fe de antioquia
6.19,6.04,10.47,12.33,2,Universidad,Oficial,antioquia,santa fe de antioquia
6.04,10.47,12.33,12.06,1,Universidad,Oficial,antioquia,santa fe de antioquia
10.47,12.33,12.06,6.6,2,Universidad,Oficial,antioquia,santa fe de antioquia
12.33,12.06,6.6,12.28,1,Universidad,Oficial,antioquia,santa fe de antioquia
12.06,6.6,12.28,19.23,2,Universidad,Oficial,antioquia,santa fe de antioquia
6.6,12.28,19.23,20.0,1,Universidad,Oficial,antioquia,santa fe de antioquia
12.28,19.23,20.0,16.67,2,Universidad,Oficial,antioquia,santa fe de antioquia
19.23,20.0,16.67,33.33,1,Universidad,Oficial,antioquia,santa fe de antioquia
20.0,16.67,33.33,11.54,2,Universidad,Oficial,antioquia,santa fe de antioquia
16.67,33.33,11.54,4.0,1,Universidad,Oficial,antioquia,santa fe de antioquia
33.33,11.54,4.0,1.72,2,Universidad,Oficial,antioquia,santa fe de antioquia
11.54,4.0,1.72,14.55,1,Universidad,Oficial,antioquia,santa fe de antioquia
4.0,1.72,14.55,7.69,2,Universidad,Oficial,antioquia,santa fe de antioquia
1.72,14.55,7.69,2.9,1,Universidad,Oficial,antioquia,santa fe de antioquia
14.55,7.69,2.9,2.33,2,Universidad,Oficial,antioquia,santa fe de antioquia
0.0,0.0,0.0,0.0,1,Institución tecnológica,No oficial,atlantico,barranquilla
0.0,0.0,0.0,12.5,2,Institución tecnológica,No oficial,atlantico,barranquilla
0.0,0.0,12.5,27.27,1,Institución tecnológica,No oficial,atlantico,barranquilla
0.0,12.5,27.27,19.23,2,Institución tecnológica,No oficial,atlantico,barranquilla
12.5,27.27,19.23,9.09,1,Institución tecnológica,No oficial,atlantico,barranquilla
27.27,19.23,9.09,2.78,2,Institución tecnológica,No oficial,atlantico,barranquilla
19.23,9.09,2.78,9.48,1,Institución tecnológica,No oficial,atlantico,barranquilla
9.09,2.78,9.48,13.78,2,Institución tecnológica,No oficial,atlantico,barranquilla
2.78,9.48,13.78,9.9,1,Institución tecnológica,No oficial,atlantico,barranquilla
9.48,13.78,9.9,16.16,2,Institución tecnológica,No oficial,atlantico,barranquilla
13.78,9.9,16.16,20.18,1,Institución tecnológica,No oficial,atlantico,barranquilla
9.9,16.16,20.18,23.8,2,Institución tecnológica,No oficial,atlantico,barranquilla
16.16,20.18,23.8,30.77,1,Institución tecnológica,No oficial,atlantico,barranquilla
20.18,23.8,30.77,26.33,2,Institución tecnológica,No oficial,atlantico,barranquilla
23.8,30.77,26.33,23.99,1,Institución tecnológica,No oficial,atlantico,barranquilla
30.77,26.33,23.99,25.4,2,Institución tecnológica,No oficial,atlantico,barranquilla
26.33,23.99,25.4,27.06,1,Institución tecnológica,No oficial,atlantico,barranquilla
23.99,25.4,27.06,23.58,2,Institución tecnológica,No oficial,atlantico,barranquilla
25.4,27.06,23.58,33.5,1,Institución tecnológica,No oficial,atlantico,barranquilla
27.06,23.58,33.5,40.49,2,Institución tecnológica,No oficial,atlantico,barranquilla
23.58,33.5,40.49,20.21,1,Institución tecnológica,No oficial,atlantico,barranquilla
33.5,40.49,20.21,19.68,2,Institución tecnológica,No oficial,atlantico,barranquilla
40.49,20.21,19.68,20.92,1,Institución tecnológica,No oficial,atlantico,barranquilla
0.0,0.0,38.31,26.67,1,Institución universitaria/Escuela Tecnológica,No oficial,antioquia,sabaneta
0.0,38.31,26.67,15.23,2,Institución universitaria/Escuela Tecnológica,No oficial,antioquia,sabaneta
38.31,26.67,15.23,14.04,1,Institución universitaria/Escuela Tecnológica,No oficial,antioquia,sabaneta
26.67,15.23,14.04,7.07,2,Institución universitaria/Escuela Tecnológica,No oficial,antioquia,sabaneta
15.23,14.04,7.07,8.01,1,Institución universitaria/Escuela Tecnológica,No oficial,antioquia,sabaneta
14.04,7.07,8.01,5.2,2,Institución universitaria/Escuela Tecnológica,No oficial,antioquia,sabaneta
7.07,8.01,5.2,5.06,1,Institución universitaria/Escuela Tecnológica,No oficial,antioquia,sabaneta
8.01,5.2,5.06,7.27,2,Institución universitaria/Escuela Tecnológica,No oficial,antioquia,sabaneta
5.2,5.06,7.27,6.03,1,Institución universitaria/Escuela Tecnológica,No oficial,antioquia,sabaneta
5.06,7.27,6.03,8.2,2,Institución universitaria/Escuela Tecnológica,No oficial,antioquia,sabaneta
7.27,6.03,8.2,7.52,1,Institución universitaria/Escuela Tecnológica,No oficial,antioquia,sabaneta
6.03,8.2,7.52,8.04,2,Institución universitaria/Escuela Tecnológica,No oficial,antioquia,sabaneta
8.2,7.52,8.04,8.87,1,Institución universitaria/Escuela Tecnológica,No oficial,antioquia,sabaneta
7.52,8.04,8.87,9.6,2,Institución universitaria/Escuela Tecnológica,No oficial,antioquia,sabaneta
8.04,8.87,9.6,8.04,1,Institución universitaria/Escuela Tecnológica,No oficial,antioquia,sabaneta
8.87,9.6,8.04,12.6,2,Institución universitaria/Escuela Tecnológica,No oficial,antioquia,sabaneta
9.6,8.04,12.6,10.68,1,Institución universitaria/Escuela Tecnológica,No oficial,antioquia,sabaneta
8.04,12.6,10.68,18.56,2,Institución universitaria/Escuela Tecnológica,No oficial,antioquia,sabaneta
12.6,10.68,18.56,7.48,1,Institución universitaria/Escuela Tecnológica,No oficial,antioquia,sabaneta
10.68,18.56,7.48,9.64,2,Institución universitaria/Escuela Tecnológica,No oficial,antioquia,sabaneta
18.56,7.48,9.64,8.75,1,Institución universitaria/Escuela Tecnológica,No oficial,antioquia,sabaneta
7.48,9.64,8.75,11.17,2,Institución universitaria/Escuela Tecnológica,No oficial,antioquia,sabaneta
9.64,8.75,11.17,12.24,1,Institución universitaria/Escuela Tecnológica,No oficial,antioquia,sabaneta
8.75,11.17,12.24,12.08,2,Institución universitaria/Escuela Tecnológica,No oficial,antioquia,sabaneta
11.17,12.24,12.08,10.73,1,Institución universitaria/Escuela Tecnológica,No oficial,antioquia,sabaneta
0.0,0.0,0.0,7.15,2,Institución tecnológica,No oficial,bogota d c,bogota dc
0.0,0.0,7.15,13.78,1,Institución tecnológica,No oficial,bogota d c,bogota dc
0.0,7.15,13.78,14.23,2,Institución tecnológica,No oficial,bogota d c,bogota dc
7.15,13.78,14.23,14.29,1,Institución tecnológica,No oficial,bogota d c,bogota dc
13.78,14.23,14.29,13.42,2,Institución tecnológica,No oficial,bogota d c,bogota dc
14.23,14.29,13.42,21.79,1,Institución tecnológica,No oficial,bogota d c,bogota dc
14.29,13.42,21.79,10.99,2,Institución tecnológica,No oficial,bogota d c,bogota dc
13.42,21.79,10.99,16.97,1,Institución tecnológica,No oficial,bogota d c,bogota dc
21.79,10.99,16.97,16.56,2,Institución tecnológica,No oficial,bogota d c,bogota dc
10.99,16.97,16.56,15.43,1,Institución tecnológica,No oficial,bogota d c,bogota dc
16.97,16.56,15.43,9.06,2,Institución tecnológica,No oficial,bogota d c,bogota dc
16.56,15.43,9.06,17.87,1,Institución tecnológica,No oficial,bogota d c,bogota dc
15.43,9.06,17.87,23.67,2,Institución tecnológica,No oficial,bogota d c,bogota dc
9.06,17.87,23.67,14.05,1,Institución tecnológica,No oficial,bogota d c,bogota dc
17.87,23.67,14.05,18.66,2,Institución tecnológica,No oficial,bogota d c,bogota dc
23.67,14.05,18.66,14.48,1,Institución tecnológica,No oficial,bogota d c,bogota dc
14.05,18.66,14.48,14.25,2,Institución tecnológica,No oficial,bogota d c,bogota dc
18.66,14.48,14.25,17.32,1,Institución tecnológica,No oficial,bogota d c,bogota dc
14.48,14.25,17.32,10.37,2,Institución tecnológica,No oficial,bogota d c,bogota dc
14.25,17.32,10.37,31.59,1,Institución tecnológica,No oficial,bogota d c,bogota dc
17.32,10.37,31.59,33.58,2,Institución tecnológica,No oficial,bogota d c,bogota dc
10.37,31.59,33.58,13.48,1,Institución tecnológica,No oficial,bogota d c,bogota dc
31.59,33.58,13.48,8.02,2,Institución tecnológica,No oficial,bogota d c,bogota dc
33.58,13.48,8.02,14.27,1,Institución tecnológica,No oficial,bogota d c,bogota dc
0.0,0.0,1.93,5.33,1,Institución universitaria/Escuela Tecnológica,No oficial,bogota d c,bogota dc
0.0,1.93,5.33,7.97,2,Institución universitaria/Escuela Tecnológica,No oficial,bogota d c,bogota dc
1.93,5.33,7.97,10.04,1,Institución universitaria/Escuela Tecnológica,No oficial,bogota d c,bogota dc
5.33,7.97,10.04,11.98,2,Institución universitaria/Escuela Tecnológica,No oficial,bogota d c,bogota dc
7.97,10.04,11.98,14.57,1,Institución universitaria/Escuela Tecnológica,No oficial,bogota d c,bogota dc
10.04,11.98,14.57,11.14,2,Institución universitaria/Escuela Tecnológica,No oficial,bogota d c,bogota dc
11.98,14.57,11.14,10.69,1,Institución universitaria/Escuela Tecnológica,No oficial,bogota d c,bogota dc
14.57,11.14,10.69,9.96,2,Institución universitaria/Escuela Tecnológica,No oficial,bogota d c,bogota dc
11.14,10.69,9.96,8.24,1,Institución universitaria/Escuela Tecnológica,No oficial,bogota d c,bogota dc
10.69,9.96,8.24,11.75,2,Institución universitaria/Escuela Tecnológica,No oficial,bogota d c,bogota dc
9.96,8.24,11.75,16.28,1,Institución universitaria/Escuela Tecnológica,No oficial,bogota d c,bogota dc
8.24,11.75,16.28,14.25,2,Institución universitaria/Escuela Tecnológica,No oficial,bogota d c,bogota dc
11.75,16.28,14.25,16.01,1,Institución universitaria/Escuela Tecnológica,No oficial,bogota d c,bogota dc
16.28,14.25,16.01,15.03,2,Institución universitaria/Escuela Tecnológica,No oficial,bogota d c,bogota dc
14.25,16.01,15.03,15.25,1,Institución universitaria/Escuela Tecnológica,No oficial,bogota d c,bogota dc
16.01,15.03,15.25,12.55,2,Institución universitaria/Escuela Tecnológica,No oficial,bogota d c,bogota dc
15.03,15.25,12.55,10.54,1,Institución universitaria/Escuela Tecnológica,No oficial,bogota d c,bogota dc
15.25,12.55,10.54,10.01,2,Institución universitaria/Escuela Tecnológica,No oficial,bogota d c,bogota dc
12.55,10.54,10.01,14.58,1,Institución universitaria/Escuela Tecnológica,No oficial,bogota d c,bogota dc
10.54,10.01,14.58,14.25,2,Institución universitaria/Escuela Tecnológica,No oficial,bogota d c,bogota dc
10.01,14.58,14.25,10.06,1,Institución universitaria/Escuela Tecnológica,No oficial,bogota d c,bogota dc
14.58,14.25,10.06,12.11,2,Institución universitaria/Escuela Tecnológica,No oficial,bogota d c,bogota dc
14.25,10.06,12.11,13.34,1,Institución universitaria/Escuela Tecnológica,No oficial,bogota d c,bogota dc
0.0,0.0,6.33,25.0,1,Institución universitaria/Escuela Tecnológica,No oficial,bogota d c,bogota dc
0.0,6.33,25.0,9.89,2,Institución universitaria/Escuela Tecnológica,No oficial,bogota d c,bogota dc
6.33,25.0,9.89,17.24,1,Institución universitaria/Escuela Tecnológica,No oficial,bogota d c,bogota dc
25.0,9.89,17.24,11.61,2,Institución universitaria/Escuela Tecnológica,No oficial,bogota d c,bogota dc
9.89,17.24,11.61,17.83,1,Institución universitaria/Escuela Tecnológica,No oficial,bogota d c,bogota dc
17.24,11.61,17.83,2.08,2,Institución universitaria/Escuela Tecnológica,No oficial,bogota d c,bogota dc
11.61,17.83,2.08,2.21,1,Institución universitaria/Escuela Tecnológica,No oficial,bogota d c,bogota dc
17.83,2.08,2.21,11.0,2,Institución universitaria/Escuela Tecnológica,No oficial,bogota d c,bogota dc
2.08,2.21,11.0,17.57,1,Institución universitaria/Escuela Tecnológica,No oficial,bogota d c,bogota dc
2.21,11.0,17.57,21.67,2,Institución universitaria/Escuela Tecnológica,No oficial,bogota d c,bogota dc
11.0,17.57,21.67,19.58,1,Institución universitaria/Escuela Tecnológica,No oficial,bogota d c,bogota dc
17.57,21.67,19.58,21.24,2,Institución universitaria/Escuela Tecnológica,No oficial,bogota d c,bogota dc
21.67,19.58,21.24,26.64,1,Institución universitaria/Escuela Tecnológica,No oficial,bogota d c,bogota dc
19.58,21.24,26.64,11.44,2,Institución universitaria/Escuela Tecnológica,No oficial,bogota d c,bogota dc
21.24,26.64,11.44,9.82,1,Institución universitaria/Escuela Tecnológica,No oficial,bogota d c,bogota dc
26.64,11.44,9.82,12.65,2,Institución universitaria/Escuela Tecnológica,No oficial,bogota d c,bogota dc
11.44,9.82,12.65,16.06,1,Institución universitaria/Escuela Tecnológica,No oficial,bogota d c,bogota dc
9.82,12.65,16.06,8.27,2,Institución universitaria/Escuela Tecnológica,No oficial,bogota d c,bogota dc
12.65,16.06,8.27,6.68,1,Institución universitaria/Escuela Tecnológica,No oficial,bogota d c,bogota dc
16.06,8.27,6.68,9.79,2,Institución universitaria/Escuela Tecnológica,No oficial,bogota d c,bogota dc
8.27,6.68,9.79,10.02,1,Institución universitaria/Escuela Tecnológica,No oficial,bogota d c,bogota dc
0.0,0.0,9.33,2.55,1,Institución universitaria/Escuela Tecnológica,No oficial,antioquia,medellin
0.0,9.33,2.55,2.4,2,Institución universitaria/Escuela Tecnológica,No oficial,antioquia,medellin
9.33,2.55,2.4,6.92,1,Institución universitaria/Escuela Tecnológica,No oficial,antioquia,medellin
2.55,2.4,6.92,8.2,2,Institución universitaria/Escuela Tecnológica,No oficial,antioquia,medellin
2.4,6.92,8.2,5.35,1,Institución universitaria/Escuela Tecnológica,No oficial,antioquia,medellin
6.92,8.2,5.35,7.74,2,Institución universitaria/Escuela Tecnológica,No oficial,antioquia,medellin
8.2,5.35,7.74,6.03,1,Institución universitaria/Escuela Tecnológica,No oficial,antioquia,medellin
5.35,7.74,6.03,8.22,2,Institución universitaria/Escuela Tecnológica,No oficial,antioquia,medellin
7.74,6.03,8.22,6.33,1,Institución universitaria/Escuela Tecnológica,No oficial,antioquia,medellin
6.03,8.22,6.33,7.0,2,Institución universitaria/Escuela Tecnológica,No oficial,antioquia,medellin
8.22,6.33,7.0,7.8,1,Institución universitaria/Escuela Tecnológica,No oficial,antioquia,medellin
6.33,7.0,7.8,10.95,2,Institución universitaria/Escuela Tecnológica,No oficial,antioquia,medellin
7.0,7.8,10.95,10.88,1,Institución universitaria/Escuela Tecnológica,No oficial,antioquia,medellin
7.8,10.95,10.88,9.74,2,Institución universitaria/Escuela Tecnológica,No oficial,antioquia,medellin
10.95,10.88,9.74,6.01,1,Institución universitaria/Escuela Tecnológica,No oficial,antioquia,medellin
10.88,9.74,6.01,6.98,2,Institución universitaria/Escuela Tecnológica,No oficial,antioquia,medellin
9.74,6.01,6.98,7.72,1,Institución universitaria/Escuela Tecnológica,No oficial,antioquia,medellin
0.0,0.0,0.0,8.26,2,Institución universitaria/Escuela Tecnológica,No oficial,santander,bucaramanga
0.0,0.0,8.26,1.74,1,Institución universitaria/Escuela Tecnológica,No oficial,santander,bucaramanga
0.0,8.26,1.74,12.2,2,Institución universitaria/Escuela Tecnológica,No oficial,santander,bucaramanga
8.26,1.74,12.2,30.77,1,Institución universitaria/Escuela Tecnológica,No oficial,santander,bucaramanga
1.74,12.2,30.77,12.62,2,Institución universitaria/Escuela Tecnológica,No oficial,santander,bucaramanga
12.2,30.77,12.62,12.78,1,Institución universitaria/Escuela Tecnológica,No oficial,santander,bucaramanga
30.77,12.62,12.78,11.21,2,Institución universitaria/Escuela Tecnológica,No oficial,santander,bucaramanga
12.62,12.78,11.21,10.96,1,Institución universitaria/Escuela Tecnológica,No oficial,santander,bucaramanga
12.78,11.21,10.96,9.9,2,Institución universitaria/Escuela Tecnológica,No oficial,santander,bucaramanga
11.21,10.96,9.9,16.51,1,Institución universitaria/Escuela Tecnológica,No oficial,santander,bucaramanga
10.96,9.9,16.51,12.5,2,Institución universitaria/Escuela Tecnológica,No oficial,santander,bucaramanga
9.9,16.51,12.5,17.57,1,Institución universitaria/Escuela Tecnológica,No oficial,santander,bucaramanga
16.51,12.5,17.57,22.11,2,Institución universitaria/Escuela Tecnológica,No oficial,santander,bucaramanga
12.5,17.57,22.11,17.52,1,Institución universitaria/Escuela Tecnológica,No oficial,santander,bucaramanga
17.57,22.11,17.52,20.69,2,Institución universitaria/Escuela Tecnológica,No oficial,santander,bucaramanga
22.11,17.52,20.69,16.04,1,Institución universitaria/Escuela Tecnológica,No oficial,santander,bucaramanga
0.0,0.0,4.35,11.48,2,Institución tecnológica,No oficial,bogota d c,bogota dc
0.0,4.35,11.48,10.13,1,Institución tecnológica,No oficial,bogota d c,bogota dc
4.35,11.48,10.13,9.4,2,Institución tecnológica,No oficial,bogota d c,bogota dc
11.48,10.13,9.4,53.91,1,Institución tecnológica,No oficial,bogota d c,bogota dc
10.13,9.4,53.91,100.0,2,Institución tecnológica,No oficial,bogota d c,bogota dc
9.4,53.91,100.0,100.0,1,Institución tecnológica,No oficial,bogota d c,bogota dc
53.91,100.0,100.0,100.0,2,Institución tecnológica,No oficial,bogota d c,bogota dc
100.0,100.0,100.0,10.51,1,Institución tecnológica,No oficial,bogota d c,bogota dc
100.0,100.0,10.51,10.34,2,Institución tecnológica,No oficial,bogota d c,bogota dc
100.0,10.51,10.34,100.0,1,Institución tecnológica,No oficial,bogota d c,bogota dc
10.51,10.34,100.0,57.78,2,Institución tecnológica,No oficial,bogota d c,bogota dc
10.34,100.0,57.78,69.75,1,Institución tecnológica,No oficial,bogota d c,bogota dc
100.0,57.78,69.75,100.0,2,Institución tecnológica,No oficial,bogota d c,bogota dc
57.78,69.75,100.0,81.94,1,Institución tecnológica,No oficial,bogota d c,bogota dc
69.75,100.0,81.94,100.0,2,Institución tecnológica,No oficial,bogota d c,bogota dc
100.0,81.94,100.0,100.0,1,Institución tecnológica,No oficial,bogota d c,bogota dc
81.94,100.0,100.0,79.37,2,Institución tecnológica,No oficial,bogota d c,bogota dc
100.0,100.0,79.37,3.1,1,Institución tecnológica,No oficial,bogota d c,bogota dc
100.0,79.37,3.1,6.37,2,Institución tecnológica,No oficial,bogota d c,bogota dc
79.37,3.1,6.37,13.23,1,Institución tecnológica,No oficial,bogota d c,bogota dc
0.0,0.0,7.07,10.09,1,Institución universitaria/Escuela Tecnológica,No oficial,bogota d c,bogota dc
0.0,7.07,10.09,22.73,2,Institución universitaria/Escuela Tecnológica,No oficial,bogota d c,bogota dc
7.07,10.09,22.73,7.18,1,Institución universitaria/Escuela Tecnológica,No oficial,bogota d c,bogota dc
10.09,22.73,7.18,6.35,2,Institución universitaria/Escuela Tecnológica,No oficial,bogota d c,bogota dc
22.73,7.18,6.35,10.84,1,Institución universitaria/Escuela Tecnológica,No oficial,bogota d c,bogota dc
7.18,6.35,10.84,14.59,2,Institución universitaria/Escuela Tecnológica,No oficial,bogota d c,bogota dc
6.35,10.84,14.59,14.71,1,Institución universitaria/Escuela Tecnológica,No oficial,bogota d c,bogota dc
10.84,14.59,14.71,17.17,2,Institución universitaria/Escuela Tecnológica,No oficial,bogota d c,bogota dc
14.59,14.71,17.17,26.65,1,Institución universitaria/Escuela Tecnológica,No oficial,bogota d c,bogota dc
14.71,17.17,26.65,23.06,2,Institución universitaria/Escuela Tecnológica,No oficial,bogota d c,bogota dc
17.17,26.65,23.06,16.87,1,Institución universitaria/Escuela Tecnológica,No oficial,bogota d c,bogota dc
26.65,23.06,16.87,16.07,2,Institución universitaria/Escuela Tecnológica,No oficial,bogota d c,bogota dc
23.06,16.87,16.07,16.75,1,Institución universitaria/Escuela Tecnológica,No oficial,bogota d c,bogota dc
16.87,16.07,16.75,21.12,2,Institución universitaria/Escuela Tecnológica,No oficial,bogota d c,bogota dc
16.07,16.75,21.12,36.98,1,Institución universitaria/Escuela Tecnológica,No oficial,bogota d c,bogota dc
16.75,21.12,36.98,37.29,2,Institución universitaria/Escuela Tecnológica,No oficial,bogota d c,bogota dc
21.12,36.98,37.29,18.65,1,Institución universitaria/Escuela Tecnológica,No oficial,bogota d c,bogota dc
36.98,37.29,18.65,28.46,2,Institución universitaria/Escuela Tecnológica,No oficial,bogota d c,bogota dc
37.29,18.65,28.46,28.16,1,Institución universitaria/Escuela Tecnológica,No oficial,bogota d c,bogota dc
0.0,0.0,1.96,2.84,1,Institución universitaria/Escuela Tecnológica,No oficial,huila,rivera
0.0,1.96,2.84,0.64,2,Institución universitaria/Escuela Tecnológica,No oficial,huila,rivera
1.96,2.84,0.64,9.52,1,Institución universitaria/Escuela Tecnológica,No oficial,huila,rivera
2.84,0.64,9.52,13.36,2,Institución universitaria/Escuela Tecnológica,No oficial,huila,rivera
0.64,9.52,13.36,10.61,1,Institución universitaria/Escuela Tecnológica,No oficial,huila,rivera
9.52,13.36,10.61,16.55,2,Institución universitaria/Escuela Tecnológica,No oficial,huila,rivera
13.36,10.61,16.55,13.79,1,Institución universitaria/Escuela Tecnológica,No oficial,huila,rivera
10.61,16.55,13.79,14.83,2,Institución universitaria/Escuela Tecnológica,No oficial,huila,rivera
16.55,13.79,14.83,10.96,1,Institución universitaria/Escuela Tecnológica,No oficial,huila,rivera
13.79,14.83,10.96,11.91,2,Institución universitaria/Escuela Tecnológica,No oficial,huila,rivera
14.83,10.96,11.91,9.59,1,Institución universitaria/Escuela Tecnológica,No oficial,huila,rivera
10.96,11.91,9.59,6.02,2,Institución universitaria/Escuela Tecnológica,No oficial,huila,rivera
11.91,9.59,6.02,10.74,1,Institución universitaria/Escuela Tecnológica,No oficial,huila,rivera
9.59,6.02,10.74,14.58,2,Institución universitaria/Escuela Tecnológica,No oficial,huila,rivera
6.02,10.74,14.58,9.86,1,Institución universitaria/Escuela Tecnológica,No oficial,huila,rivera
10.74,14.58,9.86,12.32,2,Institución universitaria/Escuela Tecnológica,No oficial,huila,rivera
14.58,9.86,12.32,19.92,1,Institución universitaria/Escuela Tecnológica,No oficial,huila,rivera
0.0,0.0,0.0,29.01,2,Institución universitaria/Escuela Tecnológica,No oficial,valle del cauca,cali
0.0,0.0,29.01,30.4,1,Institución universitaria/Escuela Tecnológica,No oficial,valle del cauca,cali
0.0,29.01,30.4,21.09,2,Institución universitaria/Escuela Tecnológica,No oficial,valle del cauca,cali
29.01,30.4,21.09,10.34,1,Institución universitaria/Escuela Tecnológica,No oficial,valle del cauca,cali
30.4,21.09,10.34,14.47,2,Institución universitaria/Escuela Tecnológica,No oficial,valle del cauca,cali
21.09,10.34,14.47,9.82,1,Institución universitaria/Escuela Tecnológica,No oficial,valle del cauca,cali
10.34,14.47,9.82,12.72,2,Institución universitaria/Escuela Tecnológica,No oficial,valle del cauca,cali
14.47,9.82,12.72,14.77,1,Institución universitaria/Escuela Tecnológica,No oficial,valle del cauca,cali
9.82,12.72,14.77,13.95,2,Institución universitaria/Escuela Tecnológica,No oficial,valle del cauca,cali
12.72,14.77,13.95,11.38,1,Institución universitaria/Escuela Tecnológica,No oficial,valle del cauca,cali
14.77,13.95,11.38,18.99,2,Institución universitaria/Escuela Tecnológica,No oficial,valle del cauca,cali
13.95,11.38,18.99,16.05,1,Institución universitaria/Escuela Tecnológica,No oficial,valle del cauca,cali
11.38,18.99,16.05,11.45,2,Institución universitaria/Escuela Tecnológica,No oficial,valle del cauca,cali
18.99,16.05,11.45,14.04,1,Institución universitaria/Escuela Tecnológica,No oficial,valle del cauca,cali
16.05,11.45,14.04,11.86,2,Institución universitaria/Escuela Tecnológica,No oficial,valle del cauca,cali
11.45,14.04,11.86,8.93,1,Institución universitaria/Escuela Tecnológica,No oficial,valle del cauca,cali
14.04,11.86,8.93,13.46,2,Institución universitaria/Escuela Tecnológica,No oficial,valle del cauca,cali
11.86,8.93,13.46,9.42,1,Institución universitaria/Escuela Tecnológica,No oficial,valle del cauca,cali
0.0,0.0,1.43,6.4,1,Institución universitaria/Escuela Tecnológica,No oficial,huila,neiva
0.0,1.43,6.4,6.24,2,Institución universitaria/Escuela Tecnológica,No oficial,huila,neiva
1.43,6.4,6.24,7.39,1,Institución universitaria/Escuela Tecnológica,No oficial,huila,neiva
6.4,6.24,7.39,5.77,2,Institución universitaria/Escuela Tecnológica,No oficial,huila,neiva
6.24,7.39,5.77,7.81,1,Institución universitaria/Escuela Tecnológica,No oficial,huila,neiva
7.39,5.77,7.81,7.48,2,Institución universitaria/Escuela Tecnológica,No oficial,huila,neiva
5.77,7.81,7.48,6.21,1,Institución universitaria/Escuela Tecnológica,No oficial,huila,neiva
7.81,7.48,6.21,7.9,2,Institución universitaria/Escuela Tecnológica,No oficial,huila,neiva
7.48,6.21,7.9,7.39,1,Institución universitaria/Escuela Tecnológica,No oficial,huila,neiva
6.21,7.9,7.39,6.11,2,Institución universitaria/Escuela Tecnológica,No oficial,huila,neiva
7.9,7.39,6.11,10.7,1,Institución universitaria/Escuela Tecnológica,No oficial,huila,neiva
7.39,6.11,10.7,10.12,2,Institución universitaria/Escuela Tecnológica,No oficial,huila,neiva
6.11,10.7,10.12,3.85,1,Institución universitaria/Escuela Tecnológica,No oficial,huila,neiva
10.7,10.12,3.85,5.75,2,Institución universitaria/Escuela Tecnológica,No oficial,huila,neiva
10.12,3.85,5.75,10.75,1,Institución universitaria/Escuela Tecnológica,No oficial,huila,neiva
0.0,0.0,0.1,0.2,1,Institución universitaria/Escuela Tecnológica,No oficial,bogota d c,bogota dc
0.0,0.1,0.2,0.51,2,Institución universitaria/Escuela Tecnológica,No oficial,bogota d c,bogota dc
0.1,0.2,0.51,3.76,1,Institución universitaria/Escuela Tecnológica,No oficial,bogota d c,bogota dc
0.2,0.51,3.76,27.31,2,Institución universitaria/Escuela Tecnológica,No oficial,bogota d c,bogota dc
0.51,3.76,27.31,25.99,1,Institución universitaria/Escuela Tecnológica,No oficial,bogota d c,bogota dc
3.76,27.31,25.99,5.13,2,Institución universitaria/Escuela Tecnológica,No oficial,bogota d c,bogota dc
27.31,25.99,5.13,25.09,1,Institución universitaria/Escuela Tecnológica,No oficial,bogota d c,bogota dc
25.99,5.13,25.09,16.03,2,Institución universitaria/Escuela Tecnológica,No oficial,bogota d c,bogota dc
5.13,25.09,16.03,15.41,1,Institución universitaria/Escuela Tecnológica,No oficial,bogota d c,bogota dc
25.09,16.03,15.41,16.36,2,Institución universitaria/Escuela Tecnológica,No oficial,bogota d c,bogota dc
16.03,15.41,16.36,24.09,1,Institución universitaria/Escuela Tecnológica,No oficial,bogota d c,bogota dc
15.41,16.36,24.09,23.47,2,Institución universitaria/Escuela Tecnológica,No oficial,bogota d c,bogota dc
16.36,24.09,23.47,39.38,1,Institución universitaria/Escuela Tecnológica,No oficial,bogota d c,bogota dc
24.09,23.47,39.38,28.92,2,Institución universitaria/Escuela Tecnológica,No oficial,bogota d c,bogota dc
23.47,39.38,28.92,25.51,1,Institución universitaria/Escuela Tecnológica,No oficial,bogota d c,bogota dc
0.0,0.0,3.21,25.45,2,Institución universitaria/Escuela Tecnológica,No oficial,bogota d c,bogota dc
0.0,3.21,25.45,14.13,1,Institución universitaria/Escuela Tecnológica,No oficial,bogota d c,bogota dc
3.21,25.45,14.13,9.95,2,Institución universitaria/Escuela Tecnológica,No oficial,bogota d c,bogota dc
25.45,14.13,9.95,16.76,1,Institución universitaria/Escuela Tecnológica,No oficial,bogota d c,bogota dc
14.13,9.95,16.76,13.39,2,Institución universitaria/Escuela Tecnológica,No oficial,bogota d c,bogota dc
9.95,16.76,13.39,9.72,1,Institución universitaria/Escuela Tecnológica,No oficial,bogota d c,bogota dc
16.76,13.39,9.72,17.13,2,Institución universitaria/Escuela Tecnológica,No oficial,bogota d c,bogota dc
13.39,9.72,17.13,20.92,1,Institución universitaria/Escuela Tecnológica,No oficial,bogota d c,bogota dc
9.72,17.13,20.92,22.39,2,Institución universitaria/Escuela Tecnológica,No oficial,bogota d c,bogota dc
17.13,20.92,22.39,17.32,1,Institución universitaria/Escuela Tecnológica,No oficial,bogota d c,bogota dc
20.92,22.39,17.32,5.42,2,Institución universitaria/Escuela Tecnológica,No oficial,bogota d c,bogota dc
22.39,17.32,5.42,14.07,1,Institución universitaria/Escuela Tecnológica,No oficial,bogota d c,bogota dc
17.32,5.42,14.07,15.2,2,Institución universitaria/Escuela Tecnológica,No oficial,bogota d c,bogota dc
5.42,14.07,15.2,15.94,1,Institución universitaria/Escuela Tecnológica,No oficial,bogota d c,bogota dc
